step,timestamp,reward,coverage,cov_trace,altitude,alt_idx,loop_closures,altitude_changes,frontier_count,new_cells,map_seed,difficulty,cov_alt0,cov_alt1,cov_alt2,cov_alt3
0.0,0.0,25.90269827927091,0.007694597419171652,0.01413057133692407,0.0,0.0,0.0,0.0,0.0,25.819186664184446,14.430869689661812,hard,0.0266108388751127,0.012416835702634669,0.0,0.0
0.0,0.0,39.099612255831346,0.008754243430913506,0.025325651837917993,0.0,0.0,0.0,0.0,0.0,39.307383530324174,14.430869689661812,hard,0.02998855447332188,0.014331746782336808,0.0,0.0
0.0,0.0,42.81716383745674,0.008431450850004445,0.03966489904180171,0.0,0.0,0.0,0.0,0.0,43.1196521321775,14.430869689661812,hard,0.02877720301139664,0.015151058965308389,0.0,0.0
0.0,0.0,35.13812464535933,0.01016886949017769,0.05306556546035889,0.0,0.0,0.0,0.0,0.0,34.444180930891655,14.430869689661812,hard,0.03262611399474136,0.016908391974045322,0.0,0.0
0.0,0.0,35.60069052756163,0.012242623052548935,0.07079247391149478,0.0,0.0,0.0,0.0,0.0,35.333389308131764,14.430869689661812,hard,0.037739077434737235,0.019076765264107686,0.0,0.0
0.0,0.0,36.654485583320984,0.013489094305563729,0.08908280939372164,0.0,0.0,0.0,0.0,0.0,36.41936298179857,14.430869689661812,hard,0.04082192513343258,0.0212903315014524,0.0,0.0
0.0,0.0,45.403313402239284,0.014413459542880605,0.11145865248580952,0.0,0.0,0.0,0.0,0.0,45.193804885183106,14.430869689661812,hard,0.043388679026650036,0.023256626584854067,0.0,0.0
0.0,0.0,41.07205856021206,0.015416228403340247,0.13557133874243282,0.0,0.0,0.0,0.0,0.0,40.86730233328351,14.430869689661812,hard,0.04511379428641418,0.023857592519914737,0.0,0.0
0.0,0.0,43.52776754006658,0.017271547099229758,0.1630633100329577,0.0,0.0,0.0,0.0,0.0,43.34461442901529,14.430869689661812,hard,0.0497413087891512,0.026809385761857027,0.0,0.0
0.0,0.0,46.58099095242159,0.020575233049364396,0.19105769726391325,0.0,0.0,0.0,0.0,0.0,46.43360851796896,14.430869689661812,hard,0.05703603999818266,0.032537847702806225,0.0,0.0
0.0,0.0,44.15359936010854,0.02350653765431109,0.2200595700720581,0.0,0.0,0.0,0.0,0.0,42.408136011855085,14.430869689661812,hard,0.06359111218881287,0.03749578788042339,0.0,0.0
0.0,0.0,49.513733076216745,0.02626796529773699,0.25073987790186136,0.0,0.0,0.0,0.0,0.0,49.02917090875595,14.430869689661812,hard,0.07037165409740506,0.04145142953478918,0.0,0.0
0.0,0.0,57.2308558849783,0.0297171011113259,0.28227631393716446,0.0,0.0,0.0,0.0,0.0,47.947892550142384,14.430869689661812,hard,0.078957551307559,0.046844886509736616,0.0,0.0
0.0,0.0,59.94066350629719,0.032698431944696606,0.3126118696758221,0.0,0.0,0.0,0.0,0.0,47.551504708053145,14.430869689661812,hard,0.08596778287079104,0.0521774617421341,0.0,0.0
0.0,0.0,49.26033310906355,0.03538093999148087,0.34310814291417396,0.0,0.0,0.0,0.0,0.0,45.65707393164831,14.430869689661812,hard,0.0927488403767174,0.05631570098958474,0.0,0.0
0.0,0.0,46.186787709987506,0.03767733855800801,0.3713918333655836,0.0,0.0,0.0,0.0,0.0,38.8359060664226,14.430869689661812,hard,0.09847178648960266,0.060053910451407226,0.0,0.0
0.0,0.0,42.704037713614376,0.040074245097089074,0.40288870982966374,0.0,0.0,0.0,0.0,0.0,41.894457867359975,14.430869689661812,hard,0.1042300540737058,0.06378319784450902,0.0,0.0
0.0,0.0,45.72671047997095,0.04202319908979208,0.43306842076726015,0.0,0.0,0.0,0.0,0.0,36.62253404667678,14.430869689661812,hard,0.10816688442362342,0.067251323764534,0.0,0.0
0.0,0.0,44.2806255650359,0.04512615202597856,0.4663607755429657,0.0,0.0,0.0,0.0,0.0,42.30330956320084,14.430869689661812,hard,0.11438359894363996,0.07380176066441915,0.0,0.0
0.0,0.0,40.3868719179585,0.04834329215364389,0.49735242839499283,0.0,0.0,0.0,0.0,0.0,40.5112379470191,14.430869689661812,hard,0.12162821811913974,0.0794248401085168,0.0,0.0
0.0,0.0,42.621190663976364,0.051052928526908396,0.5322162823845477,0.0,0.0,0.0,0.0,0.0,38.96716566546764,14.430869689661812,hard,0.12690350759041333,0.0849371280871639,0.0,0.0
0.0,0.0,53.60538242685635,0.053520494255203055,0.5670099219931107,0.0,0.0,0.0,0.0,0.0,46.90426419847133,14.430869689661812,hard,0.13189106279365911,0.09004210038604564,0.0,0.0
0.0,0.0,54.0733339494435,0.054890509140582446,0.5907646850784412,0.13999999999999999,0.13999999999999999,0.0,0.13999999999999999,0.0,49.271854034529696,14.430869689661812,hard,0.1367304829641569,0.09267252869074705,0.006136595310907237,0.0
0.0,0.0,54.81490199707987,0.05564433357799627,0.6137354569583576,0.19595917942265428,0.19595917942265428,0.0,0.19595917942265428,0.0,44.71991055447227,14.430869689661812,hard,0.14042751141491233,0.0946971303210074,0.01190773423765105,0.0
0.0,0.0,55.16468542228128,0.05579540407823286,0.6342502081949303,0.23748684174075838,0.23748684174075835,0.0,0.23748684174075835,0.0,48.563772505850494,14.430869689661812,hard,0.1439884387574913,0.09535581286987092,0.017795384362806886,0.0
0.0,0.0,53.13810373431726,0.05701517001120587,0.6585751976064058,0.23748684174075838,0.23748684174075835,0.0,0.23748684174075835,0.0,46.51165875347814,14.430869689661812,hard,0.14732979164278137,0.0978791399489266,0.021444496621921827,0.0
0.0,0.0,38.42050371927961,0.05799574234197458,0.6825141457428003,0.23748684174075838,0.23748684174075835,0.0,0.23748684174075835,0.0,38.39635399357601,14.430869689661812,hard,0.1503139605126063,0.10001618296576996,0.024768635210236898,0.0
0.0,0.0,55.54128228905904,0.059436239143271064,0.7090273830347189,0.23748684174075838,0.23748684174075835,0.0,0.23748684174075835,0.0,48.82509600605,14.430869689661812,hard,0.15356713062959979,0.10286601289629807,0.027848321204532005,0.0
0.0,0.0,44.35410644501453,0.06078798308481119,0.7349030221118098,0.23748684174075838,0.23748684174075835,0.0,0.23748684174075835,0.0,37.513992056298136,14.430869689661812,hard,0.1565673197377113,0.10597320642743872,0.030408564598715056,0.0
0.0,0.0,52.537229313429,0.06231339113211668,0.7556868712779002,0.23748684174075838,0.23748684174075835,0.0,0.23748684174075835,0.0,52.031913284060586,14.430869689661812,hard,0.1599687452203375,0.10907177304836066,0.03659894524732252,0.0
0.0,0.0,46.104248896116665,0.06355004780589095,0.7777688677722177,0.23748684174075838,0.23748684174075835,0.0,0.23748684174075835,0.0,45.67769258620667,14.430869689661812,hard,0.16272829303027148,0.11156781998264999,0.04078077659776549,0.0
0.0,0.0,45.86954359730223,0.06544241816760663,0.8043655199554409,0.23748684174075838,0.23748684174075835,0.0,0.23748684174075835,0.0,41.26139115444364,14.430869689661812,hard,0.16662798167891754,0.1153158031962513,0.04352017871025352,0.0
0.0,0.0,61.72530049528405,0.06761737661918937,0.8262720437514793,0.23748684174075838,0.23748684174075835,0.0,0.23748684174075835,0.0,55.731011115894894,14.430869689661812,hard,0.1712135980503569,0.1194743525857855,0.04745545608504735,0.0
0.0,0.0,50.995091208237405,0.06964413147133484,0.8463873844291274,0.23748684174075838,0.23748684174075835,0.0,0.23748684174075835,0.0,44.840272077675884,14.430869689661812,hard,0.17350257186803167,0.12523531432030857,0.05143404225577196,0.0
0.0,0.0,54.84219563427332,0.07193034190292555,0.8642536906827478,0.23748684174075838,0.23748684174075835,0.0,0.23748684174075835,0.0,54.12359559378885,14.430869689661812,hard,0.17724971391118186,0.1300313023912254,0.05569876511879218,0.0
0.0,0.0,60.43620181786713,0.07337987512066294,0.8819787684267695,0.23748684174075838,0.23748684174075835,0.0,0.23748684174075835,0.0,55.1862337906837,14.430869689661812,hard,0.17848726506871238,0.13315441594928723,0.05996766276012066,0.0
0.0,0.0,49.59837638791986,0.07521005474351657,0.9027297754348571,0.23748684174075838,0.23748684174075835,0.0,0.23748684174075835,0.0,48.86504271971938,14.430869689661812,hard,0.18169924084590958,0.13615850338855193,0.06423101062269941,0.0
0.0,0.0,48.60969986387006,0.07674806961060611,0.9231586154449666,0.23748684174075838,0.23748684174075835,0.0,0.23748684174075835,0.0,43.080970276909966,14.430869689661812,hard,0.18256364314372456,0.14011691620932773,0.06746779048428578,0.0
0.0,0.0,50.369374883576306,0.0780037060358758,0.9414309836004109,0.23748684174075838,0.23748684174075835,0.0,0.23748684174075835,0.0,42.151825583241354,14.430869689661812,hard,0.18341073559572302,0.14324413970056823,0.06997874054730086,0.0
0.0,0.0,63.78819615620491,0.08013266934592368,0.9596235282172781,0.23748684174075838,0.23748684174075835,0.0,0.23748684174075835,0.0,58.544618881670075,14.430869689661812,hard,0.18649481167324083,0.1469903716522656,0.07466511078160745,0.0
0.0,0.0,46.94638215983386,0.08174687674408397,0.9741489539510764,0.23748684174075838,0.23748684174075835,0.0,0.23748684174075835,0.0,43.28027726343721,14.430869689661812,hard,0.18838387876866206,0.15003715050177002,0.07848313450911028,0.0
0.0,0.0,55.0159181964994,0.08286475390636658,0.9882019856435968,0.23748684174075838,0.23748684174075835,0.0,0.23748684174075835,0.0,46.53360506128877,14.430869689661812,hard,0.18846384548648062,0.1524340956588128,0.08269826119375419,0.0
0.0,0.0,52.96431356948666,0.08465443353676809,1.000050012666806,0.23748684174075838,0.23748684174075835,0.0,0.23748684174075835,0.0,46.08864936185481,14.430869689661812,hard,0.19020284258573794,0.15536551939701318,0.08747326527882406,0.0
0.0,0.0,43.70771199759008,0.08555799687964959,1.013114895404985,0.23748684174075838,0.23748684174075835,0.0,0.23748684174075835,0.0,39.63451021521523,14.430869689661812,hard,0.1904837212504275,0.15724858426762478,0.09023508894059719,0.0
0.0,0.0,32.02017993979865,0.0866640067628929,1.02171105190229,0.23748684174075838,0.23748684174075835,0.0,0.23748684174075835,0.0,30.84055122723976,14.430869689661812,hard,0.19180273674437598,0.1598090477175333,0.09174896028066533,0.0
0.0,0.0,49.10112720282319,0.08844291462034617,1.0301765854635136,0.2712931993250107,0.2712931993250107,0.0,0.2712931993250107,0.0,44.07913338531056,14.430869689661812,hard,0.19436702126989364,0.1635285585735198,0.09389920551230545,0.0
0.0,0.0,48.36277933232509,0.08915679537155881,1.0364147417113798,0.2712931993250107,0.2712931993250107,0.0,0.2712931993250107,0.0,43.31294956476643,14.430869689661812,hard,0.1946634518731691,0.16533255901475688,0.09577685072758693,0.0
0.0,0.0,73.9898821660904,0.09032551773161694,1.0310279416328598,0.3,0.3,0.0,0.3,0.0,59.980426807417764,14.430869689661812,hard,0.19666680863787234,0.16802081793653334,0.10044939896647853,0.0
0.0,0.0,51.20334451906617,0.09153172849504201,1.0272644906917665,0.32496153618543844,0.32496153618543844,0.0,0.32496153618543844,0.0,47.869159173731056,14.430869689661812,hard,0.19856424808018813,0.1694841254005751,0.10440981742437777,0.0
0.0,0.0,54.83606127678597,0.0933982658726806,1.022676600149327,0.32496153618543844,0.32496153618543844,0.0,0.32496153618543844,0.0,48.072029289390315,14.430869689661812,hard,0.20088959622372332,0.17197096724773106,0.10890821393087244,0.0
0.0,0.0,52.34742873568202,0.09552195341029411,1.0183716924711388,0.32496153618543844,0.32496153618543844,0.0,0.32496153618543844,0.0,48.17603138491173,14.430869689661812,hard,0.20266025498465903,0.17730070165568224,0.11177019156903019,0.0
0.0,0.0,50.55088391885359,0.0967396863229167,1.0145916632579208,0.32496153618543844,0.32496153618543844,0.0,0.32496153618543844,0.0,48.9179067418057,14.430869689661812,hard,0.20344098937938995,0.1790295184575033,0.11526556808544768,0.0
0.0,0.0,42.906030518312605,0.09778192951937924,1.0082591011356374,0.32496153618543844,0.32496153618543844,0.0,0.32496153618543844,0.0,38.97478159015134,14.430869689661812,hard,0.2032530280503644,0.18114385351732998,0.11865164272974138,0.0
0.0,0.0,45.22332974119061,0.09900953873362583,1.0013063394184096,0.32496153618543844,0.32496153618543844,0.0,0.32496153618543844,0.0,42.63764064767186,14.430869689661812,hard,0.20399227818866997,0.18279348601209006,0.12223928820333352,0.0
0.0,0.0,47.76477314526891,0.09989371336008078,0.9917690319946285,0.32496153618543844,0.32496153618543844,0.0,0.32496153618543844,0.0,47.34329519583528,14.430869689661812,hard,0.20316766351346882,0.1849701874197965,0.12647475049138784,0.0
0.0,0.0,45.519398701077655,0.10058978207257852,0.9854868392684942,0.32496153618543844,0.32496153618543844,0.0,0.32496153618543844,0.0,41.38886806860029,14.430869689661812,hard,0.20312508131252174,0.18679365678715218,0.12925274114730326,0.0
0.0,0.0,41.70016205590202,0.10142732790926556,0.9810760954232406,0.32496153618543844,0.32496153618543844,0.0,0.32496153618543844,0.0,37.88456149937597,14.430869689661812,hard,0.20403303181960072,0.18851673345259412,0.13173196214114113,0.0
0.0,0.0,56.173532656054,0.10168025401278834,0.978152006696664,0.32496153618543844,0.32496153618543844,0.0,0.32496153618543844,0.0,53.81226625965497,14.430869689661812,hard,0.204128870626709,0.18972438459221969,0.1336070805610378,0.0
0.0,0.0,36.592431488565154,0.10189343666739609,0.971875291434174,0.32496153618543844,0.32496153618543844,0.0,0.32496153618543844,0.0,35.98077820170098,14.430869689661812,hard,0.20348465244583833,0.19057529354530864,0.13613170182570195,0.0
0.0,0.0,39.51900919911708,0.1021763651934734,0.9654069287446486,0.32496153618543844,0.32496153618543844,0.0,0.32496153618543844,0.0,37.03101942966194,14.430869689661812,hard,0.20262258216139012,0.1913417898485391,0.13829329039024923,0.0
0.0,0.0,44.23160864627406,0.10210329180774004,0.9618836247389195,0.32496153618543844,0.32496153618543844,0.0,0.32496153618543844,0.0,41.643386029476524,14.430869689661812,hard,0.20149454185378063,0.1914333657535609,0.1408731791863983,0.0
0.0,0.0,37.35295502244872,0.10201440310809089,0.9569242946714966,0.32496153618543844,0.32496153618543844,0.0,0.32496153618543844,0.0,36.67948200288548,14.430869689661812,hard,0.20101613437736882,0.19176363777596406,0.14184267108177695,0.0
0.0,0.0,33.969726704017994,0.10204691058357465,0.9538600627902308,0.32496153618543844,0.32496153618543844,0.0,0.32496153618543844,0.0,33.59728560464372,14.430869689661812,hard,0.20067470324775935,0.19175393005678537,0.1433078302299408,0.0
0.0,0.0,54.38965787067546,0.10293544077447656,0.95460299351875,0.32496153618543844,0.32496153618543844,0.0,0.32496153618543844,0.0,49.453109103472954,14.430869689661812,hard,0.20130963787846898,0.1922626735884636,0.14591368681781802,0.0
0.0,0.0,31.547274281469388,0.10311755555577787,0.955892825390417,0.32496153618543844,0.32496153618543844,0.0,0.32496153618543844,0.0,31.451524605335113,14.430869689661812,hard,0.20113056673677315,0.19220217672728865,0.14779429382454184,0.0
0.0,0.0,37.730548544369654,0.1035791745238092,0.9513150309032614,0.32496153618543844,0.32496153618543844,0.0,0.32496153618543844,0.0,34.68053632803276,14.430869689661812,hard,0.20125417036291215,0.19327120656174895,0.14896279999841547,0.0
0.0,0.0,29.413585313101247,0.1037177067754679,0.9478909003253471,0.32496153618543844,0.32496153618543844,0.0,0.32496153618543844,0.0,23.23091905198759,14.430869689661812,hard,0.2009116255163219,0.19411753020589928,0.14946896758553063,0.0
0.0,0.0,27.6692952764768,0.10375167799190811,0.9437310673880233,0.32496153618543844,0.32496153618543844,0.0,0.32496153618543844,0.0,27.77624884681155,14.430869689661812,hard,0.20107968063094145,0.1943339570357406,0.1499783156072542,0.0
0.0,0.0,50.13202677424828,0.10394573832730182,0.9393641383495408,0.32496153618543844,0.32496153618543844,0.0,0.32496153618543844,0.0,43.58072968641071,14.430869689661812,hard,0.20044774217031103,0.19441101450271905,0.15199672212721094,0.0
0.0,0.0,41.0221881194092,0.10420388530783586,0.9358262108642721,0.32496153618543844,0.32496153618543844,0.0,0.32496153618543844,0.0,40.57366633667704,14.430869689661812,hard,0.20088458524118102,0.19474717767142818,0.15335063063065058,0.0
0.0,0.0,44.05240519052524,0.10448471880321589,0.9330719251979006,0.4004996878900157,0.4004996878900157,0.0,0.4004996878900157,0.0,39.2375789263303,14.430869689661812,hard,0.2021545219968872,0.19551605166515085,0.15427013523068558,0.006026026026026027
0.0,0.0,46.187352034226365,0.10343616101002058,0.9218491404454372,0.4472135954999579,0.447213595499958,0.0,0.447213595499958,0.0,43.16200180714513,14.430869689661812,hard,0.20266719683047113,0.19479053922147987,0.15423778397550275,0.009599599599599598
0.0,0.0,38.40414197169262,0.10309567598225831,0.9147006484655887,0.4472135954999579,0.447213595499958,0.0,0.447213595499958,0.0,33.52715914001662,14.430869689661812,hard,0.20249855301312464,0.1948541027657144,0.15542719045286058,0.012052052052052054
0.0,0.0,38.4968236160981,0.10318671007718057,0.9090681143005119,0.46,0.46,0.0,0.46,0.0,37.53537531449499,14.430869689661812,hard,0.2025634512662936,0.19546758671168002,0.15664586940752673,0.014504504504504504
0.0,0.0,49.4110192576138,0.1019520438018365,0.8972189677101169,0.482078831727758,0.482078831727758,0.0,0.482078831727758,0.0,43.19812958913846,14.430869689661812,hard,0.20284688639989898,0.19438718611709327,0.1568671874654951,0.015905905905905907
0.0,0.0,35.992307099547375,0.10071148638551598,0.8915511063364937,0.482078831727758,0.482078831727758,0.0,0.482078831727758,0.0,35.24195794787798,14.430869689661812,hard,0.20120663846784775,0.19338630958256442,0.15726540763253918,0.017167167167167166
0.0,0.0,33.34749949731744,0.09965297503691817,0.8832923648273473,0.482078831727758,0.482078831727758,0.0,0.482078831727758,0.0,29.750321006671506,14.430869689661812,hard,0.19987863340073686,0.1922342164959436,0.15750169697584726,0.017167167167167166
0.0,0.0,35.13485800482978,0.0983260972607818,0.8712447004461397,0.482078831727758,0.482078831727758,0.0,0.482078831727758,0.0,34.36815386371517,14.430869689661812,hard,0.19796766227888826,0.19015389389208692,0.15796633246962236,0.0206006006006006
0.0,0.0,42.14487754281705,0.09755170620130113,0.8584905995234133,0.482078831727758,0.482078831727758,0.0,0.482078831727758,0.0,38.75496871370172,14.430869689661812,hard,0.19701508498407916,0.18879148736822718,0.15995540231990923,0.02305305305305306
0.0,0.0,41.87601975082635,0.09648242436816576,0.8423035725002702,0.482078831727758,0.482078831727758,0.0,0.482078831727758,0.0,38.88868730106481,14.430869689661812,hard,0.194846645449144,0.18709733572100062,0.16150891451208987,0.02501501501501501
0.0,0.0,50.100862345054104,0.09648431996635791,0.8239016559115612,0.482078831727758,0.482078831727758,0.0,0.482078831727758,0.0,44.42231871480821,14.430869689661812,hard,0.1928341165311905,0.18684502614447734,0.16471700288581043,0.028378378378378376
0.0,0.0,34.323309703934136,0.0964845600732043,0.804499547255468,0.482078831727758,0.482078831727758,0.0,0.482078831727758,0.0,34.17501426481048,14.430869689661812,hard,0.19167635231075633,0.18728818966328592,0.16640847606843737,0.028378378378378376
0.0,0.0,33.75528026305992,0.09660569440996768,0.7896099728419557,0.482078831727758,0.482078831727758,0.0,0.482078831727758,0.0,33.155518394378944,14.430869689661812,hard,0.1907422670312124,0.1881374203309064,0.1682097138950536,0.028378378378378376
0.0,0.0,50.59450344164443,0.09608339754337417,0.7767077004268195,0.482078831727758,0.482078831727758,0.0,0.482078831727758,0.0,50.669912176754366,14.430869689661812,hard,0.1882635364266071,0.18715770835771028,0.17087792812987984,0.028378378378378376
0.0,0.0,38.59496637555268,0.09580617731938922,0.7640060345414402,0.482078831727758,0.482078831727758,0.0,0.482078831727758,0.0,38.59707760958076,14.430869689661812,hard,0.1862130627594222,0.18676912270228593,0.17308771768707587,0.028378378378378376
0.0,0.0,48.14636721804518,0.09574011084278498,0.7501147714357286,0.482078831727758,0.482078831727758,0.0,0.482078831727758,0.0,47.43369688312307,14.430869689661812,hard,0.1848296230432781,0.18657649214331645,0.17546719466797125,0.028378378378378376
0.0,0.0,47.42320889540859,0.09549529904912596,0.7362062582672416,0.482078831727758,0.482078831727758,0.0,0.482078831727758,0.0,41.778563881493106,14.430869689661812,hard,0.18248401555691102,0.18563405960594948,0.17833917597400475,0.028378378378378376
0.0,0.0,58.93512213157667,0.09585010587654573,0.7215724264057434,0.482078831727758,0.482078831727758,0.0,0.482078831727758,0.0,56.14693580241044,14.430869689661812,hard,0.1810397401081583,0.1851999286837189,0.18174408058289926,0.028378378378378376
0.0,0.0,50.18454527272768,0.09455971007353571,0.702337887679995,0.482078831727758,0.482078831727758,0.0,0.482078831727758,0.0,49.898873734784836,14.430869689661812,hard,0.17752837676251731,0.18192555582853878,0.18410724303485332,0.028378378378378376
0.0,0.0,53.84217542250475,0.09386025936511924,0.6836416084684038,0.482078831727758,0.482078831727758,0.0,0.482078831727758,0.0,52.09917081873761,14.430869689661812,hard,0.17432486286921578,0.17943167498026674,0.1872463732903877,0.028378378378378376
0.0,0.0,40.68473820438676,0.09349883118905941,0.6658844408627267,0.482078831727758,0.482078831727758,0.0,0.482078831727758,0.0,40.19572614097176,14.430869689661812,hard,0.17198055208360322,0.17770549642744557,0.18998944049940894,0.028378378378378376
0.0,0.0,44.417481747330456,0.09334585664162642,0.6510002156560827,0.482078831727758,0.482078831727758,0.0,0.482078831727758,0.0,40.45899158407189,14.430869689661812,hard,0.17115173416827237,0.17671483855496137,0.1913556882008949,0.028378378378378376
0.0,0.0,47.858595965252206,0.09306563417510233,0.6325480134965322,0.482078831727758,0.482078831727758,0.0,0.482078831727758,0.0,41.25431371384088,14.430869689661812,hard,0.17102670422474728,0.17526943113927615,0.19247957115719788,0.028378378378378376
0.0,0.0,38.78251251485508,0.09259348214328042,0.6167133807101689,0.530659966456864,0.530659966456864,0.0,0.530659966456864,0.0,36.468090161125794,14.430869689661812,hard,0.1704736099381822,0.17580147518364622,0.19284957883913584,0.02887717664014565
0.0,0.0,43.49881079756319,0.09219462066702239,0.6019538452267795,0.530659966456864,0.530659966456864,0.0,0.530659966456864,0.0,41.08853368033471,14.430869689661812,hard,0.16925106234497592,0.1754441669613063,0.1947315444267676,0.029370391401662612
0.0,0.0,58.33393978773571,0.09176812968464514,0.5873422044328303,0.5744562646538027,0.5744562646538027,0.0,0.5744562646538027,0.0,53.27597957804249,14.430869689661812,hard,0.16598206936290896,0.17413227479090218,0.19740820162956255,0.03019097115999652
0.0,0.0,62.58552635889756,0.09141963286529678,0.5682787405921909,0.6289674077406555,0.6289674077406556,0.0,0.6289674077406556,0.0,51.5167118515924,14.430869689661812,hard,0.16293191569199056,0.17212403725800168,0.1993450813410291,0.03112813419430335
0.0,0.0,51.05433603589647,0.09215107790585558,0.5549888075471844,0.6352952069707437,0.6352952069707437,0.0,0.6352952069707437,0.0,48.0309233723442,14.430869689661812,hard,0.16089960009013662,0.17169800335320884,0.20166373094936563,0.03124729472362084
0.0,0.0,49.66177097700101,0.09332107625604752,0.5430031953350674,0.6390618123468184,0.6390618123468184,0.0,0.6390618123468184,0.0,45.8325692057515,14.430869689661812,hard,0.15943624135936946,0.1716453471558794,0.20471790206303472,0.03283142362745277
0.0,0.0,47.67782607461209,0.09417170533528049,0.5341188098840887,0.64,0.64,0.0,0.64,0.0,43.291273947528964,14.430869689661812,hard,0.15811843938970155,0.17224226461543812,0.20792083435339936,0.03501130251498649
0.0,0.0,41.62263746804121,0.09518457167393121,0.5251863029598162,0.64,0.64,0.0,0.64,0.0,41.51119848908244,14.430869689661812,hard,0.15698684598017487,0.17280126989978078,0.21102223397741227,0.03741345600738413
0.0,0.0,38.89598409442563,0.0963656325960476,0.5194686651937026,0.64,0.64,0.0,0.64,0.0,34.87979357737084,14.430869689661812,hard,0.15591452688932828,0.17366848529442536,0.21437911355731473,0.039053984546759755
0.0,0.0,31.46262164502961,0.09729665785814144,0.5131811273114899,0.64,0.64,0.0,0.64,0.0,31.468212532649513,14.430869689661812,hard,0.15508213285743042,0.17410192419591455,0.2167802445054575,0.039878154060648874
0.0,0.0,37.993491936113884,0.09785525275400103,0.5029367147045753,0.64,0.64,0.0,0.64,0.0,37.51413600231252,14.430869689661812,hard,0.15297350586828348,0.1736940564791626,0.21961042498902472,0.0405423598254175
0.0,0.0,36.77965422861245,0.09742180664347044,0.4923460676775224,0.64,0.64,0.0,0.64,0.0,36.545620804687395,14.430869689661812,hard,0.14966511519718112,0.17222935589596336,0.22193345424327626,0.04062200795053905
0.0,0.0,39.41269649112261,0.09749756930180846,0.48358289696849516,0.64,0.64,0.0,0.64,0.0,39.26474754789594,14.430869689661812,hard,0.14713048743954088,0.1716644993433891,0.2242355587044464,0.0407019667182022
0.0,0.0,29.769706581763725,0.09793401047727586,0.49275482963834805,0.64,0.64,0.13999999999999999,0.64,0.0,29.365210709272972,14.430869689661812,hard,0.14607559185406346,0.1714061425306464,0.2266639073864879,0.041229145132779615
0.0,0.0,38.12527666215687,0.09880895582489482,0.4826302873578931,0.64,0.64,0.13999999999999999,0.64,0.0,37.989940773841695,14.430869689661812,hard,0.14544587516359186,0.17083559348895336,0.22953166767851593,0.042709532573165024
0.0,0.0,30.970348248210694,0.09977058652011603,0.47536817162507333,0.64,0.64,0.13999999999999999,0.64,0.0,30.645880636718534,14.430869689661812,hard,0.1451678470915845,0.17065358347522633,0.23235743625876407,0.04463955282501797
0.0,0.0,28.778939734416653,0.10047526873545387,0.4677726432720022,0.64,0.64,0.13999999999999999,0.64,0.0,28.282496353752087,14.430869689661812,hard,0.14437612389504986,0.17098317168675478,0.23527893007900363,0.04643579573056389
0.0,0.0,27.77994999233476,0.1012585337999835,0.46151785276448354,0.64,0.64,0.13999999999999999,0.64,0.0,27.285629917595816,14.430869689661812,hard,0.1436230206359964,0.17097251959816598,0.23811285877817742,0.048457888986065845
0.0,0.0,37.99229277449578,0.10108564084389002,0.4540478336564369,0.64,0.64,0.13999999999999999,0.64,0.0,34.016707659619264,14.430869689661812,hard,0.14225422173085775,0.16878703049529806,0.24114609026959288,0.05032079445928589
0.0,0.0,25.648906259981857,0.10096148372974295,0.44788526271018775,0.64,0.64,0.13999999999999999,0.64,0.0,25.572203659442415,14.430869689661812,hard,0.1413156261665425,0.16710912258290897,0.24329853530793344,0.050544018847289596
0.0,0.0,32.34296277004725,0.10078739900180016,0.4377089249351313,0.64,0.64,0.13999999999999999,0.64,0.0,32.183380804384115,14.430869689661812,hard,0.1408088465845143,0.16554855066133342,0.24518301544692572,0.053549911490329345
0.0,0.0,30.01440849269565,0.10093691555407909,0.4274984161573603,0.64,0.64,0.13999999999999999,0.64,0.0,23.48415636125769,14.430869689661812,hard,0.14046592871361044,0.16434480782003152,0.2473635955963879,0.05583037598819795
0.0,0.0,27.575285165269797,0.10069544309028779,0.4227642302348359,0.64,0.64,0.13999999999999999,0.64,0.0,27.37108693493921,14.430869689661812,hard,0.14011350726712113,0.16290914543791593,0.2487539914789819,0.05706650822768609
0.0,0.0,36.07820497651287,0.10055698804855032,0.4121768574298564,0.64,0.64,0.13999999999999999,0.64,0.0,34.208425862643836,14.430869689661812,hard,0.13856489175189743,0.1612784307751844,0.25043226757302745,0.05871227222596398
0.0,0.0,26.526328800880595,0.10030876945485181,0.4074195633327566,0.64,0.64,0.13999999999999999,0.64,0.0,26.29278227955345,14.430869689661812,hard,0.13798482213016988,0.16041378277731885,0.25136518744710373,0.06084629176128718
0.0,0.0,48.780563101633646,0.09992775451120753,0.3953742126601331,0.7539230729988305,0.7539230729988305,0.13999999999999999,0.7539230729988305,0.0,43.5034757232109,14.430869689661812,hard,0.1376974530782233,0.15973962399414224,0.25124607390553005,0.06619523155227724
0.0,0.0,30.27779756844426,0.09994986886755304,0.4436391595037082,0.7539230729988305,0.7539230729988305,0.27999999999999997,0.7539230729988305,0.0,30.380658320714513,14.430869689661812,hard,0.13767146141394304,0.15934177975119315,0.25155808512248895,0.07104169402112173
0.0,0.0,37.44362092000748,0.1003600960903694,0.42475235099914677,0.7769169839822013,0.7769169839822013,0.27999999999999997,0.7769169839822013,0.0,32.44333521695943,14.430869689661812,hard,0.13786721033503002,0.1588029636972507,0.25140402681495955,0.07539216355773605
0.0,0.0,42.63666623854334,0.10048642788372059,0.4178629396452619,0.8219489035213807,0.8219489035213806,0.27999999999999997,0.8219489035213806,0.0,36.03000971412581,14.430869689661812,hard,0.1378423072898516,0.1583789684694744,0.2519295925685492,0.07927609457752507
0.0,0.0,47.16526187287044,0.10137808806267339,0.40698304628107557,0.8352245207128441,0.835224520712844,0.27999999999999997,0.835224520712844,0.0,41.69925179184873,14.430869689661812,hard,0.13781592806021906,0.15829729181376853,0.25180716424676314,0.08275244001555566
0.0,0.0,47.65993660634392,0.10104411360758422,0.40250792933096163,0.82,0.82,0.27999999999999997,0.82,0.0,43.284311245530986,14.430869689661812,hard,0.13777518794688234,0.15762593239152461,0.2500547697506491,0.08614791515868865
0.0,0.0,57.79098974165157,0.10113010201569543,0.3999879719296966,0.8138795979750322,0.8138795979750322,0.27999999999999997,0.8138795979750322,0.0,50.55443007294217,14.430869689661812,hard,0.13787991431782126,0.15648239139566536,0.2508249288255989,0.09010952344718332
0.0,0.0,30.975774529340153,0.1011458400871755,0.3980764911118547,0.8138795979750322,0.8138795979750322,0.27999999999999997,0.8138795979750322,0.0,30.744033567507046,14.430869689661812,hard,0.13791646678255198,0.15593980003525798,0.2516860221686807,0.09261177209922004
0.0,0.0,38.551545386240036,0.10142745131185232,0.3967572034183926,0.8138795979750322,0.8138795979750322,0.27999999999999997,0.8138795979750322,0.0,31.822790575309387,14.430869689661812,hard,0.13821862075891878,0.15538138244660557,0.25211715463310486,0.0955292811805055
0.0,0.0,52.23485767129105,0.10175243370239181,0.4219820540146598,0.8138795979750322,0.8138795979750322,0.31048349392520047,0.8138795979750322,0.0,45.48582196685029,14.430869689661812,hard,0.13826160298833523,0.15346447666476193,0.25347347027515693,0.10163207264236321
0.0,0.0,37.58804381822843,0.10225825405579363,0.42128957011495644,0.8138795979750322,0.8138795979750322,0.31048349392520047,0.8138795979750322,0.0,36.35078541104717,14.430869689661812,hard,0.13841343924731844,0.15220774282713453,0.2547435866434288,0.10585359459375482
0.0,0.0,31.004819888720128,0.10269551358588992,0.44276794632808764,0.8138795979750322,0.8138795979750322,0.33704599092705434,0.8138795979750322,0.0,30.664800667866736,14.430869689661812,hard,0.13856785688672635,0.15103071178283206,0.25571428040794847,0.10827167865325323
0.0,0.0,39.08849273121058,0.10322244010477467,0.4382803356554189,0.8138795979750322,0.8138795979750322,0.33704599092705434,0.8138795979750322,0.0,34.7194527606643,14.430869689661812,hard,0.13862080255013506,0.14960338652123958,0.25714676837903555,0.11182900205587668
0.0,0.0,47.93053098059847,0.1042643718449084,0.43383378728063565,0.8138795979750322,0.8138795979750322,0.33704599092705434,0.8138795979750322,0.0,43.70636566908761,14.430869689661812,hard,0.1386183263739815,0.1484284544100102,0.2594211736283734,0.11641686696924045
0.0,0.0,45.22668070144259,0.10535975618115312,0.42866736908694164,0.8138795979750322,0.8138795979750322,0.33704599092705434,0.8138795979750322,0.0,43.13652744484656,14.430869689661812,hard,0.1386106792558601,0.14730395102772179,0.2621147618706582,0.12158374467014621
0.0,0.0,37.00106537416475,0.10636022316800656,0.4231573963895576,0.8138795979750322,0.8138795979750322,0.33704599092705434,0.8138795979750322,0.0,35.39699987287059,14.430869689661812,hard,0.13858840380795392,0.14638848667988474,0.2645071017637302,0.12541106943676972
0.0,0.0,32.62682787926579,0.10752682529131426,0.41950480148132785,0.8138795979750322,0.8138795979750322,0.33704599092705434,0.8138795979750322,0.0,32.840925687318865,14.430869689661812,hard,0.13857141024466177,0.146026530893488,0.26701183426357417,0.13053250647512926
0.0,0.0,40.13945197480921,0.10887824451965533,0.41620367178283213,0.8138795979750322,0.8138795979750322,0.33704599092705434,0.8138795979750322,0.0,35.54166006252381,14.430869689661812,hard,0.13856502395613485,0.14575745542989071,0.2699908268214999,0.1378514166794088
0.0,0.0,48.3080042967451,0.11067253736336949,0.41368774390214497,0.8138795979750322,0.8138795979750322,0.33704599092705434,0.8138795979750322,0.0,41.88977918299403,14.430869689661812,hard,0.13860527477659143,0.1455302728303107,0.27374305260235,0.14253254960027964
0.0,0.0,41.211909903362475,0.11238830328991344,0.41131582534297795,0.8138795979750322,0.8138795979750322,0.33704599092705434,0.8138795979750322,0.0,38.03748151494786,14.430869689661812,hard,0.13861045352581325,0.14527294088838796,0.27708965627780013,0.1471803740400501
0.0,0.0,42.88488992268525,0.11426044039992209,0.4082133203447844,0.8138795979750322,0.8138795979750322,0.33704599092705434,0.8138795979750322,0.0,42.669876962559904,14.430869689661812,hard,0.13842022718468547,0.14352216597396883,0.28136295384381493,0.15235359752021568
0.0,0.0,47.59725134634155,0.11612379340259614,0.40263939217628386,0.8138795979750322,0.8138795979750322,0.33704599092705434,0.8138795979750322,0.0,37.823595810023136,14.430869689661812,hard,0.13826698038936328,0.14255939320719163,0.28492370702176356,0.158847897824988
0.0,0.0,37.723638852625285,0.1176645975820721,0.39768077481530223,0.8138795979750322,0.8138795979750322,0.33704599092705434,0.8138795979750322,0.0,37.875712534551745,14.430869689661812,hard,0.13733165453232984,0.14113636132890137,0.28898459883148614,0.1640822047968453
0.0,0.0,43.713097677660116,0.11885003877751052,0.39297607778327537,0.8138795979750322,0.8138795979750322,0.33704599092705434,0.8138795979750322,0.0,40.79014096567944,14.430869689661812,hard,0.13666311749613952,0.13942457688605592,0.2923897058652056,0.17036833147356606
0.0,0.0,42.53473301839898,0.12037904718010423,0.3776744471495117,0.8553361912137238,0.8553361912137238,0.33704599092705434,0.8553361912137238,0.0,41.55210704645433,14.430869689661812,hard,0.1360788031869045,0.13802363683742144,0.2971562293788352,0.17523488713528712
0.0,0.0,31.710085393016538,0.12166432697462048,0.3691054570674462,0.8553361912137238,0.8553361912137238,0.33704599092705434,0.8553361912137238,0.0,32.068832220709254,14.430869689661812,hard,0.13571557618948374,0.1374765604636079,0.30052452071332025,0.1793728126315112
0.0,0.0,38.56175018633812,0.1231485444505658,0.36111042486573147,0.8874683092933516,0.8874683092933516,0.33704599092705434,0.8874683092933516,0.0,35.72757478475134,14.430869689661812,hard,0.13515042398712418,0.1371100881815897,0.30349236932457024,0.18321756581132792
0.0,0.0,35.291610296916666,0.12489263695129071,0.35633879875159724,0.8874683092933516,0.8874683092933516,0.33704599092705434,0.8874683092933516,0.0,34.05644726039403,14.430869689661812,hard,0.13515547971009695,0.13678078165252702,0.3062924173863843,0.1876750705318705
0.0,0.0,45.14274893971747,0.12715705707547292,0.3491708902245004,0.9243376006633074,0.9243376006633074,0.33704599092705434,0.9243376006633074,0.0,41.24998909090765,14.430869689661812,hard,0.13501878839946685,0.13611178319706163,0.3090942928432723,0.19214798003654937
0.0,0.0,52.84368122970044,0.12861539774530248,0.3347669125018836,0.9219544457292888,0.9219544457292888,0.33704599092705434,0.9219544457292888,0.0,50.02688876994051,14.430869689661812,hard,0.1348643411040566,0.13498096192718548,0.30970333961654867,0.1998028361119321
0.0,0.0,43.879872851590804,0.12990921081722323,0.3243022400624081,0.925418824100742,0.925418824100742,0.33704599092705434,0.925418824100742,0.0,41.59084514649828,14.430869689661812,hard,0.13466168469420411,0.134855065221995,0.3101091050371354,0.20521585240752444
0.0,0.0,38.92038821141907,0.13109512105932813,0.31538164175405375,0.925418824100742,0.925418824100742,0.33704599092705434,0.925418824100742,0.0,34.63919167648113,14.430869689661812,hard,0.1346232449432524,0.13438915141767704,0.31122882528730555,0.20937598939712215
0.0,0.0,32.60296259971515,0.13210178047936708,0.30750795436737793,0.925418824100742,0.925418824100742,0.33704599092705434,0.925418824100742,0.0,32.66285964210728,14.430869689661812,hard,0.13440611250918158,0.1339683577019676,0.312787493067511,0.21259248564315353
0.0,0.0,37.38816784239915,0.13283920355711165,0.3010055734635179,0.925418824100742,0.925418824100742,0.33704599092705434,0.925418824100742,0.0,36.95558956369118,14.430869689661812,hard,0.13436044919497145,0.13384828042647362,0.31442614381229667,0.2151714165172614
0.0,0.0,29.758744412093943,0.13386437418181749,0.2964777715234163,0.925418824100742,0.925418824100742,0.33704599092705434,0.925418824100742,0.0,30.072984554247356,14.430869689661812,hard,0.13438003316180916,0.13375075102764442,0.31709450257732746,0.21760194102011127
0.0,0.0,37.52958692753944,0.13523648143532685,0.29379823419948947,0.925418824100742,0.925418824100742,0.33704599092705434,0.925418824100742,0.0,36.802695553450974,14.430869689661812,hard,0.13467769425530837,0.13374719341307195,0.31853601473486454,0.22288711675542444
0.0,0.0,32.49240664944668,0.13601280781096164,0.29251696255432935,0.925418824100742,0.925418824100742,0.33704599092705434,0.925418824100742,0.0,28.837676744148446,14.430869689661812,hard,0.13475209230599583,0.13385363088342941,0.3196183752641824,0.2259595549726933
0.0,0.0,32.91661186248392,0.13638573042924834,0.29191999716002986,0.925418824100742,0.925418824100742,0.33704599092705434,0.925418824100742,0.0,28.359612127107805,14.430869689661812,hard,0.13490114415629648,0.13395293613804826,0.3207277925370014,0.2275249780811183
0.0,0.0,30.593804264599736,0.1369727253750364,0.29164825834740316,0.925418824100742,0.925418824100742,0.33704599092705434,0.925418824100742,0.0,29.986423594686983,14.430869689661812,hard,0.13489125812946479,0.1340576689332491,0.3220747799660768,0.2288754144653891
0.0,0.0,29.352170672473775,0.1376463547702553,0.29157281573112975,0.925418824100742,0.925418824100742,0.33704599092705434,0.925418824100742,0.0,29.00483407985641,14.430869689661812,hard,0.13494382963124033,0.1340889462716975,0.3230739824958521,0.23033791380455043
0.0,0.0,37.33750842751761,0.13815803405475918,0.29153105364846593,0.925418824100742,0.925418824100742,0.33704599092705434,0.925418824100742,0.0,32.12428987541981,14.430869689661812,hard,0.1349658244767696,0.13414366881275752,0.32398844729363363,0.23135918933655616
0.0,0.0,31.963359497102097,0.13832729532262536,0.2913941539219868,0.925418824100742,0.925418824100742,0.33704599092705434,0.925418824100742,0.0,31.305111403730866,14.430869689661812,hard,0.1350567502379655,0.13367772806689926,0.3247891246863988,0.23252171887181353
0.0,0.0,29.89799617580255,0.1388518976043552,0.29120928811494934,0.925418824100742,0.925418824100742,0.33704599092705434,0.925418824100742,0.0,25.79278193603784,14.430869689661812,hard,0.13510574558474225,0.13362586837957263,0.32547979214109757,0.23400216636720797
0.0,0.0,27.828094647033282,0.13937410048572987,0.29102561730559484,0.925418824100742,0.925418824100742,0.33704599092705434,0.925418824100742,0.0,28.026387566006434,14.430869689661812,hard,0.13522302185550175,0.13326572448596485,0.32579557415899274,0.23532181554652482
0.0,0.0,28.130686664037874,0.14031307687180425,0.2908003817525269,0.925418824100742,0.925418824100742,0.33704599092705434,0.925418824100742,0.0,27.06880122945972,14.430869689661812,hard,0.1353885207641311,0.1329070771728858,0.326363596074157,0.2383903039620026
0.0,0.0,26.181996460052293,0.14078662324011498,0.29066071652832637,0.925418824100742,0.925418824100742,0.33704599092705434,0.925418824100742,0.0,22.778937639846156,14.430869689661812,hard,0.1353860040761038,0.13205769220679348,0.3269375730237995,0.24090483510059207
0.0,0.0,16.02578337165645,0.14122135704616556,0.29043526603831343,0.925418824100742,0.925418824100742,0.33704599092705434,0.925418824100742,0.0,15.6316217968578,14.430869689661812,hard,0.13545352061369886,0.13186142222309208,0.3275184943636096,0.24240822504629236
0.0,0.0,15.181450399971766,0.14166079806819856,0.2902592311802338,0.925418824100742,0.925418824100742,0.33704599092705434,0.925418824100742,0.0,14.409732821950586,14.430869689661812,hard,0.1354879585607313,0.1318404612034384,0.32833406592676523,0.24353914297324203
0.0,0.0,17.991088980435016,0.14228306264186413,0.29004650983551644,0.9583318840568752,0.9583318840568752,0.33704599092705434,0.9583318840568752,0.0,16.88342382338369,14.430869689661812,hard,0.13550542376527266,0.13189539557589836,0.32903751595227315,0.24533273869118394
0.0,0.0,11.831017403732949,0.1424788832408409,0.28974558424713553,0.9583318840568752,0.9583318840568752,0.33704599092705434,0.9583318840568752,0.0,11.462094049518177,14.430869689661812,hard,0.13553192918259266,0.13188652823112743,0.3292171190614992,0.24544165778131044
0.0,0.0,33.251019032862324,0.14341059653256727,0.28968376453240247,0.9583318840568752,0.9583318840568752,0.33704599092705434,0.9583318840568752,0.0,32.97269173118871,14.430869689661812,hard,0.13554980444091105,0.13189458979630342,0.3299587425678018,0.24727323423353076
0.0,0.0,31.833636704789235,0.1437324118205819,0.2895246621580561,0.9693296652842107,0.9693296652842107,0.33704599092705434,0.9693296652842107,0.0,29.34964395014018,14.430869689661812,hard,0.13556784360772295,0.1319553096654031,0.33037719464918475,0.2473605079918098
0.0,0.0,59.67100734507698,0.14423030912590204,0.2891746725649063,0.9897474425326898,0.9897474425326898,0.33704599092705434,0.9897474425326898,0.0,46.94177244203717,14.430869689661812,hard,0.13557692463639143,0.131882921590659,0.3308353607940114,0.24722615361468075
0.0,0.0,35.31723351229727,0.14438166195691224,0.28909627020562384,0.9881295461628501,0.9881295461628501,0.33704599092705434,0.9881295461628501,0.0,32.15898008332976,14.430869689661812,hard,0.13557692463639143,0.131692470717762,0.3302945344647795,0.24739391084857054
0.0,0.0,55.466994485753574,0.14400244276473456,0.2839635904067622,0.98,0.98,0.33704599092705434,0.98,0.0,49.200361787287704,14.430869689661812,hard,0.13557692463639143,0.13050548102777654,0.3285250603888892,0.24712463362672454
0.0,0.0,46.832531191121646,0.1427915048752844,0.259610926495384,0.938083151964686,0.938083151964686,0.33704599092705434,0.938083151964686,0.0,43.57935290937671,14.430869689661812,hard,0.13557692463639143,0.12909285373214371,0.32485069815250356,0.2471180290575415
0.0,0.0,39.48139787974171,0.14225110019460074,0.24625386545627703,0.9228217596047461,0.9228217596047461,0.33704599092705434,0.9228217596047461,0.0,34.79188985956354,14.430869689661812,hard,0.13554393696440772,0.12772557199126636,0.32269544126972105,0.2475953837809674
0.0,0.0,31.203594637126795,0.14178239581708976,0.23320231651127102,0.9228217596047461,0.9228217596047461,0.33704599092705434,0.9228217596047461,0.0,30.966439898703243,14.430869689661812,hard,0.1355069121837156,0.12599140480249355,0.3211647861062398,0.24805078238262787
0.0,0.0,32.960081940551284,0.1410777843435961,0.2210484178036306,0.9228217596047461,0.9228217596047461,0.33704599092705434,0.9228217596047461,0.0,32.959466015091934,14.430869689661812,hard,0.13512536095574146,0.12369580370738804,0.31982015403945707,0.2484781960964447
0.0,0.0,32.798273192219135,0.14110214280501093,0.22103730831707355,0.9228217596047461,0.9228217596047461,0.33704599092705434,0.9228217596047461,0.0,31.21643157056873,14.430869689661812,hard,0.13512536095574146,0.1229237624485196,0.3193814112039684,0.24922681805343647
0.0,0.0,44.481010800414815,0.14134994490677463,0.20711767847652357,0.9228217596047461,0.9228217596047461,0.33704599092705434,0.9228217596047461,0.0,44.251413536744785,14.430869689661812,hard,0.13434606950040315,0.12120780675678716,0.31940509617498064,0.25136848201352735
0.0,0.0,57.938163633038265,0.14094335786327286,0.19405027551789944,0.9228217596047461,0.9228217596047461,0.33704599092705434,0.9228217596047461,0.0,51.6338222485998,14.430869689661812,hard,0.13233873220727974,0.11594525326170468,0.3194030323239112,0.25409368265245746
0.0,0.0,50.26097791259483,0.14153051922803792,0.1818489007121188,0.9228217596047461,0.9228217596047461,0.33704599092705434,0.9228217596047461,0.0,47.979082942465666,14.430869689661812,hard,0.13141509666364712,0.11303293213079364,0.31962176340286236,0.25802449511738945
0.0,0.0,44.936330662324934,0.142325875401701,0.1692317486483063,0.9228217596047461,0.9228217596047461,0.33704599092705434,0.9228217596047461,0.0,41.711509203096455,14.430869689661812,hard,0.13045409811519942,0.11145129418549404,0.3202360563705031,0.26190720567990894
0.0,0.0,37.120742937409794,0.14318018092820917,0.15622827598230252,0.9228217596047461,0.9228217596047461,0.33704599092705434,0.9228217596047461,0.0,36.60197262443651,14.430869689661812,hard,0.12957210089095736,0.11036447600351693,0.32071217049960077,0.26556216346191175
0.0,0.0,44.79767955818934,0.14418567109686808,0.14488063338814075,0.9228217596047461,0.9228217596047461,0.33704599092705434,0.9228217596047461,0.0,39.33739188100808,14.430869689661812,hard,0.12874641808925477,0.10941230288865969,0.32148631234076464,0.2691092872681792
0.0,0.0,35.48470524139056,0.14502087683680345,0.13182504764073139,0.9228217596047461,0.9228217596047461,0.33704599092705434,0.9228217596047461,0.0,34.50952911878109,14.430869689661812,hard,0.12805777779163877,0.10835010552497834,0.32223415834598856,0.27214153747076214
0.0,0.0,36.307917408159874,0.1454550025730783,0.11834929932097239,0.9228217596047461,0.9228217596047461,0.33704599092705434,0.9228217596047461,0.0,36.334826269021846,14.430869689661812,hard,0.12735750925583803,0.10682601448044135,0.3230567464329574,0.27498241643153304
0.0,0.0,36.49650379685348,0.14617685007925407,0.10662312911327033,0.9228217596047461,0.9228217596047461,0.33704599092705434,0.9228217596047461,0.0,36.66019639881925,14.430869689661812,hard,0.1270313687412227,0.10552173174492117,0.3237277902067421,0.27791894788713445
0.0,0.0,37.9182936890512,0.14668158337558393,0.09530934165986552,0.9228217596047461,0.9228217596047461,0.33704599092705434,0.9228217596047461,0.0,37.27727994368688,14.430869689661812,hard,0.12672587331742838,0.10445833049612993,0.3244222786955109,0.28035151961592264
0.0,0.0,26.548997625418995,0.14704432277602916,0.08431758213507573,0.9228217596047461,0.9228217596047461,0.33704599092705434,0.9228217596047461,0.0,26.460415718578574,14.430869689661812,hard,0.126520655527453,0.10344802334958396,0.32498096512295166,0.28226988040798545
0.0,0.0,31.718550956439266,0.14712338139876946,0.072150046412031,0.9228217596047461,0.9228217596047461,0.33704599092705434,0.9228217596047461,0.0,28.621146028766912,14.430869689661812,hard,0.12642384045679533,0.10193512564744851,0.32575944621431563,0.2832158447713742
0.0,0.0,41.31894026883583,0.14701021271394496,0.058092120540401804,0.9228217596047461,0.9228217596047461,0.33704599092705434,0.9228217596047461,0.0,34.53448131940018,14.430869689661812,hard,0.12592346895221526,0.10007692752206082,0.3263512296172107,0.2845789536406359
0.0,0.0,36.526048077143436,0.14707450511061407,0.04550770918459387,0.9228217596047461,0.9228217596047461,0.33704599092705434,0.9228217596047461,0.0,35.71734032651367,14.430869689661812,hard,0.12532691911200236,0.09869422985288125,0.3273574639911151,0.28619667136711013
0.0,0.0,38.869730138928354,0.14733927906023364,0.03424045991243869,0.9228217596047461,0.9228217596047461,0.33704599092705434,0.9228217596047461,0.0,34.70529642576188,14.430869689661812,hard,0.12449130900009736,0.09796618278233624,0.32817306297686194,0.28796832590827703
0.0,0.0,49.22290579772197,0.1481272539154872,0.023889631291517974,0.9228217596047461,0.9228217596047461,0.33704599092705434,0.9228217596047461,0.0,48.83366052222585,14.430869689661812,hard,0.12377996219854119,0.09739603040051813,0.3295920364808397,0.290188722837106
0.0,0.0,47.60913007024452,0.14833299033121525,0.015671437275441905,0.9551963149007643,0.9551963149007643,0.33704599092705434,0.9551963149007643,0.0,41.43131183054672,14.430869689661812,hard,0.12375019572867722,0.09709465423679574,0.33114339656109004,0.29056633939239235
0.0,0.0,42.193451531556065,0.1487275327607004,0.013458015908002724,0.9551963149007643,0.9551963149007643,0.33704599092705434,0.9551963149007643,0.0,37.892421405869534,14.430869689661812,hard,0.12289648331463265,0.09701652537857187,0.3324109743481477,0.29172168015985617
0.0,0.0,32.90273978431461,0.1491278974231458,0.16730757805947427,0.9551963149007643,0.9551963149007643,0.36055512754639896,0.9551963149007643,0.0,31.81776233489715,14.430869689661812,hard,0.12241254173704481,0.0969123112417792,0.3332533683152316,0.2931457896732172
0.0,0.0,40.77431043905457,0.14883125446246284,0.14619396262195303,0.9260669522232181,0.9260669522232181,0.36055512754639896,0.9260669522232181,0.0,35.24531741948141,14.430869689661812,hard,0.12198965717446042,0.09695386459619804,0.33193061558579345,0.29384750714238456
0.0,0.0,36.554085505928114,0.14874612082728664,0.14540456730499857,0.8890444308357147,0.8890444308357148,0.36055512754639896,0.8890444308357148,0.0,30.554613399616105,14.430869689661812,hard,0.12164227359657893,0.09686487103336708,0.3307810405317131,0.29492090528604215
0.0,0.0,50.955828077117886,0.1488222418240989,0.13276952778473494,0.8268010643437755,0.8268010643437755,0.36055512754639896,0.8268010643437755,0.0,47.315046232673176,14.430869689661812,hard,0.12149721006822867,0.09617154823905358,0.3282693631551643,0.2973888602622003
0.0,0.0,40.25523699209289,0.14941061343049292,0.13162162175551056,0.8268010643437755,0.8268010643437755,0.36055512754639896,0.8268010643437755,0.0,39.90055638709816,14.430869689661812,hard,0.12137992880073895,0.09605553859076227,0.32840708577637,0.2991855001374835
0.0,0.0,25.223693114682114,0.14971070804993744,0.13158361821547152,0.8268010643437755,0.8268010643437755,0.36055512754639896,0.8268010643437755,0.0,25.245799650634954,14.430869689661812,hard,0.12121678815521979,0.09613240665721107,0.328345599761415,0.3006590819621743
0.0,0.0,31.32105824150164,0.14989070844763627,0.13152508683577177,0.8268010643437755,0.8268010643437755,0.36055512754639896,0.8268010643437755,0.0,30.839098560107104,14.430869689661812,hard,0.12108122947404053,0.09577602100216995,0.3283028297732709,0.30223403250046965
0.0,0.0,38.3970436294711,0.1500506788226267,0.13147873196974394,0.8268010643437755,0.8268010643437755,0.36055512754639896,0.8268010643437755,0.0,30.976119834478947,14.430869689661812,hard,0.12109284069485529,0.09514788616545211,0.3277779813449643,0.30378873681459145
0.0,0.0,38.97254541862433,0.15013788552167268,0.13073234372511505,0.8268010643437755,0.8268010643437755,0.36055512754639896,0.8268010643437755,0.0,35.47846670869529,14.430869689661812,hard,0.1210543532213832,0.09442985321301521,0.3274812125667928,0.3053293224922512
0.0,0.0,34.824625564515216,0.14994173737257824,0.12905648494139313,0.8268010643437755,0.8268010643437755,0.36055512754639896,0.8268010643437755,0.0,33.49158700330577,14.430869689661812,hard,0.12116358310914253,0.09388604068670603,0.32652459915155857,0.3066308598121688
0.0,0.0,28.501684830636606,0.14997509404694767,0.128770801500231,0.8268010643437755,0.8268010643437755,0.36055512754639896,0.8268010643437755,0.0,27.604412690727543,14.430869689661812,hard,0.12127652386999424,0.09336705449880414,0.32614733945335767,0.3077875309792675
0.0,0.0,23.33689456174377,0.14985328970776257,0.12848729901686312,0.8268010643437755,0.8268010643437755,0.36055512754639896,0.8268010643437755,0.0,23.398196511697222,14.430869689661812,hard,0.12136832859510616,0.09282321386209044,0.32560026669912195,0.3084793860649135
0.0,0.0,28.92614453273002,0.14971636255833382,0.12802458749189974,0.8268010643437755,0.8268010643437755,0.36055512754639896,0.8268010643437755,0.0,26.04879267835652,14.430869689661812,hard,0.12152978604124426,0.09217512725265015,0.3248090227147186,0.30927472974752107
0.0,0.0,27.113905599696057,0.14956649158950613,0.12541100898161534,0.8268010643437755,0.8268010643437755,0.36055512754639896,0.8268010643437755,0.0,26.56320010842067,14.430869689661812,hard,0.12168180389491623,0.09188741608414726,0.32446367718103863,0.3100646008184893
0.0,0.0,31.961067219502983,0.14930501891480752,0.12481762223616241,0.8268010643437755,0.8268010643437755,0.36055512754639896,0.8268010643437755,0.0,31.28166235991943,14.430869689661812,hard,0.12184173770075878,0.09191146890062327,0.3235097546113027,0.31051995309653657
0.0,0.0,23.4814698369681,0.14922227838368923,0.1247673941172659,0.8268010643437755,0.8268010643437755,0.36055512754639896,0.8268010643437755,0.0,23.20727472151782,14.430869689661812,hard,0.12190937044261138,0.09166337133751068,0.32314748543393973,0.31116216729608864
0.0,0.0,26.398576379657623,0.14896964561584602,0.12469509606733917,0.8268010643437755,0.8268010643437755,0.36055512754639896,0.8268010643437755,0.0,25.814143410154056,14.430869689661812,hard,0.12195899467479243,0.09146674939568002,0.3224388027712758,0.31156065215242235
0.0,0.0,24.019612692746588,0.14879312409480758,0.12333812475576995,0.8268010643437755,0.8268010643437755,0.36055512754639896,0.8268010643437755,0.0,23.881783852970443,14.430869689661812,hard,0.12199475193497658,0.09148716443561392,0.3223425551453852,0.31182995323870205
0.0,0.0,22.71551559866441,0.14866338669668738,0.12259577899351715,0.8268010643437755,0.8268010643437755,0.36055512754639896,0.8268010643437755,0.0,22.46850239780124,14.430869689661812,hard,0.12205327861668959,0.09162601645940921,0.32197452086865674,0.3121917144904675
0.0,0.0,39.66162162719052,0.1486795179814221,0.12220188279524447,0.8522910301065006,0.8522910301065006,0.36055512754639896,0.8522910301065006,0.0,31.450049284540082,14.430869689661812,hard,0.12206507174324364,0.09171259026108788,0.3212980477558138,0.31286889862355377
0.0,0.0,24.746136317452134,0.14851728232226674,0.12073164387121799,0.8522910301065006,0.8522910301065006,0.36055512754639896,0.8522910301065006,0.0,23.6002118634558,14.430869689661812,hard,0.12206507174324364,0.09155778898307913,0.3204967216474052,0.31345473137594837
0.0,0.0,21.72737959106281,0.14838140693416035,0.11921075826063757,0.8522910301065006,0.8522910301065006,0.36055512754639896,0.8522910301065006,0.0,21.343935906950243,14.430869689661812,hard,0.12209447823943297,0.09124805525545732,0.319830250308837,0.31411426729506564
0.0,0.0,26.460490923879924,0.14830217948878371,0.11813002357855441,0.8522910301065005,0.8522910301065005,0.36055512754639896,0.8772684879784524,0.0,24.343081152557495,14.430869689661812,hard,0.1220966231855082,0.09101779599915512,0.3192731945673324,0.31435523922226405
0.0,0.0,39.83731278253299,0.14770915847892135,0.11722245073691014,0.8772684879784524,0.8772684879784524,0.36055512754639896,0.8997777503361595,0.0,35.86713816294799,14.430869689661812,hard,0.12214285450724942,0.09090236790445114,0.31774046558871394,0.31431709607058617
0.0,0.0,38.30566177244692,0.14727170006286883,0.09362736080065374,0.8991106717195609,0.8991106717195609,0.36055512754639896,0.9184770002564028,0.0,35.329330590884396,14.430869689661812,hard,0.12223046045473156,0.09078831390342357,0.3166729776334919,0.3141544546364754
0.0,0.0,40.16118216671087,0.14643120484751715,0.08099536741152412,0.8964373932405989,0.8964373932405989,0.36055512754639896,0.9141115905621152,0.0,36.30716182793692,14.430869689661812,hard,0.12224779470021818,0.09062129050796125,0.31479090784108016,0.31332803421455185
0.0,0.0,53.61270993753036,0.14522407545518531,0.06765028694048533,0.8890444308357147,0.8890444308357147,0.36055512754639896,0.9042123644365853,0.0,47.565432826791344,14.430869689661812,hard,0.12214727382583859,0.0903455769443137,0.3118740110933518,0.31127210285776385
0.0,0.0,51.536996652406245,0.14382650152843138,0.17499967177727804,0.8818163074019442,0.8818163074019442,0.38157568056677826,0.8953211714239756,0.0,46.90330478761598,14.430869689661812,hard,0.12213086463570162,0.0900833552541508,0.30969679385317084,0.3087125893833967
0.0,0.0,48.57380247459872,0.14358378013100606,0.1498448411594431,0.8544003745317531,0.8544003745317532,0.38157568056677826,0.8674099376880576,0.0,42.66663333332032,14.430869689661812,hard,0.12213206288837938,0.08992673161504323,0.307914034170578,0.3089977811177957
0.0,0.0,34.22676498431714,0.14336519349134172,0.14464877913432886,0.8544003745317531,0.8544003745317532,0.38157568056677826,0.8674099376880576,0.0,34.56689745985312,14.430869689661812,hard,0.12213976018648093,0.08975207416235827,0.30748004830356873,0.3088384755794092
0.0,0.0,41.55330129391059,0.14336590924759915,0.14168917964947875,0.8544003745317531,0.8544003745317532,0.38157568056677826,0.8674099376880576,0.0,41.37823582512913,14.430869689661812,hard,0.12213976018648093,0.08979087935960103,0.30707303758206117,0.3083657124374521
0.0,0.0,42.48710703856155,0.1431135018430174,0.1404820612666868,0.8544003745317531,0.8544003745317532,0.38157568056677826,0.8674099376880576,0.0,43.55331904688781,14.430869689661812,hard,0.12214176133888506,0.08953481262106772,0.3056340839013393,0.3079960298173427
0.0,0.0,40.94157866602384,0.14288295312674237,0.1396554922485352,0.8544003745317531,0.8544003745317532,0.38157568056677826,0.8674099376880576,0.0,39.7389934447263,14.430869689661812,hard,0.12214176133888506,0.08946083561997728,0.30437144147275025,0.3076088774180286
0.0,0.0,43.74326857986918,0.1431164495808253,0.13850224822998053,0.8544003745317531,0.8544003745317532,0.38157568056677826,0.8674099376880576,0.0,43.6046969947046,14.430869689661812,hard,0.12215258501640086,0.08918614777322073,0.3041042960574042,0.3075988076366365
0.0,0.0,41.79399997482445,0.14358332008992467,0.13786222824096683,0.8544003745317531,0.8544003745317532,0.38157568056677826,0.8674099376880576,0.0,33.94589224044641,14.430869689661812,hard,0.12216345381272155,0.08917924534979603,0.3044722262161539,0.3083464725352602
0.0,0.0,29.767361980756643,0.1438281058153101,0.13776236480712895,0.8544003745317531,0.8544003745317532,0.38157568056677826,0.8674099376880576,0.0,29.66765915942813,14.430869689661812,hard,0.12216345381272155,0.08914179350467753,0.30415958995436493,0.3090636170777591
0.0,0.0,39.513692963690204,0.14388832213193728,0.13674221328735356,0.8544003745317531,0.8544003745317532,0.38157568056677826,0.8674099376880576,0.0,35.31569622703197,14.430869689661812,hard,0.12216345381272155,0.08897726717930438,0.30290587281430376,0.3098743441674262
0.0,0.0,38.99742442600654,0.14450154353672365,0.13619399780273445,0.8544003745317531,0.8544003745317532,0.38157568056677826,0.8674099376880576,0.0,39.011531628481336,14.430869689661812,hard,0.12216345381272155,0.0888095426808887,0.30371714254034937,0.31084733634647416
0.0,0.0,32.64320238057855,0.14539382801170944,0.1360265867614747,0.8544003745317531,0.8544003745317532,0.38157568056677826,0.8674099376880576,0.0,32.82999238501282,14.430869689661812,hard,0.12217436771580557,0.08867241996469102,0.304512671100605,0.31256518566043145
0.0,0.0,36.38715458768185,0.14660327824679345,0.1353195799255372,0.8544003745317531,0.8544003745317532,0.38157568056677826,0.8674099376880576,0.0,36.093151704998,14.430869689661812,hard,0.12217436771580557,0.0886261777756664,0.30563986305583646,0.31500847447295766
0.0,0.0,30.148341440428794,0.14771143810539927,0.134285265197754,0.8544003745317531,0.8544003745317532,0.38157568056677826,0.8674099376880576,0.0,29.46524053864146,14.430869689661812,hard,0.12217436771580557,0.08861096411419689,0.3071091330228671,0.31696087226252256
0.0,0.0,26.57699284814785,0.1486188090750032,0.13367664779663097,0.8544003745317531,0.8544003745317532,0.38157568056677826,0.8674099376880576,0.0,26.93604276800881,14.430869689661812,hard,0.12217436771580557,0.08860230877928747,0.30805056289240074,0.3188377523367986
0.0,0.0,34.434925710229464,0.14955228300637916,0.21192363732826044,0.8544003745317531,0.8544003745317532,0.4004996878900157,0.8674099376880576,0.0,33.99915293062461,14.430869689661812,hard,0.12217436771580557,0.0885975295109287,0.3084127381569276,0.32153060092244423
0.0,0.0,31.66690164811916,0.15057029695318375,0.21085838055114658,0.8544003745317531,0.8544003745317532,0.4004996878900157,0.8674099376880576,0.0,28.005713702742874,14.430869689661812,hard,0.12218532671356583,0.0885836446704243,0.30925769334016556,0.3240674823098544
0.0,0.0,44.615115801059034,0.15157420521219206,0.30009543156916785,0.9,0.9,0.4331281565541543,0.9228217596047461,0.0,30.45955350953129,14.430869689661812,hard,0.12218336907043621,0.08858576991549416,0.3103629253121155,0.3261168914078134
0.0,0.0,44.402227498864804,0.152029005884688,0.29803225365776254,0.8818163074019442,0.8818163074019442,0.4331281565541543,0.9591663046625439,0.0,33.8720888047962,14.430869689661812,hard,0.12218336907043621,0.0859545130754371,0.3110458970174076,0.326575722864395
0.0,0.0,44.794461679512835,0.15251940763541585,0.2970840995467011,0.8818163074019442,0.8818163074019442,0.4331281565541543,0.9591663046625439,0.0,33.510147716773794,14.430869689661812,hard,0.12218336907043621,0.08493264576593579,0.3119566372444357,0.3272681291611433
0.0,0.0,49.98291657937386,0.15325663125802955,0.29564068909863056,0.9,0.9,0.4331281565541543,0.9734474818910367,0.0,32.98196476864288,14.430869689661812,hard,0.12218336907043621,0.08404115750049224,0.3128280831801915,0.3289806500078308
0.0,0.0,43.57890905855161,0.15411780912162468,0.2937951005605385,0.9,0.9,0.4331281565541543,0.9734474818910367,0.0,30.97850222331609,14.430869689661812,hard,0.12218336907043621,0.0835825248681405,0.3141102453930489,0.3309444595670173
0.0,0.0,47.689781475077694,0.15442546190694623,0.29204835902787973,0.9340235543068494,0.9340235543068494,0.4331281565541543,1.000199980003999,0.0,35.36079184633738,14.430869689661812,hard,0.12218336907043621,0.08310956292146612,0.3149532440919693,0.33156567025097566
0.0,0.0,52.41584142763653,0.1537843817899618,0.2822938952669234,0.916515138991168,0.916515138991168,0.4331281565541543,0.9765244492586962,0.0,39.58341066659112,14.430869689661812,hard,0.12218336907043621,0.08295689796655772,0.31416787775826505,0.3302694227765309
0.0,0.0,54.19502688553796,0.1533421781296187,0.3576437773310359,0.9097252332435327,0.9097252332435328,0.4898979485566357,0.9676776322722356,0.0,41.219102367712956,14.430869689661812,hard,0.12218336907043621,0.08290942269230682,0.3135771938111635,0.3293081485443313
0.0,0.0,45.53100062284421,0.15295659541372403,0.3544872621889996,0.9097252332435327,0.9097252332435328,0.4898979485566357,0.9676776322722356,0.0,34.92568682216572,14.430869689661812,hard,0.12218336907043621,0.08288620943317121,0.3124127227756844,0.3285597947046598
0.0,0.0,58.185695294472936,0.1508001653607216,0.3240713512430788,0.806225774829855,0.806225774829855,0.4898979485566357,0.86,0.0,48.55683679977517,14.430869689661812,hard,0.12218336907043621,0.08244144261729675,0.3053239082376748,0.32641449885273083
0.0,0.0,47.77360148775471,0.1501521755031486,0.3122372627391875,0.806225774829855,0.806225774829855,0.4898979485566357,0.86,0.0,34.38644500380927,14.430869689661812,hard,0.12218336907043621,0.08231308449441825,0.30297224622951346,0.3258783484306741
0.0,0.0,50.29824177346433,0.1497851498222654,0.33512020066741305,0.806225774829855,0.806225774829855,0.5015974481593781,0.86,0.0,39.324679273962296,14.430869689661812,hard,0.12218336907043621,0.08249535762450205,0.3015491959366304,0.3253002463866934
0.0,0.0,46.86608157885849,0.14960487768206207,0.3203246727948105,0.806225774829855,0.806225774829855,0.5015974481593781,0.86,0.0,34.77162061221766,14.430869689661812,hard,0.12218336907043621,0.08272034069991055,0.3004199098617215,0.32510529526849075
0.0,0.0,48.77208160134758,0.1491639874890327,0.30656737817897994,0.806225774829855,0.806225774829855,0.5015974481593781,0.86,0.0,40.09002369667546,14.430869689661812,hard,0.12218336907043621,0.08283584643951346,0.2986527708569737,0.32478199833735455
0.0,0.0,47.18262625257367,0.14881454210827105,0.29449954585630045,0.806225774829855,0.806225774829855,0.5015974481593781,0.86,0.0,38.44801685392889,14.430869689661812,hard,0.12218336907043621,0.08261506147394636,0.29692313970777773,0.3253013418246111
0.0,0.0,56.58866678851413,0.14816385676106764,0.2864545279918404,0.806225774829855,0.806225774829855,0.5015974481593781,0.86,0.0,47.69884275325766,14.430869689661812,hard,0.12218336907043621,0.08243703090590791,0.2943737489898249,0.3250824903061472
0.0,0.0,56.40207634083399,0.1475797611177442,0.2781559791269193,0.806225774829855,0.806225774829855,0.5015974481593781,0.86,0.0,45.16680639584782,14.430869689661812,hard,0.12218336907043621,0.08239657687587489,0.2922053235111519,0.32493957494200504
0.0,0.0,50.41130465940025,0.14750355662078823,0.2693440868879997,0.806225774829855,0.806225774829855,0.5015974481593781,0.86,0.0,36.45119476779877,14.430869689661812,hard,0.12217979957889118,0.08244644631001914,0.2909222573505577,0.32542616632707777
0.0,0.0,54.07423401070547,0.14732405206317237,0.2615020585299802,0.806225774829855,0.806225774829855,0.5015974481593781,0.86,0.0,46.253544729025904,14.430869689661812,hard,0.12217979957889118,0.0825149750403489,0.2890058672573475,0.3258423500177156
0.0,0.0,51.30423486369951,0.1471344787228149,0.25498635335691433,0.806225774829855,0.806225774829855,0.5015974481593781,0.86,0.0,41.93771095326973,14.430869689661812,hard,0.12221294001541687,0.08274910825762954,0.2878447392913789,0.3263282900803888
0.0,0.0,48.641728435822984,0.147190450398017,0.24755236801152494,0.806225774829855,0.806225774829855,0.5015974481593781,0.86,0.0,36.293779081269555,14.430869689661812,hard,0.12223525890181837,0.08273220525915694,0.2875460333287167,0.32667493456114993
0.0,0.0,42.89573321516065,0.14747267645667572,0.24027679753526857,0.806225774829855,0.806225774829855,0.5015974481593781,0.86,0.0,31.99322428265085,14.430869689661812,hard,0.12223525890181837,0.08262966799670562,0.2872736996046172,0.32727677746341344
0.0,0.0,40.83854005863692,0.14796529506403194,0.23396089735770945,0.806225774829855,0.806225774829855,0.5015974481593781,0.86,0.0,29.5204065012662,14.430869689661812,hard,0.12223525890181837,0.08266282399790459,0.2870978879405577,0.3288765097215611
0.0,0.0,46.219437398514785,0.14846794321967413,0.22718757554306251,0.806225774829855,0.806225774829855,0.5015974481593781,0.86,0.0,34.14454568448671,14.430869689661812,hard,0.12223525890181837,0.08275318450254415,0.2866614670028841,0.3305628043016729
0.0,0.0,42.361909071887204,0.14866594501651548,0.21546086242606396,0.806225774829855,0.806225774829855,0.5015974481593781,0.86,0.0,31.25569388127546,14.430869689661812,hard,0.12223525890181837,0.0827792969888344,0.28601962685009547,0.33212603241915334
0.0,0.0,40.99068648253727,0.1486398410191266,0.2058572744276936,0.8207313811473276,0.8207313811473276,0.5015974481593781,0.8708616422830897,0.0,24.163451740179834,14.430869689661812,hard,0.12223525890181837,0.08284531701602185,0.28524633319276604,0.33284318541078994
0.0,0.0,37.74178234868796,0.1484541779512284,0.19613094871534958,0.8207313811473276,0.8207313811473276,0.5015974481593781,0.8708616422830897,0.0,22.76443717731673,14.430869689661812,hard,0.12223525890181837,0.08284119272533964,0.28413016336027636,0.333479028319591
0.0,0.0,37.31647358358604,0.14871728826543887,0.1895913464165433,0.8207313811473276,0.8207313811473276,0.5015974481593781,0.8708616422830897,0.0,22.618081262565134,14.430869689661812,hard,0.12223525890181837,0.08285009012835011,0.28431330319974984,0.33420650539532065
0.0,0.0,42.96044636922613,0.14892304214150393,0.18299050729453184,0.8207313811473276,0.8207313811473276,0.5015974481593781,0.8681013765684282,0.0,29.48827563625923,14.430869689661812,hard,0.11991845660772325,0.08285692891535631,0.2844865683786456,0.33326747949135305
0.0,0.0,38.311162580690834,0.14902289503021104,0.17889703777521657,0.8306623862918074,0.8306623862918074,0.5015974481593781,0.8774964387392121,0.0,23.419897523260005,14.430869689661812,hard,0.11976954239313137,0.08287515118048357,0.2845344621161809,0.33316590450552486
0.0,0.0,46.061083313633844,0.14892371972250268,0.1782414040766091,0.8101851640211637,0.8101851640211637,0.5015974481593781,0.8487638069569178,0.0,32.40385779502188,14.430869689661812,hard,0.11976235076727347,0.08291324176386422,0.2848178864307089,0.3320030837094255
0.0,0.0,42.21892257852588,0.1483351181709044,0.17107229371956997,0.8121576201698781,0.8121576201698781,0.5015974481593781,0.8411896337925236,0.0,24.380525014855607,14.430869689661812,hard,0.11976235076727347,0.08296045125323005,0.28450471982920555,0.33011231803151847
0.0,0.0,36.15960572511219,0.14784730616806924,0.16831352963062055,0.8246211251235321,0.8246211251235321,0.5015974481593781,0.848528137423857,0.0,20.449391188981643,14.430869689661812,hard,0.1197481084584603,0.08296045125323005,0.28331047200044057,0.3288722503331529
0.0,0.0,41.76508129727752,0.14718931712021696,0.16716510091261044,0.8246211251235321,0.8246211251235321,0.5015974481593781,0.848528137423857,0.0,28.640956687932057,14.430869689661812,hard,0.1197481084584603,0.08308749334396627,0.2816449762345565,0.32704969724395877
0.0,0.0,36.88771095132812,0.14678298164113066,0.16566166087267276,0.8246211251235321,0.8246211251235321,0.5015974481593781,0.848528137423857,0.0,21.50836116490515,14.430869689661812,hard,0.1197481084584603,0.08308749334396627,0.28078458581768556,0.3260610940965826
0.0,0.0,49.41266282112301,0.14602845289721994,0.16450083155372633,0.8246211251235321,0.8246211251235321,0.5015974481593781,0.848528137423857,0.0,35.9366331199794,14.430869689661812,hard,0.11971843562453977,0.08298306169512744,0.2794301097323224,0.32512475430868415
0.0,0.0,44.45343447070486,0.14532725339630756,0.16279441256217736,0.8246211251235321,0.8246211251235321,0.5015974481593781,0.848528137423857,0.0,34.091265743588934,14.430869689661812,hard,0.11971843562453977,0.08278507250739667,0.2779756274056202,0.324262867667967
0.0,0.0,42.777871125521266,0.14507604024781828,0.1621656545971741,0.8246211251235321,0.8246211251235321,0.5015974481593781,0.848528137423857,0.0,31.671596107553526,14.430869689661812,hard,0.11971843562453977,0.08263001581590654,0.2768396556765265,0.32500421865642715
0.0,0.0,46.6620121530103,0.14431685221982785,0.16193631957166926,0.8246211251235321,0.8246211251235321,0.5015974481593781,0.848528137423857,0.0,34.03489973541864,14.430869689661812,hard,0.11971843562453977,0.08244635528892678,0.27522624545927465,0.3246176842504455
0.0,0.0,50.26026784539229,0.14367940317508296,0.16010718223757267,0.8246211251235321,0.8246211251235321,0.5015974481593781,0.848528137423857,0.0,35.28603689846736,14.430869689661812,hard,0.11971843562453977,0.08240215377475785,0.2735621010178362,0.32371511186306634
0.0,0.0,41.01514122917374,0.1432127276581905,0.15687194885366607,0.8246211251235321,0.8246211251235321,0.5015974481593781,0.848528137423857,0.0,29.186681894316113,14.430869689661812,hard,0.11971843562453977,0.08178586723282956,0.27220496041742315,0.32443263110788717
0.0,0.0,37.943779988092984,0.14263410477410018,0.1557833559352957,0.8246211251235321,0.8246211251235321,0.5015974481593781,0.848528137423857,0.0,23.79458761987692,14.430869689661812,hard,0.11971843562453977,0.08129364283749406,0.27141322070253265,0.32362975635562824
0.0,0.0,36.02131840084436,0.142295640990462,0.15354777783784077,0.8246211251235321,0.8246211251235321,0.5015974481593781,0.848528137423857,0.0,19.872886051099876,14.430869689661812,hard,0.11971843562453977,0.08129364283749406,0.27072212191238637,0.3235333006299956
0.0,0.0,40.91118837334176,0.141967551237768,0.1515527491104433,0.8246211251235321,0.8246211251235321,0.5015974481593781,0.848528137423857,0.0,28.993350961901587,14.430869689661812,hard,0.11971843562453977,0.08128104564888056,0.26993802055266003,0.3230620910671835
0.0,0.0,37.17746158658102,0.14165865146366557,0.14872909446699004,0.8246211251235321,0.8246211251235321,0.5015974481593781,0.848528137423857,0.0,22.385209402639056,14.430869689661812,hard,0.11971843562453977,0.08128205897013567,0.2693296504114819,0.32240718920018946
0.0,0.0,49.18185913414811,0.14136140269324654,0.14625453997063437,0.8246211251235321,0.8246211251235321,0.5015974481593781,0.848528137423857,0.0,33.53150160669814,14.430869689661812,hard,0.11971843562453977,0.0812619547227985,0.26884115898014327,0.32102357618901084
0.0,0.0,44.04184585254498,0.14096992738415848,0.14386860370967902,0.8246211251235321,0.8246211251235321,0.5015974481593781,0.848528137423857,0.0,29.10296204856131,14.430869689661812,hard,0.11971843562453977,0.08127575473618989,0.26830416270278773,0.32014983923880125
0.0,0.0,39.44675072120055,0.14046864289250163,0.14299532295653072,0.8246211251235321,0.8246211251235321,0.5015974481593781,0.848528137423857,0.0,26.799880596748938,14.430869689661812,hard,0.11971843562453977,0.08098222134235952,0.26729975558326885,0.31942350561458854
0.0,0.0,57.113313912900985,0.13958468427425877,0.1413338673493821,0.8246211251235321,0.8246211251235321,0.5015974481593781,0.848528137423857,0.0,42.913517683825454,14.430869689661812,hard,0.11971843562453977,0.07979177525980252,0.2655761238771418,0.3185190340366401
0.0,0.0,42.97813550480956,0.13930066877867964,0.1405333762907107,0.8121576201698781,0.8121576201698781,0.5015974481593781,0.87840765023991,0.0,31.408158175862525,14.430869689661812,hard,0.11971843562453977,0.07911491026867508,0.2651761775607793,0.317779248313165
0.0,0.0,50.99345015941704,0.13906665414159147,0.1390513147427429,0.8475848040166837,0.8475848040166837,0.5015974481593781,0.9068627239003708,0.0,36.18507979817096,14.430869689661812,hard,0.11845232380261966,0.07883091736274862,0.2644503943736336,0.3168665447151723
0.0,0.0,45.71329815049722,0.1387918477257608,0.13788693428528365,0.8475848040166837,0.8475848040166837,0.5015974481593781,0.9068627239003708,0.0,30.21710773717432,14.430869689661812,hard,0.1169042906960553,0.0783016806537455,0.2637795930092956,0.3166772379006069
0.0,0.0,45.26098660967126,0.13821603181032313,0.13432181407337157,0.8475848040166837,0.8475848040166837,0.5015974481593781,0.9068627239003708,0.0,35.303082018430054,14.430869689661812,hard,0.1158720058604939,0.07799014966442307,0.2627352712167738,0.3161815594284845
0.0,0.0,46.14044955630151,0.13796757676655882,0.13357475905361316,0.8475848040166837,0.8475848040166837,0.5015974481593781,0.9068627239003708,0.0,31.742243146948518,14.430869689661812,hard,0.11531648022236193,0.07780362405449469,0.26215482477018137,0.31625854647984547
0.0,0.0,47.27538488446309,0.13764655774095141,0.13253912201371623,0.86,0.86,0.5015974481593781,0.9123595782365634,0.0,35.17214807201858,14.430869689661812,hard,0.11476486511064697,0.077600071038144,0.2618561029997551,0.3155813788117945
0.0,0.0,40.8163246734722,0.13737055482358654,0.1318389129684354,0.86,0.86,0.5015974481593781,0.9123595782365634,0.0,28.190643837982847,14.430869689661812,hard,0.11430259582215649,0.07724727989788133,0.2615164844190775,0.31499092259227407
0.0,0.0,45.75420028107465,0.13675570405290086,0.13077547118626423,0.8246211251235321,0.8246211251235321,0.5015974481593781,0.8726969691708572,0.0,33.68026128164685,14.430869689661812,hard,0.1137076538300355,0.07689215922117731,0.2591682122608659,0.31469606091164126
0.0,0.0,49.067936200348015,0.13593852029486816,0.12973740390264285,0.8364209466530593,0.8364209466530593,0.5015974481593781,0.8774964387392122,0.0,38.14782300472728,14.430869689661812,hard,0.11292736045509749,0.07606822604312403,0.25815919597186343,0.31325009390577274
0.0,0.0,58.68423563717076,0.13449097348618244,0.12898625021434776,0.7851114570556209,0.7851114570556209,0.5015974481593781,0.8151073548925932,0.0,42.89317428216289,14.430869689661812,hard,0.11256165705227247,0.07558920088640965,0.25444402838314173,0.31085179734598334
0.0,0.0,46.902431255578705,0.13355771105054165,0.21838294893409124,0.7851114570556209,0.7851114570556209,0.5851495535331118,0.8151073548925932,0.0,37.25348842726007,14.430869689661812,hard,0.11224913924873256,0.07481703061970041,0.2523844209312909,0.30996516733430557
0.0,0.0,43.85752885670516,0.13306372169821595,0.21678050057976342,0.7851114570556209,0.7851114570556209,0.5851495535331118,0.8151073548925932,0.0,33.27726551265894,14.430869689661812,hard,0.11187152546714713,0.07438475657308576,0.25155468151181676,0.3094670018520159
0.0,0.0,42.62819505524482,0.13261354844712345,0.21554742247953776,0.7851114570556209,0.7851114570556209,0.5851495535331118,0.8151073548925932,0.0,31.761366469344484,14.430869689661812,hard,0.1114764698803896,0.0740312694040163,0.25118328515301613,0.3085630573223082
0.0,0.0,41.533795651802144,0.1324115459886855,0.21453758377727977,0.7851114570556209,0.7851114570556209,0.5851495535331118,0.8151073548925932,0.0,24.996199711156095,14.430869689661812,hard,0.11114743924495638,0.07390797275547485,0.2507557433833214,0.30855759824038953
0.0,0.0,41.29348746006787,0.132417768883924,0.2139521640949771,0.7851114570556209,0.7851114570556209,0.5851495535331118,0.8151073548925932,0.0,29.776695585642138,14.430869689661812,hard,0.11079991869273925,0.07376819000114472,0.25091397302352575,0.3087966931430062
0.0,0.0,38.83956187593521,0.1324387181989654,0.21330435611348095,0.7851114570556209,0.7851114570556209,0.5851495535331118,0.8151073548925932,0.0,25.87957495786977,14.430869689661812,hard,0.11050995155012029,0.07363763180649525,0.25086368109012686,0.3088887946596075
0.0,0.0,38.50479105407749,0.13243308433711326,0.20929332760687455,0.7851114570556209,0.7851114570556209,0.5851495535331118,0.8151073548925932,0.0,25.61796244825103,14.430869689661812,hard,0.11029002377362017,0.0733768526261567,0.25025275377351236,0.30929695951018044
0.0,0.0,43.84453001046357,0.1323020817697118,0.20882776558810795,0.7851114570556209,0.7851114570556209,0.5851495535331118,0.8151073548925932,0.0,27.933356404127306,14.430869689661812,hard,0.11009190221064886,0.07331619576968777,0.2493704337614437,0.3095730328669345
0.0,0.0,37.48200844110746,0.13225989155692758,0.20756534601314783,0.7851114570556209,0.7851114570556209,0.5851495535331118,0.8151073548925932,0.0,23.60593145800436,14.430869689661812,hard,0.10998698033383308,0.07331928867470432,0.24854637016924389,0.310009110151159
0.0,0.0,37.24179302907396,0.13218035445594117,0.20687966482869555,0.7851114570556209,0.7851114570556209,0.5851495535331118,0.8151073548925932,0.0,22.954703221780065,14.430869689661812,hard,0.10992958529967785,0.07334601579978454,0.2478646170733181,0.3100243935895332
0.0,0.0,37.47666890492585,0.13212671813558077,0.2060028990840996,0.7851114570556209,0.7851114570556209,0.5851495535331118,0.8151073548925932,0.0,23.907321054438533,14.430869689661812,hard,0.10993526904855916,0.07336982371207466,0.24752185404240515,0.31012115139433916
0.0,0.0,38.38046165668449,0.13200932295892026,0.20533849173198016,0.7851114570556209,0.7851114570556209,0.5851495535331118,0.8151073548925932,0.0,24.737016796695595,14.430869689661812,hard,0.11000621081931417,0.07321776852553272,0.24689442618626556,0.3101553062074782
0.0,0.0,35.49691567549561,0.13187810619217594,0.2032218014335841,0.7851114570556209,0.7851114570556209,0.5851495535331118,0.8151073548925932,0.0,19.72601328195842,14.430869689661812,hard,0.11008087167915506,0.07324267416153066,0.24632913625460023,0.3100844820723879
0.0,0.0,37.25713967427144,0.1318553211982763,0.20120769526638801,0.7851114570556209,0.7851114570556209,0.5851495535331118,0.8151073548925932,0.0,22.538535888562063,14.430869689661812,hard,0.11034183879145407,0.07330293155937588,0.245849683137409,0.3101281987786613
0.0,0.0,35.36124677904084,0.13183086759652698,0.1991544625980727,0.7851114570556209,0.7851114570556209,0.5851495535331118,0.8151073548925932,0.0,19.86639373414309,14.430869689661812,hard,0.11053722594302073,0.07343768021766946,0.2454830320699349,0.31021038558071445
0.0,0.0,40.80815119284305,0.13143347479207546,0.19785085698725627,0.7851114570556209,0.7851114570556209,0.5851495535331118,0.8151073548925932,0.0,28.362764322258858,14.430869689661812,hard,0.11066776147977415,0.0740116567962988,0.24405661908488693,0.3105743227202358
0.0,0.0,35.009038603961294,0.13145694274132305,0.19714356829502552,0.7735631842325487,0.7735631842325487,0.5851495535331118,0.8428523002282191,0.0,18.267358867663383,14.430869689661812,hard,0.110799956917201,0.07445648376091354,0.24353606456720187,0.31085156568690303
0.0,0.0,38.492331534472825,0.13154099909880035,0.19644063197285622,0.8121576201698781,0.8121576201698781,0.5851495535331118,0.8692525524840292,0.0,23.910508150183677,14.430869689661812,hard,0.11106325771987849,0.0746602821894976,0.24338859355930167,0.31109948448845515
0.0,0.0,37.18690147321151,0.13165429870595965,0.19584217537793164,0.82365041127896,0.82365041127896,0.5851495535331118,0.8717797887081348,0.0,21.997308926320965,14.430869689661812,hard,0.11116994598425187,0.0747172052891388,0.24353094651465826,0.3111944757438765
0.0,0.0,36.38912647294212,0.1318584284824353,0.1945204942385656,0.844748483277715,0.844748483277715,0.5851495535331118,0.8754427451295715,0.0,20.112921219952113,14.430869689661812,hard,0.1111918762511222,0.0747283975621005,0.243810157794299,0.311700346783368
0.0,0.0,36.50350339603324,0.1317343418562059,0.19391310932589975,0.8447484832777151,0.8447484832777151,0.5851495535331118,0.8997777503361595,0.0,19.288224386915452,14.430869689661812,hard,0.1111918762511222,0.07471812809765901,0.24388459917678423,0.31089204770820467
0.0,0.0,42.71602759631902,0.13086439318085968,0.19256283196446464,0.8306623862918074,0.8306623862918074,0.5851495535331118,0.8774964387392122,0.0,27.98114365068018,14.430869689661812,hard,0.1111918762511222,0.07474089000225818,0.2429538233887563,0.309118838734716
0.0,0.0,50.599336779273045,0.12962824327408312,0.19166267802902842,0.8306623862918074,0.8306623862918074,0.5851495535331118,0.8774964387392122,0.0,34.21085207942064,14.430869689661812,hard,0.1111918762511222,0.07451858020214426,0.24113385766336587,0.3070653368797497
0.0,0.0,39.32126871995764,0.12876231885728687,0.19032765782197877,0.8306623862918074,0.8306623862918074,0.5851495535331118,0.8774964387392122,0.0,24.44606307772276,14.430869689661812,hard,0.1111918762511222,0.07452688085656303,0.24016813177435836,0.30478290134272673
0.0,0.0,35.96871249573406,0.1281578389928665,0.18857690548324577,0.8158431221748456,0.8158431221748456,0.5851495535331118,0.854166260162505,0.0,17.750312673302403,14.430869689661812,hard,0.1111918762511222,0.07452688085656303,0.23978288856432886,0.3026222797290863
0.0,0.0,39.37639115004244,0.1273903007194449,0.241507013117244,0.8002499609497022,0.8002499609497022,0.5936328831862332,0.8296987405076615,0.0,19.150195821453107,14.430869689661812,hard,0.1111918762511222,0.07456172681735082,0.2393369945023296,0.2997337046425845
0.0,0.0,33.934793729923854,0.12682843880738087,0.283074272469389,0.8002499609497022,0.8002499609497022,0.6013318551349163,0.8296987405076615,0.0,16.50610796038848,14.430869689661812,hard,0.1111918762511222,0.07453984233907134,0.23871239391708107,0.29790939851600484
0.0,0.0,37.85960024666015,0.12567280174912082,0.2751423512510592,0.8002499609497022,0.8002499609497022,0.6013318551349163,0.8296987405076615,0.0,23.501225499960636,14.430869689661812,hard,0.1111918762511222,0.07453984233907134,0.23668101589004728,0.2959678866126549
0.0,0.0,39.74861513535074,0.12465290897525567,0.2674419692911259,0.8002499609497022,0.8002499609497022,0.6013318551349163,0.8296987405076615,0.0,26.642259663924904,14.430869689661812,hard,0.1111918762511222,0.07451801976146963,0.23475632471036945,0.29461164872545476
0.0,0.0,42.654415976928945,0.12391218586205052,0.2607967775228886,0.8002499609497022,0.8002499609497022,0.6013318551349163,0.8296987405076615,0.0,31.272742124732204,14.430869689661812,hard,0.1111918762511222,0.07451801976146963,0.23395055787969826,0.2926538759789909
0.0,0.0,39.07413475114901,0.12334179923418062,0.25455620388496847,0.8002499609497022,0.8002499609497022,0.6013318551349163,0.8296987405076615,0.0,25.266270005681488,14.430869689661812,hard,0.1111918762511222,0.07454602226220883,0.23319898151800977,0.29111188468355736
0.0,0.0,33.99180090711593,0.12288188104159223,0.2484149614685787,0.8002499609497022,0.8002499609497022,0.6013318551349163,0.8296987405076615,0.0,16.218507946170636,14.430869689661812,hard,0.1111918762511222,0.07454875803746146,0.2323015407706009,0.29025589994452483
0.0,0.0,35.1774701139561,0.12241440623099784,0.24641245964686823,0.8002499609497022,0.8002499609497022,0.6013318551349163,0.8296987405076615,0.0,18.116169573063726,14.430869689661812,hard,0.1111918762511222,0.07454875803746146,0.23164239731236813,0.28940357204709305
0.0,0.0,33.46796236636567,0.12191711893622312,0.24139815344471716,0.8002499609497022,0.8002499609497022,0.6013318551349163,0.8296987405076615,0.0,15.161794089091174,14.430869689661812,hard,0.1111918762511222,0.07454875803746146,0.2309398528945653,0.2886431655177614
0.0,0.0,32.56761529633804,0.12147628177370073,0.23631157690665955,0.8002499609497022,0.8002499609497022,0.6013318551349163,0.8296987405076615,0.0,13.016005531652173,14.430869689661812,hard,0.1111918762511222,0.07455156285246772,0.22991849153644411,0.2878242445297185
0.0,0.0,31.958258323298985,0.12132780999809588,0.23181134562737504,0.8002499609497022,0.8002499609497022,0.6013318551349163,0.8296987405076615,0.0,10.844353369380766,14.430869689661812,hard,0.1111918762511222,0.07455443669943562,0.22930330859364312,0.28766667832783094
0.0,0.0,32.291677732894435,0.12107661003549372,0.23115204969862607,0.8002499609497022,0.8002499609497022,0.6013318551349163,0.8296987405076615,0.0,11.899058786307428,14.430869689661812,hard,0.1111918762511222,0.07455443669943562,0.22816080079746623,0.2875736471261163
0.0,0.0,34.936926784137235,0.12063691339113078,0.23039716783210096,0.8002499609497022,0.8002499609497022,0.6013318551349163,0.8296987405076615,0.0,17.86352708733636,14.430869689661812,hard,0.1111918762511222,0.07455443669943562,0.22666265094310523,0.2871074438848829
0.0,0.0,39.58981581152095,0.11996128524081348,0.26924360859047886,0.8158431221748456,0.8158431221748456,0.6082762530298219,0.8754427451295715,0.0,26.447684208641032,14.430869689661812,hard,0.1111918762511222,0.07455814526587745,0.22486112034340985,0.28597435979784863
0.0,0.0,43.42170321238055,0.11928263030359174,0.26758456198247393,0.8306623862918074,0.8306623862918074,0.6082762530298219,0.9184770002564028,0.0,23.51943026520839,14.430869689661812,hard,0.11101333663034926,0.0746450392149359,0.22257768180927523,0.2854036378034751
0.0,0.0,33.50085482572878,0.11879865704566199,0.26469593303248085,0.8306623862918074,0.8306623862918074,0.6082762530298219,0.9184770002564028,0.0,15.344067257412554,14.430869689661812,hard,0.11101333663034926,0.0746534187520478,0.22083412077786307,0.28507710852817125
0.0,0.0,33.297822276567416,0.11840842363692082,0.2976769774805705,0.7909487973314075,0.7909487973314075,0.6144916598294886,0.9591663046625439,0.0,12.909360944678864,14.430869689661812,hard,0.11101333663034926,0.07469051163817429,0.21972416115287585,0.2846672500499138
0.0,0.0,33.02849135785831,0.11820958299549236,0.285941826578712,0.8306623862918074,0.8306623862918074,0.6144916598294886,1.0316976301223144,0.0,13.682529005998855,14.430869689661812,hard,0.11053132798030448,0.0747433999073196,0.21917850847793996,0.2843468911338644
0.0,0.0,35.694182005119806,0.11771176363017685,0.2839824772464929,0.8306623862918074,0.8306623862918074,0.6144916598294886,1.0316976301223144,0.0,19.71376169075806,14.430869689661812,hard,0.11050464110336654,0.07478532618465789,0.21786940229962212,0.2836709942720584
0.0,0.0,37.75114223648559,0.11716300221751136,0.2813090367597972,0.8306623862918074,0.8306623862918074,0.6144916598294886,1.0316976301223144,0.0,19.495527692268293,14.430869689661812,hard,0.11051364435686949,0.07480722398828764,0.21640800179505407,0.28293672980722656
0.0,0.0,37.1000177980695,0.11705624594633071,0.2786824907159728,0.84,0.84,0.6144916598294886,1.0283968105745953,0.0,14.453027364535085,14.430869689661812,hard,0.11045154998139999,0.07480722398828764,0.21574966313795496,0.2829014280500826
0.0,0.0,33.59948649010488,0.117018125771409,0.27747115516853404,0.8569714114251419,0.8569714114251419,0.6144916598294886,1.020588065773846,0.0,12.76872742288753,14.430869689661812,hard,0.11045154998139999,0.07480722398828764,0.21541245658638392,0.2828281477084971
0.0,0.0,33.26702357553802,0.11707266783701108,0.2760210688826752,0.8569714114251419,0.8569714114251419,0.6144916598294886,1.020588065773846,0.0,12.174465080651387,14.430869689661812,hard,0.11045154998139999,0.07480722398828764,0.21541715642056944,0.2828453635934711
0.0,0.0,41.10029410646877,0.11589422707700592,0.26390751981574934,0.8316249154516716,0.8316249154516716,0.6144916598294886,0.9651942809610923,0.0,24.347492684052703,14.430869689661812,hard,0.11045154998139999,0.07480722398828764,0.21519341628023997,0.2789480946416533
0.0,0.0,44.84795781000141,0.11458934355303266,0.2618704751820951,0.8138795979750322,0.8138795979750322,0.6144916598294886,0.9380831519646858,0.0,31.84987284119043,14.430869689661812,hard,0.11045154998139999,0.07480722398828764,0.2140460876329366,0.27531187170155236
0.0,0.0,36.076333379836655,0.11395140988562584,0.26082298834542916,0.8138795979750322,0.8138795979750322,0.6144916598294886,0.9380831519646858,0.0,20.665681696958362,14.430869689661812,hard,0.11045154998139999,0.07480722398828764,0.2130685129460939,0.273837333762096
0.0,0.0,36.506896268878556,0.1130090819447801,0.25899045571618184,0.8138795979750322,0.8138795979750322,0.6144916598294886,0.9380831519646858,0.0,21.019990485249984,14.430869689661812,hard,0.11045154998139999,0.0748238375442494,0.210368106109959,0.272494433829107
0.0,0.0,34.88874358728933,0.11235054571295788,0.2576985251396766,0.8138795979750322,0.8138795979750322,0.6144916598294886,0.9380831519646858,0.0,18.084247288731707,14.430869689661812,hard,0.11045154998139999,0.07482705112464604,0.20855610556907478,0.27164255600663917
0.0,0.0,39.64874682746167,0.11120864192770545,0.25644268259294345,0.8138795979750322,0.8138795979750322,0.6144916598294886,0.9380831519646858,0.0,26.05437391303042,14.430869689661812,hard,0.11045154998139999,0.07482705112464604,0.20620107991144668,0.26940989479229716
0.0,0.0,34.55527449594735,0.11058759932493023,0.25501840711716617,0.8138795979750322,0.8138795979750322,0.6144916598294886,0.9380831519646858,0.0,17.895574872017942,14.430869689661812,hard,0.11045154998139999,0.07482705112464604,0.204796891030572,0.2681814507151578
0.0,0.0,36.70071077928088,0.10983401765429478,0.2970955607076413,0.8138795979750322,0.8138795979750322,0.62,0.9380831519646858,0.0,22.134136531611073,14.430869689661812,hard,0.11045154998139999,0.0748303334496098,0.20227719839249017,0.2671641344645867
0.0,0.0,34.653085884692516,0.1091708347812802,0.2953467425874353,0.8138795979750322,0.8138795979750322,0.62,0.9380831519646858,0.0,18.28989885155191,14.430869689661812,hard,0.11045154998139999,0.07482861813931761,0.20083495119355865,0.2659061116007214
0.0,0.0,34.36933935584714,0.10855435940324697,0.29390498119470737,0.8138795979750322,0.8138795979750322,0.62,0.9380831519646858,0.0,17.111037373578494,14.430869689661812,hard,0.11045154998139999,0.07480686413399079,0.19996525380919358,0.2650662560191
0.0,0.0,36.00138233163273,0.10825973292364424,0.291413777554927,0.8138795979750322,0.8138795979750322,0.62,0.9380831519646858,0.0,20.602291134725768,14.430869689661812,hard,0.11045154998139999,0.07480686413399079,0.19928477151950522,0.26467375256992454
0.0,0.0,35.635102283688255,0.10759810126133347,0.2900533290112559,0.8138795979750322,0.8138795979750322,0.62,0.9380831519646858,0.0,20.281656737061695,14.430869689661812,hard,0.11045154998139999,0.07480686413399079,0.1985470614019276,0.2631649824924945
0.0,0.0,34.65208890215096,0.107119463270468,0.28001778644360686,0.8553361912137238,0.8553361912137238,0.62,0.9937806599043876,0.0,18.341821065532177,14.430869689661812,hard,0.11043929930534323,0.07480686413399079,0.19780090965186584,0.2621450255657062
0.0,0.0,35.569672659195916,0.10662860723809778,0.2776344360704577,0.8944271909999159,0.8944271909999159,0.62,1.0461357464497616,0.0,19.337931637070184,14.430869689661812,hard,0.11042709819061575,0.07482067383947814,0.19609275634534248,0.2616235260304785
0.0,0.0,45.518233387567804,0.10578204452241624,0.2629224519334295,0.87840765023991,0.87840765023991,0.62,1.095627673984187,0.0,28.286279359435028,14.430869689661812,hard,0.11042709819061575,0.07494261245037849,0.19348393720894425,0.26085755140201455
0.0,0.0,33.22577320038895,0.10538093782582943,0.2529646003323863,0.87840765023991,0.87840765023991,0.62,1.095627673984187,0.0,14.901489858400065,14.430869689661812,hard,0.11042709819061575,0.07494808773183627,0.1927411299200559,0.2599250515735738
0.0,0.0,36.657139300801454,0.10526503020396086,0.2392255531400813,0.9526804291051644,0.9526804291051644,0.62,1.1874342087037917,0.0,21.439440291201635,14.430869689661812,hard,0.10980767853682247,0.07494808773183627,0.1913485020214563,0.2600390798431696
0.0,0.0,40.62333141143375,0.10484523134048906,0.230708248176811,0.9526804291051644,0.9526804291051644,0.62,1.1874342087037917,0.0,28.46851594305541,14.430869689661812,hard,0.10929482273882461,0.07494808773183627,0.18898695994187903,0.2596861235711294
0.0,0.0,34.126409755377814,0.10472926531812086,0.22239561844660322,0.9526804291051644,0.9526804291051644,0.62,1.1874342087037917,0.0,16.207208272864268,14.430869689661812,hard,0.1087790447243973,0.07494808773183627,0.18818426278429928,0.25976251930339844
0.0,0.0,42.444803194092096,0.10432928226173464,0.21643587334772985,0.9591663046625439,0.9591663046625439,0.62,1.1805083650698962,0.0,30.23968253801617,14.430869689661812,hard,0.10807280834309484,0.0750530606869139,0.18651178973019872,0.2593462791680925
0.0,0.0,39.94851020220835,0.10398766006105101,0.25732501121633555,0.9591663046625439,0.9591663046625439,0.6248199740725323,1.1805083650698962,0.0,27.04920701240611,14.430869689661812,hard,0.10700445971669863,0.07509817482799676,0.1853786425535544,0.2583371466419383
0.0,0.0,34.430470207087055,0.10382042638313295,0.24829706530023657,0.9526804291051644,0.9526804291051644,0.6248199740725323,1.1901260437449472,0.0,16.448477133157343,14.430869689661812,hard,0.10584903872055479,0.07511148060946568,0.18486548166887778,0.25788411175218223
0.0,0.0,37.92716835139685,0.10307669898391027,0.23490298877744686,0.9526804291051644,0.9526804291051644,0.6248199740725323,1.1914696806885183,0.0,21.590145900387057,14.430869689661812,hard,0.10416326240558836,0.07520459359319047,0.1844106080267127,0.25573730163316954
0.0,0.0,40.550657432700994,0.10215562272083532,0.22568492554342265,0.9526804291051644,0.9526804291051644,0.6248199740725323,1.1914696806885183,0.0,25.371921488133296,14.430869689661812,hard,0.10210166640719709,0.07526880401569844,0.1837259663011881,0.25317698907137026
0.0,0.0,43.97450322798575,0.1012710830007055,0.21682657333240835,0.9651942809610924,0.9651942809610924,0.6248199740725323,1.173200750084997,0.0,26.46090701393284,14.430869689661812,hard,0.10091240387052762,0.07534879981734702,0.18280523740621485,0.2502725073665668
0.0,0.0,38.43264117528349,0.10050502109729152,0.20935928422749095,0.9651942809610924,0.9651942809610924,0.6248199740725323,1.173200750084997,0.0,23.156208670678367,14.430869689661812,hard,0.10036264362612632,0.07536561288996368,0.18189350937961543,0.24846675748575817
0.0,0.0,39.651169018962925,0.09960197009172243,0.202774127458431,0.9651942809610924,0.9651942809610924,0.6248199740725323,1.173200750084997,0.0,25.47513297315639,14.430869689661812,hard,0.099851584254242,0.07536561288996368,0.1806852283381116,0.24653108953425734
0.0,0.0,36.93546094085846,0.09896753280664478,0.200121868689757,0.9651942809610924,0.9651942809610924,0.6248199740725323,1.173200750084997,0.0,23.081499084764836,14.430869689661812,hard,0.0992803809595651,0.0753356194148475,0.17993544093977853,0.24502243294011913
0.0,0.0,37.05464582849168,0.09859801632742436,0.19867439318494107,0.9651942809610924,0.9651942809610924,0.6248199740725323,1.173200750084997,0.0,22.015776161652802,14.430869689661812,hard,0.09875434118506606,0.07492142571502496,0.17968098910398933,0.243833505232164
0.0,0.0,35.99520010347112,0.09823793290780333,0.19739269366932158,0.9651942809610924,0.9651942809610924,0.6248199740725323,1.173200750084997,0.0,20.750527704133212,14.430869689661812,hard,0.09825510559309933,0.07445386092704463,0.17938894499281388,0.242695616531705
0.0,0.0,36.49266886252003,0.09793102613678602,0.1958300008714811,0.9651942809610924,0.9651942809610924,0.6248199740725323,1.173200750084997,0.0,21.55517571257539,14.430869689661812,hard,0.09789640962149572,0.07390692336832691,0.17921999834907096,0.24155167968819977
0.0,0.0,36.78847374898705,0.0975093654067247,0.1942338720109105,0.9651942809610924,0.9651942809610924,0.6248199740725323,1.173200750084997,0.0,21.83278269025733,14.430869689661812,hard,0.09770369813985619,0.07357092893347703,0.17921660542409248,0.24026500067237125
0.0,0.0,37.891753886932236,0.09713513380266905,0.19299723368063965,0.9651942809610924,0.9651942809610924,0.6248199740725323,1.173200750084997,0.0,23.86982195157727,14.430869689661812,hard,0.09745759702742765,0.0732312702735761,0.17894836984235102,0.2388963897355618
0.0,0.0,37.63555320466825,0.0967174752862668,0.19125005336007694,0.9651942809610924,0.9651942809610924,0.6248199740725323,1.173200750084997,0.0,22.743122037222594,14.430869689661812,hard,0.09730962112474305,0.0729803820010405,0.177268660542661,0.2382678426825798
0.0,0.0,35.125013410711155,0.09655390581009532,0.1901896706904285,0.9651942809610924,0.9651942809610924,0.6248199740725323,1.173200750084997,0.0,19.444536507718563,14.430869689661812,hard,0.09717375968239689,0.07290046611826792,0.1771020192690989,0.2372982798798392
0.0,0.0,36.5749544414425,0.09641911162263375,0.1888391388276226,0.9651942809610924,0.9651942809610924,0.6248199740725323,1.173200750084997,0.0,21.368350427676912,14.430869689661812,hard,0.0970125457675701,0.07284027028636407,0.17610525097818702,0.23693656615425723
0.0,0.0,48.82002219780596,0.09517323828731332,0.18701893619381463,0.9651942809610924,0.9651942809610924,0.6248199740725323,1.173200750084997,0.0,32.477684646538464,14.430869689661812,hard,0.09696532825807015,0.07284549590468381,0.17447973706191247,0.23511291053153116
0.0,0.0,38.12296615655781,0.09448630822841407,0.18481787741467642,0.9651942809610924,0.9651942809610924,0.6248199740725323,1.173200750084997,0.0,24.020566188164672,14.430869689661812,hard,0.09693980386741158,0.07285031545198564,0.1726628687012518,0.234262412101114
0.0,0.0,37.36395030599411,0.0939928010188626,0.182693867374111,0.9651942809610924,0.9651942809610924,0.6248199740725323,1.173200750084997,0.0,22.32845717912458,14.430869689661812,hard,0.09691662871036175,0.07286061303288124,0.17118972271231608,0.23342701896549548
0.0,0.0,35.01292105547642,0.09359573707564789,0.1821837195405638,0.9651942809610924,0.9651942809610924,0.6248199740725323,1.173200750084997,0.0,18.060177186284744,14.430869689661812,hard,0.0969344689182977,0.07284906325738962,0.17021671735959729,0.23272914799556094
0.0,0.0,41.06515811982216,0.09304021294640573,0.24056501391319077,0.9651942809610924,0.9651942809610924,0.66,1.173200750084997,0.0,28.455579417752155,14.430869689661812,hard,0.09694313804355424,0.0728768470448238,0.16894943752718497,0.23190731014663224
0.0,0.0,37.05244138834661,0.09272261871158251,0.2384996009035939,0.9651942809610924,0.9651942809610924,0.66,1.173200750084997,0.0,21.73491200810346,14.430869689661812,hard,0.09695548497251553,0.0728768470448238,0.16822754785774657,0.23138168255685054
0.0,0.0,35.874019802621824,0.09254218218743045,0.2840954234760982,0.9651942809610924,0.9651942809610924,0.66332495807108,1.173200750084997,0.0,20.17571807891853,14.430869689661812,hard,0.09695548497251553,0.0729501433605913,0.1678138235177274,0.2308032570848482
0.0,0.0,35.32310474784231,0.09246266545863271,0.2828920692269193,0.9707728879609278,0.9707728879609278,0.66332495807108,1.1634431657799191,0.0,18.15836997089772,14.430869689661812,hard,0.09695548497251553,0.07296415826986496,0.16764062781564693,0.23045589130961266
0.0,0.0,38.98760580017443,0.09225553041911566,0.2819762207509375,0.9707728879609278,0.9707728879609278,0.66332495807108,1.1634431657799191,0.0,24.829989931532392,14.430869689661812,hard,0.09695548497251553,0.07286542584879935,0.16752867678171748,0.22962465264564794
0.0,0.0,40.56787208136383,0.09241856479080791,0.2802585812883673,0.9707728879609278,0.9707728879609278,0.66332495807108,1.1634431657799191,0.0,23.329843548553857,14.430869689661812,hard,0.09696489405500229,0.07264616578606406,0.1676320390339081,0.2294284707518597
0.0,0.0,37.191057215777334,0.09264013200570627,0.27868156405487987,0.9707728879609278,0.9707728879609278,0.66332495807108,1.1634431657799191,0.0,21.192036240059615,14.430869689661812,hard,0.09704502811818305,0.07222694510043359,0.16775779036066124,0.22926451682220425
0.0,0.0,37.235348929874604,0.09269545664763995,0.2775312723520942,0.9526804291051644,0.9526804291051644,0.66332495807108,1.1833849753989611,0.0,16.531231049138476,14.430869689661812,hard,0.09712048920253705,0.07204789269300511,0.16782910020913563,0.22840780526859245
0.0,0.0,33.397893261514454,0.09274047385412555,0.27607380376771556,0.9591663046625439,0.9591663046625439,0.66332495807108,1.1723480711802277,0.0,13.38805437694365,14.430869689661812,hard,0.09723707629530527,0.07191621436758806,0.16789413463788402,0.22772653934309026
0.0,0.0,36.98767208725217,0.09291675936661029,0.26247556051334575,0.9707728879609278,0.9707728879609278,0.66332495807108,1.1489125293076057,0.0,20.49101266409252,14.430869689661812,hard,0.09739429995924352,0.07184652665583754,0.16804687720235087,0.22755790088155015
0.0,0.0,33.33023508716481,0.09293142236285398,0.3028232528465719,0.9707728879609278,0.9707728879609278,0.6660330322138687,1.1489125293076057,0.0,13.71459077041674,14.430869689661812,hard,0.09739429995924352,0.07164855712524738,0.1681810041929676,0.22698078619462977
0.0,0.0,35.190184531046256,0.09309169133007777,0.30144553673316676,0.9759098319004681,0.9759098319004681,0.6660330322138687,1.1364858116140297,0.0,17.326557650035394,14.430869689661812,hard,0.09753026896976541,0.07105218519911236,0.1683695272384219,0.2262596552910619
0.0,0.0,45.12697850395572,0.0934082007791927,0.3000969316278674,0.9759098319004681,0.9759098319004681,0.6660330322138687,1.1364858116140297,0.0,18.725821744318726,14.430869689661812,hard,0.09755600112611264,0.07043808090123446,0.16853261055612948,0.22610972077713698
