step,timestamp,reward,coverage,cov_trace,altitude,alt_idx,loop_closures,altitude_changes,frontier_count,new_cells,map_seed,difficulty,cov_alt0,cov_alt1,cov_alt2,cov_alt3
0.0,0.0,49.66742857094393,0.010544268178226204,0.029878876659078058,0.0,0.0,0.0,0.0,0.0,49.41433395281171,14.430869689661812,hard,0.03068047405121456,0.0171487849272155,0.0,0.0
0.0,0.0,40.434758897372205,0.01149916364471634,0.049557516876490716,0.0,0.0,0.0,0.0,0.0,40.67923303111798,14.430869689661812,hard,0.03500296721503502,0.017767656581381575,0.0,0.0
0.0,0.0,39.64224991695336,0.012045155947624713,0.07231020916060536,0.0,0.0,0.0,0.0,0.0,39.36981584920102,14.430869689661812,hard,0.03536271129730647,0.019381015841063675,0.0,0.0
0.0,0.0,32.52904337772479,0.013773711967372527,0.09788742139911644,0.0,0.0,0.0,0.0,0.0,32.50661471147065,14.430869689661812,hard,0.03833225751523879,0.023369617767060227,0.0,0.0
0.0,0.0,40.27633927010186,0.015948577156013718,0.12509132744083468,0.0,0.0,0.0,0.0,0.0,39.80969228718052,14.430869689661812,hard,0.04154449782686143,0.028337112332463783,0.0,0.0
0.0,0.0,41.006914393275,0.018393333485568146,0.15642959324004513,0.0,0.0,0.0,0.0,0.0,40.449059321571376,14.430869689661812,hard,0.046810562700377416,0.032552495096019984,0.0,0.0
0.0,0.0,59.45464819654609,0.021602547204532578,0.18463926335995914,0.0,0.0,0.0,0.0,0.0,59.03653445113458,14.430869689661812,hard,0.0549069634723735,0.03741626558696718,0.0,0.0
0.0,0.0,55.844162938491216,0.02518171061431399,0.21587018215391746,0.0,0.0,0.0,0.0,0.0,55.518029503936816,14.430869689661812,hard,0.06270854658189985,0.0444059092635001,0.0,0.0
0.0,0.0,47.159205954459324,0.02775439911193391,0.2430583295746876,0.0,0.0,0.0,0.0,0.0,46.63481960938629,14.430869689661812,hard,0.06858821359062514,0.04868430126584725,0.0,0.0
0.0,0.0,52.76987443146695,0.030593024007625532,0.272375344147122,0.0,0.0,0.0,0.0,0.0,52.101224553747294,14.430869689661812,hard,0.07453968165570818,0.05440354871563157,0.0,0.0
0.0,0.0,51.924276729813684,0.033919257586920264,0.3043481819106021,0.0,0.0,0.0,0.0,0.0,47.472248735445426,14.430869689661812,hard,0.08195748512923244,0.060305620564330385,0.0,0.0
0.0,0.0,44.89931097031709,0.03680724204891091,0.3333803590038152,0.0,0.0,0.0,0.0,0.0,44.70007158830957,14.430869689661812,hard,0.08712109183976742,0.06652426065227018,0.0,0.0
0.0,0.0,50.02075289068006,0.0392822457486555,0.3634975400748552,0.0,0.0,0.0,0.0,0.0,47.89555720523564,14.430869689661812,hard,0.09303098382402337,0.07073258490968198,0.0,0.0
0.0,0.0,37.288503717433194,0.04167293136858898,0.39022791280432306,0.0,0.0,0.0,0.0,0.0,34.685841491882535,14.430869689661812,hard,0.09784857501359479,0.0756029791613329,0.0,0.0
0.0,0.0,49.76485007078259,0.043517263802796156,0.41478473988257386,0.0,0.0,0.0,0.0,0.0,36.828793083673006,14.430869689661812,hard,0.1019523754292893,0.07906227492283842,0.0,0.0
0.0,0.0,49.04294763278197,0.04616703300737371,0.4393497747648763,0.0,0.0,0.0,0.0,0.0,43.55825524513121,14.430869689661812,hard,0.10751356002822966,0.08433196700475969,0.0,0.0
0.0,0.0,40.38405564337706,0.04832329678399289,0.4642387172259508,0.0,0.0,0.0,0.0,0.0,33.25663242121788,14.430869689661812,hard,0.11304171247270625,0.08748339387168265,0.0,0.0
0.0,0.0,49.78239133982599,0.05113456609705181,0.4894194858975497,0.0,0.0,0.0,0.0,0.0,46.17859244281922,14.430869689661812,hard,0.11885273343308812,0.0931028712390916,0.0,0.0
0.0,0.0,36.49075821529021,0.05370024625608979,0.5152951159561862,0.0,0.0,0.0,0.0,0.0,35.59004917108152,14.430869689661812,hard,0.1246103801535508,0.0977749241074094,0.0,0.0
0.0,0.0,32.56004108465361,0.05576877507600426,0.5393451014848353,0.0,0.0,0.0,0.0,0.0,32.67310208719093,14.430869689661812,hard,0.1288658317995611,0.10191823136323644,0.0,0.0
0.0,0.0,140.98927519557472,0.06793021398670937,0.6307192824388015,0.4963869458396342,0.4963869458396343,0.0,0.4963869458396343,0.0,123.03564524153151,14.430869689661812,hard,0.13107521070170633,0.12079783223062139,0.03228335488484268,0.0
0.0,0.0,86.77825317216579,0.07435651888749922,0.6702418283529894,0.49839743177508455,0.49839743177508455,0.0,0.49839743177508455,0.0,72.48382992088649,14.430869689661812,hard,0.13403395560810782,0.13306023711041495,0.042200174444316216,0.0
0.0,0.0,74.07325725687204,0.07981381526866553,0.704024470135504,0.49839743177508455,0.49839743177508455,0.0,0.49839743177508455,0.0,64.65597884186737,14.430869689661812,hard,0.13664147556735903,0.1452445887557648,0.05095450011524203,0.0
0.0,0.0,81.66334069207628,0.08491464676953418,0.7376586887758224,0.4995998398718719,0.4995998398718719,0.0,0.4995998398718719,0.0,73.78482499809834,14.430869689661812,hard,0.13985417920573304,0.15497851855607284,0.05794747061967957,0.0
0.0,0.0,63.937195764203935,0.09017702726895448,0.7735320599548333,0.4995998398718719,0.4995998398718719,0.0,0.4995998398718719,0.0,59.76490274400185,14.430869689661812,hard,0.14544907048625222,0.163332756203609,0.06501982603274155,0.0
0.0,0.0,66.01403059658692,0.09574286824296005,0.8100536451009291,0.4995998398718719,0.4995998398718719,0.0,0.4995998398718719,0.0,60.92256068157345,14.430869689661812,hard,0.15083063232226993,0.17175849425100229,0.07353524098839252,0.0
0.0,0.0,62.91085838850992,0.10045761767367811,0.8442784592310898,0.4995998398718719,0.4995998398718719,0.0,0.4995998398718719,0.0,57.69067862315367,14.430869689661812,hard,0.1551844973195846,0.1790005752853823,0.08141144315426614,0.0
0.0,0.0,55.98733058365589,0.10545644240275608,0.8805833340573503,0.4995998398718719,0.4995998398718719,0.0,0.4995998398718719,0.0,55.57670375256166,14.430869689661812,hard,0.15988319005471566,0.1868283803315841,0.08878587904002339,0.0
0.0,0.0,61.55161671795568,0.11098252946911663,0.916528107528401,0.4995998398718719,0.4995998398718719,0.0,0.4995998398718719,0.0,59.65118942653197,14.430869689661812,hard,0.16565557552759563,0.19564349793304608,0.09638103450609427,0.0
0.0,0.0,48.758505053192856,0.11501877075051162,0.9492186008832525,0.4995998398718719,0.4995998398718719,0.0,0.4995998398718719,0.0,49.16750552956699,14.430869689661812,hard,0.16843837116861132,0.2027039391401742,0.10274914121485793,0.0
0.0,0.0,49.717988583952106,0.11906709218000776,0.9842365321284577,0.4995998398718719,0.4995998398718719,0.0,0.4995998398718719,0.0,48.84327589341239,14.430869689661812,hard,0.17251920819408914,0.20976334972622643,0.10808504337698852,0.0
0.0,0.0,65.33919245878818,0.12447865911874746,1.018085600373685,0.4995998398718719,0.4995998398718719,0.0,0.4995998398718719,0.0,62.60062619495111,14.430869689661812,hard,0.1778873386729584,0.2193988897298709,0.11474412954168536,0.0
0.0,0.0,60.62959519459106,0.12952316581068338,1.049935905167855,0.4995998398718719,0.4995998398718719,0.0,0.4995998398718719,0.0,60.97189188470373,14.430869689661812,hard,0.18283777263494178,0.2275232781783784,0.12218298870612992,0.0
0.0,0.0,45.058555781713885,0.13325534657858037,1.0823897591888556,0.4995998398718719,0.4995998398718719,0.0,0.4995998398718719,0.0,45.2343939939511,14.430869689661812,hard,0.18606784293005432,0.23316091164231523,0.12841913817935854,0.0
0.0,0.0,56.24644694463737,0.1373183141370094,1.1160388630066806,0.4995998398718719,0.4995998398718719,0.0,0.4995998398718719,0.0,53.24460160429412,14.430869689661812,hard,0.19094492782278796,0.2387729146791755,0.13429376557085446,0.0
0.0,0.0,51.87742792871826,0.14122888865774988,1.147878833703895,0.4995998398718719,0.4995998398718719,0.0,0.4995998398718719,0.0,49.564200790489906,14.430869689661812,hard,0.19597904304820224,0.24405524368900994,0.1395326946532122,0.0
0.0,0.0,51.29068693216777,0.14509493154967318,1.1801861657790063,0.4995998398718719,0.4995998398718719,0.0,0.4995998398718719,0.0,48.79356105061404,14.430869689661812,hard,0.20081689328839847,0.24955269036698782,0.14460578308906633,0.0
0.0,0.0,60.86614195945508,0.14964943228089542,1.2131930125117873,0.4995998398718719,0.4995998398718719,0.0,0.4995998398718719,0.0,56.03149471502612,14.430869689661812,hard,0.20551792454633086,0.25675167075040806,0.15113292421432717,0.0
0.0,0.0,44.83221821467158,0.15249973508761952,1.2406877938882688,0.4995998398718719,0.4995998398718719,0.0,0.4995998398718719,0.0,36.91848317577525,14.430869689661812,hard,0.20849575706068985,0.2610893964872879,0.15529790731987078,0.0
0.0,0.0,42.21130785839606,0.1553666416924557,1.2660465629880937,0.4995998398718719,0.4995998398718719,0.0,0.4995998398718719,0.0,39.04787318151912,14.430869689661812,hard,0.2121580429354997,0.2651932301462555,0.1590080223035065,0.0
0.0,0.0,45.368532473886944,0.1577669660315807,1.2873483744201006,0.4995998398718719,0.4995998398718719,0.0,0.4995998398718719,0.0,42.98047929002188,14.430869689661812,hard,0.21479587531029937,0.26877424578693104,0.1623354626505356,0.0
0.0,0.0,131.48151069133928,0.16817536342890566,1.36763256803275,0.9516301802696254,0.9516301802696255,0.0,0.9516301802696255,0.0,111.70381551227335,14.430869689661812,hard,0.2146541608125086,0.269716357664197,0.17687738169502165,0.029149981782545194
0.0,0.0,61.28639629398951,0.1720722437696946,1.386138029060829,0.9643650760992956,0.9643650760992956,0.0,0.9643650760992956,0.0,55.19711586668274,14.430869689661812,hard,0.21452749645592148,0.27129276624524423,0.18547079337450526,0.03448342113945831
0.0,0.0,48.47552019858387,0.17496827729156422,1.398481686400039,0.9643650760992956,0.9643650760992956,0.0,0.9643650760992956,0.0,45.24035808876848,14.430869689661812,hard,0.21404171791148388,0.2729905674119735,0.19167455524437033,0.03953070099585334
0.0,0.0,57.42831725515321,0.17813735635103367,1.410941772555598,0.9765244492586963,0.9765244492586963,0.0,0.9765244492586963,0.0,55.72037329379623,14.430869689661812,hard,0.2135633433229015,0.2750601809039658,0.19708438788657826,0.04568509998786118
0.0,0.0,37.80051095985317,0.17960563659557802,1.422512085838624,0.9765244492586963,0.9765244492586963,0.0,0.9765244492586963,0.0,37.44115382837447,14.430869689661812,hard,0.21278950760298207,0.2757993595101645,0.20004850978798336,0.04973676598432367
0.0,0.0,35.819268389920786,0.1815299731352357,1.4332536301810315,0.9765244492586963,0.9765244492586963,0.0,0.9765244492586963,0.0,32.15530438356944,14.430869689661812,hard,0.21278950760298207,0.2765906519991498,0.20357579938198833,0.054247261331166856
0.0,0.0,49.436844184133435,0.18487881343499427,1.4390942696246962,0.9765244492586963,0.9765244492586963,0.0,0.9765244492586963,0.0,49.49878382344358,14.430869689661812,hard,0.21278950760298207,0.2775093131651774,0.21205207155277855,0.060023149164175574
0.0,0.0,40.762232533445584,0.18747280212136866,1.4431672583230641,0.9765244492586963,0.9765244492586963,0.0,0.9765244492586963,0.0,39.214696224757375,14.430869689661812,hard,0.21278950760298207,0.2780308818982047,0.21875992883412218,0.06488431659644288
0.0,0.0,54.39888628537522,0.1904390010532027,1.4479216555001353,0.9765244492586963,0.9765244492586963,0.0,0.9765244492586963,0.0,43.9887667478869,14.430869689661812,hard,0.21278950760298207,0.27912816940885193,0.22554489716029105,0.07112941345558088
0.0,0.0,38.717120838719765,0.19313244147721548,1.451796650852621,0.9765244492586963,0.9765244492586963,0.0,0.9765244492586963,0.0,38.6953485576755,14.430869689661812,hard,0.21278950760298207,0.2801076562148357,0.23206159486302733,0.0762153522754249
0.0,0.0,34.509126612782595,0.19526777438224968,1.4557453332471926,0.9765244492586963,0.9765244492586963,0.0,0.9765244492586963,0.0,32.34157695598655,14.430869689661812,hard,0.21278950760298207,0.28078114989468195,0.23731581482040318,0.08028554507965957
0.0,0.0,40.241614427515266,0.19758003122809784,1.459726884748722,0.9765244492586963,0.9765244492586963,0.0,0.9765244492586963,0.0,36.5101410569721,14.430869689661812,hard,0.21278950760298207,0.2817333419709674,0.242225454819593,0.08555327577043996
0.0,0.0,42.21974538555768,0.20004090437012384,1.463987393788782,0.9765244492586963,0.9765244492586963,0.0,0.9765244492586963,0.0,41.81165387783649,14.430869689661812,hard,0.21278950760298207,0.28309619086516097,0.2476901025971218,0.09087158795577029
0.0,0.0,36.44329831050523,0.2025660624092432,1.4672833234461922,0.9765244492586963,0.9765244492586963,0.0,0.9765244492586963,0.0,36.85265797741054,14.430869689661812,hard,0.21278950760298207,0.2842384908590769,0.2520206993844007,0.09709758682417699
0.0,0.0,44.85260033695317,0.20457900495467238,1.469972244580386,0.9765244492586963,0.9765244492586963,0.0,0.9765244492586963,0.0,45.03632311812322,14.430869689661812,hard,0.21278950760298207,0.285720698784977,0.254864647856672,0.1020546751752768
0.0,0.0,36.59253312302909,0.206229022722314,1.472873307121706,0.9765244492586963,0.9765244492586963,0.0,0.9765244492586963,0.0,31.687852562141224,14.430869689661812,hard,0.21278950760298207,0.286982294286175,0.2573787624919609,0.10580820754040389
0.0,0.0,32.14162352820045,0.2081268596556842,1.474873279784189,0.9765244492586963,0.9765244492586963,0.0,0.9765244492586963,0.0,32.02104932696616,14.430869689661812,hard,0.21269287780855145,0.2886418784691284,0.259998364264282,0.11021783202308437
0.0,0.0,40.266846666735994,0.20998702070372632,1.4764888514904857,0.9765244492586963,0.9765244492586963,0.0,0.9765244492586963,0.0,39.61123073069051,14.430869689661812,hard,0.21205956224096198,0.29000008281278083,0.2630761716169591,0.11475729537465762
0.0,0.0,35.46139882545129,0.21156426156556407,1.4793066659781804,0.9765244492586963,0.9765244492586963,0.0,0.9765244492586963,0.0,35.34286915347988,14.430869689661812,hard,0.21205956224096198,0.29106875241680963,0.26550152219346307,0.11859871185236219
0.0,0.0,39.920528644207,0.2132541529756007,1.4793423595269675,0.9765244492586963,0.9765244492586963,0.0,0.9765244492586963,0.0,40.23107753963346,14.430869689661812,hard,0.21186010254246362,0.29278658381465056,0.2690039851955247,0.1211993885581919
0.0,0.0,41.268874217811224,0.21538384616455142,1.4796852427275191,0.9765244492586963,0.9765244492586963,0.0,0.9765244492586963,0.0,41.09598520537013,14.430869689661812,hard,0.21180779121683477,0.29432443524327595,0.2729560395545438,0.125796330042569
0.0,0.0,80.68985094145687,0.22075539716112627,1.5075340244246551,1.3067516979135707,1.3067516979135707,0.0,1.3067516979135707,0.0,68.20022287353612,14.430869689661812,hard,0.21171683141728587,0.29486331188278836,0.2773766588619188,0.1364732596427467
0.0,0.0,54.318145659221564,0.22464023131161817,1.514786327112652,1.3067516979135707,1.3067516979135707,0.0,1.3067516979135707,0.0,49.643630004261375,14.430869689661812,hard,0.21171683141728587,0.29537567047888647,0.2811940101861406,0.14558013943750223
0.0,0.0,39.367055146735346,0.2273267982074868,1.5210398226592634,1.3067516979135707,1.3067516979135707,0.0,1.3067516979135707,0.0,38.259226338231144,14.430869689661812,hard,0.21171683141728587,0.2956990053652666,0.28408937363249115,0.15318148918398636
0.0,0.0,36.440786622163536,0.22979154097230706,1.524128794288374,1.3067516979135707,1.3067516979135707,0.0,1.3067516979135707,0.0,33.30371751021198,14.430869689661812,hard,0.21171683141728587,0.2959915300402041,0.28605681445243575,0.16149973692383335
0.0,0.0,42.48019829876385,0.2327027619829679,1.529407307376653,1.3067516979135707,1.3067516979135707,0.0,1.3067516979135707,0.0,41.32033397735308,14.430869689661812,hard,0.21171683141728587,0.2969222377285921,0.28913277419424466,0.16918916657378846
0.0,0.0,37.69265916499416,0.23553562898782893,1.5344163300831533,1.3067516979135707,1.3067516979135707,0.0,1.3067516979135707,0.0,37.306299736103554,14.430869689661812,hard,0.21171683141728587,0.29767455183765956,0.2914215465515221,0.17737962047868217
0.0,0.0,46.70494581313642,0.2387995122802204,1.5398753276496244,1.3067516979135707,1.3067516979135707,0.0,1.3067516979135707,0.0,42.81973843918246,14.430869689661812,hard,0.21171683141728587,0.2988935301118571,0.29400738566155493,0.1867804166433492
0.0,0.0,45.33829343191659,0.24159026237684958,1.545429250064614,1.3067516979135707,1.3067516979135707,0.0,1.3067516979135707,0.0,37.253917914764344,14.430869689661812,hard,0.21171683141728587,0.2995038258757933,0.2963068675415163,0.19576759770235294
0.0,0.0,48.57682088267808,0.24373890107385907,1.5496742011617275,1.296148139681572,1.296148139681572,0.0,1.296148139681572,0.0,43.4392265124507,14.430869689661812,hard,0.21170083221554079,0.2997153381064285,0.29726964005900797,0.2038769788210677
0.0,0.0,40.54381865132355,0.24577905172947692,1.5554292082117476,1.296148139681572,1.296148139681572,0.0,1.296148139681572,0.0,40.41142907643826,14.430869689661812,hard,0.21161046317228796,0.30017648795817653,0.2988246110685324,0.21127056074630832
0.0,0.0,40.7142782074007,0.24804434344285795,1.559774755082331,1.296148139681572,1.296148139681572,0.0,1.296148139681572,0.0,37.37586922066161,14.430869689661812,hard,0.2115729851756737,0.30021406821007796,0.30067236608858083,0.21901282775854405
0.0,0.0,29.752509570445717,0.2496822174559364,1.563726970388739,1.296148139681572,1.296148139681572,0.0,1.296148139681572,0.0,29.327966175648797,14.430869689661812,hard,0.2115446786041349,0.30022691573200044,0.3012902241512721,0.2257792265580231
0.0,0.0,43.797884996143615,0.2516783391556491,1.5656501539621195,1.296148139681572,1.296148139681572,0.0,1.296148139681572,0.0,36.060415970978475,14.430869689661812,hard,0.21149389529411292,0.3002318845901329,0.3024172714275084,0.23337547398333888
0.0,0.0,30.00522506386587,0.25298095986379204,1.5673867251916918,1.296148139681572,1.296148139681572,0.0,1.296148139681572,0.0,25.283900015622585,14.430869689661812,hard,0.21148555316032,0.3002423750590374,0.3029246725503496,0.2388815635499276
0.0,0.0,24.534700124728836,0.2540921173772503,1.5674637683330244,1.296148139681572,1.296148139681572,0.0,1.296148139681572,0.0,24.260659512882167,14.430869689661812,hard,0.21143073624069061,0.30028068813062436,0.30338352628490256,0.24380748422246792
0.0,0.0,35.59506770878386,0.2554609872555254,1.567635147179603,1.296148139681572,1.296148139681572,0.0,1.296148139681572,0.0,28.028335662325723,14.430869689661812,hard,0.21141945500308054,0.3003101625280952,0.3050843550492064,0.24780903031040707
0.0,0.0,23.569172042916886,0.2565391586428068,1.5679000091839925,1.296148139681572,1.296148139681572,0.0,1.296148139681572,0.0,23.26171962688915,14.430869689661812,hard,0.21141114397280758,0.30033300830477444,0.30623004272975535,0.25124127026570947
0.0,0.0,26.56573749403549,0.2575637327395901,1.5682926542441176,1.296148139681572,1.296148139681572,0.0,1.296148139681572,0.0,25.953157804012985,14.430869689661812,hard,0.21141019442877743,0.30035052609010815,0.30730351889360535,0.2545851082297441
0.0,0.0,25.945109415648517,0.2582069408526548,1.568767246346761,1.296148139681572,1.296148139681572,0.0,1.296148139681572,0.0,18.69653443823213,14.430869689661812,hard,0.21142700463623146,0.3004064886481127,0.30796474704743965,0.2566740038720502
0.0,0.0,25.51749191534686,0.25923171160524455,1.5693651249345115,1.296148139681572,1.296148139681572,0.0,1.296148139681572,0.0,25.638127856768325,14.430869689661812,hard,0.21149922715784186,0.3004646146215467,0.3089482643489566,0.26043537406851125
0.0,0.0,16.907113688885982,0.2602013367161597,1.5693651249345115,1.296148139681572,1.296148139681572,0.0,1.296148139681572,0.0,16.402694900533877,14.430869689661812,hard,0.21149922715784186,0.3004646146215467,0.30996214493216817,0.26365664956560597
0.0,0.0,16.794740914019325,0.26128455632615394,1.5693651249345115,1.296148139681572,1.296148139681572,0.0,1.296148139681572,0.0,16.58220733195674,14.430869689661812,hard,0.21149922715784186,0.3004646146215467,0.3110298694094501,0.26729077225378467
0.0,0.0,16.087175629139995,0.26210880999723146,1.5693651249345115,1.296148139681572,1.296148139681572,0.0,1.296148139681572,0.0,15.815486081685885,14.430869689661812,hard,0.21149922715784186,0.3004646146215467,0.3114872071000325,0.27037924946833664
0.0,0.0,27.005600729673493,0.26305699874174454,1.5700501684000492,1.296148139681572,1.296148139681572,0.0,1.296148139681572,0.0,26.35982549259384,14.430869689661812,hard,0.21158034232381157,0.3006730996900797,0.31245646934647425,0.27353393213085747
0.0,0.0,25.456639385967275,0.2641256620265664,1.5707440794782497,1.296148139681572,1.296148139681572,0.0,1.296148139681572,0.0,24.757423129235406,14.430869689661812,hard,0.2116831702001286,0.3008198766377301,0.3141405784341243,0.2762808306738549
0.0,0.0,28.291489046554492,0.26463716005095744,1.5701539432253089,1.296148139681572,1.296148139681572,0.0,1.296148139681572,0.0,28.594747769476825,14.430869689661812,hard,0.21150940958339914,0.3007121942154643,0.31507798311790647,0.2781899326298016
0.0,0.0,21.83552026736848,0.26506840352056643,1.5697596735996668,1.296148139681572,1.296148139681572,0.0,1.296148139681572,0.0,21.644112363411907,14.430869689661812,hard,0.21141723741416596,0.3006308219592335,0.31586345410699745,0.27972441212921906
0.0,0.0,22.784357994967497,0.26530672303203007,1.5695922543221428,1.296148139681572,1.296148139681572,0.0,1.296148139681572,0.0,22.790840265334666,14.430869689661812,hard,0.2111381852784829,0.3003664050741176,0.3164648198957056,0.28108293035979487
0.0,0.0,21.24644872976531,0.2657985338075532,1.5696221495697007,1.296148139681572,1.296148139681572,0.0,1.296148139681572,0.0,20.8968897207216,14.430869689661812,hard,0.2111535564580126,0.3001774323095998,0.3175882939892861,0.2821478834243004
0.0,0.0,36.14414913609725,0.266607692768811,1.5722239767735333,1.3006152390311287,1.3006152390311287,0.0,1.3006152390311287,0.0,33.03373427270977,14.430869689661812,hard,0.21109955071720676,0.3001051596222867,0.3186341410965701,0.2838480207158575
0.0,0.0,12.97866607543399,0.26695284465085595,1.5727512781585977,1.3006152390311287,1.3006152390311287,0.0,1.3006152390311287,0.0,11.966352827825192,14.430869689661812,hard,0.21109955071720676,0.3001107482443963,0.3192628613542492,0.2845480285007853
0.0,0.0,22.76437616334842,0.2679067766818846,1.5736792873467764,1.3006152390311287,1.3006152390311287,0.0,1.3006152390311287,0.0,22.945753419750684,14.430869689661812,hard,0.21109955071720676,0.3001107482443963,0.3207287901743371,0.2871707634644676
0.0,0.0,30.69118580240939,0.26822317138833174,1.5747867596109797,1.3006152390311287,1.3006152390311287,0.0,1.3006152390311287,0.0,25.04706769264618,14.430869689661812,hard,0.21109547183730493,0.2999696364029197,0.3212243980383362,0.2882096346320956
0.0,0.0,39.16356865530102,0.26856037480049366,1.5751063183906808,1.2893409169028958,1.2893409169028958,0.0,1.2893409169028958,0.0,34.223056555486096,14.430869689661812,hard,0.21110078276355929,0.29984689232392503,0.32127142662019587,0.28960469939151307
0.0,0.0,33.4563792015408,0.26910561903754926,1.576605568214683,1.2893409169028958,1.2893409169028958,0.0,1.2893409169028958,0.0,25.856867559702586,14.430869689661812,hard,0.21111065310821014,0.29997214941717765,0.3218526029359737,0.29140312140946034
0.0,0.0,28.86689384945742,0.2699451194324804,1.5784318470493286,1.2893409169028958,1.2893409169028958,0.0,1.2893409169028958,0.0,28.938583241064165,14.430869689661812,hard,0.21112183287378025,0.3001964675763945,0.3235183678564429,0.29275265624208247
0.0,0.0,26.766164493271344,0.2706597686945483,1.5803104814734055,1.2893409169028958,1.2893409169028958,0.0,1.2893409169028958,0.0,26.4733526399661,14.430869689661812,hard,0.21113680601726734,0.30041108261664906,0.3244869643173858,0.2947388310478536
0.0,0.0,21.21924404585915,0.2711046034267149,1.5805380071993438,1.2893409169028958,1.2893409169028958,0.0,1.2893409169028958,0.0,18.361100184901776,14.430869689661812,hard,0.2111544640605032,0.3004730640377381,0.32490015936756994,0.29641496883239027
0.0,0.0,10.681396846987813,0.27141972440881196,1.5805380071993438,1.2893409169028958,1.2893409169028958,0.0,1.2893409169028958,0.0,10.481908223219664,14.430869689661812,hard,0.2111544640605032,0.30049688972493616,0.3251138175740758,0.29767961265872606
0.0,0.0,28.31830748394159,0.27225209558612024,1.5805380071993438,1.2893409169028958,1.2893409169028958,0.0,1.2893409169028958,0.0,27.483813418083013,14.430869689661812,hard,0.2111544640605032,0.30061830935624245,0.32696867713341216,0.29868256684181893
0.0,0.0,11.214948025476907,0.2726009128919983,1.5805380071993438,1.2893409169028958,1.2893409169028958,0.0,1.2893409169028958,0.0,11.52562362737913,14.430869689661812,hard,0.2111544640605032,0.3006762777993851,0.32761990891817105,0.29944117991539954
0.0,0.0,10.735053292541824,0.27289453043718015,1.5805380071993438,1.2893409169028958,1.2893409169028958,0.0,1.2893409169028958,0.0,10.3789980248577,14.430869689661812,hard,0.2111544640605032,0.3007947053903748,0.32809511978303435,0.3001845130539137
0.0,0.0,16.825299920932206,0.2731976418450332,1.5805380071993438,1.2893409169028958,1.2893409169028958,0.0,1.2893409169028958,0.0,17.483432157331123,14.430869689661812,hard,0.2111544640605032,0.300942970160145,0.3285876187616208,0.30069793432873826
0.0,0.0,15.984799135647425,0.2736225791837088,1.5805380071993438,1.2893409169028958,1.2893409169028958,0.0,1.2893409169028958,0.0,15.533460657561147,14.430869689661812,hard,0.2111544640605032,0.3010596453461405,0.3291520756919066,0.30194310515950906
0.0,0.0,11.23982598390518,0.27392048894795396,1.5805380071993438,1.2893409169028958,1.2893409169028958,0.0,1.2893409169028958,0.0,10.94561099253943,14.430869689661812,hard,0.2111544640605032,0.3010869756842388,0.32980433586097474,0.30245872411737384
0.0,0.0,24.67882830618224,0.27443902556615746,1.5805380071993438,1.2893409169028958,1.2893409169028958,0.0,1.2893409169028958,0.0,24.576907860835544,14.430869689661812,hard,0.2111544640605032,0.30109611955426047,0.33128290671324595,0.3032436300930086
0.0,0.0,26.14592127225853,0.2749162922506869,1.5805380071993438,1.2893409169028958,1.2893409169028958,0.0,1.2893409169028958,0.0,26.641238709939895,14.430869689661812,hard,0.2111544640605032,0.3011236524147662,0.33275292260859807,0.30382635769664973
0.0,0.0,13.579409065372804,0.27530280167708515,1.5805380071993438,1.2893409169028958,1.2893409169028958,0.0,1.2893409169028958,0.0,12.61960379726717,14.430869689661812,hard,0.2111544640605032,0.30124471557063154,0.3336132791454388,0.30470990730713854
0.0,0.0,14.387377373738047,0.27564295683574636,1.5805380071993438,1.2893409169028958,1.2893409169028958,0.0,1.2893409169028958,0.0,14.467909316829436,14.430869689661812,hard,0.2111544640605032,0.3015052499990617,0.3345270232106918,0.30499918982632557
0.0,0.0,29.955960601484048,0.2764280635660369,1.5805380071993438,1.2893409169028958,1.2893409169028958,0.0,1.2893409169028958,0.0,23.76552124402072,14.430869689661812,hard,0.2111544640605032,0.30180910154078117,0.33524878509187395,0.3076168730751995
0.0,0.0,19.887445475395822,0.27697236041969175,1.5805380071993438,1.2893409169028958,1.2893409169028958,0.0,1.2893409169028958,0.0,18.62622881852362,14.430869689661812,hard,0.2111544640605032,0.3020738333133372,0.3359799570773352,0.3091006905678237
0.0,0.0,14.466833185852673,0.27733386803833066,1.5805380071993438,1.2893409169028958,1.2893409169028958,0.0,1.2893409169028958,0.0,13.671883557140179,14.430869689661812,hard,0.2111544640605032,0.3024279280463153,0.33648114656327777,0.30969108005321794
0.0,0.0,17.66369621210867,0.2777470253286895,1.5805380071993438,1.2893409169028958,1.2893409169028958,0.0,1.2893409169028958,0.0,17.55768777487514,14.430869689661812,hard,0.2111544640605032,0.30294264095310103,0.33681761085396206,0.3103700616233263
0.0,0.0,17.44182600943004,0.278166303923936,1.5805380071993438,1.2893409169028958,1.2893409169028958,0.0,1.2893409169028958,0.0,17.340126873814963,14.430869689661812,hard,0.2111544640605032,0.303299432400411,0.3378805231252723,0.31072751384797687
0.0,0.0,30.28145952850051,0.2783626037187855,1.5805949912285167,1.293213052826177,1.293213052826177,0.0,1.293213052826177,0.0,26.660832695172893,14.430869689661812,hard,0.2111544640605032,0.30365709687212106,0.33848761803078525,0.31036838767019226
0.0,0.0,13.656414345981737,0.2786313301146591,1.5805949912285167,1.293213052826177,1.293213052826177,0.0,1.293213052826177,0.0,13.99772838713482,14.430869689661812,hard,0.2111544640605032,0.30405462129109895,0.33887367207948754,0.310669304290768
0.0,0.0,12.938719194681946,0.27888177005649617,1.5805949912285167,1.293213052826177,1.293213052826177,0.0,1.293213052826177,0.0,12.877328915578726,14.430869689661812,hard,0.2111544640605032,0.30438326315264963,0.33921551479990564,0.3109959016132368
0.0,0.0,13.307353769719692,0.27915577370804995,1.5805949912285167,1.293213052826177,1.293213052826177,0.0,1.293213052826177,0.0,13.020000000000001,14.430869689661812,hard,0.2111544640605032,0.30490834250859844,0.3394233560176005,0.3113389749027222
0.0,0.0,13.552182506083748,0.2794233804100836,1.5805949912285167,1.293213052826177,1.293213052826177,0.0,1.293213052826177,0.0,13.020000000000001,14.430869689661812,hard,0.2111544640605032,0.30536540705835535,0.33966842447040557,0.31169846975603405
0.0,0.0,11.98444691849988,0.2796764157677034,1.5805949912285167,1.293213052826177,1.293213052826177,0.0,1.293213052826177,0.0,11.897579585781305,14.430869689661812,hard,0.2111544640605032,0.30572994462216135,0.33993408292692867,0.31207432942258523
0.0,0.0,13.656172453971879,0.28002093744936624,1.5805949912285167,1.293213052826177,1.293213052826177,0.0,1.293213052826177,0.0,13.911563535419015,14.430869689661812,hard,0.2111544640605032,0.30626225932108103,0.3403850479015284,0.31252004557256124
0.0,0.0,13.696271446885364,0.2804515416174236,1.5805949912285167,1.293213052826177,1.293213052826177,0.0,1.293213052826177,0.0,13.585654198455074,14.430869689661812,hard,0.2111544640605032,0.30673094536251333,0.341115423983482,0.3129940016805483
0.0,0.0,19.318888173779452,0.28072111955063245,1.5807386880184056,1.293213052826177,1.293213052826177,0.0,1.293213052826177,0.0,15.95674152200254,14.430869689661812,hard,0.2111544640605032,0.30725319378305377,0.34132262502481847,0.3133568263995385
0.0,0.0,11.506682035087087,0.2809858522140187,1.5809867425895192,1.293213052826177,1.293213052826177,0.0,1.293213052826177,0.0,10.548099354860097,14.430869689661812,hard,0.2111544640605032,0.30771026627735043,0.3414207828457933,0.3139058379937786
0.0,0.0,19.302004900469637,0.28158368215021323,1.5809867425895192,1.293213052826177,1.293213052826177,0.0,1.293213052826177,0.0,19.22732430682959,14.430869689661812,hard,0.2111544640605032,0.3080953149585055,0.3426864956138265,0.31459413506920963
0.0,0.0,18.333180332752253,0.28222389434620654,1.5809867425895192,1.293213052826177,1.293213052826177,0.0,1.293213052826177,0.0,18.159570479501983,14.430869689661812,hard,0.2111544640605032,0.30834431687768993,0.34337211358487396,0.3161844534528615
0.0,0.0,10.148655287574748,0.2825463750290738,1.5809867425895192,1.293213052826177,1.293213052826177,0.0,1.293213052826177,0.0,10.079067417177049,14.430869689661812,hard,0.2111544640605032,0.3084519751662849,0.34401467328967683,0.3167494453966921
0.0,0.0,16.196846895037275,0.28303499093705653,1.5809867425895192,1.293213052826177,1.293213052826177,0.0,1.293213052826177,0.0,16.244580634784022,14.430869689661812,hard,0.2111544640605032,0.3084519751662849,0.3447133242366378,0.31823671271155773
0.0,0.0,11.417427264029637,0.2833491639321902,1.5809867425895192,1.293213052826177,1.293213052826177,0.0,1.293213052826177,0.0,11.062748302298125,14.430869689661812,hard,0.2111544640605032,0.3084519751662849,0.34525298377108393,0.3190829835886093
0.0,0.0,10.175050027838331,0.28363185106560207,1.5809867425895192,1.293213052826177,1.293213052826177,0.0,1.293213052826177,0.0,10.220058708246249,14.430869689661812,hard,0.2111544640605032,0.3084519751662849,0.34584356238162156,0.3197187967433939
0.0,0.0,9.579751071731083,0.2838871153417109,1.5809867425895192,1.293213052826177,1.293213052826177,0.0,1.293213052826177,0.0,8.959999999999999,14.430869689661812,hard,0.2111544640605032,0.3084519751662849,0.34650208526532245,0.32013298763592885
0.0,0.0,7.582295543483643,0.2840939411276858,1.5809867425895192,1.293213052826177,1.293213052826177,0.0,1.293213052826177,0.0,7.418463452764326,14.430869689661812,hard,0.2111544640605032,0.3084519751662849,0.3471226823852035,0.32036493059016113
0.0,0.0,4.977836616343935,0.28420795030722934,1.5809867425895192,1.293213052826177,1.293213052826177,0.0,1.293213052826177,0.0,4.2932971012963925,14.430869689661812,hard,0.2111544640605032,0.3084519751662849,0.34745650178623333,0.32050472461096485
0.0,0.0,3.701192948508269,0.2842865359087975,1.5809867425895192,1.293213052826177,1.293213052826177,0.0,1.293213052826177,0.0,2.6608269391300143,14.430869689661812,hard,0.2111544640605032,0.3084519751662849,0.347765179349056,0.32050472461096485
0.0,0.0,3.196339082213686,0.2843192805858854,1.5809867425895192,1.293213052826177,1.293213052826177,0.0,1.293213052826177,0.0,2.1129126815843575,14.430869689661812,hard,0.2111544640605032,0.3084519751662849,0.3478950593685767,0.32050472461096485
0.0,0.0,6.269027223304293,0.284332579172063,1.5809867425895192,1.293213052826177,1.293213052826177,0.0,1.293213052826177,0.0,1.3085870242364472,14.430869689661812,hard,0.2111544640605032,0.3084519751662849,0.34792800782065625,0.3205280693676648
0.0,0.0,1.5031537142634437,0.28434513322850763,1.5809867425895192,1.293213052826177,1.293213052826177,0.0,1.293213052826177,0.0,0.6209669878504009,14.430869689661812,hard,0.2111544640605032,0.3084519751662849,0.34797534726415874,0.3205280693676648
0.0,0.0,1.8511806985377128,0.2843648270729832,1.561339295216874,1.293213052826177,1.293213052826177,0.13999999999999999,1.293213052826177,0.0,1.125877435603006,14.430869689661812,hard,0.2111544640605032,0.3084519751662849,0.3480329473816863,0.3205510801770514
0.0,0.0,1.492000112249652,0.2843766562809746,1.5621924807041552,1.293213052826177,1.293213052826177,0.13999999999999999,1.293213052826177,0.0,0.84,14.430869689661812,hard,0.2111544640605032,0.3084519751662849,0.3480762923334058,0.3205510801770514
0.0,0.0,5.637086353680655,0.2843924436073159,1.5630896220239885,1.293213052826177,1.293213052826177,0.13999999999999999,1.293213052826177,0.0,0.9871170143402451,14.430869689661812,hard,0.2111544640605032,0.3084519751662849,0.3481342786656188,0.3205510801770514
0.0,0.0,2.791621626430155,0.28441220194713873,1.5641936143391875,1.293213052826177,1.293213052826177,0.13999999999999999,1.293213052826177,0.0,1.264911064067352,14.430869689661812,hard,0.2111544640605032,0.3084519751662849,0.34820707170602927,0.3205510801770514
0.0,0.0,2.340768509407882,0.28442802796101985,1.5654065903163727,1.293213052826177,1.293213052826177,0.13999999999999999,1.293213052826177,0.0,1.125877435603006,14.430869689661812,hard,0.2111544640605032,0.3084519751662849,0.3482655541036449,0.3205510801770514
0.0,0.0,3.0546490274566143,0.2844438711647015,1.5666461822209514,1.293213052826177,1.293213052826177,0.13999999999999999,1.293213052826177,0.0,0.9799999999999999,14.430869689661812,hard,0.2111544640605032,0.3084519751662849,0.34830956047544875,0.32057410445304085
0.0,0.0,5.5845687912985795,0.2845353030312984,1.568054568252149,1.293213052826177,1.293213052826177,0.13999999999999999,1.293213052826177,0.0,3.64,14.430869689661812,hard,0.2111544640605032,0.3084519751662849,0.3485761982841574,0.3206894277304537
0.0,0.0,3.0135788795884486,0.2845952383908451,1.5692607925763185,1.293213052826177,1.293213052826177,0.13999999999999999,1.293213052826177,0.0,2.8000000000000007,14.430869689661812,hard,0.2111544640605032,0.3084519751662849,0.34871118621304065,0.32082825945430804
0.0,0.0,10.944087006195108,0.284570407082604,1.5681973163450462,1.293213052826177,1.293213052826177,0.13999999999999999,1.293213052826177,0.0,10.946853429182287,14.430869689661812,hard,0.2109696169453101,0.3080770689680452,0.3489844936640434,0.32103741348504394
0.0,0.0,6.327895901433219,0.284700015943238,1.5681973163450462,1.293213052826177,1.293213052826177,0.13999999999999999,1.293213052826177,0.0,5.739999999999999,14.430869689661812,hard,0.2109696169453101,0.3080770689680452,0.34935579820158247,0.3212242398184919
0.0,0.0,13.036722175765835,0.28467303516353487,1.566585990046042,1.293213052826177,1.293213052826177,0.13999999999999999,1.293213052826177,0.0,9.343575332815593,14.430869689661812,hard,0.21084332030251135,0.30772812669474287,0.3496394338284744,0.32131797424958564
0.0,0.0,10.402785958438558,0.28463602661649157,1.5650644700519645,1.293213052826177,1.293213052826177,0.13999999999999999,1.293213052826177,0.0,10.565017747263845,14.430869689661812,hard,0.21063883114698886,0.30745985815779014,0.34994360950424774,0.32136492169930325
0.0,0.0,9.413311774743166,0.28461267804974993,1.563581003282259,1.293213052826177,1.293213052826177,0.13999999999999999,1.293213052826177,0.0,9.63402304336044,14.430869689661812,hard,0.21049930155378774,0.3072240423748766,0.3502362953460906,0.32138841547245384
0.0,0.0,14.163785657616593,0.2844465695943474,1.5623228833940663,1.293213052826177,1.293213052826177,0.13999999999999999,1.293213052826177,0.0,13.99708541089894,14.430869689661812,hard,0.21012916340456725,0.3070453209175019,0.3502690869416656,0.32138841547245384
0.0,0.0,8.94719633933256,0.28434446851538914,1.561227985017254,1.293213052826177,1.293213052826177,0.13999999999999999,1.293213052826177,0.0,9.378464693114754,14.430869689661812,hard,0.2099154004538047,0.3070453209175019,0.3502690869416656,0.32138841547245384
0.0,0.0,19.07234270700173,0.28414791494462377,1.5601611163358173,1.293213052826177,1.293213052826177,0.13999999999999999,1.293213052826177,0.0,19.320000000000004,14.430869689661812,hard,0.20982000617839888,0.30655930172093326,0.3502690869416656,0.32138841547245384
0.0,0.0,13.024353127816015,0.2840257733803039,1.5591752182164371,1.293213052826177,1.293213052826177,0.13999999999999999,1.293213052826177,0.0,12.879999999999999,14.430869689661812,hard,0.20976435509382227,0.30636554455419607,0.3502690869416656,0.32138841547245384
0.0,0.0,19.45619079151804,0.2839293182479231,1.558289938800132,1.293213052826177,1.293213052826177,0.13999999999999999,1.293213052826177,0.0,10.92,14.430869689661812,hard,0.2097530736110548,0.3062250128044466,0.3502690869416656,0.32138841547245384
0.0,0.0,28.527852542708974,0.28358530518629604,1.556704788551095,1.293213052826177,1.293213052826177,0.13999999999999999,1.293213052826177,0.0,28.78402334629404,14.430869689661812,hard,0.209571898332288,0.3056339724134311,0.3499846725677621,0.32138841547245384
0.0,0.0,14.468717780513744,0.28347540285647727,1.5553360311167173,1.293213052826177,1.293213052826177,0.13999999999999999,1.293213052826177,0.0,14.65163472108147,14.430869689661812,hard,0.20950170325496917,0.3054843946360371,0.34990795128945884,0.32138841547245384
0.0,0.0,11.168389962135098,0.28331119116624587,1.500315079106917,1.293213052826177,1.293213052826177,0.33704599092705434,1.293213052826177,0.0,10.768918237223271,14.430869689661812,hard,0.2093288498579465,0.305140513324478,0.3498619523117193,0.32138841547245384
0.0,0.0,15.130682988893065,0.2830873565007257,1.4998562837859606,1.293213052826177,1.293213052826177,0.33704599092705434,1.293213052826177,0.0,14.911793989993292,14.430869689661812,hard,0.20909668497698086,0.3047321437167586,0.3498619523117193,0.32138841547245384
0.0,0.0,25.18300295481574,0.2826706761665172,1.499752085178472,1.293213052826177,1.293213052826177,0.33704599092705434,1.293213052826177,0.0,24.76833462306256,14.430869689661812,hard,0.20843002987715614,0.3041791077525967,0.34982806040730036,0.32138841547245384
0.0,0.0,9.97270476769163,0.2825789026293653,1.5005768512549311,1.293213052826177,1.293213052826177,0.33704599092705434,1.293213052826177,0.0,7.419999999999998,14.430869689661812,hard,0.20818172687402325,0.3041250061321317,0.34982806040730036,0.32138841547245384
0.0,0.0,17.672931501712647,0.2823810730040938,1.5015572563131983,1.293213052826177,1.293213052826177,0.33704599092705434,1.293213052826177,0.0,16.8,14.430869689661812,hard,0.20793204707801868,0.3037217234440389,0.34982806040730036,0.32138841547245384
0.0,0.0,15.532048136667077,0.2821237661227838,1.501518768980594,1.293213052826177,1.293213052826177,0.33704599092705434,1.293213052826177,0.0,15.472091002834748,14.430869689661812,hard,0.20762779040766088,0.3031552218629643,0.34982806040730036,0.32138841547245384
0.0,0.0,0.6731989364384277,0.2821237661227838,1.504281083769169,1.293213052826177,1.293213052826177,0.33704599092705434,1.293213052826177,0.0,0.0,14.430869689661812,hard,0.20762779040766088,0.3031552218629643,0.34982806040730036,0.32138841547245384
0.0,0.0,29.759790287527988,0.2818287137957515,1.5055855041125397,1.2967652061957862,1.2967652061957862,0.33704599092705434,1.2967652061957862,0.0,26.068647836050108,14.430869689661812,hard,0.2075172226338105,0.3029940223605184,0.349767510628423,0.320610498335965
0.0,0.0,18.2036734831421,0.2816699250532043,1.5073571354688324,1.2967652061957862,1.2967652061957862,0.33704599092705434,1.2967652061957862,0.0,17.163041688465363,14.430869689661812,hard,0.20748574932517033,0.3028320804797805,0.34951080898532755,0.3204930446623957
0.0,0.0,23.926877014263056,0.2815089552266044,1.5096645053813504,1.2967652061957862,1.2967652061957862,0.33704599092705434,1.2967652061957862,0.0,23.902602368779846,14.430869689661812,hard,0.20746987387541024,0.3027114001882904,0.3491074873881304,0.3204311235375014
0.0,0.0,2.385534488981992,0.2815089552266044,1.5129423107836846,1.2967652061957862,1.2967652061957862,0.33704599092705434,1.2967652061957862,0.0,0.13999999999999999,14.430869689661812,hard,0.20746987387541024,0.3027114001882904,0.3491074873881304,0.3204311235375014
0.0,0.0,35.07689246791818,0.28129094412981215,1.5145740514963653,1.284523257866513,1.284523257866513,0.33704599092705434,1.284523257866513,0.0,31.77745112497225,14.430869689661812,hard,0.20754775532762676,0.30266177294946844,0.3481231603316457,0.3204311235375014
0.0,0.0,11.480077755472278,0.281251739325066,1.5181806023297801,1.284523257866513,1.284523257866513,0.33704599092705434,1.284523257866513,0.0,11.09154633042661,14.430869689661812,hard,0.20760185741635584,0.30268215859149905,0.3478995504519145,0.3204782370449882
0.0,0.0,9.946994096036065,0.2812573709443819,1.5220776859976455,1.284523257866513,1.284523257866513,0.33704599092705434,1.284523257866513,0.0,10.739180601889514,14.430869689661812,hard,0.2076253015759497,0.30272944834295656,0.3477048673357635,0.32060364169574573
0.0,0.0,5.657045523200518,0.28122742121288563,1.5262354322404443,1.284523257866513,1.284523257866513,0.33704599092705434,1.284523257866513,0.0,5.88,14.430869689661812,hard,0.2076322471188102,0.3027234673993973,0.3475572584507858,0.32060364169574573
0.0,0.0,12.03717307630409,0.2811865759935949,1.5276344551643866,1.284523257866513,1.284523257866513,0.33704599092705434,1.284523257866513,0.0,8.258329128825032,14.430869689661812,hard,0.20763930251345603,0.30271579887777267,0.3473579268891605,0.32060364169574573
0.0,0.0,2.351854659662403,0.2812128187040916,1.528033515476831,1.284523257866513,1.284523257866513,0.33704599092705434,1.284523257866513,0.0,2.0903588208726274,14.430869689661812,hard,0.20763930251345603,0.30274696527139044,0.3473439092894835,0.3206952454150109
0.0,0.0,3.4869564443064625,0.28128500769217196,1.5285317231255298,1.284523257866513,1.284523257866513,0.33704599092705434,1.284523257866513,0.0,3.257053883496557,14.430869689661812,hard,0.20763930251345603,0.30274696527139044,0.3473439092894835,0.32102756688016054
0.0,0.0,3.8397905367396845,0.28138548669471947,1.5291527990710596,1.284523257866513,1.284523257866513,0.33704599092705434,1.284523257866513,0.0,3.3511788970450382,14.430869689661812,hard,0.20763930251345603,0.30274696527139044,0.3474296731293901,0.32138147853653753
0.0,0.0,2.808024199943578,0.2814208210240161,1.5298354928103244,1.284523257866513,1.284523257866513,0.33704599092705434,1.284523257866513,0.0,2.1733844574764034,14.430869689661812,hard,0.20763930251345603,0.30274696527139044,0.34741413107225716,0.3215506623234721
0.0,0.0,6.361820070335342,0.28155064326404766,1.4700417234417265,1.284523257866513,1.284523257866513,0.4903060268852505,1.284523257866513,0.0,5.714017850864661,14.430869689661812,hard,0.20763930251345603,0.30274696527139044,0.3475810434543505,0.3219130472210335
0.0,0.0,13.305168412758997,0.2816511240749807,1.473728957790399,1.284523257866513,1.284523257866513,0.4903060268852505,1.284523257866513,0.0,5.802378822517537,14.430869689661812,hard,0.20763930251345603,0.3027429487343023,0.3477295412817259,0.3221711920612279
0.0,0.0,4.649297924079072,0.28163203996327524,1.477940772011987,1.284523257866513,1.284523257866513,0.4903060268852505,1.284523257866513,0.0,3.92,14.430869689661812,hard,0.20763930251345603,0.3027392006935934,0.3476446521684645,0.3221711920612279
0.0,0.0,16.35247452329213,0.28205319939697987,1.482261437002173,1.284523257866513,1.284523257866513,0.4903060268852505,1.284523257866513,0.0,16.02577923222456,14.430869689661812,hard,0.20763930251345603,0.30273174934238334,0.34802953915022,0.3236704124497799
0.0,0.0,10.877806869121432,0.2822735874517556,1.4869138610119772,1.284523257866513,1.284523257866513,0.4903060268852505,1.284523257866513,0.0,10.508358577817946,14.430869689661812,hard,0.20764287140170595,0.3027295676458964,0.34848413746715956,0.3241230557711274
0.0,0.0,9.116148272511307,0.28237821128443713,1.4921970350350715,1.284523257866513,1.284523257866513,0.4903060268852505,1.284523257866513,0.0,8.70530872514008,14.430869689661812,hard,0.20765009155298017,0.3027228604248125,0.34864334706255257,0.32444304704358695
0.0,0.0,8.388730783645315,0.28237131062199494,1.4977793294485902,1.284523257866513,1.284523257866513,0.4903060268852505,1.284523257866513,0.0,8.695378082636775,14.430869689661812,hard,0.20767622686550324,0.30271852530405297,0.3485759282257096,0.3245349469541682
0.0,0.0,14.5864138092193,0.2823420992235854,1.5037840632769004,1.284523257866513,1.284523257866513,0.4903060268852505,1.284523257866513,0.0,14.580205759864983,14.430869689661812,hard,0.20774529614948198,0.3027190112203773,0.34850422791803004,0.32462705712965034
0.0,0.0,17.989135149203836,0.2823007816988349,1.5100580284876364,1.284523257866513,1.284523257866513,0.4903060268852505,1.284523257866513,0.0,15.819999999999997,14.430869689661812,hard,0.20779882215232875,0.3027688271735188,0.34845120770034843,0.32462705712965034
0.0,0.0,18.750751008364993,0.2822702517317046,1.516567197936294,1.284523257866513,1.284523257866513,0.4903060268852505,1.284523257866513,0.0,19.1776536625313,14.430869689661812,hard,0.20784155583007888,0.3028892876936304,0.348414112536924,0.32462705712965034
0.0,0.0,25.92294256390754,0.28225554154286114,1.523535936257979,1.284523257866513,1.284523257866513,0.4903060268852505,1.284523257866513,0.0,26.18,14.430869689661812,hard,0.20809457615523716,0.30314771079324626,0.34840941556530786,0.32462705712965034
0.0,0.0,15.893470347032498,0.2822624473500703,1.5304208040824518,1.284523257866513,1.284523257866513,0.4903060268852505,1.284523257866513,0.0,15.819999999999997,14.430869689661812,hard,0.20813814525963162,0.3033636311407327,0.3484302710043943,0.32462705712965034
0.0,0.0,40.63347827299296,0.282321158483456,1.5390304799399672,1.2874781551544865,1.2874781551544865,0.4903060268852505,1.2874781551544865,0.0,36.67999999999999,14.430869689661812,hard,0.20813814525963162,0.30337298318713934,0.34869054060701227,0.32411288909039765
0.0,0.0,24.154459258753942,0.2823645102042023,1.5447140176230683,1.2874781551544865,1.2874781551544865,0.4903060268852505,1.2874781551544865,0.0,15.540000000000001,14.430869689661812,hard,0.20813814525963162,0.3033871363300049,0.3489031171968182,0.32395172185355914
0.0,0.0,14.86233199563212,0.28240158351053135,1.5495434934175951,1.2874781551544865,1.2874781551544865,0.4903060268852505,1.2874781551544865,0.0,10.08,14.430869689661812,hard,0.20813814525963162,0.3033871363300049,0.34907472456126726,0.32382285406455336
0.0,0.0,12.218477464223405,0.2824466958081478,1.5495434934175951,1.2874781551544865,1.2874781551544865,0.4903060268852505,1.2874781551544865,0.0,11.9,14.430869689661812,hard,0.20813814525963162,0.3033871363300049,0.3492128532622944,0.3236397639599464
0.0,0.0,15.165876222811153,0.2825221969199411,1.5495434934175951,1.2874781551544865,1.2874781551544865,0.4903060268852505,1.2874781551544865,0.0,15.540000000000001,14.430869689661812,hard,0.20813814525963162,0.30341589280217357,0.34963251754987085,0.3235602472201084
0.0,0.0,23.138140697659658,0.2826517581463677,1.5495434934175951,1.2874781551544865,1.2874781551544865,0.4903060268852505,1.2874781551544865,0.0,23.659999999999997,14.430869689661812,hard,0.20813814525963162,0.3035580215552502,0.34998086184354765,0.3233500435592683
0.0,0.0,11.800669993268272,0.28272197787153125,1.5495434934175951,1.2874781551544865,1.2874781551544865,0.4903060268852505,1.2874781551544865,0.0,11.339999999999998,14.430869689661812,hard,0.20813814525963162,0.3036174294973868,0.3500764369504067,0.3232441167489876
0.0,0.0,15.002392601686696,0.2828180627957666,1.5495434934175951,1.2874781551544865,1.2874781551544865,0.4903060268852505,1.2874781551544865,0.0,15.259999999999998,14.430869689661812,hard,0.20813814525963162,0.30376584817442515,0.35032761016242464,0.3231949595657551
0.0,0.0,14.472929884916038,0.2828951042562829,1.4482556341829989,1.2874781551544865,1.2874781551544865,0.708801805866774,1.2874781551544865,0.0,11.06,14.430869689661812,hard,0.20813814525963162,0.30388141055617485,0.35059623221390807,0.3231774430143233
0.0,0.0,18.63937830254213,0.2830477924219784,1.4530679945913625,1.2874781551544865,1.2874781551544865,0.708801805866774,1.2874781551544865,0.0,18.2,14.430869689661812,hard,0.20813814525963162,0.3040359452114037,0.3507822367670542,0.32311680640662344
0.0,0.0,20.31809013491355,0.28324197829949427,1.458196901226217,1.2874781551544865,1.2874781551544865,0.708801805866774,1.2874781551544865,0.0,20.580000000000002,14.430869689661812,hard,0.20813814525963162,0.30430013574709897,0.35121247216026474,0.3231203602656103
0.0,0.0,28.341572642973823,0.2835343345115394,1.4639532140888205,1.2874781551544865,1.2874781551544865,0.708801805866774,1.2874781551544865,0.0,28.280000000000005,14.430869689661812,hard,0.20813814525963162,0.30471659490532166,0.3522412775014282,0.3231342883933025
0.0,0.0,0.6876029736097286,0.2835343345115394,1.4698014713759722,1.2874781551544865,1.2874781551544865,0.708801805866774,1.2874781551544865,0.0,0.0,14.430869689661812,hard,0.20813814525963162,0.30471659490532166,0.3522412775014282,0.3231342883933025
0.0,0.0,0.7261533082376309,0.2835343345115394,1.4754189321420945,1.2874781551544865,1.2874781551544865,0.708801805866774,1.2874781551544865,0.0,0.0,14.430869689661812,hard,0.20813814525963162,0.30471659490532166,0.3522412775014282,0.3231342883933025
0.0,0.0,21.49129516677527,0.28380201799139754,1.4821037117647005,1.2874781551544865,1.2874781551544865,0.708801805866774,1.2874781551544865,0.0,22.12,14.430869689661812,hard,0.20813814525963162,0.3050384371742653,0.3530989570630851,0.32316922295258443
0.0,0.0,15.453539634765386,0.28398656069303013,1.489112570501345,1.2874781551544865,1.2874781551544865,0.708801805866774,1.2874781551544865,0.0,15.4,14.430869689661812,hard,0.20813814525963162,0.30530925990306357,0.3535354399293995,0.3232125398262529
0.0,0.0,12.99519287137583,0.2841626985877527,1.4968471118829867,1.2874781551544865,1.2874781551544865,0.708801805866774,1.2874781551544865,0.0,13.72,14.430869689661812,hard,0.20813814525963162,0.30563399115054535,0.3537423520830357,0.323283620472618
0.0,0.0,11.86870172623623,0.28432347540376735,1.5046334068628353,1.2874781551544865,1.2874781551544865,0.708801805866774,1.2874781551544865,0.0,11.76,14.430869689661812,hard,0.20813814525963162,0.30593617747764906,0.3539407456464844,0.32335749104337747
0.0,0.0,11.495649488763595,0.2844862012252849,1.5128854119129842,1.2874781551544865,1.2874781551544865,0.708801805866774,1.2874781551544865,0.0,11.339999999999998,14.430869689661812,hard,0.20813814525963162,0.30628548386682114,0.35401605516744994,0.32346047788406973
0.0,0.0,11.710842359478145,0.2846387849154275,1.521298201786276,1.2874781551544865,1.2874781551544865,0.708801805866774,1.2874781551544865,0.0,11.620000000000001,14.430869689661812,hard,0.20813814525963162,0.3066410592781453,0.354041268784952,0.3235741404586537
0.0,0.0,7.88633140651909,0.28470637391837905,1.5303343361272728,1.2874781551544865,1.2874781551544865,0.708801805866774,1.2874781551544865,0.0,7.419999999999999,14.430869689661812,hard,0.20813814525963162,0.3068018269709902,0.3540538962952972,0.3236272128352794
0.0,0.0,9.344129842782253,0.28474169976321456,1.539785023797707,1.305526713629407,1.305526713629407,0.708801805866774,1.305526713629407,0.0,2.66,14.430869689661812,hard,0.20813814525963162,0.3068018269709902,0.3540665376047369,0.323683173672978
0.0,0.0,2.758399517042315,0.28477251726364566,1.5483481971857598,1.305526713629407,1.305526713629407,0.708801805866774,1.305526713629407,0.0,2.2399999999999998,14.430869689661812,hard,0.20813814525963162,0.3068018269709902,0.3540665376047369,0.3237377223515293
0.0,0.0,3.7111092102304277,0.28482302462310366,1.5305379066497111,1.305526713629407,1.305526713629407,0.7158212067269312,1.305526713629407,0.0,3.2264531609803355,14.430869689661812,hard,0.20813814525963162,0.30681185196831173,0.35407809624430775,0.323821922458723
0.0,0.0,3.3951835640776666,0.2848615462866273,1.5305379066497111,1.305526713629407,1.305526713629407,0.7158212067269312,1.305526713629407,0.0,2.66,14.430869689661812,hard,0.20813814525963162,0.30681185196831173,0.35407809624430775,0.323896946915319
0.0,0.0,7.475696484381673,0.284917417745968,1.5305379066497111,1.305526713629407,1.305526713629407,0.7158212067269312,1.305526713629407,0.0,3.78,14.430869689661812,hard,0.20813814525963162,0.30681185196831173,0.3540907506492359,0.3240062496912545
0.0,0.0,13.779227401460384,0.28498869869403937,1.5305379066497111,1.305526713629407,1.305526713629407,0.7158212067269312,1.305526713629407,0.0,4.2,14.430869689661812,hard,0.20813814525963162,0.30681185196831173,0.3540907506492359,0.3241611892042989
0.0,0.0,7.018301022120299,0.28509358167041443,1.5305379066497111,1.305526713629407,1.305526713629407,0.7158212067269312,1.305526713629407,0.0,6.4399999999999995,14.430869689661812,hard,0.20813814525963162,0.30681185196831173,0.35412879663251895,0.32438899749627975
0.0,0.0,5.874346592807913,0.2851824726083676,1.4261948896342165,1.305526713629407,1.305526713629407,0.9748846085563154,1.305526713629407,0.0,5.739999999999999,14.430869689661812,hard,0.20813814525963162,0.30681185196831173,0.3541924824106494,0.32457938268193925
0.0,0.0,6.191730888395364,0.28527271534141185,1.431198041376208,1.305526713629407,1.305526713629407,0.9748846085563154,1.305526713629407,0.0,5.6000000000000005,14.430869689661812,hard,0.20813814525963162,0.30681185196831173,0.3542308592956693,0.3247969503765418
0.0,0.0,5.270197879318955,0.28535903832877446,1.4364721665445592,1.305526713629407,1.305526713629407,0.9748846085563154,1.305526713629407,0.0,5.04,14.430869689661812,hard,0.20813814525963162,0.30681185196831173,0.35429509633819783,0.32499956892866255
0.0,0.0,6.2524349346019,0.2854519037245392,1.4413947419517439,1.305526713629407,1.305526713629407,0.9748846085563154,1.305526713629407,0.0,5.46,14.430869689661812,hard,0.20813814525963162,0.30681185196831173,0.35432088756887054,0.3252530133009755
0.0,0.0,8.979436496448974,0.2855950941286208,1.4477831485456565,1.305526713629407,1.305526713629407,0.9748846085563154,1.305526713629407,0.0,9.1,14.430869689661812,hard,0.20813814525963162,0.30681185196831173,0.35451607649580147,0.32556443937436375
0.0,0.0,12.783700689577106,0.28574974287306254,1.4546205185887424,1.305526713629407,1.305526713629407,0.9748846085563154,1.305526713629407,0.0,8.959999999999999,14.430869689661812,hard,0.20813814525963162,0.30681185196831173,0.35467445475616177,0.3259511473687515
0.0,0.0,6.86733687848293,0.28586231272760004,1.461580150926963,1.305526713629407,1.305526713629407,0.9748846085563154,1.305526713629407,0.0,6.86,14.430869689661812,hard,0.20813814525963162,0.30681185196831173,0.35467445475616177,0.32632693485735026
0.0,0.0,4.8284919708191545,0.28595937551581785,1.4690643109701895,1.305526713629407,1.305526713629407,0.9748846085563154,1.305526713629407,0.0,5.180000000000001,14.430869689661812,hard,0.20813814525963162,0.30681185196831173,0.35467445475616177,0.32666444009830314
0.0,0.0,7.179773245608585,0.2860927094622567,1.4767506317343244,1.305526713629407,1.305526713629407,0.9748846085563154,1.305526713629407,0.0,6.72,14.430869689661812,hard,0.20813814525963162,0.30681185196831173,0.35467445475616177,0.32714742141596687
0.0,0.0,7.502367784603804,0.2862372829942338,1.4849624989892043,1.305526713629407,1.305526713629407,0.9748846085563154,1.305526713629407,0.0,7.419999999999999,14.430869689661812,hard,0.20813814525963162,0.30681185196831173,0.35467445475616177,0.32769510265015445
0.0,0.0,19.168751511283705,0.28625190491263236,1.491955705140957,1.305526713629407,1.305526713629407,0.9748846085563154,1.305526713629407,0.0,18.809880382394784,14.430869689661812,hard,0.20754051969806475,0.3065080212208095,0.3547143582991114,0.3285741905727567
0.0,0.0,15.976331216260215,0.28631658815281213,1.4992456376844974,1.305526713629407,1.305526713629407,0.9748846085563154,1.305526713629407,0.0,16.27567510120548,14.430869689661812,hard,0.20711277089730878,0.3062824841479471,0.35484826187562,0.329433588190099
0.0,0.0,22.661549229533616,0.2863816713305051,1.5068995095468516,1.305526713629407,1.305526713629407,0.9748846085563154,1.305526713629407,0.0,22.18670773233379,14.430869689661812,hard,0.20665420114576233,0.3059677872939265,0.35516143954409785,0.3303971109340464
0.0,0.0,18.460935814777834,0.28646726973991715,1.5150861564269775,1.305526713629407,1.305526713629407,0.9748846085563154,1.305526713629407,0.0,18.465979529935584,14.430869689661812,hard,0.20641319477213158,0.3057294040625813,0.3552581908637427,0.3314265690172788
0.0,0.0,16.24950763327968,0.286490408801606,1.5230188878368542,1.305526713629407,1.305526713629407,0.9748846085563154,1.305526713629407,0.0,15.924823389915506,14.430869689661812,hard,0.2062492606595295,0.30550608249813554,0.3552581908637427,0.33227782944430184
0.0,0.0,15.401487214074528,0.28645786688567837,1.522909908802971,1.305526713629407,1.305526713629407,0.9748846085563154,1.305526713629407,0.0,15.202644506795517,14.430869689661812,hard,0.20617749142673253,0.3052712342490327,0.3552581908637427,0.33278447448924364
0.0,0.0,18.081745657295322,0.2864301131647498,1.5220178837473362,1.305526713629407,1.305526713629407,0.9748846085563154,1.305526713629407,0.0,10.301145567362882,14.430869689661812,hard,0.20615803343134528,0.3051233830650103,0.3552581908637427,0.33315193432555945
0.0,0.0,4.518150129959422,0.2864440071174681,1.5212615495124926,1.305526713629407,1.305526713629407,0.9748846085563154,1.305526713629407,0.0,4.657939458601839,14.430869689661812,hard,0.2061620928917349,0.30508627734463034,0.3552581908637427,0.3334062251550014
0.0,0.0,9.201162354590107,0.28649378402469977,1.5206963522542745,1.305526713629407,1.305526713629407,0.9748846085563154,1.305526713629407,0.0,5.682816203256974,14.430869689661812,hard,0.20617697057020926,0.30505581904109397,0.3552998606496265,0.33380202521714913
0.0,0.0,8.881284006168828,0.2865734556025809,1.5201687674342643,1.305526713629407,1.305526713629407,0.9748846085563154,1.305526713629407,0.0,8.720756847888834,14.430869689661812,hard,0.20619969599008606,0.30494965725779705,0.35538356887306394,0.3343823151523069
0.0,0.0,13.651992929483622,0.28668791003583016,1.4162395644079688,1.305526713629407,1.305526713629407,1.2523577763562617,1.305526713629407,0.0,13.135356866107594,14.430869689661812,hard,0.20625490394253052,0.30477963436074984,0.35568041392261773,0.33505024102755276
0.0,0.0,15.190578951539841,0.28691305286939517,1.4209654743401678,1.305526713629407,1.305526713629407,1.2523577763562617,1.305526713629407,0.0,15.041276541570532,14.430869689661812,hard,0.20633614501294034,0.3046688195547053,0.35620324812199966,0.3359248886038974
0.0,0.0,13.632596735940826,0.2870601906983684,1.4262764632412641,1.305526713629407,1.305526713629407,1.2523577763562617,1.305526713629407,0.0,11.192068620232812,14.430869689661812,hard,0.2064075990755998,0.304579702248238,0.3565314088715325,0.33655641014865445
0.0,0.0,11.70366843586404,0.2870993939702216,1.431871062516943,1.305526713629407,1.305526713629407,1.2523577763562617,1.305526713629407,0.0,11.468286707263644,14.430869689661812,hard,0.20655334306411416,0.30445143295416294,0.356697943234684,0.3370050047080371
0.0,0.0,17.64861429838609,0.28699027800471155,1.4382699270535821,1.305526713629407,1.305526713629407,1.2523577763562617,1.305526713629407,0.0,17.418162934132866,14.430869689661812,hard,0.20677212498653105,0.3042346944747571,0.35671316372931255,0.337103439777589
0.0,0.0,19.947482467463537,0.287386043457707,1.4452276679406082,1.305526713629407,1.305526713629407,1.2523577763562617,1.305526713629407,0.0,20.624218773083257,14.430869689661812,hard,0.20693149374584302,0.3041632253844591,0.35749135663012904,0.33849500773663044
0.0,0.0,40.17309422838054,0.2875637894899838,1.453422627911403,1.292439553712281,1.292439553712281,1.2523577763562617,1.292439553712281,0.0,29.319488399356494,14.430869689661812,hard,0.2070248702345603,0.30400458673675906,0.3578799288531703,0.3391822630372594
0.0,0.0,30.31381518696518,0.28751842155157425,1.4615699554206236,1.292439553712281,1.292439553712281,1.2523577763562617,1.292439553712281,0.0,29.65532667161163,14.430869689661812,hard,0.20725042802712804,0.30398435331511603,0.3576513608735057,0.33943563483674294
0.0,0.0,21.23186652108571,0.28762101583301586,1.470106535383752,1.292439553712281,1.292439553712281,1.2523577763562617,1.292439553712281,0.0,21.010863856586194,14.430869689661812,hard,0.20748481595525592,0.30405293172971487,0.35819265211231655,0.33952050102550657
0.0,0.0,14.909680687209326,0.28765322719868536,1.4790168387096132,1.292439553712281,1.292439553712281,1.2523577763562617,1.292439553712281,0.0,14.766028579140704,14.430869689661812,hard,0.20767765725136114,0.3041408804117853,0.3584146278674571,0.33952050102550657
0.0,0.0,15.723645602400213,0.28763287501243906,1.4884924137106248,1.292439553712281,1.292439553712281,1.2523577763562617,1.292439553712281,0.0,13.265534290031443,14.430869689661812,hard,0.20793199019282424,0.3042111442696512,0.35831340351563895,0.33952050102550657
0.0,0.0,11.384097184187311,0.2876042253058431,1.498167722605313,1.292439553712281,1.292439553712281,1.2523577763562617,1.292439553712281,0.0,11.339999999999996,14.430869689661812,hard,0.20826917879193732,0.3042284405081414,0.3581206794974855,0.33952050102550657
0.0,0.0,9.6826009723353,0.2875859843180529,1.5084619208447914,1.292439553712281,1.292439553712281,1.2523577763562617,1.292439553712281,0.0,10.360000000000001,14.430869689661812,hard,0.20849877775983466,0.30424031102635657,0.35795427999468754,0.33952050102550657
0.0,0.0,6.7368735056129765,0.28757510313485196,1.518954057280728,1.292439553712281,1.292439553712281,1.2523577763562617,1.292439553712281,0.0,7.139999999999999,14.430869689661812,hard,0.20855516131826712,0.30425245326161304,0.3578024348519913,0.33952050102550657
0.0,0.0,4.135910694500063,0.2875693880414688,1.5261989155800153,1.292439553712281,1.292439553712281,1.2523577763562617,1.292439553712281,0.0,4.620000000000001,14.430869689661812,hard,0.2085778993873176,0.3042555312724186,0.3577064936861134,0.33952050102550657
0.0,0.0,1.8347839224373328,0.28756812010890676,1.5274673449687912,1.292439553712281,1.292439553712281,1.2523577763562617,1.292439553712281,0.0,1.9599999999999995,14.430869689661812,hard,0.20860074291651895,0.3042555312724186,0.3576897903110514,0.33952050102550657
0.0,0.0,2.2863708660269086,0.2875657046616722,1.5288535174129652,1.292439553712281,1.292439553712281,1.2523577763562617,1.292439553712281,0.0,2.3799999999999994,14.430869689661812,hard,0.20860074291651895,0.3042555312724186,0.3576410478251664,0.33952050102550657
0.0,0.0,0.81434728911344,0.28756512588729416,1.5299585406288936,1.292439553712281,1.292439553712281,1.2523577763562617,1.292439553712281,0.0,0.42000000000000004,14.430869689661812,hard,0.20860074291651895,0.3042555312724186,0.357629182813389,0.33952050102550657
0.0,0.0,0.8299320309536514,0.28756512588729416,1.5314472532870012,1.292439553712281,1.292439553712281,1.2523577763562617,1.292439553712281,0.0,0.0,14.430869689661812,hard,0.20860074291651895,0.3042555312724186,0.357629182813389,0.33952050102550657
0.0,0.0,0.7769325042953691,0.28756512588729416,1.532942685393814,1.292439553712281,1.292439553712281,1.2523577763562617,1.292439553712281,0.0,0.0,14.430869689661812,hard,0.20860074291651895,0.3042555312724186,0.357629182813389,0.33952050102550657
0.0,0.0,0.8631375853550736,0.28756512588729416,1.4353319261624882,1.292439553712281,1.292439553712281,1.5383107618423526,1.292439553712281,0.0,0.0,14.430869689661812,hard,0.20860074291651895,0.3042555312724186,0.357629182813389,0.33952050102550657
0.0,0.0,0.6967623184920546,0.28756512588729416,1.44194720924668,1.292439553712281,1.292439553712281,1.5383107618423526,1.292439553712281,0.0,0.0,14.430869689661812,hard,0.20860074291651895,0.3042555312724186,0.357629182813389,0.33952050102550657
0.0,0.0,0.8420414018002642,0.28756512588729416,1.4491133307370743,1.292439553712281,1.292439553712281,1.5383107618423526,1.292439553712281,0.0,0.0,14.430869689661812,hard,0.20860074291651895,0.3042555312724186,0.357629182813389,0.33952050102550657
0.0,0.0,6.66804441818416,0.28756512588729416,1.4567211924531827,1.292439553712281,1.292439553712281,1.5383107618423526,1.292439553712281,0.0,0.0,14.430869689661812,hard,0.20860074291651895,0.3042555312724186,0.357629182813389,0.33952050102550657
0.0,0.0,1.014993546261824,0.2875645571480111,1.4628162536110323,1.292439553712281,1.292439553712281,1.5383107618423526,1.292439553712281,0.0,0.5599999999999999,14.430869689661812,hard,0.20860074291651895,0.3042555312724186,0.35761744607122525,0.33952050102550657
0.0,0.0,0.6959820497971992,0.2875645571480111,1.4691061463010202,1.292439553712281,1.292439553712281,1.5383107618423526,1.292439553712281,0.0,0.0,14.430869689661812,hard,0.20860074291651895,0.3042555312724186,0.35761744607122525,0.33952050102550657
0.0,0.0,0.8749089177507623,0.2875645571480111,1.4758454774653762,1.292439553712281,1.292439553712281,1.5383107618423526,1.292439553712281,0.0,0.0,14.430869689661812,hard,0.20860074291651895,0.3042555312724186,0.35761744607122525,0.33952050102550657
0.0,0.0,16.56025934410872,0.2876417249833627,1.4830519254478536,1.2944496900227525,1.2944496900227525,1.5383107618423526,1.2944496900227525,0.0,12.426182036329582,14.430869689661812,hard,0.20860074291651895,0.3042555312724186,0.3576707613675274,0.3391509392008528
0.0,0.0,17.236492083342647,0.2877719216860201,1.490610092924528,1.2944496900227525,1.2944496900227525,1.5383107618423526,1.2944496900227525,0.0,16.895159069982146,14.430869689661812,hard,0.20860074291651895,0.3042555312724186,0.35771247192657235,0.3387359363040383
0.0,0.0,13.130589291128898,0.2879481933683276,1.4987971680492624,1.2944496900227525,1.2944496900227525,1.5383107618423526,1.2944496900227525,0.0,13.23631368621944,14.430869689661812,hard,0.20860074291651895,0.3042555312724186,0.3576613174712044,0.33861903485571154
0.0,0.0,26.80204384078975,0.28830951120725073,1.5068612059014197,1.2944496900227525,1.2944496900227525,1.5383107618423526,1.2944496900227525,0.0,25.95572383887608,14.430869689661812,hard,0.20860074291651895,0.3042555312724186,0.35816977031222874,0.33855159853299965
0.0,0.0,12.875400254685616,0.28845976705821996,1.515507263796233,1.2944496900227525,1.2944496900227525,1.5383107618423526,1.2944496900227525,0.0,12.187600255997898,14.430869689661812,hard,0.20860074291651895,0.3042555312724186,0.3582993192430962,0.33857602286805694
0.0,0.0,10.182942537650193,0.28859107796720285,1.5244710783883553,1.2944496900227525,1.2944496900227525,1.5383107618423526,1.2944496900227525,0.0,10.59879238404074,14.430869689661812,hard,0.20860074291651895,0.30426173823282204,0.3583007856734195,0.3386615271266579
0.0,0.0,21.969413275725667,0.2887188034304896,1.5338243976900452,1.2944496900227525,1.2944496900227525,1.5383107618423526,1.2944496900227525,0.0,21.422418164156905,14.430869689661812,hard,0.20860074291651895,0.3042648671813807,0.3581889996528178,0.3385573910205912
0.0,0.0,33.69698203137692,0.28913125293589903,1.5405780344635305,1.2944496900227525,1.2944496900227525,1.5383107618423526,1.2944496900227525,0.0,30.38420642373271,14.430869689661812,hard,0.20860074291651895,0.3042648671813807,0.35892228312262225,0.3385450107442205
0.0,0.0,27.021553777266323,0.28935972212281075,1.5405780344635305,1.2944496900227525,1.2944496900227525,1.5383107618423526,1.2944496900227525,0.0,24.59854467239881,14.430869689661812,hard,0.20860074291651895,0.304271176012593,0.3594087154868321,0.33848206194900055
0.0,0.0,22.884186296481936,0.28943017699935447,1.5405780344635305,1.2944496900227525,1.2944496900227525,1.5383107618423526,1.2944496900227525,0.0,14.419999999999998,14.430869689661812,hard,0.20860074291651895,0.304271176012593,0.35957333858413937,0.33842591491341023
0.0,0.0,37.19116628575539,0.28995308050637464,1.5405780344635305,1.2944496900227525,1.2944496900227525,1.5383107618423526,1.2944496900227525,0.0,31.455422426030147,14.430869689661812,hard,0.20860074291651895,0.30437764397607264,0.36037800185678637,0.3387965627799325
0.0,0.0,22.672768062723225,0.2902964952367833,1.5405780344635305,1.2944496900227525,1.2944496900227525,1.5383107618423526,1.2944496900227525,0.0,22.792314494144733,14.430869689661812,hard,0.20860074291651895,0.30447126478183184,0.3611612576394543,0.338932358664728
0.0,0.0,15.819169646246962,0.29051402147289795,1.5405780344635305,1.2944496900227525,1.2944496900227525,1.5383107618423526,1.2944496900227525,0.0,15.585236603914616,14.430869689661812,hard,0.20860074291651895,0.30460663464243076,0.3617101255379181,0.33895140916239735
0.0,0.0,20.861928675835948,0.29077010779495693,1.4420225976903858,1.2944496900227525,1.2944496900227525,1.8287700784953802,1.2944496900227525,0.0,20.816234049414412,14.430869689661812,hard,0.20860074291651895,0.3048320676150731,0.3622524600799379,0.33901851049835197
0.0,0.0,21.314598226108387,0.2910546653091967,1.4461140857732626,1.2944496900227525,1.2944496900227525,1.8287700784953802,1.2944496900227525,0.0,20.983431559208803,14.430869689661812,hard,0.20860074291651895,0.30501911846478685,0.36297353536960497,0.33910643034427423
0.0,0.0,23.315363293542973,0.29147708685532925,1.451101619685976,1.2944496900227525,1.2944496900227525,1.8287700784953802,1.2944496900227525,0.0,23.22605433559476,14.430869689661812,hard,0.20860074291651895,0.3052050910857211,0.3634913150014713,0.3395400309919175
0.0,0.0,15.51097627969949,0.29175771734042744,1.456341923497427,1.2944496900227525,1.2944496900227525,1.8287700784953802,1.2944496900227525,0.0,14.990610394510291,14.430869689661812,hard,0.20860074291651895,0.3053104686745501,0.36392183175138243,0.3398095146774309
0.0,0.0,25.369097255274976,0.29228221896581913,1.4621219054137353,1.2944496900227525,1.2944496900227525,1.8287700784953802,1.2944496900227525,0.0,25.08546192518687,14.430869689661812,hard,0.20860074291651895,0.30569023279688357,0.3647182004384923,0.340324108184894
0.0,0.0,19.560290398887634,0.2927157641636245,1.468298348275014,1.2944496900227525,1.2944496900227525,1.8287700784953802,1.2944496900227525,0.0,19.48538939821322,14.430869689661812,hard,0.20860074291651895,0.3060245859932661,0.365146219600913,0.34090643532086634
0.0,0.0,15.149121607723494,0.2930636512840833,1.4750911235052497,1.2944496900227525,1.2944496900227525,1.8287700784953802,1.2944496900227525,0.0,15.100781436733662,14.430869689661812,hard,0.20860074291651895,0.30622886730122406,0.3653375432982967,0.341564876046989
0.0,0.0,16.20885872661037,0.29345530249136886,1.482078226227623,1.2944496900227525,1.2944496900227525,1.8287700784953802,1.2944496900227525,0.0,16.387116891021435,14.430869689661812,hard,0.20860074291651895,0.3064885035902718,0.3656616680950738,0.34224525239279696
0.0,0.0,14.489918077322509,0.2937538614612359,1.4898271419902058,1.2944496900227525,1.2944496900227525,1.8287700784953802,1.2944496900227525,0.0,12.20506452256603,14.430869689661812,hard,0.20860074291651895,0.30675244301524807,0.3657825038011555,0.3428323593934775
0.0,0.0,17.653889810270677,0.2940273354679517,1.4974044147749945,1.2944496900227525,1.2944496900227525,1.8287700784953802,1.2944496900227525,0.0,10.396634070698072,14.430869689661812,hard,0.20860074291651895,0.30691903155031275,0.3659906116621415,0.34340062547699257
0.0,0.0,15.754594743393165,0.29439073142829225,1.5053946743009754,1.2944496900227525,1.2944496900227525,1.8287700784953802,1.2944496900227525,0.0,15.649268353504581,14.430869689661812,hard,0.20860074291651895,0.30724557210885695,0.36638975605676144,0.34393954386373
0.0,0.0,14.729595265126408,0.2946087473086642,1.5137500132727335,1.2944496900227525,1.2944496900227525,1.8287700784953802,1.2944496900227525,0.0,14.419999999999998,14.430869689661812,hard,0.20860074291651895,0.30751243290529284,0.3666947878547074,0.3441275569107295
0.0,0.0,16.361358657165827,0.2948432381823055,1.5228483882291064,1.2944496900227525,1.2944496900227525,1.8287700784953802,1.2944496900227525,0.0,14.279999999999998,14.430869689661812,hard,0.20860074291651895,0.3076774848882477,0.36711422334752963,0.34435804004292203
0.0,0.0,16.758680605919395,0.2951216167106132,1.5321235241951054,1.2944496900227525,1.2944496900227525,1.8287700784953802,1.2944496900227525,0.0,16.94,14.430869689661812,hard,0.20860074291651895,0.3081003959148683,0.36742007150161166,0.3446249890864036
0.0,0.0,11.360287415244407,0.2953185221127268,1.5380190421873239,1.2944496900227525,1.2944496900227525,1.8287700784953802,1.2944496900227525,0.0,11.200000000000003,14.430869689661812,hard,0.20860074291651895,0.30825430546129234,0.3677227796652926,0.34485592155635825
0.0,0.0,11.184501900341589,0.2955154542581592,1.5397671653179563,1.2944496900227525,1.2944496900227525,1.8287700784953802,1.2944496900227525,0.0,10.920000000000002,14.430869689661812,hard,0.20860074291651895,0.3084353219016227,0.36788352204280206,0.34516213200136575
0.0,0.0,7.049769238517317,0.29560880295316017,1.5405780344635305,1.2944496900227525,1.2944496900227525,1.8287700784953802,1.2944496900227525,0.0,6.580000000000001,14.430869689661812,hard,0.20860074291651895,0.30844752012632864,0.36794595259422236,0.34536705151527275
0.0,0.0,2.4018592656104074,0.2956458929018558,1.5405780344635305,1.2944496900227525,1.2944496900227525,1.8287700784953802,1.2944496900227525,0.0,2.3799999999999994,14.430869689661812,hard,0.20860074291651895,0.30844752012632864,0.368021313705136,0.34542176883569015
0.0,0.0,1.2094056127885502,0.2956602058350709,1.5405780344635305,1.2944496900227525,1.2944496900227525,1.8287700784953802,1.2944496900227525,0.0,1.2599999999999998,14.430869689661812,hard,0.20860074291651895,0.308471965464325,0.3680339210095567,0.34543752251394566
0.0,0.0,0.7529762307641356,0.29566307159235333,1.5405780344635305,1.2944496900227525,1.2944496900227525,1.8287700784953802,1.2944496900227525,0.0,0.42000000000000004,14.430869689661812,hard,0.20860074291651895,0.308471965464325,0.36804654177294105,0.34543752251394566
0.0,0.0,7.501266870360693,0.29566307159235333,1.442058715557433,1.2944496900227525,1.2944496900227525,2.121885953579975,1.2944496900227525,0.0,0.0,14.430869689661812,hard,0.20860074291651895,0.308471965464325,0.36804654177294105,0.34543752251394566
0.0,0.0,0.7440806870306336,0.29566307159235333,1.4465428905498965,1.2944496900227525,1.2944496900227525,2.121885953579975,1.2944496900227525,0.0,0.0,14.430869689661812,hard,0.20860074291651895,0.308471965464325,0.36804654177294105,0.34543752251394566
0.0,0.0,0.6923904447814159,0.29566307159235333,1.4509737768630535,1.2944496900227525,1.2944496900227525,2.121885953579975,1.2944496900227525,0.0,0.0,14.430869689661812,hard,0.20860074291651895,0.308471965464325,0.36804654177294105,0.34543752251394566
0.0,0.0,0.9535556001818144,0.295674545189257,1.4564570613437544,1.2944496900227525,1.2944496900227525,2.121885953579975,1.2944496900227525,0.0,0.7000000000000002,14.430869689661812,hard,0.20860074291651895,0.308471965464325,0.36804654177294105,0.3454691900338784
0.0,0.0,2.8101774700235476,0.29573505890697926,1.4621853546366852,1.2944496900227525,1.2944496900227525,2.121885953579975,1.2944496900227525,0.0,3.0799999999999996,14.430869689661812,hard,0.20860074291651895,0.308471965464325,0.3680844848030252,0.34561433510738243
0.0,0.0,5.163365742161715,0.2958106258592291,1.468495862083327,1.2944496900227525,1.2944496900227525,2.121885953579975,1.2944496900227525,0.0,4.340000000000001,14.430869689661812,hard,0.20860074291651895,0.308471965464325,0.3681352638511552,0.34579759798309895
0.0,0.0,6.368393779344353,0.29591052042760735,1.4749108940701599,1.2944496900227525,1.2944496900227525,2.121885953579975,1.2944496900227525,0.0,6.3,14.430869689661812,hard,0.20860074291651895,0.308471965464325,0.3682246448738463,0.346031312244189
0.0,0.0,4.6133048198049265,0.29599071662729726,1.4819692934330764,1.2944496900227525,1.2944496900227525,2.121885953579975,1.2944496900227525,0.0,4.4799999999999995,14.430869689661812,hard,0.20860074291651895,0.308471965464325,0.3682246448738463,0.346274706809552
0.0,0.0,3.8212000323276882,0.2960416045054988,1.4891156512881234,1.2944496900227525,1.2944496900227525,2.121885953579975,1.2944496900227525,0.0,4.0600000000000005,14.430869689661812,hard,0.20860074291651895,0.308471965464325,0.3682246448738463,0.3464329123996091
0.0,0.0,1.2682644275430568,0.2960506163065608,1.4964780442010794,1.2944496900227525,1.2944496900227525,2.121885953579975,1.2944496900227525,0.0,1.5399999999999998,14.430869689661812,hard,0.20860074291651895,0.308471965464325,0.3682246448738463,0.3464612281686004
0.0,0.0,3.37033669977349,0.29611093705101954,1.5045852672264883,1.2944496900227525,1.2944496900227525,2.121885953579975,1.2944496900227525,0.0,3.2199999999999998,14.430869689661812,hard,0.20860074291651895,0.308471965464325,0.3682374673548253,0.3466433251424604
0.0,0.0,5.124621510835917,0.2962052657328649,1.5129267441964653,1.2944496900227525,1.2944496900227525,2.121885953579975,1.2944496900227525,0.0,5.039999999999999,14.430869689661812,hard,0.20860074291651895,0.308471965464325,0.3683146843612849,0.34689018998740917
0.0,0.0,5.72747453963576,0.29630060443973855,1.521766295494709,1.2944496900227525,1.2944496900227525,2.121885953579975,1.2944496900227525,0.0,5.039999999999999,14.430869689661812,hard,0.20860074291651895,0.308471965464325,0.36843141617927655,0.34711424596842766
0.0,0.0,13.252417114586592,0.2962323269470273,1.5293820511299774,1.2944496900227525,1.2944496900227525,2.121885953579975,1.2944496900227525,0.0,10.867363985806309,14.430869689661812,hard,0.20834750018512538,0.3082556290322028,0.3685623926209202,0.34721819515253033
0.0,0.0,16.249450544279462,0.29621241462472686,1.5364886966581506,1.2944496900227525,1.2944496900227525,2.121885953579975,1.2944496900227525,0.0,16.012107918697026,14.430869689661812,hard,0.20802839019297617,0.3079517353030723,0.3687213331748094,0.3476691201519015
0.0,0.0,7.535862249902187,0.2963455096035374,1.5361951520548875,1.2944496900227525,1.2944496900227525,2.121885953579975,1.2944496900227525,0.0,7.429697167449019,14.430869689661812,hard,0.20801833439395387,0.3079517353030723,0.3688822009979093,0.34801676453815655
0.0,0.0,6.385549182201332,0.29640927848889725,1.535038335688128,1.2944496900227525,1.2944496900227525,2.121885953579975,1.2944496900227525,0.0,6.118856102246563,14.430869689661812,hard,0.20795099139072554,0.30793445123077967,0.3691683495847711,0.34812004477255476
0.0,0.0,13.515464803361406,0.29653769417383447,1.5338934788783705,1.2944496900227525,1.2944496900227525,2.121885953579975,1.2944496900227525,0.0,10.998836302082145,14.430869689661812,hard,0.20786404622383134,0.30781916874354814,0.3693763427511735,0.34865227209459715
0.0,0.0,8.011132060273297,0.29642990514955886,1.5328429133839867,1.2944496900227525,1.2944496900227525,2.121885953579975,1.2944496900227525,0.0,7.979999999999999,14.430869689661812,hard,0.20777410807357957,0.30757523753999444,0.3693763427511735,0.34865227209459715
0.0,0.0,12.679250768351283,0.29627596940933504,1.5319498596465486,1.2944496900227525,1.2944496900227525,2.121885953579975,1.2944496900227525,0.0,12.879999999999999,14.430869689661812,hard,0.20768379918759328,0.30720174593181393,0.3693763427511735,0.34865227209459715
0.0,0.0,9.683047361542139,0.29617777364363324,1.4325961122165434,1.2944496900227525,1.2944496900227525,2.4166919538906897,1.2944496900227525,0.0,9.240000000000002,14.430869689661812,hard,0.20763320612227246,0.30699099082195186,0.3693763427511735,0.34865227209459715
0.0,0.0,41.84556956273093,0.2964702161173103,1.4357530820689128,1.2806248474865698,1.2806248474865698,2.4166919538906897,1.2806248474865698,0.0,38.77073122859562,14.430869689661812,hard,0.20762733266266645,0.306637772033766,0.36999031840690766,0.3494465416566822
0.0,0.0,14.185352486045995,0.296693632538914,1.440247348873232,1.2806248474865698,1.2806248474865698,2.4166919538906897,1.2806248474865698,0.0,13.91402170474087,14.430869689661812,hard,0.20762733266266645,0.3067149390016443,0.37048790593974446,0.3497712005450755
0.0,0.0,14.575561628919328,0.29694716702024304,1.4450857684687781,1.2806248474865698,1.2806248474865698,2.4166919538906897,1.2806248474865698,0.0,14.353313206364582,14.430869689661812,hard,0.20762733266266645,0.3069505847444351,0.3707565332993751,0.35023922709536476
0.0,0.0,16.285805831502305,0.2972772409206982,1.4507465869183016,1.2806248474865698,1.2806248474865698,2.4166919538906897,1.2806248474865698,0.0,16.38781254469308,14.430869689661812,hard,0.20762733266266645,0.30734836278306144,0.3712012754711336,0.3506808756854779
0.0,0.0,17.54798321874266,0.29757637188967045,1.4565669836321713,1.2806248474865698,1.2806248474865698,2.4166919538906897,1.2806248474865698,0.0,14.387341658555275,14.430869689661812,hard,0.20762733266266645,0.30767951924815873,0.3714520415795553,0.35125131358111045
0.0,0.0,14.925744060670251,0.29777363017696995,1.4630569237286393,1.2806248474865698,1.2806248474865698,2.4166919538906897,1.2806248474865698,0.0,14.749223708385468,14.430869689661812,hard,0.20762733266266645,0.3078275148706993,0.37159833743551796,0.35173723111751265
0.0,0.0,16.15189173872958,0.29801395520241525,1.4699168286445197,1.2806248474865698,1.2806248474865698,2.4166919538906897,1.2806248474865698,0.0,16.418964644580978,14.430869689661812,hard,0.20762355380614395,0.308128134894438,0.37189966896835525,0.35211452581991465
0.0,0.0,20.47078785503994,0.2981420054402815,1.4763275656875074,1.2806248474865698,1.2806248474865698,2.4166919538906897,1.2806248474865698,0.0,19.90627036890638,14.430869689661812,hard,0.20759585246335824,0.30828477724314113,0.3718695522329332,0.35264029025762
0.0,0.0,13.284687356061646,0.2980410815515838,1.4841154033845114,1.2806248474865698,1.2806248474865698,2.4166919538906897,1.2806248474865698,0.0,13.44,14.430869689661812,hard,0.20758000592137132,0.3081487554337555,0.3717618128427576,0.35264029025762
0.0,0.0,37.78235374763072,0.29789276578068363,1.492334484084535,1.2806248474865698,1.2806248474865698,2.4166919538906897,1.2806248474865698,0.0,20.86,14.430869689661812,hard,0.20756022883692646,0.30803419541653293,0.3715867187775538,0.35264029025762
0.0,0.0,22.367539043321806,0.2977501178342419,1.5014152687037334,1.2806248474865698,1.2806248474865698,2.4166919538906897,1.2806248474865698,0.0,22.26,14.430869689661812,hard,0.20758550478580012,0.3079768439769603,0.37140687688982676,0.35264029025762
0.0,0.0,18.520571472657387,0.29765179808879233,1.5107057948159592,1.2806248474865698,1.2806248474865698,2.4166919538906897,1.2806248474865698,0.0,18.2,14.430869689661812,hard,0.20763312380199128,0.3079774672897024,0.3712725024299135,0.35264029025762
0.0,0.0,18.104906900906403,0.29757342538817333,1.5205792559559872,1.2806248474865698,1.2806248474865698,2.4166919538906897,1.2806248474865698,0.0,17.919999999999998,14.430869689661812,hard,0.20769977997438543,0.3080197798178605,0.37115986848664323,0.35264029025762
0.0,0.0,19.998469799970103,0.2975058056368025,1.5302985002160208,1.2806248474865698,1.2806248474865698,2.4166919538906897,1.2806248474865698,0.0,19.880000000000006,14.430869689661812,hard,0.20780584227008853,0.30810427394265055,0.37106511168556566,0.35264029025762
0.0,0.0,15.738782716677532,0.2974660571031491,1.5319661616402234,1.2806248474865698,1.2806248474865698,2.4166919538906897,1.2806248474865698,0.0,14.839999999999998,14.430869689661812,hard,0.20792358001311265,0.3081646940657655,0.37099590252093284,0.35264029025762
0.0,0.0,12.281465235361784,0.2974373804867192,1.533044000385063,1.2806248474865698,1.2806248474865698,2.4166919538906897,1.2806248474865698,0.0,12.459999999999997,14.430869689661812,hard,0.20800325210197027,0.3082576094758476,0.37094694670605666,0.35264029025762
0.0,0.0,20.588882293932706,0.2974033039342021,1.5342514366721616,1.2806248474865698,1.2806248474865698,2.4166919538906897,1.2806248474865698,0.0,19.880000000000006,14.430869689661812,hard,0.2080854208393032,0.3084648585032973,0.37087780620397637,0.35264029025762
0.0,0.0,26.432673359646596,0.2972243542961281,1.533560773940754,1.2806248474865698,1.2806248474865698,2.4166919538906897,1.2806248474865698,0.0,24.605763552468755,14.430869689661812,hard,0.20780536260005936,0.3084051375473069,0.37085998028409545,0.35264029025762
0.0,0.0,27.908099870600417,0.2969111296241532,1.5329264357791064,1.2806248474865698,1.2806248474865698,2.4166919538906897,1.2806248474865698,0.0,28.214046147265016,14.430869689661812,hard,0.20689077445195891,0.30831849076028023,0.3708667944491815,0.35264029025762
0.0,0.0,28.146663098409228,0.29666976321119615,1.4377185998142512,1.2806248474865698,1.2806248474865698,2.7126370933097554,1.2806248474865698,0.0,24.22217166151706,14.430869689661812,hard,0.2062164299258566,0.308322697579065,0.3708978748310711,0.35264029025762
0.0,0.0,17.928799611693186,0.29653242180537775,1.4417543213647606,1.2806248474865698,1.2806248474865698,2.7126370933097554,1.2806248474865698,0.0,18.099104950245465,14.430869689661812,hard,0.20608747610282646,0.3081891169551058,0.3709364566837501,0.35264029025762
0.0,0.0,54.25940082645174,0.296522230739443,1.4497349552094316,1.2820296408429877,1.2820296408429877,2.7126370933097554,1.2820296408429877,0.0,41.962311661775736,14.430869689661812,hard,0.20574773273714778,0.30794959208953326,0.37119250565399914,0.3516625929066487
0.0,0.0,21.72264586940029,0.2965170257394835,1.4554148505363027,1.2820296408429877,1.2820296408429877,2.7126370933097554,1.2820296408429877,0.0,21.629988441975645,14.430869689661812,hard,0.20553571532752557,0.30785975941720584,0.3714425681337944,0.35142234210913903
0.0,0.0,27.113410448525958,0.29657514961334924,1.4612602882814505,1.2820296408429877,1.2820296408429877,2.7126370933097554,1.2820296408429877,0.0,26.930495725106883,14.430869689661812,hard,0.20533812211566357,0.30792309521847155,0.3719559118171439,0.3512539583952305
0.0,0.0,24.225500819730023,0.29667745353617236,1.4655732719078862,1.2820296408429877,1.2820296408429877,2.7126370933097554,1.2820296408429877,0.0,24.474713481468996,14.430869689661812,hard,0.20522492798208006,0.30811098027619166,0.37247904703240464,0.35111594978702376
0.0,0.0,24.33326314421405,0.29665299349564783,1.4702989588954658,1.2820296408429877,1.2820296408429877,2.7126370933097554,1.2820296408429877,0.0,24.029615061419523,14.430869689661812,hard,0.2048908490818136,0.3080415680814232,0.3729263548893285,0.3509814876048428
0.0,0.0,15.545540623999042,0.2967848880642575,1.47676677797934,1.2820296408429877,1.2820296408429877,2.7126370933097554,1.2820296408429877,0.0,14.979999999999999,14.430869689661812,hard,0.2048908490818136,0.3081456609911301,0.37321423049580427,0.35084144681510915
0.0,0.0,18.758604526086224,0.2969620896350988,1.4835866470416972,1.2820296408429877,1.2820296408429877,2.7126370933097554,1.2820296408429877,0.0,18.760000000000005,14.430869689661812,hard,0.2048908490818136,0.3086437852267303,0.3734444311997809,0.350747053802201
0.0,0.0,15.41535034139024,0.2971133642422927,1.491141418245847,1.2820296408429877,1.2820296408429877,2.7126370933097554,1.2820296408429877,0.0,14.839999999999998,14.430869689661812,hard,0.2048908490818136,0.3090496533286002,0.37365019740836525,0.3506895062473386
0.0,0.0,16.05499440265261,0.29725000435784416,1.4988905916914539,1.2820296408429877,1.2820296408429877,2.7126370933097554,1.2820296408429877,0.0,13.44,14.430869689661812,hard,0.2048908490818136,0.30929536293294574,0.3738818985249902,0.35064659086122485
0.0,0.0,12.720438451167865,0.2973846108720984,1.5070723702835254,1.2820296408429877,1.2820296408429877,2.7126370933097554,1.2820296408429877,0.0,12.040000000000001,14.430869689661812,hard,0.2048908490818136,0.3094789912151081,0.37423694378939537,0.35062611231506197
0.0,0.0,13.255986601451458,0.2975443918334445,1.515425814931734,1.2820296408429877,1.2820296408429877,2.7126370933097554,1.2820296408429877,0.0,13.16,14.430869689661812,hard,0.2048908490818136,0.30975021436895805,0.3747439813649492,0.3506176846560573
0.0,0.0,18.221160642174592,0.29777729019176385,1.5250130554471943,1.2820296408429877,1.2820296408429877,2.7126370933097554,1.2820296408429877,0.0,17.363179432350517,14.430869689661812,hard,0.2048908490818136,0.30991552876895545,0.3749515473853013,0.35061240281510614
0.0,0.0,3.815007414355777,0.29782510981790056,1.5337458127409578,1.2820296408429877,1.2820296408429877,2.7126370933097554,1.2820296408429877,0.0,3.64,14.430869689661812,hard,0.2048908490818136,0.3100799309530217,0.3749515473853013,0.35063979465599604
0.0,0.0,2.001710952040161,0.2978316703851001,1.5350815696088054,1.2820296408429877,1.2820296408429877,2.7126370933097554,1.2820296408429877,0.0,0.9799999999999998,14.430869689661812,hard,0.2048908490818136,0.31010784642578804,0.3749515473853013,0.35063979465599604
0.0,0.0,1.1394789360149495,0.2978316703851001,1.5360793794494263,1.2820296408429877,1.2820296408429877,2.7126370933097554,1.2820296408429877,0.0,0.0,14.430869689661812,hard,0.2048908490818136,0.31010784642578804,0.3749515473853013,0.35063979465599604
0.0,0.0,0.8228192748301173,0.2978316703851001,1.537242446784479,1.2820296408429877,1.2820296408429877,2.7126370933097554,1.2820296408429877,0.0,0.0,14.430869689661812,hard,0.2048908490818136,0.31010784642578804,0.3749515473853013,0.35063979465599604
0.0,0.0,0.8381464486772333,0.2978316703851001,1.5384866033553324,1.2820296408429877,1.2820296408429877,2.7126370933097554,1.2820296408429877,0.0,0.0,14.430869689661812,hard,0.2048908490818136,0.31010784642578804,0.3749515473853013,0.35063979465599604
0.0,0.0,0.867896049492015,0.2978316703851001,1.5398079114890297,1.2820296408429877,1.2820296408429877,2.7126370933097554,1.2820296408429877,0.0,0.0,14.430869689661812,hard,0.2048908490818136,0.31010784642578804,0.3749515473853013,0.35063979465599604
0.0,0.0,0.8179264857470223,0.2978338593582482,1.4502086825803844,1.2820296408429877,1.2820296408429877,3.009385319296949,1.2820296408429877,0.0,0.13999999999999999,14.430869689661812,hard,0.2048908490818136,0.31010784642578804,0.3749613099245231,0.35063979465599604
0.0,0.0,0.9177683483665557,0.29783824048052654,1.4562587035210048,1.2820296408429877,1.2820296408429877,3.009385319296949,1.2820296408429877,0.0,0.27999999999999997,14.430869689661812,hard,0.2048908490818136,0.31010784642578804,0.37498087411750003,0.35063979465599604
0.0,0.0,0.7870290902374891,0.29783824048052654,1.460644271399628,1.2820296408429877,1.2820296408429877,3.009385319296949,1.2820296408429877,0.0,0.0,14.430869689661812,hard,0.2048908490818136,0.31010784642578804,0.37498087411750003,0.35063979465599604
0.0,0.0,36.52258862642626,0.29791662930072293,1.4641974068474815,1.298614646459834,1.298614646459834,3.009385319296949,1.298614646459834,0.0,32.755830015433894,14.430869689661812,hard,0.20441003721656914,0.3097391712306795,0.37501254347439233,0.35091228685338516
0.0,0.0,27.42934807336568,0.2979063910701943,1.4684268492171404,1.298614646459834,1.298614646459834,3.009385319296949,1.298614646459834,0.0,21.82117320402366,14.430869689661812,hard,0.20421222481101747,0.30939448513045953,0.37522674760308034,0.3511302695963874
0.0,0.0,24.08889661624461,0.2979388777562664,1.4727830259487007,1.298614646459834,1.298614646459834,3.009385319296949,1.298614646459834,0.0,16.950763994581486,14.430869689661812,hard,0.20413457706684293,0.3091693489329414,0.37536884518066993,0.3513695627227597
0.0,0.0,9.103843937066298,0.29793648132436124,1.477667908274693,1.298614646459834,1.298614646459834,3.009385319296949,1.298614646459834,0.0,8.13783755060274,14.430869689661812,hard,0.2041120817257867,0.3090306460209943,0.37553560480267256,0.35143781908297406
0.0,0.0,6.434863294734518,0.29793648132436124,1.4831908483297753,1.298614646459834,1.298614646459834,3.009385319296949,1.298614646459834,0.0,0.0,14.430869689661812,hard,0.2041120817257867,0.3090306460209943,0.37553560480267256,0.35143781908297406
0.0,0.0,2.3442410343072764,0.29793648132436124,1.4899224195393532,1.298614646459834,1.298614646459834,3.009385319296949,1.298614646459834,0.0,0.0,14.430869689661812,hard,0.2041120817257867,0.3090306460209943,0.37553560480267256,0.35143781908297406
0.0,0.0,0.6871746092442458,0.29793648132436124,1.4969470488498156,1.298614646459834,1.298614646459834,3.009385319296949,1.298614646459834,0.0,0.0,14.430869689661812,hard,0.2041120817257867,0.3090306460209943,0.37553560480267256,0.35143781908297406
0.0,0.0,2.447734965981579,0.29793648132436124,1.5058994499864937,1.298614646459834,1.298614646459834,3.009385319296949,1.298614646459834,0.0,0.0,14.430869689661812,hard,0.2041120817257867,0.3090306460209943,0.37553560480267256,0.35143781908297406
0.0,0.0,28.414530614587402,0.29764244925591266,1.5120176473356362,1.2839003076563225,1.2839003076563225,3.009385319296949,1.2839003076563225,0.0,25.2,14.430869689661812,hard,0.2041120817257867,0.30868487586364207,0.37456262078719377,0.35143781908297406
0.0,0.0,0.842240388083067,0.29764244925591266,1.5220473174282367,1.2839003076563225,1.2839003076563225,3.009385319296949,1.2839003076563225,0.0,0.0,14.430869689661812,hard,0.2041120817257867,0.30868487586364207,0.37456262078719377,0.35143781908297406
0.0,0.0,0.6966520548059648,0.29764244925591266,1.5321711534139408,1.2839003076563225,1.2839003076563225,3.009385319296949,1.2839003076563225,0.0,0.0,14.430869689661812,hard,0.2041120817257867,0.30868487586364207,0.37456262078719377,0.35143781908297406
0.0,0.0,0.6520026350847686,0.29764244925591266,1.538260347265027,1.2839003076563225,1.2839003076563225,3.009385319296949,1.2839003076563225,0.0,0.0,14.430869689661812,hard,0.2041120817257867,0.30868487586364207,0.37456262078719377,0.35143781908297406
0.0,0.0,7.321715685924596,0.29764244925591266,1.5412364511230898,1.2839003076563225,1.2839003076563225,3.009385319296949,1.2839003076563225,0.0,0.0,14.430869689661812,hard,0.2041120817257867,0.30868487586364207,0.37456262078719377,0.35143781908297406
0.0,0.0,0.7012795830545203,0.29764244925591266,1.5431990033416152,1.2839003076563225,1.2839003076563225,3.009385319296949,1.2839003076563225,0.0,0.0,14.430869689661812,hard,0.2041120817257867,0.30868487586364207,0.37456262078719377,0.35143781908297406
0.0,0.0,0.7084144718166762,0.29764244925591266,1.5431990033416152,1.2839003076563225,1.2839003076563225,3.009385319296949,1.2839003076563225,0.0,0.0,14.430869689661812,hard,0.2041120817257867,0.30868487586364207,0.37456262078719377,0.35143781908297406
0.0,0.0,0.7756354749563179,0.29764244925591266,1.5431990033416152,1.2839003076563225,1.2839003076563225,3.009385319296949,1.2839003076563225,0.0,0.0,14.430869689661812,hard,0.2041120817257867,0.30868487586364207,0.37456262078719377,0.35143781908297406
0.0,0.0,0.7607492845002407,0.29764244925591266,1.5431990033416152,1.2839003076563225,1.2839003076563225,3.009385319296949,1.2839003076563225,0.0,0.0,14.430869689661812,hard,0.2041120817257867,0.30868487586364207,0.37456262078719377,0.35143781908297406
0.0,0.0,0.8570867251905718,0.29764244925591266,1.453677055411644,1.2839003076563225,1.2839003076563225,3.3067204296704613,1.2839003076563225,0.0,0.0,14.430869689661812,hard,0.2041120817257867,0.30868487586364207,0.37456262078719377,0.35143781908297406
0.0,0.0,0.7948242875737197,0.29764244925591266,1.4576202518189187,1.2839003076563225,1.2839003076563225,3.3067204296704613,1.2839003076563225,0.0,0.0,14.430869689661812,hard,0.2041120817257867,0.30868487586364207,0.37456262078719377,0.35143781908297406
0.0,0.0,0.826067856969395,0.29764244925591266,1.4619470220716773,1.2839003076563225,1.2839003076563225,3.3067204296704613,1.2839003076563225,0.0,0.0,14.430869689661812,hard,0.2041120817257867,0.30868487586364207,0.37456262078719377,0.35143781908297406
0.0,0.0,0.7534762017827668,0.29764244925591266,1.4665987754353447,1.2839003076563225,1.2839003076563225,3.3067204296704613,1.2839003076563225,0.0,0.0,14.430869689661812,hard,0.2041120817257867,0.30868487586364207,0.37456262078719377,0.35143781908297406
0.0,0.0,0.8182795262782167,0.29764244925591266,1.4717663646625205,1.2839003076563225,1.2839003076563225,3.3067204296704613,1.2839003076563225,0.0,0.0,14.430869689661812,hard,0.2041120817257867,0.30868487586364207,0.37456262078719377,0.35143781908297406
0.0,0.0,0.8579616786451392,0.29764244925591266,1.4774223027323807,1.2839003076563225,1.2839003076563225,3.3067204296704613,1.2839003076563225,0.0,0.27999999999999997,14.430869689661812,hard,0.2041120817257867,0.30868487586364207,0.37456262078719377,0.35143781908297406
0.0,0.0,0.8359607984225426,0.29764244925591266,1.4833817828591471,1.2839003076563225,1.2839003076563225,3.3067204296704613,1.2839003076563225,0.0,0.0,14.430869689661812,hard,0.2041120817257867,0.30868487586364207,0.37456262078719377,0.35143781908297406
0.0,0.0,0.7371273130855146,0.29764244925591266,1.4895327368431468,1.2839003076563225,1.2839003076563225,3.3067204296704613,1.2839003076563225,0.0,0.0,14.430869689661812,hard,0.2041120817257867,0.30868487586364207,0.37456262078719377,0.35143781908297406
0.0,0.0,6.830139876951513,0.29764244925591266,1.496220090341933,1.2839003076563225,1.2839003076563225,3.3067204296704613,1.2839003076563225,0.0,0.0,14.430869689661812,hard,0.2041120817257867,0.30868487586364207,0.37456262078719377,0.35143781908297406
0.0,0.0,1.106545912409018,0.29764244925591266,1.5034105226123005,1.2839003076563225,1.2839003076563225,3.3067204296704613,1.2839003076563225,0.0,0.0,14.430869689661812,hard,0.2041120817257867,0.30868487586364207,0.37456262078719377,0.35143781908297406
0.0,0.0,1.0932986591109481,0.29764244925591266,1.5110848103604255,1.2839003076563225,1.2839003076563225,3.3067204296704613,1.2839003076563225,0.0,0.0,14.430869689661812,hard,0.2041120817257867,0.30868487586364207,0.37456262078719377,0.35143781908297406
0.0,0.0,1.1601230373584213,0.29764244925591266,1.5191465561238904,1.2839003076563225,1.2839003076563225,3.3067204296704613,1.2839003076563225,0.0,0.0,14.430869689661812,hard,0.2041120817257867,0.30868487586364207,0.37456262078719377,0.35143781908297406
0.0,0.0,37.1551621492175,0.29731534403504495,1.5263638485290172,1.2843675486401858,1.2843675486401858,3.3067204296704613,1.2843675486401858,0.0,33.040000000000006,14.430869689661812,hard,0.2041120817257867,0.30868487586364207,0.3740182142643693,0.3504823813175787
0.0,0.0,2.4633691227220917,0.29731534403504495,1.53470383593116,1.2843675486401858,1.2843675486401858,3.3067204296704613,1.2843675486401858,0.0,0.0,14.430869689661812,hard,0.2041120817257867,0.30868487586364207,0.3740182142643693,0.3504823813175787
0.0,0.0,1.0521042506106983,0.29731534403504495,1.5252801532271065,1.2843675486401858,1.2843675486401858,3.30266559009537,1.2843675486401858,0.0,0.0,14.430869689661812,hard,0.2041120817257867,0.30868487586364207,0.3740182142643693,0.3504823813175787
0.0,0.0,2.4257338739160654,0.29731534403504495,1.5259660697382809,1.2843675486401858,1.2843675486401858,3.30266559009537,1.2843675486401858,0.0,0.0,14.430869689661812,hard,0.2041120817257867,0.30868487586364207,0.3740182142643693,0.3504823813175787
0.0,0.0,2.352916048131623,0.29731534403504495,1.5266927181244587,1.2843675486401858,1.2843675486401858,3.30266559009537,1.2843675486401858,0.0,0.0,14.430869689661812,hard,0.2041120817257867,0.30868487586364207,0.3740182142643693,0.3504823813175787
0.0,0.0,1.1408439694861858,0.29731534403504495,1.5275405427639417,1.2843675486401858,1.2843675486401858,3.30266559009537,1.2843675486401858,0.0,0.0,14.430869689661812,hard,0.2041120817257867,0.30868487586364207,0.3740182142643693,0.3504823813175787
0.0,0.0,1.1357182230807883,0.29731534403504495,1.5285249839513193,1.2843675486401858,1.2843675486401858,3.30266559009537,1.2843675486401858,0.0,0.0,14.430869689661812,hard,0.2041120817257867,0.30868487586364207,0.3740182142643693,0.3504823813175787
0.0,0.0,1.0650967400025821,0.29731534403504495,1.5294462280765309,1.2843675486401858,1.2843675486401858,3.30266559009537,1.2843675486401858,0.0,0.0,14.430869689661812,hard,0.2041120817257867,0.30868487586364207,0.3740182142643693,0.3504823813175787
0.0,0.0,68.80647506228894,0.29731534403504495,1.4175928578041237,1.2843675486401858,1.2843675486401858,3.601388621073821,1.2843675486401858,0.0,0.0,14.430869689661812,hard,0.2041120817257867,0.30868487586364207,0.3740182142643693,0.3504823813175787
