step,timestamp,reward,coverage,cov_trace,altitude,alt_idx,loop_closures,altitude_changes,frontier_count,new_cells,map_seed,difficulty,cov_alt0,cov_alt1,cov_alt2,cov_alt3
0.0,0.0,48.33180622316766,0.009229040634123725,0.034628764584248316,0.0,0.0,0.0,0.0,0.0,48.092198951597126,14.430869689661812,hard,0.031353005602401465,0.016358526943531054,0.0,0.0
0.0,0.0,43.20106204272485,0.010385423603979939,0.05169474727036587,0.0,0.0,0.0,0.0,0.0,44.09963265153124,14.430869689661812,hard,0.035384302453906724,0.016487341356441483,0.0,0.0
0.0,0.0,33.21473019311205,0.010534602211185108,0.05391003856315726,0.0,0.0,0.0,0.0,0.0,33.84955538851286,14.430869689661812,hard,0.03694835545901307,0.016568698018658404,0.0,0.0
0.0,0.0,32.676091371370134,0.010825043628906728,0.06578371015981051,0.0,0.0,0.0,0.0,0.0,32.2967242921012,14.430869689661812,hard,0.03781076351700964,0.016905334947175096,0.0,0.0
0.0,0.0,32.07272008125348,0.011847200292492291,0.07081531475255905,0.0,0.0,0.0,0.0,0.0,32.27868646645957,14.430869689661812,hard,0.03966087233993405,0.0187951942668281,0.0,0.0
0.0,0.0,35.498873367511756,0.011971892513760464,0.07746267973238255,0.0,0.0,0.0,0.0,0.0,35.00342840351499,14.430869689661812,hard,0.040515379392060624,0.019676377873165524,0.0,0.0
0.0,0.0,26.1690566697583,0.013108274474901637,0.08789825346139749,0.0,0.0,0.0,0.0,0.0,26.53417419103146,14.430869689661812,hard,0.042723658601704406,0.021150550604461207,0.0,0.0
0.0,0.0,24.169284074407965,0.01378121840577026,0.1027649685157489,0.0,0.0,0.0,0.0,0.0,23.521530562444273,14.430869689661812,hard,0.0438488273373575,0.022636049091962446,0.0,0.0
0.0,0.0,23.487467295941574,0.014440433780953103,0.10347073683124294,0.0,0.0,0.0,0.0,0.0,23.3629535804016,14.430869689661812,hard,0.04514844332863991,0.024039627384891023,0.0,0.0
0.0,0.0,18.59110080344186,0.015068578464157734,0.11397711079995593,0.0,0.0,0.0,0.0,0.0,18.166386542182792,14.430869689661812,hard,0.04674640968597131,0.024812691896958557,0.0,0.0
0.0,0.0,20.036591084433038,0.015999580771737024,0.12604569658893108,0.0,0.0,0.0,0.0,0.0,19.62003058101592,14.430869689661812,hard,0.0481432105921235,0.02700508549059162,0.0,0.0
0.0,0.0,22.914673325217027,0.01633146082200381,0.13421789936929757,0.0,0.0,0.0,0.0,0.0,21.778484795779526,14.430869689661812,hard,0.04879003553879806,0.027498635972441537,0.0,0.0
0.0,0.0,23.423039401340706,0.0172033163385906,0.1382604909729002,0.0,0.0,0.0,0.0,0.0,22.968857176620695,14.430869689661812,hard,0.05026485145574873,0.029183454937032022,0.0,0.0
0.0,0.0,23.808983981328957,0.018001320787656084,0.1516472271966843,0.0,0.0,0.0,0.0,0.0,23.434299648165293,14.430869689661812,hard,0.051324121635510554,0.03123518142727403,0.0,0.0
0.0,0.0,23.587279912707764,0.01859033950265365,0.16713119683492775,0.0,0.0,0.0,0.0,0.0,23.85036687348855,14.430869689661812,hard,0.052395411296923794,0.03195697985696455,0.0,0.0
0.0,0.0,25.035893659639704,0.019264010173815963,0.17077500174322618,0.0,0.0,0.0,0.0,0.0,25.37369504033656,14.430869689661812,hard,0.05376784569967509,0.032717529547859565,0.0,0.0
0.0,0.0,19.956063337493998,0.019330314397230274,0.174155137970391,0.0,0.0,0.0,0.0,0.0,19.567943172444057,14.430869689661812,hard,0.05403764849763181,0.03244452059786049,0.0,0.0
0.0,0.0,21.633890911001128,0.01989272100881159,0.1851492504673344,0.0,0.0,0.0,0.0,0.0,21.130650723534284,14.430869689661812,hard,0.05528342422296987,0.03315455360803795,0.0,0.0
0.0,0.0,19.444506604624898,0.020178380834978978,0.19531636053375453,0.0,0.0,0.0,0.0,0.0,18.371325482936715,14.430869689661812,hard,0.056001926611611144,0.03329625040550575,0.0,0.0
0.0,0.0,10.692035680322862,0.020247719240373243,0.2037443150691424,0.0,0.0,0.0,0.0,0.0,10.686440005914038,14.430869689661812,hard,0.05643177946899125,0.033397476948076266,0.0,0.0
0.0,0.0,89.7829819784225,0.026152613951220233,0.23875151066956382,0.4898979485566356,0.48989794855663565,0.0,0.48989794855663565,0.0,79.6093687953874,14.430869689661812,hard,0.056720277329288075,0.04093631814961786,0.025649571334661076,0.0
0.0,0.0,73.922718045761,0.026722776566079996,0.24307812585785932,0.4898979485566356,0.4898979485566356,0.0,0.4898979485566356,0.0,66.46463420496647,14.430869689661812,hard,0.0565756781967356,0.042471429898909646,0.030187767522959697,0.0
0.0,0.0,80.73077130972942,0.027545963193481703,0.2374451374770257,0.4386342439892262,0.4386342439892262,0.0,0.4386342439892262,0.0,74.49747378267266,14.430869689661812,hard,0.05674606695070959,0.04662639248152658,0.032027728932792966,0.0
0.0,0.0,48.56438583178289,0.026913797036407634,0.2440446216495196,0.38418745424597095,0.3841874542459709,0.0,0.3841874542459709,0.0,44.80948560293903,14.430869689661812,hard,0.05617129451936707,0.04836364158828883,0.03156093753882097,0.0
0.0,0.0,58.14017653567176,0.027818895853749425,0.24976674330663645,0.32496153618543844,0.3249615361854384,0.0,0.3249615361854384,0.0,53.26561367336342,14.430869689661812,hard,0.055205521904353676,0.05244734276584908,0.03031604065436483,0.0
0.0,0.0,34.091883530693906,0.029072960025696662,0.24985656241929716,0.32496153618543844,0.3249615361854384,0.0,0.3249615361854384,0.0,34.31914334595198,14.430869689661812,hard,0.054038248893722884,0.05658971511779634,0.032158474906855104,0.0
0.0,0.0,31.142892471951416,0.03045506539424656,0.24931466784739106,0.32496153618543844,0.3249615361854384,0.0,0.3249615361854384,0.0,30.670435275685282,14.430869689661812,hard,0.05390730377199493,0.06001321646829048,0.03459421461302787,0.0
0.0,0.0,27.620383351216066,0.031100373967375316,0.2532347901849404,0.32496153618543844,0.3249615361854384,0.0,0.3249615361854384,0.0,27.97713352007314,14.430869689661812,hard,0.05395730093588231,0.06135727239192452,0.03508362286365064,0.0
0.0,0.0,25.176045136138534,0.03126451718926768,0.25303427555099905,0.32496153618543844,0.3249615361854384,0.0,0.3249615361854384,0.0,24.429695045169925,14.430869689661812,hard,0.05348881477392548,0.06260986302802736,0.036354291413845725,0.0
0.0,0.0,31.671317817416245,0.03154914755647775,0.2566571663771207,0.32496153618543844,0.3249615361854384,0.0,0.3249615361854384,0.0,30.851022673486852,14.430869689661812,hard,0.05245280401295042,0.06350063214424771,0.037952025665872205,0.0
0.0,0.0,30.012656769874,0.032800420409641644,0.25559653331142296,0.32496153618543844,0.3249615361854384,0.0,0.3249615361854384,0.0,29.800671133382217,14.430869689661812,hard,0.053011152587833836,0.06561366570770244,0.03952840659915727,0.0
0.0,0.0,22.978594263188832,0.03338990022359029,0.25657762527206596,0.32496153618543844,0.3249615361854384,0.0,0.3249615361854384,0.0,22.793718432936735,14.430869689661812,hard,0.05317850399929423,0.06732506928971124,0.04121847454660024,0.0
0.0,0.0,30.38147509861691,0.03463733846762109,0.2620565864137062,0.32496153618543844,0.3249615361854384,0.0,0.3249615361854384,0.0,30.09444467007159,14.430869689661812,hard,0.05348904922465601,0.06995812934488993,0.043261410591726716,0.0
0.0,0.0,25.108477220776177,0.03463407544083939,0.2633674397308332,0.32496153618543844,0.3249615361854384,0.0,0.3249615361854384,0.0,24.111615458114787,14.430869689661812,hard,0.052743908233228116,0.06988694311858698,0.04433635443511746,0.0
0.0,0.0,22.614089008213302,0.03541487622893062,0.2687580495534871,0.32496153618543844,0.3249615361854384,0.0,0.3249615361854384,0.0,22.633214530861494,14.430869689661812,hard,0.052824150792618596,0.07171960270316331,0.04610514941356629,0.0
0.0,0.0,32.618393872267596,0.036293461624864215,0.26710294896391784,0.32496153618543844,0.3249615361854384,0.0,0.3249615361854384,0.0,25.230648029727654,14.430869689661812,hard,0.05391907091916281,0.07321408498496779,0.047578946327514735,0.0
0.0,0.0,29.99734472944202,0.03690771187794361,0.2739633029182815,0.32496153618543844,0.3249615361854384,0.0,0.3249615361854384,0.0,30.481003920474798,14.430869689661812,hard,0.05445620925663013,0.07426705296469098,0.04944081979071495,0.0
0.0,0.0,39.74408458180717,0.03829859231863137,0.2838928179326227,0.32496153618543844,0.3249615361854384,0.0,0.3249615361854384,0.0,32.90585966055286,14.430869689661812,hard,0.0549979065779477,0.07703188313412022,0.05164744994439572,0.0
0.0,0.0,18.40904447325455,0.038221242431406614,0.2842847668002288,0.32496153618543844,0.3249615361854384,0.0,0.3249615361854384,0.0,18.21824360359692,14.430869689661812,hard,0.055028996271020474,0.07780944660040376,0.05195406912730448,0.0
0.0,0.0,29.382105389793054,0.03909383864418739,0.29230775319219277,0.32496153618543844,0.3249615361854384,0.0,0.3249615361854384,0.0,28.774989139876315,14.430869689661812,hard,0.05564400895233278,0.0796695108451404,0.054110454623736884,0.0
0.0,0.0,31.000091473463613,0.0399967138926067,0.30217501852586215,0.32496153618543844,0.3249615361854384,0.0,0.3249615361854384,0.0,24.821772700594934,14.430869689661812,hard,0.05631837166966304,0.08151597331625597,0.05557689480378575,0.0
0.0,0.0,61.969422445902296,0.041855415726180595,0.3310475231825211,0.5782732917920383,0.5782732917920386,0.0,0.5878775382679627,0.0,55.580370635683956,14.430869689661812,hard,0.0572904162818362,0.08231049219368386,0.0588967501209166,0.015671854022793148
0.0,0.0,66.51341097252799,0.04358206176947031,0.32611129327403654,0.7483314773547883,0.7483314773547883,0.0,0.6858571279792899,0.0,60.22673492727296,14.430869689661812,hard,0.05748163125428249,0.082895310961779,0.062395405680253264,0.023836432442394837
0.0,0.0,57.57573775790522,0.04601315421468361,0.32687388398910155,0.8646386528486916,0.8646386528486915,0.0,0.6988562083862458,0.0,51.013504094504235,14.430869689661812,hard,0.05791436422253697,0.08310736501968144,0.06704111075442787,0.028335965576431924
0.0,0.0,44.05417311562727,0.047826721567071746,0.34564783334396953,0.916515138991168,0.916515138991168,0.0,0.6858571279792899,0.0,40.50481946633018,14.430869689661812,hard,0.05813795542711477,0.08334650535126174,0.07002600443240749,0.03364658629148267
0.0,0.0,58.735262727587546,0.04995814461644156,0.35576574435128056,0.9848857801796105,0.9848857801796106,0.0,0.6575712889109439,0.0,52.93514900328514,14.430869689661812,hard,0.05820159945115786,0.08318433633935172,0.07388704079525203,0.03808089695748555
0.0,0.0,41.914670929972594,0.05023149469873487,0.35945166123361016,0.9765244492586963,0.9765244492586963,0.0,0.6183849933496123,0.0,39.37188844848568,14.430869689661812,hard,0.05900652102242504,0.08202155265220992,0.07611801299215637,0.04164814486174002
0.0,0.0,42.55055887042024,0.05123458311092413,0.3751398430103591,0.9789790600416334,0.9789790600416334,0.0,0.565685424949238,0.0,39.32736451886905,14.430869689661812,hard,0.059047426694315786,0.08140645077666232,0.07841927197402081,0.04493781478931606
0.0,0.0,47.02447772934283,0.05174126145867632,0.3811783683594368,0.9693296652842106,0.9693296652842106,0.0,0.5173006862551025,0.0,45.12808881395267,14.430869689661812,hard,0.059125186740477884,0.07972684549975424,0.08023362774114831,0.04956111543355612
0.0,0.0,27.819884139909227,0.05225135175350334,0.3847136442775098,0.9693296652842106,0.9693296652842106,0.0,0.5173006862551025,0.0,27.654301654534688,14.430869689661812,hard,0.059233810739520276,0.07883945176608986,0.08312814298519214,0.05311568947553119
0.0,0.0,24.990430437618336,0.0521156532885656,0.3864832994915055,0.9693296652842106,0.9693296652842106,0.0,0.5173006862551025,0.0,24.296205465051536,14.430869689661812,hard,0.05977906961374147,0.07811638007345184,0.08435667926187496,0.055736589763534405
0.0,0.0,26.459874797017914,0.053018879041574075,0.3959366815668503,0.9693296652842106,0.9693296652842106,0.0,0.5173006862551025,0.0,26.357852719825264,14.430869689661812,hard,0.0602708477542324,0.07784423138984545,0.08675133945445193,0.058662018634040955
0.0,0.0,27.362326654320817,0.05400671340332427,0.3980692077850572,0.9693296652842106,0.9693296652842106,0.0,0.5173006862551025,0.0,27.345207989700864,14.430869689661812,hard,0.060956648742632735,0.07789843491069222,0.08849695042486519,0.06144833689798895
0.0,0.0,19.14785359604579,0.05426303343406124,0.39876828728854885,0.9693296652842106,0.9693296652842106,0.0,0.5173006862551025,0.0,18.494420780332646,14.430869689661812,hard,0.0612065415615936,0.07747035276066153,0.08947456308529352,0.06307296551892769
0.0,0.0,18.988471161358913,0.05467226237120675,0.400531492333485,0.9693296652842106,0.9693296652842106,0.0,0.5173006862551025,0.0,18.91518966333671,14.430869689661812,hard,0.061639676335580026,0.07757076819614563,0.09089964250312468,0.06468089990176464
0.0,0.0,14.340826814911816,0.055113516387497695,0.39117087116190075,0.9693296652842106,0.9693296652842106,0.0,0.5173006862551025,0.0,13.274773067740178,14.430869689661812,hard,0.061992657574956395,0.07752221093033128,0.09200764190606318,0.06601645017297603
0.0,0.0,16.07191156924517,0.055780952053836715,0.39142710485859034,0.9693296652842106,0.9693296652842106,0.0,0.5173006862551025,0.0,15.934126897950826,14.430869689661812,hard,0.062302585710499625,0.07758353731761655,0.09323672162438836,0.06787791992026758
0.0,0.0,22.57828128522343,0.05674675472328777,0.3770357300280449,0.9693296652842106,0.9693296652842106,0.0,0.5173006862551025,0.0,21.876343387321384,14.430869689661812,hard,0.06228849608412477,0.07795265540336013,0.09491634081469577,0.06999193572270304
0.0,0.0,27.64838017737976,0.05863753010732252,0.37089949887313667,0.9693296652842106,0.9693296652842106,0.0,0.5173006862551025,0.0,27.32983717478024,14.430869689661812,hard,0.06268266146308377,0.07836440996233038,0.09882178343374638,0.07299260217386858
0.0,0.0,23.082057031173406,0.059082820678868865,0.36095655055631554,0.9693296652842106,0.9693296652842106,0.0,0.5173006862551025,0.0,20.700183574065232,14.430869689661812,hard,0.06308315986457952,0.0786058716506179,0.10037218551899145,0.07456438614607687
0.0,0.0,25.07171834057988,0.059709684013973495,0.3748452272004384,0.9693296652842106,0.9693296652842106,0.13999999999999999,0.5173006862551025,0.0,24.984186998979975,14.430869689661812,hard,0.06313046778298664,0.07898547941119377,0.10246814573712246,0.07586913195290453
0.0,0.0,31.56608085071464,0.0610383735087859,0.3873366962163943,0.9693296652842106,0.9693296652842106,0.19595917942265428,0.5173006862551025,0.0,25.43606887866126,14.430869689661812,hard,0.06390944863666143,0.07940007905336223,0.10571989966200655,0.07730509168917084
0.0,0.0,32.99219013577125,0.06230452797988888,0.36185692082113,0.9789790600416334,0.9789790600416334,0.19595917942265428,0.6621178142898739,0.0,30.956905530107495,14.430869689661812,hard,0.06532600205793399,0.07960188727249061,0.10769465296324422,0.0788395538449739
0.0,0.0,46.378850742774794,0.06368008680093239,0.32897235376588524,0.9314504817756014,0.9314504817756014,0.19595917942265428,0.7922120928135344,0.0,43.37226763728177,14.430869689661812,hard,0.06578467362497352,0.08194005221319237,0.1074486989977394,0.0811062823718652
0.0,0.0,38.29809101359528,0.06568291205201549,0.3382309918660749,1.0007996802557444,1.0007996802557442,0.23748684174075835,0.8352245207128441,0.0,34.74996402875836,14.430869689661812,hard,0.06541627634046122,0.08295234899828009,0.10828337953983161,0.08614139468547226
0.0,0.0,36.568457489433655,0.06744463203444305,0.31395837028847795,1.0665833300778707,1.0665833300778707,0.23748684174075835,0.848528137423857,0.0,30.237698325104045,14.430869689661812,hard,0.06568674482947204,0.08372531661784573,0.10871582671161006,0.092054651098622
0.0,0.0,27.626137310378503,0.06830408917518745,0.2747938141378177,1.0392304845413265,1.0392304845413265,0.23748684174075835,0.854166260162505,0.0,27.999149987097827,14.430869689661812,hard,0.0658019534344235,0.08472388080806854,0.10801118829208149,0.09525143979421492
0.0,0.0,22.755924558310028,0.06916034659774276,0.24600119772648865,1.0392304845413265,1.0392304845413265,0.23748684174075835,0.8522910301065005,0.0,21.48619091416624,14.430869689661812,hard,0.06605806642469247,0.08480914668987381,0.10760827698588352,0.09921452627225272
0.0,0.0,17.68160298918693,0.06965530980643465,0.22678769701713847,1.0392304845413265,1.0392304845413265,0.23748684174075835,0.8246211251235321,0.0,13.249845282115563,14.430869689661812,hard,0.06613500202804604,0.08540557557211725,0.10745739003391847,0.10201344768791736
0.0,0.0,33.44996377755766,0.06996515439324079,0.20489900161706479,1.0229369482035537,1.0229369482035537,0.23748684174075835,0.7939773296511684,0.0,30.26264363865127,14.430869689661812,hard,0.06715604697772887,0.08593961472334002,0.10722527752663377,0.10349346623322617
0.0,0.0,35.9822127668511,0.07079459423975404,0.18260472714298845,1.044030650891055,1.044030650891055,0.23748684174075835,0.7280109889280518,0.0,32.4600924213102,14.430869689661812,hard,0.06778940284380434,0.08694316642189452,0.1052609166202104,0.1073500184377591
0.0,0.0,32.040688177690534,0.07115983451870476,0.21409946314612266,1.0244998779892558,1.0244998779892558,0.2712931993250107,0.664529909033446,0.0,28.348093410315975,14.430869689661812,hard,0.06864427580137783,0.08706117088861497,0.10328356373076929,0.10994928746310279
0.0,0.0,24.098520860737644,0.07109360786622992,0.20057941748322905,1.044030650891055,1.044030650891055,0.2712931993250107,0.626418390534633,0.0,21.8023484973523,14.430869689661812,hard,0.06940421436532394,0.08693463978321034,0.10187620552387627,0.1118024228222744
0.0,0.0,26.708225396453575,0.0714282571182049,0.1823644403635307,1.044030650891055,1.044030650891055,0.2712931993250107,0.626418390534633,0.0,20.435155981787858,14.430869689661812,hard,0.07038709106781484,0.08661772126244333,0.10163820916151034,0.1145380310178584
0.0,0.0,29.310181251447503,0.0710852764973287,0.1655431186036979,1.0244998779892558,1.0244998779892558,0.2712931993250107,0.5499090833947009,0.0,27.276546702249536,14.430869689661812,hard,0.07098704097938247,0.08605644821622666,0.09911049029172841,0.11604628011176546
0.0,0.0,13.082904097883098,0.07151025950256701,0.15941633749502107,1.0244998779892558,1.0244998779892558,0.2712931993250107,0.5499090833947009,0.0,13.85606004605927,14.430869689661812,hard,0.07157282248159896,0.08654530980796053,0.09892482813487828,0.11712757248002872
0.0,0.0,20.114444887499936,0.07156764296967251,0.15212659312339397,1.0244998779892558,1.0244998779892558,0.2712931993250107,0.5499090833947009,0.0,19.787875075409183,14.430869689661812,hard,0.07267418965879922,0.08678311199436017,0.09883576871178312,0.11753236914876981
0.0,0.0,17.589312679410718,0.0717392900997639,0.13810488507963806,1.0244998779892558,1.0244998779892558,0.2712931993250107,0.5499090833947009,0.0,16.233496234637812,14.430869689661812,hard,0.07333151610176195,0.08737567261074268,0.09836148462461812,0.11827004827630172
0.0,0.0,13.883348876361435,0.07181955081097711,0.11858847612692959,1.0244998779892558,1.0244998779892558,0.2712931993250107,0.5499090833947009,0.0,13.371985641631538,14.430869689661812,hard,0.07374897716371222,0.0874932904647645,0.09771765075892075,0.11901603240691562
0.0,0.0,15.791090297780375,0.07175284482001532,0.33126729050046577,1.0244998779892558,1.0244998779892558,0.36660605559646714,0.5499090833947009,0.0,15.564626561533688,14.430869689661812,hard,0.07392857468522952,0.08716523722171471,0.09752047317211142,0.119966788010423
0.0,0.0,10.5577172171501,0.07192613391515061,0.3512357340537786,1.0244998779892558,1.0244998779892558,0.38418745424597095,0.5499090833947009,0.0,9.604353179678474,14.430869689661812,hard,0.07402210899725531,0.08704483009615643,0.09761670439042551,0.12071646982735278
0.0,0.0,15.069181043476767,0.07179069170891453,0.3357688491569173,1.0244998779892558,1.0244998779892558,0.38418745424597095,0.5499090833947009,0.0,14.654746671300735,14.430869689661812,hard,0.0742721257003489,0.08655548740401561,0.09691530562606775,0.12242427828948575
0.0,0.0,19.365256108188287,0.07195997866398458,0.3222410233326762,1.0244998779892558,1.0244998779892558,0.38418745424597095,0.5499090833947009,0.0,18.860540819393275,14.430869689661812,hard,0.07405761019213482,0.0865973752508546,0.09706551374444267,0.12405813648908913
0.0,0.0,41.372967756010354,0.07177960920753958,0.29255432604867565,1.0814804667676619,1.0814804667676619,0.38418745424597095,0.6437390775772432,0.0,38.35038982852716,14.430869689661812,hard,0.07392024556998972,0.08672645651161871,0.09699189444828066,0.12443712574479132
0.0,0.0,48.02208846537743,0.07101828453331288,0.370567346375502,1.0799999999999998,1.0799999999999998,0.46,0.7472616676907762,0.0,44.79821425012385,14.430869689661812,hard,0.0738381714578695,0.08644667203131791,0.09600079650735308,0.12407158631713937
0.0,0.0,62.63151639161442,0.07110862220827242,0.36858096829678055,1.0628264204469138,1.0628264204469138,0.5122499389946279,0.8569714114251419,0.0,56.48568314183692,14.430869689661812,hard,0.07374006166064674,0.08704732760065412,0.09713916672751906,0.12109307447928548
0.0,0.0,34.92637608224027,0.0723198543023961,0.34848399757034515,1.0239140588936164,1.0239140588936164,0.5122499389946279,0.8901685233707155,0.0,29.61446268295273,14.430869689661812,hard,0.07412896238155399,0.08711861329406488,0.09980861019072455,0.12158496338593401
0.0,0.0,29.274161938835576,0.07262473619054055,0.3316545707578665,0.9830564581955606,0.9830564581955606,0.5122499389946279,0.9042123644365854,0.0,27.18649664815237,14.430869689661812,hard,0.0746978427927941,0.08730818880417499,0.10072701941653593,0.12124181865292499
0.0,0.0,31.032285258000623,0.07292914877993072,0.29781751332520295,0.9951884243699782,0.9951884243699782,0.5122499389946279,0.92,0.0,30.509565713067758,14.430869689661812,hard,0.07502380061822929,0.08703312325924954,0.10149957781602843,0.12123906369975399
0.0,0.0,42.14996564290726,0.0726773360456507,0.28034343083200364,0.9624967532412773,0.9624967532412773,0.5122499389946279,0.8772684879784524,0.0,34.42315499776277,14.430869689661812,hard,0.07515037185654308,0.08696031873777366,0.10198111788653998,0.12019112362895569
0.0,0.0,39.176707085932314,0.07310447070870248,0.26769482254819277,0.9425497334358544,0.9425497334358544,0.5122499389946279,0.8268010643437755,0.0,37.23394150503005,14.430869689661812,hard,0.07520909398503603,0.087047853570603,0.10160613459236531,0.12034688496567397
0.0,0.0,21.15122740316349,0.07331635656306881,0.2525109149902847,0.9624967532412771,0.9624967532412771,0.5122499389946279,0.7745966692414834,0.0,19.459095559660522,14.430869689661812,hard,0.07525649540775024,0.0872299192356112,0.10215126896779422,0.12080604138496412
0.0,0.0,20.369864852870666,0.07334579332635931,0.2714542578043688,0.9816312953446422,0.9816312953446422,0.5219195340279956,0.6814690014960328,0.0,19.833305322109073,14.430869689661812,hard,0.0751740438834438,0.08709862262207971,0.10238125597019924,0.12189750783916545
0.0,0.0,21.250352697068358,0.07356812206607506,0.2972862582966736,0.9816312953446422,0.9816312953446422,0.530659966456864,0.6814690014960328,0.0,20.275709605338108,14.430869689661812,hard,0.0752032644005737,0.0871671363239817,0.10268897414413478,0.12332971096946377
0.0,0.0,24.914288611798753,0.07390101078057373,0.27870052364488823,0.9816312953446422,0.9816312953446422,0.530659966456864,0.6814690014960328,0.0,19.08852011026523,14.430869689661812,hard,0.07519640098097069,0.08693206719006816,0.10300221518090064,0.1251251236118242
0.0,0.0,16.307007651738953,0.07403569163013254,0.26286050877992156,0.977547952787995,0.977547952787995,0.530659966456864,0.6082762530298219,0.0,13.609188072769074,14.430869689661812,hard,0.07540247635359247,0.08685166964283526,0.10367735078637526,0.12543012468647916
0.0,0.0,16.43292287294108,0.07449263086195108,0.25325829208406286,0.977547952787995,0.977547952787995,0.530659966456864,0.6082762530298219,0.0,15.676236793312354,14.430869689661812,hard,0.07549238001789994,0.08670884897521856,0.10443335832086004,0.12670265684177826
0.0,0.0,21.464835971031373,0.07495223474523913,0.22183577733254167,0.9591663046625439,0.9591663046625439,0.530659966456864,0.567097875150313,0.0,17.817755189697717,14.430869689661812,hard,0.07567746281957644,0.08665586620038258,0.10544087132877968,0.12793890477759765
0.0,0.0,13.374271273675875,0.07504640205130493,0.20079815144372049,0.9591663046625439,0.9591663046625439,0.530659966456864,0.567097875150313,0.0,13.035045070884873,14.430869689661812,hard,0.0760005395352257,0.08663063616193233,0.1061453732980213,0.12828644610327572
0.0,0.0,21.363440155243598,0.07566993805586729,0.3554063894668433,0.9591663046625439,0.9591663046625439,0.5571355310873648,0.567097875150313,0.0,18.08628209444937,14.430869689661812,hard,0.07604603544979903,0.08665151437200655,0.10721860177569961,0.12978591245096543
0.0,0.0,32.3613213550687,0.07668250701534292,0.41000387598250465,0.9591663046625439,0.9591663046625439,0.66332495807108,0.567097875150313,0.0,26.96590439796151,14.430869689661812,hard,0.07604970208875232,0.08708527168413918,0.10910333523582473,0.13075581474373138
0.0,0.0,29.65633532745608,0.07754282266853615,0.3888750098106782,0.9591663046625439,0.9591663046625439,0.66332495807108,0.567097875150313,0.0,26.121447126834298,14.430869689661812,hard,0.07600400046909023,0.08790519332526718,0.11105230714589343,0.1316409082141845
0.0,0.0,23.220996430536587,0.07804767499590992,0.3695318954382068,0.9591663046625439,0.9591663046625439,0.66332495807108,0.567097875150313,0.0,17.70735440431461,14.430869689661812,hard,0.07637434898156745,0.0882344646840474,0.11159889176137144,0.13335441503397255
0.0,0.0,14.563856104867657,0.07843328543937281,0.4045512686855764,0.9591663046625439,0.9591663046625439,0.6681317235396026,0.567097875150313,0.0,15.095019046029721,14.430869689661812,hard,0.0764622038280616,0.08855454468592734,0.11201537183499465,0.1349048968474244
0.0,0.0,23.717167007236316,0.07929584225435012,0.383496391443946,0.9425497334358544,0.9425497334358544,0.6681317235396026,0.6415605972938175,0.0,19.07916140714785,14.430869689661812,hard,0.07648860473119569,0.08895231894121586,0.11298202850271798,0.13709728728550907
0.0,0.0,30.540998035382785,0.08060231024365878,0.4105453770673046,0.9217374897442331,0.9217374897442331,0.698856208386246,0.7386474125047755,0.0,29.086636106638384,14.430869689661812,hard,0.07538227358328227,0.0895603580016901,0.11466241284060162,0.1393402996643988
0.0,0.0,36.787472932281766,0.08129641518845812,0.38746807435113306,0.964157663455516,0.964157663455516,0.698856208386246,0.7989993742175271,0.0,23.627103080995774,14.430869689661812,hard,0.07617896373950032,0.08972770842530263,0.11494497923466443,0.14047641733024133
0.0,0.0,26.562817924588472,0.08133090868535224,0.43182746946863587,1.0047885349664376,1.0047885349664376,0.7280109889280518,0.8863407922464136,0.0,26.247476069138532,14.430869689661812,hard,0.07677840838256529,0.08947366492118813,0.1147777398709094,0.14093723296914343
0.0,0.0,24.28985589584285,0.08169820775702612,0.41264604672893246,1.0809255293497328,1.0809255293497328,0.7280109889280518,0.9228217596047463,0.0,21.214108512968437,14.430869689661812,hard,0.07547678104082398,0.08911412576334642,0.114789384013704,0.1414687445061896
0.0,0.0,18.000370253325315,0.08185463666830367,0.3972264388015553,1.0970870521521983,1.0970870521521983,0.7280109889280518,0.9433981132056604,0.0,14.337712509323097,14.430869689661812,hard,0.07559395821145602,0.08904432729972118,0.11483232954748938,0.14189140895545985
0.0,0.0,28.78386223753589,0.08179676160058218,0.37375198436254015,1.1421033228215387,1.1421033228215387,0.7280109889280518,0.9184770002564028,0.0,24.59857719462652,14.430869689661812,hard,0.0755825794115107,0.0891398525045447,0.11422952632203001,0.14241421629923812
0.0,0.0,21.689179941332885,0.08191695842032999,0.349422289838611,1.1214276615100949,1.1214276615100949,0.7280109889280518,0.92,0.0,16.05716039653338,14.430869689661812,hard,0.07579333204734164,0.08879225716483256,0.11437017463789585,0.14359111974748878
0.0,0.0,43.77417580851387,0.08261495168322981,0.34863547290393226,1.0665833300778707,1.0665833300778707,0.7547184905645282,0.8059776671843955,0.0,28.133972346613266,14.430869689661812,hard,0.07600041012268147,0.08979211558721602,0.11431045700258172,0.1434284990148674
0.0,0.0,34.149051382542616,0.08271250795978884,0.34702316272654926,1.0440306508910548,1.0440306508910548,0.7539230729988305,0.7769169839822013,0.0,31.169318247276443,14.430869689661812,hard,0.07626190166854452,0.08994822341762887,0.11396895160908949,0.14255362937007288
0.0,0.0,23.82157787156411,0.0827082281667573,0.32132778710109106,1.0205880657738458,1.0205880657738458,0.7539230729988305,0.7211102550927979,0.0,19.818133110865915,14.430869689661812,hard,0.07658757738604761,0.08995072846925234,0.1132316874239332,0.14295611919917597
0.0,0.0,16.850094174906072,0.08285703483630807,0.38365529873722215,1.0205880657738458,1.0205880657738458,0.8022468448052631,0.7211102550927979,0.0,12.769479237619677,14.430869689661812,hard,0.07681515799800515,0.09029998367321501,0.11316727968694941,0.14332138318572243
0.0,0.0,17.690878706730242,0.08286670032974083,0.36093297787726325,1.0111379727811631,1.0111379727811631,0.8022468448052631,0.656048778674269,0.0,17.027554140275107,14.430869689661812,hard,0.07705297904093143,0.09090922490564493,0.11313425505444157,0.14384277279917954
0.0,0.0,38.96327023286758,0.08303947006236359,0.338101263434798,0.9961927524329817,0.9961927524329818,0.8022468448052631,0.62,0.0,25.54604470363269,14.430869689661812,hard,0.07717870781132495,0.0915419519563602,0.1136168039080883,0.14462176155622045
0.0,0.0,20.031856400269515,0.0830875443216607,0.3163731062197954,0.9961927524329817,0.9961927524329818,0.8022468448052631,0.62,0.0,19.332418369153924,14.430869689661812,hard,0.0772289514725946,0.09213455091758725,0.11341207728417954,0.14505273960287018
0.0,0.0,22.397353235168126,0.08350514304549503,0.4161583532103821,1.0205880657738458,1.0205880657738458,0.8662563131083085,0.581033561853358,0.0,21.6257346696014,14.430869689661812,hard,0.07723976899266166,0.09327073246929851,0.1138909408698275,0.14548667508015914
0.0,0.0,10.93939248278319,0.08377763765739323,0.4383840049483922,1.0205880657738458,1.0205880657738458,0.8818163074019442,0.581033561853358,0.0,10.640319544073852,14.430869689661812,hard,0.07723921954856072,0.09387290921125341,0.11406364704508372,0.1459550802215135
0.0,0.0,17.503413680522964,0.08404466791740695,0.45820599140564827,1.0205880657738458,1.0205880657738458,0.9219544457292888,0.581033561853358,0.0,15.395077135240342,14.430869689661812,hard,0.0773134867154937,0.09478493349458651,0.11457513943405087,0.14609921379295734
0.0,0.0,12.75751249129853,0.08440479825210144,0.44984117379227445,1.0205880657738458,1.0205880657738458,0.9173875952943772,0.581033561853358,0.0,12.073176881003608,14.430869689661812,hard,0.07725197209891327,0.09560873414769336,0.115002780380085,0.14677401028027173
0.0,0.0,28.405165376764042,0.08512939105737831,0.42430248202783266,1.0205880657738458,1.0205880657738458,0.9173875952943772,0.581033561853358,0.0,25.01122947797649,14.430869689661812,hard,0.07763847664347628,0.09694623803407489,0.11621395329732268,0.14769970752685055
0.0,0.0,21.644527537501688,0.08547520703083751,0.4051790815774823,1.0205880657738458,1.0205880657738458,0.9173875952943772,0.581033561853358,0.0,19.61513701201192,14.430869689661812,hard,0.07779917111777868,0.09787451257443855,0.11659631842813488,0.1480834687925233
0.0,0.0,25.5365234642904,0.08574173508385362,0.37606784664278214,1.016070863670443,1.016070863670443,0.9173875952943772,0.6082762530298219,0.0,19.511032776355023,14.430869689661812,hard,0.07817502407865608,0.09872028838575474,0.11688912787900095,0.14811026474608632
0.0,0.0,38.82620740308468,0.08625428580143653,0.3482071007698427,1.0777754868245983,1.0777754868245983,0.9173875952943772,0.7211102550927978,0.0,33.34344913172601,14.430869689661812,hard,0.07824371846749288,0.09879878175226542,0.11829222780618728,0.14915446301756624
0.0,0.0,31.517267027629437,0.08641578823711582,0.374081963880761,1.044030650891055,1.044030650891055,0.9551963149007642,0.7748548251124207,0.0,30.042662997810297,14.430869689661812,hard,0.07997594923504783,0.0997374808656914,0.11870509390483065,0.14947587329241738
0.0,0.0,26.4665561915582,0.08745597932701653,0.3752759478428648,1.037111372997134,1.037111372997134,0.9499473669630334,0.86,0.0,23.260644874981434,14.430869689661812,hard,0.0811414376174322,0.10077423457853346,0.12025082302677112,0.15072663261213676
0.0,0.0,24.268867456176007,0.08787430175477468,0.35041454596903726,1.0031948963187562,1.0031948963187562,0.9499473669630334,0.9130169768410663,0.0,24.24752358489419,14.430869689661812,hard,0.08176624322480923,0.10094290810622683,0.12090512817422888,0.1516520175298778
0.0,0.0,34.26813862452511,0.08805766784758742,0.3208037280468672,0.9830564581955605,0.9830564581955605,0.9499473669630334,0.9591663046625439,0.0,29.48670208755126,14.430869689661812,hard,0.08190247766515621,0.10164315457098175,0.12177837250434013,0.15133077689039545
0.0,0.0,22.161381713075006,0.0881316042662262,0.3303840013963217,1.0229369482035537,1.0229369482035537,0.9651942809610923,0.9499473669630333,0.0,14.955935276671934,14.430869689661812,hard,0.08210747779231092,0.10194197810310075,0.12235278363872858,0.15149781835388046
0.0,0.0,26.85772039601419,0.08833101268152475,0.3177772350354707,0.9643650760992956,0.9643650760992956,0.9651942809610923,0.9643650760992956,0.0,27.25568564538416,14.430869689661812,hard,0.08222270345850151,0.10172732312696667,0.12335592720292818,0.15132053822043223
0.0,0.0,33.58990250485606,0.08871685564849066,0.2982226292681607,0.9219544457292888,0.9219544457292888,0.9651942809610923,0.8534635317340747,0.0,28.866319474432483,14.430869689661812,hard,0.08213652461915694,0.10199333266698393,0.12363995115708515,0.1490979617788758
0.0,0.0,16.93537903008852,0.08883550813349703,0.2745719977443596,0.9624967532412773,0.9624967532412773,0.9651942809610923,0.8304215796810679,0.0,16.28669395549631,14.430869689661812,hard,0.0820199903268751,0.10202204146536313,0.12393237013821173,0.14831150663514492
0.0,0.0,20.183635602988172,0.0889885382547274,0.33718974079043956,0.9816312953446422,0.9816312953446422,1.0,0.7799999999999999,0.0,15.557634781675523,14.430869689661812,hard,0.08180996630559018,0.10209656454298363,0.12394842604002158,0.14791811955553655
0.0,0.0,11.333252802894231,0.0892406854539674,0.3201917154490958,0.9816312953446422,0.9816312953446422,1.0,0.7799999999999999,0.0,9.757130725782043,14.430869689661812,hard,0.0816702966400699,0.10252699173616135,0.12408068559666731,0.14805382491896832
0.0,0.0,17.328235254104786,0.08936474388324872,0.33532217059350455,0.9591663046625439,0.9591663046625439,0.9937806599043876,0.6928203230275509,0.0,17.10162565372076,14.430869689661812,hard,0.08152236249835913,0.10259018908576316,0.12368186871292833,0.1480009922233193
0.0,0.0,20.53093599766645,0.0893600361365169,0.35022915573826635,0.9591663046625439,0.9591663046625439,0.9871170143402452,0.6928203230275509,0.0,17.106267857133535,14.430869689661812,hard,0.08147457434591979,0.10282653825195764,0.12363666137033548,0.14813596617511096
0.0,0.0,30.151357681062127,0.08966449782204514,0.36684928909709497,0.9568698971124548,0.9568698971124548,0.98,0.66,0.0,26.37802115398348,14.430869689661812,hard,0.08066917700857276,0.10332635616888317,0.12363543646093446,0.14831319757561762
0.0,0.0,11.226311955889905,0.08980411704831794,0.40712717434095963,0.9568698971124548,0.9568698971124548,1.0322790320451152,0.66,0.0,11.130426766301461,14.430869689661812,hard,0.08066262412149963,0.10357767633343132,0.1235641044578829,0.14855394796492566
0.0,0.0,17.6043718734404,0.08984433392430383,0.4743058381547051,0.9568698971124548,0.9568698971124548,1.092520022699813,0.66,0.0,10.20942701624337,14.430869689661812,hard,0.08074809107012106,0.10379457727208792,0.12354013081448816,0.1487451126359243
0.0,0.0,8.95417004093545,0.08995206811423237,0.472847534449547,0.9568698971124548,0.9568698971124548,1.1208925015361642,0.66,0.0,8.098617165911723,14.430869689661812,hard,0.08085091710276118,0.10395747148401888,0.12352017544303415,0.14859838199432435
0.0,0.0,8.5996411585042,0.09008834463367071,0.5033612509572036,0.938083151964686,0.938083151964686,1.1135528725660044,0.6248199740725324,0.0,7.693737713231457,14.430869689661812,hard,0.08100249449586219,0.10415485745384122,0.12342669091510383,0.14864544879520022
0.0,0.0,7.7159243228780285,0.0901471034624701,0.49574638131707327,0.938083151964686,0.938083151964686,1.1043550153822819,0.6248199740725324,0.0,6.712853342655417,14.430869689661812,hard,0.08100426422192536,0.10439543046665248,0.12331844763316684,0.1487854996485795
0.0,0.0,21.009291101431653,0.08991034416594385,0.4740140492080271,0.938083151964686,0.938083151964686,1.1043550153822819,0.6248199740725324,0.0,15.130684055917632,14.430869689661812,hard,0.08095904318055762,0.10433945043019409,0.12281248553807339,0.14908689804770459
0.0,0.0,16.1008050966881,0.08964115228444218,0.4602869492808374,0.9610411021387171,0.9610411021387171,1.0947145746723208,0.6514598989960932,0.0,12.719056568786852,14.430869689661812,hard,0.08097418713800368,0.10417303261435443,0.12269521493682131,0.1483565165575251
0.0,0.0,34.695995346925095,0.08924114446977709,0.4370376800716871,0.9400000000000001,0.9400000000000001,1.1208925015361642,0.7,0.0,31.060869273090216,14.430869689661812,hard,0.08095836230458438,0.10380629553974074,0.1219436403209442,0.1484471166446305
0.0,0.0,26.336565334922703,0.08906601724240513,0.4249791654260904,0.9635351576356723,0.9635351576356723,1.1285388783732706,0.7820485918406862,0.0,25.809494377069846,14.430869689661812,hard,0.08089453538850774,0.10365098809025827,0.12165805020563347,0.1489839829425146
0.0,0.0,36.86407992011162,0.0890975015917304,0.4301989900836502,0.9846826900072937,0.9846826900072937,1.1357816691600549,0.8634813257969162,0.0,33.47378675919413,14.430869689661812,hard,0.080854707469771,0.1031153103149786,0.12213427132898558,0.14978284029255481
0.0,0.0,35.38310968863876,0.08917038613152133,0.40414343116581514,1.004987562112089,1.004987562112089,1.1357816691600549,0.9271461589199407,0.0,26.260426500725387,14.430869689661812,hard,0.08103083940428422,0.103321223613286,0.12214133836796931,0.15044013544252355
0.0,0.0,30.7740372006391,0.08932041358923239,0.4202792417833269,1.0047885349664376,1.0047885349664376,1.1600000000000001,0.9583318840568751,0.0,23.36462283025343,14.430869689661812,hard,0.08095900259749786,0.10346962980700646,0.12260213953422404,0.1511827402473279
0.0,0.0,40.59851539514377,0.09003033643037275,0.3933590129326684,0.9846826900072937,0.9846826900072937,1.1600000000000001,0.9927738916792685,0.0,34.02482035220759,14.430869689661812,hard,0.0829407858081664,0.1047648206370231,0.12284701117796384,0.15171406587914643
0.0,0.0,30.673876135744184,0.09054377508900137,0.41165470852918756,0.964157663455516,0.964157663455516,1.1377170122662312,1.0071742649611337,0.0,30.966665949049148,14.430869689661812,hard,0.08281198427209581,0.10570821564874663,0.12331184189100969,0.15253267256552544
0.0,0.0,34.54367696570995,0.0913312821019487,0.38157093873487746,1.0176443386566842,1.0176443386566842,1.1377170122662312,0.9643650760992956,0.0,30.167691326980922,14.430869689661812,hard,0.08237385694445974,0.10636856676083073,0.12333211680777802,0.15272786607279254
0.0,0.0,35.456369375249,0.09237421098752484,0.43556046659868436,0.9643650760992956,0.9643650760992956,1.1661903789690602,0.9184770002564027,0.0,26.351470547200964,14.430869689661812,hard,0.08271201852160004,0.10822362671153474,0.12392497412645777,0.153003445595293
0.0,0.0,34.102084100320546,0.09318296696800933,0.40240681176011167,0.947417542586161,0.947417542586161,1.1661903789690602,0.92,0.0,25.275632534122664,14.430869689661812,hard,0.08366974936446786,0.1090683347539472,0.12411324075615654,0.15315127785839994
0.0,0.0,24.227291452574786,0.09333174113236317,0.37600218152309345,0.947417542586161,0.947417542586161,1.1661903789690602,0.92,0.0,13.977124167724918,14.430869689661812,hard,0.08369777260999593,0.10935298747338201,0.12434910582646432,0.1532430971305852
0.0,0.0,43.76496941525837,0.09340544443497485,0.39615409763698206,0.9357350052231668,0.9357350052231668,1.2213107712617621,0.8306623862918074,0.0,40.77185794147723,14.430869689661812,hard,0.08389134937919732,0.1095619868472678,0.12435165462477665,0.15118481878114423
0.0,0.0,22.47431168081775,0.09340340812965449,0.4864993575841773,0.916515138991168,0.916515138991168,1.1934822998268555,0.7807688518377254,0.0,22.437468662930765,14.430869689661812,hard,0.0838642076176594,0.10984909416587132,0.1240511628732315,0.1509559072741919
0.0,0.0,22.097573889199246,0.09346092795849732,0.504048976333919,0.9199999999999999,0.9199999999999999,1.214742771124817,0.7255342858886822,0.0,17.861959578948778,14.430869689661812,hard,0.08387284335445346,0.1100584288792172,0.12368552814697772,0.15133911091324634
0.0,0.0,27.377221641863887,0.09403787151263385,0.48535530276168476,0.9400000000000001,0.9400000000000001,1.214742771124817,0.6954135460285485,0.0,20.746479219375995,14.430869689661812,hard,0.08492540261864764,0.11059402999280628,0.12370647487238028,0.1516715045586285
0.0,0.0,14.947500878726078,0.09411743635994924,0.5081156847135385,0.9400000000000001,0.9400000000000001,1.2649110640673518,0.6954135460285485,0.0,10.654501396123612,14.430869689661812,hard,0.08521416798137046,0.11046168949423607,0.12356539516547047,0.15199178172531297
0.0,0.0,18.07529333327037,0.09412501943759569,0.49493975859140793,0.9400000000000001,0.9400000000000001,1.250439922587247,0.6954135460285485,0.0,16.769925461969112,14.430869689661812,hard,0.08547881619655712,0.10998949070872777,0.12333294435191001,0.1525994872356915
0.0,0.0,22.486242759152773,0.0947711073621187,0.47522142852107835,0.9400000000000001,0.9400000000000001,1.250439922587247,0.6954135460285485,0.0,21.8561204242656,14.430869689661812,hard,0.0868824467882012,0.11076615722415956,0.12395837265305329,0.15259541212369807
0.0,0.0,31.793952747016352,0.09396992222233927,0.4664999876195017,0.9414881836751855,0.9414881836751855,1.2354756169184402,0.6633249580710799,0.0,28.915711991925775,14.430869689661812,hard,0.08699561236859653,0.11047762365217233,0.12319294702887909,0.15062528326061875
0.0,0.0,13.811254916957527,0.09404733076110942,0.46035369956867406,0.9414881836751855,0.9414881836751855,1.2523577763562614,0.6633249580710799,0.0,13.93672845398087,14.430869689661812,hard,0.08736582903087914,0.11066837910943415,0.12369951761134523,0.15054496067273088
0.0,0.0,20.009388974696012,0.09408783713303961,0.4424065721409581,0.9184770002564028,0.9184770002564028,1.2523577763562614,0.6896375859826668,0.0,19.989997498749222,14.430869689661812,hard,0.08751838304240492,0.11103506051506491,0.12357544235343813,0.15091358065810112
0.0,0.0,15.021653712234178,0.09435449720388502,0.4311162242788852,0.938083151964686,0.938083151964686,1.2367699866992246,0.71442284397967,0.0,14.203168660548954,14.430869689661812,hard,0.0875461288138354,0.1117812231966617,0.12396750004877115,0.1510523585574509
0.0,0.0,16.42711402758486,0.09439849059341106,0.43065719113806583,0.9357350052231668,0.9357350052231668,1.2206555615733703,0.7810249675906654,0.0,16.523014252853503,14.430869689661812,hard,0.08743162858035569,0.11219254072365092,0.12407254863663184,0.15098699387062667
0.0,0.0,21.865340170737724,0.09427317047397206,0.42182945868683663,0.9568698971124548,0.9568698971124548,1.2206555615733703,0.82,0.0,19.904381427213455,14.430869689661812,hard,0.08775616382859247,0.11236516796152443,0.1233850551205611,0.1511050828452679
0.0,0.0,31.101253761610646,0.09423408733899301,0.3947568385867388,0.9297311439335566,0.9297311439335567,1.2206555615733703,0.8874683092933517,0.0,29.48429412416041,14.430869689661812,hard,0.08772985073072966,0.11269974113236997,0.12328346380965745,0.15070830239752392
0.0,0.0,25.25597802137004,0.09466322269524748,0.3651007901323217,0.932952303175248,0.9329523031752481,1.2206555615733703,0.9558242516278816,0.0,21.9063552422579,14.430869689661812,hard,0.08707134383959787,0.1135162613916782,0.12414734839682967,0.15091604645972312
0.0,0.0,23.609881712020524,0.0951502186723041,0.3566494810526745,0.988736567544662,0.9887365675446621,1.2206555615733703,1.0,0.0,23.850903546826064,14.430869689661812,hard,0.0871373593786756,0.11384220061923363,0.12505652072773166,0.1511486900106444
0.0,0.0,17.283604099375303,0.09541763669166263,0.3366736805400122,0.96,0.96,1.2206555615733703,1.0361467077590896,0.0,16.07369279288366,14.430869689661812,hard,0.08722860360275525,0.1139485649146178,0.12556071902245677,0.1511015417760336
0.0,0.0,30.48826448192994,0.0947867460007512,0.30726297290120597,0.9551963149007643,0.9551963149007644,1.2206555615733703,1.013706071797935,0.0,29.38340347883478,14.430869689661812,hard,0.08771930484791186,0.11356032095749657,0.12443984881428569,0.15116310422607943
0.0,0.0,24.996540234029546,0.09475579880132336,0.33542496322352955,0.9961927524329818,0.9961927524329818,1.2367699866992246,0.9961927524329818,0.0,24.238721088374277,14.430869689661812,hard,0.08771596451247204,0.11297806361240742,0.12406964379999054,0.15204727495018197
0.0,0.0,44.26609728710801,0.09374982610956527,0.3070383552681578,0.9682974749528164,0.9682974749528165,1.2367699866992246,0.9682974749528165,0.0,41.81387329583329,14.430869689661812,hard,0.08752766323086252,0.11204164544238515,0.1221990101510684,0.15083923757233195
0.0,0.0,26.74984516731755,0.09367120943362947,0.32104442904741914,0.977547952787995,0.977547952787995,1.2362847568420474,0.977547952787995,0.0,22.263369017289364,14.430869689661812,hard,0.08778884130249219,0.11191447098789102,0.12166906454208926,0.15019100160749044
0.0,0.0,34.633495795061926,0.09305494040219126,0.38929980402643133,1.0017983829094554,1.0017983829094554,1.3128594745821047,0.9184770002564028,0.0,29.958264302192138,14.430869689661812,hard,0.08792110955171575,0.11160409310188561,0.12121893565659429,0.14754834574145353
0.0,0.0,21.59536921717666,0.09310263096619595,0.4493097990711152,1.0176443386566842,1.0176443386566842,1.3358143583597235,0.8534635317340747,0.0,18.146084977206517,14.430869689661812,hard,0.0882679860339829,0.11160390350490938,0.1210000981030729,0.14703667115017077
0.0,0.0,23.93558405031146,0.09337693717625967,0.4287992852055385,0.9951884243699783,0.9951884243699782,1.3358143583597235,0.8059776671843955,0.0,23.172923855223797,14.430869689661812,hard,0.08880173927247066,0.1113194303637431,0.12111691013326382,0.14672746340859855
0.0,0.0,23.423414576428655,0.09279238682932464,0.42264353907772273,0.9977975746613138,0.9977975746613138,1.3332666649999165,0.7549834435270749,0.0,21.612783254361297,14.430869689661812,hard,0.08821609455520833,0.11078471162416614,0.12022862285589314,0.14494932109868222
0.0,0.0,13.35698300280832,0.09299976194295105,0.45792576106458904,0.9977975746613138,0.9977975746613138,1.3272528018429646,0.7549834435270749,0.0,12.412509818727235,14.430869689661812,hard,0.0883965583922334,0.11145291590049668,0.12056265861309463,0.14448170664845553
0.0,0.0,7.661378480015112,0.09293966437436721,0.47209515805766206,0.9977975746613138,0.9977975746613138,1.345956908671299,0.7549834435270749,0.0,6.8763071484627565,14.430869689661812,hard,0.08876519976250084,0.11162029177249495,0.12029560530868111,0.1443798184923322
0.0,0.0,20.603735327940516,0.09314401280857142,0.44704697808768795,0.9977975746613138,0.9977975746613138,1.345956908671299,0.7549834435270749,0.0,14.054308947792489,14.430869689661812,hard,0.08946672280793742,0.11187764827364069,0.12027187176086009,0.1440791202960778
0.0,0.0,26.188290312795516,0.09369033844829978,0.4669438640843916,1.0017983829094554,1.0017983829094554,1.3711309200802089,0.6988562083862458,0.0,26.12604064913013,14.430869689661812,hard,0.08949786632312641,0.11278594371637986,0.1215223636897001,0.1435383724641907
0.0,0.0,20.764039628266136,0.09373155457082608,0.43824511747601913,1.0017983829094554,1.0017983829094554,1.3711309200802089,0.6988562083862458,0.0,15.056214663719432,14.430869689661812,hard,0.08960275866455039,0.11302329606355627,0.12162002039833869,0.14335998290948976
0.0,0.0,8.684630154906941,0.09374649453909067,0.4162683259220002,1.0017983829094554,1.0017983829094554,1.3711309200802089,0.6988562083862458,0.0,7.179526446779063,14.430869689661812,hard,0.08971883152073556,0.11320463142490493,0.12136176406317498,0.14322387377709775
0.0,0.0,21.83777954808171,0.09352063549107112,0.4339958269799399,0.9816312953446421,0.9816312953446421,1.437915157441495,0.7507329751649384,0.0,15.621280357256248,14.430869689661812,hard,0.09000441364183678,0.11296210828431273,0.1209954812126681,0.14281132238705257
0.0,0.0,28.701329560735104,0.09323663121850287,0.40846189671545224,0.977547952787995,0.977547952787995,1.437915157441495,0.79724525711979,0.0,21.931611887866335,14.430869689661812,hard,0.08989553726414025,0.11238732193225587,0.12108825191031462,0.1425770179690905
0.0,0.0,16.27436885713833,0.09307496580568428,0.3874790461165511,0.9568698971124548,0.9568698971124548,1.437915157441495,0.8392854103342914,0.0,12.76101876810782,14.430869689661812,hard,0.09000975270180678,0.11239122999479358,0.12090284022799364,0.14256950535294086
0.0,0.0,39.18720725010752,0.09304637903102884,0.3910090436692423,0.9297311439335567,0.9297311439335567,1.4333178293735136,0.9123595782365634,0.0,32.62038626380748,14.430869689661812,hard,0.08938647726779729,0.11203133558334012,0.12042982062525819,0.14413227363311612
0.0,0.0,18.54009970123985,0.09310674074988512,0.3665991036931535,0.9718024490605074,0.9718024490605074,1.4333178293735136,0.9734474818910367,0.0,16.510372497312105,14.430869689661812,hard,0.08943408958803796,0.1121569554697408,0.1205841922151422,0.1443258735928133
0.0,0.0,22.65387499329453,0.0933532639779967,0.33740960240971,0.9141115905621152,0.9141115905621152,1.4333178293735136,1.02469507659596,0.0,16.680095922985576,14.430869689661812,hard,0.08934026338856012,0.11242627837178104,0.12063571311748493,0.14510527164489967
0.0,0.0,10.950109123565184,0.09367721310748198,0.31360739695834705,0.9610411021387171,0.9610411021387171,1.4333178293735136,1.047091209016674,0.0,10.226944802823569,14.430869689661812,hard,0.0892195946651602,0.11286169562566241,0.12067447080210718,0.145319872610207
0.0,0.0,19.681086991518786,0.09372297667931713,0.3627785281946252,0.9199999999999999,0.9199999999999999,1.46982992213385,1.0361467077590893,0.0,17.531731232254277,14.430869689661812,hard,0.0895504607429309,0.11322699847295253,0.1209301552138838,0.14390985626689332
0.0,0.0,20.467206973042185,0.09387078354352918,0.36044839084395425,0.9217374897442331,0.9217374897442331,1.4510685717773644,1.0461357464497616,0.0,15.10895098939698,14.430869689661812,hard,0.08885828321942177,0.11383039754714042,0.12112699885392957,0.14369565024433567
0.0,0.0,16.897801037489064,0.09425685984477648,0.3423568449947157,0.8997777503361595,0.8997777503361595,1.4510685717773644,1.0392304845413265,0.0,16.10341578672053,14.430869689661812,hard,0.08975775114558057,0.11444950796922124,0.12152508403859683,0.14390450566151403
0.0,0.0,17.273640948718025,0.0937895279696008,0.43742969640793855,0.8544003745317531,0.8544003745317531,1.4211263138792412,1.0355674772799695,0.0,15.468678030135607,14.430869689661812,hard,0.0900035999953523,0.113908910006986,0.12116811421492496,0.14358084774472715
0.0,0.0,6.458474318178805,0.09390840627335297,0.45158524920970455,0.8534635317340745,0.8534635317340745,1.435130656072819,0.977547952787995,0.0,6.194061672279346,14.430869689661812,hard,0.09023115886711158,0.11406431307117626,0.12128913259793707,0.1438529287285741
0.0,0.0,16.647721482935406,0.09382394899026601,0.5353140722674637,0.8754427451295714,0.8754427451295714,1.5,0.9591663046625439,0.0,11.786432878526053,14.430869689661812,hard,0.09079440286853623,0.11402736279147516,0.12101339566042531,0.14393980419607189
0.0,0.0,25.66094302578597,0.09433816651796237,0.5122533937685135,0.8522910301065005,0.8522910301065005,1.5,0.8754427451295715,0.0,26.224606765402605,14.430869689661812,hard,0.09154085298340696,0.11488505229760143,0.12131303036606103,0.1437954481542435
0.0,0.0,23.10444010852151,0.09445915505750507,0.49333896082363293,0.8522910301065005,0.8522910301065005,1.5,0.8754427451295715,0.0,23.26487481161246,14.430869689661812,hard,0.09124448626125689,0.11526553379522217,0.12160022417811718,0.14376347820438415
0.0,0.0,11.86243164137566,0.094606207150989,0.48440126761602026,0.8522910301065005,0.8522910301065005,1.5184202316881845,0.8754427451295715,0.0,11.192157968863736,14.430869689661812,hard,0.09175576744934813,0.1151950099660356,0.12155968153469812,0.14388675580208926
0.0,0.0,27.545708154754912,0.09530794418271397,0.4865843334466637,0.8765842800324449,0.8765842800324449,1.5363593329686906,0.8296987405076616,0.0,25.631394811831836,14.430869689661812,hard,0.09263061540738463,0.11655972911660675,0.12242098562514002,0.14299834463997518
0.0,0.0,11.612348226054461,0.09534443166310094,0.46484250351655293,0.8765842800324449,0.8765842800324449,1.5363593329686906,0.8296987405076616,0.0,8.62749094464897,14.430869689661812,hard,0.09263228157888234,0.11676775597673722,0.12243999648614591,0.14251214606351983
0.0,0.0,13.274637432399194,0.09536115613132436,0.4590422455745366,0.8522910301065005,0.8522910301065005,1.5278743403827424,0.8059776671843955,0.0,9.185836924309076,14.430869689661812,hard,0.09287968674869354,0.11704069857891118,0.12241567383299146,0.14190077200916998
0.0,0.0,22.997780155748387,0.09622143564793699,0.46553850438493743,0.8534635317340745,0.8534635317340745,1.5362291495737217,0.7810249675906654,0.0,22.941011311622688,14.430869689661812,hard,0.09284132177055815,0.11717102486889529,0.12270137390134056,0.14252771170532408
0.0,0.0,18.663009960462762,0.096953305043972,0.4640483570324476,0.8534635317340745,0.8534635317340745,1.5304901175767194,0.7810249675906654,0.0,17.770357340245017,14.430869689661812,hard,0.09303604227085001,0.11757701259921925,0.12350178730560153,0.1427932847548154
0.0,0.0,10.943345962721517,0.09712672995460878,0.4335978107635047,0.8534635317340745,0.8534635317340745,1.5304901175767194,0.7810249675906654,0.0,9.82496819333274,14.430869689661812,hard,0.09325836027085678,0.11809361288940988,0.12347930768504299,0.1425958245847325
0.0,0.0,18.01884101708193,0.09743854014765733,0.41397015643138346,0.8964373932405989,0.8964373932405989,1.5074481748969017,0.8296987405076616,0.0,9.793957320715666,14.430869689661812,hard,0.09387628913596834,0.11857113066205648,0.1234680447145229,0.14260860707758943
0.0,0.0,10.346380263578755,0.09741585434454696,0.4214308550518075,0.916515138991168,0.916515138991168,1.497197381777032,0.8522910301065005,0.0,10.030034895253356,14.430869689661812,hard,0.09379519431682949,0.1186663290481316,0.12338898820878647,0.1425340432993302
0.0,0.0,28.14656807375462,0.09736937087831635,0.4191231660407624,0.9414881836751855,0.9414881836751855,1.5132745950421556,0.932952303175248,0.0,14.913403367440981,14.430869689661812,hard,0.09376968773827989,0.11839590119217193,0.12335382496094668,0.14222430194006075
0.0,0.0,6.292375005217045,0.09741049620315141,0.38931028781296234,0.9797958971132712,0.9797958971132712,1.5132745950421556,0.9682974749528165,0.0,5.909619277076993,14.430869689661812,hard,0.09391452551278605,0.11858751996270087,0.12341995650811143,0.1423220596987525
0.0,0.0,32.498179893885165,0.0972479113607791,0.42383375748506436,1.0121264743103997,1.0121264743103997,1.5698407562552323,1.044796630928718,0.0,26.826822398487675,14.430869689661812,hard,0.09380339690335344,0.11809141758141932,0.1232746276518326,0.14247111027490908
0.0,0.0,23.89119230214658,0.09741566922359877,0.4065414160058828,0.9921693403849969,0.9921693403849969,1.5698407562552323,1.0712609392673664,0.0,16.39760958188723,14.430869689661812,hard,0.09392882837594455,0.11793109602207857,0.12326209869741446,0.14309781891702666
0.0,0.0,22.361716504488108,0.09757748636308881,0.3798339831189367,1.0688311372709909,1.0688311372709909,1.5698407562552323,1.0954451150103321,0.0,21.02516587330526,14.430869689661812,hard,0.09290837116768684,0.11783983086354091,0.1233327736074946,0.14246802227922317
0.0,0.0,29.62600113791544,0.0976568074666163,0.3805923782780335,1.0355674772799695,1.0355674772799695,1.5844241856270687,1.102905254316979,0.0,29.54874616629274,14.430869689661812,hard,0.09256320690648732,0.11763469450074267,0.12315836661208007,0.1426840816759226
0.0,0.0,21.201026059326697,0.09745141608600089,0.45061834136885043,1.0734989520255716,1.0734989520255713,1.6390240998838304,1.1,0.0,14.876236083095751,14.430869689661812,hard,0.09247185177646924,0.11749117609490076,0.12296795703944231,0.1422702042610733
0.0,0.0,21.007872735454598,0.09792877677477047,0.4516071025855208,1.0873821775254549,1.0873821775254549,1.6400000000000001,1.1019981851164729,0.0,14.857846411913133,14.430869689661812,hard,0.09169301144163741,0.11746497855050547,0.12320865514729819,0.1432759207544304
0.0,0.0,16.044219270946176,0.09797890048792364,0.44436591863421104,1.091970695577496,1.091970695577496,1.6522711641858305,1.0637668917577758,0.0,13.491567736923683,14.430869689661812,hard,0.09155920292071759,0.11743209903064819,0.12285573664499813,0.14347913275606286
0.0,0.0,15.033632339985,0.09810469749953736,0.4479224666423511,1.1056219968868202,1.1056219968868202,1.6521501142450703,1.0590561835898982,0.0,15.005332385522154,14.430869689661812,hard,0.09202909827604872,0.11739762320832846,0.12249098294365035,0.14416930694909427
0.0,0.0,20.91059688928336,0.09815313823885555,0.4528289571410057,1.1,1.1,1.6267759526130203,0.9718024490605074,0.0,20.893061049066027,14.430869689661812,hard,0.09227959286371128,0.11742919168687474,0.12223331214218426,0.1438916870775152
0.0,0.0,16.92611064192007,0.09777482439985442,0.4336616611111306,1.1,1.1,1.6267759526130203,0.9718024490605074,0.0,16.69011683602005,14.430869689661812,hard,0.09209181325426176,0.11743120424170381,0.12134092175679602,0.14325632080472386
0.0,0.0,10.188390748821181,0.09765882014747314,0.40327329678408785,1.1,1.1,1.6267759526130203,0.9718024490605074,0.0,9.82089608946149,14.430869689661812,hard,0.09219415458085913,0.1174262455252418,0.12114711019159759,0.14300430008760026
0.0,0.0,18.663890153419906,0.09762421874822977,0.45197038711025117,1.0777754868245983,1.0777754868245983,1.7307801709055948,0.932952303175248,0.0,18.594622878671135,14.430869689661812,hard,0.09189026662685248,0.11655243233664851,0.121079588594874,0.14332296331322272
0.0,0.0,16.451839835846116,0.09752063222982624,0.4539274758505898,1.0777754868245983,1.0777754868245983,1.7292773056973831,0.932952303175248,0.0,14.678201524710035,14.430869689661812,hard,0.09164489630088027,0.11584319494160146,0.12126336710788044,0.14328934787408326
0.0,0.0,25.001422733854906,0.09768680594963554,0.4441857542041825,1.085172797300043,1.085172797300043,1.73908021666627,0.8485281374238569,0.0,25.368137495685414,14.430869689661812,hard,0.09233629726752238,0.11620200928366915,0.12154178547310177,0.14346389832671022
0.0,0.0,13.9635020073622,0.0978461126728143,0.44037495764684703,1.1065260954898442,1.1065260954898442,1.7485994395515516,0.8268010643437754,0.0,14.580932754800017,14.430869689661812,hard,0.09233704855339955,0.11648630926901286,0.1213304229528073,0.14351832698495043
0.0,0.0,30.609135817619325,0.09775318402923584,0.4126079016356398,1.1065260954898442,1.1065260954898442,1.7485994395515516,0.8268010643437754,0.0,22.22637172369796,14.430869689661812,hard,0.0922732871976966,0.11637364202743616,0.12100385049852085,0.14390012906338828
0.0,0.0,8.960761195382462,0.09776260366208973,0.46300548251962076,1.1065260954898442,1.1065260954898442,1.7554486605993354,0.8268010643437754,0.0,8.920201791439473,14.430869689661812,hard,0.09230857947001332,0.1165537458579942,0.12092160462917638,0.14408691152406686
0.0,0.0,18.043662638270163,0.09741770626789267,0.4687499615096103,1.0749883720301352,1.0749883720301352,1.775499929597295,0.876584280032445,0.0,11.570808096239434,14.430869689661812,hard,0.09211603231748094,0.11634984637970971,0.12058853715632262,0.14384166299397178
0.0,0.0,9.804872668233637,0.09731512542404093,0.44936394960026943,1.0749883720301352,1.0749883720301352,1.775499929597295,0.876584280032445,0.0,9.306535338137389,14.430869689661812,hard,0.0920706514084566,0.11645645446856988,0.12054852316026314,0.14393697881118597
0.0,0.0,11.752437246928151,0.0973421010366595,0.41265850227225953,1.0983624174196784,1.0983624174196784,1.775499929597295,0.9431860898041277,0.0,11.092790451459903,14.430869689661812,hard,0.09218622841127248,0.11653893377870178,0.12044391506276138,0.14411004296945001
0.0,0.0,13.348573688080371,0.09725312943467196,0.42235811712693366,1.1173182178770737,1.1173182178770737,1.7839282496782207,0.9635351576356723,0.0,6.276432107495467,14.430869689661812,hard,0.09209356966384248,0.11640965117249631,0.12040050701032118,0.1441620151168292
0.0,0.0,23.586818707281527,0.09782961775297527,0.39723327327646174,1.0809255293497326,1.0809255293497326,1.7839282496782207,1.037111372997134,0.0,20.18027750056971,14.430869689661812,hard,0.09170813462441466,0.11647954440531037,0.12048096675054952,0.14580282749594312
0.0,0.0,8.811747014827956,0.09806199867488265,0.3722148629471869,1.044030650891055,1.044030650891055,1.7839282496782207,1.0697663296253066,0.0,7.990719617155891,14.430869689661812,hard,0.0919855038339053,0.11649439330916829,0.1206706531403924,0.14607016387899902
0.0,0.0,20.806320388736772,0.09843033907131504,0.36668845733293787,1.0239140588936164,1.0239140588936164,1.792093747547823,1.1364858116140297,0.0,19.10527675800589,14.430869689661812,hard,0.09213500573299192,0.1161099328962858,0.11996328006056961,0.1478206525046694
0.0,0.0,16.110099200833996,0.0987965867015997,0.42863061035939237,1.0041912168506553,1.0041912168506553,1.8655830187906408,1.1704699910719623,0.0,14.0229668758077,14.430869689661812,hard,0.09226568035582462,0.11610070373779666,0.12032119943587911,0.14795048519563608
0.0,0.0,15.592014587844185,0.09907613405206023,0.4928762362701932,0.9635351576356723,0.9635351576356723,1.8421726303471129,1.173200750084997,0.0,15.359218730130776,14.430869689661812,hard,0.09278996933531776,0.11584312835204058,0.12009524197584402,0.1486691116355571
0.0,0.0,19.411912903119745,0.09930060393641116,0.5101579538290963,0.94,0.94,1.8434749794884662,1.174563748802082,0.0,19.040220586957496,14.430869689661812,hard,0.09280391303020136,0.11542158088415776,0.11992599305016345,0.15004341089360088
0.0,0.0,30.37072751600403,0.0993125582574704,0.505657278492448,0.9816312953446421,0.9816312953446421,1.833030277982336,1.1732007500849972,0.0,20.15401696932897,14.430869689661812,hard,0.09274655967772208,0.1147823281427798,0.12076709391595679,0.15132989838124544
0.0,0.0,16.350098615024116,0.09888582910369466,0.4806907124079787,0.9816312953446421,0.9816312953446421,1.833030277982336,1.1704699910719625,0.0,15.33911340332289,14.430869689661812,hard,0.09249679422354477,0.1136976620100115,0.12070108826591647,0.15152915136796896
0.0,0.0,24.070857170186038,0.09856808269114582,0.48774325171259614,0.9977975746613138,0.9977975746613138,1.8383688422076785,1.0824047302187847,0.0,23.30511531831585,14.430869689661812,hard,0.09204289721793181,0.11283637828565163,0.120968950864411,0.15119930696358116
0.0,0.0,25.09024918374601,0.09827867093105168,0.4854828025860663,0.9977975746613138,0.9977975746613138,1.8325937902328495,1.0824047302187847,0.0,19.44526677626203,14.430869689661812,hard,0.09185647966379563,0.11210409372215377,0.12083691229829636,0.15161688637890636
0.0,0.0,19.941312745347652,0.09822967647725313,0.461202900657095,0.9797958971132713,0.9797958971132713,1.8325937902328495,1.068831137270991,0.0,15.071084897909637,14.430869689661812,hard,0.09179932695730685,0.11165305200342165,0.12143439919396996,0.1518243739065933
0.0,0.0,13.917542604575635,0.09823045620531444,0.4748996284718206,0.9610411021387171,0.9610411021387171,1.8203296404772404,1.0547037498748169,0.0,12.887451260819573,14.430869689661812,hard,0.0921688243473627,0.1114128426703473,0.1221282269209922,0.15164921933146738
0.0,0.0,15.929624798719761,0.09824315756172208,0.45227717960393515,0.9624967532412771,0.9624967532412771,1.8203296404772404,1.0205880657738458,0.0,15.002346483133897,14.430869689661812,hard,0.09232132959771346,0.11135070216607261,0.12313616524220324,0.15139696908205258
0.0,0.0,21.083048706474198,0.09843930229824482,0.43085733953699884,0.9624967532412771,0.9624967532412771,1.8203296404772404,1.0205880657738458,0.0,20.767291590383184,14.430869689661812,hard,0.09215186977498063,0.11204856646618916,0.12478418700038359,0.15129483633028157
0.0,0.0,47.146398168782376,0.09898598609730691,0.4246188432436787,0.9414881836751856,0.9414881836751856,1.8138357147217055,0.947417542586161,0.0,37.998715767773,14.430869689661812,hard,0.09211644563661342,0.11296619208152281,0.1264728385273455,0.14869460479105187
0.0,0.0,31.36182093823553,0.09979015688300198,0.4125493245980826,0.9210863151735563,0.9210863151735563,1.8181309083781618,0.9297311439335568,0.0,24.744292271148108,14.430869689661812,hard,0.09206512600643474,0.1146251403898201,0.12862210680303582,0.14806502942353106
0.0,0.0,20.33416894337899,0.10080091508463672,0.4327762559276014,0.9210863151735563,0.9210863151735563,1.8221964767828962,0.9297311439335568,0.0,19.095978634257005,14.430869689661812,hard,0.0922928617523114,0.11615161931426801,0.130851388717477,0.14866702546605778
0.0,0.0,37.8178031452974,0.10096428749367178,0.45940178122568026,0.9425497334358542,0.9425497334358542,1.8369540005128056,0.977547952787995,0.0,28.845165972828095,14.430869689661812,hard,0.09228621729912272,0.11757087445361439,0.13228235961515708,0.14670398554654018
0.0,0.0,16.463757464958796,0.10138567023182805,0.44328716990036093,0.9425497334358542,0.9425497334358542,1.8369540005128056,0.977547952787995,0.0,12.593903286908313,14.430869689661812,hard,0.09261207222444275,0.11814223201510933,0.13328433687494612,0.14660677021544105
0.0,0.0,12.508542219757288,0.10159936928059204,0.4387106141535207,0.9217374897442331,0.9217374897442331,1.8405433980213561,1.0,0.0,12.061193970747672,14.430869689661812,hard,0.09260695111423249,0.11866649782587102,0.13372405272666274,0.14648543647526627
0.0,0.0,9.045198163598593,0.10161206670257134,0.4140531140305423,0.9217374897442331,0.9217374897442331,1.8405433980213561,1.0,0.0,8.194046619345047,14.430869689661812,hard,0.09249419395247163,0.11864620177996447,0.13413422921572588,0.14654446341937424
0.0,0.0,19.70343499719846,0.10151879480617122,0.42549627692414527,0.9219544457292888,0.9219544457292888,1.8578482176970217,1.06226173799116,0.0,19.735085507795496,14.430869689661812,hard,0.09229162827783882,0.11928090482263054,0.13468763035581122,0.14534924161354792
0.0,0.0,12.356253293206295,0.10165710223502004,0.4679456544639312,0.9431860898041277,0.9431860898041277,1.905885620912231,1.08,0.0,12.028299963003915,14.430869689661812,hard,0.09232000683275243,0.11950616803330016,0.1350287881385607,0.1453961811748016
0.0,0.0,19.889608202129285,0.10204431799074597,0.4797265117040541,0.9425497334358544,0.9425497334358544,1.91049731745428,1.1421033228215387,0.0,19.881901317529973,14.430869689661812,hard,0.09216450195969884,0.11971012293173752,0.1356764688152157,0.14461962513344917
0.0,0.0,52.399530648239605,0.10232275889078699,0.5498077714288971,0.9414881836751856,0.9414881836751856,1.9556073225471415,1.1757550765359255,0.0,41.16251207105805,14.430869689661812,hard,0.09223437339083972,0.12014386340230054,0.13611921117634587,0.14360783109103634
0.0,0.0,20.400136818443393,0.10255552482908133,0.5252570196928352,0.9635351576356722,0.9635351576356722,1.9556073225471415,1.1948221624995075,0.0,17.7427844488964,14.430869689661812,hard,0.09237295582202526,0.12037458565215785,0.13670415740937114,0.14359485983732218
0.0,0.0,13.018802557889195,0.10287793834938577,0.5015807898710442,0.9431860898041278,0.9431860898041278,1.9556073225471415,1.2106196760337247,0.0,13.322897582733269,14.430869689661812,hard,0.09201020697077994,0.12084397872810455,0.13705293986710937,0.14343602421765242
0.0,0.0,15.933421964689702,0.10305291155472306,0.4975156703780876,0.8772684879784524,0.8772684879784524,1.9571407716360112,1.1655041827466772,0.0,13.163297459223505,14.430869689661812,hard,0.0918181595644077,0.1210257910390887,0.13744647034791596,0.14314445621674432
0.0,0.0,25.948188436002305,0.10358053785499964,0.48703612138574376,0.8774964387392122,0.8774964387392122,1.9888690253508399,1.1914696806885186,0.0,19.819273447833552,14.430869689661812,hard,0.0917603503690537,0.12143391521374614,0.13812869650009568,0.14337207228978693
0.0,0.0,13.271380148672707,0.10383842246355646,0.515764870249123,0.92,0.92,1.990879202764447,1.163443165779919,0.0,13.236691429507601,14.430869689661812,hard,0.09162528178437541,0.121703019503229,0.13839949551362205,0.14351293063770404
0.0,0.0,13.854833771910183,0.10406453318265244,0.49248151540599355,0.92,0.92,1.990879202764447,1.1600000000000001,0.0,11.214704632757833,14.430869689661812,hard,0.09195081500727258,0.12164150843804923,0.13918728461525243,0.143617522785617
0.0,0.0,11.748481871724904,0.10437679942152939,0.46700264259866653,0.8754427451295715,0.8754427451295715,1.990879202764447,1.0770329614269007,0.0,11.296300279294986,14.430869689661812,hard,0.09198470373151148,0.12166382870309711,0.13927947228420734,0.14454601690772678
0.0,0.0,17.42186310326611,0.10493866646125374,0.45851998101546815,0.873842090998139,0.873842090998139,1.9815145722401335,1.063766891757776,0.0,16.56381598545456,14.430869689661812,hard,0.09231028742639552,0.12200141442240649,0.14020340671899684,0.1454256385529363
0.0,0.0,18.030336701048974,0.10544604963829557,0.4629554353594916,0.8944271909999159,0.8944271909999159,1.9820191724602463,1.0307278981380101,0.0,17.713317024205264,14.430869689661812,hard,0.09235419733181932,0.12224678677307069,0.14099088792413478,0.14658234226952316
0.0,0.0,11.733273293610852,0.10567426854327537,0.457245935493238,0.8944271909999159,0.8944271909999159,1.9923855048659636,1.0307278981380101,0.0,11.926860441876563,14.430869689661812,hard,0.09279759758575334,0.12255005611125064,0.14102708004258527,0.14705700221604043
0.0,0.0,20.192957131581693,0.10608402656313058,0.432494641240539,0.9184770002564028,0.9184770002564028,1.9923855048659636,0.9759098319004682,0.0,17.6011476898525,14.430869689661812,hard,0.09264754555711094,0.12283230907003757,0.14142763826502922,0.14639049302503668
0.0,0.0,19.680790666457927,0.10657993188288507,0.4052171123417873,0.9184770002564028,0.9184770002564028,1.9923855048659636,0.9759098319004682,0.0,18.92380511419413,14.430869689661812,hard,0.09252109755783464,0.12312413905476197,0.14217770775927077,0.14658535669774322
0.0,0.0,12.100455152381352,0.1068203650737198,0.3867194305006832,0.9635351576356723,0.9635351576356723,1.9923855048659636,0.9433981132056604,0.0,11.710576416214533,14.430869689661812,hard,0.09250731110826732,0.12326207055124644,0.14256132645461517,0.14653487498877862
0.0,0.0,15.285301898746352,0.10686113549065035,0.406955481156148,0.9846826900072937,0.9846826900072937,2.012361796496843,0.9682974749528164,0.0,14.997453117112917,14.430869689661812,hard,0.09249896119662848,0.12325590810691998,0.14281313379330232,0.14661634176491617
0.0,0.0,10.120240900750305,0.10690059314469368,0.3875015034109101,0.9846826900072937,0.9846826900072937,2.012361796496843,0.9682974749528164,0.0,8.87278986565105,14.430869689661812,hard,0.09257398282581097,0.12327845655000985,0.1429884413937475,0.1470003497535824
0.0,0.0,14.063703936513326,0.10711315151666448,0.3607421422014606,0.9846826900072937,0.9846826900072937,2.012361796496843,0.9682974749528164,0.0,8.960468737739115,14.430869689661812,hard,0.0925706838698754,0.12359397673909743,0.14324347994562023,0.14720454826065968
0.0,0.0,19.412533175787576,0.1073299964776369,0.3850235350674163,0.964157663455516,0.964157663455516,2.0313542280951395,1.0150862032359615,0.0,11.350841378505825,14.430869689661812,hard,0.09236126047133299,0.12371724365661858,0.14353262473435344,0.14717375336746338
0.0,0.0,15.060799835138594,0.1076236866344684,0.38675947805817174,0.9846826900072937,0.9846826900072937,2.040490137197433,1.058300524425836,0.0,11.572052540496003,14.430869689661812,hard,0.09235925696425368,0.12391835935146067,0.1437691346969203,0.14731802695402785
0.0,0.0,16.92562053749471,0.10773816251873464,0.47650338443714546,0.9846826900072937,0.9846826900072937,2.0553345226507536,1.0983624174196784,0.0,9.814764388409943,14.430869689661812,hard,0.09234406638378888,0.12397364164282239,0.14381540271298798,0.14748093597814294
0.0,0.0,14.001115544479694,0.10781130532872799,0.4898921296801038,1.0031948963187562,1.0031948963187562,2.047535103484187,1.1859173664298877,0.0,5.933801479658719,14.430869689661812,hard,0.0923615131838419,0.12403500705193549,0.14384026511237089,0.147738909493923
0.0,0.0,8.066795461339803,0.10792207928356239,0.46312840934478855,1.0371113729971337,1.0371113729971337,2.047535103484187,1.1469960767151735,0.0,7.467904659273576,14.430869689661812,hard,0.09242948640077568,0.12424936930521803,0.14410652277484814,0.14780840449330085
0.0,0.0,21.278167512458435,0.10815320667764747,0.43963768900356837,1.034601372510205,1.034601372510205,2.047535103484187,1.1906300852909772,0.0,20.257383838985724,14.430869689661812,hard,0.0921513177627151,0.1246033765922348,0.1447288847972998,0.14742909826833744
0.0,0.0,19.05859943993522,0.10850379364546073,0.4173429728293785,1.0583005244258363,1.0583005244258363,2.0352886773133685,1.209297316626478,0.0,18.811655961132185,14.430869689661812,hard,0.09211919387820729,0.1253552166919706,0.14498480259376975,0.14730896337429686
0.0,0.0,17.250800668344983,0.10882021564138736,0.40305615850626036,1.109233969908964,1.1092339699089637,2.0424495097798623,1.1892854997854805,0.0,13.149920151848832,14.430869689661812,hard,0.09256467493078709,0.1253579999665994,0.1454087499990737,0.14745141681018556
0.0,0.0,7.415297246772613,0.10893281210812779,0.37677317099468316,1.109233969908964,1.1092339699089637,2.0424495097798623,1.1939849245279441,0.0,7.235357627650481,14.430869689661812,hard,0.09342846214283111,0.1255464342461769,0.14547471878306448,0.14742511500653366
0.0,0.0,15.027754671215845,0.10879604276537283,0.3872304743952104,1.0630145812734648,1.0630145812734648,2.006888138387389,1.174563748802082,0.0,12.461155644642274,14.430869689661812,hard,0.09371329204910642,0.1255442622861131,0.14438687754620616,0.1474040897682009
0.0,0.0,24.746667855799277,0.10902179378425006,0.35725871312309604,1.04,1.04,2.006888138387389,1.1482160075525858,0.0,22.63615691763953,14.430869689661812,hard,0.09402703172673664,0.12559913418121285,0.14465903861940196,0.14709113173598884
0.0,0.0,13.21120324376051,0.1089917693922514,0.3279165312818732,1.0355674772799695,1.0355674772799695,2.006888138387389,1.1,0.0,12.918529328062077,14.430869689661812,hard,0.09425655297958818,0.1256195295632493,0.14476517348199544,0.1468482025220539
0.0,0.0,17.41351976219906,0.10921817974875278,0.3789507812622145,1.0665833300778707,1.0665833300778707,2.02622802270623,1.065082156455548,0.0,17.44157103015666,14.430869689661812,hard,0.0945597419088618,0.1255607545477337,0.1456690973713172,0.1466817564445143
0.0,0.0,26.63699282542075,0.10909370065778835,0.3804248602285083,1.044030650891055,1.044030650891055,2.0420577856662137,1.0332473082471592,0.0,14.873345286115024,14.430869689661812,hard,0.09447937863239855,0.12508731877132626,0.14609101737927788,0.1464690766655761
0.0,0.0,4.711796266716264,0.10910956331294944,0.3819352436396268,1.044030650891055,1.044030650891055,2.047828117787233,1.0332473082471592,0.0,3.1102411482070003,14.430869689661812,hard,0.09448344621091521,0.1251001312797097,0.14616189412190883,0.14653841092748943
0.0,0.0,8.337912625726739,0.1090584724138494,0.38184317317521643,1.044030650891055,1.044030650891055,2.0631044568804557,1.0332473082471592,0.0,7.921010036605181,14.430869689661812,hard,0.0946904795184441,0.12513912763684493,0.14612538102281,0.14647144145231977
0.0,0.0,10.072078614503566,0.1091294948003634,0.36223557502244647,1.044030650891055,1.044030650891055,2.0631044568804557,1.0332473082471592,0.0,7.143696522109543,14.430869689661812,hard,0.09471643759471751,0.12508047320689036,0.14628163711797687,0.14688284462913062
0.0,0.0,13.138516059627719,0.10901964227343387,0.3372214064834351,1.0283968105745953,1.0283968105745953,2.0631044568804557,1.019803902718557,0.0,11.820135363015096,14.430869689661812,hard,0.09477659839940658,0.12525430856151398,0.14581189114760282,0.14710555926373334
0.0,0.0,11.356184744208244,0.10905999661042963,0.3147263916394388,1.0121264743103997,1.0121264743103997,2.0631044568804557,1.044796630928718,0.0,10.623069236336551,14.430869689661812,hard,0.09491485233810935,0.12547778345706934,0.14596601571089554,0.147228379362828
0.0,0.0,6.65155462454657,0.10919914899536805,0.29137160928745065,1.0121264743103997,1.0121264743103997,2.0631044568804557,1.044796630928718,0.0,6.122907805936653,14.430869689661812,hard,0.09527464732142057,0.1255903386906304,0.14612395565808084,0.14726143238206585
0.0,0.0,5.285296885388927,0.1091191424961796,0.2710016188795026,1.0121264743103997,1.0121264743103997,2.0631044568804557,1.044796630928718,0.0,3.8249705881222145,14.430869689661812,hard,0.09527270831974514,0.12531624985983308,0.14607539165440458,0.1472511949123466
0.0,0.0,17.44072253236733,0.10890133820598649,0.24735373007832331,1.004987562112089,1.004987562112089,2.0631044568804557,1.091970695577496,0.0,12.865473174353133,14.430869689661812,hard,0.09525933046126199,0.12522630975841384,0.14567511752999368,0.14671209913546246
0.0,0.0,30.78893066514403,0.10867816264826177,0.3899500814730168,1.004987562112089,1.004987562112089,2.0247468977627796,1.091970695577496,0.0,18.3169975705627,14.430869689661812,hard,0.09525791951402028,0.12508722363851596,0.1451640846865916,0.14635797295152325
0.0,0.0,11.295250687027314,0.1085433689282126,0.3890136266034815,1.0283968105745953,1.0283968105745953,2.0489997559785116,1.1142710621747294,0.0,11.11928055226596,14.430869689661812,hard,0.09522372265967803,0.12511173970815895,0.14491663176874586,0.14614296411027933
0.0,0.0,12.256179975991007,0.10855320934830187,0.4485085631237649,1.0562196741208714,1.0562196741208714,2.094182418033348,1.1981652640600127,0.0,11.696649092795765,14.430869689661812,hard,0.0952401779098288,0.12522327324084176,0.14488279652467653,0.14605993039114912
0.0,0.0,16.481382931139965,0.10865131979381258,0.4378525704863533,1.019803902718557,1.019803902718557,2.0592231544929755,1.2039933554633928,0.0,16.204493204046834,14.430869689661812,hard,0.09540550816916234,0.12532985173939276,0.1446889860400085,0.14613792662386943
0.0,0.0,18.1851957576191,0.10894091494350383,0.4138093964165724,1.0409610943738483,1.0409610943738483,2.0592231544929755,1.2206555615733703,0.0,18.24504316245922,14.430869689661812,hard,0.0970185769716533,0.1258305158836239,0.14462993394394447,0.14608205693634205
0.0,0.0,16.916854668126387,0.10898009843554735,0.4262542738125056,1.050904372433572,1.050904372433572,2.085089926118296,1.2789057822998533,0.0,17.02168029308505,14.430869689661812,hard,0.09715171395376788,0.12590280484660218,0.1448584782340899,0.14602777249568552
0.0,0.0,16.151611143365855,0.1093432379133368,0.427485152589681,1.044030650891055,1.044030650891055,2.0424495097798623,1.2745195173083856,0.0,15.566425408551572,14.430869689661812,hard,0.0979848499817648,0.1266927484444818,0.14527717542839375,0.14616194862892976
0.0,0.0,21.633665789518712,0.10952961841214968,0.4540766832784104,1.0547037498748169,1.0547037498748169,2.008083663595718,1.284523257866513,0.0,20.740501440418456,14.430869689661812,hard,0.09924414676694734,0.12692124824760054,0.14550914783145644,0.14611352223699237
0.0,0.0,18.785300907663064,0.10942972372589978,0.42496101182845425,0.9848857801796105,0.9848857801796105,2.008083663595718,1.2278436382536662,0.0,18.615144372257767,14.430869689661812,hard,0.09965376273356698,0.12740875949328917,0.14544456499479386,0.14559761213135688
0.0,0.0,13.0586828509785,0.1095812387762802,0.41268473383403,1.034601372510205,1.034601372510205,1.98030300711785,1.2139192724394814,0.0,12.978197101292611,14.430869689661812,hard,0.10038363289142993,0.12795080440574833,0.1451943780421047,0.14550740681533503
0.0,0.0,10.388377409844683,0.1097279538640308,0.3829709468374573,1.0392304845413265,1.0392304845413265,1.98030300711785,1.232233744059949,0.0,10.660375227917637,14.430869689661812,hard,0.10084035022609468,0.12825345060192592,0.14514713038350543,0.1457148345247138
0.0,0.0,16.50134926389906,0.1097654190707337,0.37444237255039664,0.9816312953446422,0.9816312953446422,2.022374841615669,1.1732007500849972,0.0,16.186525260228027,14.430869689661812,hard,0.10117466094782174,0.1283231677080006,0.14460006198850225,0.14565704351423747
0.0,0.0,18.88175522200456,0.10960618091938133,0.3937347590144142,0.9797958971132712,0.9797958971132712,2.0143485299222674,1.1805083650698966,0.0,19.135683943878252,14.430869689661812,hard,0.1019181880864408,0.12855054527114027,0.14379055060852083,0.14466692325508662
0.0,0.0,8.661606868094381,0.1097556238072801,0.3875234826567749,1.0,1.0,2.0060907257649143,1.1249888888340187,0.0,7.972853943225099,14.430869689661812,hard,0.10227267439729215,0.12881761783102114,0.1435087884266088,0.14476604438117338
0.0,0.0,8.237019152939975,0.1098619351380148,0.3949975616071315,1.0,1.0,2.02741214359587,1.1249888888340187,0.0,7.627738852372963,14.430869689661812,hard,0.10247601895923135,0.1289981519880605,0.1436031425681369,0.1446871451008702
0.0,0.0,7.419846209867329,0.10993258493611814,0.41483532584554417,1.0,1.0,2.0591260281974,1.1249888888340187,0.0,6.186469106041021,14.430869689661812,hard,0.10271702060908405,0.12903218700231697,0.14370581409307315,0.14477364105264762
0.0,0.0,17.39166386820632,0.10965473750187182,0.4159146305399127,1.0,1.0,2.098475637218598,1.1249888888340187,0.0,15.634845697991393,14.430869689661812,hard,0.1029960430214882,0.12888600646043255,0.14314454729174747,0.14456944779247555
0.0,0.0,19.495354935678588,0.10951810857486945,0.40998430221285354,1.0017983829094554,1.0017983829094554,2.099142682144308,1.149086593777858,0.0,17.075420931854065,14.430869689661812,hard,0.10310692183047467,0.12867593659006019,0.14297496932718434,0.144355060512608
0.0,0.0,10.412452246121445,0.10935823855962155,0.38921239697794136,1.0017983829094554,1.0017983829094554,2.099142682144308,1.149086593777858,0.0,9.588096787162717,14.430869689661812,hard,0.10305931570274263,0.1285344812910381,0.14267127275032082,0.14424207840736095
0.0,0.0,10.776037803872834,0.10919594918810759,0.4057014964293771,1.0017983829094554,1.0017983829094554,2.1467184258770406,1.149086593777858,0.0,9.971579614083216,14.430869689661812,hard,0.10310096322457114,0.12841443093601868,0.142426892413877,0.14411295879322952
0.0,0.0,14.28839427034817,0.10921246926283232,0.5604105754305527,1.0031948963187562,1.0031948963187562,2.22,1.1723480711802277,0.0,13.322477247118872,14.430869689661812,hard,0.10356585093446516,0.12782883243982357,0.1425130924758112,0.14428252430929944
0.0,0.0,11.291575678339006,0.10919671572329971,0.566230878246642,1.021567423129771,1.021567423129771,2.2723556059736776,1.1948221624995075,0.0,8.99991111067215,14.430869689661812,hard,0.10379571916606734,0.12760356430384243,0.14247397379525809,0.14418331975597756
0.0,0.0,15.995340687542567,0.10908799335984042,0.5434462905070597,1.0031948963187562,1.0031948963187562,2.2723556059736776,1.1661903789690602,0.0,15.770973337115246,14.430869689661812,hard,0.10358013489036551,0.12731236564451792,0.14244062103667637,0.14362435848936747
0.0,0.0,26.376199251118955,0.10897647342372764,0.5325237398097064,0.9610411021387172,0.9610411021387172,2.2538855339169293,1.2297967311714568,0.0,15.707437728668541,14.430869689661812,hard,0.1037554094192203,0.12655899362569772,0.1423764933572635,0.1437389441003902
0.0,0.0,34.09123408859448,0.10917145422656908,0.5220408791705845,0.964157663455516,0.964157663455516,2.2350838910430184,1.2237646832622684,0.0,32.6493859054041,14.430869689661812,hard,0.10249516815739708,0.12576513027371558,0.14227463001922996,0.14392393433497033
0.0,0.0,21.953904509775352,0.10953511847334099,0.49818447353551504,0.9400000000000001,0.9400000000000001,2.2350838910430184,1.2789057822998533,0.0,16.363483736661944,14.430869689661812,hard,0.10250423962155335,0.12628816248001093,0.1427987398356935,0.14392561718367194
0.0,0.0,31.224320865597573,0.10955656443905808,0.5012082424008542,0.8991106717195609,0.8991106717195609,2.2428553230201898,1.3453624047073711,0.0,31.502057075689518,14.430869689661812,hard,0.10231589031008687,0.12650423522374468,0.14269839236548743,0.14323425761635522
0.0,0.0,19.49662516923895,0.1099718712087128,0.5296391840040531,0.8772684879784524,0.8772684879784524,2.2504221826137423,1.3588230201170424,0.0,20.025194131393587,14.430869689661812,hard,0.10238775615770858,0.12665218157310867,0.14282497474889833,0.144281911488959
0.0,0.0,15.747137974427607,0.11012384902351964,0.5370933022539186,0.8772684879784524,0.8772684879784524,2.2184679398179274,1.3711309200802089,0.0,15.765798425706194,14.430869689661812,hard,0.10230445370791094,0.12670747944862734,0.14274206940041737,0.1449292256736449
0.0,0.0,28.04818414253115,0.1100849633242155,0.6118840688591661,0.8991106717195608,0.8991106717195608,2.3297210133404387,1.345362404707371,0.0,27.853301420118942,14.430869689661812,hard,0.10190855047561159,0.1262123736964172,0.14244616070639107,0.14471369928991953
0.0,0.0,12.256504490911718,0.11008406135808314,0.6194011260123978,0.8522910301065005,0.8522910301065005,2.3778982316322956,1.3416407864998738,0.0,11.421541051889626,14.430869689661812,hard,0.10172130432908374,0.12629388126593247,0.14252901524886324,0.1444428742814294
0.0,0.0,12.62191619345051,0.1101175239330476,0.6048406600300326,0.8284926070883191,0.8284926070883191,2.4000833318866244,1.3320660644277373,0.0,12.526595706735328,14.430869689661812,hard,0.10171222767297727,0.12648873242016073,0.14233761652427043,0.14412253932097072
0.0,0.0,10.453121963148474,0.11024266068958927,0.5727900073915609,0.8296987405076615,0.8296987405076615,2.4000833318866244,1.3304134695650067,0.0,9.532177086059615,14.430869689661812,hard,0.10169729072841115,0.12676002820842633,0.14262204289701266,0.1441606110509454
0.0,0.0,16.762565476949167,0.11021196520745835,0.556529078332485,0.8304215796810679,0.8304215796810679,2.371834732859775,1.3242356285797476,0.0,16.914620894362372,14.430869689661812,hard,0.10139428327432032,0.1265084800231414,0.14287696515939327,0.14379062442681398
0.0,0.0,9.911053334083658,0.11012456422034698,0.5657507507191177,0.8296987405076615,0.8296987405076615,2.3650792798551175,1.3024592124131948,0.0,8.629275751765034,14.430869689661812,hard,0.10122377799341681,0.12628910025831946,0.1430236023333243,0.14367414604684178
0.0,0.0,8.919544893985366,0.10989015433991216,0.538718502185513,0.8296987405076615,0.8296987405076615,2.3650792798551175,1.3024592124131948,0.0,8.450443775329198,14.430869689661812,hard,0.10115587030890542,0.12581806588421193,0.14274626281717212,0.14378401655152104
0.0,0.0,8.849704965049112,0.11009823579050305,0.5192480086005908,0.8059776671843955,0.8059776671843955,2.352955588191158,1.2489995996796797,0.0,8.374747757395443,14.430869689661812,hard,0.10114035537254465,0.1260524949349676,0.14344556622481938,0.1438355205710274
0.0,0.0,16.07520793641017,0.11009604620112684,0.5349201205230484,0.8052328855678957,0.8052328855678957,2.3451225980745654,1.2568213874691982,0.0,16.401268243645063,14.430869689661812,hard,0.10132047512674082,0.1262494449499351,0.14373242701972905,0.1437402377646661
0.0,0.0,27.732416432746014,0.10973637349308421,0.503464848705813,0.8059776671843955,0.8059776671843955,2.3451225980745654,1.28,0.0,22.81281218964466,14.430869689661812,hard,0.10115440603887825,0.12622474521254898,0.14326650374982275,0.14250980311169412
0.0,0.0,27.13677863100927,0.11019774041934584,0.47862084081954787,0.8059776671843955,0.8059776671843955,2.3451225980745654,1.28,0.0,18.39314002556388,14.430869689661812,hard,0.10172644937309683,0.12680773279586421,0.14391482811681933,0.14240376963135473
0.0,0.0,21.7268416835418,0.11040972931356084,0.5309810845760318,0.8059776671843955,0.8059776671843955,2.42,1.28,0.0,21.559554726385237,14.430869689661812,hard,0.10238973200526524,0.12663535826666766,0.14442788003104232,0.14240337540553405
0.0,0.0,9.351212759080754,0.11067513864652506,0.5608034885359872,0.8296987405076615,0.8296987405076615,2.3886397802933783,1.302459212413195,0.0,8.830152886558647,14.430869689661812,hard,0.1023138128369246,0.12700344829274887,0.14488918152037325,0.14237237639444691
0.0,0.0,26.419897799860298,0.11158340430089707,0.555054962513891,0.8296987405076615,0.8296987405076615,2.4000833318866244,1.302459212413195,0.0,26.346278674606022,14.430869689661812,hard,0.10236165269830161,0.12773300166586893,0.1468572346684823,0.14305894701026334
0.0,0.0,12.345048165648201,0.11196250405393152,0.5274816077321046,0.8284926070883191,0.8284926070883191,2.4000833318866244,1.2781236246936367,0.0,12.315989607010879,14.430869689661812,hard,0.10233174781944174,0.12810919491605796,0.14778459629481355,0.14340739919834328
0.0,0.0,17.584468445308655,0.11278479916184986,0.4991925171051681,0.8268010643437755,0.8268010643437755,2.4000833318866244,1.3370115930686615,0.0,17.834393737943547,14.430869689661812,hard,0.1044649343457689,0.12862133187371075,0.1480744060076162,0.1435049856932877
0.0,0.0,23.220495322865297,0.11329360530485597,0.4989752233682005,0.8268010643437755,0.8268010643437755,2.3974152748324604,1.2619033243477886,0.0,23.672507260533262,14.430869689661812,hard,0.10451111329825928,0.13019180310190015,0.14877046680496714,0.14379891609052603
0.0,0.0,28.62333444051909,0.11477678186688602,0.4872499727257688,0.8284926070883191,0.8284926070883191,2.4166091947189146,1.2812493902437574,0.0,29.184413648384304,14.430869689661812,hard,0.10559921460206283,0.1309211704904554,0.15007770967319498,0.14480781475796659
0.0,0.0,37.957683995201016,0.11588782642214969,0.4694781938898022,0.9079647570252933,0.9079647570252934,2.3963305281200253,1.372443077143821,0.0,35.41748720618107,14.430869689661812,hard,0.10618586136142473,0.13204755726838072,0.15100711640911424,0.1460093552508229
0.0,0.0,23.784841716859955,0.11675436710711916,0.47922007051626075,0.9329523031752481,0.9329523031752481,2.3900627606822376,1.389100428334827,0.0,23.68101349182505,14.430869689661812,hard,0.10653539984923013,0.13354133358434503,0.15122413645744795,0.14654836116774297
0.0,0.0,26.494371386337544,0.11748563028311203,0.462927851838331,0.9329523031752481,0.9329523031752481,2.3752052542885633,1.3746272221951665,0.0,22.600079645877358,14.430869689661812,hard,0.10678492064335751,0.13421271118005793,0.15176214058514323,0.14760705401913993
0.0,0.0,9.17934378660099,0.117732188686826,0.44954019188430216,0.8692525524840293,0.8692525524840293,2.395328787452779,1.398427688513067,0.0,8.80399909132208,14.430869689661812,hard,0.10679498449368968,0.13439723348104637,0.1522367254235924,0.1478415992794081
0.0,0.0,23.86687032429455,0.11817929630430453,0.45889301840795377,0.8494704232638121,0.849470423263812,2.396747796494241,1.4147791347061915,0.0,23.12179923794859,14.430869689661812,hard,0.10660776379392098,0.13468643530137114,0.15263907658337172,0.14906367668355724
0.0,0.0,35.64787731683166,0.11941083979629881,0.4368021972215325,0.8774964387392122,0.8774964387392122,2.396747796494241,1.389820132247335,0.0,35.96164623595533,14.430869689661812,hard,0.10651391831801245,0.13570165735123824,0.15315138122873376,0.15011815039293802
0.0,0.0,26.62805353533544,0.12020822468143677,0.4325917919218669,0.9389355675444402,0.9389355675444402,2.397999165971498,1.3763720427268205,0.0,25.827117531772686,14.430869689661812,hard,0.10664712576273665,0.13684092226136216,0.15349517638664564,0.15055011262557716
0.0,0.0,16.20224826854116,0.1207663722887466,0.46940745892878843,0.9219544457292888,0.9219544457292888,2.424871130596428,1.371276777313756,0.0,16.612344807401513,14.430869689661812,hard,0.10677204008652916,0.13785342898732691,0.1539830849965759,0.15073068610057128
0.0,0.0,30.398080936908695,0.12106771926626804,0.4642082877639601,0.9509994742374992,0.9509994742374993,2.425613324501661,1.3453624047073711,0.0,24.70790157014553,14.430869689661812,hard,0.1069242983983407,0.13796739518684098,0.1542139593107144,0.15084871465790708
0.0,0.0,25.422075235400378,0.12099167714107839,0.44394495193129496,0.9509994742374992,0.9509994742374993,2.425613324501661,1.3453624047073711,0.0,25.141591039550377,14.430869689661812,hard,0.10708761128297996,0.13755503420259535,0.1537545116634987,0.1512532977932926
0.0,0.0,37.29720057443871,0.12111161169304903,0.4183419296113081,0.9591663046625439,0.9591663046625439,2.425613324501661,1.28,0.0,34.03838421547063,14.430869689661812,hard,0.10747280878839192,0.13798500115556206,0.15251278498699794,0.1523957437861131
0.0,0.0,18.81651802900157,0.12113153282382151,0.4252367530742765,0.9951884243699783,0.9951884243699783,2.4507957891264627,1.2649110640673518,0.0,18.884109722197657,14.430869689661812,hard,0.10782291449026306,0.13828185545681754,0.15196620358444346,0.15280298508692036
0.0,0.0,29.082529504674028,0.12130385001639674,0.4000411904952254,0.9748846085563152,0.9748846085563152,2.4507957891264627,1.28,0.0,24.398065497083984,14.430869689661812,hard,0.10825056665825143,0.13839158608978436,0.1518588705142435,0.15403003979730154
0.0,0.0,11.42766503025261,0.12140710959973505,0.43652780488960957,0.9748846085563152,0.9748846085563152,2.467711490429949,1.28,0.0,11.485799928607497,14.430869689661812,hard,0.10853469257728773,0.1384979934468549,0.1517981989764993,0.1544814032026502
0.0,0.0,15.842539407478942,0.12157016498617725,0.4654648628853112,0.9748846085563152,0.9748846085563152,2.467468338196055,1.28,0.0,15.502012772540217,14.430869689661812,hard,0.10914462393279627,0.13831716883085954,0.15168744042618043,0.15526626589221568
0.0,0.0,32.31540660274933,0.12114720943736276,0.4598040498800567,0.9748846085563152,0.9748846085563152,2.467063031217484,1.28,0.0,23.597465965649786,14.430869689661812,hard,0.10887580744651396,0.13765562845036364,0.15057386939871054,0.15607487027360445
0.0,0.0,23.640269482670387,0.12110955352078612,0.4517815207302871,0.9748846085563152,0.9748846085563152,2.482659863936258,1.28,0.0,23.635777964771968,14.430869689661812,hard,0.10859894240417994,0.13705090752732352,0.15090031077207833,0.1563934435088212
0.0,0.0,26.160147959153125,0.12076639696299633,0.42933612506894714,0.9921693403849969,0.992169340384997,2.482659863936258,1.2555476892575608,0.0,17.549062653030788,14.430869689661812,hard,0.10871537517471733,0.13669551248636902,0.1503854142070779,0.15668036373139893
0.0,0.0,13.187540665088461,0.12061167803812924,0.4769347111479444,0.9951884243699783,0.9951884243699783,2.447529366524537,1.3169662106523463,0.0,12.871736479589691,14.430869689661812,hard,0.10871340225925773,0.13650919141658727,0.15016133109344448,0.15686399244849886
0.0,0.0,9.157550089337668,0.12073935843775295,0.4988993919124315,1.037111372997134,1.037111372997134,2.421652328473268,1.2851459061133876,0.0,8.921636621158699,14.430869689661812,hard,0.1085623883263911,0.13660149059775484,0.15025243603092428,0.15711832330619938
0.0,0.0,15.251755149728032,0.12095424329560088,0.4723098288173369,1.0583005244258363,1.0583005244258363,2.421652328473268,1.3047605144240073,0.0,10.747204287627552,14.430869689661812,hard,0.10849508856787425,0.13652406014463433,0.1501819214102632,0.15769561127013407
0.0,0.0,17.292957872172654,0.12137519945934568,0.4593974461130934,1.1115754585272204,1.1115754585272204,2.4036638700117785,1.3304134695650072,0.0,15.38842422082261,14.430869689661812,hard,0.10919767754292596,0.13654260685121333,0.1505988897534859,0.15858734819132367
0.0,0.0,15.185546096987261,0.12159249638144508,0.4350062361605581,1.115168148756052,1.115168148756052,2.4036638700117785,1.3840520221436765,0.0,14.491983991158698,14.430869689661812,hard,0.1094932182365411,0.13653792261796568,0.15101942245552924,0.15942950577170384
0.0,0.0,19.6785431958553,0.12183370124244398,0.4101089993684253,1.0816653826391966,1.0816653826391966,2.4036638700117785,1.3595587519485872,0.0,20.34262519931978,14.430869689661812,hard,0.10965085633395269,0.1366925697441471,0.15092493328391418,0.1600041926695169
0.0,0.0,26.167720657756345,0.12255988956926205,0.4928025329168976,1.06226173799116,1.06226173799116,2.439754085968502,1.372443077143821,0.0,26.064351133300825,14.430869689661812,hard,0.1096610778891127,0.1374366174913797,0.1513381813666235,0.16071354774477067
0.0,0.0,16.31513023173337,0.12271600139462387,0.4659578063002905,1.0628264204469138,1.0628264204469138,2.439754085968502,1.3965672200076873,0.0,15.605447766725568,14.430869689661812,hard,0.10980481842221838,0.1371072408818742,0.15174378761637625,0.16085659209663664
0.0,0.0,22.473486382576215,0.12325023725368729,0.449236454541139,1.0814804667676619,1.0814804667676619,2.439754085968502,1.3717142559585798,0.0,22.99065027353511,14.430869689661812,hard,0.10990635373947151,0.13827048036259873,0.15233321674698203,0.16082551104182777
0.0,0.0,11.505666483047808,0.12359136205141821,0.4528748720285311,1.1,1.1,2.4703036250631216,1.3683566786477859,0.0,10.972620470972283,14.430869689661812,hard,0.10998785154598784,0.13867986573794755,0.15292429559146753,0.16117874785932398
0.0,0.0,17.04740720488753,0.12396363636787817,0.4394943633489294,1.0814804667676619,1.0814804667676619,2.4703036250631216,1.3792751719653333,0.0,13.62644487751666,14.430869689661812,hard,0.11009442262285948,0.13944367790869525,0.15329532892357614,0.16158494092035913
0.0,0.0,17.88602011069382,0.12413305407523882,0.4201727009145766,1.043264108459598,1.043264108459598,2.4703036250631216,1.351887569289695,0.0,18.299464473038547,14.430869689661812,hard,0.11046503533128556,0.13965863718074228,0.15369784886926585,0.1616171723653141
0.0,0.0,19.128278063520668,0.12397395594886602,0.45251949351506987,1.061319932913728,1.061319932913728,2.48427051667084,1.3320660644277373,0.0,15.761979571107178,14.430869689661812,hard,0.1104323526298178,0.1395466801554602,0.15360112741719134,0.16162409266680122
0.0,0.0,8.649238494573218,0.12384515715103012,0.4517314823909668,1.061319932913728,1.061319932913728,2.4899799195977463,1.2749901960407384,0.0,7.975562676074961,14.430869689661812,hard,0.11043499084129467,0.13946755456116855,0.15344596850495493,0.16152238184315507
0.0,0.0,8.797684898398668,0.12390097236027456,0.4840231605284655,1.043264108459598,1.043264108459598,2.5273701747072987,1.268857754044952,0.0,7.743487586352806,14.430869689661812,hard,0.11039843299276905,0.13972307954471827,0.1534523649571682,0.1615172056507557
0.0,0.0,6.683387680961155,0.12402593872265344,0.5207790388388296,1.0229369482035537,1.0229369482035537,2.542754412050051,1.2781236246936365,0.0,6.516716964852779,14.430869689661812,hard,0.11037715240926792,0.13991329023109944,0.15371878090144434,0.16149679625562885
0.0,0.0,29.544508333366327,0.12431243833284492,0.508288163610823,0.9977975746613138,0.9977975746613138,2.515949125081825,1.2726350615946427,0.0,21.844907873461036,14.430869689661812,hard,0.11027708256792948,0.1399630329071015,0.15390647604374164,0.16122225442550714
0.0,0.0,7.840747525918472,0.12416890883052674,0.4993737747636371,0.9977975746613138,0.9977975746613138,2.5364542179980303,1.2726350615946427,0.0,7.102816342831906,14.430869689661812,hard,0.11031203204259439,0.14001603370747912,0.1536803133041864,0.16107200264365215
0.0,0.0,9.09864034497717,0.12405833775305505,0.5001441874783183,0.9977975746613138,0.9977975746613138,2.505673562138532,1.2726350615946427,0.0,7.786038787470816,14.430869689661812,hard,0.11030832661408362,0.14007629737805705,0.15354368749111263,0.1606878600926947
0.0,0.0,10.645676010614045,0.12387943738395003,0.5002440233257341,0.9977975746613138,0.9977975746613138,2.4576411454889016,1.2726350615946427,0.0,10.27532967840935,14.430869689661812,hard,0.11027401250118017,0.14004334495495568,0.15327798931381106,0.16057051473306982
0.0,0.0,9.71688364546103,0.12361771425740195,0.4772696646910154,0.9977975746613138,0.9977975746613138,2.4576411454889016,1.2726350615946427,0.0,9.211753361874166,14.430869689661812,hard,0.10966419871099563,0.1398716995884093,0.15278919789014783,0.16050125053304715
0.0,0.0,11.592996787207202,0.1233236985105593,0.4465278052874984,1.019803902718557,1.019803902718557,2.4576411454889016,1.2955307792561317,0.0,11.336736743878284,14.430869689661812,hard,0.10948313491767765,0.13960521254171882,0.15235056865388757,0.16049008749065483
0.0,0.0,29.4524252439095,0.12241633319509934,0.4126798970042036,1.0229369482035537,1.0229369482035537,2.4576411454889016,1.2464349160706305,0.0,28.514529629646706,14.430869689661812,hard,0.10902928425797902,0.13867511390085666,0.15104396883845753,0.15998296553226146
0.0,0.0,16.509452454978984,0.12232897561744435,0.41948726408705844,0.9431860898041277,0.9431860898041277,2.416278129686233,1.2862348152650822,0.0,15.894766434270117,14.430869689661812,hard,0.10903757695426454,0.13867557315820958,0.15098626844087518,0.15984327175162483
0.0,0.0,16.839373233251642,0.12231271038057992,0.39039306168163196,0.9219544457292888,0.9219544457292888,2.416278129686233,1.331014650557987,0.0,13.074264797685565,14.430869689661812,hard,0.10905028575520954,0.13832506009415346,0.1509733614914374,0.159826270326006
0.0,0.0,15.699466626491423,0.12236997037739902,0.43211209269220857,0.9431860898041277,0.9431860898041277,2.3819319889535047,1.3499629624548963,0.0,11.275531029623393,14.430869689661812,hard,0.1090479656787367,0.13826817524031979,0.15125929596196808,0.1596536985640667
0.0,0.0,34.723061016145174,0.12260289481963182,0.4084919796902277,0.9433981132056604,0.9433981132056604,2.3819319889535047,1.38,0.0,30.06725793949292,14.430869689661812,hard,0.10903905794923867,0.13834422269706673,0.15134822453917357,0.15942339052714127
0.0,0.0,19.54205266448737,0.1226185137660813,0.41377208565416296,0.9610411021387171,0.9610411021387171,2.393741840717165,1.41718029904455,0.0,17.935707401716833,14.430869689661812,hard,0.10832776028782856,0.1383456751328635,0.1515355427590538,0.15889397624043114
0.0,0.0,18.925278210861208,0.12218620174885259,0.3911880618602278,0.9425497334358542,0.9425497334358542,2.393741840717165,1.4317821063276353,0.0,18.83320471932485,14.430869689661812,hard,0.10819355958040652,0.13836418252267282,0.15116588680233134,0.15832948585718207
0.0,0.0,17.57756087721938,0.12255912614701955,0.4133413564264897,0.9400000000000001,0.9400000000000001,2.4383601046605072,1.398427688513067,0.0,17.79353815293631,14.430869689661812,hard,0.1098730706092316,0.13866953614757116,0.15095713205550243,0.15815229562578936
0.0,0.0,11.04565978978185,0.12277338664206766,0.43808324499854273,0.8919641248391104,0.8919641248391104,2.4577225229874915,1.3944174410842687,0.0,10.94387499928613,14.430869689661812,hard,0.11040859167883718,0.13874782347162953,0.1509870284735864,0.1580241811028294
0.0,0.0,22.171369623017124,0.12297753841981969,0.41791087847071695,0.8692525524840292,0.8692525524840292,2.4577225229874915,1.4177446878757824,0.0,21.00199038186619,14.430869689661812,hard,0.11123496841276452,0.13828108685829918,0.15055821319238458,0.15808824671255137
0.0,0.0,18.100668769296394,0.12318757108325776,0.4170540100001621,0.9141115905621151,0.9141115905621151,2.4605690398767512,1.3972830779766854,0.0,17.961347388211163,14.430869689661812,hard,0.11156391327252825,0.138341932478154,0.15045247245451365,0.15838728941096827
0.0,0.0,16.436403318176463,0.12325903717573239,0.4986089924326657,0.916515138991168,0.916515138991168,2.4923081671414553,1.3937001112147478,0.0,16.04026184324932,14.430869689661812,hard,0.11180466966247812,0.1382355422347021,0.15024027346168511,0.15886811926077077
0.0,0.0,9.874316571059405,0.12352197084802174,0.49801415221224254,0.9591663046625439,0.9591663046625439,2.4864432428672085,1.3416407864998738,0.0,9.49275513220477,14.430869689661812,hard,0.11245523455013966,0.13831149901868345,0.15031084044089127,0.1593260217794859
0.0,0.0,56.61915881145225,0.12351401563841802,0.5989011129132374,0.9414881836751855,0.9414881836751855,2.472973918180295,1.2905812643921342,0.0,23.38195030359957,14.430869689661812,hard,0.11259264500516009,0.13844998252780266,0.15052884399252814,0.15907365327465844
