step,timestamp,reward,coverage,cov_trace,altitude,alt_idx,loop_closures,altitude_changes,frontier_count,new_cells,map_seed,difficulty,cov_alt0,cov_alt1,cov_alt2,cov_alt3
0.0,0.0,32.809535593797165,0.009814356751045259,0.021143318671848307,0.0,0.0,0.0,0.0,0.0,32.66098590061237,5.766281297335398,hard,0.030755905550987714,0.015373160723441462,0.0,0.0
0.0,0.0,33.01925745315577,0.010935793249720526,0.038412915949705924,0.0,0.0,0.0,0.0,0.0,33.57659154827959,5.766281297335398,hard,0.03433860761528881,0.017324626452249924,0.0,0.0
0.0,0.0,42.67934740808357,0.013438093851949613,0.07324148327375372,0.0,0.0,0.0,0.0,0.0,41.91452612162041,5.766281297335398,hard,0.03928317228613884,0.022292030622965676,0.0,0.0
0.0,0.0,39.33980170223886,0.01607886803394648,0.10811175067367158,0.0,0.0,0.0,0.0,0.0,39.63584236521283,5.766281297335398,hard,0.0435946723684538,0.026923559764292008,0.0,0.0
0.0,0.0,38.57684135220466,0.018526716475272043,0.13496541003279405,0.0,0.0,0.0,0.0,0.0,37.52395901287603,5.766281297335398,hard,0.04867075273207053,0.03115873242887288,0.0,0.0
0.0,0.0,43.48863184287088,0.020602769870233083,0.16247432885135646,0.0,0.0,0.0,0.0,0.0,43.11481763848712,5.766281297335398,hard,0.05563973721045225,0.03270020637564898,0.0,0.0
0.0,0.0,42.408942291234276,0.023491204134293835,0.19476458279554726,0.0,0.0,0.0,0.0,0.0,42.2694925448603,5.766281297335398,hard,0.0647452174196727,0.035209031981020975,0.0,0.0
0.0,0.0,50.61572998029349,0.027296108781999846,0.2310121357112923,0.0,0.0,0.0,0.0,0.0,50.20816666639004,5.766281297335398,hard,0.07381000878008456,0.041291797129238306,0.0,0.0
0.0,0.0,46.10862578808257,0.03099865841118941,0.2652890949221084,0.0,0.0,0.0,0.0,0.0,45.28517969490681,5.766281297335398,hard,0.08146896644787475,0.0484432785432788,0.0,0.0
0.0,0.0,48.65874216059764,0.034585085176147286,0.2991464480799845,0.0,0.0,0.0,0.0,0.0,48.64411577981452,5.766281297335398,hard,0.08895683676264438,0.05541941968691035,0.0,0.0
0.0,0.0,54.47800859386621,0.03803565548720173,0.3369997971008798,0.0,0.0,0.0,0.0,0.0,54.75990777932336,5.766281297335398,hard,0.09827882289567252,0.060306954245994096,0.0,0.0
0.0,0.0,51.917987342196085,0.04161698230337883,0.3748627716658203,0.0,0.0,0.0,0.0,0.0,43.8304688544396,5.766281297335398,hard,0.10715881963916858,0.06595230560245499,0.0,0.0
0.0,0.0,45.952196592497415,0.0447164008953983,0.41487311784057634,0.0,0.0,0.0,0.0,0.0,37.30613220370078,5.766281297335398,hard,0.11381784323720923,0.07197718978514818,0.0,0.0
0.0,0.0,46.743961613625665,0.04797040208374255,0.45601561511637323,0.0,0.0,0.0,0.0,0.0,46.46210821734201,5.766281297335398,hard,0.12078064872913553,0.07801814879241915,0.0,0.0
0.0,0.0,51.7520750256466,0.05111958811414343,0.4942944904634937,0.0,0.0,0.0,0.0,0.0,46.43748485867855,5.766281297335398,hard,0.1275227404452862,0.08417154849747412,0.0,0.0
0.0,0.0,62.32445380928658,0.05412092971672035,0.5303167744330339,0.0,0.0,0.0,0.0,0.0,54.51752011968263,5.766281297335398,hard,0.1337449206668661,0.09051913071024009,0.0,0.0
0.0,0.0,45.988386380328734,0.05714874236692854,0.5597185958614205,0.0,0.0,0.0,0.0,0.0,42.313679821069684,5.766281297335398,hard,0.1401775638953524,0.0965836415631192,0.0,0.0
0.0,0.0,62.70040885380063,0.0611907752178752,0.5872615898420327,0.0,0.0,0.0,0.0,0.0,62.31073342530963,5.766281297335398,hard,0.15007753392825174,0.10306071585542334,0.0,0.0
0.0,0.0,41.68645702386882,0.0638697937408096,0.6119162485948021,0.0,0.0,0.0,0.0,0.0,41.62138873223717,5.766281297335398,hard,0.15613652463717034,0.10803298194522949,0.0,0.0
0.0,0.0,49.39778634253448,0.06712638323773903,0.6458771590169436,0.0,0.0,0.0,0.0,0.0,38.89524392518962,5.766281297335398,hard,0.16366464733094496,0.11399758586116668,0.0,0.0
0.0,0.0,79.64015764686285,0.06939987800581272,0.6755299205487879,0.0,0.0,0.0,0.0,0.0,62.587918163172674,5.766281297335398,hard,0.16900472773548134,0.11811400060965563,0.0,0.0
0.0,0.0,49.95585221096868,0.07226545125050336,0.7071712155673975,0.0,0.0,0.0,0.0,0.0,45.737402637228975,5.766281297335398,hard,0.17484729045879582,0.12383447237186875,0.0,0.0
0.0,0.0,83.3511293359236,0.0712474166444195,0.7167116410563645,0.3,0.30000000000000004,0.0,0.30000000000000004,0.0,76.31859209917332,5.766281297335398,hard,0.18110246685354842,0.1227627605247094,0.02035357671053521,0.0
0.0,0.0,63.53275886079964,0.072828329525571,0.7397874260737684,0.3,0.30000000000000004,0.0,0.30000000000000004,0.0,63.16745601969419,5.766281297335398,hard,0.1891553547802406,0.12482508548824284,0.029920331261526892,0.0
0.0,0.0,75.70896238882248,0.07363051991834801,0.7560261759245002,0.3570714214271425,0.3570714214271425,0.0,0.3570714214271425,0.0,69.59847340279813,5.766281297335398,hard,0.19653083221212939,0.12633250958368925,0.037347058085458004,0.0
0.0,0.0,68.39969643358101,0.07448504109424363,0.7731018221401954,0.3570714214271425,0.3570714214271425,0.0,0.3570714214271425,0.0,61.131497609661096,5.766281297335398,hard,0.20018415326683517,0.12766502768101912,0.042981403493871514,0.0
0.0,0.0,48.79136405631272,0.07616820158737772,0.797822175633946,0.3570714214271425,0.3570714214271425,0.0,0.3570714214271425,0.0,49.10509138572089,5.766281297335398,hard,0.20445996466572666,0.1308601090214443,0.04759003936817485,0.0
0.0,0.0,48.582864109146584,0.07756950765244768,0.813424439503715,0.3570714214271425,0.3570714214271425,0.0,0.3570714214271425,0.0,43.905893681828175,5.766281297335398,hard,0.2059891972733,0.13492973668119887,0.051609322415757455,0.0
0.0,0.0,50.370040893405026,0.07900941869156804,0.8264666934634791,0.3570714214271425,0.3570714214271425,0.0,0.3570714214271425,0.0,49.563696391613085,5.766281297335398,hard,0.2072955184588193,0.13974305223446015,0.055725781359986334,0.0
0.0,0.0,54.427440127775746,0.08099507745661332,0.8434381712949293,0.3570714214271425,0.3570714214271425,0.0,0.3570714214271425,0.0,52.88182580055269,5.766281297335398,hard,0.20966849030114373,0.14535791204660853,0.06012961237671606,0.0
0.0,0.0,42.84263135792389,0.08274903568691556,0.8596389717467232,0.3570714214271425,0.3570714214271425,0.0,0.3570714214271425,0.0,36.980907236031946,5.766281297335398,hard,0.21200978039813842,0.15026228082434254,0.06363781745921626,0.0
0.0,0.0,47.20327257650317,0.08484312628554805,0.875615741370829,0.3570714214271425,0.3570714214271425,0.0,0.3570714214271425,0.0,37.73761386203426,5.766281297335398,hard,0.21398883740638616,0.15615913746704052,0.06690356673149826,0.0
0.0,0.0,33.02870406964646,0.08720515007227304,0.8974131576587162,0.3570714214271425,0.3570714214271425,0.0,0.3570714214271425,0.0,32.573724073246524,5.766281297335398,hard,0.21756341186376002,0.1619371580909395,0.06975102520128428,0.0
0.0,0.0,39.695719430252616,0.08907497486442116,0.9202072157818975,0.3570714214271425,0.3570714214271425,0.0,0.3570714214271425,0.0,38.037185752891865,5.766281297335398,hard,0.22035830964397757,0.16708098962470083,0.0749682898479739,0.0
0.0,0.0,40.128103108317674,0.09017111812787074,0.9446873766916564,0.3570714214271425,0.3570714214271425,0.0,0.3570714214271425,0.0,39.57053828291953,5.766281297335398,hard,0.22221638952666092,0.16964339819243093,0.08052456381986928,0.0
0.0,0.0,46.1719350780905,0.09186802058509924,0.9702305376073675,0.3570714214271425,0.3570714214271425,0.0,0.3570714214271425,0.0,46.468161142872866,5.766281297335398,hard,0.22452589382671193,0.1724043735935348,0.08603398734845787,0.0
0.0,0.0,53.15070165218422,0.09246230330550619,0.982601819089886,0.3570714214271425,0.3570714214271425,0.0,0.3570714214271425,0.0,44.4230795870795,5.766281297335398,hard,0.22330996208463091,0.17340827641738926,0.09196332548564737,0.0
0.0,0.0,39.62800692158191,0.09266439018077892,0.9984193489383324,0.3570714214271425,0.3570714214271425,0.0,0.3570714214271425,0.0,38.355703617584695,5.766281297335398,hard,0.22294895060593467,0.17412066304100376,0.09451464271241145,0.0
0.0,0.0,26.798202432109427,0.09326552231269088,1.0120024916787442,0.3570714214271425,0.3570714214271425,0.0,0.3570714214271425,0.0,27.264262322681684,5.766281297335398,hard,0.22464956994400476,0.17539137443093095,0.09539546930205531,0.0
0.0,0.0,43.731788784199416,0.09375185428191248,1.019123052190877,0.3570714214271425,0.3570714214271425,0.0,0.3570714214271425,0.0,43.44203033929238,5.766281297335398,hard,0.2271633110360316,0.17556158439702693,0.09846584591009416,0.0
0.0,0.0,49.74103475090927,0.0946638445139057,1.0304897991063817,0.3570714214271425,0.3570714214271425,0.0,0.3570714214271425,0.0,49.99709991589512,5.766281297335398,hard,0.22690749666733837,0.17750844397895882,0.10351129447640085,0.0
0.0,0.0,39.29593210742755,0.09555713979387162,1.046130397826715,0.3570714214271425,0.3570714214271425,0.0,0.3570714214271425,0.0,38.993941837162346,5.766281297335398,hard,0.22688811413693835,0.17914102552032393,0.106598117298724,0.0
0.0,0.0,35.685178654681806,0.09582463294679118,1.0675575825217742,0.3570714214271425,0.3570714214271425,0.0,0.3570714214271425,0.0,35.749790209174655,5.766281297335398,hard,0.22833023475216593,0.17959712941213457,0.10827189081614921,0.0
0.0,0.0,50.738549862536765,0.09634635581417934,1.0823398949278045,0.3570714214271425,0.3570714214271425,0.0,0.3570714214271425,0.0,41.55944537647248,5.766281297335398,hard,0.22910650288834752,0.1803324965573789,0.11210312747880612,0.0
0.0,0.0,61.320529633565386,0.09832538483340479,1.0847078012877884,0.3570714214271425,0.3570714214271425,0.0,0.3570714214271425,0.0,48.510411253668,5.766281297335398,hard,0.23059790853792622,0.1864121234038913,0.11657456200010259,0.0
0.0,0.0,38.046124076894785,0.09998322255781214,1.0802744968525468,0.3570714214271425,0.3570714214271425,0.0,0.3570714214271425,0.0,35.363964709856845,5.766281297335398,hard,0.2333602914387781,0.19021450300236317,0.11898272654473488,0.0
0.0,0.0,47.580504090027986,0.10080169039573851,1.076922524698507,0.3570714214271425,0.3570714214271425,0.0,0.3570714214271425,0.0,47.315853579957746,5.766281297335398,hard,0.23375968126714625,0.1923481740340911,0.11977493938437864,0.0
0.0,0.0,68.84623833049096,0.09863260744420578,1.0681838480392418,0.4330127018922193,0.4330127018922193,0.0,0.4330127018922193,0.0,63.60304631069175,5.766281297335398,hard,0.23434137812971464,0.19041089863725805,0.11875590011441588,0.0
0.0,0.0,48.22116813798951,0.0980478163174172,1.0671729294052883,0.4330127018922193,0.4330127018922193,0.0,0.4330127018922193,0.0,47.83123979158391,5.766281297335398,hard,0.23607903045414844,0.18856628671723435,0.12321693025881864,0.0
0.0,0.0,64.65709843098165,0.09754556760326892,1.0627220645360218,0.4330127018922193,0.4330127018922193,0.0,0.4330127018922193,0.0,53.813450920750284,5.766281297335398,hard,0.2346574631446839,0.1862838068291374,0.12727570177972608,0.0
0.0,0.0,37.96775526449245,0.09932604798871979,1.0655538753168587,0.4330127018922193,0.4330127018922193,0.0,0.4330127018922193,0.0,38.00197363295754,5.766281297335398,hard,0.23602176974797406,0.19097307118153828,0.12990563857854143,0.0
0.0,0.0,43.75263363768602,0.10042786111014188,1.0623202956984874,0.4330127018922193,0.4330127018922193,0.0,0.4330127018922193,0.0,43.229735136824516,5.766281297335398,hard,0.23701434538247224,0.19355921939041656,0.1328949003102674,0.0
0.0,0.0,44.66493157394937,0.10155876166657148,1.0600980750616908,0.4330127018922193,0.4330127018922193,0.0,0.4330127018922193,0.0,41.179485183765955,5.766281297335398,hard,0.23690259918377804,0.19564999662233537,0.1364372539462189,0.0
0.0,0.0,56.71834617134108,0.1017192564722174,1.0597498888895334,0.4330127018922193,0.4330127018922193,0.0,0.4330127018922193,0.0,45.3037250124093,5.766281297335398,hard,0.23670523258594453,0.19630950468281763,0.13834475965208912,0.0
0.0,0.0,54.91633775494177,0.10044001963528558,1.0537355351060205,0.4330127018922193,0.4330127018922193,0.0,0.4330127018922193,0.0,55.31762829333882,5.766281297335398,hard,0.23572625824131527,0.19314090573625733,0.14054789986232255,0.0
0.0,0.0,63.37718423361512,0.10058969920785081,1.0471593024034807,0.4330127018922193,0.4330127018922193,0.0,0.4330127018922193,0.0,50.07494383421713,5.766281297335398,hard,0.23500507128363604,0.19279868393129346,0.1450684229703172,0.0
0.0,0.0,40.37398628575244,0.10076040577359846,1.0395515538993574,0.4330127018922193,0.4330127018922193,0.0,0.4330127018922193,0.0,39.78957149806969,5.766281297335398,hard,0.23519173833073634,0.1928664948861526,0.14820143990232773,0.0
0.0,0.0,44.574475849645246,0.1008445230120516,1.0363373392996267,0.4330127018922193,0.4330127018922193,0.0,0.4330127018922193,0.0,41.87970869048638,5.766281297335398,hard,0.23364451397527028,0.19327684080197807,0.15140125764130472,0.0
0.0,0.0,51.38073179770349,0.10082001040649403,1.0315299511161402,0.4330127018922193,0.4330127018922193,0.0,0.4330127018922193,0.0,51.18486104308578,5.766281297335398,hard,0.2324778741755578,0.19239567468534205,0.1556507681682445,0.0
0.0,0.0,44.242506627094244,0.10111077434687615,1.027976253544377,0.4330127018922193,0.4330127018922193,0.0,0.4330127018922193,0.0,34.65313838601058,5.766281297335398,hard,0.23201754227214968,0.19252826597214395,0.1578124074902839,0.0
0.0,0.0,49.132204489081076,0.10171383693566981,1.0269822521581313,0.4330127018922193,0.4330127018922193,0.0,0.4330127018922193,0.0,48.58199254868001,5.766281297335398,hard,0.230523271013606,0.1932922332278022,0.16203800145161573,0.0
0.0,0.0,37.84341538465471,0.1022546793351917,1.027306370007664,0.4330127018922193,0.4330127018922193,0.0,0.4330127018922193,0.0,36.65416074608721,5.766281297335398,hard,0.2296984117502694,0.19373690870762034,0.1652300337715218,0.0
0.0,0.0,66.38179003441557,0.10450974615276391,1.0365544485831404,0.4330127018922193,0.4330127018922193,0.0,0.4330127018922193,0.0,66.42108099090227,5.766281297335398,hard,0.23049228830111715,0.196652017084829,0.17045561335248346,0.0
0.0,0.0,32.43666902562654,0.10520833427598186,1.0408872025462947,0.4330127018922193,0.4330127018922193,0.0,0.4330127018922193,0.0,32.59447805994138,5.766281297335398,hard,0.23078083643344607,0.19724670575666728,0.17338222401017003,0.0
0.0,0.0,45.76532175115982,0.10547305942157918,1.0403815527137374,0.4330127018922193,0.4330127018922193,0.0,0.4330127018922193,0.0,44.99955555336074,5.766281297335398,hard,0.23099786163937797,0.19681455294362002,0.1750971634708281,0.0
0.0,0.0,60.80849603426688,0.10815982645911111,1.0360187453907186,0.4330127018922193,0.4330127018922193,0.0,0.4330127018922193,0.0,61.101943504278154,5.766281297335398,hard,0.23107346562804887,0.20024043081742265,0.18091034852205062,0.0
0.0,0.0,42.83439073595863,0.10739928269322083,1.0212926697112896,0.4330127018922193,0.4330127018922193,0.0,0.4330127018922193,0.0,43.22993754332754,5.766281297335398,hard,0.22937391194044707,0.19656335311554765,0.18383316766263322,0.0
0.0,0.0,39.599586618996526,0.10857940051840337,1.0216630419501243,0.4330127018922193,0.4330127018922193,0.0,0.4330127018922193,0.0,39.49591751054785,5.766281297335398,hard,0.23033639508137516,0.19794774203829635,0.18688613498992232,0.0
0.0,0.0,51.9816608056169,0.10987013153264995,1.0233789118680765,0.4330127018922193,0.4330127018922193,0.0,0.4330127018922193,0.0,42.66717122097503,5.766281297335398,hard,0.23072731488536502,0.19911654680606958,0.19034239200437192,0.0
0.0,0.0,54.723020828952464,0.11174245615776114,1.0155968099519763,0.4330127018922193,0.4330127018922193,0.0,0.4330127018922193,0.0,53.84784118235382,5.766281297335398,hard,0.23161490065268486,0.20049430626760253,0.19538741800250484,0.0
0.0,0.0,39.7557532270848,0.11179812606730453,1.0050645220881793,0.4330127018922193,0.4330127018922193,0.0,0.4330127018922193,0.0,40.8209198818449,5.766281297335398,hard,0.22777961029157962,0.20137344927990428,0.19854500206848702,0.0
0.0,0.0,49.21545221998308,0.111322664144751,0.9971216440782257,0.4330127018922193,0.4330127018922193,0.0,0.4330127018922193,0.0,37.961131437300445,5.766281297335398,hard,0.2252534886912248,0.2015431472941523,0.2003469955030304,0.0
0.0,0.0,48.68788995877874,0.11050073372124061,0.9830150330997034,0.45825756949558394,0.45825756949558394,0.0,0.45825756949558394,0.0,45.364192927902955,5.766281297335398,hard,0.22114196050218676,0.20033993223125443,0.2029548601719902,0.0
0.0,0.0,42.29728369512857,0.11015864641905002,0.9656375389878559,0.45825756949558394,0.45825756949558394,0.0,0.45825756949558394,0.0,41.42475105537751,5.766281297335398,hard,0.22028386546461,0.19833873291990284,0.20522170587993824,0.0
0.0,0.0,36.12337552110464,0.10977798534648718,0.9466455025144033,0.4769696007084729,0.47696960070847283,0.0,0.47696960070847283,0.0,30.078896256345576,5.766281297335398,hard,0.2197088424281253,0.19839110852122366,0.2049026019519965,0.0
0.0,0.0,54.09800514655881,0.10993388787755078,0.9241030020413322,0.4769696007084729,0.47696960070847283,0.0,0.47696960070847283,0.0,31.699329645908918,5.766281297335398,hard,0.21897225493063557,0.19947247077893002,0.20595332429374316,0.0
0.0,0.0,25.757303553581817,0.10960847642728626,0.9038042881079056,0.4769696007084729,0.47696960070847283,0.0,0.47696960070847283,0.0,24.360367402812297,5.766281297335398,hard,0.21741214104475617,0.19930135084111864,0.20701455316499026,0.0
0.0,0.0,73.97726562893754,0.10922032263751356,0.8839201800720656,0.4769696007084729,0.47696960070847283,0.0,0.47696960070847283,0.0,72.45500327789655,5.766281297335398,hard,0.21399017705917653,0.19846530195440454,0.21091999760181407,0.0
0.0,0.0,44.379359463699586,0.10863755459347905,0.8573924563491655,0.4769696007084729,0.47696960070847283,0.0,0.47696960070847283,0.0,39.56548369475597,5.766281297335398,hard,0.21076622898637407,0.19800774202966093,0.2134494248840632,0.0
0.0,0.0,49.74133548873833,0.1075943098589801,0.8313350226934637,0.4769696007084729,0.47696960070847283,0.0,0.47696960070847283,0.0,49.98187171365234,5.766281297335398,hard,0.2061132802409872,0.19559072369489794,0.2171520496081693,0.0
0.0,0.0,39.310405409328666,0.10672434239197691,0.8063636966168263,0.4769696007084729,0.47696960070847283,0.0,0.47696960070847283,0.0,36.74833329553872,5.766281297335398,hard,0.2023373649453871,0.19279308786225927,0.22023707453548524,0.0
0.0,0.0,56.925152819517045,0.10430754868712533,0.7852345223228693,0.4769696007084729,0.47696960070847283,0.0,0.47696960070847283,0.0,54.64547099257174,5.766281297335398,hard,0.1985313800244608,0.18753940418663256,0.22288583388837943,0.0
0.0,0.0,40.53367263190108,0.1033956929733626,0.7646396779649666,0.4769696007084729,0.47696960070847283,0.0,0.47696960070847283,0.0,40.63077651239267,5.766281297335398,hard,0.19569083871550194,0.18484784586196643,0.22573865040181626,0.0
0.0,0.0,46.75829864871998,0.10246980264911977,0.7440750990160065,0.4769696007084729,0.47696960070847283,0.0,0.47696960070847283,0.0,46.0493213847935,5.766281297335398,hard,0.1929139960925686,0.18128420137537649,0.2290857486874471,0.0
0.0,0.0,49.22159978595743,0.10163842260597318,0.7243103853242399,0.4769696007084729,0.47696960070847283,0.0,0.47696960070847283,0.0,48.48863268849721,5.766281297335398,hard,0.18895993952304677,0.17904008135385768,0.23227531931300277,0.0
0.0,0.0,34.724356583148094,0.10089141400751409,0.7047672463167541,0.4769696007084729,0.47696960070847283,0.0,0.47696960070847283,0.0,33.80828300875393,5.766281297335398,hard,0.18762332273830473,0.1767400748811934,0.23424836207610514,0.0
0.0,0.0,23.44864916867239,0.10074875146024356,0.6872264079428698,0.4769696007084729,0.47696960070847283,0.0,0.47696960070847283,0.0,23.551804601770964,5.766281297335398,hard,0.18725869645098886,0.1762809407962301,0.23599440552470619,0.0
0.0,0.0,29.98064614584113,0.10059032784787368,0.6683461042167059,0.4769696007084729,0.47696960070847283,0.0,0.47696960070847283,0.0,29.27353753819309,5.766281297335398,hard,0.1844606555651046,0.17459545276143448,0.23900083997734597,0.0
0.0,0.0,30.301235918531404,0.10074880041731527,0.6494820025636998,0.4769696007084729,0.47696960070847283,0.0,0.47696960070847283,0.0,29.749957983163604,5.766281297335398,hard,0.18214170148072933,0.173073197944361,0.2413016202151425,0.0
0.0,0.0,33.811546436679244,0.0995400133969448,0.6452249354217927,0.4769696007084729,0.47696960070847283,0.21794494717703364,0.47696960070847283,0.0,33.33807882887075,5.766281297335398,hard,0.17817562975033102,0.16993966751681608,0.2427921040299475,0.0
0.0,0.0,49.87767386869218,0.09847523350227591,0.6239875994993842,0.4769696007084729,0.47696960070847283,0.21794494717703364,0.47696960070847283,0.0,33.577187196071094,5.766281297335398,hard,0.17486387681071533,0.16699531955172367,0.24421389675421587,0.0
0.0,0.0,42.18963845373614,0.09746484228628506,0.604072566980587,0.4769696007084729,0.47696960070847283,0.21794494717703364,0.47696960070847283,0.0,31.506308892029868,5.766281297335398,hard,0.17155952181546175,0.1645913189684164,0.2455315033077817,0.0
0.0,0.0,29.8387360916143,0.09745580554147677,0.5857317835163458,0.4769696007084729,0.47696960070847283,0.21794494717703364,0.47696960070847283,0.0,28.05579262826128,5.766281297335398,hard,0.1693777621752562,0.16341154989433754,0.24790643427024958,0.0
0.0,0.0,39.452610435539754,0.09692013360446648,0.5686257628269011,0.4769696007084729,0.47696960070847283,0.21794494717703364,0.47696960070847283,0.0,38.68190791571688,5.766281297335398,hard,0.16473728117297864,0.16283549801604522,0.2502702263198141,0.0
0.0,0.0,20.417238513660525,0.09694662742170203,0.5504571926617621,0.4769696007084729,0.47696960070847283,0.21794494717703364,0.47696960070847283,0.0,19.880832477539766,5.766281297335398,hard,0.16274228092948603,0.16358031515638422,0.25135699559278796,0.0
0.0,0.0,55.386992157772205,0.09753880112333214,0.6082008896078945,0.5894913061275798,0.5894913061275798,0.4358898943540673,0.5894913061275798,0.0,43.47858668356183,5.766281297335398,hard,0.16081278726749526,0.16008929193476107,0.2521598248301,0.00840321595640565
0.0,0.0,53.12893767072883,0.09832315499422135,0.5903229411042796,0.5916079783099616,0.5916079783099616,0.4358898943540673,0.5916079783099616,0.0,52.57185558832787,5.766281297335398,hard,0.15839254126685245,0.15727862411093324,0.25537188662630955,0.009480551335432014
0.0,0.0,76.11340553151987,0.09830169546691851,0.5667232550542927,0.5722761571129799,0.5722761571129799,0.4358898943540673,0.5722761571129799,0.0,64.21859154481668,5.766281297335398,hard,0.15670050660411192,0.1544027378475936,0.25355027658874524,0.009480551335432014
0.0,0.0,48.57162268175716,0.09707550395823714,0.5522742196930182,0.6403124237432849,0.6403124237432849,0.4358898943540673,0.6403124237432849,0.0,44.86120261428576,5.766281297335398,hard,0.15534260907015465,0.1521262314313589,0.25199149201497606,0.01347594835846417
0.0,0.0,48.287005476865836,0.09604856745555249,0.5404509723311877,0.6403124237432849,0.6403124237432849,0.4358898943540673,0.6403124237432849,0.0,44.514351618326415,5.766281297335398,hard,0.15476023623371088,0.15015709331334248,0.2512153895719195,0.016219801273717666
0.0,0.0,38.211944190178436,0.09556630730841645,0.529505724561041,0.6403124237432849,0.6403124237432849,0.4358898943540673,0.6403124237432849,0.0,37.51063182619029,5.766281297335398,hard,0.1543853193698631,0.14872632680546377,0.2506151792688699,0.01961939042056717
0.0,0.0,58.2826615158067,0.09457648749046327,0.5194290201612716,0.6403124237432849,0.6403124237432849,0.4358898943540673,0.6403124237432849,0.0,58.02490844456371,5.766281297335398,hard,0.1525154965232197,0.14527535713008896,0.24995898729299984,0.02401102872159384
0.0,0.0,40.41795732395985,0.09417429604652897,0.5120338364003989,0.6403124237432849,0.6403124237432849,0.4358898943540673,0.6403124237432849,0.0,40.94313129207389,5.766281297335398,hard,0.15211601757423324,0.14365313330397947,0.24962884134526203,0.02632241380122437
0.0,0.0,39.29261501125983,0.09426482412382599,0.5057182496399051,0.6403124237432849,0.6403124237432849,0.4358898943540673,0.6403124237432849,0.0,38.72867154964136,5.766281297335398,hard,0.1515396180813686,0.143338549330298,0.2500437522744398,0.02780846017027002
0.0,0.0,43.215365701390446,0.09469579868787131,0.5025078925322228,0.6403124237432849,0.6403124237432849,0.4358898943540673,0.6403124237432849,0.0,36.573590198393156,5.766281297335398,hard,0.15163298823648702,0.14347498355350727,0.25032596494346193,0.03305113797484477
0.0,0.0,32.64906265658361,0.09493318639320533,0.5011742405220367,0.6403124237432849,0.6403124237432849,0.4358898943540673,0.6403124237432849,0.0,32.73285810924552,5.766281297335398,hard,0.1512687200285427,0.14341396585632915,0.2515301902814274,0.03315487780239792
0.0,0.0,28.521357424584696,0.09549265766690937,0.5011740895758724,0.6403124237432849,0.6403124237432849,0.4358898943540673,0.6403124237432849,0.0,29.411902352619087,5.766281297335398,hard,0.15073011932859604,0.14346675568892914,0.2521617295872072,0.03502711061400367
0.0,0.0,36.11760815711247,0.095370373706377,0.49977454553470674,0.6403124237432849,0.6403124237432849,0.4358898943540673,0.6403124237432849,0.0,30.85352492017727,5.766281297335398,hard,0.1505268088435929,0.14296572598980675,0.2523186052828296,0.03554871218631746
0.0,0.0,29.05416242682962,0.09548681467136068,0.4990403928276126,0.6403124237432849,0.6403124237432849,0.4358898943540673,0.6403124237432849,0.0,28.620971332224208,5.766281297335398,hard,0.1504591769235278,0.14241394848908578,0.2529671962436596,0.037012380881223196
0.0,0.0,42.640948341927135,0.0956743718908565,0.49927479978411293,0.6403124237432849,0.6403124237432849,0.4358898943540673,0.6403124237432849,0.0,41.962453455440375,5.766281297335398,hard,0.15069818525394107,0.14185193822363462,0.2538214812346212,0.03984682104582435
0.0,0.0,36.1740270006319,0.09619604190112974,0.4987013505242028,0.6403124237432849,0.6403124237432849,0.4358898943540673,0.6403124237432849,0.0,36.005937010443155,5.766281297335398,hard,0.15094816124699223,0.14180578002202376,0.2551406408988649,0.043011074667764236
0.0,0.0,39.31337142876369,0.09738251307502663,0.49800605211556503,0.6403124237432849,0.6403124237432849,0.4358898943540673,0.6403124237432849,0.0,39.60034722069997,5.766281297335398,hard,0.15124000843223348,0.14223332139832698,0.2578469557632671,0.048311491802477395
0.0,0.0,42.47517021134461,0.09827994035299932,0.4978402697759476,0.6403124237432849,0.6403124237432849,0.4358898943540673,0.6403124237432849,0.0,41.76658353277174,5.766281297335398,hard,0.15184871687670315,0.14296322075694237,0.25910743958889343,0.05246338812999754
0.0,0.0,52.422716297514256,0.09912442049850843,0.4953884070020156,0.6403124237432849,0.6403124237432849,0.4358898943540673,0.6403124237432849,0.0,48.48308983552925,5.766281297335398,hard,0.1529160725249039,0.14418978810199473,0.2603249083679257,0.05684076452520414
0.0,0.0,46.41996239909183,0.10041889628635887,0.4946014780696917,0.6403124237432849,0.6403124237432849,0.4358898943540673,0.6403124237432849,0.0,46.36442601823084,5.766281297335398,hard,0.15427557054486304,0.14573105455836885,0.2615181695968024,0.05769614375166178
0.0,0.0,34.462166957137434,0.10152715339537129,0.49350056008940846,0.6403124237432849,0.6403124237432849,0.4358898943540673,0.6403124237432849,0.0,34.493876268114604,5.766281297335398,hard,0.15499913524493575,0.14629664247360102,0.26279290105109404,0.059300958481652795
0.0,0.0,20.471538524534058,0.10207094040991271,0.49297993963006426,0.6403124237432849,0.6403124237432849,0.4358898943540673,0.6403124237432849,0.0,20.096952505292936,5.766281297335398,hard,0.15544608400291596,0.14676619801838342,0.26325218553804874,0.06090696453459912
0.0,0.0,52.71474891159599,0.10356389937293736,0.4919674283288017,0.812403840463596,0.812403840463596,0.4358898943540673,0.812403840463596,0.0,46.87429999477325,5.766281297335398,hard,0.1558663984194522,0.14737811683580135,0.2632213361741879,0.0632379228005946
0.0,0.0,60.812556398406656,0.10601990254108942,0.49125248090717577,0.8529361054615991,0.852936105461599,0.4358898943540673,0.852936105461599,0.0,56.63691375772518,5.766281297335398,hard,0.15737470487865116,0.1496082163387339,0.26449717152810864,0.06778859690049976
0.0,0.0,64.2546352733764,0.10800196842030743,0.49013717697005443,0.9205976319760985,0.9205976319760985,0.4358898943540673,0.9205976319760985,0.0,58.975312631642744,5.766281297335398,hard,0.15788633605663271,0.1509680219574166,0.26361554492378764,0.0703570157486613
0.0,0.0,73.35847755707762,0.10882113736165969,0.48924736271519836,0.864580823289529,0.864580823289529,0.4358898943540673,0.864580823289529,0.0,59.806019763900025,5.766281297335398,hard,0.1580160888964074,0.15054442729655934,0.2621290363046696,0.07642944528827021
0.0,0.0,45.57770495405953,0.1103757738321929,0.4892168625193129,0.864580823289529,0.864580823289529,0.4358898943540673,0.864580823289529,0.0,45.07468801888705,5.766281297335398,hard,0.15829724626696937,0.15085482303251033,0.2638869771638924,0.08024998980023153
0.0,0.0,50.22573915047349,0.11369518752136634,0.48791689847565106,0.864580823289529,0.864580823289529,0.4358898943540673,0.864580823289529,0.0,48.12847390059236,5.766281297335398,hard,0.15824904679947502,0.1512812950225904,0.26715766448291955,0.08895940475181192
0.0,0.0,37.92583044983017,0.11557938821996427,0.4875615132925877,0.864580823289529,0.864580823289529,0.4358898943540673,0.864580823289529,0.0,37.3206042287635,5.766281297335398,hard,0.1587496643946212,0.15126439626075475,0.26878749712640887,0.09393526798329715
0.0,0.0,47.33563759896532,0.11776636548868824,0.48687831670868903,0.864580823289529,0.864580823289529,0.4358898943540673,0.864580823289529,0.0,43.005668231059964,5.766281297335398,hard,0.15901508738026246,0.15123781586040166,0.27089168729146645,0.10143209280039256
0.0,0.0,37.190601870609264,0.1192836703972873,0.4853181676073916,0.864580823289529,0.864580823289529,0.4358898943540673,0.864580823289529,0.0,38.27479588449819,5.766281297335398,hard,0.1600543129679953,0.15057516829491832,0.2730348936011408,0.10624017190585966
0.0,0.0,47.184865052558855,0.12146828716269159,0.4801929286303414,0.864580823289529,0.864580823289529,0.4358898943540673,0.864580823289529,0.0,47.01326940343545,5.766281297335398,hard,0.16063738580139714,0.15053038562591584,0.274576461258458,0.1126473137604995
0.0,0.0,37.83721500360476,0.12404190011493621,0.47987380737825513,0.864580823289529,0.864580823289529,0.4358898943540673,0.864580823289529,0.0,37.466785290440924,5.766281297335398,hard,0.1607482845813633,0.14983144308211904,0.28046549828069345,0.11821958734510354
0.0,0.0,64.09314708825438,0.12641160586993846,0.47737846922159527,0.864580823289529,0.864580823289529,0.4358898943540673,0.864580823289529,0.0,57.76685901102811,5.766281297335398,hard,0.16008588113991148,0.14789247646915984,0.2861610812446276,0.1264490729560641
0.0,0.0,55.06078737911633,0.12863854747354875,0.47560418820032213,0.864580823289529,0.864580823289529,0.4358898943540673,0.864580823289529,0.0,48.376104638550636,5.766281297335398,hard,0.1592757322753235,0.14608390746165034,0.29114490848068764,0.13320480394598375
0.0,0.0,49.43287311810631,0.13087564001316904,0.47433174891188984,0.864580823289529,0.864580823289529,0.4358898943540673,0.864580823289529,0.0,50.134917971409905,5.766281297335398,hard,0.15763018280750807,0.14469403804959974,0.2957907681190767,0.1403111528495492
0.0,0.0,58.65379625435462,0.13253593449868417,0.47381411714131927,0.864580823289529,0.864580823289529,0.4358898943540673,0.864580823289529,0.0,57.61985334934479,5.766281297335398,hard,0.1562496553196104,0.14068882705086258,0.2986310804844285,0.14755849309038435
0.0,0.0,55.31135273857671,0.1348293349656196,0.47358848590461966,0.864580823289529,0.864580823289529,0.4358898943540673,0.864580823289529,0.0,51.90498530969833,5.766281297335398,hard,0.1554846681929011,0.13933724331293423,0.3009914145454813,0.1553506146730266
0.0,0.0,46.034794816418696,0.13746997617284784,0.47270268878528926,0.864580823289529,0.864580823289529,0.4358898943540673,0.864580823289529,0.0,45.26287109762261,5.766281297335398,hard,0.15452869317330828,0.13947133640876028,0.30384414432321666,0.16277116866327812
0.0,0.0,37.1892316412103,0.1401280387035107,0.47232236101835406,0.864580823289529,0.864580823289529,0.4358898943540673,0.864580823289529,0.0,37.083823966791776,5.766281297335398,hard,0.1541642318405747,0.13937060245528876,0.30637254498029765,0.17148460198956336
0.0,0.0,47.91056715312417,0.14278962692009253,0.4720992743149091,0.864580823289529,0.864580823289529,0.4358898943540673,0.864580823289529,0.0,43.41151920861558,5.766281297335398,hard,0.15402147819868955,0.13873412558221188,0.30861988741062424,0.17964356706062773
0.0,0.0,38.26976609050075,0.1442963677878366,0.4709028529118342,0.864580823289529,0.864580823289529,0.4358898943540673,0.864580823289529,0.0,38.112301163797504,5.766281297335398,hard,0.15352887374556276,0.13792283023435883,0.30997072466021947,0.18577635595608818
0.0,0.0,45.06842904650746,0.14659026470001377,0.47012575318515326,0.864580823289529,0.864580823289529,0.4358898943540673,0.864580823289529,0.0,44.46954013704212,5.766281297335398,hard,0.15328751851547406,0.13914834032622878,0.31291589259784514,0.1911724475295379
0.0,0.0,41.86299732316822,0.14829315214527686,0.46934474430956996,0.864580823289529,0.864580823289529,0.4358898943540673,0.864580823289529,0.0,41.31053134492463,5.766281297335398,hard,0.1531868666551941,0.13923367182300153,0.31467709870313,0.19769883864776144
0.0,0.0,39.56601933454039,0.15118338414946664,0.46892659828783817,0.864580823289529,0.864580823289529,0.4358898943540673,0.864580823289529,0.0,38.62547734332872,5.766281297335398,hard,0.15299670801982043,0.1392641330052065,0.3180191607326735,0.20608308363039543
0.0,0.0,57.809835696221725,0.15339119142293683,0.4671539554785403,0.9433981132056605,0.9433981132056605,0.4358898943540673,0.9433981132056605,0.0,54.40172331829204,5.766281297335398,hard,0.1528004994730934,0.1392562450916576,0.3216239869641451,0.2144828939464022
0.0,0.0,44.544142838921644,0.15510810025416705,0.466724475702647,0.9433981132056605,0.9433981132056605,0.4358898943540673,0.9433981132056605,0.0,43.533779987499365,5.766281297335398,hard,0.15251517156277417,0.1393725240307696,0.3249841383412701,0.22022172222701428
0.0,0.0,49.84721642991485,0.15650440799889986,0.46637468484806316,0.9433981132056605,0.9433981132056605,0.4358898943540673,0.9433981132056605,0.0,41.31234682271148,5.766281297335398,hard,0.15230747662826433,0.13948087510931526,0.32731899114272894,0.22641090023780136
0.0,0.0,43.16148712378523,0.15807591265371018,0.46543243667011813,0.9433981132056605,0.9433981132056605,0.4358898943540673,0.9433981132056605,0.0,36.77699688664098,5.766281297335398,hard,0.15228121547261733,0.13970929837948057,0.3297602101105491,0.2318496452543042
0.0,0.0,30.925791352512622,0.15895996896401834,0.4640825315305562,0.9433981132056605,0.9433981132056605,0.4358898943540673,0.9433981132056605,0.0,29.951460732324893,5.766281297335398,hard,0.15231359842616346,0.13996539505037325,0.33126137855237986,0.23540202243848096
0.0,0.0,39.041699138774355,0.15992983008603298,0.46357097369508177,0.9630680142129111,0.9630680142129111,0.4358898943540673,0.9630680142129111,0.0,36.31180937381116,5.766281297335398,hard,0.15251957536633234,0.14014039036129872,0.33197015023978793,0.23770088002835096
0.0,0.0,46.4378226672047,0.1600645534499187,0.4630180627980133,0.9273618495495703,0.9273618495495702,0.4358898943540673,0.9273618495495702,0.0,44.39695935534325,5.766281297335398,hard,0.15275898373793026,0.14023463276949066,0.32971333829301125,0.24103249595448425
0.0,0.0,49.55137904887721,0.15999271721081276,0.43666569653495196,0.9420721840708386,0.9420721840708386,0.4358898943540673,0.9420721840708386,0.0,38.950577659387804,5.766281297335398,hard,0.15300902900984942,0.14077327618799504,0.3297939163304837,0.24374208717704635
0.0,0.0,35.88801345632353,0.1614138412100236,0.4365405194071368,0.9420721840708386,0.9420721840708386,0.4358898943540673,0.9420721840708386,0.0,35.58971059168647,5.766281297335398,hard,0.1533245118224562,0.14132696242271062,0.3309863085629505,0.24709404227023496
0.0,0.0,50.47759600708027,0.16177202212207126,0.4360315372584297,0.852936105461599,0.852936105461599,0.4358898943540673,0.852936105461599,0.0,42.246745436778916,5.766281297335398,hard,0.15354061010688388,0.14160009988034997,0.32722614437279546,0.25239874443459037
0.0,0.0,41.61490534882824,0.1627187121442296,0.4343900225432531,0.852936105461599,0.852936105461599,0.4358898943540673,0.852936105461599,0.0,32.45223412956341,5.766281297335398,hard,0.15380969979741219,0.1418500194800211,0.32715373492299793,0.25684378091817456
0.0,0.0,33.61217193197729,0.1631733222335831,0.43407808466705355,0.852936105461599,0.852936105461599,0.4358898943540673,0.852936105461599,0.0,33.932432862970494,5.766281297335398,hard,0.15382632595683068,0.14188548593782702,0.32648120946521914,0.259192277207128
0.0,0.0,53.79433005377891,0.164837286995645,0.43282734385841387,0.852936105461599,0.852936105461599,0.4358898943540673,0.852936105461599,0.0,54.076311819501896,5.766281297335398,hard,0.15382632595683068,0.14232790195830713,0.32698750522587317,0.26454057833021816
0.0,0.0,52.594579367634765,0.1657640535714832,0.43214233013542475,0.852936105461599,0.852936105461599,0.4358898943540673,0.852936105461599,0.0,42.05148629953524,5.766281297335398,hard,0.15391612176557506,0.14272443824321018,0.326305307805176,0.2674837796324867
0.0,0.0,33.32516607747614,0.16648532383756037,0.43203527498105,0.852936105461599,0.852936105461599,0.4358898943540673,0.852936105461599,0.0,27.54922866433832,5.766281297335398,hard,0.1539556677129382,0.1433557009516283,0.3266903644055664,0.26913842268771937
0.0,0.0,33.75858732824258,0.167582841080412,0.4313733469594862,0.852936105461599,0.852936105461599,0.4358898943540673,0.852936105461599,0.0,32.72747316857811,5.766281297335398,hard,0.1541000316192045,0.1432493401941549,0.32761554278409266,0.27325649450475914
0.0,0.0,36.47401217268837,0.16887350353412495,0.4313185479185693,0.852936105461599,0.852936105461599,0.4358898943540673,0.852936105461599,0.0,35.234748473630404,5.766281297335398,hard,0.15423744605726417,0.1429293532717428,0.3283461053827666,0.27889297568915017
0.0,0.0,31.213209766894963,0.1699775944460928,0.43125534432930807,0.852936105461599,0.852936105461599,0.4358898943540673,0.852936105461599,0.0,31.25775903675758,5.766281297335398,hard,0.15426146247169112,0.1424026603431373,0.32927604210003736,0.2835439734807312
0.0,0.0,40.907629126976765,0.17142984378205453,0.4300403948463165,0.852936105461599,0.852936105461599,0.4358898943540673,0.852936105461599,0.0,40.97789038005739,5.766281297335398,hard,0.1543340219199886,0.14241728016206123,0.3302622785780404,0.28776461558776456
0.0,0.0,42.933071134621386,0.17311284739698954,0.42957580728219535,0.852936105461599,0.852936105461599,0.4358898943540673,0.852936105461599,0.0,42.529137070954064,5.766281297335398,hard,0.15450629834340765,0.14234682429778744,0.3320627397055502,0.29229204081979004
0.0,0.0,49.031715657188364,0.17496105497326878,0.42896380089206754,0.852936105461599,0.852936105461599,0.4358898943540673,0.852936105461599,0.0,48.955362321200326,5.766281297335398,hard,0.15475812865247388,0.14305803222979233,0.333110916177111,0.29880727802310225
0.0,0.0,40.752363175307465,0.1772473483004656,0.42780247984725567,0.852936105461599,0.852936105461599,0.4358898943540673,0.852936105461599,0.0,40.03732633430959,5.766281297335398,hard,0.15478400690840213,0.14372071014969334,0.334882529875975,0.30545920766685947
0.0,0.0,28.064953577594938,0.1784895592570546,0.4266290019527195,0.852936105461599,0.852936105461599,0.4358898943540673,0.852936105461599,0.0,28.331740151286155,5.766281297335398,hard,0.1548360158955937,0.14384958188177005,0.33604886170394993,0.3087067972160032
0.0,0.0,29.649229852461072,0.1796228340852912,0.4264905273684492,0.852936105461599,0.852936105461599,0.4358898943540673,0.852936105461599,0.0,29.41921141023328,5.766281297335398,hard,0.1548360158955937,0.1439747397173091,0.3374211195397838,0.3128041954548954
0.0,0.0,27.677165612721733,0.18086400108518014,0.42507533926599506,0.852936105461599,0.852936105461599,0.4358898943540673,0.852936105461599,0.0,27.317164933426014,5.766281297335398,hard,0.1548360158955937,0.14407688522549333,0.33881056427226103,0.31606416820970396
0.0,0.0,24.32530716559146,0.18199090211490482,0.4248093877256718,0.852936105461599,0.852936105461599,0.4358898943540673,0.852936105461599,0.0,25.006549142174737,5.766281297335398,hard,0.15486214654206557,0.14414870105342004,0.3409686996257866,0.3184476779350413
0.0,0.0,23.746346930625343,0.1831276796749497,0.42361872101982145,0.852936105461599,0.852936105461599,0.4358898943540673,0.852936105461599,0.0,23.559446088564986,5.766281297335398,hard,0.15486214654206557,0.14424229943663153,0.3430496913899674,0.32102339882422254
0.0,0.0,25.6873724871796,0.18428377983978197,0.4225245748572072,0.852936105461599,0.852936105461599,0.4358898943540673,0.852936105461599,0.0,25.570050840778553,5.766281297335398,hard,0.15486214654206557,0.14431681454710107,0.34431186001408015,0.32447030146533407
0.0,0.0,29.300436059913537,0.18547954814233322,0.421717125967724,0.852936105461599,0.852936105461599,0.4358898943540673,0.852936105461599,0.0,29.050989656120148,5.766281297335398,hard,0.15486214654206557,0.14454068162430417,0.34553155177893446,0.3276446578004784
0.0,0.0,43.1850279445345,0.18611809409829488,0.4522791539738662,0.9165151389911681,0.9165151389911681,0.47696960070847283,0.9165151389911681,0.0,32.77102378626582,5.766281297335398,hard,0.15486214654206557,0.14487228894604537,0.34753305965219344,0.3302233810849005
0.0,0.0,39.60546539993435,0.18613296866449713,0.4367478284253459,0.9165151389911681,0.9165151389911681,0.47696960070847283,0.9165151389911681,0.0,37.7325787615954,5.766281297335398,hard,0.15486214654206557,0.14543862377605152,0.3478676964227226,0.33264481936791424
0.0,0.0,48.20178198616464,0.18534183282190067,0.41944018336705724,0.8660254037844386,0.8660254037844386,0.47696960070847283,0.8660254037844386,0.0,42.9244685465062,5.766281297335398,hard,0.15486214654206557,0.1454907715915595,0.3437778434514,0.3342149186124378
0.0,0.0,29.293816075847772,0.18539336572832288,0.411059464298538,0.9205976319760985,0.9205976319760985,0.47696960070847283,0.9205976319760985,0.0,27.962296043064846,5.766281297335398,hard,0.15486214654206557,0.14511370766933768,0.3419513667214843,0.336468084007684
0.0,0.0,40.797050111970094,0.1835396049587224,0.3716589183934609,0.7921489758877429,0.7921489758877429,0.47696960070847283,0.7921489758877429,0.0,35.09597555276103,5.766281297335398,hard,0.15502069387319636,0.14417438354496093,0.33303964064719926,0.33821231891833187
0.0,0.0,42.12348467390546,0.18172586289498263,0.3484000491301134,0.7921489758877429,0.7921489758877429,0.47696960070847283,0.7921489758877429,0.0,42.961930822531706,5.766281297335398,hard,0.155155121197371,0.14333680880481023,0.3300554117256276,0.3384187128796312
0.0,0.0,31.165002444004077,0.18088542606877292,0.32713134105692226,0.7921489758877429,0.7921489758877429,0.47696960070847283,0.7921489758877429,0.0,30.77901070534919,5.766281297335398,hard,0.15516784883320406,0.14300529694706382,0.32927338640424386,0.3388122527391958
0.0,0.0,21.73904388481229,0.180568678574755,0.30556144706212013,0.7921489758877429,0.7921489758877429,0.47696960070847283,0.7921489758877429,0.0,21.45757442023678,5.766281297335398,hard,0.15516784883320406,0.14286977326505165,0.3285212350073569,0.33917900051734357
0.0,0.0,28.958432651783056,0.18005460496441328,0.28554669252959314,0.7921489758877429,0.7921489758877429,0.47696960070847283,0.7921489758877429,0.0,24.898594337833615,5.766281297335398,hard,0.15516784883320406,0.14271859781091895,0.3277659958680681,0.3402623352329424
0.0,0.0,28.419020800122947,0.17942209911332455,0.26548885206162176,0.7921489758877429,0.7921489758877429,0.47696960070847283,0.7921489758877429,0.0,28.089143810376278,5.766281297335398,hard,0.15518280794746947,0.14264556586038954,0.3274682679311689,0.3409802374287491
0.0,0.0,20.88733443562351,0.17949909761936927,0.24817852887446568,0.7921489758877429,0.7921489758877429,0.47696960070847283,0.7921489758877429,0.0,20.51456799447651,5.766281297335398,hard,0.15518280794746947,0.14258867517555573,0.32811846207692835,0.342152271716619
0.0,0.0,53.818516046696,0.17843796811167403,0.23046147356072821,0.7921489758877429,0.7921489758877429,0.47696960070847283,0.7921489758877429,0.0,50.82951898257547,5.766281297335398,hard,0.15518280794746947,0.14255812105470392,0.3249047990017945,0.34311919866264773
0.0,0.0,35.2901710550695,0.17814909266256373,0.21474676597852377,0.7921489758877429,0.7921489758877429,0.47696960070847283,0.7921489758877429,0.0,35.43906742565329,5.766281297335398,hard,0.15526468968632606,0.14255812105470392,0.32383937957164943,0.3445308087412178
0.0,0.0,22.208277300805445,0.17771594474207064,0.20214923339423405,0.7921489758877429,0.7921489758877429,0.47696960070847283,0.7921489758877429,0.0,22.463525992150032,5.766281297335398,hard,0.15529215045228495,0.14250919440681922,0.3224069626077387,0.34526077146907536
0.0,0.0,38.26569853107717,0.17697436871800915,0.191516612677576,0.7921489758877429,0.7921489758877429,0.47696960070847283,0.7921489758877429,0.0,28.058153895080125,5.766281297335398,hard,0.15529215045228495,0.14254481347216297,0.3205423814730513,0.34606937664716114
0.0,0.0,50.415257088039475,0.17622846531867944,0.18375135303624768,0.7921489758877429,0.7921489758877429,0.47696960070847283,0.7921489758877429,0.0,30.4799524277844,5.766281297335398,hard,0.15529215045228495,0.1425867120138707,0.31934466064965805,0.34728845105639683
0.0,0.0,37.432306884868765,0.1753580425568209,0.17672298696324865,0.7921489758877429,0.7921489758877429,0.47696960070847283,0.7921489758877429,0.0,36.53967022292347,5.766281297335398,hard,0.15529215045228495,0.14253785855990067,0.3177682404984239,0.34842571718503895
0.0,0.0,27.101807730829137,0.17520789499708594,0.17107004132460676,0.7921489758877429,0.7921489758877429,0.47696960070847283,0.7921489758877429,0.0,26.944155210360556,5.766281297335398,hard,0.15529215045228495,0.14259492397272847,0.3171843836244038,0.3496788187058947
0.0,0.0,17.02046732989301,0.17526595770747422,0.16972455771806252,0.7921489758877429,0.7921489758877429,0.47696960070847283,0.7921489758877429,0.0,16.411200443599487,5.766281297335398,hard,0.15529215045228495,0.1425797306960018,0.3167791010376734,0.3505344501428265
0.0,0.0,23.768807100401563,0.1754186783960616,0.16886622327561174,0.7921489758877429,0.7921489758877429,0.47696960070847283,0.7921489758877429,0.0,23.277618005285678,5.766281297335398,hard,0.15529215045228495,0.1423901616759029,0.31651022707531634,0.3516694120042161
0.0,0.0,15.116987388474964,0.17574750765808286,0.16828265639192974,0.7921489758877429,0.7921489758877429,0.47696960070847283,0.7921489758877429,0.0,14.620191517213446,5.766281297335398,hard,0.15529215045228495,0.14233480612523872,0.3164688522311203,0.35332683088556016
0.0,0.0,16.709601842094916,0.17614904686445412,0.1675301137211494,0.7921489758877429,0.7921489758877429,0.47696960070847283,0.7921489758877429,0.0,16.304830572563457,5.766281297335398,hard,0.15529215045228495,0.14210308025917273,0.31650395852933816,0.35514968232886973
0.0,0.0,36.36727282036561,0.17669841953106533,0.16713088049278255,0.7921489758877429,0.7921489758877429,0.47696960070847283,0.7921489758877429,0.0,35.69369692256603,5.766281297335398,hard,0.15529215045228495,0.14168196071706463,0.3166357613817334,0.3573815264342424
0.0,0.0,48.75270109108822,0.1773345676386595,0.16529532401781055,0.7921489758877429,0.7921489758877429,0.47696960070847283,0.7921489758877429,0.0,35.572847791538976,5.766281297335398,hard,0.15529215045228495,0.14146836881558844,0.3171248912308904,0.3593160769345736
0.0,0.0,33.0023501328291,0.17780106352862984,0.1647830911695136,0.7921489758877429,0.7921489758877429,0.47696960070847283,0.7921489758877429,0.0,33.89896753589996,5.766281297335398,hard,0.15529215045228495,0.1413482138614152,0.31778701157678707,0.3601604811334534
0.0,0.0,21.73204578141523,0.17856033647143743,0.16429539869700102,0.7921489758877429,0.7921489758877429,0.47696960070847283,0.7921489758877429,0.21794494717703367,20.92098229051399,5.766281297335398,hard,0.15529215045228495,0.14128854197843477,0.31831200087642786,0.36195147650684006
0.0,0.0,36.8330219171111,0.17817770631559202,0.1288920725794625,0.7810249675906654,0.7810249675906655,0.47696960070847283,0.7810249675906655,2.8332843133014376,32.25461207331442,5.766281297335398,hard,0.15529215045228495,0.14128721100578856,0.3163041894058029,0.36130626440671254
0.0,0.0,46.766138689082574,0.17779058609812032,0.11255548890604809,0.7483314773547882,0.7483314773547883,0.47696960070847283,0.7483314773547883,2.8332843133014376,40.6701364639953,5.766281297335398,hard,0.15529215045228495,0.14131258628380733,0.3151939252878533,0.35767160353258365
0.0,0.0,31.139540651926485,0.1774430138160794,0.09355953520751259,0.7483314773547882,0.7483314773547883,0.47696960070847283,0.7483314773547883,2.8332843133014376,27.95152053109097,5.766281297335398,hard,0.15529215045228495,0.1414007932579581,0.31386433729669233,0.35607929959032414
0.0,0.0,26.497423583440497,0.17692120555143273,0.07828309128135436,0.7483314773547882,0.7483314773547883,0.47696960070847283,0.7483314773547883,2.8332843133014376,26.35616626142733,5.766281297335398,hard,0.15529215045228495,0.1414007932579581,0.31179840214858134,0.35481917328650425
0.0,0.0,28.913666830520103,0.17643892460601132,0.06356314962845204,0.7483314773547882,0.7483314773547883,0.47696960070847283,0.7483314773547883,2.8332843133014376,28.34801580357962,5.766281297335398,hard,0.15529215045228495,0.141403812647214,0.3099652887332496,0.3535531145831029
0.0,0.0,29.886985097245702,0.176140298684907,0.051773168935507693,0.7483314773547882,0.7483314773547883,0.47696960070847283,0.7483314773547883,2.8332843133014376,30.55912302406599,5.766281297335398,hard,0.15529215045228495,0.14142745303713125,0.30915595222076103,0.35227070475112704
0.0,0.0,28.191496528603547,0.17606024255927358,0.04503773307320733,0.7483314773547882,0.7483314773547883,0.47696960070847283,0.7483314773547883,2.8332843133014376,27.752477366894656,5.766281297335398,hard,0.15529215045228495,0.1414631399796704,0.30823575904428785,0.3519871994048927
0.0,0.0,24.99577052695757,0.17629256824320957,0.04406751552609035,0.7483314773547882,0.7483314773547883,0.47696960070847283,0.7483314773547883,2.8332843133014376,24.675088652323012,5.766281297335398,hard,0.15529215045228495,0.14150720869979308,0.30837584490213465,0.35156264006612165
0.0,0.0,17.765229090940952,0.17639037369861635,0.04406751552609035,0.7483314773547882,0.7483314773547883,0.47696960070847283,0.7483314773547883,2.8332843133014376,16.80319910017137,5.766281297335398,hard,0.15529215045228495,0.14153253380769804,0.3083024732402868,0.35171773269374107
0.0,0.0,20.471751074445365,0.1763477972214094,0.04406751552609035,0.7483314773547882,0.7483314773547883,0.47696960070847283,0.7483314773547883,2.8332843133014376,20.046134290680584,5.766281297335398,hard,0.15529215045228495,0.14153253380769804,0.3073872143880053,0.35146807184826934
0.0,0.0,37.49052598108344,0.17542122841497407,0.04406751552609035,0.7483314773547882,0.7483314773547883,0.47696960070847283,0.7483314773547883,2.8332843133014376,37.07357549522301,5.766281297335398,hard,0.15529215045228495,0.1413804668614531,0.30408871272074023,0.35029619509392523
0.0,0.0,28.449908176575082,0.17493368091856315,0.04406751552609035,0.7483314773547882,0.7483314773547883,0.47696960070847283,0.7483314773547883,2.8332843133014376,27.952638515889696,5.766281297335398,hard,0.15529215045228495,0.14113127059281386,0.3022145798154319,0.3496414807149268
0.0,0.0,24.30865990414907,0.17424538396033498,0.04406751552609035,0.7483314773547882,0.7483314773547883,0.47696960070847283,0.7483314773547883,2.8332843133014376,24.273442277518036,5.766281297335398,hard,0.15529215045228495,0.14034558045039808,0.29937864024364697,0.3490172978206097
0.0,0.0,32.58596180075263,0.17333943893836373,0.04247173253531084,0.7483314773547882,0.7483314773547883,0.47696960070847283,0.7483314773547883,2.8332843133014376,31.599683542719223,5.766281297335398,hard,0.15529215045228495,0.13929490159748298,0.2964894037881759,0.3489926548008456
0.0,0.0,32.658844377947204,0.17269618953435742,0.020840254953855164,0.7483314773547882,0.7483314773547883,0.47696960070847283,0.7483314773547883,2.8332843133014376,28.44116734594415,5.766281297335398,hard,0.15523785416191577,0.13785065905730906,0.29415442290384686,0.34884958573305963
0.0,0.0,30.645543693769337,0.1715159766703179,0.0008951592828142761,0.7483314773547882,0.7483314773547883,0.47696960070847283,0.7483314773547883,2.8332843133014376,30.754308641229446,5.766281297335398,hard,0.15505046581896761,0.13613560352411624,0.2914150972204737,0.34855813345566095
0.0,0.0,37.992229725363245,0.17000952649006593,0.0,0.7483314773547882,0.7483314773547883,0.47696960070847283,0.7483314773547883,2.8332843133014376,37.99457198074483,5.766281297335398,hard,0.15466285041773772,0.1335746579168494,0.2883019045198789,0.34842146747417707
0.0,0.0,36.62165271363531,0.16863195510263712,0.0,0.7483314773547882,0.7483314773547883,0.47696960070847283,0.7483314773547883,2.8332843133014376,35.6068462518095,5.766281297335398,hard,0.15431831818451305,0.13136731659117945,0.2865700882794375,0.34902544068939173
0.0,0.0,44.86521152782567,0.16732091451359443,0.0,0.7483314773547882,0.7483314773547883,0.47696960070847283,0.7483314773547883,2.8332843133014376,44.88928045758809,5.766281297335398,hard,0.15344726935352057,0.1298618723843027,0.2843064773703379,0.3500482598058919
0.0,0.0,38.848046380479964,0.16641315018428376,0.0,0.7483314773547882,0.7483314773547883,0.47696960070847283,0.7483314773547883,2.8332843133014376,29.761720380381234,5.766281297335398,hard,0.15344726935352057,0.1288994480236126,0.2832592305322055,0.35123913373932975
0.0,0.0,58.27823572419206,0.16508420290492135,0.0,0.792148975887743,0.792148975887743,0.47696960070847283,0.792148975887743,2.8332843133014376,48.30784097845814,5.766281297335398,hard,0.15255701484180184,0.12852715291239064,0.28012365843728704,0.35282042675618075
0.0,0.0,27.89815062761919,0.16463544424223733,0.0,0.792148975887743,0.792148975887743,0.47696960070847283,0.792148975887743,2.8332843133014376,26.82885573407856,5.766281297335398,hard,0.1523204770190354,0.1282814053316105,0.2786762415490099,0.3529898563167082
0.0,0.0,39.48517046081594,0.16468631831422825,0.0,0.7483314773547882,0.7483314773547883,0.47696960070847283,0.8888194417315589,0.0,31.619416503155147,5.766281297335398,hard,0.1523204770190354,0.12838417765794247,0.2775182094374217,0.353653400142239
0.0,0.0,24.26429624996147,0.1646734090384789,0.0,0.7483314773547882,0.7483314773547883,0.47696960070847283,0.8888194417315589,0.0,23.386908731168386,5.766281297335398,hard,0.1523204770190354,0.12838417765794247,0.27716166364081907,0.3547288142939236
0.0,0.0,37.622135690548085,0.16468441641004658,0.0,0.7262919523166975,0.7262919523166975,0.47696960070847283,0.864580823289529,0.0,34.21768548572507,5.766281297335398,hard,0.1523204770190354,0.12838829753589465,0.27662395322803773,0.3532454630155523
0.0,0.0,49.110679614362276,0.16247071876226388,0.0,0.6324555320336759,0.6324555320336759,0.47696960070847283,0.7681145747868608,0.0,41.76418920558616,5.766281297335398,hard,0.1523204770190354,0.12838829753589465,0.2736866757799422,0.34856947139031746
0.0,0.0,49.28417546689025,0.1602067992677906,0.0,0.6324555320336759,0.6324555320336759,0.47696960070847283,0.7681145747868608,0.0,39.185584083945976,5.766281297335398,hard,0.1523204770190354,0.12838829753589465,0.26884050985251307,0.3454196152616824
0.0,0.0,39.06724613753171,0.15781896992427563,0.0,0.6324555320336759,0.6324555320336759,0.47696960070847283,0.7681145747868608,0.0,36.396806178564624,5.766281297335398,hard,0.1523204770190354,0.12838829753589465,0.26381024004180154,0.3420479758129733
0.0,0.0,32.25358085476057,0.15632761139917498,0.0,0.6324555320336759,0.6324555320336759,0.47696960070847283,0.7681145747868608,0.0,28.74439075715469,5.766281297335398,hard,0.1523204770190354,0.12840416907226915,0.26040862528799746,0.3410057413357763
0.0,0.0,37.809229174407925,0.15421688021978158,0.0,0.6324555320336759,0.6324555320336759,0.47696960070847283,0.7681145747868608,0.0,37.80357125986909,5.766281297335398,hard,0.1523204770190354,0.12841225062349637,0.255013897696619,0.3389385458327072
0.0,0.0,42.37609032088668,0.15209927806800294,0.0,0.6324555320336759,0.6324555320336759,0.47696960070847283,0.7681145747868608,0.0,41.57219623738924,5.766281297335398,hard,0.1523204770190354,0.12841225062349637,0.24950304897154393,0.33673087419278225
0.0,0.0,42.30224783772122,0.15067746167373822,0.0,0.6324555320336759,0.6324555320336759,0.47696960070847283,0.7681145747868608,0.0,41.503493828833264,5.766281297335398,hard,0.1523204770190354,0.12842870520029487,0.24489053904628336,0.3356637825293478
0.0,0.0,31.58776410935392,0.1502344790893858,0.0,0.6324555320336759,0.6324555320336759,0.47696960070847283,0.7681145747868608,0.0,30.838733761294414,5.766281297335398,hard,0.1523204770190354,0.12842870520029487,0.24277213813636306,0.335770212535556
0.0,0.0,30.57677860715482,0.14964429381138836,0.0,0.6324555320336759,0.6324555320336759,0.47696960070847283,0.7681145747868608,0.0,29.416789423728755,5.766281297335398,hard,0.1523204770190354,0.1284455482847197,0.24008482633734302,0.33571323024105065
0.0,0.0,32.987612405607166,0.14872344785676483,0.0,0.6324555320336759,0.6324555320336759,0.47696960070847283,0.7681145747868608,0.0,33.73114288013379,5.766281297335398,hard,0.1523204770190354,0.12847154102793332,0.23637815105640325,0.3352714569274878
0.0,0.0,60.98218680895348,0.14632092738957783,0.0,0.6324555320336759,0.6324555320336759,0.47696960070847283,0.7681145747868608,0.0,60.22250409938132,5.766281297335398,hard,0.1523204770190354,0.12865380383437008,0.22899577572506236,0.3324024905124427
0.0,0.0,34.58135239066376,0.14513724847093804,0.0,0.6324555320336759,0.6324555320336759,0.47696960070847283,0.7681145747868608,0.0,35.05064193420714,5.766281297335398,hard,0.1523204770190354,0.12865380383437008,0.22472268539689202,0.33151447129680806
0.0,0.0,22.98967567901136,0.1455450488592613,0.0,0.6324555320336759,0.6324555320336759,0.47696960070847283,0.7681145747868608,0.0,23.08565571951553,5.766281297335398,hard,0.1523204770190354,0.12874311136948446,0.22541558774161852,0.3316803869663761
0.0,0.0,25.773762730523416,0.14624203561997032,0.0,0.6324555320336759,0.6324555320336759,0.47696960070847283,0.7681145747868608,0.0,25.361387974635775,5.766281297335398,hard,0.1523204770190354,0.12886475858826635,0.22604529148177005,0.33214002393433867
0.0,0.0,17.91065409218927,0.1466536275409428,0.0,0.6324555320336759,0.6324555320336759,0.47696960070847283,0.7681145747868608,0.0,17.286121600868135,5.766281297335398,hard,0.1523204770190354,0.12888440838563583,0.2265990927047926,0.3322020002135885
0.0,0.0,28.594383288560643,0.14539373080384252,0.0,0.6324555320336759,0.6324555320336759,0.47696960070847283,0.7681145747868608,0.0,29.759830308656,5.766281297335398,hard,0.1523204770190354,0.12888440838563583,0.22282303320458227,0.3315249087920803
0.0,0.0,31.26375514577154,0.14439751703241505,0.0,0.6324555320336759,0.6324555320336759,0.47696960070847283,0.7681145747868608,0.0,31.153290355915857,5.766281297335398,hard,0.1523204770190354,0.12884056407838906,0.21989637807650156,0.3312384161635542
0.0,0.0,40.0625802214689,0.14352260668975655,0.0,0.6324555320336759,0.6324555320336759,0.47696960070847283,0.7681145747868608,0.0,33.302402315748935,5.766281297335398,hard,0.1523204770190354,0.12866600632826217,0.21646973357956933,0.3320455603626296
0.0,0.0,29.49460013917875,0.1426921124067371,0.0,0.6324555320336759,0.6324555320336759,0.47696960070847283,0.7681145747868608,0.0,28.077526600468214,5.766281297335398,hard,0.1523204770190354,0.12857922030810784,0.21448983142276815,0.3325094073930866
0.0,0.0,28.15133336507397,0.14174994228603593,0.0,0.6324555320336759,0.6324555320336759,0.47696960070847283,0.7681145747868608,0.0,29.218957886961,5.766281297335398,hard,0.1523204770190354,0.12815024538234154,0.2132138362242129,0.3340433065258276
0.0,0.0,37.48693829261242,0.14085056341912694,0.0,0.6324555320336759,0.6324555320336759,0.47696960070847283,0.7681145747868608,0.0,24.80302400918082,5.766281297335398,hard,0.1523204770190354,0.12789684845361515,0.21140310395519707,0.3334177944710264
0.0,0.0,23.340422885740143,0.13996767417665124,0.0,0.6324555320336759,0.6324555320336759,0.47696960070847283,0.7681145747868608,0.0,22.286486937155438,5.766281297335398,hard,0.1523204770190354,0.12756367558532963,0.21014471010526925,0.33453996600188796
0.0,0.0,40.04677002176172,0.13846490747578258,0.0,0.653834841531101,0.653834841531101,0.47696960070847283,0.7664854858377946,0.0,34.760430089399065,5.766281297335398,hard,0.1523204770190354,0.12713418728565115,0.20705923855961167,0.3337603403581492
0.0,0.0,45.45921868869032,0.136954906674591,0.0,0.653834841531101,0.653834841531101,0.47696960070847283,0.7664854858377946,0.0,44.6772872945527,5.766281297335398,hard,0.1523204770190354,0.12659820456716986,0.20241059424829186,0.333531425521333
0.0,0.0,54.533541819339916,0.13554952433955264,0.0,0.6,0.6,0.47696960070847283,0.714142842854285,0.0,51.82323320673846,5.766281297335398,hard,0.1523204770190354,0.12557464552352976,0.19883232463577574,0.3313829980478339
0.0,0.0,44.495330655032745,0.1336450451670353,0.0,0.5361902647381804,0.5361902647381804,0.47696960070847283,0.653834841531101,0.0,41.48912508115831,5.766281297335398,hard,0.1523204770190354,0.12499844805102214,0.19417111899629033,0.3279596444568558
0.0,0.0,49.62351730955628,0.13258318733059543,0.0,0.5361902647381804,0.5361902647381804,0.47696960070847283,0.653834841531101,0.0,38.499188303131795,5.766281297335398,hard,0.1523204770190354,0.12446546744950407,0.19077120912500892,0.32792532649144773
0.0,0.0,47.37218975700898,0.13170653582149594,0.0,0.5361902647381804,0.5361902647381804,0.47696960070847283,0.653834841531101,0.0,47.28030774011523,5.766281297335398,hard,0.1523204770190354,0.12439794663362395,0.18646800287400758,0.32589552160597796
0.0,0.0,52.436916563074384,0.130899920349217,0.0,0.5361902647381804,0.5361902647381804,0.47696960070847283,0.653834841531101,0.0,48.62663878986497,5.766281297335398,hard,0.1523204770190354,0.12426399878430158,0.1837017429557108,0.3241689250113812
0.0,0.0,49.330178667576845,0.12956107471745676,0.0,0.5361902647381804,0.5361902647381804,0.47696960070847283,0.653834841531101,0.0,45.346885229307645,5.766281297335398,hard,0.1523204770190354,0.12423074012357106,0.17962766775428937,0.3211633952635759
0.0,0.0,35.29470391285935,0.12834312385160493,0.0,0.5361902647381804,0.5361902647381804,0.47696960070847283,0.653834841531101,0.0,35.93087112776421,5.766281297335398,hard,0.1523204770190354,0.12439172486240942,0.17722270005997534,0.31870779164331486
0.0,0.0,25.855380266457388,0.12746903137694857,0.0,0.5361902647381804,0.5361902647381804,0.47696960070847283,0.653834841531101,0.0,24.817080811408903,5.766281297335398,hard,0.1523204770190354,0.12429469128127546,0.1763993727222281,0.3168728419816345
0.0,0.0,29.476431098881616,0.12714872988588133,0.0,0.5361902647381804,0.5361902647381804,0.47696960070847283,0.653834841531101,0.0,28.021911069732553,5.766281297335398,hard,0.1523204770190354,0.1242483411292464,0.17600766452543032,0.3151744950201391
0.0,0.0,22.88047986696537,0.12677496145004447,0.0,0.5361902647381804,0.5361902647381804,0.47696960070847283,0.653834841531101,0.0,22.410042391749286,5.766281297335398,hard,0.1523204770190354,0.12426509329766067,0.1758294537746334,0.3133843021650025
0.0,0.0,30.490985497083162,0.12635932762342308,0.0,0.5361902647381804,0.5361902647381804,0.47696960070847283,0.653834841531101,0.0,29.249786324005854,5.766281297335398,hard,0.1523204770190354,0.12428819527606685,0.1758185763231637,0.3120498170916551
0.0,0.0,20.29712259384193,0.12612043537929699,0.0,0.5361902647381804,0.5361902647381804,0.47696960070847283,0.653834841531101,0.0,20.183904478569055,5.766281297335398,hard,0.1523204770190354,0.1242105156212876,0.17555604595187022,0.3112648305190106
0.0,0.0,26.44128726394274,0.12608974677936216,0.0,0.5361902647381804,0.5361902647381804,0.47696960070847283,0.653834841531101,0.0,24.76408690018673,5.766281297335398,hard,0.1523204770190354,0.12390711856687252,0.17539659130380297,0.310869029680175
0.0,0.0,6.453668931807968,0.12602354993688444,0.0,0.5361902647381804,0.5361902647381804,0.47696960070847283,0.653834841531101,0.0,6.17332973362026,5.766281297335398,hard,0.1523204770190354,0.12390711856687252,0.17540150536190116,0.3102130813504787
0.0,0.0,21.276193811759658,0.12577273910517578,0.0,0.5361902647381804,0.5361902647381804,0.47696960070847283,0.653834841531101,0.0,20.38479825752514,5.766281297335398,hard,0.1523204770190354,0.12395182121790346,0.17556564723057833,0.30849717537095345
0.0,0.0,19.20642062925876,0.12575337617690505,0.0,0.5361902647381804,0.5361902647381804,0.47696960070847283,0.653834841531101,0.0,19.732207175072936,5.766281297335398,hard,0.1523204770190354,0.12395182121790346,0.17589848408341857,0.30720238696650876
0.0,0.0,15.24971545111945,0.1256720373980794,0.0,0.5361902647381804,0.5361902647381804,0.47696960070847283,0.653834841531101,0.0,15.148927354766741,5.766281297335398,hard,0.1523204770190354,0.12395182121790346,0.17612936372590013,0.3058646531805544
0.0,0.0,10.492990882745719,0.12571119169179215,0.0,0.5361902647381804,0.5361902647381804,0.47696960070847283,0.653834841531101,0.0,10.625911725588539,5.766281297335398,hard,0.1523204770190354,0.12395182121790346,0.17651149310683487,0.3054214691543067
0.0,0.0,11.789735855474103,0.12563717031792726,0.0,0.5361902647381804,0.5361902647381804,0.47696960070847283,0.653834841531101,0.0,11.946861512547972,5.766281297335398,hard,0.1523204770190354,0.12395182121790346,0.17688869776102514,0.304787392208581
0.0,0.0,18.89597523941432,0.12568597998815823,0.0,0.5361902647381804,0.5361902647381804,0.47696960070847283,0.653834841531101,0.0,18.962067397834026,5.766281297335398,hard,0.1523204770190354,0.12395182121790346,0.17721878194403662,0.3036907672026334
0.0,0.0,6.095552792767466,0.1256488796687314,0.0,0.5361902647381804,0.5361902647381804,0.47696960070847283,0.653834841531101,0.0,4.748420790115382,5.766281297335398,hard,0.1523204770190354,0.12395182121790346,0.17732214575114788,0.3033762535463835
0.0,0.0,13.308246633606428,0.12562722678479563,0.0,0.5361902647381804,0.5361902647381804,0.47696960070847283,0.653834841531101,0.0,13.294641777799054,5.766281297335398,hard,0.1523204770190354,0.12395182121790346,0.17771087549538384,0.30274485026033887
0.0,0.0,8.13975081719287,0.12562394130399884,0.0,0.5361902647381804,0.5361902647381804,0.47696960070847283,0.653834841531101,0.0,7.628073151196179,5.766281297335398,hard,0.1523204770190354,0.12395182121790346,0.177807616968247,0.3021155281638462
0.0,0.0,14.407026321042027,0.12616350322413214,0.0,0.6,0.6,0.47696960070847283,0.7999999999999999,0.0,14.874810923168067,5.766281297335398,hard,0.15173525292482948,0.12395182121790346,0.17809008114903319,0.3021155281638462
0.0,0.0,1.9443785015339916,0.1261634930568548,0.0,0.6,0.6,0.47696960070847283,0.7999999999999999,0.0,1.3076696830622023,5.766281297335398,hard,0.15173525292482948,0.12395182121790346,0.17809008114903319,0.3020927380039553
0.0,0.0,5.832591101048687,0.12616353521165027,0.0,0.6,0.6,0.47696960070847283,0.7999999999999999,0.0,1.525614630239236,5.766281297335398,hard,0.15173525292482948,0.12395182121790346,0.1781181730318072,0.30202459007695553
0.0,0.0,4.514113087697848,0.12616353521165027,0.0,0.6,0.6,0.47696960070847283,0.7999999999999999,0.0,0.0,5.766281297335398,hard,0.15173525292482948,0.12395182121790346,0.1781181730318072,0.30202459007695553
0.0,0.0,27.184726110540176,0.12585972542765464,0.0,0.6224949798994366,0.6224949798994366,0.47696960070847283,0.8046738469715542,0.0,21.548259790526014,5.766281297335398,hard,0.15173525292482948,0.12395182121790346,0.1781751611763589,0.29933648360474163
0.0,0.0,14.854138475327485,0.12565297887189675,0.0,0.6224949798994366,0.6224949798994366,0.47696960070847283,0.8046738469715542,0.0,15.256146302392358,5.766281297335398,hard,0.15173525292482948,0.12395182121790346,0.1781751611763589,0.2980700141345895
0.0,0.0,18.000679953260647,0.12547325803103368,0.0,0.6224949798994366,0.6224949798994366,0.47696960070847283,0.8046738469715542,0.0,16.563815985454557,5.766281297335398,hard,0.15173525292482948,0.12395182121790346,0.17819101135058218,0.29703185850977737
0.0,0.0,26.91032944377096,0.12537576352139235,0.0,0.6224949798994366,0.6224949798994366,0.47696960070847283,0.8046738469715542,0.0,14.0280968060532,5.766281297335398,hard,0.15173525292482948,0.1239736597213242,0.17819101135058218,0.2961794918313084
0.0,0.0,10.634413148122173,0.12529011543924412,0.0,0.6224949798994366,0.6224949798994366,0.47696960070847283,0.8046738469715542,0.0,10.461357464497619,5.766281297335398,hard,0.15173525292482948,0.1239736597213242,0.17819101135058218,0.29565114464829817
0.0,0.0,9.469481137519132,0.12519002888242478,0.0,0.6224949798994366,0.6224949798994366,0.47696960070847283,0.8046738469715542,0.0,9.289106523234622,5.766281297335398,hard,0.15173525292482948,0.1239736597213242,0.1781850292734419,0.2954655758919388
0.0,0.0,44.513954769158815,0.1237158991402358,0.0,0.6224949798994366,0.6224949798994366,0.47696960070847283,0.8046738469715542,0.0,45.04827965638644,5.766281297335398,hard,0.1517022113235403,0.12399221896470658,0.17219742529690207,0.293596134203953
0.0,0.0,28.384084556273535,0.12281369581914653,0.0,0.6224949798994366,0.6224949798994366,0.47696960070847283,0.8046738469715542,0.0,27.23986049890858,5.766281297335398,hard,0.1517022113235403,0.12393712446613872,0.16901345390528608,0.2926967105827907
0.0,0.0,30.72457447719236,0.12206808154868305,0.2607707393735378,0.6224949798994366,0.6224949798994366,0.5099019513592785,0.8046738469715542,0.0,30.46223071280237,5.766281297335398,hard,0.1517022113235403,0.1234687585731024,0.16724182679442856,0.29200754835818576
0.0,0.0,20.97903744720582,0.12105478195571505,0.25938668037890794,0.6224949798994366,0.6224949798994366,0.5099019513592785,0.8046738469715542,0.0,21.16742780783721,5.766281297335398,hard,0.15146660805388318,0.1233448646330585,0.1647527969193921,0.29155060120202747
0.0,0.0,12.989991482069481,0.12073197856467123,0.25851328020330533,0.6224949798994366,0.6224949798994366,0.5099019513592785,0.8046738469715542,0.0,12.91743008496659,5.766281297335398,hard,0.15146660805388318,0.12320116487820473,0.16441110940661421,0.2916788258815138
0.0,0.0,31.126233232551183,0.11818788746613544,0.25625070796000954,0.6224949798994366,0.6224949798994366,0.5099019513592785,0.8046738469715542,0.0,30.48487329808015,5.766281297335398,hard,0.15146660805388318,0.12175723693219317,0.1605759236202153,0.2909412989404478
0.0,0.0,36.7805109074118,0.11587532954421983,0.2545631818436105,0.6224949798994366,0.6224949798994366,0.5099019513592785,0.8046738469715542,0.0,37.53168661278094,5.766281297335398,hard,0.15112111471028708,0.1213253854767115,0.15616119062297038,0.29018960769490004
0.0,0.0,18.67546200553607,0.11477944434062796,0.2532409910330482,0.6224949798994366,0.6224949798994366,0.5099019513592785,0.8046738469715542,0.0,19.162724232217087,5.766281297335398,hard,0.15112111471028708,0.12119365754958501,0.1538529735507382,0.290368439269609
0.0,0.0,28.482534169539562,0.1133301152458652,0.2517930061542157,0.6224949798994366,0.6224949798994366,0.5099019513592785,0.8046738469715542,0.0,28.275917314916597,5.766281297335398,hard,0.15071459219186156,0.12109579253531831,0.15184105953507204,0.29051132471741414
0.0,0.0,44.59826009590186,0.11093908709242609,0.25166991827339613,0.6224949798994366,0.6224949798994366,0.5099019513592785,0.8046738469715542,0.0,45.08489214803557,5.766281297335398,hard,0.1504337033528986,0.120953477504856,0.14728179039542483,0.28923525438839515
0.0,0.0,34.42135528206291,0.1089912421986621,0.24717643742706805,0.6224949798994366,0.6224949798994366,0.5099019513592785,0.8046738469715542,0.0,34.7149463487991,5.766281297335398,hard,0.15038665753938094,0.12059298097792365,0.14416574694315556,0.2886772219327659
0.0,0.0,36.97258072146442,0.10706597218460573,0.24580790471527725,0.6224949798994366,0.6224949798994366,0.5099019513592785,0.8046738469715542,0.0,37.07843038749078,5.766281297335398,hard,0.15038822559219792,0.12073397477558886,0.1412125236885502,0.28811070268476713
0.0,0.0,30.71432842494483,0.10571271205354595,0.2457018146846662,0.7483314773547883,0.7483314773547883,0.5099019513592785,0.9746794344808963,0.0,30.62233661888002,5.766281297335398,hard,0.15035797459586545,0.12099645434489381,0.13847296899419767,0.2874356904684712
0.0,0.0,35.47021506405353,0.10479557797758057,0.24487902146148155,0.7483314773547883,0.7483314773547883,0.5099019513592785,0.9746794344808963,0.0,25.072843875396345,5.766281297335398,hard,0.1502689523537611,0.1213263948877528,0.13616527737399878,0.28703757577749023
0.0,0.0,18.254302643886465,0.10407011586372553,0.2428568509485362,0.7483314773547883,0.7483314773547883,0.5099019513592785,0.9746794344808963,0.0,17.203488018422313,5.766281297335398,hard,0.15032312342860346,0.1214666252209542,0.1346850735816437,0.28675775865014747
0.0,0.0,20.96088234928674,0.10318972161075997,0.2400304813390833,0.7483314773547883,0.7483314773547883,0.5099019513592785,0.9746794344808963,0.0,19.176548177396267,5.766281297335398,hard,0.15049320099369531,0.1214842128819236,0.13293096182117314,0.2864593008706516
0.0,0.0,37.999145821177876,0.10234672984624026,0.23929614427989604,0.7664854858377946,0.7664854858377946,0.5099019513592785,0.9733961166965892,0.0,36.52410163166235,5.766281297335398,hard,0.15070699861633977,0.12151968395774584,0.13221868777525989,0.28387520115889825
0.0,0.0,22.702040699955433,0.10204422196169487,0.23829487986497808,0.7664854858377946,0.7664854858377946,0.5099019513592785,0.9733961166965892,0.0,19.89541404444753,5.766281297335398,hard,0.15074509661309463,0.12151968395774584,0.13171448181890108,0.28266619260561965
0.0,0.0,43.558143872478716,0.1019003742201575,0.236340619691952,0.7810249675906654,0.7810249675906654,0.5099019513592785,0.9695359714832659,0.0,33.59802821595339,5.766281297335398,hard,0.1507235676232657,0.12151968395774584,0.13148011888971972,0.2800968274864712
0.0,0.0,31.328586238253802,0.10191888389461859,0.2352813717814038,0.7810249675906654,0.7810249675906654,0.5099019513592785,0.9695359714832659,0.0,31.530104662052743,5.766281297335398,hard,0.15071971166979045,0.12166389273713786,0.13069051555440492,0.2787324893351159
0.0,0.0,28.901879733097555,0.1020526288674627,0.23195648378372183,0.7810249675906654,0.7810249675906654,0.5099019513592785,0.9695359714832659,0.0,27.45810445023473,5.766281297335398,hard,0.15071971166979045,0.12175620979101333,0.13004629180288033,0.27846890803768026
0.0,0.0,21.92092653318771,0.10235191360707516,0.22973152380471704,0.7810249675906654,0.7810249675906654,0.5099019513592785,0.9695359714832659,0.0,22.451893015957474,5.766281297335398,hard,0.15071971166979045,0.12184311460706598,0.13001931439840952,0.27927195244960373
0.0,0.0,20.787068641367448,0.1027654327612477,0.2284681956889336,0.7810249675906654,0.7810249675906654,0.5099019513592785,0.9695359714832659,0.0,21.40438039280745,5.766281297335398,hard,0.15071971166979045,0.12189568565715964,0.13001931439840952,0.2804105571383648
0.0,0.0,20.59555602290665,0.10325133842992569,0.22766576122617846,0.7810249675906654,0.7810249675906654,0.5099019513592785,0.9695359714832659,0.0,20.373021376320207,5.766281297335398,hard,0.15071971166979045,0.1219140189953133,0.13001713639576173,0.2815671351063543
0.0,0.0,6.669933809849305,0.1032822701634149,0.22415716620318024,0.7810249675906654,0.7810249675906654,0.5099019513592785,0.9695359714832659,0.0,6.200604809210147,5.766281297335398,hard,0.15071971166979045,0.1219140189953133,0.13001713639576173,0.2818580170535878
0.0,0.0,14.681509225875862,0.10370178098348062,0.22166256722497102,0.7810249675906654,0.7810249675906654,0.5099019513592785,0.9695359714832659,0.0,15.245573127960787,5.766281297335398,hard,0.15071971166979045,0.1219233373733576,0.13002909217120306,0.28270233230720176
0.0,0.0,19.33445610213266,0.10384589488173258,0.21982957417991744,0.7810249675906654,0.7810249675906654,0.5099019513592785,0.9695359714832659,0.0,18.062668684333442,5.766281297335398,hard,0.15071971166979045,0.1219233373733576,0.13002746472328305,0.28343710279665957
0.0,0.0,19.057926730406585,0.10403059515062618,0.21905024207777204,0.7810249675906654,0.7810249675906654,0.5099019513592785,0.9695359714832659,0.0,18.356470248934023,5.766281297335398,hard,0.15071971166979045,0.12193275685988025,0.13002572379718422,0.28436248108638557
0.0,0.0,10.757246933562426,0.10415312001010499,0.2173156756891895,0.7810249675906654,0.7810249675906654,0.5099019513592785,0.9695359714832659,0.0,10.679302411674652,5.766281297335398,hard,0.15071971166979045,0.12193275685988025,0.13002572379718422,0.2850011889040068
0.0,0.0,7.523580894732328,0.10425041920580275,0.2167570288088255,0.7810249675906654,0.7810249675906654,0.5099019513592785,0.9695359714832659,0.0,7.837569776403907,5.766281297335398,hard,0.15071971166979045,0.12193275685988025,0.13002572379718422,0.2855367810365185
0.0,0.0,18.85211055274548,0.104381955180476,0.21441317117473127,0.7810249675906654,0.7810249675906654,0.5099019513592785,0.9695359714832659,0.0,18.43474979488466,5.766281297335398,hard,0.15071971166979045,0.12214234151018345,0.1300355924883779,0.28575453895947556
0.0,0.0,15.942396203791281,0.10451550441058419,0.21393447529780535,0.7810249675906654,0.7810249675906654,0.5099019513592785,0.9695359714832659,0.0,15.526992625746946,5.766281297335398,hard,0.15071971166979045,0.12233898109817608,0.13008957053644457,0.28604632434110566
0.0,0.0,18.49954096831257,0.10472810226657342,0.21303353311766485,0.7810249675906654,0.7810249675906654,0.5099019513592785,0.9695359714832659,0.0,18.124844826921965,5.766281297335398,hard,0.15071971166979045,0.12257597902586073,0.13019991213349286,0.28650429622489454
0.0,0.0,21.87343711827224,0.1049457455202629,0.212037986614941,0.7810249675906654,0.7810249675906654,0.5099019513592785,0.9695359714832659,0.0,21.56032235380538,5.766281297335398,hard,0.15071971166979045,0.12280897993445009,0.13043904582543853,0.2865722459697956
0.0,0.0,14.312048068889412,0.10508444714807864,0.21035115263404203,0.7810249675906654,0.7810249675906654,0.5099019513592785,0.9695359714832659,0.0,15.0262270713576,5.766281297335398,hard,0.15071971166979045,0.12290842055359846,0.13057095848808103,0.2864522588911075
0.0,0.0,11.848580463746647,0.10519757224287697,0.21018897468610706,0.7810249675906654,0.7810249675906654,0.5099019513592785,0.9695359714832659,0.0,11.641627893039702,5.766281297335398,hard,0.15071971166979045,0.12304653349976045,0.1307096314784501,0.28649447344923096
0.0,0.0,13.83676398882075,0.10533146152652839,0.208520603887331,0.7810249675906654,0.7810249675906654,0.5099019513592785,0.9695359714832659,0.0,13.948476619330155,5.766281297335398,hard,0.15071971166979045,0.12313605229766833,0.13072094266044385,0.2863522282883369
0.0,0.0,10.284429512114892,0.1055039053277478,0.20636312400185347,0.7810249675906654,0.7810249675906654,0.5099019513592785,0.9695359714832659,0.0,9.21737489744233,5.766281297335398,hard,0.15071971166979045,0.12313605229766833,0.13075542743588214,0.2871123590692309
0.0,0.0,9.361521395632424,0.10566324045582612,0.20574018958089937,0.7810249675906654,0.7810249675906654,0.5099019513592785,0.9695359714832659,0.0,7.526619427073485,5.766281297335398,hard,0.15071971166979045,0.12313605229766833,0.13075542743588214,0.28748691618622346
0.0,0.0,4.706105594816878,0.10575972244367396,0.2050827232104022,0.7810249675906654,0.7810249675906654,0.5099019513592785,0.9695359714832659,0.0,5.903177110675235,5.766281297335398,hard,0.15071971166979045,0.12313605229766833,0.13077887640131713,0.28795255209353493
0.0,0.0,13.131064956370187,0.10595489926256656,0.2037232069664769,0.7810249675906654,0.7810249675906654,0.5099019513592785,0.9695359714832659,0.0,11.986972094736853,5.766281297335398,hard,0.15071971166979045,0.12313605229766833,0.13077887640131713,0.2890099212429308
0.0,0.0,4.9731782711256205,0.10604540365724241,0.19944016025398362,0.7810249675906654,0.7810249675906654,0.5099019513592785,0.9695359714832659,0.0,5.230678732248809,5.766281297335398,hard,0.15071971166979045,0.12313605229766833,0.13077887640131713,0.28949972701538496
0.0,0.0,30.88514636139454,0.1049370278942879,0.19854989940818163,0.7810249675906654,0.7810249675906654,0.5099019513592785,1.004987562112089,0.0,29.21005819918885,5.766281297335398,hard,0.15071971166979045,0.11657535793432394,0.13042956322899044,0.2887061032558245
0.0,0.0,24.88780385906136,0.10408126097161349,0.19829937129898367,0.7810249675906654,0.7810249675906654,0.5099019513592785,1.004987562112089,0.0,23.10816955104839,5.766281297335398,hard,0.15071971166979045,0.11310786076162642,0.13014416267602602,0.2871285895166929
0.0,0.0,22.250386818898342,0.10342236131983332,0.3080172311331837,0.7810249675906654,0.7810249675906654,0.5361902647381804,1.004987562112089,0.0,19.333649422703413,5.766281297335398,hard,0.15071971166979045,0.10952788507244357,0.13016177439137153,0.2858265521243532
0.0,0.0,20.423083675201624,0.1029803348562273,0.29137884018095067,0.7810249675906654,0.7810249675906654,0.5361902647381804,1.004987562112089,0.0,20.251913489840906,5.766281297335398,hard,0.15071971166979045,0.10742379758435064,0.1304474884862233,0.2836873365736169
0.0,0.0,16.00426189464594,0.102641893776746,0.2762249041378442,0.7810249675906654,0.7810249675906654,0.5361902647381804,1.004987562112089,0.0,16.829364218531847,5.766281297335398,hard,0.15071971166979045,0.1057735769285739,0.13069446032555732,0.28209888506415753
0.0,0.0,13.00657538700076,0.10238511732327137,0.2605005600118816,0.7810249675906654,0.7810249675906654,0.5361902647381804,1.004987562112089,0.0,11.949372368455172,5.766281297335398,hard,0.15071971166979045,0.10564892105657277,0.13072677239138666,0.280569629626767
0.0,0.0,16.521710726089836,0.10178702790571338,0.24607460027954273,0.7810249675906654,0.7810249675906654,0.5361902647381804,1.004987562112089,0.0,16.141483822746903,5.766281297335398,hard,0.15071971166979045,0.10533873705488465,0.13045406250191754,0.27823579491143074
0.0,0.0,8.156120165639077,0.1016171808812014,0.2460456457582671,0.7810249675906654,0.7810249675906654,0.5361902647381804,1.004987562112089,0.0,8.932384899902154,5.766281297335398,hard,0.15071971166979045,0.10527695097619448,0.13045406250191754,0.27723676620077586
0.0,0.0,7.567701247774007,0.10145200883474233,0.23370636445130416,0.7810249675906654,0.7810249675906654,0.5361902647381804,1.004987562112089,0.0,7.034912934784622,5.766281297335398,hard,0.15071971166979045,0.10529521321239399,0.13036433031483285,0.27649754479233696
0.0,0.0,9.775874935038432,0.1013534001463098,0.4542937398300284,0.7810249675906654,0.7810249675906654,0.6538348415311012,1.004987562112089,0.0,6.7474069093245,5.766281297335398,hard,0.15071971166979045,0.10529521321239399,0.13036433031483285,0.2758856136150589
0.0,0.0,21.296718303222683,0.10123624633760128,0.44757261720779884,0.7810249675906654,0.7810249675906654,0.6538348415311012,1.004987562112089,0.0,8.281907992727279,5.766281297335398,hard,0.15071971166979045,0.10529521321239399,0.13036433031483285,0.2751525866459313
0.0,0.0,16.14396518637785,0.10101788536717869,0.43587795923104466,0.7810249675906654,0.7810249675906654,0.6538348415311012,1.004987562112089,0.0,14.803715749770394,5.766281297335398,hard,0.15071971166979045,0.10529521321239399,0.13036433031483285,0.27375408534333445
0.0,0.0,13.021885328550825,0.10087822201372625,0.4257507954353003,0.7810249675906654,0.7810249675906654,0.6538348415311012,1.004987562112089,0.0,11.556275351513564,5.766281297335398,hard,0.15071971166979045,0.10529521321239399,0.130299141091578,0.27286486132452886
0.0,0.0,21.251113097505538,0.10066335361501845,0.4159658895160444,0.7810249675906654,0.7810249675906654,0.6538348415311012,1.004987562112089,0.0,21.140659876172265,5.766281297335398,hard,0.15071971166979045,0.10529521321239399,0.1301957013039796,0.2714708079928062
0.0,0.0,24.337868537085473,0.10047291802510931,0.41331579415646,0.7810249675906654,0.7810249675906654,0.6538348415311012,1.004987562112089,0.0,24.191889136650737,5.766281297335398,hard,0.15071971166979045,0.10529521321239399,0.1301957013039796,0.27006379353584065
0.0,0.0,11.449038365599588,0.10040439825790544,0.41155390926059643,0.7810249675906654,0.7810249675906654,0.6538348415311012,1.004987562112089,0.0,12.422861989090919,5.766281297335398,hard,0.15071971166979045,0.10529521321239399,0.1301957013039796,0.26949910296056906
0.0,0.0,10.492705262113256,0.1003664586934024,0.41069797307832845,0.7810249675906654,0.7810249675906654,0.6538348415311012,1.004987562112089,0.0,10.243412517320584,5.766281297335398,hard,0.15071971166979045,0.10529521321239399,0.1301957013039796,0.2691497265621062
0.0,0.0,9.687717379264233,0.10031751927919176,0.4084958047712546,0.7810249675906654,0.7810249675906654,0.6538348415311012,1.004987562112089,0.0,8.70574522944475,5.766281297335398,hard,0.15071971166979045,0.10529521321239399,0.13013613436003907,0.2688752036699103
0.0,0.0,16.16506299679145,0.10029669045996416,0.40766591183304524,0.7810249675906654,0.7810249675906654,0.6538348415311012,1.004987562112089,0.0,16.563815985454557,5.766281297335398,hard,0.15071971166979045,0.10529521321239399,0.13013613436003907,0.26851514621869726
0.0,0.0,15.951822953247758,0.10040340403471881,0.4062413661499731,0.7921489758877429,0.7921489758877429,0.6538348415311012,0.9937303457175896,0.0,12.273854325353547,5.766281297335398,hard,0.15071971166979045,0.10529521321239399,0.13013613436003907,0.26825888537353043
0.0,0.0,11.71928669019603,0.10048079041098523,0.4050562842006028,0.7921489758877429,0.7921489758877429,0.6538348415311012,0.9937303457175896,0.0,11.655470818461174,5.766281297335398,hard,0.15071971166979045,0.10529521321239399,0.12998353779963853,0.2681513510708143
0.0,0.0,17.422300651831687,0.10058276110830644,0.40289495765213257,0.7921489758877429,0.7921489758877429,0.6538348415311012,0.9937303457175896,0.0,15.469647701224485,5.766281297335398,hard,0.15071971166979045,0.10529521321239399,0.12985885015005974,0.26817798404728466
0.0,0.0,26.303790449706938,0.10078143198775945,0.4018806955249908,0.7921489758877429,0.7921489758877429,0.6538348415311012,0.9937303457175896,0.0,27.24311839712921,5.766281297335398,hard,0.15071971166979045,0.10529521321239399,0.1295452455209189,0.2686699807528112
0.0,0.0,25.447719615157045,0.10103836682955201,0.4010646158147057,0.7921489758877429,0.7921489758877429,0.6538348415311012,0.9937303457175896,0.0,23.973944189473706,5.766281297335398,hard,0.15071971166979045,0.10529521321239399,0.12898546497992416,0.269332570753815
0.0,0.0,23.816265449690462,0.10088998955520766,0.38812526951944937,0.806225774829855,0.806225774829855,0.6538348415311012,0.9433981132056605,0.0,17.791781810712493,5.766281297335398,hard,0.15071971166979045,0.10529521321239399,0.12879800728311516,0.2678200284948002
0.0,0.0,21.831630295007404,0.10090859377124946,0.38021456683492866,0.8046738469715541,0.8046738469715541,0.6538348415311012,0.9205976319760986,0.0,21.020168886096037,5.766281297335398,hard,0.15071971166979045,0.10529521321239399,0.12840832531883073,0.26661174747142385
0.0,0.0,24.39420024430335,0.10097542164424382,0.3746040380657255,0.8046738469715541,0.8046738469715541,0.6538348415311012,0.9205976319760986,0.0,22.12300838493716,5.766281297335398,hard,0.15071971166979045,0.10529521321239399,0.12822331962232877,0.2657861248420363
0.0,0.0,24.096387910080345,0.10131618592918343,0.37106338488202256,0.8046738469715541,0.8046738469715541,0.6538348415311012,0.9205976319760986,0.0,22.84075305238424,5.766281297335398,hard,0.15071971166979045,0.10529521321239399,0.12792566463219507,0.26565170744040123
0.0,0.0,28.767113590486066,0.10115309641065913,0.3632213916008835,0.8046738469715541,0.8046738469715541,0.6538348415311012,0.9205976319760986,0.0,26.631560224665773,5.766281297335398,hard,0.15071971166979045,0.10529521321239399,0.12682115914186395,0.2637187936950113
0.0,0.0,28.777174532052683,0.10121848816104352,0.3563873146543276,0.8046738469715541,0.8046738469715541,0.6538348415311012,0.9205976319760986,0.0,29.48469942190356,5.766281297335398,hard,0.15071971166979045,0.10529521321239399,0.1264380801432493,0.26199396119525215
0.0,0.0,20.967400152554116,0.1002204732409598,0.35539831800025673,0.8046738469715541,0.8046738469715541,0.6538348415311012,0.9205976319760986,0.0,19.573642992555065,5.766281297335398,hard,0.15071971166979045,0.10529521321239399,0.1263071605342707,0.25845655404356693
0.0,0.0,16.900983312293043,0.10024363797215018,0.3551072887934323,0.8046738469715541,0.8046738469715541,0.6538348415311012,0.9205976319760986,0.0,16.86564555538862,5.766281297335398,hard,0.15071971166979045,0.10529521321239399,0.1261266388444751,0.2575566843356333
0.0,0.0,24.314298960993064,0.10031667201288724,0.35429483027202235,0.8046738469715541,0.8046738469715541,0.6538348415311012,0.9205976319760986,0.0,25.551125219841108,5.766281297335398,hard,0.15071971166979045,0.10529521321239399,0.1259288032994024,0.2562333994192738
0.0,0.0,28.57401931183916,0.10043229264692742,0.3516704199752456,0.8046738469715541,0.8046738469715541,0.6538348415311012,0.9205976319760986,0.0,18.76965636339675,5.766281297335398,hard,0.15071971166979045,0.10529521321239399,0.12550380102691694,0.25536499453931794
0.0,0.0,12.811840451742087,0.10056915368157288,0.34978775471737206,0.8046738469715541,0.8046738469715541,0.6538348415311012,0.9205976319760986,0.0,12.776051815799747,5.766281297335398,hard,0.15071971166979045,0.10529521321239399,0.12514448629212646,0.255167544818202
0.0,0.0,16.78593688884308,0.10048390334735234,0.34890581146330063,0.8046738469715541,0.8046738469715541,0.6538348415311012,0.9205976319760986,0.0,16.401219466856727,5.766281297335398,hard,0.15071971166979045,0.10529521321239399,0.12471193200481571,0.254886737087196
0.0,0.0,26.401703599361145,0.1006639426718387,0.344568955051263,0.8046738469715541,0.8046738469715541,0.6538348415311012,0.9205976319760986,0.0,25.200396822272467,5.766281297335398,hard,0.15071971166979045,0.10529521321239399,0.12431570459682643,0.2542165989387045
0.0,0.0,51.08884124177064,0.10084303161254311,0.34413808527269285,0.8046738469715541,0.8046738469715541,0.6538348415311012,0.9205976319760986,0.0,49.72936758093753,5.766281297335398,hard,0.15071971166979045,0.10529521321239399,0.12423046405769095,0.25176571974152395
0.0,0.0,28.014153063392744,0.10131332279352208,0.3438552544659559,0.8046738469715541,0.8046738469715541,0.6538348415311012,0.9205976319760986,0.0,28.40704138061548,5.766281297335398,hard,0.15071971166979045,0.10529521321239399,0.12437974825206048,0.25065744249427374
0.0,0.0,25.111234101878843,0.10187759015173523,0.3424060593239885,0.8046738469715541,0.8046738469715541,0.6538348415311012,0.9205976319760986,0.0,24.418435658329958,5.766281297335398,hard,0.15071971166979045,0.10529521321239399,0.12510847840991982,0.2501809943530632
0.0,0.0,16.45740993292857,0.10215402220519756,0.3399153894350753,0.8046738469715541,0.8046738469715541,0.6538348415311012,0.9205976319760986,0.0,16.529065309327084,5.766281297335398,hard,0.15071971166979045,0.10529521321239399,0.12537404824933318,0.249501888365172
0.0,0.0,13.045840648200777,0.10226569869955067,0.3391352528655748,0.8046738469715541,0.8046738469715541,0.6538348415311012,0.9205976319760986,0.0,13.057947771376632,5.766281297335398,hard,0.15071971166979045,0.10529521321239399,0.12542629943826794,0.2488848675798549
0.0,0.0,22.234846050456042,0.10252766238362666,0.3348633819600041,0.8046738469715541,0.8046738469715541,0.6538348415311012,0.9205976319760986,0.0,21.709675262426195,5.766281297335398,hard,0.15071971166979045,0.10529521321239399,0.12566095040119912,0.24825248021399898
0.0,0.0,18.67169338505669,0.10275652908349578,0.33266543873676896,0.8046738469715541,0.8046738469715541,0.6538348415311012,0.9205976319760986,0.0,18.420369160253006,5.766281297335398,hard,0.15071971166979045,0.10529521321239399,0.12567453473115428,0.2477753006279291
0.0,0.0,14.862201398666157,0.10299488415937207,0.3311623248874192,0.8046738469715541,0.8046738469715541,0.6538348415311012,0.9205976319760986,0.0,15.101655538383863,5.766281297335398,hard,0.15071971166979045,0.10529521321239399,0.125709235842486,0.24763643205806812
0.0,0.0,15.287161692371354,0.10326267099888375,0.32911125200594765,0.8046738469715541,0.8046738469715541,0.6538348415311012,0.9205976319760986,0.0,14.281018871215037,5.766281297335398,hard,0.15071971166979045,0.10529521321239399,0.12585184664629354,0.2477000384855263
0.0,0.0,9.551953013911366,0.10336769154554958,0.3263929949184147,0.8046738469715541,0.8046738469715541,0.6538348415311012,0.9205976319760986,0.0,7.871467461661769,5.766281297335398,hard,0.15071971166979045,0.10529521321239399,0.12587010054588296,0.24769116008415304
0.0,0.0,34.574926564683885,0.10287658082823255,0.32448162093837885,0.8645808232895292,0.8645808232895292,0.6538348415311012,1.0234744745229363,0.0,22.38883650393651,5.766281297335398,hard,0.14364719604386827,0.10522332800692771,0.1259618813728939,0.24777850667095838
0.0,0.0,42.91950082844002,0.10274924361991196,0.324041613547424,0.8645808232895292,0.8645808232895292,0.6538348415311012,1.0234744745229363,0.0,15.703821191035004,5.766281297335398,hard,0.14055631404779473,0.10430746422417488,0.1260440413943009,0.24802318459039266
0.0,0.0,42.442955121123056,0.10247730950838717,0.2938861481569521,0.8660254037844386,0.8660254037844386,0.6538348415311012,0.9949874371066201,0.0,14.948578527739683,5.766281297335398,hard,0.13816823613750126,0.10265017092272051,0.1260720739351116,0.2481363915674395
0.0,0.0,44.68047712584796,0.10143277216778539,0.3665969839791631,0.8645808232895291,0.8645808232895291,0.66332495807108,0.9630680142129112,0.0,19.83179265724609,5.766281297335398,hard,0.13699226789772503,0.10084320376896512,0.12611484488712438,0.2460389336425125
0.0,0.0,44.55047758423965,0.1000122954298506,0.3540692032244419,0.8645808232895291,0.8645808232895291,0.66332495807108,0.9630680142129112,0.0,22.139275055882027,5.766281297335398,hard,0.13414551996142055,0.09980377151137272,0.12042835764193481,0.24592444962208662
0.0,0.0,47.049752050730895,0.09920153813105519,0.3429529545482819,0.8645808232895291,0.8645808232895291,0.66332495807108,0.9630680142129112,0.0,25.749951456264927,5.766281297335398,hard,0.13028243396251782,0.09745894504951419,0.12037772751162537,0.24511877481226674
0.0,0.0,46.14533060942256,0.09890134975797739,0.3332235510462579,0.8645808232895291,0.8645808232895291,0.66332495807108,0.9630680142129112,0.0,23.852463185172304,5.766281297335398,hard,0.12763890151621612,0.09564923659215159,0.12037067918644152,0.245120122796804
0.0,0.0,42.59577486129387,0.09870578683165712,0.3243985206236675,0.8645808232895291,0.8645808232895291,0.66332495807108,0.9630680142129112,0.0,17.139063568351688,5.766281297335398,hard,0.12597396459015123,0.09470275619768738,0.12045411834374538,0.24494315162594493
0.0,0.0,41.922765196186795,0.09776171982795828,0.3152159434304303,0.8645808232895291,0.8645808232895291,0.66332495807108,0.9630680142129112,0.0,13.998124874425148,5.766281297335398,hard,0.12488670709026793,0.09408927520909172,0.11786540671231652,0.24423301159760943
0.0,0.0,40.915855844340676,0.09719799380034198,0.30714516489664884,0.8645808232895291,0.8645808232895291,0.66332495807108,0.9630680142129112,0.0,9.551308810838439,5.766281297335398,hard,0.12488670709026793,0.09408927520909172,0.11616337862518616,0.2437066650938427
0.0,0.0,44.22637116842552,0.09579219768011261,0.30098789252086594,0.8645808232895291,0.8645808232895291,0.66332495807108,0.9630680142129112,0.0,20.661316511781145,5.766281297335398,hard,0.12488670709026793,0.09408927520909172,0.1137368493106242,0.2414960112891134
0.0,0.0,58.80097038672328,0.09594723827375931,0.29528705960302487,0.8645808232895291,0.8645808232895291,0.66332495807108,0.9630680142129112,0.0,9.92169340384997,5.766281297335398,hard,0.12488670709026793,0.09408927520909172,0.11393465828524744,0.24157957082815207
0.0,0.0,58.8379488209694,0.09592833059741189,0.2907074070656,0.8645808232895291,0.8645808232895291,0.66332495807108,0.9630680142129112,0.0,9.95627942556857,5.766281297335398,hard,0.12488670709026793,0.09408927520909172,0.11393465828524744,0.2414319201750319
0.0,0.0,58.6173615715447,0.09582811122542774,0.28681867542911715,0.8645808232895291,0.8645808232895291,0.66332495807108,0.9630680142129112,0.0,10.265841417049067,5.766281297335398,hard,0.12488670709026793,0.09408927520909172,0.11393465828524744,0.24104842766155227
0.0,0.0,58.73412797453981,0.09579217094923559,0.2832853599999626,0.8645808232895291,0.8645808232895291,0.66332495807108,0.9630680142129112,0.0,10.439707850318417,5.766281297335398,hard,0.12488670709026793,0.09408927520909172,0.11395422410787356,0.24079432688299618
0.0,0.0,58.57732217045093,0.09547667658911292,0.2810372890894381,0.8645808232895291,0.8645808232895291,0.66332495807108,0.9630680142129112,0.0,11.303096920755832,5.766281297335398,hard,0.12488670709026793,0.09408927520909172,0.11395422410787356,0.2399369426796332
0.0,0.0,58.81998312145205,0.09550357992588435,0.27950570808265734,0.8645808232895291,0.8645808232895291,0.66332495807108,0.9630680142129112,0.0,12.154320219576249,5.766281297335398,hard,0.12488670709026793,0.09408927520909172,0.11399461983832,0.2396984115770147
0.0,0.0,58.64485355079525,0.09552655475020883,0.2773465475110418,0.8645808232895291,0.8645808232895291,0.66332495807108,0.9630680142129112,0.0,10.394589939001925,5.766281297335398,hard,0.12488670709026793,0.09408927520909172,0.1140049819591401,0.23961392379742696
0.0,0.0,58.56790432709659,0.09553221193626751,0.36275259210803196,0.8645808232895291,0.8645808232895291,0.6689544080129827,0.9630680142129112,0.0,9.890778533563473,5.766281297335398,hard,0.12488670709026793,0.09408927520909172,0.1140049819591401,0.23960844598281114
0.0,0.0,58.9006823352951,0.09553221193626751,0.36094307592391894,0.8645808232895291,0.8645808232895291,0.6689544080129827,0.9630680142129112,0.0,9.907572861200668,5.766281297335398,hard,0.12488670709026793,0.09408927520909172,0.1140049819591401,0.23960844598281114
0.0,0.0,59.05698519124579,0.09553221193626751,0.3585418819228841,0.8645808232895291,0.8645808232895291,0.6689544080129827,0.9630680142129112,0.0,9.916022388034428,5.766281297335398,hard,0.12488670709026793,0.09408927520909172,0.1140049819591401,0.23960844598281114
0.0,0.0,58.79814815649115,0.09551831335247117,0.35654872260019077,0.8660254037844386,0.8660254037844386,0.6689544080129827,0.9797958971132711,0.0,9.891789524651239,5.766281297335398,hard,0.12488670709026793,0.09408927520909172,0.11404988273935819,0.23960578129512802
0.0,0.0,58.84620036356364,0.09550068952244622,0.35424977291882925,0.8660254037844386,0.8660254037844386,0.6689544080129827,0.9797958971132711,0.0,10.247438704378768,5.766281297335398,hard,0.12488670709026793,0.09408927520909172,0.11417880562102824,0.239586245276513
0.0,0.0,58.90434918835852,0.0955023015634481,0.35271038712733266,0.8660254037844386,0.8660254037844386,0.6689544080129827,0.9797958971132711,0.0,10.588200980336556,5.766281297335398,hard,0.12488670709026793,0.09408927520909172,0.1143097526632693,0.23956288072509618
0.0,0.0,58.832451147522754,0.09549919668185229,0.468872266193525,0.8660254037844386,0.8660254037844386,0.7416198487095663,0.9797958971132711,0.0,10.089103032480141,5.766281297335398,hard,0.12488670709026793,0.09408927520909172,0.1143761896995371,0.2395566767185016
0.0,0.0,58.58639439529447,0.09557816091636669,0.4673140012711686,0.9205976319760985,0.9205976319760985,0.7416198487095663,1.0428326807307104,0.0,10.51891154064906,5.766281297335398,hard,0.12488670709026793,0.0940712602711301,0.11442258171359693,0.23954281809196365
0.0,0.0,59.12294496321493,0.09563150201176818,0.46446255929905234,0.9205976319760985,0.9205976319760985,0.7416198487095663,1.0428326807307104,0.0,10.192644406629714,5.766281297335398,hard,0.12488670709026793,0.09407033247192212,0.11442258171359693,0.2395358517047146
0.0,0.0,59.87175771461091,0.0957076337854614,0.4636443051226664,0.9205976319760985,0.9205976319760985,0.7416198487095663,1.0428326807307104,0.0,11.155716023635597,5.766281297335398,hard,0.12488670709026793,0.09407033247192212,0.11442258171359693,0.23954402979807302
0.0,0.0,59.51740019892325,0.095827980919125,0.4595773177926548,0.9205976319760985,0.9205976319760985,0.7416198487095663,1.0428326807307104,0.0,12.599503958489796,5.766281297335398,hard,0.12488670709026793,0.09407033247192212,0.11442258171359693,0.23960409999069524
0.0,0.0,59.23171704875572,0.09596552050891721,0.45647412283873506,0.9205976319760985,0.9205976319760985,0.7416198487095663,1.0428326807307104,0.0,13.156272268389705,5.766281297335398,hard,0.12488670709026793,0.09407033247192212,0.11442258171359693,0.2397300470105264
0.0,0.0,59.71659408181692,0.09610069907757826,0.45506786693418894,0.9205976319760985,0.9205976319760985,0.7416198487095663,1.0428326807307104,0.0,12.735383779062177,5.766281297335398,hard,0.12488670709026793,0.09407033247192212,0.11442258171359693,0.23990174574313075
0.0,0.0,58.887664177479216,0.09620004222560606,0.5012082444629465,0.9205976319760985,0.9205976319760985,0.8046738469715542,1.0428326807307104,0.0,11.276080879454527,5.766281297335398,hard,0.12488670709026793,0.09407033247192212,0.11451800855824867,0.23999081406867692
0.0,0.0,58.72592023395434,0.09629441283018658,0.4991916875105232,0.9205976319760985,0.9205976319760985,0.8046738469715542,1.0428326807307104,0.0,10.886229834061009,5.766281297335398,hard,0.12488670709026793,0.09407033247192212,0.11451800855824867,0.24014250994124237
0.0,0.0,42.020976216531785,0.09638204237276765,0.49553755900304053,0.9205976319760985,0.9205976319760985,0.8046738469715542,1.0428326807307104,0.0,10.516059147798666,5.766281297335398,hard,0.12488670709026793,0.094070292364708,0.1145403661413352,0.24027263850286107
