step,timestamp,reward,coverage,cov_trace,altitude,alt_idx,loop_closures,altitude_changes,frontier_count,new_cells,map_seed,difficulty,cov_alt0,cov_alt1,cov_alt2,cov_alt3
0.0,0.0,27.305190542379705,0.009166892651834494,0.0054434235892229085,0.0,0.0,0.0,0.0,0.0,27.305493952682856,5.766281297335398,hard,0.028822594074505086,0.020354849783053085,0.0,0.0
0.0,0.0,43.51931282862131,0.008899855799188772,0.019152655151562673,0.0,0.0,0.0,0.0,0.0,42.70629344721923,5.766281297335398,hard,0.030029179461198065,0.016373161049278405,0.0,0.0
0.0,0.0,47.61377616958841,0.01199385059171138,0.052475669679374476,0.0,0.0,0.0,0.0,0.0,46.8108961674523,5.766281297335398,hard,0.03791917979614915,0.01881572671803292,0.0,0.0
0.0,0.0,41.979256946732036,0.015158782001010524,0.08626362963606109,0.0,0.0,0.0,0.0,0.0,41.68030110255923,5.766281297335398,hard,0.0457008712851719,0.02223094500561725,0.0,0.0
0.0,0.0,63.46067702072761,0.017865759860900082,0.1160673294272079,0.0,0.0,0.0,0.0,0.0,63.66904663963486,5.766281297335398,hard,0.05020533776130638,0.02666034602561167,0.0,0.0
0.0,0.0,37.28061554089502,0.020531299480676925,0.14841085321857964,0.0,0.0,0.0,0.0,0.0,36.67955833976194,5.766281297335398,hard,0.05665766763702098,0.031192716784241348,0.0,0.0
0.0,0.0,43.53580005185902,0.023054101055078775,0.17934038046749118,0.0,0.0,0.0,0.0,0.0,42.92141074102761,5.766281297335398,hard,0.06309813633932974,0.034959869243019706,0.0,0.0
0.0,0.0,43.4830134540899,0.02469534816133342,0.20850659999563234,0.0,0.0,0.0,0.0,0.0,43.07490568765068,5.766281297335398,hard,0.06681222102100048,0.03731011935513076,0.0,0.0
0.0,0.0,49.22167699457125,0.028040134455352143,0.24486948609112025,0.0,0.0,0.0,0.0,0.0,49.14394672795421,5.766281297335398,hard,0.0732592076828391,0.043986079702223325,0.0,0.0
0.0,0.0,40.71263635626962,0.03118602542886367,0.28042534699534954,0.0,0.0,0.0,0.0,0.0,41.121648799628645,5.766281297335398,hard,0.07895579551542849,0.051059700006937776,0.0,0.0
0.0,0.0,34.45488553950661,0.034003620450061375,0.31601717149540326,0.0,0.0,0.0,0.0,0.0,33.51100565485912,5.766281297335398,hard,0.08396443032271704,0.057495677032022456,0.0,0.0
0.0,0.0,54.278075121045845,0.036580696226844914,0.35223950478634614,0.0,0.0,0.0,0.0,0.0,50.10935541393444,5.766281297335398,hard,0.08948418706195317,0.06254290229800522,0.0,0.0
0.0,0.0,54.949470804880164,0.040238489274056474,0.387248689458338,0.0,0.0,0.0,0.0,0.0,48.01903268496774,5.766281297335398,hard,0.09900034272793504,0.0676461699430168,0.0,0.0
0.0,0.0,46.09798248927632,0.044053059800942526,0.4237002643162231,0.0,0.0,0.0,0.0,0.0,46.404310144640654,5.766281297335398,hard,0.1084364688990362,0.07397350855982025,0.0,0.0
0.0,0.0,51.41468587880037,0.047872028087017765,0.45583588492740684,0.0,0.0,0.0,0.0,0.0,49.42125049004729,5.766281297335398,hard,0.11587906464582493,0.08311771343199066,0.0,0.0
0.0,0.0,48.89249713823447,0.05062093243838465,0.48845030469707723,0.0,0.0,0.0,0.0,0.0,41.27905037667412,5.766281297335398,hard,0.121946388905988,0.08825373004785789,0.0,0.0
0.0,0.0,60.545684222562386,0.05438200647560116,0.5193865135558335,0.0,0.0,0.0,0.0,0.0,52.21577826672701,5.766281297335398,hard,0.13124861275825625,0.09424505601164072,0.0,0.0
0.0,0.0,50.56878456908236,0.056362338527108154,0.5472983756589068,0.0,0.0,0.0,0.0,0.0,50.01647228663773,5.766281297335398,hard,0.13589010244169433,0.09765468982854086,0.0,0.0
0.0,0.0,55.82646825863009,0.058176437169834956,0.572649593826679,0.0,0.0,0.0,0.0,0.0,43.87992137641087,5.766281297335398,hard,0.1395530211547624,0.1013787673815703,0.0,0.0
0.0,0.0,43.18034582052827,0.05992019119971583,0.6005398880147023,0.0,0.0,0.0,0.0,0.0,36.11578602218149,5.766281297335398,hard,0.14350337464098406,0.10456322345477877,0.0,0.0
0.0,0.0,127.13592563349154,0.06995955937987645,0.688910311636406,0.49749371855331,0.49749371855331,0.0,0.49749371855331,0.0,111.46626171178434,5.766281297335398,hard,0.14542994017568284,0.12183326891213239,0.0283740596020999,0.0
0.0,0.0,92.61137859590957,0.07590907369667635,0.7339494557459726,0.48989794855663565,0.48989794855663565,0.0,0.48989794855663565,0.0,75.23953415592098,5.766281297335398,hard,0.14877059906436185,0.13196959330279362,0.0372130595468188,0.0
0.0,0.0,67.29852336283786,0.08071596154657946,0.7738111287446489,0.48989794855663565,0.48989794855663565,0.0,0.48989794855663565,0.0,58.25813247950882,5.766281297335398,hard,0.15193075742442144,0.14011545501198086,0.04548475729027576,0.0
0.0,0.0,62.677702454401036,0.08437638576947061,0.8116662284432776,0.48989794855663565,0.48989794855663565,0.0,0.48989794855663565,0.0,56.17517245189373,5.766281297335398,hard,0.15499397346353896,0.1461075785105263,0.05112317678841293,0.0
0.0,0.0,45.88718693254044,0.08806643212863491,0.8499533478583023,0.48989794855663565,0.48989794855663565,0.0,0.48989794855663565,0.0,45.59649109306549,5.766281297335398,hard,0.15917943729663073,0.1520968024711612,0.055442190048249886,0.0
0.0,0.0,55.94620563278206,0.09244167451243807,0.8891124782679631,0.48989794855663565,0.48989794855663565,0.0,0.48989794855663565,0.0,55.44932371093448,5.766281297335398,hard,0.16453495315556027,0.1596652353781485,0.05997975532970435,0.0
0.0,0.0,58.8167227595771,0.09656979256711634,0.9246182181815811,0.48989794855663565,0.48989794855663565,0.0,0.48989794855663565,0.0,58.64673903977953,5.766281297335398,hard,0.16857506475536227,0.1666699849985227,0.06463711781910321,0.0
0.0,0.0,49.118183563951455,0.09960250157637424,0.9515887614443955,0.48989794855663565,0.48989794855663565,0.0,0.48989794855663565,0.0,48.82058991859889,5.766281297335398,hard,0.17075725013822793,0.17149962853395842,0.06892285770733199,0.0
0.0,0.0,62.20059468663087,0.10310935572588431,0.9845046988063424,0.48989794855663565,0.48989794855663565,0.0,0.48989794855663565,0.0,54.97408480365999,5.766281297335398,hard,0.1736058211349294,0.1771094910742765,0.07404417630091782,0.0
0.0,0.0,40.87931520289459,0.1053437995227575,1.0128628062071379,0.48989794855663565,0.48989794855663565,0.0,0.48989794855663565,0.0,40.89190017595172,5.766281297335398,hard,0.17455754124265424,0.18090106510542037,0.0779839848212603,0.0
0.0,0.0,55.691837301207414,0.10781953753991051,1.0333602915579019,0.48989794855663565,0.48989794855663565,0.0,0.48989794855663565,0.0,54.747967998821665,5.766281297335398,hard,0.17565254348446482,0.18376827499485213,0.0836545973973114,0.0
0.0,0.0,52.155832032763996,0.11018003977782372,1.055485937502645,0.48989794855663565,0.48989794855663565,0.0,0.48989794855663565,0.0,52.230163698767015,5.766281297335398,hard,0.17601589376600976,0.18747126316465101,0.08917477819569705,0.0
0.0,0.0,44.965043884191175,0.11266090847233681,1.0809400170480252,0.48989794855663565,0.48989794855663565,0.0,0.48989794855663565,0.0,40.97056870486423,5.766281297335398,hard,0.17658460800507045,0.19161533921143073,0.0945744067946756,0.0
0.0,0.0,38.19269238661185,0.1153654869700762,1.1095865350030265,0.48989794855663565,0.48989794855663565,0.0,0.48989794855663565,0.0,37.76757868860538,5.766281297335398,hard,0.17787989922169942,0.19557599874929843,0.10049040557875816,0.0
0.0,0.0,33.20490510576327,0.1178686219591892,1.1420355115834027,0.48989794855663565,0.48989794855663565,0.0,0.48989794855663565,0.0,32.55130565737725,5.766281297335398,hard,0.17907843266313656,0.19921998311619812,0.10595702618135988,0.0
0.0,0.0,26.95030709528381,0.11991400867788694,1.173727380256104,0.48989794855663565,0.48989794855663565,0.0,0.48989794855663565,0.0,26.436480476795698,5.766281297335398,hard,0.18015268604695736,0.20132095036372724,0.11131522988283567,0.0
0.0,0.0,27.99087659622535,0.12199550126000591,1.2055888458247104,0.48989794855663565,0.48989794855663565,0.0,0.48989794855663565,0.0,27.72435752186153,5.766281297335398,hard,0.18130029520206717,0.20342071444411172,0.11692341699751146,0.0
0.0,0.0,35.82525298556661,0.12412971226918793,1.2340336196830517,0.48989794855663565,0.48989794855663565,0.0,0.48989794855663565,0.0,34.73485281385254,5.766281297335398,hard,0.1812128731168439,0.2075534843140315,0.12177544498682123,0.0
0.0,0.0,53.21438292807057,0.12668252963049784,1.2635122568844508,0.48989794855663565,0.48989794855663565,0.0,0.48989794855663565,0.0,43.018920256091974,5.766281297335398,hard,0.1825244282679356,0.21045723876441738,0.12786453900647232,0.0
0.0,0.0,36.50226331995249,0.12939163006906457,1.292898472796036,0.48989794855663565,0.48989794855663565,0.0,0.48989794855663565,0.0,35.817733038259135,5.766281297335398,hard,0.18494618154106365,0.21486219654087158,0.13199035087881894,0.0
0.0,0.0,37.603437093469104,0.13213878417101102,1.3223564243490016,0.48989794855663565,0.48989794855663565,0.0,0.48989794855663565,0.0,37.745562653111946,5.766281297335398,hard,0.18689745634968633,0.21902396996773238,0.13720336025415564,0.0
0.0,0.0,136.85172365558364,0.14361667240243467,1.403112104590384,0.9630680142129111,0.9630680142129111,0.0,0.9630680142129111,0.0,122.71889626296351,5.766281297335398,hard,0.18706476965711355,0.2214512687622333,0.15436365441861125,0.032205269408333306
0.0,0.0,90.65776842542287,0.14947539508859287,1.4303822058731936,0.9797958971132713,0.9797958971132713,0.0,0.9797958971132713,0.0,87.36108973679302,5.766281297335398,hard,0.18706476965711355,0.2226395446917334,0.1694728924028556,0.038325649882303775
0.0,0.0,70.10313112928031,0.15448802710839046,1.4416854624755835,0.9797958971132713,0.9797958971132713,0.0,0.9797958971132713,0.0,60.34440736306886,5.766281297335398,hard,0.18706476965711355,0.22412447327158566,0.18122104207773895,0.04619045159978353
0.0,0.0,64.2208198794547,0.15967766505987457,1.4486398499362383,0.9797958971132713,0.9797958971132713,0.0,0.9797958971132713,0.0,64.24982490248514,5.766281297335398,hard,0.18706476965711355,0.22709412256383701,0.19107018522986724,0.05460704969466612
0.0,0.0,75.97448724855016,0.16285088359993585,1.4485472369420198,0.9420721840708386,0.9420721840708386,0.0,0.9420721840708386,0.0,66.25954648199759,5.766281297335398,hard,0.18705116443818628,0.2273402831990182,0.19751314000978074,0.06166680848989547
0.0,0.0,71.6145045411327,0.16588218638997362,1.4482684728984097,0.9420721840708386,0.9420721840708386,0.0,0.9420721840708386,0.0,62.55755350075641,5.766281297335398,hard,0.1867942881796413,0.22693792202645674,0.20570694501214448,0.06754107494505092
0.0,0.0,71.69933169941991,0.16969379381211838,1.448063579256773,0.9420721840708386,0.9420721840708386,0.0,0.9420721840708386,0.0,59.35526514135036,5.766281297335398,hard,0.1866097235096418,0.22725832241304067,0.21652437362988122,0.07361158705607873
0.0,0.0,52.679667733929996,0.17407166966657758,1.4461488084915037,0.9420721840708386,0.9420721840708386,0.0,0.9420721840708386,0.0,52.69146040868482,5.766281297335398,hard,0.18649366242588628,0.2282736618238924,0.22725296268874262,0.08015922973413729
0.0,0.0,60.670274849853136,0.17874925112865223,1.4448285350313845,0.9420721840708386,0.9420721840708386,0.0,0.9420721840708386,0.0,55.90033541938723,5.766281297335398,hard,0.1860649382520544,0.23071466046031508,0.2387373827688461,0.08649899005091352
0.0,0.0,61.327929511270234,0.1823667228006898,1.4439147554143976,0.9420721840708386,0.9420721840708386,0.0,0.9420721840708386,0.0,53.25812144640478,5.766281297335398,hard,0.18584025984422614,0.23288175185666404,0.24730053013638828,0.0911141683601383
0.0,0.0,59.198084085089405,0.18621637300569413,1.4435299687045293,0.9420721840708386,0.9420721840708386,0.0,0.9420721840708386,0.0,57.92615989343675,5.766281297335398,hard,0.1858009113749589,0.2352891358134383,0.25455213282269823,0.09872057315691073
0.0,0.0,42.8953185300838,0.18908605441289678,1.444297843304764,0.9420721840708386,0.9420721840708386,0.0,0.9420721840708386,0.0,42.86653706564131,5.766281297335398,hard,0.1858009113749589,0.2367136057127456,0.2600062619313094,0.10404826486004813
0.0,0.0,66.73401850203877,0.1914228966066023,1.4447933629666612,0.9420721840708386,0.9420721840708386,0.0,0.9420721840708386,0.0,57.277635251466165,5.766281297335398,hard,0.18580122362692178,0.23893052381329963,0.2642588442042403,0.1082475259160106
0.0,0.0,49.83657141549623,0.19410539753146439,1.4456715517403265,0.9420721840708386,0.9420721840708386,0.0,0.9420721840708386,0.0,48.67124407697013,5.766281297335398,hard,0.18581428553817256,0.24115552685767888,0.2684792606774698,0.11378932241257654
0.0,0.0,45.704834136786396,0.19700286414750404,1.4472115825788041,0.9420721840708386,0.9420721840708386,0.0,0.9420721840708386,0.0,44.38296407406787,5.766281297335398,hard,0.18597444653267112,0.24312503790564938,0.27490922042031884,0.11787046945978062
0.0,0.0,44.556868286389694,0.2001685153925039,1.449041669191381,0.9420721840708386,0.9420721840708386,0.0,0.9420721840708386,0.0,43.31523981233395,5.766281297335398,hard,0.18597444653267112,0.24630576486810585,0.2812476576734442,0.12108753069752093
0.0,0.0,33.36104614760603,0.20245293544325327,1.451231529477128,0.9420721840708386,0.9420721840708386,0.0,0.9420721840708386,0.0,33.09603450566246,5.766281297335398,hard,0.1860667259491917,0.24817705889708033,0.285637596106852,0.12433177720353072
0.0,0.0,35.023960065925884,0.20469128584891777,1.4534594909409417,0.9420721840708386,0.9420721840708386,0.0,0.9420721840708386,0.0,34.07825553046987,5.766281297335398,hard,0.1860667259491917,0.24990415261458093,0.2899940648659227,0.1280393964343772
0.0,0.0,44.1959544710165,0.20774353587478053,1.4559534797572375,0.9420721840708386,0.9420721840708386,0.0,0.9420721840708386,0.0,44.00068181289921,5.766281297335398,hard,0.1860667259491917,0.2522869687624938,0.29406840632472697,0.13476641293887295
0.0,0.0,43.82248110587865,0.211064110597521,1.4588302157635196,0.9420721840708386,0.9420721840708386,0.0,0.9420721840708386,0.0,43.934354439322306,5.766281297335398,hard,0.1860667259491917,0.25494621064100453,0.29957339713539083,0.1407031971763673
0.0,0.0,45.43494028137894,0.21425340692852193,1.4620140937297499,0.9420721840708386,0.9420721840708386,0.0,0.9420721840708386,0.0,45.47557036475739,5.766281297335398,hard,0.1860667259491917,0.2573647063931098,0.3051769048183159,0.14645910754008554
0.0,0.0,78.0405145881537,0.21887466399080568,1.465105064313732,1.1135528725660044,1.1135528725660044,0.0,1.1135528725660044,0.0,62.89791331991864,5.766281297335398,hard,0.1860667259491917,0.25891931188305894,0.30816518713974367,0.16162431469993974
0.0,0.0,49.080766702519824,0.2216287145956009,1.4686449690910905,1.1608186766243898,1.16081867662439,0.0,1.16081867662439,0.0,40.41521990537723,5.766281297335398,hard,0.1860667259491917,0.2595152419100306,0.31110290001686075,0.17028870505383278
0.0,0.0,34.30180232968904,0.22356917102741528,1.4728351755379274,1.1608186766243898,1.16081867662439,0.0,1.16081867662439,0.0,34.98038736206333,5.766281297335398,hard,0.1860667259491917,0.2600506667210945,0.3127921069142171,0.17718032433856434
0.0,0.0,37.11035700654606,0.22564244035179512,1.4728351755379274,1.1608186766243898,1.16081867662439,0.0,1.16081867662439,0.0,26.409988640663972,5.766281297335398,hard,0.1860667259491917,0.2601360594501425,0.3142191458331571,0.18369225496132618
0.0,0.0,64.10914253072748,0.22738257909350681,1.47348130824735,1.161895003862225,1.161895003862225,0.0,1.161895003862225,0.0,54.890322462160846,5.766281297335398,hard,0.1860667259491917,0.2602222025712418,0.3152138119652153,0.18658822588167046
0.0,0.0,31.429618439216892,0.2292486086707949,1.47348130824735,1.161895003862225,1.161895003862225,0.0,1.161895003862225,0.0,31.06199446268704,5.766281297335398,hard,0.1860667259491917,0.2602222025712418,0.3172421046905829,0.1921332141980163
0.0,0.0,49.30394760854163,0.23184772885843033,1.47348130824735,1.161895003862225,1.161895003862225,0.0,1.161895003862225,0.0,37.561150142134885,5.766281297335398,hard,0.1860667259491917,0.2602222025712418,0.32019851855772263,0.20043815182877384
0.0,0.0,26.28495387333312,0.23359381805450424,1.47348130824735,1.161895003862225,1.161895003862225,0.0,1.161895003862225,0.0,25.84816241050802,5.766281297335398,hard,0.1860667259491917,0.2602222025712418,0.32247055421660364,0.20557116054714047
0.0,0.0,19.304174020620398,0.2350601090583566,1.47348130824735,1.161895003862225,1.161895003862225,0.0,1.161895003862225,0.0,19.511278789459187,5.766281297335398,hard,0.1860667259491917,0.2602222025712418,0.3244292009931031,0.2096857116794617
0.0,0.0,25.725449945133274,0.2366300323097228,1.47348130824735,1.161895003862225,1.161895003862225,0.0,1.161895003862225,0.0,26.04688081133708,5.766281297335398,hard,0.1860667259491917,0.260309095339419,0.32722185305812496,0.21292634020235368
0.0,0.0,22.379633178496366,0.23824944724747538,1.47348130824735,1.161895003862225,1.161895003862225,0.0,1.161895003862225,0.0,22.411827234743708,5.766281297335398,hard,0.1860667259491917,0.260309095339419,0.3294290363500633,0.21710266270721915
0.0,0.0,18.335118409635633,0.23929724222749288,1.47348130824735,1.161895003862225,1.161895003862225,0.0,1.161895003862225,0.0,18.158400259934794,5.766281297335398,hard,0.1860667259491917,0.260309095339419,0.33127724113521584,0.21931975964914066
0.0,0.0,30.619603575997942,0.24075925683773658,1.47348130824735,1.161895003862225,1.161895003862225,0.0,1.161895003862225,0.0,28.107116536564185,5.766281297335398,hard,0.1860667259491917,0.260330935575995,0.33348391579035463,0.22313385705092895
0.0,0.0,23.017351486109405,0.2420677177505825,1.47348130824735,1.161895003862225,1.161895003862225,0.0,1.161895003862225,0.0,23.554405108174564,5.766281297335398,hard,0.1860667259491917,0.26035282260685716,0.3352256505377211,0.2264999316095272
0.0,0.0,19.6177362607076,0.24317741998303782,1.47348130824735,1.161895003862225,1.161895003862225,0.0,1.161895003862225,0.0,19.57013030104807,5.766281297335398,hard,0.1860667259491917,0.26035282260685716,0.33680777191965994,0.2290562265383385
0.0,0.0,22.397954707286015,0.2447578040338584,1.47348130824735,1.161895003862225,1.161895003862225,0.0,1.161895003862225,0.0,22.419634252146043,5.766281297335398,hard,0.1860667259491917,0.26035282260685716,0.33730251612772666,0.23445891926386128
0.0,0.0,20.41888085777021,0.2462354951654348,1.47348130824735,1.161895003862225,1.161895003862225,0.0,1.161895003862225,0.0,20.27905323233804,5.766281297335398,hard,0.1860667259491917,0.26035282260685716,0.3376564756975715,0.23979513931073063
0.0,0.0,42.49560281760708,0.2477633556443217,1.474366098887044,1.161895003862225,1.161895003862225,0.0,1.161895003862225,0.0,42.228988858366,5.766281297335398,hard,0.1860667259491917,0.2605737359727234,0.33679094012444394,0.2461527242539343
0.0,0.0,23.87023255419902,0.24915004611311004,1.475585483733136,1.161895003862225,1.161895003862225,0.0,1.161895003862225,0.0,23.136281032179742,5.766281297335398,hard,0.1860667259491917,0.2606729355663667,0.3368639606726511,0.25136244814955294
0.0,0.0,27.396551197713503,0.250656742998978,1.4769740182533626,1.161895003862225,1.161895003862225,0.0,1.161895003862225,0.0,27.07078683747482,5.766281297335398,hard,0.1860667259491917,0.2607982649968393,0.33742845146865746,0.2565709460272337
0.0,0.0,21.98667242998937,0.2519159082951819,1.4769740182533626,1.161895003862225,1.161895003862225,0.0,1.161895003862225,0.0,22.211708624056815,5.766281297335398,hard,0.1860667259491917,0.2607982649968393,0.33912853485797795,0.260213912903822
0.0,0.0,13.991770780605798,0.2527284840474051,1.4769740182533626,1.161895003862225,1.161895003862225,0.0,1.161895003862225,0.0,13.577186748365802,5.766281297335398,hard,0.1860667259491917,0.2607982649968393,0.3395365987719432,0.2631960593736113
0.0,0.0,16.492393422539354,0.2536520131575302,1.4769740182533626,1.161895003862225,1.161895003862225,0.0,1.161895003862225,0.0,16.241536257386493,5.766281297335398,hard,0.1860667259491917,0.2607982649968393,0.33980766501953796,0.2668136249421709
0.0,0.0,14.946413587972408,0.25457849198706206,1.4769740182533626,1.161895003862225,1.161895003862225,0.0,1.161895003862225,0.0,14.048042568272633,5.766281297335398,hard,0.1860667259491917,0.2607982649968393,0.3404664530274205,0.26998369482165185
0.0,0.0,19.168152874738244,0.25589077178237385,1.4769740182533626,1.161895003862225,1.161895003862225,0.0,1.161895003862225,0.0,19.525048015305877,5.766281297335398,hard,0.1860667259491917,0.2607982649968393,0.3421075478599121,0.27356229179769037
0.0,0.0,23.196812841766572,0.2570303332510501,1.4786786783514139,1.161895003862225,1.161895003862225,0.0,1.161895003862225,0.0,23.158745648242697,5.766281297335398,hard,0.1860667259491917,0.2609117582269575,0.3436715210971374,0.2763111231069564
0.0,0.0,12.344325553602316,0.2579090407560554,1.4809370014752605,1.161895003862225,1.161895003862225,0.0,1.161895003862225,0.0,12.747156545677157,5.766281297335398,hard,0.1860667259491917,0.2609117582269575,0.34460122722601944,0.2789728732077005
0.0,0.0,22.35758300765235,0.259474812281166,1.4835119286537544,1.161895003862225,1.161895003862225,0.0,1.161895003862225,0.0,22.264321233758732,5.766281297335398,hard,0.1860667259491917,0.26091625039799204,0.3469592224943817,0.283189377151924
0.0,0.0,20.697402852016495,0.2606814002306974,1.48655151078836,1.161895003862225,1.161895003862225,0.0,1.161895003862225,0.0,20.785752331825762,5.766281297335398,hard,0.1860667259491917,0.26093001398648613,0.3474030958054825,0.28827780029020067
0.0,0.0,27.057371136338737,0.2616134461081503,1.4899123301754233,1.161895003862225,1.161895003862225,0.0,1.161895003862225,0.0,24.05015592465047,5.766281297335398,hard,0.1860667259491917,0.2610052888892851,0.347485689843184,0.2922974699776712
0.0,0.0,33.999467322243184,0.2626520483787683,1.4934953248141194,1.161895003862225,1.161895003862225,0.0,1.161895003862225,0.0,33.248308227637686,5.766281297335398,hard,0.1860667259491917,0.26115464093234086,0.347586706426153,0.2965943040214529
0.0,0.0,24.934955417657093,0.2638254801506794,1.497202785228856,1.161895003862225,1.161895003862225,0.0,1.161895003862225,0.0,20.43159318310738,5.766281297335398,hard,0.1860667259491917,0.2611612356883925,0.34821567441736323,0.30131448539631056
0.0,0.0,30.75289636142458,0.2649894958639708,1.5016783041231085,1.161895003862225,1.161895003862225,0.0,1.161895003862225,0.0,30.18426742526643,5.766281297335398,hard,0.1860667259491917,0.2611612356883925,0.3484933067730046,0.30608497913050975
0.0,0.0,25.697234474294035,0.2656535940997138,1.5057771781952307,1.161895003862225,1.161895003862225,0.0,1.161895003862225,0.0,14.861022845013057,5.766281297335398,hard,0.1860667259491917,0.2611612356883925,0.34874160278353544,0.30884160901179897
0.0,0.0,20.469810255701898,0.2665612799402566,1.509934437556519,1.161895003862225,1.161895003862225,0.0,1.161895003862225,0.0,19.63771880845634,5.766281297335398,hard,0.1860667259491917,0.2611612356883925,0.3497319991407751,0.3118407813643028
0.0,0.0,42.07157737870523,0.26942293243686705,1.5144882090407823,1.161895003862225,1.161895003862225,0.0,1.161895003862225,0.0,42.02499256394937,5.766281297335398,hard,0.1860667259491917,0.2611612356883925,0.35284058176285127,0.31930181364465826
0.0,0.0,26.11603449426518,0.2710861087847953,1.5157063408426632,1.161895003862225,1.161895003862225,0.0,1.161895003862225,0.0,26.17035536633005,5.766281297335398,hard,0.1860667259491917,0.26118809180648783,0.35445259269398144,0.32397661136920936
0.0,0.0,29.514822662596107,0.2728664803547779,1.5157063408426632,1.161895003862225,1.161895003862225,0.0,1.161895003862225,0.0,25.927591480891547,5.766281297335398,hard,0.1860667259491917,0.26118809180648783,0.3552985156214539,0.33062242578081075
0.0,0.0,19.039958197815423,0.2742448998598491,1.5157063408426632,1.161895003862225,1.161895003862225,0.0,1.161895003862225,0.0,18.017769007288333,5.766281297335398,hard,0.1860667259491917,0.2611949250910883,0.3557204150790131,0.33592283776689263
0.0,0.0,41.172949339515434,0.27557053752582694,1.5157063408426632,1.161895003862225,1.161895003862225,0.0,1.161895003862225,0.0,41.32707950000823,5.766281297335398,hard,0.1860667259491917,0.26172140099789204,0.3568586617649987,0.3394211246157772
0.0,0.0,16.616072110383556,0.2765706316305481,1.5157063408426632,1.161895003862225,1.161895003862225,0.0,1.161895003862225,0.0,15.504837954651444,5.766281297335398,hard,0.1860667259491917,0.2617412025488072,0.35704695090406086,0.3435348998316969
0.0,0.0,20.754858447503423,0.27816902145035205,1.5157063408426632,1.161895003862225,1.161895003862225,0.0,1.161895003862225,0.0,20.858811087883222,5.766281297335398,hard,0.1860667259491917,0.2618017445451054,0.35842939725197287,0.3491608408464137
0.0,0.0,36.64611942430382,0.2794229259565941,1.5157063408426632,1.161895003862225,1.161895003862225,0.0,1.161895003862225,0.0,26.192126679595912,5.766281297335398,hard,0.1860667259491917,0.2620609511204632,0.3604996039573232,0.3521602751439155
0.0,0.0,12.75177374810921,0.2801162581084535,1.5157063408426632,1.161895003862225,1.161895003862225,0.0,1.161895003862225,0.0,12.378509603340785,5.766281297335398,hard,0.1860667259491917,0.2620609511204632,0.3618631745071336,0.3537734463964752
0.0,0.0,7.276281542145086,0.2803599006248637,1.5157063408426632,1.161895003862225,1.161895003862225,0.0,1.161895003862225,0.0,6.741476099490378,5.766281297335398,hard,0.1860667259491917,0.26207234226047404,0.3624214569784803,0.3542717580047669
0.0,0.0,8.004450081221025,0.2807480612060485,1.5157063408426632,1.161895003862225,1.161895003862225,0.0,1.161895003862225,0.0,7.499833331481442,5.766281297335398,hard,0.1860667259491917,0.26207234226047404,0.3631131040552487,0.35520630247707574
0.0,0.0,6.039018100860128,0.2810014000622282,1.5157063408426632,1.161895003862225,1.161895003862225,0.0,1.161895003862225,0.0,5.6592844070606665,5.766281297335398,hard,0.1860667259491917,0.26213000609363174,0.3633271281213882,0.35603774289256673
0.0,0.0,15.682475483082197,0.2813367351050718,1.5157063408426632,1.161895003862225,1.161895003862225,0.0,1.161895003862225,0.0,15.45080904030595,5.766281297335398,hard,0.1860667259491917,0.2623977303692898,0.3639558144960341,0.3564524806886363
0.0,0.0,18.519516599026325,0.2816403177309242,1.5157063408426632,1.161895003862225,1.161895003862225,0.0,1.161895003862225,0.0,16.98999705709215,5.766281297335398,hard,0.1860667259491917,0.26274347940004394,0.364608110067824,0.3566292435400372
0.0,0.0,18.168895152838907,0.2820133407675901,1.5157063408426632,1.161895003862225,1.161895003862225,0.0,1.161895003862225,0.0,18.122568802462858,5.766281297335398,hard,0.1860667259491917,0.26316648327676284,0.3652808569162098,0.3570281421762492
0.0,0.0,19.89132889498843,0.2826386875894021,1.5157063408426632,1.161895003862225,1.161895003862225,0.0,1.161895003862225,0.0,20.14764254199483,5.766281297335398,hard,0.1860667259491917,0.2634810704176253,0.36694116719921654,0.3573195617448361
0.0,0.0,14.786170128412504,0.28293983772578857,1.5157063408426632,1.161895003862225,1.161895003862225,0.0,1.161895003862225,0.43588989435406733,14.594862109660369,5.766281297335398,hard,0.1860667259491917,0.2635790738109487,0.367568674720506,0.3577328329930891
0.0,0.0,15.807296153125925,0.2832457220828035,1.5157063408426632,1.161895003862225,1.161895003862225,0.0,1.161895003862225,0.43588989435406733,15.68590131296254,5.766281297335398,hard,0.1860667259491917,0.26372921111712816,0.36828560355335976,0.35801810469240763
0.0,0.0,19.557657825031065,0.2835603115736627,1.5157063408426632,1.161895003862225,1.161895003862225,0.0,1.161895003862225,0.43588989435406733,18.515128949051366,5.766281297335398,hard,0.1860667259491917,0.2637461248220679,0.36889841022897396,0.35856722791421136
0.0,0.0,20.290077329273814,0.2838683607811641,1.5157063408426632,1.161895003862225,1.161895003862225,0.0,1.161895003862225,0.43588989435406733,16.542294278605972,5.766281297335398,hard,0.1860667259491917,0.2639352309762521,0.3694938925424994,0.35897202561024893
0.0,0.0,27.65507957544871,0.28438193030548364,1.5157063408426632,1.161895003862225,1.161895003862225,0.0,1.161895003862225,0.43588989435406733,27.461063344306247,5.766281297335398,hard,0.1860667259491917,0.2645931634938836,0.37066235300745776,0.3592604294541194
0.0,0.0,25.348139851473643,0.2848535751660476,1.5157063408426632,1.161895003862225,1.161895003862225,0.0,1.161895003862225,0.43588989435406733,25.063668925358872,5.766281297335398,hard,0.1860667259491917,0.2650850713140647,0.37177726570608594,0.3596081884735298
0.0,0.0,11.06885309580678,0.2850150689097737,1.4739009394460691,1.161895003862225,1.161895003862225,0.21794494717703364,1.161895003862225,0.43588989435406733,9.153687781435416,5.766281297335398,hard,0.1860667259491917,0.26528982790755373,0.3719979501549459,0.3598206360917958
0.0,0.0,28.792464243171825,0.28564773187487297,1.4304363430923053,1.161895003862225,1.161895003862225,0.30000000000000004,1.161895003862225,0.43588989435406733,28.76873302736845,5.766281297335398,hard,0.1860667259491917,0.26610932465310255,0.3730550390439509,0.36050660942624596
0.0,0.0,18.65424061640854,0.2860719936405736,1.434155202173415,1.161895003862225,1.161895003862225,0.30000000000000004,1.161895003862225,0.43588989435406733,18.96121040440193,5.766281297335398,hard,0.1860667259491917,0.26659018324539,0.3739052426307469,0.36092303283200705
0.0,0.0,1.5730443104050764,0.2860719936405736,1.4385297283916718,1.161895003862225,1.161895003862225,0.30000000000000004,1.161895003862225,0.43588989435406733,0.0,5.766281297335398,hard,0.1860667259491917,0.26659018324539,0.3739052426307469,0.36092303283200705
0.0,0.0,1.360453904585162,0.2860719936405736,1.4432937181227614,1.161895003862225,1.161895003862225,0.30000000000000004,1.161895003862225,0.43588989435406733,0.0,5.766281297335398,hard,0.1860667259491917,0.26659018324539,0.3739052426307469,0.36092303283200705
0.0,0.0,51.74551074606982,0.287345770845056,1.4485454673815343,1.161895003862225,1.161895003862225,0.30000000000000004,1.161895003862225,0.43588989435406733,49.6804539029184,5.766281297335398,hard,0.1860667259491917,0.2678144984194177,0.3767191350581822,0.36218612200444894
0.0,0.0,36.68231322834584,0.2883536045314646,1.4536665634684862,1.161895003862225,1.161895003862225,0.30000000000000004,1.161895003862225,0.43588989435406733,35.74297133703353,5.766281297335398,hard,0.1860667259491917,0.26906623167345406,0.3785593349282614,0.36326568629152933
0.0,0.0,28.129158137171256,0.28912779846582354,1.4594322359500753,1.161895003862225,1.161895003862225,0.30000000000000004,1.161895003862225,0.43588989435406733,28.33284313301438,5.766281297335398,hard,0.1860667259491917,0.2702369216995754,0.37991755519597376,0.36398246538924584
0.0,0.0,19.561893157105246,0.2896424313966243,1.4660926202221483,1.161895003862225,1.161895003862225,0.30000000000000004,1.161895003862225,0.43588989435406733,19.397100298755994,5.766281297335398,hard,0.1860667259491917,0.27117018914107566,0.38107296925136475,0.36416638161008824
0.0,0.0,31.61906532581195,0.2906484557691315,1.4732057691809777,1.161895003862225,1.161895003862225,0.30000000000000004,1.161895003862225,0.43588989435406733,32.69174207655505,5.766281297335398,hard,0.1860667259491917,0.2717940612701803,0.3827428993393851,0.36588081175304027
0.0,0.0,20.64845178929528,0.2912790379346892,1.48032821453572,1.161895003862225,1.161895003862225,0.30000000000000004,1.161895003862225,0.43588989435406733,21.358604823349303,5.766281297335398,hard,0.1860667259491917,0.27227308323788335,0.38371084186408444,0.3669639528351495
0.0,0.0,18.793991786045567,0.2918812461736306,1.4879054553119258,1.161895003862225,1.161895003862225,0.30000000000000004,1.161895003862225,0.43588989435406733,18.743265457224894,5.766281297335398,hard,0.1860667259491917,0.27269590077075523,0.38420356647410897,0.3683752032541157
0.0,0.0,11.370205382323364,0.29216080008778067,1.495783848143451,1.161895003862225,1.161895003862225,0.30000000000000004,1.161895003862225,0.43588989435406733,12.422861989090919,5.766281297335398,hard,0.1860667259491917,0.2731925662941435,0.38430990642581403,0.36888166535200756
0.0,0.0,7.505816589165127,0.2923489471201902,1.5036244023115415,1.161895003862225,1.161895003862225,0.30000000000000004,1.161895003862225,0.43588989435406733,6.102458520956944,5.766281297335398,hard,0.1860667259491917,0.27356275120694695,0.38430990642581403,0.36925314947600874
0.0,0.0,6.936223953294877,0.2924514527561622,1.5119697048646135,1.161895003862225,1.161895003862225,0.30000000000000004,1.161895003862225,0.43588989435406733,5.448623679425842,5.766281297335398,hard,0.1860667259491917,0.27380094008313205,0.38430990642581403,0.3694262131691515
0.0,0.0,4.558111970283121,0.292530586279299,1.5157063408426632,1.161895003862225,1.161895003862225,0.30000000000000004,1.161895003862225,0.43588989435406733,3.9230090491866068,5.766281297335398,hard,0.1860667259491917,0.2739723174699155,0.3843809477240537,0.3695131255558208
0.0,0.0,1.3474012366854335,0.292530586279299,1.5157063408426632,1.161895003862225,1.161895003862225,0.30000000000000004,1.161895003862225,0.43588989435406733,0.0,5.766281297335398,hard,0.1860667259491917,0.2739723174699155,0.3843809477240537,0.3695131255558208
0.0,0.0,1.1758859012328904,0.292530586279299,1.5157063408426632,1.161895003862225,1.161895003862225,0.30000000000000004,1.161895003862225,0.43588989435406733,0.0,5.766281297335398,hard,0.1860667259491917,0.2739723174699155,0.3843809477240537,0.3695131255558208
0.0,0.0,6.076353748766161,0.292530586279299,1.5157063408426632,1.161895003862225,1.161895003862225,0.30000000000000004,1.161895003862225,0.43588989435406733,0.0,5.766281297335398,hard,0.1860667259491917,0.2739723174699155,0.3843809477240537,0.3695131255558208
0.0,0.0,4.250446507909604,0.292530586279299,1.5157063408426632,1.161895003862225,1.161895003862225,0.30000000000000004,1.161895003862225,0.43588989435406733,0.0,5.766281297335398,hard,0.1860667259491917,0.2739723174699155,0.3843809477240537,0.3695131255558208
0.0,0.0,7.663004039691568,0.292530586279299,1.4284684726565038,1.161895003862225,1.161895003862225,0.6000000000000001,1.161895003862225,0.43588989435406733,0.0,5.766281297335398,hard,0.1860667259491917,0.2739723174699155,0.3843809477240537,0.3695131255558208
0.0,0.0,1.5007097160513743,0.292530586279299,1.4321683877261135,1.161895003862225,1.161895003862225,0.6000000000000001,1.161895003862225,0.43588989435406733,0.0,5.766281297335398,hard,0.1860667259491917,0.2739723174699155,0.3843809477240537,0.3695131255558208
0.0,0.0,7.504747721230317,0.292530586279299,1.4361921313698613,1.161895003862225,1.161895003862225,0.6000000000000001,1.161895003862225,0.43588989435406733,0.0,5.766281297335398,hard,0.1860667259491917,0.2739723174699155,0.3843809477240537,0.3695131255558208
0.0,0.0,1.4248501679550478,0.292530586279299,1.4404355079979936,1.161895003862225,1.161895003862225,0.6000000000000001,1.161895003862225,0.43588989435406733,0.0,5.766281297335398,hard,0.1860667259491917,0.2739723174699155,0.3843809477240537,0.3695131255558208
0.0,0.0,1.591614248263944,0.292530586279299,1.4454746655833655,1.161895003862225,1.161895003862225,0.6000000000000001,1.161895003862225,0.43588989435406733,0.0,5.766281297335398,hard,0.1860667259491917,0.2739723174699155,0.3843809477240537,0.3695131255558208
0.0,0.0,1.4256058092721602,0.292530586279299,1.4508361679957231,1.161895003862225,1.161895003862225,0.6000000000000001,1.161895003862225,0.43588989435406733,0.0,5.766281297335398,hard,0.1860667259491917,0.2739723174699155,0.3843809477240537,0.3695131255558208
0.0,0.0,1.5897713748313367,0.292530586279299,1.4566291026353941,1.161895003862225,1.161895003862225,0.6000000000000001,1.161895003862225,0.43588989435406733,0.0,5.766281297335398,hard,0.1860667259491917,0.2739723174699155,0.3843809477240537,0.3695131255558208
0.0,0.0,20.65052522190546,0.292766868740485,1.4669676738762334,1.161895003862225,1.161895003862225,0.6000000000000001,1.161895003862225,0.43588989435406733,21.576549770526338,5.766281297335398,hard,0.1860667259491917,0.2742983395366917,0.3847992383135981,0.36977174145019764
0.0,0.0,1.60501393107175,0.292766868740485,1.4735048868971363,1.161895003862225,1.161895003862225,0.6000000000000001,1.161895003862225,0.43588989435406733,0.0,5.766281297335398,hard,0.1860667259491917,0.2742983395366917,0.3847992383135981,0.36977174145019764
0.0,0.0,1.4276875777252518,0.292766868740485,1.4803253297733319,1.161895003862225,1.161895003862225,0.6000000000000001,1.161895003862225,0.43588989435406733,0.0,5.766281297335398,hard,0.1860667259491917,0.2742983395366917,0.3847992383135981,0.36977174145019764
0.0,0.0,7.331821538265871,0.292766868740485,1.487455596117801,1.161895003862225,1.161895003862225,0.6000000000000001,1.161895003862225,0.43588989435406733,0.0,5.766281297335398,hard,0.1860667259491917,0.2742983395366917,0.3847992383135981,0.36977174145019764
0.0,0.0,1.3201517275466355,0.292766868740485,1.494676426241587,1.161895003862225,1.161895003862225,0.6000000000000001,1.161895003862225,0.43588989435406733,0.0,5.766281297335398,hard,0.1860667259491917,0.2742983395366917,0.3847992383135981,0.36977174145019764
0.0,0.0,1.1246844013508064,0.292766868740485,1.5026394658503281,1.161895003862225,1.161895003862225,0.6000000000000001,1.161895003862225,0.43588989435406733,0.0,5.766281297335398,hard,0.1860667259491917,0.2742983395366917,0.3847992383135981,0.36977174145019764
0.0,0.0,1.5820965835684302,0.292766868740485,1.5110286300439415,1.161895003862225,1.161895003862225,0.6000000000000001,1.161895003862225,0.43588989435406733,0.0,5.766281297335398,hard,0.1860667259491917,0.2742983395366917,0.3847992383135981,0.36977174145019764
0.0,0.0,1.4051430866640997,0.292766868740485,1.519419919745006,1.161895003862225,1.161895003862225,0.6000000000000001,1.161895003862225,0.43588989435406733,0.0,5.766281297335398,hard,0.1860667259491917,0.2742983395366917,0.3847992383135981,0.36977174145019764
0.0,0.0,1.5352827818063493,0.292766868740485,1.5194298749536967,1.161895003862225,1.161895003862225,0.6000000000000001,1.161895003862225,0.43588989435406733,0.0,5.766281297335398,hard,0.1860667259491917,0.2742983395366917,0.3847992383135981,0.36977174145019764
0.0,0.0,1.3608689444208288,0.292766868740485,1.5194298749536967,1.161895003862225,1.161895003862225,0.6000000000000001,1.161895003862225,0.43588989435406733,0.0,5.766281297335398,hard,0.1860667259491917,0.2742983395366917,0.3847992383135981,0.36977174145019764
0.0,0.0,1.46224784048161,0.292766868740485,1.5194298749536967,1.161895003862225,1.161895003862225,0.6000000000000001,1.161895003862225,0.43588989435406733,0.0,5.766281297335398,hard,0.1860667259491917,0.2742983395366917,0.3847992383135981,0.36977174145019764
0.0,0.0,1.2750411571771856,0.292766868740485,1.5194298749536967,1.161895003862225,1.161895003862225,0.6000000000000001,1.161895003862225,0.43588989435406733,0.0,5.766281297335398,hard,0.1860667259491917,0.2742983395366917,0.3847992383135981,0.36977174145019764
0.0,0.0,1.5710140443287002,0.292766868740485,1.5194298749536967,1.161895003862225,1.161895003862225,0.6000000000000001,1.161895003862225,0.43588989435406733,0.0,5.766281297335398,hard,0.1860667259491917,0.2742983395366917,0.3847992383135981,0.36977174145019764
0.0,0.0,9.82574675330175,0.292766868740485,1.3308673264770974,1.161895003862225,1.161895003862225,0.9165151389911681,1.161895003862225,0.43588989435406733,0.0,5.766281297335398,hard,0.1860667259491917,0.2742983395366917,0.3847992383135981,0.36977174145019764
0.0,0.0,1.5444698088491606,0.292766868740485,1.3400779566001804,1.161895003862225,1.161895003862225,0.9165151389911681,1.161895003862225,0.43588989435406733,0.0,5.766281297335398,hard,0.1860667259491917,0.2742983395366917,0.3847992383135981,0.36977174145019764
0.0,0.0,1.3034700488914623,0.292766868740485,1.3501348424123354,1.161895003862225,1.161895003862225,0.9165151389911681,1.161895003862225,0.43588989435406733,0.0,5.766281297335398,hard,0.1860667259491917,0.2742983395366917,0.3847992383135981,0.36977174145019764
0.0,0.0,5.030183791033453,0.292766868740485,1.3614534577487838,1.161895003862225,1.161895003862225,0.9165151389911681,1.161895003862225,0.43588989435406733,0.0,5.766281297335398,hard,0.1860667259491917,0.2742983395366917,0.3847992383135981,0.36977174145019764
0.0,0.0,4.211174930495751,0.292766868740485,1.3726101397693709,1.161895003862225,1.161895003862225,0.9165151389911681,1.161895003862225,0.43588989435406733,0.0,5.766281297335398,hard,0.1860667259491917,0.2742983395366917,0.3847992383135981,0.36977174145019764
0.0,0.0,1.5823908916059297,0.292766868740485,1.3849777880861416,1.161895003862225,1.161895003862225,0.9165151389911681,1.161895003862225,0.43588989435406733,0.0,5.766281297335398,hard,0.1860667259491917,0.2742983395366917,0.3847992383135981,0.36977174145019764
0.0,0.0,1.4222756398305418,0.292766868740485,1.3984357712131013,1.161895003862225,1.161895003862225,0.9165151389911681,1.161895003862225,0.43588989435406733,0.0,5.766281297335398,hard,0.1860667259491917,0.2742983395366917,0.3847992383135981,0.36977174145019764
0.0,0.0,8.344300710065522,0.292766868740485,1.412335347069266,1.161895003862225,1.161895003862225,0.9165151389911681,1.161895003862225,0.43588989435406733,0.0,5.766281297335398,hard,0.1860667259491917,0.2742983395366917,0.3847992383135981,0.36977174145019764
0.0,0.0,1.3470270116201495,0.292766868740485,1.4267391836597252,1.161895003862225,1.161895003862225,0.9165151389911681,1.161895003862225,0.43588989435406733,0.0,5.766281297335398,hard,0.1860667259491917,0.2742983395366917,0.3847992383135981,0.36977174145019764
0.0,0.0,1.5872319674658817,0.292766868740485,1.4416031539012535,1.161895003862225,1.161895003862225,0.9165151389911681,1.161895003862225,0.43588989435406733,0.0,5.766281297335398,hard,0.1860667259491917,0.2742983395366917,0.3847992383135981,0.36977174145019764
0.0,0.0,1.347394349980716,0.292766868740485,1.4571806723950071,1.161895003862225,1.161895003862225,0.9165151389911681,1.161895003862225,0.43588989435406733,0.0,5.766281297335398,hard,0.1860667259491917,0.2742983395366917,0.3847992383135981,0.36977174145019764
0.0,0.0,1.5075937986130183,0.292766868740485,1.4727359838154122,1.161895003862225,1.161895003862225,0.9165151389911681,1.161895003862225,0.43588989435406733,0.0,5.766281297335398,hard,0.1860667259491917,0.2742983395366917,0.3847992383135981,0.36977174145019764
0.0,0.0,1.2870874335120246,0.292766868740485,1.4889944476559684,1.161895003862225,1.161895003862225,0.9165151389911681,1.161895003862225,0.43588989435406733,0.0,5.766281297335398,hard,0.1860667259491917,0.2742983395366917,0.3847992383135981,0.36977174145019764
0.0,0.0,1.5658485985337944,0.292766868740485,1.5061425862791897,1.161895003862225,1.161895003862225,0.9165151389911681,1.161895003862225,0.43588989435406733,0.0,5.766281297335398,hard,0.1860667259491917,0.2742983395366917,0.3847992383135981,0.36977174145019764
0.0,0.0,1.3721459822929898,0.292766868740485,1.518972535641207,1.161895003862225,1.161895003862225,0.9165151389911681,1.161895003862225,0.43588989435406733,0.0,5.766281297335398,hard,0.1860667259491917,0.2742983395366917,0.3847992383135981,0.36977174145019764
0.0,0.0,7.207165238255283,0.292766868740485,1.5194298749536967,1.161895003862225,1.161895003862225,0.9165151389911681,1.161895003862225,0.43588989435406733,0.0,5.766281297335398,hard,0.1860667259491917,0.2742983395366917,0.3847992383135981,0.36977174145019764
0.0,0.0,1.4743554617399452,0.292766868740485,1.5194298749536967,1.161895003862225,1.161895003862225,0.9165151389911681,1.161895003862225,0.43588989435406733,0.0,5.766281297335398,hard,0.1860667259491917,0.2742983395366917,0.3847992383135981,0.36977174145019764
0.0,0.0,1.3615164939084634,0.292766868740485,1.5194298749536967,1.161895003862225,1.161895003862225,0.9165151389911681,1.161895003862225,0.43588989435406733,0.0,5.766281297335398,hard,0.1860667259491917,0.2742983395366917,0.3847992383135981,0.36977174145019764
0.0,0.0,1.400557355107443,0.292766868740485,1.5194298749536967,1.161895003862225,1.161895003862225,0.9165151389911681,1.161895003862225,0.43588989435406733,0.0,5.766281297335398,hard,0.1860667259491917,0.2742983395366917,0.3847992383135981,0.36977174145019764
0.0,0.0,1.3415518318928021,0.292766868740485,1.5194298749536967,1.161895003862225,1.161895003862225,0.9165151389911681,1.161895003862225,0.43588989435406733,0.0,5.766281297335398,hard,0.1860667259491917,0.2742983395366917,0.3847992383135981,0.36977174145019764
0.0,0.0,10.196360280287852,0.292766868740485,1.329946110544615,1.161895003862225,1.161895003862225,1.2806248474865698,1.161895003862225,0.43588989435406733,0.0,5.766281297335398,hard,0.1860667259491917,0.2742983395366917,0.3847992383135981,0.36977174145019764
0.0,0.0,1.5238186051449,0.292766868740485,1.3390631503083403,1.161895003862225,1.161895003862225,1.2806248474865698,1.161895003862225,0.43588989435406733,0.0,5.766281297335398,hard,0.1860667259491917,0.2742983395366917,0.3847992383135981,0.36977174145019764
0.0,0.0,1.3332253524651019,0.292766868740485,1.3490814436771343,1.161895003862225,1.161895003862225,1.2806248474865698,1.161895003862225,0.43588989435406733,0.0,5.766281297335398,hard,0.1860667259491917,0.2742983395366917,0.3847992383135981,0.36977174145019764
0.0,0.0,1.5259090816078538,0.292766868740485,1.3596318708145945,1.161895003862225,1.161895003862225,1.2806248474865698,1.161895003862225,0.43588989435406733,0.0,5.766281297335398,hard,0.1860667259491917,0.2742983395366917,0.3847992383135981,0.36977174145019764
0.0,0.0,1.482512487859416,0.292766868740485,1.3713743948675836,1.161895003862225,1.161895003862225,1.2806248474865698,1.161895003862225,0.43588989435406733,0.0,5.766281297335398,hard,0.1860667259491917,0.2742983395366917,0.3847992383135981,0.36977174145019764
0.0,0.0,1.5915997203408723,0.292766868740485,1.3838035653596739,1.161895003862225,1.161895003862225,1.2806248474865698,1.161895003862225,0.43588989435406733,0.0,5.766281297335398,hard,0.1860667259491917,0.2742983395366917,0.3847992383135981,0.36977174145019764
0.0,0.0,1.4236042681404781,0.292766868740485,1.3966810172489825,1.161895003862225,1.161895003862225,1.2806248474865698,1.161895003862225,0.43588989435406733,0.0,5.766281297335398,hard,0.1860667259491917,0.2742983395366917,0.3847992383135981,0.36977174145019764
0.0,0.0,1.5723668087378593,0.292766868740485,1.4103067855274438,1.161895003862225,1.161895003862225,1.2806248474865698,1.161895003862225,0.43588989435406733,0.0,5.766281297335398,hard,0.1860667259491917,0.2742983395366917,0.3847992383135981,0.36977174145019764
0.0,0.0,4.885820975554525,0.292766868740485,1.4241159803661576,1.161895003862225,1.161895003862225,1.2806248474865698,1.161895003862225,0.43588989435406733,0.0,5.766281297335398,hard,0.1860667259491917,0.2742983395366917,0.3847992383135981,0.36977174145019764
0.0,0.0,2.4771834204451726,0.292766868740485,1.4386646213737988,1.161895003862225,1.161895003862225,1.2806248474865698,1.161895003862225,0.43588989435406733,0.0,5.766281297335398,hard,0.1860667259491917,0.2742983395366917,0.3847992383135981,0.36977174145019764
0.0,0.0,1.4133673084720961,0.292766868740485,1.4537628233013058,1.161895003862225,1.161895003862225,1.2806248474865698,1.161895003862225,0.43588989435406733,0.0,5.766281297335398,hard,0.1860667259491917,0.2742983395366917,0.3847992383135981,0.36977174145019764
0.0,0.0,1.549847864392155,0.292766868740485,1.4694371494906786,1.161895003862225,1.161895003862225,1.2806248474865698,1.161895003862225,0.43588989435406733,0.0,5.766281297335398,hard,0.1860667259491917,0.2742983395366917,0.3847992383135981,0.36977174145019764
0.0,0.0,7.932050570865652,0.292766868740485,1.4859408577589621,1.161895003862225,1.161895003862225,1.2806248474865698,1.161895003862225,0.43588989435406733,0.0,5.766281297335398,hard,0.1860667259491917,0.2742983395366917,0.3847992383135981,0.36977174145019764
0.0,0.0,1.6072722315649106,0.292766868740485,1.5033840510229604,1.161895003862225,1.161895003862225,1.2806248474865698,1.161895003862225,0.43588989435406733,0.0,5.766281297335398,hard,0.1860667259491917,0.2742983395366917,0.3847992383135981,0.36977174145019764
0.0,0.0,1.4769311382733623,0.292766868740485,1.518760361004367,1.161895003862225,1.161895003862225,1.2806248474865698,1.161895003862225,0.43588989435406733,0.0,5.766281297335398,hard,0.1860667259491917,0.2742983395366917,0.3847992383135981,0.36977174145019764
0.0,0.0,1.5279719643672995,0.292766868740485,1.5194298749536967,1.161895003862225,1.161895003862225,1.2806248474865698,1.161895003862225,0.43588989435406733,0.0,5.766281297335398,hard,0.1860667259491917,0.2742983395366917,0.3847992383135981,0.36977174145019764
0.0,0.0,1.440875574845848,0.292766868740485,1.5194298749536967,1.161895003862225,1.161895003862225,1.2806248474865698,1.161895003862225,0.43588989435406733,0.0,5.766281297335398,hard,0.1860667259491917,0.2742983395366917,0.3847992383135981,0.36977174145019764
0.0,0.0,1.566006332983838,0.292766868740485,1.5194298749536967,1.161895003862225,1.161895003862225,1.2806248474865698,1.161895003862225,0.43588989435406733,0.0,5.766281297335398,hard,0.1860667259491917,0.2742983395366917,0.3847992383135981,0.36977174145019764
0.0,0.0,1.4355500527937735,0.292766868740485,1.5194298749536967,1.161895003862225,1.161895003862225,1.2806248474865698,1.161895003862225,0.43588989435406733,0.0,5.766281297335398,hard,0.1860667259491917,0.2742983395366917,0.3847992383135981,0.36977174145019764
0.0,0.0,1.5237553363035763,0.292766868740485,1.5194298749536967,1.161895003862225,1.161895003862225,1.2806248474865698,1.161895003862225,0.43588989435406733,0.0,5.766281297335398,hard,0.1860667259491917,0.2742983395366917,0.3847992383135981,0.36977174145019764
0.0,0.0,13.768030039557592,0.292766868740485,1.3300461628775573,1.161895003862225,1.161895003862225,1.661324772583615,1.161895003862225,0.43588989435406733,0.0,5.766281297335398,hard,0.1860667259491917,0.2742983395366917,0.3847992383135981,0.36977174145019764
0.0,0.0,1.5306875033504417,0.292766868740485,1.3389262571465774,1.161895003862225,1.161895003862225,1.661324772583615,1.161895003862225,0.43588989435406733,0.0,5.766281297335398,hard,0.1860667259491917,0.2742983395366917,0.3847992383135981,0.36977174145019764
0.0,0.0,1.0880901468803517,0.292766868740485,1.3491357556389338,1.161895003862225,1.161895003862225,1.661324772583615,1.161895003862225,0.43588989435406733,0.0,5.766281297335398,hard,0.1860667259491917,0.2742983395366917,0.3847992383135981,0.36977174145019764
0.0,0.0,1.5554263336233312,0.292766868740485,1.3598733274183494,1.161895003862225,1.161895003862225,1.661324772583615,1.161895003862225,0.43588989435406733,0.0,5.766281297335398,hard,0.1860667259491917,0.2742983395366917,0.3847992383135981,0.36977174145019764
0.0,0.0,1.039748997160937,0.292766868740485,1.371249468470196,1.161895003862225,1.161895003862225,1.661324772583615,1.161895003862225,0.43588989435406733,0.0,5.766281297335398,hard,0.1860667259491917,0.2742983395366917,0.3847992383135981,0.36977174145019764
0.0,0.0,1.6284139767739023,0.292766868740485,1.3834460270358047,1.161895003862225,1.161895003862225,1.661324772583615,1.161895003862225,0.43588989435406733,0.0,5.766281297335398,hard,0.1860667259491917,0.2742983395366917,0.3847992383135981,0.36977174145019764
0.0,0.0,1.1169205487700054,0.292766868740485,1.396283529492752,1.161895003862225,1.161895003862225,1.661324772583615,1.161895003862225,0.43588989435406733,0.0,5.766281297335398,hard,0.1860667259491917,0.2742983395366917,0.3847992383135981,0.36977174145019764
0.0,0.0,1.5569578326591298,0.292766868740485,1.4097474013587594,1.161895003862225,1.161895003862225,1.661324772583615,1.161895003862225,0.43588989435406733,0.0,5.766281297335398,hard,0.1860667259491917,0.2742983395366917,0.3847992383135981,0.36977174145019764
0.0,0.0,0.9957203577716723,0.292766868740485,1.423033833721042,1.161895003862225,1.161895003862225,1.661324772583615,1.161895003862225,0.43588989435406733,0.0,5.766281297335398,hard,0.1860667259491917,0.2742983395366917,0.3847992383135981,0.36977174145019764
0.0,0.0,1.468066518169827,0.292766868740485,1.435600512282755,1.161895003862225,1.161895003862225,1.661324772583615,1.161895003862225,0.43588989435406733,0.0,5.766281297335398,hard,0.1860667259491917,0.2742983395366917,0.3847992383135981,0.36977174145019764
0.0,0.0,1.3475695877820688,0.292766868740485,1.450909721164126,1.161895003862225,1.161895003862225,1.661324772583615,1.161895003862225,0.43588989435406733,0.0,5.766281297335398,hard,0.1860667259491917,0.2742983395366917,0.3847992383135981,0.36977174145019764
0.0,0.0,1.4895408272506208,0.292766868740485,1.466433663007002,1.161895003862225,1.161895003862225,1.661324772583615,1.161895003862225,0.43588989435406733,0.0,5.766281297335398,hard,0.1860667259491917,0.2742983395366917,0.3847992383135981,0.36977174145019764
0.0,0.0,1.3704894599461153,0.292766868740485,1.4828285776056542,1.161895003862225,1.161895003862225,1.661324772583615,1.161895003862225,0.43588989435406733,0.0,5.766281297335398,hard,0.1860667259491917,0.2742983395366917,0.3847992383135981,0.36977174145019764
0.0,0.0,5.03978908389745,0.292766868740485,1.500328990389135,1.161895003862225,1.161895003862225,1.661324772583615,1.161895003862225,0.43588989435406733,0.0,5.766281297335398,hard,0.1860667259491917,0.2742983395366917,0.3847992383135981,0.36977174145019764
0.0,0.0,4.154286045524887,0.292766868740485,1.515117454079763,1.161895003862225,1.161895003862225,1.661324772583615,1.161895003862225,0.43588989435406733,0.0,5.766281297335398,hard,0.1860667259491917,0.2742983395366917,0.3847992383135981,0.36977174145019764
0.0,0.0,1.5541065676176333,0.292766868740485,1.5194298749536967,1.161895003862225,1.161895003862225,1.661324772583615,1.161895003862225,0.43588989435406733,0.0,5.766281297335398,hard,0.1860667259491917,0.2742983395366917,0.3847992383135981,0.36977174145019764
0.0,0.0,1.3720269552315392,0.292766868740485,1.5194298749536967,1.161895003862225,1.161895003862225,1.661324772583615,1.161895003862225,0.43588989435406733,0.0,5.766281297335398,hard,0.1860667259491917,0.2742983395366917,0.3847992383135981,0.36977174145019764
0.0,0.0,8.312617298939415,0.292766868740485,1.5194298749536967,1.161895003862225,1.161895003862225,1.661324772583615,1.161895003862225,0.43588989435406733,0.0,5.766281297335398,hard,0.1860667259491917,0.2742983395366917,0.3847992383135981,0.36977174145019764
0.0,0.0,1.3752751278495794,0.292766868740485,1.5194298749536967,1.161895003862225,1.161895003862225,1.661324772583615,1.161895003862225,0.43588989435406733,0.0,5.766281297335398,hard,0.1860667259491917,0.2742983395366917,0.3847992383135981,0.36977174145019764
0.0,0.0,1.595727369115005,0.292766868740485,1.5194298749536967,1.161895003862225,1.161895003862225,1.661324772583615,1.161895003862225,0.43588989435406733,0.0,5.766281297335398,hard,0.1860667259491917,0.2742983395366917,0.3847992383135981,0.36977174145019764
0.0,0.0,9.852718017611902,0.292766868740485,1.3308655382234853,1.161895003862225,1.161895003862225,2.04939015319192,1.161895003862225,0.43588989435406733,0.0,5.766281297335398,hard,0.1860667259491917,0.2742983395366917,0.3847992383135981,0.36977174145019764
0.0,0.0,1.3386847006109992,0.292766868740485,1.3386017269132275,1.161895003862225,1.161895003862225,2.04939015319192,1.161895003862225,0.43588989435406733,0.0,5.766281297335398,hard,0.1860667259491917,0.2742983395366917,0.3847992383135981,0.36977174145019764
0.0,0.0,1.5374574188441035,0.292766868740485,1.3489211116031279,1.161895003862225,1.161895003862225,2.04939015319192,1.161895003862225,0.43588989435406733,0.0,5.766281297335398,hard,0.1860667259491917,0.2742983395366917,0.3847992383135981,0.36977174145019764
0.0,0.0,1.4261310788586694,0.292766868740485,1.3595479038746505,1.161895003862225,1.161895003862225,2.04939015319192,1.161895003862225,0.43588989435406733,0.0,5.766281297335398,hard,0.1860667259491917,0.2742983395366917,0.3847992383135981,0.36977174145019764
0.0,0.0,1.5910890348104432,0.292766868740485,1.3713942770205294,1.161895003862225,1.161895003862225,2.04939015319192,1.161895003862225,0.43588989435406733,0.0,5.766281297335398,hard,0.1860667259491917,0.2742983395366917,0.3847992383135981,0.36977174145019764
0.0,0.0,7.12454808354729,0.292766868740485,1.383852783338129,1.161895003862225,1.161895003862225,2.04939015319192,1.161895003862225,0.43588989435406733,0.0,5.766281297335398,hard,0.1860667259491917,0.2742983395366917,0.3847992383135981,0.36977174145019764
0.0,0.0,1.4922270832899758,0.292766868740485,1.3962434681424256,1.161895003862225,1.161895003862225,2.04939015319192,1.161895003862225,0.43588989435406733,0.0,5.766281297335398,hard,0.1860667259491917,0.2742983395366917,0.3847992383135981,0.36977174145019764
0.0,0.0,1.4728833694037595,0.292766868740485,1.409990262062486,1.161895003862225,1.161895003862225,2.04939015319192,1.161895003862225,0.43588989435406733,0.0,5.766281297335398,hard,0.1860667259491917,0.2742983395366917,0.3847992383135981,0.36977174145019764
0.0,0.0,1.507483716310939,0.292766868740485,1.424462361226028,1.161895003862225,1.161895003862225,2.04939015319192,1.161895003862225,0.43588989435406733,0.0,5.766281297335398,hard,0.1860667259491917,0.2742983395366917,0.3847992383135981,0.36977174145019764
0.0,0.0,1.480942270494526,0.292766868740485,1.4394477138453048,1.161895003862225,1.161895003862225,2.04939015319192,1.161895003862225,0.43588989435406733,0.0,5.766281297335398,hard,0.1860667259491917,0.2742983395366917,0.3847992383135981,0.36977174145019764
0.0,0.0,1.497474076047334,0.292766868740485,1.4544973115890145,1.161895003862225,1.161895003862225,2.04939015319192,1.161895003862225,0.43588989435406733,0.0,5.766281297335398,hard,0.1860667259491917,0.2742983395366917,0.3847992383135981,0.36977174145019764
0.0,0.0,1.4080308654895517,0.292766868740485,1.469865273051752,1.161895003862225,1.161895003862225,2.04939015319192,1.161895003862225,0.43588989435406733,0.0,5.766281297335398,hard,0.1860667259491917,0.2742983395366917,0.3847992383135981,0.36977174145019764
0.0,0.0,1.535705835494462,0.292766868740485,1.48663292194113,1.161895003862225,1.161895003862225,2.04939015319192,1.161895003862225,0.43588989435406733,0.0,5.766281297335398,hard,0.1860667259491917,0.2742983395366917,0.3847992383135981,0.36977174145019764
0.0,0.0,1.489066652778002,0.292766868740485,1.5034140093640072,1.161895003862225,1.161895003862225,2.04939015319192,1.161895003862225,0.43588989435406733,0.0,5.766281297335398,hard,0.1860667259491917,0.2742983395366917,0.3847992383135981,0.36977174145019764
0.0,0.0,1.5386682800453206,0.292766868740485,1.5157783568755419,1.161895003862225,1.161895003862225,2.04939015319192,1.161895003862225,0.43588989435406733,0.0,5.766281297335398,hard,0.1860667259491917,0.2742983395366917,0.3847992383135981,0.36977174145019764
0.0,0.0,1.4852356021236568,0.292766868740485,1.5194298749536967,1.161895003862225,1.161895003862225,2.04939015319192,1.161895003862225,0.43588989435406733,0.0,5.766281297335398,hard,0.1860667259491917,0.2742983395366917,0.3847992383135981,0.36977174145019764
0.0,0.0,1.4620076031756626,0.292766868740485,1.5194298749536967,1.161895003862225,1.161895003862225,2.04939015319192,1.161895003862225,0.43588989435406733,0.0,5.766281297335398,hard,0.1860667259491917,0.2742983395366917,0.3847992383135981,0.36977174145019764
0.0,0.0,0.9176081401229619,0.292766868740485,1.5194298749536967,1.161895003862225,1.161895003862225,2.04939015319192,1.161895003862225,0.43588989435406733,0.0,5.766281297335398,hard,0.1860667259491917,0.2742983395366917,0.3847992383135981,0.36977174145019764
0.0,0.0,5.2623166880111105,0.292766868740485,1.5194298749536967,1.161895003862225,1.161895003862225,2.04939015319192,1.161895003862225,0.43588989435406733,0.0,5.766281297335398,hard,0.1860667259491917,0.2742983395366917,0.3847992383135981,0.36977174145019764
0.0,0.0,4.135772467593158,0.292766868740485,1.5194298749536967,1.161895003862225,1.161895003862225,2.04939015319192,1.161895003862225,0.43588989435406733,0.0,5.766281297335398,hard,0.1860667259491917,0.2742983395366917,0.3847992383135981,0.36977174145019764
0.0,0.0,11.4629586656449,0.292766868740485,1.330966609006419,1.161895003862225,1.161895003862225,2.4413111231467406,1.161895003862225,0.43588989435406733,0.0,5.766281297335398,hard,0.1860667259491917,0.2742983395366917,0.3847992383135981,0.36977174145019764
0.0,0.0,1.0865899812211617,0.292766868740485,1.3387552443698787,1.161895003862225,1.161895003862225,2.4413111231467406,1.161895003862225,0.43588989435406733,0.0,5.766281297335398,hard,0.1860667259491917,0.2742983395366917,0.3847992383135981,0.36977174145019764
0.0,0.0,8.110620425332325,0.292766868740485,1.34851541695652,1.161895003862225,1.161895003862225,2.4413111231467406,1.161895003862225,0.43588989435406733,0.0,5.766281297335398,hard,0.1860667259491917,0.2742983395366917,0.3847992383135981,0.36977174145019764
0.0,0.0,1.0831735678903822,0.292766868740485,1.3587638172442855,1.161895003862225,1.161895003862225,2.4413111231467406,1.161895003862225,0.43588989435406733,0.0,5.766281297335398,hard,0.1860667259491917,0.2742983395366917,0.3847992383135981,0.36977174145019764
0.0,0.0,1.5918963253968976,0.292766868740485,1.3701849028839839,1.161895003862225,1.161895003862225,2.4413111231467406,1.161895003862225,0.43588989435406733,0.0,5.766281297335398,hard,0.1860667259491917,0.2742983395366917,0.3847992383135981,0.36977174145019764
0.0,0.0,1.0196343378492085,0.292766868740485,1.3817611919743817,1.161895003862225,1.161895003862225,2.4413111231467406,1.161895003862225,0.43588989435406733,0.0,5.766281297335398,hard,0.1860667259491917,0.2742983395366917,0.3847992383135981,0.36977174145019764
0.0,0.0,1.482426401554727,0.292766868740485,1.3939523701841752,1.161895003862225,1.161895003862225,2.4413111231467406,1.161895003862225,0.43588989435406733,0.0,5.766281297335398,hard,0.1860667259491917,0.2742983395366917,0.3847992383135981,0.36977174145019764
0.0,0.0,1.0598531899367205,0.292766868740485,1.4070252251093958,1.161895003862225,1.161895003862225,2.4413111231467406,1.161895003862225,0.43588989435406733,0.0,5.766281297335398,hard,0.1860667259491917,0.2742983395366917,0.3847992383135981,0.36977174145019764
0.0,0.0,1.5394581615480947,0.292766868740485,1.4211216791933399,1.161895003862225,1.161895003862225,2.4413111231467406,1.161895003862225,0.43588989435406733,0.0,5.766281297335398,hard,0.1860667259491917,0.2742983395366917,0.3847992383135981,0.36977174145019764
0.0,0.0,1.101445153362,0.292766868740485,1.4356258048963328,1.161895003862225,1.161895003862225,2.4413111231467406,1.161895003862225,0.43588989435406733,0.0,5.766281297335398,hard,0.1860667259491917,0.2742983395366917,0.3847992383135981,0.36977174145019764
0.0,0.0,7.624921327979287,0.292766868740485,1.4510394526404895,1.161895003862225,1.161895003862225,2.4413111231467406,1.161895003862225,0.43588989435406733,0.0,5.766281297335398,hard,0.1860667259491917,0.2742983395366917,0.3847992383135981,0.36977174145019764
0.0,0.0,1.126930141435623,0.292766868740485,1.4665772486378834,1.161895003862225,1.161895003862225,2.4413111231467406,1.161895003862225,0.43588989435406733,0.0,5.766281297335398,hard,0.1860667259491917,0.2742983395366917,0.3847992383135981,0.36977174145019764
0.0,0.0,1.6276444075461052,0.292766868740485,1.4838529080588345,1.161895003862225,1.161895003862225,2.4413111231467406,1.161895003862225,0.43588989435406733,0.0,5.766281297335398,hard,0.1860667259491917,0.2742983395366917,0.3847992383135981,0.36977174145019764
0.0,0.0,1.1185519956553733,0.292766868740485,1.500785250011857,1.161895003862225,1.161895003862225,2.4413111231467406,1.161895003862225,0.43588989435406733,0.0,5.766281297335398,hard,0.1860667259491917,0.2742983395366917,0.3847992383135981,0.36977174145019764
0.0,0.0,1.5626222987110316,0.292766868740485,1.5171637862969674,1.161895003862225,1.161895003862225,2.4413111231467406,1.161895003862225,0.43588989435406733,0.0,5.766281297335398,hard,0.1860667259491917,0.2742983395366917,0.3847992383135981,0.36977174145019764
0.0,0.0,1.2019096813168002,0.292766868740485,1.5194298749536967,1.161895003862225,1.161895003862225,2.4413111231467406,1.161895003862225,0.43588989435406733,0.0,5.766281297335398,hard,0.1860667259491917,0.2742983395366917,0.3847992383135981,0.36977174145019764
0.0,0.0,1.5403083768037553,0.292766868740485,1.5194298749536967,1.161895003862225,1.161895003862225,2.4413111231467406,1.161895003862225,0.43588989435406733,0.0,5.766281297335398,hard,0.1860667259491917,0.2742983395366917,0.3847992383135981,0.36977174145019764
0.0,0.0,1.0654990362250425,0.292766868740485,1.5194298749536967,1.161895003862225,1.161895003862225,2.4413111231467406,1.161895003862225,0.43588989435406733,0.0,5.766281297335398,hard,0.1860667259491917,0.2742983395366917,0.3847992383135981,0.36977174145019764
0.0,0.0,1.5883560871204707,0.292766868740485,1.5194298749536967,1.161895003862225,1.161895003862225,2.4413111231467406,1.161895003862225,0.43588989435406733,0.0,5.766281297335398,hard,0.1860667259491917,0.2742983395366917,0.3847992383135981,0.36977174145019764
0.0,0.0,1.1718552351236937,0.292766868740485,1.5194298749536967,1.161895003862225,1.161895003862225,2.4413111231467406,1.161895003862225,0.43588989435406733,0.0,5.766281297335398,hard,0.1860667259491917,0.2742983395366917,0.3847992383135981,0.36977174145019764
0.0,0.0,10.907756296421997,0.292766868740485,1.3299282828907182,1.161895003862225,1.161895003862225,2.8354893757515653,1.161895003862225,0.43588989435406733,0.0,5.766281297335398,hard,0.1860667259491917,0.2742983395366917,0.3847992383135981,0.36977174145019764
0.0,0.0,1.3819206409075067,0.292766868740485,1.3385334359572798,1.161895003862225,1.161895003862225,2.8354893757515653,1.161895003862225,0.43588989435406733,0.0,5.766281297335398,hard,0.1860667259491917,0.2742983395366917,0.3847992383135981,0.36977174145019764
0.0,0.0,1.3054397682288539,0.292766868740485,1.3465548802573917,1.161895003862225,1.161895003862225,2.8354893757515653,1.161895003862225,0.43588989435406733,0.0,5.766281297335398,hard,0.1860667259491917,0.2742983395366917,0.3847992383135981,0.36977174145019764
0.0,0.0,6.094845235030574,0.292766868740485,1.3572735482251237,1.161895003862225,1.161895003862225,2.8354893757515653,1.161895003862225,0.43588989435406733,0.0,5.766281297335398,hard,0.1860667259491917,0.2742983395366917,0.3847992383135981,0.36977174145019764
0.0,0.0,4.252763509754813,0.292766868740485,1.3684353984347088,1.161895003862225,1.161895003862225,2.8354893757515653,1.161895003862225,0.43588989435406733,0.0,5.766281297335398,hard,0.1860667259491917,0.2742983395366917,0.3847992383135981,0.36977174145019764
0.0,0.0,1.5787620279526815,0.292766868740485,1.3805298909192014,1.161895003862225,1.161895003862225,2.8354893757515653,1.161895003862225,0.43588989435406733,0.0,5.766281297335398,hard,0.1860667259491917,0.2742983395366917,0.3847992383135981,0.36977174145019764
0.0,0.0,1.4787789696608462,0.292766868740485,1.3934866673722597,1.161895003862225,1.161895003862225,2.8354893757515653,1.161895003862225,0.43588989435406733,0.0,5.766281297335398,hard,0.1860667259491917,0.2742983395366917,0.3847992383135981,0.36977174145019764
0.0,0.0,7.685327836157533,0.292766868740485,1.4070186803554807,1.161895003862225,1.161895003862225,2.8354893757515653,1.161895003862225,0.43588989435406733,0.0,5.766281297335398,hard,0.1860667259491917,0.2742983395366917,0.3847992383135981,0.36977174145019764
0.0,0.0,1.446873731584754,0.292766868740485,1.421109560468202,1.161895003862225,1.161895003862225,2.8354893757515653,1.161895003862225,0.43588989435406733,0.0,5.766281297335398,hard,0.1860667259491917,0.2742983395366917,0.3847992383135981,0.36977174145019764
0.0,0.0,1.577125457435271,0.292766868740485,1.4359219335239972,1.161895003862225,1.161895003862225,2.8354893757515653,1.161895003862225,0.43588989435406733,0.0,5.766281297335398,hard,0.1860667259491917,0.2742983395366917,0.3847992383135981,0.36977174145019764
0.0,0.0,1.4508627928306232,0.292766868740485,1.450960355475153,1.161895003862225,1.161895003862225,2.8354893757515653,1.161895003862225,0.43588989435406733,0.0,5.766281297335398,hard,0.1860667259491917,0.2742983395366917,0.3847992383135981,0.36977174145019764
0.0,0.0,1.6022721903421313,0.292766868740485,1.4672546443663088,1.161895003862225,1.161895003862225,2.8354893757515653,1.161895003862225,0.43588989435406733,0.0,5.766281297335398,hard,0.1860667259491917,0.2742983395366917,0.3847992383135981,0.36977174145019764
0.0,0.0,1.5148740697477827,0.292766868740485,1.4841421862389617,1.161895003862225,1.161895003862225,2.8354893757515653,1.161895003862225,0.43588989435406733,0.0,5.766281297335398,hard,0.1860667259491917,0.2742983395366917,0.3847992383135981,0.36977174145019764
0.0,0.0,1.6071269715114616,0.292766868740485,1.5016513901126656,1.161895003862225,1.161895003862225,2.8354893757515653,1.161895003862225,0.43588989435406733,0.0,5.766281297335398,hard,0.1860667259491917,0.2742983395366917,0.3847992383135981,0.36977174145019764
0.0,0.0,1.426925956792912,0.292766868740485,1.5171553883977913,1.161895003862225,1.161895003862225,2.8354893757515653,1.161895003862225,0.43588989435406733,0.0,5.766281297335398,hard,0.1860667259491917,0.2742983395366917,0.3847992383135981,0.36977174145019764
0.0,0.0,7.312608423933986,0.292766868740485,1.5194298749536967,1.161895003862225,1.161895003862225,2.8354893757515653,1.161895003862225,0.43588989435406733,0.0,5.766281297335398,hard,0.1860667259491917,0.2742983395366917,0.3847992383135981,0.36977174145019764
0.0,0.0,1.4917719110688443,0.292766868740485,1.5194298749536967,1.161895003862225,1.161895003862225,2.8354893757515653,1.161895003862225,0.43588989435406733,0.0,5.766281297335398,hard,0.1860667259491917,0.2742983395366917,0.3847992383135981,0.36977174145019764
0.0,0.0,1.5838963154604908,0.292766868740485,1.5194298749536967,1.161895003862225,1.161895003862225,2.8354893757515653,1.161895003862225,0.43588989435406733,0.0,5.766281297335398,hard,0.1860667259491917,0.2742983395366917,0.3847992383135981,0.36977174145019764
0.0,0.0,1.4119102941540291,0.292766868740485,1.5194298749536967,1.161895003862225,1.161895003862225,2.8354893757515653,1.161895003862225,0.43588989435406733,0.0,5.766281297335398,hard,0.1860667259491917,0.2742983395366917,0.3847992383135981,0.36977174145019764
0.0,0.0,1.5608688284797694,0.292766868740485,1.5194298749536967,1.161895003862225,1.161895003862225,2.8354893757515653,1.161895003862225,0.43588989435406733,0.0,5.766281297335398,hard,0.1860667259491917,0.2742983395366917,0.3847992383135981,0.36977174145019764
0.0,0.0,10.147011899327813,0.292766868740485,1.3309367359762467,1.161895003862225,1.161895003862225,3.2310988842807027,1.161895003862225,0.43588989435406733,0.0,5.766281297335398,hard,0.1860667259491917,0.2742983395366917,0.3847992383135981,0.36977174145019764
0.0,0.0,1.551688155183175,0.292766868740485,1.3400816607542638,1.161895003862225,1.161895003862225,3.2310988842807027,1.161895003862225,0.43588989435406733,0.0,5.766281297335398,hard,0.1860667259491917,0.2742983395366917,0.3847992383135981,0.36977174145019764
0.0,0.0,1.478846986220975,0.292766868740485,1.3503209158477933,1.161895003862225,1.161895003862225,3.2310988842807027,1.161895003862225,0.43588989435406733,0.0,5.766281297335398,hard,0.1860667259491917,0.2742983395366917,0.3847992383135981,0.36977174145019764
0.0,0.0,1.6031214045901572,0.292766868740485,1.3612219077594456,1.161895003862225,1.161895003862225,3.2310988842807027,1.161895003862225,0.43588989435406733,0.0,5.766281297335398,hard,0.1860667259491917,0.2742983395366917,0.3847992383135981,0.36977174145019764
0.0,0.0,1.4495914761250541,0.292766868740485,1.372525234480554,1.161895003862225,1.161895003862225,3.2310988842807027,1.161895003862225,0.43588989435406733,0.0,5.766281297335398,hard,0.1860667259491917,0.2742983395366917,0.3847992383135981,0.36977174145019764
0.0,0.0,1.4994540250189967,0.292766868740485,1.3843435223008898,1.161895003862225,1.161895003862225,3.2310988842807027,1.161895003862225,0.43588989435406733,0.0,5.766281297335398,hard,0.1860667259491917,0.2742983395366917,0.3847992383135981,0.36977174145019764
0.0,0.0,1.421939670872602,0.292766868740485,1.3970423293873737,1.161895003862225,1.161895003862225,3.2310988842807027,1.161895003862225,0.43588989435406733,0.0,5.766281297335398,hard,0.1860667259491917,0.2742983395366917,0.3847992383135981,0.36977174145019764
0.0,0.0,1.5024338906965313,0.292766868740485,1.4101513538750514,1.161895003862225,1.161895003862225,3.2310988842807027,1.161895003862225,0.43588989435406733,0.0,5.766281297335398,hard,0.1860667259491917,0.2742983395366917,0.3847992383135981,0.36977174145019764
0.0,0.0,4.777758746183209,0.292766868740485,1.4242528849159328,1.161895003862225,1.161895003862225,3.2310988842807027,1.161895003862225,0.43588989435406733,0.0,5.766281297335398,hard,0.1860667259491917,0.2742983395366917,0.3847992383135981,0.36977174145019764
0.0,0.0,2.451099382955538,0.292766868740485,1.4389559579083424,1.161895003862225,1.161895003862225,3.2310988842807027,1.161895003862225,0.43588989435406733,0.0,5.766281297335398,hard,0.1860667259491917,0.2742983395366917,0.3847992383135981,0.36977174145019764
0.0,0.0,1.4746979584497106,0.292766868740485,1.4542343078302298,1.161895003862225,1.161895003862225,3.2310988842807027,1.161895003862225,0.43588989435406733,0.0,5.766281297335398,hard,0.1860667259491917,0.2742983395366917,0.3847992383135981,0.36977174145019764
0.0,0.0,1.6261518602235356,0.292766868740485,1.4707359984515294,1.161895003862225,1.161895003862225,3.2310988842807027,1.161895003862225,0.43588989435406733,0.0,5.766281297335398,hard,0.1860667259491917,0.2742983395366917,0.3847992383135981,0.36977174145019764
0.0,0.0,7.946912441494124,0.292766868740485,1.4875310890917184,1.161895003862225,1.161895003862225,3.2310988842807027,1.161895003862225,0.43588989435406733,0.0,5.766281297335398,hard,0.1860667259491917,0.2742983395366917,0.3847992383135981,0.36977174145019764
0.0,0.0,1.5820716034891993,0.292766868740485,1.505036333693806,1.161895003862225,1.161895003862225,3.2310988842807027,1.161895003862225,0.43588989435406733,0.0,5.766281297335398,hard,0.1860667259491917,0.2742983395366917,0.3847992383135981,0.36977174145019764
0.0,0.0,1.4003411360340041,0.292766868740485,1.5194298749536967,1.161895003862225,1.161895003862225,3.2310988842807027,1.161895003862225,0.43588989435406733,0.0,5.766281297335398,hard,0.1860667259491917,0.2742983395366917,0.3847992383135981,0.36977174145019764
0.0,0.0,1.5398737511005418,0.292766868740485,1.5194298749536967,1.161895003862225,1.161895003862225,3.2310988842807027,1.161895003862225,0.43588989435406733,0.0,5.766281297335398,hard,0.1860667259491917,0.2742983395366917,0.3847992383135981,0.36977174145019764
0.0,0.0,1.4137461736579953,0.292766868740485,1.5194298749536967,1.161895003862225,1.161895003862225,3.2310988842807027,1.161895003862225,0.43588989435406733,0.0,5.766281297335398,hard,0.1860667259491917,0.2742983395366917,0.3847992383135981,0.36977174145019764
0.0,0.0,1.476156913700851,0.292766868740485,1.5194298749536967,1.161895003862225,1.161895003862225,3.2310988842807027,1.161895003862225,0.43588989435406733,0.0,5.766281297335398,hard,0.1860667259491917,0.2742983395366917,0.3847992383135981,0.36977174145019764
0.0,0.0,1.341084443641337,0.292766868740485,1.5194298749536967,1.161895003862225,1.161895003862225,3.2310988842807027,1.161895003862225,0.43588989435406733,0.0,5.766281297335398,hard,0.1860667259491917,0.2742983395366917,0.3847992383135981,0.36977174145019764
0.0,0.0,1.528211810854975,0.292766868740485,1.5194298749536967,1.161895003862225,1.161895003862225,3.2310988842807027,1.161895003862225,0.43588989435406733,0.0,5.766281297335398,hard,0.1860667259491917,0.2742983395366917,0.3847992383135981,0.36977174145019764
0.0,0.0,14.233511191399861,0.292766868740485,1.3309501159056563,1.161895003862225,1.161895003862225,3.627671429443411,1.161895003862225,0.43588989435406733,0.0,5.766281297335398,hard,0.1860667259491917,0.2742983395366917,0.3847992383135981,0.36977174145019764
0.0,0.0,1.5051522694256931,0.292766868740485,1.3397550302694878,1.161895003862225,1.161895003862225,3.627671429443411,1.161895003862225,0.43588989435406733,0.0,5.766281297335398,hard,0.1860667259491917,0.2742983395366917,0.3847992383135981,0.36977174145019764
0.0,0.0,1.4226367638853548,0.292766868740485,1.350267149802474,1.161895003862225,1.161895003862225,3.627671429443411,1.161895003862225,0.43588989435406733,0.0,5.766281297335398,hard,0.1860667259491917,0.2742983395366917,0.3847992383135981,0.36977174145019764
0.0,0.0,1.5243015724427686,0.292766868740485,1.3606011258647894,1.161895003862225,1.161895003862225,3.627671429443411,1.161895003862225,0.43588989435406733,0.0,5.766281297335398,hard,0.1860667259491917,0.2742983395366917,0.3847992383135981,0.36977174145019764
0.0,0.0,1.4005274911530907,0.292766868740485,1.3700635660921356,1.161895003862225,1.161895003862225,3.627671429443411,1.161895003862225,0.43588989435406733,0.0,5.766281297335398,hard,0.1860667259491917,0.2742983395366917,0.3847992383135981,0.36977174145019764
0.0,0.0,1.5286736931912366,0.292766868740485,1.3823509487511347,1.161895003862225,1.161895003862225,3.627671429443411,1.161895003862225,0.43588989435406733,0.0,5.766281297335398,hard,0.1860667259491917,0.2742983395366917,0.3847992383135981,0.36977174145019764
0.0,0.0,1.3700217843864628,0.292766868740485,1.3947846128703958,1.161895003862225,1.161895003862225,3.627671429443411,1.161895003862225,0.43588989435406733,0.0,5.766281297335398,hard,0.1860667259491917,0.2742983395366917,0.3847992383135981,0.36977174145019764
0.0,0.0,1.506547290844236,0.292766868740485,1.4078066959899125,1.161895003862225,1.161895003862225,3.627671429443411,1.161895003862225,0.43588989435406733,0.0,5.766281297335398,hard,0.1860667259491917,0.2742983395366917,0.3847992383135981,0.36977174145019764
0.0,0.0,1.4085217808825414,0.292766868740485,1.4218826981133512,1.161895003862225,1.161895003862225,3.627671429443411,1.161895003862225,0.43588989435406733,0.0,5.766281297335398,hard,0.1860667259491917,0.2742983395366917,0.3847992383135981,0.36977174145019764
0.0,0.0,1.5545117882892772,0.292766868740485,1.4368121030249557,1.161895003862225,1.161895003862225,3.627671429443411,1.161895003862225,0.43588989435406733,0.0,5.766281297335398,hard,0.1860667259491917,0.2742983395366917,0.3847992383135981,0.36977174145019764
0.0,0.0,1.3526008433868262,0.292766868740485,1.4516127938377281,1.161895003862225,1.161895003862225,3.627671429443411,1.161895003862225,0.43588989435406733,0.0,5.766281297335398,hard,0.1860667259491917,0.2742983395366917,0.3847992383135981,0.36977174145019764
0.0,0.0,1.5001505571861176,0.292766868740485,1.4672264294963204,1.161895003862225,1.161895003862225,3.627671429443411,1.161895003862225,0.43588989435406733,0.0,5.766281297335398,hard,0.1860667259491917,0.2742983395366917,0.3847992383135981,0.36977174145019764
0.0,0.0,1.319597058669022,0.292766868740485,1.4829790655730681,1.161895003862225,1.161895003862225,3.627671429443411,1.161895003862225,0.43588989435406733,0.0,5.766281297335398,hard,0.1860667259491917,0.2742983395366917,0.3847992383135981,0.36977174145019764
0.0,0.0,6.012334079672658,0.292766868740485,1.500046710055938,1.161895003862225,1.161895003862225,3.627671429443411,1.161895003862225,0.43588989435406733,0.0,5.766281297335398,hard,0.1860667259491917,0.2742983395366917,0.3847992383135981,0.36977174145019764
0.0,0.0,4.268382113334181,0.292766868740485,1.5161892363430818,1.161895003862225,1.161895003862225,3.627671429443411,1.161895003862225,0.43588989435406733,0.0,5.766281297335398,hard,0.1860667259491917,0.2742983395366917,0.3847992383135981,0.36977174145019764
0.0,0.0,1.5005332843422143,0.292766868740485,1.5194298749536967,1.161895003862225,1.161895003862225,3.627671429443411,1.161895003862225,0.43588989435406733,0.0,5.766281297335398,hard,0.1860667259491917,0.2742983395366917,0.3847992383135981,0.36977174145019764
0.0,0.0,1.4090015301295116,0.292766868740485,1.5194298749536967,1.161895003862225,1.161895003862225,3.627671429443411,1.161895003862225,0.43588989435406733,0.0,5.766281297335398,hard,0.1860667259491917,0.2742983395366917,0.3847992383135981,0.36977174145019764
0.0,0.0,7.732178975879642,0.292766868740485,1.5194298749536967,1.161895003862225,1.161895003862225,3.627671429443411,1.161895003862225,0.43588989435406733,0.0,5.766281297335398,hard,0.1860667259491917,0.2742983395366917,0.3847992383135981,0.36977174145019764
0.0,0.0,1.434074557389864,0.292766868740485,1.5194298749536967,1.161895003862225,1.161895003862225,3.627671429443411,1.161895003862225,0.43588989435406733,0.0,5.766281297335398,hard,0.1860667259491917,0.2742983395366917,0.3847992383135981,0.36977174145019764
0.0,0.0,1.5787294117206458,0.292766868740485,1.5194298749536967,1.161895003862225,1.161895003862225,3.627671429443411,1.161895003862225,0.43588989435406733,0.0,5.766281297335398,hard,0.1860667259491917,0.2742983395366917,0.3847992383135981,0.36977174145019764
0.0,0.0,10.084749051925263,0.292766868740485,1.3310049360509377,1.161895003862225,1.161895003862225,4.024922359499621,1.161895003862225,0.43588989435406733,0.0,5.766281297335398,hard,0.1860667259491917,0.2742983395366917,0.3847992383135981,0.36977174145019764
0.0,0.0,1.5588224583793953,0.292766868740485,1.3403954968143073,1.161895003862225,1.161895003862225,4.024922359499621,1.161895003862225,0.43588989435406733,0.0,5.766281297335398,hard,0.1860667259491917,0.2742983395366917,0.3847992383135981,0.36977174145019764
0.0,0.0,1.3527045634187076,0.292766868740485,1.3504113339467594,1.161895003862225,1.161895003862225,4.024922359499621,1.161895003862225,0.43588989435406733,0.0,5.766281297335398,hard,0.1860667259491917,0.2742983395366917,0.3847992383135981,0.36977174145019764
0.0,0.0,1.5435860685936045,0.292766868740485,1.3613006870656275,1.161895003862225,1.161895003862225,4.024922359499621,1.161895003862225,0.43588989435406733,0.0,5.766281297335398,hard,0.1860667259491917,0.2742983395366917,0.3847992383135981,0.36977174145019764
0.0,0.0,1.4131763224318656,0.292766868740485,1.3729639632710806,1.161895003862225,1.161895003862225,4.024922359499621,1.161895003862225,0.43588989435406733,0.0,5.766281297335398,hard,0.1860667259491917,0.2742983395366917,0.3847992383135981,0.36977174145019764
0.0,0.0,7.316984534652513,0.292766868740485,1.3827859818456525,1.161895003862225,1.161895003862225,4.024922359499621,1.161895003862225,0.43588989435406733,0.0,5.766281297335398,hard,0.1860667259491917,0.2742983395366917,0.3847992383135981,0.36977174145019764
0.0,0.0,1.3746803281176196,0.292766868740485,1.395739285824412,1.161895003862225,1.161895003862225,4.024922359499621,1.161895003862225,0.43588989435406733,0.0,5.766281297335398,hard,0.1860667259491917,0.2742983395366917,0.3847992383135981,0.36977174145019764
0.0,0.0,1.5769101695469387,0.292766868740485,1.4093339352592136,1.161895003862225,1.161895003862225,4.024922359499621,1.161895003862225,0.43588989435406733,0.0,5.766281297335398,hard,0.1860667259491917,0.2742983395366917,0.3847992383135981,0.36977174145019764
0.0,0.0,1.3740494939263708,0.292766868740485,1.423604352625403,1.161895003862225,1.161895003862225,4.024922359499621,1.161895003862225,0.43588989435406733,0.0,5.766281297335398,hard,0.1860667259491917,0.2742983395366917,0.3847992383135981,0.36977174145019764
0.0,0.0,1.5605038080566687,0.292766868740485,1.4385145370161692,1.161895003862225,1.161895003862225,4.024922359499621,1.161895003862225,0.43588989435406733,0.0,5.766281297335398,hard,0.1860667259491917,0.2742983395366917,0.3847992383135981,0.36977174145019764
0.0,0.0,1.3454020631720134,0.292766868740485,1.4537865680082942,1.161895003862225,1.161895003862225,4.024922359499621,1.161895003862225,0.43588989435406733,0.0,5.766281297335398,hard,0.1860667259491917,0.2742983395366917,0.3847992383135981,0.36977174145019764
0.0,0.0,1.4930597506434973,0.292766868740485,1.4697262203099706,1.161895003862225,1.161895003862225,4.024922359499621,1.161895003862225,0.43588989435406733,0.0,5.766281297335398,hard,0.1860667259491917,0.2742983395366917,0.3847992383135981,0.36977174145019764
0.0,0.0,1.3386312670887268,0.292766868740485,1.485933309674163,1.161895003862225,1.161895003862225,4.024922359499621,1.161895003862225,0.43588989435406733,0.0,5.766281297335398,hard,0.1860667259491917,0.2742983395366917,0.3847992383135981,0.36977174145019764
0.0,0.0,1.4935316011445907,0.292766868740485,1.5028382234410598,1.161895003862225,1.161895003862225,4.024922359499621,1.161895003862225,0.43588989435406733,0.0,5.766281297335398,hard,0.1860667259491917,0.2742983395366917,0.3847992383135981,0.36977174145019764
0.0,0.0,1.3537193499250468,0.292766868740485,1.5162237182696052,1.161895003862225,1.161895003862225,4.024922359499621,1.161895003862225,0.43588989435406733,0.0,5.766281297335398,hard,0.1860667259491917,0.2742983395366917,0.3847992383135981,0.36977174145019764
0.0,0.0,1.044386006331404,0.292766868740485,1.5194298749536967,1.161895003862225,1.161895003862225,4.024922359499621,1.161895003862225,0.43588989435406733,0.0,5.766281297335398,hard,0.1860667259491917,0.2742983395366917,0.3847992383135981,0.36977174145019764
0.0,0.0,1.5549456567599518,0.292766868740485,1.5194298749536967,1.161895003862225,1.161895003862225,4.024922359499621,1.161895003862225,0.43588989435406733,0.0,5.766281297335398,hard,0.1860667259491917,0.2742983395366917,0.3847992383135981,0.36977174145019764
0.0,0.0,1.3204780992093375,0.292766868740485,1.5194298749536967,1.161895003862225,1.161895003862225,4.024922359499621,1.161895003862225,0.43588989435406733,0.0,5.766281297335398,hard,0.1860667259491917,0.2742983395366917,0.3847992383135981,0.36977174145019764
0.0,0.0,5.041698132421423,0.292766868740485,1.5194298749536967,1.161895003862225,1.161895003862225,4.024922359499621,1.161895003862225,0.43588989435406733,0.0,5.766281297335398,hard,0.1860667259491917,0.2742983395366917,0.3847992383135981,0.36977174145019764
0.0,0.0,4.228080144746003,0.292766868740485,1.5194298749536967,1.161895003862225,1.161895003862225,4.024922359499621,1.161895003862225,0.43588989435406733,0.0,5.766281297335398,hard,0.1860667259491917,0.2742983395366917,0.3847992383135981,0.36977174145019764
0.0,0.0,10.941905379745878,0.292766868740485,1.330985074797815,1.161895003862225,1.161895003862225,4.422668877499196,1.161895003862225,0.43588989435406733,0.0,5.766281297335398,hard,0.1860667259491917,0.2742983395366917,0.3847992383135981,0.36977174145019764
0.0,0.0,1.3258351333603586,0.292766868740485,1.3404700693206595,1.161895003862225,1.161895003862225,4.422668877499196,1.161895003862225,0.43588989435406733,0.0,5.766281297335398,hard,0.1860667259491917,0.2742983395366917,0.3847992383135981,0.36977174145019764
0.0,0.0,8.355703046859725,0.292766868740485,1.35091259423422,1.161895003862225,1.161895003862225,4.422668877499196,1.161895003862225,0.43588989435406733,0.0,5.766281297335398,hard,0.1860667259491917,0.2742983395366917,0.3847992383135981,0.36977174145019764
0.0,0.0,1.3513855463236186,0.292766868740485,1.361799656233633,1.161895003862225,1.161895003862225,4.422668877499196,1.161895003862225,0.43588989435406733,0.0,5.766281297335398,hard,0.1860667259491917,0.2742983395366917,0.3847992383135981,0.36977174145019764
0.0,0.0,1.566388435498032,0.292766868740485,1.3731653634777727,1.161895003862225,1.161895003862225,4.422668877499196,1.161895003862225,0.43588989435406733,0.0,5.766281297335398,hard,0.1860667259491917,0.2742983395366917,0.3847992383135981,0.36977174145019764
0.0,0.0,1.346736139219371,0.292766868740485,1.3857752649410757,1.161895003862225,1.161895003862225,4.422668877499196,1.161895003862225,0.43588989435406733,0.0,5.766281297335398,hard,0.1860667259491917,0.2742983395366917,0.3847992383135981,0.36977174145019764
0.0,0.0,1.5483162827593728,0.292766868740485,1.3986419015200715,1.161895003862225,1.161895003862225,4.422668877499196,1.161895003862225,0.43588989435406733,0.0,5.766281297335398,hard,0.1860667259491917,0.2742983395366917,0.3847992383135981,0.36977174145019764
0.0,0.0,1.2951618275192,0.292766868740485,1.4121208649647545,1.161895003862225,1.161895003862225,4.422668877499196,1.161895003862225,0.43588989435406733,0.0,5.766281297335398,hard,0.1860667259491917,0.2742983395366917,0.3847992383135981,0.36977174145019764
0.0,0.0,1.5861170174703745,0.292766868740485,1.4265949101369562,1.161895003862225,1.161895003862225,4.422668877499196,1.161895003862225,0.43588989435406733,0.0,5.766281297335398,hard,0.1860667259491917,0.2742983395366917,0.3847992383135981,0.36977174145019764
0.0,0.0,1.3360068199818136,0.292766868740485,1.441458359128535,1.161895003862225,1.161895003862225,4.422668877499196,1.161895003862225,0.43588989435406733,0.0,5.766281297335398,hard,0.1860667259491917,0.2742983395366917,0.3847992383135981,0.36977174145019764
0.0,0.0,7.118192430940656,0.292766868740485,1.4540580943592467,1.161895003862225,1.161895003862225,4.422668877499196,1.161895003862225,0.43588989435406733,0.0,5.766281297335398,hard,0.1860667259491917,0.2742983395366917,0.3847992383135981,0.36977174145019764
0.0,0.0,1.5077789726627917,0.292766868740485,1.4698016583905038,1.161895003862225,1.161895003862225,4.422668877499196,1.161895003862225,0.43588989435406733,0.0,5.766281297335398,hard,0.1860667259491917,0.2742983395366917,0.3847992383135981,0.36977174145019764
0.0,0.0,1.4424780378773574,0.292766868740485,1.4860279920968795,1.161895003862225,1.161895003862225,4.422668877499196,1.161895003862225,0.43588989435406733,0.0,5.766281297335398,hard,0.1860667259491917,0.2742983395366917,0.3847992383135981,0.36977174145019764
0.0,0.0,1.3112431240087024,0.292766868740485,1.4993369496259399,1.161895003862225,1.161895003862225,4.422668877499196,1.161895003862225,0.43588989435406733,0.0,5.766281297335398,hard,0.1860667259491917,0.2742983395366917,0.3847992383135981,0.36977174145019764
0.0,0.0,1.5424648277983033,0.292766868740485,1.5164985513370524,1.161895003862225,1.161895003862225,4.422668877499196,1.161895003862225,0.43588989435406733,0.0,5.766281297335398,hard,0.1860667259491917,0.2742983395366917,0.3847992383135981,0.36977174145019764
0.0,0.0,1.5369646376206256,0.292766868740485,1.5194298749536967,1.161895003862225,1.161895003862225,4.422668877499196,1.161895003862225,0.43588989435406733,0.0,5.766281297335398,hard,0.1860667259491917,0.2742983395366917,0.3847992383135981,0.36977174145019764
0.0,0.0,1.5560220494638284,0.292766868740485,1.5194298749536967,1.161895003862225,1.161895003862225,4.422668877499196,1.161895003862225,0.43588989435406733,0.0,5.766281297335398,hard,0.1860667259491917,0.2742983395366917,0.3847992383135981,0.36977174145019764
0.0,0.0,1.4350678496261338,0.292766868740485,1.5194298749536967,1.161895003862225,1.161895003862225,4.422668877499196,1.161895003862225,0.43588989435406733,0.0,5.766281297335398,hard,0.1860667259491917,0.2742983395366917,0.3847992383135981,0.36977174145019764
0.0,0.0,1.5767189401249464,0.292766868740485,1.5194298749536967,1.161895003862225,1.161895003862225,4.422668877499196,1.161895003862225,0.43588989435406733,0.0,5.766281297335398,hard,0.1860667259491917,0.2742983395366917,0.3847992383135981,0.36977174145019764
0.0,0.0,1.4353229555232767,0.292766868740485,1.5194298749536967,1.161895003862225,1.161895003862225,4.422668877499196,1.161895003862225,0.43588989435406733,0.0,5.766281297335398,hard,0.1860667259491917,0.2742983395366917,0.3847992383135981,0.36977174145019764
0.0,0.0,10.64390979346065,0.292766868740485,1.3306118654159675,1.161895003862225,1.161895003862225,4.8207883172775805,1.161895003862225,0.43588989435406733,0.0,5.766281297335398,hard,0.1860667259491917,0.2742983395366917,0.3847992383135981,0.36977174145019764
0.0,0.0,1.4037610690941869,0.292766868740485,1.3391838537816927,1.161895003862225,1.161895003862225,4.8207883172775805,1.161895003862225,0.43588989435406733,0.0,5.766281297335398,hard,0.1860667259491917,0.2742983395366917,0.3847992383135981,0.36977174145019764
0.0,0.0,1.5621766549425253,0.292766868740485,1.349401677914346,1.161895003862225,1.161895003862225,4.8207883172775805,1.161895003862225,0.43588989435406733,0.0,5.766281297335398,hard,0.1860667259491917,0.2742983395366917,0.3847992383135981,0.36977174145019764
0.0,0.0,5.983974989353359,0.292766868740485,1.3601001104435142,1.161895003862225,1.161895003862225,4.8207883172775805,1.161895003862225,0.43588989435406733,0.0,5.766281297335398,hard,0.1860667259491917,0.2742983395366917,0.3847992383135981,0.36977174145019764
0.0,0.0,4.34247657265064,0.292766868740485,1.3716399234788565,1.161895003862225,1.161895003862225,4.8207883172775805,1.161895003862225,0.43588989435406733,0.0,5.766281297335398,hard,0.1860667259491917,0.2742983395366917,0.3847992383135981,0.36977174145019764
0.0,0.0,1.4638543172173992,0.292766868740485,1.3841124855265179,1.161895003862225,1.161895003862225,4.8207883172775805,1.161895003862225,0.43588989435406733,0.0,5.766281297335398,hard,0.1860667259491917,0.2742983395366917,0.3847992383135981,0.36977174145019764
0.0,0.0,1.1403039605855152,0.292766868740485,1.3947519374357147,1.161895003862225,1.161895003862225,4.8207883172775805,1.161895003862225,0.43588989435406733,0.0,5.766281297335398,hard,0.1860667259491917,0.2742983395366917,0.3847992383135981,0.36977174145019764
0.0,0.0,8.306492306272013,0.292766868740485,1.4083553166641558,1.161895003862225,1.161895003862225,4.8207883172775805,1.161895003862225,0.43588989435406733,0.0,5.766281297335398,hard,0.1860667259491917,0.2742983395366917,0.3847992383135981,0.36977174145019764
0.0,0.0,1.3853691809179078,0.292766868740485,1.4225523122528843,1.161895003862225,1.161895003862225,4.8207883172775805,1.161895003862225,0.43588989435406733,0.0,5.766281297335398,hard,0.1860667259491917,0.2742983395366917,0.3847992383135981,0.36977174145019764
0.0,0.0,1.5760372848662512,0.292766868740485,1.4376354129575089,1.161895003862225,1.161895003862225,4.8207883172775805,1.161895003862225,0.43588989435406733,0.0,5.766281297335398,hard,0.1860667259491917,0.2742983395366917,0.3847992383135981,0.36977174145019764
0.0,0.0,1.3443647106345946,0.292766868740485,1.4530257011515244,1.161895003862225,1.161895003862225,4.8207883172775805,1.161895003862225,0.43588989435406733,0.0,5.766281297335398,hard,0.1860667259491917,0.2742983395366917,0.3847992383135981,0.36977174145019764
0.0,0.0,1.1989846237164812,0.292766868740485,1.4661633649114778,1.161895003862225,1.161895003862225,4.8207883172775805,1.161895003862225,0.43588989435406733,0.0,5.766281297335398,hard,0.1860667259491917,0.2742983395366917,0.3847992383135981,0.36977174145019764
0.0,0.0,1.5827506178761517,0.292766868740485,1.4827253068031108,1.161895003862225,1.161895003862225,4.8207883172775805,1.161895003862225,0.43588989435406733,0.0,5.766281297335398,hard,0.1860667259491917,0.2742983395366917,0.3847992383135981,0.36977174145019764
0.0,0.0,1.4210252364468843,0.292766868740485,1.49942146165717,1.161895003862225,1.161895003862225,4.8207883172775805,1.161895003862225,0.43588989435406733,0.0,5.766281297335398,hard,0.1860667259491917,0.2742983395366917,0.3847992383135981,0.36977174145019764
0.0,0.0,1.5013031832131742,0.292766868740485,1.5147349100206287,1.161895003862225,1.161895003862225,4.8207883172775805,1.161895003862225,0.43588989435406733,0.0,5.766281297335398,hard,0.1860667259491917,0.2742983395366917,0.3847992383135981,0.36977174145019764
0.0,0.0,7.037081390665236,0.292766868740485,1.5194298749536967,1.161895003862225,1.161895003862225,4.8207883172775805,1.161895003862225,0.43588989435406733,0.0,5.766281297335398,hard,0.1860667259491917,0.2742983395366917,0.3847992383135981,0.36977174145019764
0.0,0.0,1.521147966053152,0.292766868740485,1.5194298749536967,1.161895003862225,1.161895003862225,4.8207883172775805,1.161895003862225,0.43588989435406733,0.0,5.766281297335398,hard,0.1860667259491917,0.2742983395366917,0.3847992383135981,0.36977174145019764
0.0,0.0,1.33652988677921,0.292766868740485,1.5194298749536967,1.161895003862225,1.161895003862225,4.8207883172775805,1.161895003862225,0.43588989435406733,0.0,5.766281297335398,hard,0.1860667259491917,0.2742983395366917,0.3847992383135981,0.36977174145019764
0.0,0.0,1.5340022659282075,0.292766868740485,1.5194298749536967,1.161895003862225,1.161895003862225,4.8207883172775805,1.161895003862225,0.43588989435406733,0.0,5.766281297335398,hard,0.1860667259491917,0.2742983395366917,0.3847992383135981,0.36977174145019764
0.0,0.0,1.386806998931925,0.292766868740485,1.5194298749536967,1.161895003862225,1.161895003862225,4.8207883172775805,1.161895003862225,0.43588989435406733,0.0,5.766281297335398,hard,0.1860667259491917,0.2742983395366917,0.3847992383135981,0.36977174145019764
0.0,0.0,10.846149728735039,0.292766868740485,1.3310335245557707,1.161895003862225,1.161895003862225,5.219195340279955,1.161895003862225,0.43588989435406733,0.0,5.766281297335398,hard,0.1860667259491917,0.2742983395366917,0.3847992383135981,0.36977174145019764
0.0,0.0,1.3917530850276525,0.292766868740485,1.3404690626152689,1.161895003862225,1.161895003862225,5.219195340279955,1.161895003862225,0.43588989435406733,0.0,5.766281297335398,hard,0.1860667259491917,0.2742983395366917,0.3847992383135981,0.36977174145019764
0.0,0.0,1.5631098835950075,0.292766868740485,1.350195800211776,1.161895003862225,1.161895003862225,5.219195340279955,1.161895003862225,0.43588989435406733,0.0,5.766281297335398,hard,0.1860667259491917,0.2742983395366917,0.3847992383135981,0.36977174145019764
0.0,0.0,1.3785272758325946,0.292766868740485,1.3609739976269142,1.161895003862225,1.161895003862225,5.219195340279955,1.161895003862225,0.43588989435406733,0.0,5.766281297335398,hard,0.1860667259491917,0.2742983395366917,0.3847992383135981,0.36977174145019764
0.0,0.0,1.4732901192053698,0.292766868740485,1.3719570333832063,1.161895003862225,1.161895003862225,5.219195340279955,1.161895003862225,0.43588989435406733,0.0,5.766281297335398,hard,0.1860667259491917,0.2742983395366917,0.3847992383135981,0.36977174145019764
0.0,0.0,1.330118350818739,0.292766868740485,1.383552640804991,1.161895003862225,1.161895003862225,5.219195340279955,1.161895003862225,0.43588989435406733,0.0,5.766281297335398,hard,0.1860667259491917,0.2742983395366917,0.3847992383135981,0.36977174145019764
0.0,0.0,1.509110527300952,0.292766868740485,1.3964304063288553,1.161895003862225,1.161895003862225,5.219195340279955,1.161895003862225,0.43588989435406733,0.0,5.766281297335398,hard,0.1860667259491917,0.2742983395366917,0.3847992383135981,0.36977174145019764
0.0,0.0,1.3915838524184088,0.292766868740485,1.4098570723467683,1.161895003862225,1.161895003862225,5.219195340279955,1.161895003862225,0.43588989435406733,0.0,5.766281297335398,hard,0.1860667259491917,0.2742983395366917,0.3847992383135981,0.36977174145019764
0.0,0.0,5.971774894202653,0.292766868740485,1.4239669514503324,1.161895003862225,1.161895003862225,5.219195340279955,1.161895003862225,0.43588989435406733,0.0,5.766281297335398,hard,0.1860667259491917,0.2742983395366917,0.3847992383135981,0.36977174145019764
0.0,0.0,4.281197418372144,0.292766868740485,1.4386998430788263,1.161895003862225,1.161895003862225,5.219195340279955,1.161895003862225,0.43588989435406733,0.0,5.766281297335398,hard,0.1860667259491917,0.2742983395366917,0.3847992383135981,0.36977174145019764
0.0,0.0,1.475614665331132,0.292766868740485,1.4529507335766274,1.161895003862225,1.161895003862225,5.219195340279955,1.161895003862225,0.43588989435406733,0.0,5.766281297335398,hard,0.1860667259491917,0.2742983395366917,0.3847992383135981,0.36977174145019764
0.0,0.0,1.3192369618289113,0.292766868740485,1.4678438755563146,1.161895003862225,1.161895003862225,5.219195340279955,1.161895003862225,0.43588989435406733,0.0,5.766281297335398,hard,0.1860667259491917,0.2742983395366917,0.3847992383135981,0.36977174145019764
0.0,0.0,7.719878430424654,0.292766868740485,1.4842178280462317,1.161895003862225,1.161895003862225,5.219195340279955,1.161895003862225,0.43588989435406733,0.0,5.766281297335398,hard,0.1860667259491917,0.2742983395366917,0.3847992383135981,0.36977174145019764
0.0,0.0,1.3411996157273594,0.292766868740485,1.5010744707538428,1.161895003862225,1.161895003862225,5.219195340279955,1.161895003862225,0.43588989435406733,0.0,5.766281297335398,hard,0.1860667259491917,0.2742983395366917,0.3847992383135981,0.36977174145019764
0.0,0.0,1.4862461547554593,0.292766868740485,1.5173787248324266,1.161895003862225,1.161895003862225,5.219195340279955,1.161895003862225,0.43588989435406733,0.0,5.766281297335398,hard,0.1860667259491917,0.2742983395366917,0.3847992383135981,0.36977174145019764
0.0,0.0,1.3592529564364264,0.292766868740485,1.5194298749536967,1.161895003862225,1.161895003862225,5.219195340279955,1.161895003862225,0.43588989435406733,0.0,5.766281297335398,hard,0.1860667259491917,0.2742983395366917,0.3847992383135981,0.36977174145019764
0.0,0.0,1.5325056843385696,0.292766868740485,1.5194298749536967,1.161895003862225,1.161895003862225,5.219195340279955,1.161895003862225,0.43588989435406733,0.0,5.766281297335398,hard,0.1860667259491917,0.2742983395366917,0.3847992383135981,0.36977174145019764
0.0,0.0,1.3436496540845524,0.292766868740485,1.5194298749536967,1.161895003862225,1.161895003862225,5.219195340279955,1.161895003862225,0.43588989435406733,0.0,5.766281297335398,hard,0.1860667259491917,0.2742983395366917,0.3847992383135981,0.36977174145019764
0.0,0.0,1.4549160518804678,0.292766868740485,1.5194298749536967,1.161895003862225,1.161895003862225,5.219195340279955,1.161895003862225,0.43588989435406733,0.0,5.766281297335398,hard,0.1860667259491917,0.2742983395366917,0.3847992383135981,0.36977174145019764
0.0,0.0,1.4047666367193374,0.292766868740485,1.5194298749536967,1.161895003862225,1.161895003862225,5.219195340279955,1.161895003862225,0.43588989435406733,0.0,5.766281297335398,hard,0.1860667259491917,0.2742983395366917,0.3847992383135981,0.36977174145019764
0.0,0.0,78.64286899551963,0.292766868740485,1.330806883070725,1.161895003862225,1.161895003862225,5.617828762075256,1.161895003862225,0.43588989435406733,0.0,5.766281297335398,hard,0.1860667259491917,0.2742983395366917,0.3847992383135981,0.36977174145019764
