step,timestamp,reward,coverage,cov_trace,altitude,alt_idx,loop_closures,altitude_changes,frontier_count,new_cells,map_seed,difficulty,cov_alt0,cov_alt1,cov_alt2,cov_alt3
0.0,0.0,44.81082186339309,0.009748654971508718,0.03201060097419146,0.0,0.0,0.0,0.0,0.0,44.61434746805112,5.766281297335398,hard,0.02803386026214266,0.01721014455823484,0.0,0.0
0.0,0.0,39.05265978777143,0.009283638252393105,0.04421315624488868,0.0,0.0,0.0,0.0,0.0,39.27629692320802,5.766281297335398,hard,0.028888621315676405,0.016737697771866605,0.0,0.0
0.0,0.0,35.783982041199074,0.010952154088431369,0.06725758901899163,0.0,0.0,0.0,0.0,0.0,34.62293315130883,5.766281297335398,hard,0.03257795073502896,0.018701172539628837,0.0,0.0
0.0,0.0,29.368744335936505,0.012915215934295465,0.0853028836212269,0.0,0.0,0.0,0.0,0.0,29.010515334960875,5.766281297335398,hard,0.037962819072446835,0.02048484873470238,0.0,0.0
0.0,0.0,43.91679658937123,0.014217319095693766,0.0958453705084041,0.0,0.0,0.0,0.0,0.0,43.839023711757086,5.766281297335398,hard,0.040911980754654735,0.023201698253893982,0.0,0.0
0.0,0.0,32.95628593915837,0.013393677092740338,0.09887374599134809,0.0,0.0,0.0,0.0,0.0,32.95644853439157,5.766281297335398,hard,0.03920141889519239,0.022684751145234508,0.0,0.0
0.0,0.0,21.795572724802536,0.013218337832055147,0.09476297537361825,0.0,0.0,0.0,0.0,0.0,21.19929244102265,5.766281297335398,hard,0.04006383869679839,0.02138282352846697,0.0,0.0
0.0,0.0,24.980753151220863,0.013035343345052358,0.0932522665541731,0.0,0.0,0.0,0.0,0.0,24.655425366438113,5.766281297335398,hard,0.04010490492459021,0.02046995742081627,0.0,0.0
0.0,0.0,19.045242284843074,0.013178127362853833,0.09028157715169234,0.0,0.0,0.0,0.0,0.0,18.866372200293302,5.766281297335398,hard,0.04096083045954217,0.021000139943084313,0.0,0.0
0.0,0.0,16.963785997781134,0.013820202859768198,0.10104408137852106,0.0,0.0,0.0,0.0,0.0,16.17861242505055,5.766281297335398,hard,0.0427753313665962,0.021999166664821195,0.0,0.0
0.0,0.0,27.297701961362755,0.015271618455921067,0.11957267982879435,0.0,0.0,0.0,0.0,0.0,27.875571743015424,5.766281297335398,hard,0.046549482924163665,0.02339792538298605,0.0,0.0
0.0,0.0,21.478403052991915,0.016514094273226816,0.13019382394674556,0.0,0.0,0.0,0.0,0.0,20.073054077543855,5.766281297335398,hard,0.048970431549638205,0.026236293927890557,0.0,0.0
0.0,0.0,15.156918171835338,0.01719716588027592,0.12916655532189317,0.0,0.0,0.0,0.0,0.0,15.301960658686847,5.766281297335398,hard,0.05033561061399561,0.027279554243325035,0.0,0.0
0.0,0.0,23.70547304509672,0.017603346566067848,0.1296384822920582,0.0,0.0,0.0,0.0,0.0,22.750549443914537,5.766281297335398,hard,0.05196258318445789,0.027550421582841517,0.0,0.0
0.0,0.0,20.424282388916442,0.01845152901020193,0.12346397401462289,0.0,0.0,0.0,0.0,0.0,19.762084910251755,5.766281297335398,hard,0.053915225269113506,0.030306097589803047,0.0,0.0
0.0,0.0,16.123297991520335,0.018787610464498714,0.13571134284855116,0.0,0.0,0.0,0.0,0.0,16.19135571840728,5.766281297335398,hard,0.05380196325981813,0.03178940747197017,0.0,0.0
0.0,0.0,16.583357896521566,0.018085984894454343,0.13276329874034348,0.0,0.0,0.0,0.0,0.0,15.017573039609296,5.766281297335398,hard,0.052498948633201384,0.030598258527629138,0.0,0.0
0.0,0.0,10.665567911581052,0.017740035991974778,0.1414601377826034,0.0,0.0,0.0,0.0,0.0,9.87863857016745,5.766281297335398,hard,0.051855464620423335,0.03001327904803638,0.0,0.0
0.0,0.0,14.009608596111436,0.017688245617851053,0.1483795112387754,0.0,0.0,0.0,0.0,0.0,12.710625476348518,5.766281297335398,hard,0.051520547893993185,0.03041299212575422,0.0,0.0
0.0,0.0,17.36668522756641,0.01808848058520881,0.1725616807025152,0.0,0.0,0.0,0.0,0.0,16.90709910067366,5.766281297335398,hard,0.05231700737163005,0.031081656823592048,0.0,0.0
0.0,0.0,105.02660508766101,0.019811567547807864,0.17253123358100936,0.4769696007084729,0.47696960070847283,0.0,0.47696960070847283,0.0,95.25103673976467,5.766281297335398,hard,0.05088068472493354,0.03144981918234426,0.02937813808967616,0.0
0.0,0.0,97.96794929018077,0.025461045596739788,0.18905168986681806,0.45825756949558394,0.45825756949558394,0.0,0.45825756949558394,0.0,90.2606641898895,5.766281297335398,hard,0.052055654421240743,0.045497169402432244,0.031379269262705796,0.0
0.0,0.0,56.36707397110215,0.028217860696597017,0.20879696016243307,0.4330127018922193,0.4330127018922193,0.0,0.4330127018922193,0.0,52.825443680105515,5.766281297335398,hard,0.05187680244568115,0.05216520664584105,0.03300363665098244,0.0
0.0,0.0,47.38573712877206,0.028041375081160773,0.22094813770089308,0.3,0.30000000000000004,0.0,0.30000000000000004,0.0,42.991975995527355,5.766281297335398,hard,0.05118247167514109,0.05299296554589757,0.029718890746242326,0.0
0.0,0.0,24.876495192727187,0.02873590653357951,0.22497981201563716,0.3,0.30000000000000004,0.0,0.30000000000000004,0.0,23.499946808450442,5.766281297335398,hard,0.051222243686343406,0.0548100409937837,0.030957083873540535,0.0
0.0,0.0,22.164360304431334,0.029437587389322725,0.2269141647255274,0.3,0.30000000000000004,0.0,0.30000000000000004,0.0,21.148226876029113,5.766281297335398,hard,0.05112816527604318,0.05569833538517527,0.03208242250849175,0.0
0.0,0.0,18.27404645203055,0.029931203839578178,0.2409803315804683,0.3,0.30000000000000004,0.0,0.30000000000000004,0.0,16.94520581167429,5.766281297335398,hard,0.05089738196872417,0.0560573253541917,0.03319359531430692,0.0
0.0,0.0,19.057356842545147,0.030767971815078145,0.2555706614653633,0.3,0.30000000000000004,0.0,0.30000000000000004,0.0,17.68021493082027,5.766281297335398,hard,0.050766901431417696,0.05702760527412853,0.03444752188465453,0.0
0.0,0.0,20.96775554947085,0.030554241742738485,0.2565560222980317,0.3,0.30000000000000004,0.0,0.30000000000000004,0.0,21.233169805754397,5.766281297335398,hard,0.05015023893557232,0.056941701140102365,0.0352176674797946,0.0
0.0,0.0,27.332847117077122,0.031093130468288866,0.2581663282498443,0.3,0.30000000000000004,0.0,0.30000000000000004,0.0,26.99124858171626,5.766281297335398,hard,0.04945601179041738,0.059134911557893105,0.03653981107874598,0.0
0.0,0.0,19.918430639057643,0.03158629791394467,0.2699491681133962,0.3,0.30000000000000004,0.0,0.30000000000000004,0.0,19.78755922290569,5.766281297335398,hard,0.0492344866201524,0.05979900601188304,0.038133539702637956,0.0
0.0,0.0,17.569421502070256,0.03186571735099203,0.2737163363527171,0.3,0.30000000000000004,0.0,0.30000000000000004,0.0,17.659204398839716,5.766281297335398,hard,0.049076070732439095,0.06106250837380975,0.03864859620638899,0.0
0.0,0.0,25.551806381447896,0.03316292707364755,0.2782297866318839,0.3,0.30000000000000004,0.0,0.30000000000000004,0.0,25.73305267549888,5.766281297335398,hard,0.04993601246074938,0.06323823269651996,0.04042458538991299,0.0
0.0,0.0,22.816112982731767,0.034231543411154565,0.28524698931934384,0.3,0.30000000000000004,0.0,0.30000000000000004,0.0,22.40959615878876,5.766281297335398,hard,0.05055886210531019,0.06569067951681708,0.041280216102835644,0.0
0.0,0.0,14.699069778670674,0.03460055499956789,0.2826590463747561,0.3,0.30000000000000004,0.0,0.30000000000000004,0.0,13.740815114104404,5.766281297335398,hard,0.05084833469443812,0.06669331188151353,0.041632045566570845,0.0
0.0,0.0,37.01354973837201,0.03653558915222065,0.28906810001695915,0.3,0.30000000000000004,0.0,0.30000000000000004,0.0,29.304393868496923,5.766281297335398,hard,0.05253443816838477,0.06973176384227726,0.04304360808068501,0.0
0.0,0.0,19.183843797329533,0.0369502148292666,0.2965651442695586,0.3,0.30000000000000004,0.0,0.30000000000000004,0.0,17.967748885155313,5.766281297335398,hard,0.053362695273923906,0.07045780824132997,0.04323540096545067,0.0
0.0,0.0,37.22302132746071,0.03883610304201726,0.3163581509559524,0.3,0.30000000000000004,0.0,0.30000000000000004,0.0,29.93371844592649,5.766281297335398,hard,0.05547975071029181,0.07344210263629881,0.04571885013502644,0.0
0.0,0.0,13.833868364415432,0.039246420102833156,0.3289044243393553,0.3,0.30000000000000004,0.0,0.30000000000000004,0.0,13.910427743243556,5.766281297335398,hard,0.0558735415053191,0.07404128558058297,0.04629219369499313,0.0
0.0,0.0,19.69678203843458,0.04005592684298329,0.3269746476894573,0.3,0.30000000000000004,0.0,0.30000000000000004,0.0,19.264669735035685,5.766281297335398,hard,0.05631615645752554,0.07539407632656142,0.047974590701597986,0.0
0.0,0.0,25.89213775654365,0.04197492372527209,0.3286751066649551,0.3,0.30000000000000004,0.0,0.30000000000000004,0.0,26.37513033143154,5.766281297335398,hard,0.05956913484602709,0.07681870444691537,0.04977408907819435,0.0
0.0,0.0,53.945262748405895,0.04429347758355717,0.33835605456033846,0.5722761571129799,0.5722761571129799,0.0,0.5722761571129799,0.0,47.616278729022916,5.766281297335398,hard,0.06015326755775334,0.07694084528177401,0.05254960870939551,0.014455376481437663
0.0,0.0,43.58062792131287,0.04393303677509502,0.35462959527722243,0.6782329983125269,0.6782329983125269,0.0,0.6403124237432849,0.0,39.12987988736996,5.766281297335398,hard,0.0608943476385978,0.07718108099804369,0.05356636459605433,0.020970744667710414
0.0,0.0,38.995102339668776,0.044226401521277936,0.37532688270117215,0.7483314773547881,0.7483314773547881,0.0,0.6633249580710799,0.0,34.09046787593272,5.766281297335398,hard,0.06107122300095718,0.07725904396893153,0.054833752890280626,0.024083160967271464
0.0,0.0,62.87122710259951,0.04701324060726103,0.3832501239181163,0.9096702699330126,0.9096702699330126,0.0,0.6224949798994366,0.0,56.2453553637987,5.766281297335398,hard,0.06082291196287788,0.07700828937550305,0.05999300996406521,0.027826787203097295
0.0,0.0,57.73848520261768,0.047988379074078644,0.39523080418222667,0.9420721840708386,0.9420721840708386,0.0,0.47696960070847283,0.0,52.07590613709952,5.766281297335398,hard,0.06134085251083235,0.07661683643551197,0.0601694409583683,0.03168962866572511
0.0,0.0,56.50761403725982,0.04738351455339605,0.38374705671777826,0.9273618495495705,0.9273618495495705,0.0,0.3,0.0,51.997211463692935,5.766281297335398,hard,0.060651672049947404,0.07505987905760608,0.05809644979475924,0.03398921703611232
0.0,0.0,40.82043390926396,0.048018926322653935,0.38316237959405797,0.9273618495495705,0.9273618495495705,0.0,0.3,0.0,40.839288681366625,5.766281297335398,hard,0.059734950792634224,0.07414647681661916,0.06107576633321269,0.03625186766872315
0.0,0.0,31.49468456899715,0.04996837760794402,0.3765776471148614,0.9273618495495705,0.9273618495495705,0.0,0.3,0.0,31.893729791292834,5.766281297335398,hard,0.06010495800001933,0.07376296611426449,0.06601445233376772,0.04071322864479568
0.0,0.0,21.214375529978778,0.05128229702931352,0.38010671888417474,0.9273618495495705,0.9273618495495705,0.0,0.3,0.0,21.103554203024668,5.766281297335398,hard,0.061559662653427646,0.07341817820123189,0.0699017468093518,0.043444100174029256
0.0,0.0,27.76712492374492,0.052346093874817666,0.38594031140734825,0.9273618495495705,0.9273618495495705,0.0,0.3,0.0,19.4381069037085,5.766281297335398,hard,0.06468052456114422,0.07339812045900937,0.0723367053978905,0.046033092909509805
0.0,0.0,19.059798042057814,0.0535532764651422,0.3905437571819719,0.9273618495495705,0.9273618495495705,0.0,0.3,0.0,17.385266750901465,5.766281297335398,hard,0.06667569098805734,0.07383330373603375,0.0751318668086281,0.04816600900200893
0.0,0.0,18.767909481689795,0.055212244520276926,0.3949184106521803,0.9273618495495705,0.9273618495495705,0.0,0.3,0.0,19.52556017122172,5.766281297335398,hard,0.06764919145031553,0.07426071157109508,0.07791916815249812,0.05225656595139518
0.0,0.0,23.3304991251937,0.05569007483405401,0.40632411150509545,0.9273618495495705,0.9273618495495705,0.0,0.3,0.0,23.09085316743407,5.766281297335398,hard,0.06881084573614446,0.07449987859684959,0.08024209889758076,0.053859393306521126
0.0,0.0,29.315868444571134,0.05543840872038738,0.4043809183856065,0.9273618495495705,0.9273618495495705,0.0,0.3,0.0,30.159575593830894,5.766281297335398,hard,0.0700359360787543,0.07372840302325724,0.081662415166302,0.05543928594581157
0.0,0.0,22.268539494611186,0.05640675114900557,0.3958140424275349,0.9273618495495705,0.9273618495495705,0.0,0.3,0.0,21.68980175105342,5.766281297335398,hard,0.0716615631916339,0.0742642437649251,0.0847596888956367,0.058503753612390845
0.0,0.0,28.744296016586375,0.05653907510724877,0.3919352151199791,0.9273618495495705,0.9273618495495705,0.0,0.3,0.0,29.49656759692558,5.766281297335398,hard,0.07372352884391749,0.07388013169217159,0.08687044378921295,0.05971272674408023
0.0,0.0,16.61700010657448,0.05768702065515309,0.38248156371551156,0.9273618495495705,0.9273618495495705,0.0,0.3,0.0,16.093088578641453,5.766281297335398,hard,0.07379289112809628,0.07459031859832942,0.0887974565612868,0.06160014383678973
0.0,0.0,21.459153128909346,0.05836545701884159,0.3754114907622892,0.9273618495495705,0.9273618495495705,0.0,0.3,0.0,20.753975522776354,5.766281297335398,hard,0.07507194237625477,0.07463913793996255,0.09084143420071644,0.06347624353814478
0.0,0.0,32.02352408638803,0.0595733465150557,0.36354994052871425,0.9273618495495705,0.9273618495495705,0.0,0.3,0.0,31.3436995263801,5.766281297335398,hard,0.07621214395673172,0.07486100769406495,0.09363502469359217,0.06643673423597818
0.0,0.0,31.087898412709357,0.06069807682027679,0.3869715276990701,0.9273618495495705,0.9273618495495705,0.21794494717703364,0.3,0.0,30.935861067699406,5.766281297335398,hard,0.07687590511139186,0.0756996348061014,0.09566290187491072,0.06976786372890172
0.0,0.0,22.382161792597117,0.06161138542193928,0.3559704845027816,0.9273618495495705,0.9273618495495705,0.21794494717703364,0.3,0.0,22.38771984816676,5.766281297335398,hard,0.0776938987903322,0.07551550430295617,0.09941697142011237,0.07219841773007497
0.0,0.0,34.77317714668498,0.06266608618690331,0.33998867388176934,1.0908712114635715,1.0908712114635715,0.21794494717703364,0.4472135954999579,0.0,24.90261030494595,5.766281297335398,hard,0.07797918770517226,0.07549994434725127,0.09978481775777812,0.07852539050582386
0.0,0.0,41.53144656704659,0.06402183487903702,0.3099481504301567,1.116915395184434,1.1169153951844337,0.21794494717703364,0.5722761571129799,0.0,39.08129347910583,5.766281297335398,hard,0.07749940973189846,0.07627914586502348,0.09964488033699141,0.08852249743783527
0.0,0.0,34.67609487991293,0.06536364702937074,0.2907175848454449,1.1789826122551597,1.1789826122551597,0.21794494717703364,0.6,0.0,28.785890641076232,5.766281297335398,hard,0.07804453221007465,0.07686454639732913,0.10011295782440703,0.097598403454624
0.0,0.0,57.26304538846856,0.06539529401546489,0.2749485782121484,1.0428326807307104,1.0428326807307104,0.21794494717703364,0.6689544080129827,0.0,58.42781871677224,5.766281297335398,hard,0.07833840543254812,0.076985206874187,0.09730973377482777,0.10445271089382975
0.0,0.0,64.13833665675763,0.06617466875072721,0.23718126330306957,1.019803902718557,1.019803902718557,0.21794494717703364,0.5567764362830021,0.0,54.99727265965104,5.766281297335398,hard,0.08079846709914568,0.08128936293361684,0.09336404862431104,0.10741116359622634
0.0,0.0,58.900447979243616,0.06530488802776861,0.21063449912183907,0.9205976319760985,0.9205976319760986,0.21794494717703364,0.3570714214271425,0.0,56.44047749620834,5.766281297335398,hard,0.08084281872131342,0.08048729099088497,0.08981564927465488,0.11024252509966001
0.0,0.0,41.79560005620139,0.06526937915173144,0.18354356664485477,0.8602325267042626,0.8602325267042626,0.21794494717703364,0.3,0.0,42.04164601915581,5.766281297335398,hard,0.08148368455974694,0.08431539500041704,0.08443444968526893,0.11241662171345529
0.0,0.0,54.87606829057149,0.06561336335880376,0.15628444399500746,0.8602325267042626,0.8602325267042626,0.21794494717703364,0.3,0.0,42.57402377036965,5.766281297335398,hard,0.08181022783204667,0.08745058770529161,0.08456349022744787,0.11367492334154558
0.0,0.0,31.725165721986087,0.06560260231932603,0.13182848431392571,0.8602325267042626,0.8602325267042626,0.21794494717703364,0.3,0.0,28.239821175071203,5.766281297335398,hard,0.082171874044606,0.08908883532508839,0.08373050895140746,0.11522907928663915
0.0,0.0,28.808906115711537,0.06579908560084173,0.1233128464656793,0.8602325267042626,0.8602325267042626,0.21794494717703364,0.3,0.0,21.87121395807741,5.766281297335398,hard,0.08260750399578311,0.09008242536025765,0.08389879818940149,0.1161594757474143
0.0,0.0,21.05629375401358,0.06534795936187204,0.10764597571470767,0.8602325267042626,0.8602325267042626,0.21794494717703364,0.3,0.0,21.172800948386588,5.766281297335398,hard,0.08235867807402686,0.0899266203473643,0.08230015618289611,0.11878347709196671
0.0,0.0,20.281632958320706,0.06422770735806232,0.08542208228222806,0.8602325267042626,0.8602325267042626,0.21794494717703364,0.3,0.0,20.9401528170164,5.766281297335398,hard,0.08242823613533343,0.0887260759636696,0.08101577180104315,0.11941666014058577
0.0,0.0,26.72179775114985,0.06408539623752017,0.06812346338060071,0.8602325267042626,0.8602325267042626,0.21794494717703364,0.3,0.0,27.02494218310189,5.766281297335398,hard,0.08268564988830672,0.08865955064319458,0.08203764143625476,0.12305366346445405
0.0,0.0,26.078049609862518,0.06421071162516427,0.05845452886567213,0.8602325267042626,0.8602325267042626,0.21794494717703364,0.3,0.0,24.850553313759434,5.766281297335398,hard,0.08267679533690143,0.08824783109239662,0.08261231504937754,0.127880691448305
0.0,0.0,27.144859350909602,0.06525955762934657,0.03830627055995298,0.8602325267042626,0.8602325267042626,0.21794494717703364,0.3,0.0,22.54168361059129,5.766281297335398,hard,0.08286902215046049,0.08914750942236148,0.08448480120581614,0.13272611990446287
0.0,0.0,28.38378021770199,0.06613151823467207,0.023118234017709516,0.8602325267042626,0.8602325267042626,0.21794494717703364,0.3,0.0,26.435014658592493,5.766281297335398,hard,0.08287882546136065,0.0909704794872421,0.08639818991575814,0.1366942186831614
0.0,0.0,37.84593491821274,0.0664498691613864,0.0072972030885250765,0.8602325267042626,0.8602325267042626,0.21794494717703364,0.3,0.0,31.516027668473708,5.766281297335398,hard,0.08301187163734453,0.09268710981269218,0.08789976226272686,0.13950033413008228
0.0,0.0,37.77263038166189,0.06654423861339206,0.25574671219226125,0.8602325267042626,0.8602325267042626,0.30000000000000004,0.3,0.0,37.55965255430354,5.766281297335398,hard,0.08343649559577512,0.09556555232561927,0.08895130916273954,0.14174834058698446
0.0,0.0,24.943785201520683,0.06683736472210007,0.25574671219226125,0.8602325267042626,0.8602325267042626,0.30000000000000004,0.3,0.0,24.671035649116963,5.766281297335398,hard,0.08405187391286544,0.09802069230200565,0.08943006938201054,0.14377034357537447
0.0,0.0,24.35527304217112,0.06758078352157164,0.34400842521627445,0.8602325267042626,0.8602325267042626,0.3570714214271425,0.3,0.0,24.436601645891763,5.766281297335398,hard,0.084160862607084,0.09855213488021342,0.09238636529714755,0.1452253435061782
0.0,0.0,35.07764919434199,0.06805355129870601,0.3278697169667257,0.8602325267042626,0.8602325267042626,0.3570714214271425,0.3,0.0,27.743467699622556,5.766281297335398,hard,0.08457374254719811,0.09963942385911898,0.09447561537451582,0.1469834454605125
0.0,0.0,10.867895778448355,0.06820595854494849,0.3154178539964827,0.8602325267042626,0.8602325267042626,0.3570714214271425,0.3,0.0,10.768008172359455,5.766281297335398,hard,0.08467043582176363,0.10025947219031842,0.09502548741532667,0.1482322267329522
0.0,0.0,38.44640680018484,0.06745384693336398,0.27903540153375406,0.8645808232895291,0.8645808232895292,0.3570714214271425,0.49749371855331004,0.0,33.776323068090164,5.766281297335398,hard,0.08499443517846317,0.10057999128952474,0.09809386502433362,0.14637968315469524
0.0,0.0,21.85728909084828,0.06716772990181324,0.25259075066502207,0.806225774829855,0.806225774829855,0.3570714214271425,0.5385164807134504,0.0,22.21367821861116,5.766281297335398,hard,0.08493984393916379,0.10101573967821294,0.09834217532219129,0.1467373233311092
0.0,0.0,55.82540195421763,0.06891661642675888,0.2434748653017408,0.9205976319760985,0.9205976319760986,0.3570714214271425,0.653834841531101,0.0,50.61667215453817,5.766281297335398,hard,0.08533462212262746,0.10339912379755338,0.10123758960394891,0.14472506830004378
0.0,0.0,61.777269835889584,0.0692716441016865,0.23820776096413773,0.9733961166965891,0.9733961166965892,0.3570714214271425,0.5894913061275798,0.0,56.92020730812564,5.766281297335398,hard,0.08547278246138758,0.10363141318093545,0.10313530574416353,0.14274425476809138
0.0,0.0,43.1199028763173,0.0700599100263609,0.3875042297645356,1.023474474522936,1.023474474522936,0.5099019513592785,0.4769696007084729,0.0,29.190066803623452,5.766281297335398,hard,0.0848983341615772,0.10390163138031505,0.10379431562742032,0.14200545670998346
0.0,0.0,57.65455898006591,0.07135320189534461,0.36806304239337745,1.0712142642814273,1.0712142642814275,0.5099019513592785,0.4330127018922193,0.0,51.84939729640066,5.766281297335398,hard,0.08613347321395613,0.10423889590252396,0.1045120061602827,0.13975297442222714
0.0,0.0,24.936706079255213,0.07203051890050517,0.35564646444830067,1.1135528725660042,1.1135528725660042,0.5099019513592785,0.39999999999999997,0.0,23.801838164309917,5.766281297335398,hard,0.08885171732159507,0.10423654811116483,0.10530217075134797,0.13956821049605678
0.0,0.0,21.00570118865704,0.07269070102466256,0.3373730977649669,1.1135528725660042,1.1135528725660042,0.5099019513592785,0.39999999999999997,0.0,21.278862751566397,5.766281297335398,hard,0.09042408059780087,0.10478553514970441,0.10542982121840988,0.13980949128996134
0.0,0.0,11.049193319799398,0.07274332088657633,0.3282827394255674,1.1135528725660042,1.1135528725660042,0.5099019513592785,0.39999999999999997,0.0,9.955400544428135,5.766281297335398,hard,0.09055341803685775,0.10478635992732313,0.10592488085481817,0.13977324385609743
0.0,0.0,11.372713902532649,0.07298857509797463,0.3127141114885922,1.1135528725660042,1.1135528725660042,0.5099019513592785,0.39999999999999997,0.0,10.33150521463354,5.766281297335398,hard,0.09151689494307459,0.10512985411146449,0.10617069741007895,0.1398465931365001
0.0,0.0,8.193557554887276,0.07324038469669274,0.30358085402915325,1.1135528725660042,1.1135528725660042,0.5099019513592785,0.39999999999999997,0.0,7.447147104764348,5.766281297335398,hard,0.09173142861533316,0.10531075238783781,0.10658613809804175,0.1401089424158908
0.0,0.0,17.633097200551973,0.07334275789185717,0.2914590473237133,1.1135528725660042,1.1135528725660042,0.5099019513592785,0.39999999999999997,0.0,16.524148994728897,5.766281297335398,hard,0.09236013384936449,0.1053735814749476,0.10607916702705608,0.14037542692882185
0.0,0.0,19.954554208666753,0.07364433799850538,0.2681978549158274,1.1135528725660042,1.1135528725660042,0.5099019513592785,0.39999999999999997,0.0,20.353071021347123,5.766281297335398,hard,0.09243273096596612,0.10555130270716431,0.10681082899035511,0.14210941260199977
0.0,0.0,29.703440276559718,0.07432098051881145,0.25413062956485694,1.1135528725660042,1.1135528725660042,0.5099019513592785,0.39999999999999997,0.0,25.564623994887935,5.766281297335398,hard,0.09247289789332033,0.10571543778907046,0.10824558369710582,0.14213022694894883
0.0,0.0,14.421293890323357,0.07417505100327278,0.23207411063750283,1.1135528725660042,1.1135528725660042,0.5099019513592785,0.39999999999999997,0.0,13.930093323449055,5.766281297335398,hard,0.09257053740805812,0.1059787482683402,0.10849162184231743,0.14307173986779037
0.0,0.0,14.912434115104308,0.07492083459162599,0.3239387243362166,1.1135528725660042,1.1135528725660042,0.5361902647381804,0.39999999999999997,0.0,13.99428454762872,5.766281297335398,hard,0.09311027256026398,0.1071889301295031,0.10895347511819861,0.14278179631199506
0.0,0.0,27.267364609719042,0.07532469394647309,0.383771095621334,1.1135528725660042,1.1135528725660042,0.5567764362830021,0.39999999999999997,0.0,15.745157985869813,5.766281297335398,hard,0.09329508563754357,0.10748753511678284,0.10986220139630952,0.1439286465058647
0.0,0.0,21.699038395856387,0.07540143365157372,0.35590635637333035,1.1135528725660042,1.1135528725660042,0.5567764362830021,0.39999999999999997,0.0,20.330027053597348,5.766281297335398,hard,0.09341942890531679,0.10766883222994843,0.11081719005664026,0.1438703330225106
0.0,0.0,20.992358582145645,0.07572405535023544,0.33791793183870344,1.1135528725660042,1.1135528725660042,0.5567764362830021,0.39999999999999997,0.0,19.571088370348747,5.766281297335398,hard,0.09406307318978788,0.10867727407827106,0.11136844128375561,0.14354500673822104
0.0,0.0,8.388277542329673,0.07562116858458143,0.30777950699756673,1.1135528725660042,1.1135528725660042,0.5567764362830021,0.39999999999999997,0.0,8.556284240252891,5.766281297335398,hard,0.09412994058570087,0.10886053699826435,0.11137422600023325,0.14388584188108738
0.0,0.0,14.234435163433975,0.07582568902495752,0.29060194932694783,1.1135528725660042,1.1135528725660042,0.5567764362830021,0.39999999999999997,0.0,8.20045730432151,5.766281297335398,hard,0.09562777101639326,0.10932152272550295,0.11140539338212044,0.1439601706632194
0.0,0.0,11.809223626928407,0.07629812715216318,0.26625328066740644,1.118033988749895,1.118033988749895,0.5567764362830021,0.5385164807134504,0.0,11.16366875180377,5.766281297335398,hard,0.09791364015727569,0.10973050074095127,0.11143860007593034,0.14473934445722522
0.0,0.0,23.057526540659815,0.07630735882405781,0.23938576655342172,1.16081867662439,1.16081867662439,0.5567764362830021,0.5894913061275798,0.0,19.35271298810583,5.766281297335398,hard,0.09929136426673986,0.11057475954897751,0.11191365082378443,0.14558847541223166
0.0,0.0,27.173810025019275,0.07654320383203844,0.21530073841741804,1.2041594578792296,1.2041594578792296,0.5567764362830021,0.7000000000000001,0.0,26.844180002376678,5.766281297335398,hard,0.0984012786395378,0.11101341676642888,0.11198647866504716,0.1457682079788178
0.0,0.0,18.22440784142783,0.07680173526235749,0.20173751304096607,1.2031209415515964,1.2031209415515964,0.5567764362830021,0.698212002188447,0.0,17.487424052730006,5.766281297335398,hard,0.09791183818088818,0.11107084135549918,0.11180441229590397,0.14635812521511232
0.0,0.0,19.267881790258762,0.0770347792723751,0.2950686649349045,1.2835497652993435,1.2835497652993437,0.5722761571129799,0.653834841531101,0.0,14.1218801864341,5.766281297335398,hard,0.09753480891924776,0.11118109537226903,0.11186749554883632,0.14631847504565662
0.0,0.0,56.747869129903734,0.07671973365991665,0.2712171436167329,1.116915395184434,1.116915395184434,0.5722761571129799,0.5894913061275798,0.0,41.188924482195446,5.766281297335398,hard,0.09753121085715008,0.11203611323768531,0.11073808929435043,0.14627318425399916
0.0,0.0,33.99225684596113,0.07545459904993507,0.22950524540267947,1.0677078252031311,1.0677078252031311,0.5722761571129799,0.45825756949558405,0.0,25.62123143020257,5.766281297335398,hard,0.09841308547797567,0.1109224268501137,0.10789680636172114,0.1463299698434204
0.0,0.0,22.958879996718302,0.07517767714424341,0.20887501279831763,1.0136567466356647,1.0136567466356647,0.5722761571129799,0.4330127018922193,0.0,23.103841671895175,5.766281297335398,hard,0.09909719279398231,0.11127730992674921,0.10641704284227847,0.14637780476453377
0.0,0.0,12.896915593581198,0.07532813350159642,0.30024722958313255,1.0136567466356647,1.0136567466356647,0.66332495807108,0.4330127018922193,0.0,12.108984267889689,5.766281297335398,hard,0.09908185907588919,0.11214436584449058,0.10651835267795323,0.14663240226884547
0.0,0.0,26.274299596971957,0.07449167119133314,0.28663709675756543,1.0136567466356647,1.0136567466356647,0.66332495807108,0.4330127018922193,0.0,27.19632328091428,5.766281297335398,hard,0.0991210341793073,0.11239188769681616,0.10499024983154781,0.14697656540689313
0.0,0.0,32.104500199392774,0.07396944288767891,0.2575453686303706,1.0136567466356647,1.0136567466356647,0.66332495807108,0.4330127018922193,0.0,30.78031026484301,5.766281297335398,hard,0.09921119958833774,0.1133901590714713,0.10355201846467228,0.14729710326725143
0.0,0.0,20.779732660525436,0.07404885026788814,0.24566925219421978,1.0136567466356647,1.0136567466356647,0.66332495807108,0.4330127018922193,0.0,20.35257968907136,5.766281297335398,hard,0.09921625404212865,0.11224887948168699,0.10323492997601087,0.14827221967667356
0.0,0.0,19.539023942116803,0.07400198032561332,0.22681276854873159,1.0136567466356647,1.0136567466356647,0.66332495807108,0.4330127018922193,0.0,19.63695495742657,5.766281297335398,hard,0.09927589901805417,0.11166002138438363,0.10250361646549666,0.14865113538146232
0.0,0.0,39.545973962696934,0.07376151385731639,0.20945780780856477,1.0136567466356647,1.0136567466356647,0.66332495807108,0.4330127018922193,0.0,38.56501004796964,5.766281297335398,hard,0.09955834711536624,0.11357773660438523,0.10147682567920704,0.1493474941386357
0.0,0.0,22.329932392060506,0.07404074447595643,0.20156428916861038,1.0136567466356647,1.0136567466356647,0.66332495807108,0.4330127018922193,0.0,22.332207683075133,5.766281297335398,hard,0.0993964801969291,0.11285171238947464,0.10093854114022247,0.14983869789058543
0.0,0.0,10.992225372071571,0.0743017885945833,0.17655422636139484,1.0136567466356647,1.0136567466356647,0.66332495807108,0.4330127018922193,0.0,10.096905466527852,5.766281297335398,hard,0.09946429789432942,0.11334374461115469,0.1008588659122582,0.15032956696967723
0.0,0.0,6.02227676967006,0.074365044828236,0.1540735836884107,1.0136567466356647,1.0136567466356647,0.66332495807108,0.4330127018922193,0.0,4.598641103630507,5.766281297335398,hard,0.09950444496135172,0.11312741399815067,0.10088257799034712,0.15040425157714504
0.0,0.0,20.565725672418655,0.07430222535096383,0.14918776866209119,1.0136567466356647,1.0136567466356647,0.66332495807108,0.4330127018922193,0.0,20.316003544004417,5.766281297335398,hard,0.09956094676165173,0.11336737478993854,0.10072611198636172,0.15065383255868114
0.0,0.0,11.706350578230158,0.07427977403901985,0.28222472121553294,1.0136567466356647,1.0136567466356647,0.6689544080129827,0.4330127018922193,0.0,10.706423305660952,5.766281297335398,hard,0.09977933953817075,0.11325650231041014,0.10036918045435556,0.15072644407771907
0.0,0.0,12.848928304083685,0.07424000745606235,0.359818016922705,1.0136567466356647,1.0136567466356647,0.6708203932499369,0.4330127018922193,0.0,11.190509371784646,5.766281297335398,hard,0.09980496732642356,0.11261087420297893,0.10043099087820047,0.15101893415753828
0.0,0.0,13.159904757930136,0.07456081721698049,0.40781395951311544,1.0136567466356647,1.0136567466356647,0.6689544080129827,0.4330127018922193,0.0,11.700000000000001,5.766281297335398,hard,0.09977236028822883,0.11218351186525195,0.10045123076538917,0.15171868293446172
0.0,0.0,39.00111626219543,0.07472092742786801,0.36148082147994287,0.9630680142129111,0.9630680142129111,0.6689544080129827,0.5722761571129799,0.0,33.987460923111044,5.766281297335398,hard,0.09984996487463842,0.11218351186525195,0.1003681540329136,0.14849190659446343
0.0,0.0,9.874305417988086,0.07485340707253656,0.33232500616505734,0.9630680142129111,0.9630680142129111,0.6689544080129827,0.5722761571129799,0.0,9.373366524360392,5.766281297335398,hard,0.09996977236875701,0.11273270617330247,0.100371914821224,0.14852571611734466
0.0,0.0,14.741684233054055,0.07510780786348761,0.38095065951429513,0.9630680142129111,0.9630680142129111,0.6633249580710799,0.5722761571129799,0.0,13.305919735215602,5.766281297335398,hard,0.09996977236875701,0.11247816941709364,0.10039934973795563,0.1493746943807838
0.0,0.0,22.65970727139047,0.07572431670574963,0.3186833644504655,0.9165151389911681,0.9165151389911681,0.6633249580710799,0.7681145747868608,0.0,22.9592573921719,5.766281297335398,hard,0.1001288964608557,0.11288635809171627,0.09940688016827068,0.15051842886985026
0.0,0.0,28.21068356839325,0.07652555495628187,0.44578740518149507,0.9165151389911681,0.9165151389911681,0.7262919523166975,0.7483314773547883,0.0,19.73854097951518,5.766281297335398,hard,0.10027063411371993,0.1140333998733403,0.09989956487944217,0.1510057122088488
0.0,0.0,48.2169930935499,0.07780234311551919,0.4270020815868801,0.9096702699330126,0.9096702699330126,0.7262919523166975,0.7262919523166976,0.0,46.849199566267934,5.766281297335398,hard,0.09879144739726191,0.1139552953250302,0.10054044035624658,0.14817894775948134
0.0,0.0,46.227560900237684,0.07913890338796435,0.3998670407467705,0.852936105461599,0.852936105461599,0.7262919523166975,0.6689544080129827,0.0,42.3089529532462,5.766281297335398,hard,0.09874901509425682,0.11498831391994631,0.10219207457840618,0.14401262222783182
0.0,0.0,45.81517946850682,0.07967644427797425,0.3887816621426758,0.9205976319760985,0.9205976319760985,0.7262919523166975,0.5722761571129799,0.0,34.22057129856251,5.766281297335398,hard,0.09537147883608492,0.11453637326853744,0.10429763342665509,0.1424613761671082
0.0,0.0,29.020708242626117,0.08048529793998373,0.3831890067909954,0.8046738469715541,0.8046738469715542,0.7262919523166975,0.4330127018922193,0.0,25.65048732480535,5.766281297335398,hard,0.09387472895003822,0.11428193026182354,0.1054304213112526,0.14183600567346014
0.0,0.0,21.807254466843077,0.08084011062424508,0.4652170125605178,0.8046738469715541,0.8046738469715542,0.7810249675906654,0.4330127018922193,0.0,22.935725408192347,5.766281297335398,hard,0.09330191285172382,0.1137927334501697,0.10647800903075318,0.1396315851806494
0.0,0.0,10.118621927604265,0.08129107639108928,0.45748557465359524,0.8046738469715541,0.8046738469715542,0.7810249675906654,0.4330127018922193,0.0,9.596874491208062,5.766281297335398,hard,0.09327999045530504,0.11354749942424781,0.10725631713076601,0.13971429658558196
0.0,0.0,13.42438149783858,0.08187749103903087,0.42789890873560343,0.8046738469715541,0.8046738469715542,0.7810249675906654,0.4330127018922193,0.0,13.806791806933282,5.766281297335398,hard,0.09323381197640207,0.11352042400673724,0.10855639663184984,0.1392010486287483
0.0,0.0,10.52011087301748,0.08235708776508908,0.4129004597504021,0.8046738469715541,0.8046738469715542,0.7810249675906654,0.4330127018922193,0.0,9.972963451251589,5.766281297335398,hard,0.0931664678296643,0.11348464551339381,0.10964864334443629,0.13921806305685974
0.0,0.0,21.876399125080784,0.08256083507321688,0.5285728392719321,0.8046738469715541,0.8046738469715542,0.9096702699330126,0.4330127018922193,0.0,20.537770083434083,5.766281297335398,hard,0.0931561276300305,0.11309390598274012,0.10939767305540579,0.1388283449742673
0.0,0.0,21.264560226943043,0.08240493675255507,0.6035144610185785,0.8046738469715541,0.8046738469715542,0.99498743710662,0.4330127018922193,0.0,20.989282979654163,5.766281297335398,hard,0.09300246541225825,0.11193965202711367,0.10932627257165733,0.1383913750431027
0.0,0.0,8.467018224144256,0.08264366858559316,0.579482388263426,0.8046738469715541,0.8046738469715542,0.99498743710662,0.4330127018922193,0.0,8.726253491619413,5.766281297335398,hard,0.09287351726588026,0.1120604319700732,0.10979719074804535,0.13850306606648574
0.0,0.0,13.38924717621439,0.08332058055662378,0.5518452587449018,0.8046738469715541,0.8046738469715542,0.99498743710662,0.4330127018922193,0.0,12.626460311583763,5.766281297335398,hard,0.09257123201629988,0.11261462640711409,0.11162338117625435,0.13843806509655926
0.0,0.0,24.918991794514685,0.08361624667098777,0.5554200904112337,0.8046738469715541,0.8046738469715542,1.023474474522936,0.4330127018922193,0.0,20.32603010919742,5.766281297335398,hard,0.09198414178295057,0.11238058877223081,0.11251902577925674,0.1377412107147495
0.0,0.0,10.778059900941086,0.08395096755518808,0.5459219077324099,0.8046738469715541,0.8046738469715542,1.023474474522936,0.4330127018922193,0.0,9.32349183514417,5.766281297335398,hard,0.09193848855644098,0.11276648381433448,0.11325985985103745,0.13743789635306905
0.0,0.0,18.908604118929095,0.08429092551989129,0.5270953772215022,0.8046738469715541,0.8046738469715542,1.023474474522936,0.4330127018922193,0.0,18.969449122207003,5.766281297335398,hard,0.09192529063677937,0.11391445364731005,0.11355228228918904,0.13763437471287399
0.0,0.0,17.429321334345758,0.08516763871524535,0.5117542343326147,0.8046738469715541,0.8046738469715542,1.023474474522936,0.4330127018922193,0.0,16.618062462272793,5.766281297335398,hard,0.09192529063677937,0.1143731828274222,0.11499050955233671,0.1377175683185756
0.0,0.0,7.195408561714713,0.08496969194136669,0.49290432982595545,0.806225774829855,0.806225774829855,1.023474474522936,0.5099019513592784,0.0,6.375735251718032,5.766281297335398,hard,0.09192529063677937,0.11421273667829408,0.11472115978165708,0.13745228391698025
0.0,0.0,21.065781057383585,0.08521645045021088,0.460332172418725,0.8645808232895291,0.8645808232895293,1.023474474522936,0.5722761571129799,0.0,17.433516570101396,5.766281297335398,hard,0.09185113153089176,0.11424689108083243,0.11534228310908758,0.13643261684300093
0.0,0.0,15.091635856240368,0.08564290067957067,0.4318021505922878,0.8645808232895291,0.8645808232895293,1.023474474522936,0.5722761571129799,0.0,14.432168929166536,5.766281297335398,hard,0.09185513943564054,0.11429288858829802,0.11653256587478815,0.13595950500964207
0.0,0.0,13.552376496042276,0.086002723625239,0.4315703249639187,0.8046738469715541,0.8046738469715542,1.0,0.6689544080129826,0.0,13.337541002748596,5.766281297335398,hard,0.09158439717532565,0.11450094007807238,0.11762004201138955,0.13569193818532285
0.0,0.0,24.502536770808256,0.08544092973622505,0.4722109081323251,0.7921489758877429,0.7921489758877429,1.0908712114635715,0.7921489758877431,0.0,23.639162421710296,5.766281297335398,hard,0.08955273730080635,0.11293048207022197,0.1178158114355718,0.13555266300683028
0.0,0.0,27.174556059962512,0.08485698826194196,0.44260976088522974,0.8602325267042626,0.8602325267042626,1.0908712114635715,0.7810249675906654,0.0,22.84316090211685,5.766281297335398,hard,0.08845323813574708,0.11125657830475115,0.11765202190796469,0.13499861639591818
0.0,0.0,23.535494183110753,0.08600390973845312,0.4194700280154483,0.9205976319760985,0.9205976319760986,1.0908712114635715,0.7399324293474372,0.0,21.242881160520575,5.766281297335398,hard,0.08884418149643081,0.11160113695098194,0.11759892925190824,0.13409402139504198
0.0,0.0,23.826523544781164,0.08670167468397527,0.38956786684860567,0.9219544457292888,0.9219544457292888,1.0908712114635715,0.6708203932499369,0.0,13.904675472660266,5.766281297335398,hard,0.0890428095940258,0.11194212575805063,0.11791609352589226,0.13374666687200165
0.0,0.0,36.02256891765722,0.0875922300697369,0.39822089487326573,0.9219544457292888,0.9219544457292888,1.061838029079765,0.45825756949558405,0.0,25.689297382373073,5.766281297335398,hard,0.0898315463667947,0.11216159494911268,0.11791609352589226,0.13315165032002957
0.0,0.0,44.409748676524906,0.08671345082444404,0.5020942827110256,0.9219544457292888,0.9219544457292888,1.0897247358851685,0.45825756949558405,0.0,44.605044557762746,5.766281297335398,hard,0.08824424233769296,0.10974132699456428,0.11728137612014945,0.13274348460912924
0.0,0.0,11.661141370654772,0.08680709680878661,0.4778888760403632,0.9219544457292888,0.9219544457292888,1.0897247358851685,0.45825756949558405,0.0,10.39843738260706,5.766281297335398,hard,0.08789836714039179,0.109865366788811,0.11746173602712692,0.13272783190547058
0.0,0.0,14.201488655033184,0.08743157400681235,0.4611058751201173,0.9219544457292888,0.9219544457292888,1.0897247358851685,0.45825756949558405,0.0,13.586298244923082,5.766281297335398,hard,0.08776292608277945,0.110036622351991,0.11731388732376306,0.13283765034305745
0.0,0.0,62.16935040285181,0.08719604242371366,0.5382876276193139,0.9219544457292888,0.9219544457292888,1.1947803145348521,0.45825756949558405,0.0,48.99232082683978,5.766281297335398,hard,0.08662654211049704,0.10881881568922296,0.116642671757377,0.1330578735100212
0.0,0.0,10.68331085158616,0.08768187870498542,0.5150948528760191,0.9219544457292888,0.9219544457292888,1.1947803145348521,0.45825756949558405,0.0,10.170914413168562,5.766281297335398,hard,0.08716114832497797,0.10915728578583922,0.11670847866088262,0.1331920847722299
0.0,0.0,14.441809108200022,0.08787109808789548,0.48801161084720857,0.9219544457292888,0.9219544457292888,1.1947803145348521,0.45825756949558405,0.0,14.744829602270755,5.766281297335398,hard,0.08696895860472956,0.10960508187569712,0.11670753682782878,0.13321972676099475
0.0,0.0,32.32082203070844,0.08805605613463498,0.4643283972443833,0.9219544457292888,0.9219544457292888,1.1947803145348521,0.45825756949558405,0.0,32.108994067083444,5.766281297335398,hard,0.08609329103203815,0.11000920277897944,0.11687284458901934,0.13326389739775762
0.0,0.0,13.94033206269293,0.08837861859580513,0.43701481385397767,0.9219544457292888,0.9219544457292888,1.1947803145348521,0.45825756949558405,0.0,13.386186910393864,5.766281297335398,hard,0.08597282467908232,0.11048450741255378,0.11702053353302318,0.13338991565790587
0.0,0.0,10.966206738121281,0.08855894645707081,0.4129765978912248,0.9219544457292888,0.9219544457292888,1.1947803145348521,0.45825756949558405,0.0,10.031325934292036,5.766281297335398,hard,0.0859091315023368,0.11052668739024599,0.11697025052171284,0.13361110018904032
0.0,0.0,9.237358138352159,0.08873434721315487,0.4279169793636483,0.9219544457292888,0.9219544457292888,1.1575836902790226,0.45825756949558405,0.0,7.7272245987806,5.766281297335398,hard,0.0856747031570012,0.11059707366883283,0.11693018353004597,0.13375961587871293
0.0,0.0,7.529657430631006,0.08905032866916908,0.39853411551024154,0.9219544457292888,0.9219544457292888,1.1575836902790226,0.45825756949558405,0.0,7.637244267404309,5.766281297335398,hard,0.08560320456349332,0.11106093923593922,0.11707095878149065,0.13400114409869382
0.0,0.0,19.50326609285003,0.08918786583133967,0.4948995290402317,0.9219544457292888,0.9219544457292888,1.2439855304624727,0.45825756949558405,0.0,18.820467581864165,5.766281297335398,hard,0.08560320456349332,0.11117881505209873,0.1172589487091445,0.1343193240041054
0.0,0.0,11.11890198918813,0.08920549360522724,0.5200548185622308,0.9205976319760985,0.9205976319760986,1.3228756555322954,0.5361902647381804,0.0,9.054694914794203,5.766281297335398,hard,0.08542655804305115,0.11112750780279917,0.11720809643989934,0.1344414917732924
0.0,0.0,17.49926592848675,0.08931566071859438,0.5047460165791492,0.9205976319760985,0.9205976319760986,1.3228756555322954,0.5361902647381804,0.0,8.22481002820126,5.766281297335398,hard,0.08522465364828594,0.11142267582765676,0.11727505774136333,0.13479232419297366
0.0,0.0,4.211902244564605,0.08947997884882063,0.4849304945249412,0.9205976319760985,0.9205976319760986,1.3228756555322954,0.5361902647381804,0.0,3.2136427928442823,5.766281297335398,hard,0.08525628451586612,0.11163676096855361,0.11764203252181135,0.13483751762823823
0.0,0.0,29.287836926571018,0.08837221271884693,0.5093302842641693,0.8645808232895291,0.8645808232895292,1.3219304066402287,0.653834841531101,0.0,28.576695050337783,5.766281297335398,hard,0.08550240071639124,0.11117262645085779,0.1165395802339325,0.13345077008256018
0.0,0.0,10.970360712235035,0.08821314010903222,0.466262175638712,0.9205976319760985,0.9205976319760986,1.3219304066402287,0.739932429347437,0.0,10.80694221322572,5.766281297335398,hard,0.08504294157862956,0.11132454136800418,0.1161995945921107,0.1333037109755019
0.0,0.0,19.19616561151583,0.08788315869358608,0.475337473150049,1.023474474522936,1.023474474522936,1.2806248474865698,0.739932429347437,0.0,19.555753629047388,5.766281297335398,hard,0.0847047293204035,0.11122029713983483,0.11652809572787122,0.1353197759976587
0.0,0.0,31.806839203579145,0.0887178287724744,0.48852562423377566,1.019803902718557,1.019803902718557,1.3143439428094916,0.8426149773176358,0.0,33.51936007742391,5.766281297335398,hard,0.08448381042202743,0.11355221161980505,0.11722277091974732,0.1355034239411188
0.0,0.0,10.238092795003928,0.08877805222566265,0.4555623233103129,1.0712142642814273,1.0712142642814275,1.3143439428094916,0.7921489758877431,0.0,9.422844581123048,5.766281297335398,hard,0.08427148102714326,0.11415916889208734,0.11722916021103907,0.13615616588585322
0.0,0.0,10.695147429138117,0.08880800453387193,0.5344296728064124,1.1135528725660044,1.1135528725660044,1.4177446878757827,0.6633249580710799,0.0,10.170545708072897,5.766281297335398,hard,0.08480504586425659,0.11458810458813666,0.11717669194226085,0.1371821914665798
0.0,0.0,15.797450165721,0.08915492199056053,0.5059876590276629,1.1135528725660044,1.1135528725660044,1.4177446878757827,0.6633249580710799,0.0,14.094679847375039,5.766281297335398,hard,0.08483049722866483,0.11506849003685346,0.11697537164401375,0.137249614416669
0.0,0.0,7.347655730573011,0.08938540224549311,0.5638939409326409,1.0712142642814273,1.0712142642814275,1.479019945774904,0.5722761571129799,0.0,6.575712889109438,5.766281297335398,hard,0.08562448779257786,0.11523183280985864,0.1169376663887688,0.13728275818879654
0.0,0.0,12.459391941889,0.08941701640887359,0.6165250319466816,1.0677078252031311,1.0677078252031311,1.4696938456699071,0.45825756949558405,0.0,7.553806987208503,5.766281297335398,hard,0.08598331393509157,0.11511451797229902,0.11689644635250927,0.13727463529635853
0.0,0.0,7.140100405557763,0.08938029229962674,0.595704246544741,1.0677078252031311,1.0677078252031311,1.4696938456699071,0.45825756949558405,0.0,6.686553671361653,5.766281297335398,hard,0.08617139566978593,0.1147889782097938,0.11705727728146112,0.13727463529635853
0.0,0.0,7.930854018960744,0.08934553167591931,0.5934383193636145,1.0677078252031311,1.0677078252031311,1.4239030865898141,0.45825756949558405,0.0,6.650375929223851,5.766281297335398,hard,0.08645578192615255,0.11482582644227675,0.11701451250553409,0.13729118041975844
0.0,0.0,5.284259749438912,0.08932899068456766,0.5681482925078992,1.0677078252031311,1.0677078252031311,1.4239030865898141,0.45825756949558405,0.0,4.323193264243458,5.766281297335398,hard,0.08658497462587907,0.1150342052757062,0.11691052201689535,0.1374245717806603
0.0,0.0,11.112764505832914,0.08982390262170847,0.5443268826477783,1.0677078252031311,1.0677078252031311,1.4239030865898141,0.45825756949558405,0.0,10.874741376235114,5.766281297335398,hard,0.08644256441549265,0.11594172639629206,0.11780897475284957,0.13773124783364202
0.0,0.0,5.057909699479881,0.08979830105692076,0.5176171833250001,1.0677078252031311,1.0677078252031311,1.4239030865898141,0.45825756949558405,0.0,3.9127995093027708,5.766281297335398,hard,0.08643488768796019,0.11602824765139963,0.11772439334197389,0.1381268505627229
0.0,0.0,9.757148136425961,0.08993842172617189,0.491135803093808,1.0677078252031311,1.0677078252031311,1.4239030865898141,0.45825756949558405,0.0,7.816009211867652,5.766281297335398,hard,0.08663105714320453,0.11592885525473834,0.1178227811591804,0.13835219812862948
0.0,0.0,6.125028165680216,0.08995312799424351,0.47163860919426526,1.0677078252031311,1.0677078252031311,1.4239030865898141,0.45825756949558405,0.0,5.412023651093923,5.766281297335398,hard,0.08687851037292675,0.11587969714902314,0.11780738652308276,0.13835219812862948
0.0,0.0,6.902946966281561,0.08977347588950606,0.45502279118840216,1.0677078252031311,1.0677078252031311,1.4239030865898141,0.45825756949558405,0.0,6.020589672116843,5.766281297335398,hard,0.08681464859466324,0.1158629009498903,0.11755928158471844,0.13826999579016977
0.0,0.0,11.591930503129301,0.08980417577838079,0.43303912701220165,1.0677078252031311,1.0677078252031311,1.4239030865898141,0.45825756949558405,0.0,10.508448981652812,5.766281297335398,hard,0.08734916411354755,0.11571374704181843,0.11770208728622629,0.13831023984075605
0.0,0.0,25.36672192071531,0.09009349070377416,0.40192336320013017,1.061838029079765,1.061838029079765,1.4239030865898141,0.5361902647381804,0.0,20.307326264183573,5.766281297335398,hard,0.08722716683909874,0.11563497324417486,0.117746855805419,0.13903363001130292
0.0,0.0,12.04520802254851,0.08974850018633543,0.37582655823056677,1.061838029079765,1.061838029079765,1.4239030865898141,0.5361902647381804,0.0,11.796079857308527,5.766281297335398,hard,0.08703376452616615,0.11515450969389632,0.1173214066302428,0.13953332805866925
0.0,0.0,34.33643428745852,0.08978730330658265,0.36267037581609596,1.061838029079765,1.061838029079765,1.4239030865898141,0.5361902647381804,0.0,24.142079446476853,5.766281297335398,hard,0.08792661780141675,0.11479573615667676,0.11668848899708169,0.1399065569971077
0.0,0.0,22.435614800849653,0.08943842808258452,0.338698255659813,1.1135528725660044,1.1135528725660044,1.4239030865898141,0.6,0.0,11.02225022397877,5.766281297335398,hard,0.0880674351540907,0.11478383430347149,0.11663895293847527,0.13962649791875523
0.0,0.0,6.042030830889457,0.08919704800902041,0.31311514791290646,1.1608186766243898,1.16081867662439,1.4239030865898141,0.653834841531101,0.0,6.021627686929839,5.766281297335398,hard,0.08820451303007114,0.11477133863342216,0.11657665975377127,0.13981308148580188
0.0,0.0,16.17696689212245,0.08911708018428463,0.2973373457278307,1.16081867662439,1.16081867662439,1.4239030865898141,0.739932429347437,0.0,16.401524319403972,5.766281297335398,hard,0.08837896871051742,0.11478862575013239,0.11643164317809328,0.14135214795912374
0.0,0.0,47.61885853563162,0.09002531494496388,0.28834784670106406,1.107925990308017,1.107925990308017,1.4239030865898141,0.82915619758885,0.0,38.49477237236246,5.766281297335398,hard,0.08948840933425158,0.11349379910481718,0.11743142748197606,0.1418517092976091
0.0,0.0,30.805980621887887,0.09029888889719243,0.2609171797600725,1.0677078252031311,1.0677078252031311,1.4239030865898141,0.7810249675906654,0.0,30.567793508855036,5.766281297335398,hard,0.0897298815632678,0.11291636354471084,0.11865053508178838,0.14218519057889914
0.0,0.0,13.223962767535609,0.08970465562458262,0.24569991121880214,1.023474474522936,1.023474474522936,1.4239030865898141,0.7262919523166975,0.0,13.31268192363958,5.766281297335398,hard,0.08961334205034362,0.11187751064129778,0.11896892073032717,0.1422614782749684
0.0,0.0,27.885638711598464,0.0885908749586106,0.23209597524234668,1.0136567466356645,1.0136567466356645,1.4239030865898141,0.739932429347437,0.0,27.470711676256226,5.766281297335398,hard,0.08996666289807097,0.11102265544721578,0.11589568231729439,0.14227596960848687
0.0,0.0,12.945828967587806,0.08822326043802323,0.4893906971208638,1.0136567466356645,1.0136567466356645,1.627114009527298,0.6689544080129826,0.0,11.670903992407787,5.766281297335398,hard,0.08999024117473674,0.11076235484530943,0.11564112043111748,0.14229289412860108
0.0,0.0,23.537873688635845,0.08748174819483871,0.5614411997026401,1.0049875621120892,1.004987562112089,1.729161646579058,0.58309518948453,0.0,18.84648508343134,5.766281297335398,hard,0.09011033294966654,0.10950058064936359,0.11464219976648467,0.14237534968030133
0.0,0.0,33.31020818934275,0.08674692226051263,0.5608476178093846,0.9937303457175896,0.9937303457175896,1.7109938632268673,0.47696960070847283,0.0,25.59741197855752,5.766281297335398,hard,0.0904134431236952,0.10933433516536596,0.1152577224653323,0.1382929977954181
0.0,0.0,26.654162676952822,0.08667846714245672,0.5312192204135906,0.9937303457175896,0.9937303457175896,1.7109938632268673,0.47696960070847283,0.0,26.803731083563722,5.766281297335398,hard,0.09045890706539801,0.10868117301559621,0.11631350351752863,0.13882683648073674
0.0,0.0,34.691956775454095,0.08636932553048811,0.5020352083971652,0.9937303457175896,0.9937303457175896,1.7109938632268673,0.47696960070847283,0.0,22.28699172162991,5.766281297335398,hard,0.09071330342725864,0.10851596685627583,0.11594093039278085,0.1400166849768957
0.0,0.0,30.785832778683645,0.08608422443027243,0.4819592009907537,0.9937303457175896,0.9937303457175896,1.7109938632268673,0.47696960070847283,0.0,21.446386642042995,5.766281297335398,hard,0.09068151900386191,0.10805935348315608,0.11571213401927771,0.14150806839553157
0.0,0.0,13.396196025152474,0.08634387549560511,0.5094525759929719,0.9937303457175896,0.9937303457175896,1.7204650534085253,0.47696960070847283,0.0,13.515176654413363,5.766281297335398,hard,0.09080488221633878,0.10873903811801842,0.11640661104357408,0.1419705090738053
0.0,0.0,17.94870078123281,0.08575097189759866,0.4864858024891368,0.9937303457175896,0.9937303457175896,1.7204650534085253,0.47696960070847283,0.0,18.708554193202637,5.766281297335398,hard,0.09078026227240854,0.10850537468217743,0.1157368531315941,0.14252564370640716
0.0,0.0,32.84872132675563,0.08591805433012782,0.4565843051892974,0.9937303457175896,0.9937303457175896,1.7204650534085253,0.47696960070847283,0.0,33.587013859526124,5.766281297335398,hard,0.09139417220273614,0.10970105624527937,0.11660896394854284,0.1425186601975789
0.0,0.0,15.351622626542333,0.08602081341992752,0.4318945582082535,0.9937303457175896,0.9937303457175896,1.7204650534085253,0.47696960070847283,0.0,13.807516069155959,5.766281297335398,hard,0.09159775067037132,0.11054034467314888,0.11699280504976177,0.14210161707359906
0.0,0.0,13.576642832581282,0.0859069592312908,0.41570623704792675,0.9937303457175896,0.9937303457175896,1.7204650534085253,0.47696960070847283,0.0,13.204166009256321,5.766281297335398,hard,0.09159775067037132,0.11072331452130688,0.11732369693504234,0.14307746562476262
0.0,0.0,19.9497662132469,0.08548564274620073,0.3856104839817154,0.9797958971132713,0.9797958971132712,1.7204650534085253,0.5567764362830022,0.0,19.825425594422935,5.766281297335398,hard,0.09159775067037132,0.11127063465755631,0.11704915805911043,0.1449379194168547
0.0,0.0,15.773797698211045,0.08536956542197878,0.3661582086135457,0.9797958971132713,0.9797958971132712,1.7204650534085253,0.5567764362830022,0.0,15.47215240359272,5.766281297335398,hard,0.09159402920912194,0.11218134492115245,0.11696484894605613,0.14529021454155092
0.0,0.0,23.054609514998546,0.08519676269962766,0.3409966946103995,0.9797958971132713,0.9797958971132712,1.7204650534085253,0.5567764362830022,0.0,13.330041260251223,5.766281297335398,hard,0.09161385425116376,0.11220311727964337,0.11685795691692875,0.14558524199020584
0.0,0.0,32.21500434102554,0.08400935466036118,0.320499149826658,0.9797958971132713,0.9797958971132712,1.7204650534085253,0.5567764362830022,0.0,28.088921303602955,5.766281297335398,hard,0.0917754630859992,0.11268254266420782,0.11514820314076647,0.14686342778014302
0.0,0.0,14.490668954513271,0.08374263886645296,0.29283502661716243,0.9797958971132713,0.9797958971132712,1.7204650534085253,0.5567764362830022,0.0,14.18899221227498,5.766281297335398,hard,0.09200780774919602,0.11307067654437006,0.11463558280102612,0.14731479226233812
0.0,0.0,22.534205225567565,0.08388225098480974,0.34654308305498527,1.0049875621120892,1.004987562112089,1.699264546796643,0.6782329983125268,0.0,23.284920012746447,5.766281297335398,hard,0.0929593814964091,0.11333448364277968,0.11359118345506289,0.14813751816995066
0.0,0.0,57.881072945379664,0.0857818939291249,0.3178232713907659,0.9733961166965892,0.9733961166965893,1.699264546796643,0.8046738469715541,0.0,48.08419698819977,5.766281297335398,hard,0.09075514976537107,0.11248137322074583,0.11415646616808103,0.14869468277519937
0.0,0.0,35.926884695662984,0.08654339027900591,0.38266076435133256,0.9695359714832659,0.9695359714832659,1.7349351572897473,0.812403840463596,0.0,24.03845876923061,5.766281297335398,hard,0.0911076750626812,0.11162869339078,0.11518477580745871,0.14847056644525147
0.0,0.0,13.538280330984568,0.08669876935420016,0.4743383348902021,0.9733961166965892,0.9733961166965893,1.7399712641305316,0.7664854858377946,0.0,14.3024473430249,5.766281297335398,hard,0.09196045172804743,0.11130531088634013,0.11557946949660654,0.1483400732375367
0.0,0.0,16.675143844640832,0.08704775079060105,0.48954575667399497,0.9165151389911681,0.9165151389911681,1.7146428199482244,0.714142842854285,0.0,15.476675999710015,5.766281297335398,hard,0.09214933290369423,0.11067512204838503,0.11600782709624917,0.1485367588180527
0.0,0.0,10.385200262970065,0.08727464133929799,0.49297954754227574,0.9219544457292888,0.9219544457292888,1.6575584454250776,0.6708203932499369,0.0,8.560811877386396,5.766281297335398,hard,0.09275228272813602,0.1104996989759259,0.11608062710253671,0.14860343019459776
0.0,0.0,20.109245177995888,0.0879046168996414,0.5235636376269265,0.9205976319760985,0.9205976319760986,1.6881943016134133,0.5894913061275798,0.0,16.71496335622666,5.766281297335398,hard,0.09356725762063835,0.11055910635383454,0.11699344236986595,0.1491873792901423
0.0,0.0,23.506356962821844,0.08703277857290402,0.5036447420061236,0.9746794344808963,0.9746794344808963,1.6881943016134133,0.4898979485566356,0.0,19.008616467276095,5.766281297335398,hard,0.09377930978164556,0.11009631063260802,0.11721650162293251,0.1469878015393428
0.0,0.0,20.88261914534799,0.08701339889422054,0.5092119749851765,0.9746794344808963,0.9746794344808963,1.7168284713389397,0.4898979485566356,0.0,13.23735245432409,5.766281297335398,hard,0.09398831297479371,0.10989483132448404,0.11834191198868947,0.14633724836081027
0.0,0.0,10.807820542950699,0.08660643865407064,0.4867603374551478,0.9746794344808963,0.9746794344808963,1.7168284713389397,0.4898979485566356,0.0,9.830946037894826,5.766281297335398,hard,0.09400212359474969,0.10975587468290988,0.11826240856203048,0.1452846537045918
0.0,0.0,14.277501563840136,0.08709770499707825,0.4502286324790246,0.9746794344808963,0.9746794344808963,1.7168284713389397,0.4898979485566356,0.0,15.083103128998356,5.766281297335398,hard,0.09409018319414751,0.11028567792537601,0.11958198810574301,0.1452454330830735
0.0,0.0,16.403159045422665,0.08764812974589506,0.42898590418293026,0.9746794344808963,0.9746794344808963,1.7168284713389397,0.4898979485566356,0.0,15.802768744748498,5.766281297335398,hard,0.09436617157726862,0.11073561143938863,0.12065749476992998,0.14548297185266817
0.0,0.0,7.41164095561172,0.08798246322839161,0.4025963608820519,0.9746794344808963,0.9746794344808963,1.7168284713389397,0.4898979485566356,0.0,6.951798328490261,5.766281297335398,hard,0.0951630603922894,0.11097245192306018,0.12108523091399019,0.14555213114243143
0.0,0.0,5.876707229921969,0.08805626652308655,0.37880557244404933,0.9746794344808963,0.9746794344808963,1.7168284713389397,0.4898979485566356,0.0,4.639773701378118,5.766281297335398,hard,0.09534671529952296,0.11094576913293876,0.12128192018590406,0.1455312001907087
0.0,0.0,9.635178125993978,0.08832511208075022,0.36384874899675007,0.9746794344808963,0.9746794344808963,1.7168284713389397,0.4898979485566356,0.0,9.189532088196874,5.766281297335398,hard,0.09570562674728136,0.11154158202908408,0.12189063073746456,0.14574678638868474
0.0,0.0,14.51789700099053,0.08892758496681649,0.3909809773352371,0.9746794344808963,0.9746794344808963,1.6852299546352718,0.4898979485566356,0.0,13.580408683099341,5.766281297335398,hard,0.09539060762226688,0.11232062203524541,0.12279258647166823,0.1463208769120713
0.0,0.0,14.448871586524646,0.08953659537862392,0.3745539781364137,0.9746794344808963,0.9746794344808963,1.6852299546352718,0.4898979485566356,0.0,13.756725627852,5.766281297335398,hard,0.09565486479361601,0.11246035013667043,0.1238825088076875,0.14715135135104115
0.0,0.0,16.74522844625963,0.0898681596863864,0.35558478165937124,0.9746794344808963,0.9746794344808963,1.6852299546352718,0.4898979485566356,0.0,17.42491032975493,5.766281297335398,hard,0.09448173510271132,0.11282556325629756,0.12428899196511582,0.14731867271992735
0.0,0.0,15.412588544996309,0.09023794409309549,0.33677405482342976,0.9733961166965891,0.9733961166965892,1.6852299546352718,0.5722761571129799,0.0,13.925785435658556,5.766281297335398,hard,0.09450167859913937,0.11290367284990646,0.12505170947590977,0.1476399824242224
0.0,0.0,16.58844749875598,0.09063323281402236,0.3082218086044605,0.9733961166965891,0.9733961166965892,1.6852299546352718,0.5722761571129799,0.0,16.093088578641453,5.766281297335398,hard,0.09380243144598602,0.11314257610806609,0.12539295507930218,0.14781699376345908
0.0,0.0,13.763746799592441,0.09082261516298411,0.287052112427049,0.9733961166965891,0.9733961166965892,1.6852299546352718,0.5722761571129799,0.0,12.791696525480894,5.766281297335398,hard,0.09395525107008369,0.11361498902279665,0.1256307046842578,0.14792949185768497
0.0,0.0,12.291132671951171,0.09125279114493103,0.34869383295935413,1.02469507659596,1.02469507659596,1.7965244223221681,0.6403124237432849,0.0,11.09549458113517,5.766281297335398,hard,0.09412531013991728,0.11410714508706775,0.12606175624704585,0.14808192484093935
0.0,0.0,31.947207654536168,0.09287721887541031,0.33163165033970665,1.107925990308017,1.107925990308017,1.7965244223221681,0.7262919523166976,0.0,26.871685842164798,5.766281297335398,hard,0.09426930045251339,0.11413141902932496,0.12676915498214586,0.153941721302076
0.0,0.0,8.495477817588782,0.09349221342997201,0.30481092198449544,1.023474474522936,1.023474474522936,1.7965244223221681,0.8046738469715541,0.0,8.273451516749223,5.766281297335398,hard,0.09492953752324777,0.11465326039273452,0.12721909763430486,0.1558521680518253
0.0,0.0,49.956544784860036,0.0937352418715649,0.2870408191730243,0.9695359714832658,0.9695359714832658,1.7965244223221681,0.8306623862918076,0.0,19.122238362702205,5.766281297335398,hard,0.09480288132355157,0.11407597928657451,0.12779727787305667,0.15751970432092038
0.0,0.0,16.351113142058118,0.09401636178990454,0.25396054388232314,1.023474474522936,1.023474474522936,1.7965244223221681,0.7921489758877431,0.0,15.245573127960785,5.766281297335398,hard,0.09444519522468693,0.11391563596952983,0.12841976757385176,0.15890059346093438
0.0,0.0,38.64791495855517,0.09236055237426102,0.3103614538955002,0.9630680142129111,0.9630680142129111,1.8734993995195193,0.7262919523166975,0.0,34.8604001698202,5.766281297335398,hard,0.09406849293177101,0.11286246731674408,0.12765422827084122,0.15376263545873756
0.0,0.0,19.598925220769626,0.0914896545780749,0.2915390506947026,1.0535653752852738,1.0535653752852738,1.8734993995195193,0.5916079783099616,0.0,18.737662607700035,5.766281297335398,hard,0.09396314539244816,0.11170576122330816,0.12662389528231838,0.15255469086169163
0.0,0.0,12.045157935207307,0.09121842946289269,0.3541527994761866,1.0535653752852738,1.0535653752852738,1.8131464364468746,0.5916079783099616,0.0,12.054459755625716,5.766281297335398,hard,0.09404461312466325,0.11181968818914155,0.12635224728321867,0.15207192738337208
0.0,0.0,33.55315647340915,0.08994450253800162,0.3326277935097772,0.9937303457175896,0.9937303457175896,1.8131464364468746,0.5894913061275798,0.0,32.47071757753438,5.766281297335398,hard,0.09413538475047153,0.11175655420153666,0.12324147959023093,0.1529313835635774
0.0,0.0,19.067328506611556,0.08933535562392661,0.3108910773021135,0.9937303457175896,0.9937303457175896,1.8131464364468746,0.5894913061275798,0.0,19.221082175569617,5.766281297335398,hard,0.09417054860469164,0.11174204368261413,0.12146870692119559,0.1537128723332975
0.0,0.0,18.094382091926672,0.08897499848144569,0.29230759147970115,0.9539392014169457,0.9539392014169457,1.8131464364468746,0.4898979485566356,0.0,17.93209413314574,5.766281297335398,hard,0.09397613251153454,0.11257568667898474,0.12031677377908827,0.15293490592128117
0.0,0.0,12.723903633327579,0.08841839579879837,0.2782916658102712,0.9539392014169457,0.9539392014169457,1.8131464364468746,0.4898979485566356,0.0,12.47106651413583,5.766281297335398,hard,0.09380772317358148,0.11214315558912566,0.11909864435418162,0.15327362483757143
0.0,0.0,8.243420770487603,0.08858508971548164,0.2670652202218762,0.9539392014169457,0.9539392014169457,1.8131464364468746,0.4898979485566356,0.0,7.22824321671594,5.766281297335398,hard,0.09361972951341173,0.11232425975140675,0.11841570793251743,0.15439826567048368
0.0,0.0,23.097391721255914,0.0878318825551772,0.25272702502966965,0.9539392014169457,0.9539392014169457,1.8131464364468746,0.4898979485566356,0.0,21.83638019452858,5.766281297335398,hard,0.09393094654557037,0.11298203222946285,0.1174256943540318,0.15512331197377885
0.0,0.0,48.18367173275772,0.08898318544703131,0.2257585530414148,0.9539392014169457,0.9539392014169457,1.8131464364468746,0.4898979485566356,0.0,34.93404499911226,5.766281297335398,hard,0.09369008579982872,0.11485896358910434,0.11869714295482188,0.1562150780496474
0.0,0.0,26.06488344685285,0.08918005071413286,0.20671935861870003,0.9539392014169457,0.9539392014169457,1.8131464364468746,0.4898979485566356,0.0,19.371306099486425,5.766281297335398,hard,0.09449193081025885,0.11604382276715607,0.11909056065693412,0.15694175345934713
0.0,0.0,21.42272054675478,0.08974863078560219,0.18388686368467536,0.9539392014169457,0.9539392014169457,1.8131464364468746,0.4898979485566356,0.0,13.380582946942184,5.766281297335398,hard,0.09482379994553189,0.11664720165558351,0.11936457899231738,0.15875140606625415
0.0,0.0,33.978137603452566,0.09015092846147356,0.17000026629038992,0.9539392014169457,0.9539392014169457,1.8131464364468746,0.4898979485566356,0.0,34.1915194163699,5.766281297335398,hard,0.09546575590701628,0.11846762189670126,0.11996419700054993,0.16019643579327994
0.0,0.0,22.095442826721026,0.09016992672095869,0.13147488535702428,1.0136567466356645,1.0136567466356645,1.8131464364468746,0.5722761571129799,0.0,22.004544985070698,5.766281297335398,hard,0.09686587796539887,0.11813825985719134,0.11967529967093146,0.16186223505404182
0.0,0.0,21.622744237766643,0.08990576137894671,0.11892056074026819,1.0136567466356645,1.0136567466356645,1.8131464364468746,0.5722761571129799,0.0,21.10088860688099,5.766281297335398,hard,0.0973447475906841,0.11850215749298339,0.11944573628699878,0.16244428806471997
0.0,0.0,8.130892049215968,0.09024897380744464,0.10960043972894044,1.0136567466356645,1.0136567466356645,1.8131464364468746,0.5722761571129799,0.0,7.068238818828918,5.766281297335398,hard,0.09738383313320913,0.11884097344693714,0.11966883068862295,0.16313077860008146
0.0,0.0,11.370893825872892,0.09071667532293677,0.08709058773520298,1.0136567466356645,1.0136567466356645,1.8131464364468746,0.5722761571129799,0.0,10.761505470890212,5.766281297335398,hard,0.09756741980108398,0.11894194019960545,0.11959395862289725,0.16384999005948975
0.0,0.0,15.850344145520635,0.09136085583071714,0.08156040959241692,1.0136567466356645,1.0136567466356645,1.8131464364468746,0.6224949798994366,0.0,15.948040632002417,5.766281297335398,hard,0.09756741980108398,0.11892631252836774,0.12001344225669772,0.165165777983027
0.0,0.0,20.284317468164264,0.09175184605129975,0.23524384806800855,1.1,1.1,1.8055470085267789,0.7000000000000001,0.0,12.812006088041013,5.766281297335398,hard,0.09756741980108398,0.11900630974427856,0.11966333841012007,0.16682844518220075
0.0,0.0,8.13341636025453,0.09211461980742784,0.22553327641699278,1.0897247358851685,1.0897247358851685,1.8055470085267789,0.7399324293474371,0.0,7.926380006030496,5.766281297335398,hard,0.09779381854838717,0.11909919425507048,0.11936618827262359,0.16756285815944202
0.0,0.0,13.44327763494429,0.09262830666579078,0.20713271854861492,1.0535653752852738,1.0535653752852738,1.8055470085267789,0.7745966692414834,0.0,13.721789241931972,5.766281297335398,hard,0.09795487834199451,0.12006855463798248,0.11999097611528144,0.16762351691160574
0.0,0.0,31.442802707623816,0.0926792725092368,0.18022541066119674,0.9539392014169457,0.9539392014169457,1.8055470085267789,0.7483314773547882,0.0,31.749448814113293,5.766281297335398,hard,0.09553351474756248,0.11943031825892322,0.12265003921320836,0.1663543933303068
0.0,0.0,41.28632258367554,0.09080167204309417,0.15997329754634315,0.9937303457175896,0.9937303457175896,1.8055470085267789,0.6538348415311012,0.0,37.12179279075838,5.766281297335398,hard,0.09535527170571827,0.11912945341079953,0.12230188006288656,0.16133447272667603
0.0,0.0,20.810522449239464,0.09074101991826454,0.14292667371050985,0.9937303457175896,0.9937303457175896,1.8055470085267789,0.6538348415311012,0.0,17.105189271095483,5.766281297335398,hard,0.09604773890993949,0.11953949195232719,0.1227668307636038,0.16057714017109223
0.0,0.0,23.748709777829337,0.09014352052255449,0.12881491478275967,0.9937303457175896,0.9937303457175896,1.8055470085267789,0.6538348415311012,0.0,15.881671826353799,5.766281297335398,hard,0.09657334220832843,0.1194347076493632,0.12238676832993514,0.1590959318656148
0.0,0.0,10.03418369740287,0.08978759338645352,0.11842292581932264,0.9937303457175896,0.9937303457175896,1.8055470085267789,0.6538348415311012,0.0,10.979412552591326,5.766281297335398,hard,0.09678724172847274,0.11940149911596482,0.12207016064420208,0.15831366035224748
0.0,0.0,51.51772631850007,0.08907783880102355,0.10848919135260394,0.9797958971132713,0.9797958971132712,1.8055470085267789,0.66332495807108,0.0,39.96260752253286,5.766281297335398,hard,0.09683653234519794,0.11948553323813282,0.12220128871601953,0.14926121566248363
0.0,0.0,16.462445485113907,0.08866201174632972,0.09515578395919568,1.0136567466356647,1.0136567466356647,1.8055470085267789,0.5894913061275798,0.0,15.774900950560673,5.766281297335398,hard,0.09687260953256907,0.11925678782651249,0.12201605342476145,0.14667653977660394
0.0,0.0,12.52115241212635,0.08836641683129204,0.07275650830839835,1.0136567466356647,1.0136567466356647,1.8055470085267789,0.5894913061275798,0.0,12.55736835487436,5.766281297335398,hard,0.09700655889253287,0.11939353783363257,0.12188861248548484,0.1455401228065687
0.0,0.0,12.678984103378658,0.08807969356062727,0.2517403247523546,1.0136567466356647,1.0136567466356647,1.7684739183827394,0.5894913061275798,0.0,11.306082433805267,5.766281297335398,hard,0.09700655889253287,0.11938437722406559,0.12166013288557234,0.1440232903749571
0.0,0.0,13.381295031745575,0.0883428362019617,0.23469160572129927,1.0136567466356647,1.0136567466356647,1.7684739183827394,0.5894913061275798,0.0,12.951737335199475,5.766281297335398,hard,0.09715608127073763,0.11945498817053928,0.12225351985900458,0.14287620152357133
0.0,0.0,9.865595197857164,0.08849888595770718,0.23382407227074173,1.0136567466356647,1.0136567466356647,1.7684739183827394,0.5894913061275798,0.0,9.98436277385793,5.766281297335398,hard,0.09721092774946423,0.11957845382860005,0.12277929239354184,0.14214344118761463
0.0,0.0,4.55940724175046,0.0886663622572312,0.2247028265556251,1.0136567466356647,1.0136567466356647,1.7684739183827394,0.5894913061275798,0.0,5.535341001239218,5.766281297335398,hard,0.09721092774946423,0.11956604383265329,0.12384116572732705,0.14191938571095186
0.0,0.0,16.72104319315223,0.08890204556403639,0.31378449781772605,1.0136567466356647,1.0136567466356647,1.7860571099491753,0.5894913061275798,0.0,16.155107551483525,5.766281297335398,hard,0.09721092774946423,0.11964955518946524,0.1244274601497091,0.14177897030325737
0.0,0.0,12.283590606676006,0.08914675383555322,0.29644547724220593,1.0136567466356647,1.0136567466356647,1.7860571099491753,0.5894913061275798,0.0,11.841769293479755,5.766281297335398,hard,0.09721092774946423,0.11975010824998775,0.12532449479965974,0.14104965199212052
0.0,0.0,14.850817087459912,0.08971116268178884,0.4346896589730214,0.9433981132056604,0.9433981132056604,1.7741194999210173,0.6708203932499369,0.0,15.751507864328419,5.766281297335398,hard,0.09721092774946423,0.12050689914875558,0.1261330870582784,0.14055939440167484
0.0,0.0,14.326662492835586,0.09050901064403157,0.4136053930211264,0.9433981132056604,0.9433981132056604,1.7741194999210173,0.6708203932499369,0.0,12.80585803450905,5.766281297335398,hard,0.09751279612725092,0.12184975699497237,0.12750296132533726,0.14094050901935629
0.0,0.0,14.635928702131585,0.09037570044375764,0.39888439077939125,0.9433981132056604,0.9433981132056604,1.7741194999210173,0.6708203932499369,0.0,13.816294727603346,5.766281297335398,hard,0.09807694046548378,0.12214420718914872,0.12752258222462878,0.14064466537460812
0.0,0.0,38.663290846590044,0.09127124168327198,0.48244153849011184,0.9273618495495705,0.9273618495495703,1.7168284713389397,0.7348469228349535,0.0,39.22049846700065,5.766281297335398,hard,0.09508912899178151,0.12274516444996639,0.127495549811983,0.13943727738621092
0.0,0.0,25.86845230385391,0.09162977761777373,0.4618160928900149,0.8888194417315589,0.8888194417315589,1.7168284713389397,0.8426149773176358,0.0,26.115656223805672,5.766281297335398,hard,0.09483781632885421,0.12371729458678604,0.12760275697711126,0.1390204201524857
0.0,0.0,50.84245850192301,0.09129659619450066,0.4278195631885756,0.8717797887081348,0.8717797887081347,1.7168284713389397,0.8717797887081347,0.0,33.199397584896026,5.766281297335398,hard,0.09382990424778961,0.12227992970266255,0.12763091562758702,0.13902885082696168
0.0,0.0,22.461429406233414,0.09077241888153802,0.4527236448291661,0.8717797887081348,0.8717797887081347,1.6703293088490065,0.8717797887081347,0.0,16.809149294357525,5.766281297335398,hard,0.0935619513189401,0.12187362009050408,0.12693129112008913,0.13847214281321502
0.0,0.0,57.52424061450471,0.09249126980167817,0.40755067849828963,0.9096702699330126,0.9096702699330126,1.6703293088490065,0.9205976319760985,0.0,50.63644932259765,5.766281297335398,hard,0.09463124716497544,0.12591593489982206,0.12597625421726422,0.13711091605061593
0.0,0.0,24.518640139714698,0.09300143716734978,0.3578015736935553,0.852936105461599,0.852936105461599,1.6703293088490065,0.82915619758885,0.0,23.575198832671592,5.766281297335398,hard,0.09516978968912507,0.1268548865399345,0.125700115335071,0.13713048760931082
0.0,0.0,8.688029167605709,0.0930221747740402,0.4726617294443053,0.812403840463596,0.8124038404635961,1.6815171720800235,0.7810249675906654,0.0,7.556454194925025,5.766281297335398,hard,0.09527497564010216,0.1274363919049508,0.12544438306426806,0.1365340449305427
0.0,0.0,9.031154072199445,0.09308879867783175,0.4463211300637677,0.812403840463596,0.8124038404635961,1.6815171720800235,0.7810249675906654,0.0,8.114647250497091,5.766281297335398,hard,0.09541623055887144,0.12804923493082254,0.12534123864238342,0.13591284798809533
0.0,0.0,5.11200525310154,0.09303160198073618,0.42401748096086883,0.812403840463596,0.8124038404635961,1.6815171720800235,0.7810249675906654,0.0,3.2905166767545793,5.766281297335398,hard,0.09544563146633313,0.12790845982498658,0.12521145817480803,0.13589602209138377
0.0,0.0,39.70230127881446,0.09316704530085014,0.3927972973414234,0.852936105461599,0.852936105461599,1.6815171720800235,0.7921489758877431,0.0,27.25155958839787,5.766281297335398,hard,0.09579756212551405,0.12788132235352298,0.12446067951854724,0.13170906861948778
0.0,0.0,16.315177625188742,0.09287747994709962,0.4214456201025627,0.7262919523166975,0.7262919523166975,1.6613247725836149,0.5894913061275798,0.0,17.65467360219384,5.766281297335398,hard,0.09593030314243357,0.1277930834878469,0.12301319131996528,0.1302285587509976
0.0,0.0,24.46364459013352,0.09261946755251492,0.4132456646135633,0.7262919523166975,0.7262919523166975,1.6613247725836149,0.5894913061275798,0.0,13.803169925781543,5.766281297335398,hard,0.09593030314243357,0.12734013931128818,0.1220033827654655,0.12855850816987224
0.0,0.0,14.848536893213813,0.09205851543122698,0.39509130325392916,0.7262919523166975,0.7262919523166975,1.6613247725836149,0.5894913061275798,0.0,14.815869869838894,5.766281297335398,hard,0.09601858510783173,0.12699060943508553,0.11907558155161663,0.1287351312227276
0.0,0.0,10.559610143039931,0.0918716313568572,0.4366338655008281,0.7262919523166975,0.7262919523166975,1.699264546796643,0.5894913061275798,0.0,9.02551937563706,5.766281297335398,hard,0.09627908381261478,0.1266513538381876,0.11852871751296244,0.12899039075402638
0.0,0.0,15.114637639697683,0.09253914579630931,0.4888428833774674,0.7262919523166975,0.7262919523166975,1.6815171720800235,0.5894913061275798,0.0,14.746101179633888,5.766281297335398,hard,0.0979224275561601,0.12710669709748218,0.118513340745502,0.1280896573907952
0.0,0.0,16.78623628880443,0.0924561021321803,0.4648288593751138,0.7262919523166975,0.7262919523166975,1.6815171720800235,0.5894913061275798,0.0,9.666824711351707,5.766281297335398,hard,0.09802883168599473,0.12727553951019935,0.11802201770282351,0.12763376734325776
0.0,0.0,11.496499857316232,0.09260217069530194,0.43826781423608085,0.7262919523166975,0.7262919523166975,1.6815171720800235,0.5894913061275798,0.0,10.631439225241332,5.766281297335398,hard,0.0982772752786714,0.12742383336507726,0.11762132361706236,0.12874275703064186
0.0,0.0,23.873660390483554,0.09332508515254867,0.4069363659161595,0.7262919523166975,0.7262919523166975,1.6815171720800235,0.5894913061275798,0.0,23.941386760169095,5.766281297335398,hard,0.10024058595789517,0.12910194700938019,0.11758111327450779,0.1286438170965687
0.0,0.0,17.351312633165577,0.09305450707639759,0.3833920156756618,0.7262919523166975,0.7262919523166975,1.6815171720800235,0.5894913061275798,0.0,16.47991201432823,5.766281297335398,hard,0.10024058595789517,0.12883971779620698,0.1170648384974227,0.12860284975936137
0.0,0.0,27.660375332110892,0.09354995105987143,0.3541606037810125,0.812403840463596,0.8124038404635961,1.6815171720800235,0.6708203932499369,0.0,26.791043279424564,5.766281297335398,hard,0.10267624404050364,0.12900564180567672,0.1154770770787151,0.12864007915285872
0.0,0.0,25.970264399127377,0.09344269926269055,0.47380924922133205,0.812403840463596,0.8124038404635961,1.7175564037317668,0.6708203932499369,0.0,26.023595062942398,5.766281297335398,hard,0.10394951116790499,0.12857830634590087,0.11419528399761493,0.12857837737266195
0.0,0.0,32.41783498465315,0.09374465200756528,0.5233552740422001,0.8874119674649424,0.8874119674649424,1.7741194999210173,0.739932429347437,0.0,31.824950903339975,5.766281297335398,hard,0.1046361500444658,0.12781470772908082,0.11309980149858805,0.12877719510086122
0.0,0.0,32.804735659149834,0.09289143823656953,0.5805705522842588,0.9539392014169457,0.9539392014169457,1.8193405398660252,0.8426149773176358,0.0,33.53993887889481,5.766281297335398,hard,0.10464130668871943,0.1258226127234704,0.11070335047451194,0.1288809925010068
0.0,0.0,36.471518204406884,0.09306609511809306,0.6296974678144843,0.9420721840708386,0.9420721840708386,1.8131464364468746,0.8874119674649424,0.0,27.608694282779837,5.766281297335398,hard,0.10568196080351588,0.12529947769446215,0.11020388000494394,0.1285859672511921
0.0,0.0,22.093002681779403,0.09320552853658537,0.599704897571707,0.9797958971132712,0.9797958971132713,1.8131464364468746,0.8717797887081347,0.0,21.107522355785864,5.766281297335398,hard,0.10719560888155871,0.12612182863600238,0.10803229190985066,0.12838584261913866
0.0,0.0,39.13913468954274,0.09222657366612828,0.6389143555107616,0.9630680142129111,0.9630680142129111,1.8867962264113207,0.9096702699330126,0.0,26.366455962074234,5.766281297335398,hard,0.10829540770459632,0.12470395503010795,0.10602050307746047,0.1277249173793988
0.0,0.0,43.67591188572586,0.0912556666090311,0.6208937331036051,1.0234744745229363,1.023474474522936,1.8867962264113207,0.8529361054615991,0.0,39.25506336767271,5.766281297335398,hard,0.10873150011817713,0.1230206409109563,0.10412050613780562,0.1286883593693147
0.0,0.0,54.80916216395826,0.09127360735116886,0.6613479556538904,1.0295630140987,1.0295630140987,2.006863224038948,0.7810249675906654,0.0,29.24739304621867,5.766281297335398,hard,0.10782078248289283,0.12264694192824264,0.10413392582050814,0.12944186284617926
0.0,0.0,16.519016295839275,0.09128019205192761,0.7232281346593413,1.0295630140987,1.0295630140987,2.0223748416156684,0.7810249675906654,0.0,15.443121446132581,5.766281297335398,hard,0.10742273057205458,0.1226390554611209,0.10400437490815631,0.12993589973817238
0.0,0.0,17.81668787403406,0.09116420088182703,0.7025241381445613,1.0295630140987,1.0295630140987,2.0223748416156684,0.7810249675906654,0.0,18.083901680776748,5.766281297335398,hard,0.10849387910500684,0.12177824317237954,0.10353301727838667,0.12932465970017412
0.0,0.0,11.253805709440796,0.09112319692603434,0.680338584142058,1.0295630140987,1.0295630140987,2.0223748416156684,0.7810249675906654,0.0,11.246666172693132,5.766281297335398,hard,0.10851600655487251,0.12171837159105903,0.10339583384929672,0.12943577034868167
0.0,0.0,29.071153370837997,0.0920430862439566,0.667642289505629,1.0535653752852738,1.0535653752852738,1.9615045245933032,0.66332495807108,0.0,28.23667827489629,5.766281297335398,hard,0.10920341565917575,0.12194626036227098,0.10365849959163385,0.12974277854382807
0.0,0.0,41.59653551897794,0.09214231108500508,0.6424617026047936,1.061838029079765,1.061838029079765,1.9615045245933032,0.5894913061275798,0.0,32.30862887836623,5.766281297335398,hard,0.1092794438040725,0.11943779148105425,0.10465588338447622,0.1308222663332842
0.0,0.0,20.413936189834885,0.09191708699774921,0.6304799267623404,1.061838029079765,1.061838029079765,1.9615045245933032,0.5894913061275798,0.0,19.970665987893344,5.766281297335398,hard,0.10890623792414472,0.11826919571165835,0.10546258936192214,0.1310687327493331
0.0,0.0,39.050710520484905,0.09262131396485651,0.6109103880855713,1.061838029079765,1.061838029079765,1.9615045245933032,0.5894913061275798,0.0,37.8345080581207,5.766281297335398,hard,0.1088468963153728,0.11784443706540604,0.10742577164593545,0.13185460632536203
0.0,0.0,15.66173199888406,0.09274731736306073,0.5842696488549072,1.061838029079765,1.061838029079765,1.9615045245933032,0.5894913061275798,0.0,14.833745312630928,5.766281297335398,hard,0.10903895809439461,0.11758995469435495,0.10790256106479876,0.13235134845597335
0.0,0.0,7.881597861350994,0.09295901739806713,0.5644554233974921,1.061838029079765,1.061838029079765,1.9615045245933032,0.5894913061275798,0.0,6.971370023173351,5.766281297335398,hard,0.10937531330765514,0.11748911702809751,0.10813517072903386,0.1325512847880168
0.0,0.0,4.570893237825325,0.09301485363272882,0.5382634669456925,1.061838029079765,1.061838029079765,1.9615045245933032,0.5894913061275798,0.0,4.773887304912004,5.766281297335398,hard,0.10958709074970581,0.11738511205196936,0.1081364145282769,0.1325541730797385
0.0,0.0,3.820828998232932,0.09308485999160171,0.5117469305249076,1.061838029079765,1.061838029079765,1.9615045245933032,0.5894913061275798,0.0,3.9496835316262997,5.766281297335398,hard,0.10970847312405978,0.11733244464914008,0.10845993613374187,0.13253281173830955
0.0,0.0,9.262408643862702,0.09298842064711228,0.5290667410838418,1.061838029079765,1.061838029079765,1.9493588689617927,0.5894913061275798,0.0,6.594694837519018,5.766281297335398,hard,0.10971926753824976,0.11716473119894498,0.10844075770410525,0.13259884290255147
0.0,0.0,10.229473614411754,0.0930697053885674,0.6498942172595702,1.061838029079765,1.061838029079765,2.0316249653910043,0.5894913061275798,0.0,4.176122603564219,5.766281297335398,hard,0.10976912774967648,0.11708859009876417,0.10844385774478578,0.13282300872461214
0.0,0.0,3.4544472370270816,0.09307513066274102,0.6338410862643772,1.061838029079765,1.061838029079765,2.0316249653910043,0.5894913061275798,0.0,1.6278820596099706,5.766281297335398,hard,0.10976912774967648,0.11708859009876417,0.10845383240255872,0.13284085673738288
0.0,0.0,12.724685665304738,0.09276259093041309,0.6021223907431744,1.061838029079765,1.061838029079765,2.0316249653910043,0.5894913061275798,0.0,12.318583522467184,5.766281297335398,hard,0.10983895849924996,0.11683088128040468,0.1079893965085199,0.13280960519844845
0.0,0.0,7.267547854606967,0.09273823393482533,0.6132221692832486,0.9630680142129111,0.9630680142129111,1.9899748742132397,0.6689544080129824,0.0,6.073508047249135,5.766281297335398,hard,0.10989923719925757,0.11667771672684353,0.1081291002997636,0.132960998667015
0.0,0.0,15.300487585417766,0.09310205321583039,0.5924281354121623,0.9,0.8999999999999999,1.9899748742132397,0.7348469228349535,0.0,16.135287416095196,5.766281297335398,hard,0.10985230687510202,0.11716187704524424,0.10869988016350447,0.132960998667015
0.0,0.0,16.95489204745826,0.0934616611758511,0.6252775060034358,0.8717797887081348,0.8717797887081347,1.9968725547715858,0.8717797887081347,0.0,17.095247877699816,5.766281297335398,hard,0.10964831630727322,0.11766524579536068,0.10892214139784913,0.13287422266200416
0.0,0.0,16.467685121106186,0.09364201010143029,0.5802248344886273,0.9096702699330127,0.9096702699330127,1.9968725547715858,0.9096702699330126,0.0,15.378150083803968,5.766281297335398,hard,0.1095619841376366,0.11782951303228369,0.1090620625138873,0.13317414101340425
0.0,0.0,42.62625483217953,0.09450288056753643,0.5680841735054946,0.852936105461599,0.852936105461599,1.9261360284258222,0.8645808232895291,0.0,43.74342807782673,5.766281297335398,hard,0.10942494080592818,0.11812757046755602,0.1108355689535177,0.13486770564781914
0.0,0.0,30.464000226543828,0.09496445475556169,0.5412807605177444,0.8888194417315589,0.8888194417315589,1.9261360284258222,0.8717797887081347,0.0,30.60142970516247,5.766281297335398,hard,0.11088203980349678,0.11763410835884501,0.11092905658431322,0.13616744218775587
0.0,0.0,13.493461699451835,0.09553445572216833,0.506383562608252,0.8888194417315589,0.8888194417315589,1.9261360284258222,0.8717797887081347,0.0,13.196590468753662,5.766281297335398,hard,0.11113799284837236,0.11811706428556457,0.11158851334532652,0.13772363269990248
0.0,0.0,13.55815961572253,0.09582442512782709,0.48024120941815535,0.8888194417315589,0.8888194417315589,1.9261360284258222,0.8717797887081347,0.0,12.869634804453467,5.766281297335398,hard,0.1111352289420567,0.11841763715051648,0.11201014297669737,0.13946735652710784
0.0,0.0,13.157993208227078,0.09604142727871152,0.45608686698789613,0.852936105461599,0.852936105461599,1.9261360284258222,0.82915619758885,0.0,12.252652773991434,5.766281297335398,hard,0.1115552817710948,0.11888563176358052,0.1122355425587271,0.14061279355350473
0.0,0.0,57.594940521849196,0.095280353711929,0.5373819845886819,0.7681145747868608,0.7681145747868608,1.8834808201837363,0.66332495807108,0.0,45.77215310644672,5.766281297335398,hard,0.1115552817710948,0.11898259256898282,0.11000101829148083,0.13978316710250277
0.0,0.0,44.667864388469916,0.09522760820881061,0.5144160646028716,0.7681145747868608,0.7681145747868608,1.8834808201837363,0.66332495807108,0.0,43.67868473294497,5.766281297335398,hard,0.11159619879468931,0.11892573456916272,0.10886417566272083,0.14183500479933986
0.0,0.0,27.250564105432634,0.0952336235367964,0.4908611321135681,0.739932429347437,0.739932429347437,1.8834808201837363,0.5894913061275798,0.0,20.23480911696475,5.766281297335398,hard,0.1116614122938433,0.11894093281082223,0.10848056055815126,0.14334717290016608
0.0,0.0,28.018288000438424,0.09580815553824741,0.47251061759706026,0.739932429347437,0.739932429347437,1.8834808201837363,0.5894913061275798,0.0,28.27591731491659,5.766281297335398,hard,0.1117723073591495,0.11902078001319204,0.10870380664020544,0.14686672848279317
0.0,0.0,10.07239538496165,0.09590227187233315,0.4393945489406268,0.739932429347437,0.739932429347437,1.8834808201837363,0.5894913061275798,0.0,8.381527307120106,5.766281297335398,hard,0.1117723073591495,0.11934521612631971,0.10900598598859948,0.14757184480490115
0.0,0.0,6.8434421248944375,0.0959752834131491,0.41821664856371127,0.739932429347437,0.739932429347437,1.8834808201837363,0.5894913061275798,0.0,6.240793218814416,5.766281297335398,hard,0.11208445786282027,0.11996885838798205,0.10901203736801213,0.14762850592557075
0.0,0.0,6.827641062061824,0.09581133947803905,0.3935000869938428,0.739932429347437,0.739932429347437,1.8834808201837363,0.5894913061275798,0.0,6.015604707757983,5.766281297335398,hard,0.11195456752562964,0.11984079366320603,0.10892089463883689,0.14792713855589726
0.0,0.0,4.442962330291815,0.09579601756714479,0.36738181135600634,0.739932429347437,0.739932429347437,1.8834808201837363,0.5894913061275798,0.0,3.7878093933037333,5.766281297335398,hard,0.11195209328662703,0.12018133737782062,0.10893170470199962,0.14811941546760476
0.0,0.0,7.762671964749905,0.09596655592994575,0.3932069588208078,0.739932429347437,0.739932429347437,1.8841443681416772,0.5894913061275798,0.0,4.914010581999189,5.766281297335398,hard,0.11219062115653672,0.12031320701418464,0.10901667286308932,0.14870613596667098
0.0,0.0,10.641756185078396,0.09638805951750483,0.4650784734168869,0.739932429347437,0.739932429347437,1.8834808201837363,0.5894913061275798,0.0,8.212186067059124,5.766281297335398,hard,0.11228816749010112,0.12090701383044561,0.10960082879861159,0.14959388256465062
0.0,0.0,15.909673067170912,0.09682443693918806,0.43776616220829595,0.739932429347437,0.739932429347437,1.8834808201837363,0.5894913061275798,0.0,15.010329776523898,5.766281297335398,hard,0.11248925044265463,0.12147836556259983,0.1106071994627054,0.1495975398670185
0.0,0.0,19.572110854908843,0.0974534341007654,0.41794555817237117,0.739932429347437,0.739932429347437,1.8834808201837363,0.5894913061275798,0.0,18.59462287867114,5.766281297335398,hard,0.11290329966156439,0.12311679175143424,0.11141472873261227,0.14961509433112705
0.0,0.0,5.034488848418364,0.09755188191679305,0.44958280651056526,0.8306623862918076,0.8306623862918076,1.9078784028338913,0.6708203932499369,0.0,1.9390719429665317,5.766281297335398,hard,0.11290329966156439,0.12312992136079455,0.11141453132960134,0.14988980345583794
0.0,0.0,42.08581204396576,0.09869738161150501,0.4801363600895545,0.8306623862918076,0.8306623862918076,1.9000000000000001,0.7348469228349535,0.0,34.77556613485969,5.766281297335398,hard,0.11084544716953137,0.12315250920176515,0.11268005929090114,0.15003202335746824
0.0,0.0,28.69181794904256,0.09966762516309671,0.4290476542130983,0.9433981132056604,0.9433981132056604,1.9000000000000001,0.7810249675906653,0.0,24.034298408732464,5.766281297335398,hard,0.11042140543826631,0.12311550311133879,0.11244306912425768,0.15126092322830134
0.0,0.0,8.326887653270578,0.09997734595915549,0.4069079671974032,0.9433981132056604,0.9433981132056604,1.9000000000000001,0.7810249675906653,0.0,8.586471918081372,5.766281297335398,hard,0.11017640086294035,0.12313315776678964,0.11237055922125232,0.15173171565857704
0.0,0.0,26.36896530708016,0.09974672412926205,0.3668430286300952,0.9433981132056605,0.9433981132056605,1.9000000000000001,0.812403840463596,0.0,18.0207519265984,5.766281297335398,hard,0.11015248830615171,0.12327602069416421,0.11258797805953404,0.15113819098429915
0.0,0.0,18.293586613265997,0.10043493471139464,0.34017748101288325,1.0712142642814275,1.0712142642814273,1.9000000000000001,0.804673846971554,0.0,18.816216410320116,5.766281297335398,hard,0.11107546235441386,0.12330663662932281,0.1126123054937809,0.15310458841820043
0.0,0.0,25.843755901439405,0.10052538905891095,0.35850320164032984,1.044030650891055,1.044030650891055,1.8674849396983098,0.8306623862918074,0.0,26.05815611281811,5.766281297335398,hard,0.11248889946805415,0.12307027494256526,0.11279844526892549,0.15416619128780862
0.0,0.0,16.342698992660317,0.10055382598336796,0.3381527903929505,1.044030650891055,1.044030650891055,1.8674849396983098,0.8306623862918074,0.0,15.591263579325442,5.766281297335398,hard,0.11259422589191803,0.12304938168173746,0.11282435186227241,0.15481508998770704
0.0,0.0,25.745307472035506,0.10021761923805682,0.3188596098680383,1.0295630140987,1.0295630140987,1.8674849396983098,0.812403840463596,0.0,26.359817905289102,5.766281297335398,hard,0.10923701331957394,0.12306385073122995,0.11285966202529085,0.15521659378955874
0.0,0.0,12.322484079137695,0.09999860963106777,0.2892885017188011,1.1224972160321822,1.1224972160321824,1.8674849396983098,0.7810249675906654,0.0,12.076733829972406,5.766281297335398,hard,0.10955408662495134,0.12302299683521085,0.11281917732532867,0.15572229611585434
0.0,0.0,26.808071823167253,0.09913746821258329,0.25385610578821055,1.1779218989389746,1.1779218989389746,1.8674849396983098,0.6538348415311012,0.0,16.493862494879725,5.766281297335398,hard,0.10991248112858067,0.12302299683521085,0.11200233868386923,0.1555493898663187
0.0,0.0,19.266051248487397,0.09900732917921432,0.2228281330225758,1.1874342087037917,1.1874342087037917,1.8674849396983098,0.58309518948453,0.0,17.842295255936104,5.766281297335398,hard,0.11086700889564145,0.12335605607944819,0.11189785494955827,0.15593334856957947
0.0,0.0,23.137497044959954,0.09869636745537991,0.2047527799916893,1.1874342087037917,1.1874342087037917,1.8674849396983098,0.58309518948453,0.0,12.781236246936365,5.766281297335398,hard,0.11098413136477728,0.12355637612568858,0.11193006675722827,0.1557804158057895
0.0,0.0,13.813858186859493,0.09805106315422649,0.18941302266267224,1.1874342087037917,1.1874342087037917,1.8674849396983098,0.58309518948453,0.0,13.555349497523109,5.766281297335398,hard,0.11088856978251833,0.1234527662667196,0.11193506807357466,0.1547994855961031
0.0,0.0,18.80672843956385,0.09788186067442847,0.15892419348459305,1.1874342087037917,1.1874342087037917,1.8674849396983098,0.58309518948453,0.0,18.092194449540937,5.766281297335398,hard,0.11071331929357062,0.12264024973237136,0.11219472144768465,0.15512592147027454
0.0,0.0,20.66703935470627,0.09753608733181585,0.1478346904380453,1.1874342087037917,1.1874342087037917,1.8674849396983098,0.58309518948453,0.0,20.364859439730978,5.766281297335398,hard,0.11054327746102623,0.12162219024113499,0.11245640994842336,0.1550288105258413
0.0,0.0,14.10840882393679,0.09737224473501661,0.1329749189114227,1.1874342087037917,1.1874342087037917,1.8674849396983098,0.58309518948453,0.0,14.003124651305509,5.766281297335398,hard,0.1108466020664643,0.12115840068696007,0.11250165681183594,0.1550952447714868
0.0,0.0,15.59488060236684,0.09726564806460951,0.1265043112070992,1.1874342087037917,1.1874342087037917,1.8674849396983098,0.58309518948453,0.0,15.763565586503582,5.766281297335398,hard,0.11073794518966076,0.12063865654374668,0.11241369149775297,0.15601478938923186
0.0,0.0,22.017655559189617,0.09785647334594759,0.26144167912873995,1.1874342087037917,1.1874342087037917,1.8055470085267789,0.58309518948453,0.0,23.235533133543548,5.766281297335398,hard,0.11162002028092206,0.1205600020498155,0.11352902930157327,0.15888446377460588
0.0,0.0,9.277641038326838,0.09805828356981931,0.39975123692566905,1.1874342087037917,1.1874342087037917,1.8411952639521971,0.58309518948453,0.0,7.02922470831599,5.766281297335398,hard,0.11204155402171019,0.12058106811340172,0.1137894490856502,0.15991553089805366
0.0,0.0,7.1442887732393485,0.09805969537813101,0.37373971764032804,1.1874342087037917,1.1874342087037917,1.8411952639521971,0.58309518948453,0.0,6.902173570694959,5.766281297335398,hard,0.11247370965382465,0.12048692486418136,0.1137894490856502,0.16049855245726996
0.0,0.0,14.981541855417685,0.09786402251509754,0.3484410677887381,1.1874342087037917,1.1874342087037917,1.8411952639521971,0.58309518948453,0.0,15.445063936416709,5.766281297335398,hard,0.11321544266731905,0.1199045801674096,0.11389624494626092,0.1609932883705943
0.0,0.0,14.95083363464016,0.09829437686152813,0.33233350078331847,1.1521718621802912,1.1521718621802912,1.8411952639521971,0.739932429347437,0.0,14.909393012460301,5.766281297335398,hard,0.11343151593474639,0.11935115352596701,0.11387786278443311,0.16186521854127234
0.0,0.0,17.053081831372104,0.0988417931118824,0.317888994480628,1.1521718621802912,1.1521718621802912,1.8411952639521971,0.739932429347437,0.0,16.17861242505055,5.766281297335398,hard,0.11353784350348156,0.11923470952244569,0.11384141539515215,0.16290641142412515
0.0,0.0,11.089731108726742,0.09857054088119879,0.36681127597817137,1.1521718621802912,1.1521718621802912,1.961504524593303,0.739932429347437,0.0,8.422588675698226,5.766281297335398,hard,0.11356428996135401,0.11896527068776462,0.11346847171253016,0.16313683860682945
0.0,0.0,11.128866740261172,0.09871509021237922,0.34192551751239303,1.1521718621802912,1.1521718621802912,1.961504524593303,0.7921489758877431,0.0,11.346365056704284,5.766281297335398,hard,0.11546210126452547,0.1192842237727708,0.11346847171253016,0.1631571971286751
0.0,0.0,19.87855247915092,0.09916374949421518,0.3024533348733929,0.99498743710662,0.99498743710662,1.961504524593303,0.8717797887081347,0.0,20.221275924134954,5.766281297335398,hard,0.11531982200569114,0.12032261754765677,0.11453067087045768,0.16314584527910317
0.0,0.0,31.025872957410133,0.09825989138311438,0.3228125150317593,0.9797958971132712,0.9797958971132712,2.0,0.8944271909999159,0.0,31.35007974471516,5.766281297335398,hard,0.11572327398696353,0.11770522543912894,0.11386441671032524,0.16314584527910317
0.0,0.0,30.939582287023406,0.09779333587596957,0.3441908610778765,0.9420721840708386,0.9420721840708386,2.011839953873071,0.8645808232895291,0.0,29.954089871000924,5.766281297335398,hard,0.11560435338053208,0.11686322884733166,0.11414741639944574,0.16314584527910317
0.0,0.0,19.789802543771064,0.0974095244496784,0.3213477722896989,0.9420721840708386,0.9420721840708386,2.011839953873071,0.8645808232895291,0.0,19.238697980892578,5.766281297335398,hard,0.11557269506406621,0.11577376736488094,0.11403216248606893,0.16343322357745835
0.0,0.0,6.8624622457107085,0.09743401951413802,0.43016906935485905,0.9273618495495703,0.9273618495495705,1.9306734576307822,0.812403840463596,0.0,3.122498999199199,5.766281297335398,hard,0.11561873208047777,0.1158459890870271,0.11409762762706156,0.16345447904115135
0.0,0.0,13.119729230026415,0.09752019122489415,0.40543257194164334,0.852936105461599,0.852936105461599,1.9306734576307822,0.698212002188447,0.0,12.142899159591172,5.766281297335398,hard,0.11603756793218206,0.11651125206505059,0.11410957449844143,0.16356698745943796
0.0,0.0,51.25292126057849,0.09762800626828325,0.4245566397894084,0.7681145747868608,0.7681145747868608,1.98997487421324,0.714142842854285,0.0,52.382129586338884,5.766281297335398,hard,0.11603756793218206,0.11790719113580707,0.11402244353558748,0.1639939707402924
0.0,0.0,16.99885696975693,0.09753509890020787,0.40171729609747425,0.7681145747868608,0.7681145747868608,1.98997487421324,0.714142842854285,0.0,17.21162397916013,5.766281297335398,hard,0.11603756793218206,0.11804576701209604,0.1144670708372577,0.16447468335624452
0.0,0.0,15.005385735712936,0.09717439132183556,0.37910971851593767,0.739932429347437,0.739932429347437,1.98997487421324,0.6538348415311009,0.0,14.207304459326547,5.766281297335398,hard,0.1160722240080774,0.11780473790041927,0.11420445807642295,0.16471269386702478
0.0,0.0,17.501501994853637,0.09740158092003422,0.3599993147178271,0.739932429347437,0.739932429347437,1.98997487421324,0.6538348415311009,0.0,17.35828332526002,5.766281297335398,hard,0.11616635349205247,0.11871511467269572,0.11503632236937603,0.1648234582113448
0.0,0.0,25.068578537892314,0.09788118874923575,0.5810909551368242,0.739932429347437,0.739932429347437,1.9868316486305528,0.6538348415311009,0.0,25.047155527125227,5.766281297335398,hard,0.1165130003084923,0.1197492035672772,0.11621035473809227,0.16565384466460262
0.0,0.0,23.657753527654954,0.09812431451906914,0.5735225305671509,0.739932429347437,0.739932429347437,1.91049731745428,0.6538348415311009,0.0,23.842137068643822,5.766281297335398,hard,0.11635242862189671,0.1205197588449122,0.11702630748546987,0.16660277648067892
0.0,0.0,20.427993772734343,0.09868630022543946,0.6303144196026985,0.739932429347437,0.739932429347437,1.909842925478428,0.6538348415311009,0.0,19.467665499489147,5.766281297335398,hard,0.11692518988854737,0.12146917039241034,0.11794269668474087,0.16763682545166872
0.0,0.0,17.748132984395916,0.09875120950287629,0.6160946506186188,0.739932429347437,0.739932429347437,2.0346989949375804,0.6538348415311009,0.0,16.152089648091973,5.766281297335398,hard,0.11736537717364542,0.12192684598746505,0.1174755995720896,0.16839474037893756
0.0,0.0,21.50610646424393,0.09839728874321221,0.5848286788135219,0.739932429347437,0.739932429347437,2.0346989949375804,0.6538348415311009,0.0,21.93513163853821,5.766281297335398,hard,0.11707255869334797,0.12193759130795337,0.11723970849218829,0.16907596505679942
0.0,0.0,21.577085533209228,0.09786975883819682,0.5675264283325407,0.739932429347437,0.739932429347437,2.080264406271472,0.6538348415311009,0.0,21.081923536527686,5.766281297335398,hard,0.11685477566621565,0.12204969448215078,0.11678942726477778,0.1694011614075283
0.0,0.0,14.974560559139453,0.0977784319664384,0.6114410278215289,0.739932429347437,0.739932429347437,2.027313493271329,0.6538348415311009,0.0,14.233323575328427,5.766281297335398,hard,0.11735734366773708,0.12248419649606918,0.11709743136798738,0.16934477231853678
0.0,0.0,18.236773128363918,0.09732252139219716,0.5963376129578727,0.7681145747868608,0.7681145747868608,2.027313493271329,0.6633249580710799,0.0,17.855741373575057,5.766281297335398,hard,0.11729553017305563,0.12196942915427553,0.11714619296356095,0.16926281998563517
0.0,0.0,12.463731015211692,0.09714021095383202,0.5584595085565053,0.852936105461599,0.852936105461599,2.027313493271329,0.739932429347437,0.0,11.492932610957048,5.766281297335398,hard,0.11738290509960897,0.12193145101883988,0.1173551293837345,0.16927788097559834
0.0,0.0,9.062334788248757,0.09709679555067058,0.5481456839775786,0.852936105461599,0.852936105461599,2.021756661915573,0.739932429347437,0.0,6.599052962357553,5.766281297335398,hard,0.11745779469540796,0.12191186716506265,0.11760814097219457,0.16927340646865088
0.0,0.0,6.509450219440624,0.09717549675912551,0.6186442629033223,0.812403840463596,0.812403840463596,1.98997487421324,0.806225774829855,0.0,2.5937424698685874,5.766281297335398,hard,0.11745779469540796,0.1219506555724766,0.11774961598215096,0.1694331322158944
0.0,0.0,20.86329454504552,0.09837873089533085,0.5926146338066325,0.9,0.9,1.98997487421324,0.8999999999999999,0.0,21.501395303561115,5.766281297335398,hard,0.11846345335569963,0.12268036178280406,0.11799618150299733,0.16998779527062377
0.0,0.0,42.921533148587265,0.09780193468082903,0.6411062878909902,0.9695359714832659,0.9695359714832659,2.046948949045872,0.9433981132056604,0.0,43.68326338542028,5.766281297335398,hard,0.1123398843506686,0.12204210032193742,0.11801587138680959,0.16998277635222028
0.0,0.0,15.960633700561479,0.09763194064384097,0.6137115030852446,0.9695359714832659,0.9695359714832659,2.046948949045872,0.9486832980505138,0.0,16.15077397526199,5.766281297335398,hard,0.11153163028227868,0.12190687575933153,0.11733350467932574,0.16992105240969296
0.0,0.0,9.451743844028112,0.09753208380245419,0.5998302220230333,0.9695359714832659,0.9695359714832659,2.046948949045872,0.9486832980505138,0.0,9.248783703817491,5.766281297335398,hard,0.11135631142614952,0.12168528987779717,0.11700141437062042,0.1698050073061498
0.0,0.0,15.465881742705236,0.09739674301942351,0.5795375631812011,1.019803902718557,1.019803902718557,2.046948949045872,0.8888194417315588,0.0,16.04828651289601,5.766281297335398,hard,0.1114336653715847,0.12216611097131955,0.11661673249737876,0.16955367499959081
0.0,0.0,47.78176909894428,0.09705966186205991,0.5684738362614131,0.9205976319760985,0.9205976319760985,2.046948949045872,0.698212002188447,0.0,48.55883029892709,5.766281297335398,hard,0.1115328813847306,0.12256162429041827,0.11658879225382444,0.16447445074369205
0.0,0.0,40.03908186954059,0.0973563674192364,0.5485314796021884,0.9165151389911681,0.9165151389911681,2.046948949045872,0.714142842854285,0.0,40.095510970681,5.766281297335398,hard,0.11103492014822496,0.1226490369088269,0.11739163341869578,0.1599187421299471
0.0,0.0,30.057881270056455,0.09782902896338098,0.534004207690948,0.9165151389911681,0.9165151389911681,2.046948949045872,0.714142842854285,0.0,17.94268653240088,5.766281297335398,hard,0.11075823535517892,0.12274468676195759,0.11812328289656952,0.15879379450422348
0.0,0.0,10.596587490054718,0.09809080795527406,0.5189933569487203,0.9205976319760985,0.9205976319760985,2.046948949045872,0.6538348415311009,0.0,10.187737727287644,5.766281297335398,hard,0.11043068642808526,0.12287279506573937,0.11878469864460389,0.15848773344769695
0.0,0.0,52.258393987225794,0.09903335674303301,0.5766337466625586,0.9205976319760985,0.9205976319760985,2.0609463845524947,0.6538348415311009,0.0,19.338045402780498,5.766281297335398,hard,0.11112656518746473,0.12313731218704907,0.11960965586372564,0.15774855850911151
