step,timestamp,reward,coverage,cov_trace,altitude,alt_idx,loop_closures,altitude_changes,frontier_count,new_cells,map_seed,difficulty,cov_alt0,cov_alt1,cov_alt2,cov_alt3
0.0,0.0,44.351637464213496,0.009639167054623914,0.02436775021647374,0.0,0.0,0.0,0.0,0.0,44.17535964765879,14.430869689661812,hard,0.03108018445105278,0.015765570160858573,0.0,0.0
0.0,0.0,41.54719070504172,0.010992191062758798,0.04663790360762969,0.0,0.0,0.0,0.0,0.0,41.44635086470219,14.430869689661812,hard,0.03637721063128347,0.014790909912400257,0.0,0.0
0.0,0.0,39.62646288190442,0.012200757988834797,0.06815138893549783,0.0,0.0,0.0,0.0,0.0,39.56289170422202,14.430869689661812,hard,0.038685729738265826,0.018260453645311446,0.0,0.0
0.0,0.0,49.19612781732785,0.014618623184510288,0.09378750730391736,0.0,0.0,0.0,0.0,0.0,49.30902148694496,14.430869689661812,hard,0.04300721063386503,0.021685467955592005,0.0,0.0
0.0,0.0,43.53629816027887,0.017280842687244013,0.11560378055850541,0.0,0.0,0.0,0.0,0.0,43.626253563651325,14.430869689661812,hard,0.04955402072476339,0.02550784734629288,0.0,0.0
0.0,0.0,43.58689410524527,0.019776150696110373,0.14137040907850856,0.0,0.0,0.0,0.0,0.0,44.00722213455423,14.430869689661812,hard,0.055610085827050876,0.028974169733142565,0.0,0.0
0.0,0.0,45.19333003273223,0.021910351580500306,0.16850206319126718,0.0,0.0,0.0,0.0,0.0,44.769793387953,14.430869689661812,hard,0.06053995992304228,0.03217890609603525,0.0,0.0
0.0,0.0,50.52824044856363,0.024532184442340132,0.19711791079652782,0.0,0.0,0.0,0.0,0.0,50.196318590111765,14.430869689661812,hard,0.06611433844935366,0.03763259897587563,0.0,0.0
0.0,0.0,42.35537792290282,0.02718547305024832,0.2290910679570063,0.0,0.0,0.0,0.0,0.0,41.8194643676841,14.430869689661812,hard,0.07171193702957451,0.04283955321663128,0.0,0.0
0.0,0.0,49.17371931905882,0.029060780950256535,0.2621747381853246,0.0,0.0,0.0,0.0,0.0,49.318917263054345,14.430869689661812,hard,0.075485254567964,0.04652647696729599,0.0,0.0
0.0,0.0,49.75573564273691,0.03183456941226948,0.293150671801604,0.0,0.0,0.0,0.0,0.0,49.884670992199595,14.430869689661812,hard,0.08201954215846076,0.051511022125331284,0.0,0.0
0.0,0.0,40.74631119389289,0.03476433327359344,0.32549391499483077,0.0,0.0,0.0,0.0,0.0,40.320238094535114,14.430869689661812,hard,0.08882667990835114,0.056856546178275645,0.0,0.0
0.0,0.0,48.97526016663745,0.038458018609093716,0.356723594418461,0.0,0.0,0.0,0.0,0.0,48.52242368225232,14.430869689661812,hard,0.09729207757079882,0.06348320824673413,0.0,0.0
0.0,0.0,43.32649082537824,0.041109809694139056,0.3848583737064846,0.0,0.0,0.0,0.0,0.0,42.84682018539999,14.430869689661812,hard,0.10361635622593296,0.06791028071975747,0.0,0.0
0.0,0.0,39.43839089376337,0.04347120097774754,0.41708668177135194,0.0,0.0,0.0,0.0,0.0,39.783031558693466,14.430869689661812,hard,0.10889180620577964,0.07189646105909976,0.0,0.0
0.0,0.0,41.91412435991675,0.04629389627749367,0.44900480529165954,0.0,0.0,0.0,0.0,0.0,41.24716232663769,14.430869689661812,hard,0.11511646796687253,0.07730721080804942,0.0,0.0
0.0,0.0,47.17109068636176,0.04872994056624258,0.4777814090996314,0.0,0.0,0.0,0.0,0.0,47.08322843646132,14.430869689661812,hard,0.1203838236830861,0.08181254925139102,0.0,0.0
0.0,0.0,46.84742414321838,0.05153404138870531,0.5072494173869927,0.0,0.0,0.0,0.0,0.0,46.28872864963997,14.430869689661812,hard,0.12768634043983354,0.08599344826817852,0.0,0.0
0.0,0.0,42.927922166171115,0.05418823321573872,0.5336484379483355,0.0,0.0,0.0,0.0,0.0,42.884290830093015,14.430869689661812,hard,0.1332999404794135,0.09128070205097948,0.0,0.0
0.0,0.0,44.57798100305432,0.057100015225538314,0.5640071593695424,0.0,0.0,0.0,0.0,0.0,44.08900543219364,14.430869689661812,hard,0.1408737940230947,0.09585519657648243,0.0,0.0
0.0,0.0,41.99631049133031,0.059891837209916844,0.5978272248152218,0.0,0.0,0.0,0.0,0.0,41.95693506442052,14.430869689661812,hard,0.147106164584473,0.10123374073463146,0.0,0.0
0.0,0.0,53.283729804112,0.06298313352128578,0.6291394522630718,0.0,0.0,0.0,0.0,0.0,52.986130260663494,14.430869689661812,hard,0.15421358338296418,0.10682869801264973,0.0,0.0
0.0,0.0,67.9128570903933,0.06320496774768453,0.6481907662475037,0.19595917942265428,0.19595917942265428,0.0,0.19595917942265428,0.0,64.07996254680553,14.430869689661812,hard,0.1592731060657564,0.10791261436559524,0.015074550385375524,0.0
0.0,0.0,49.5604824540011,0.0653783839041214,0.673908105579045,0.19595917942265428,0.19595917942265428,0.0,0.19595917942265428,0.0,49.587498424502115,14.430869689661812,hard,0.1644592286695042,0.11212669226619564,0.017812006635283283,0.0
0.0,0.0,66.08165725853854,0.06521851900176902,0.6833050919671377,0.3,0.3,0.0,0.3,0.0,62.33902148734771,14.430869689661812,hard,0.16834721609437195,0.11358057749805102,0.025414821668861637,0.0
0.0,0.0,44.011800517240424,0.06627663931753007,0.7063000784352967,0.3,0.3,0.0,0.3,0.0,43.65593201387413,14.430869689661812,hard,0.17048643010368442,0.11665526299778023,0.029543855776029738,0.0
0.0,0.0,53.53882589673281,0.06684652906893909,0.7226417233506062,0.3,0.3,0.0,0.3,0.0,53.72096797340866,14.430869689661812,hard,0.17191816627342663,0.11895796214236971,0.03503444113079604,0.0
0.0,0.0,42.65528529766346,0.06822869877312926,0.7471503151784206,0.3,0.3,0.0,0.3,0.0,41.89550811244566,14.430869689661812,hard,0.17465778146949243,0.12196209842876891,0.03904662147581072,0.0
0.0,0.0,43.55248572351391,0.07026271446552601,0.771616019840056,0.3,0.3,0.0,0.3,0.0,43.31680505300454,14.430869689661812,hard,0.17833586739126223,0.12680774999269281,0.04224549320794173,0.0
0.0,0.0,60.711882540365906,0.07184129904899925,0.788314445706207,0.3,0.3,0.0,0.3,0.0,60.087882305836004,14.430869689661812,hard,0.18103482937812837,0.1309478483541905,0.04835170995092878,0.0
0.0,0.0,47.66893737885443,0.07279959113292835,0.8083476211646435,0.3,0.3,0.0,0.3,0.0,47.744319033786624,14.430869689661812,hard,0.18220733938328673,0.13320588980779502,0.05364114685969709,0.0
0.0,0.0,43.855827865111834,0.07408450251594026,0.8254164528343194,0.3,0.3,0.0,0.3,0.0,43.73568337181894,14.430869689661812,hard,0.1841307560911235,0.13618637380834142,0.058267063221331364,0.0
0.0,0.0,40.94106767991008,0.07551472762419473,0.8462622753849619,0.3,0.3,0.0,0.3,0.0,40.600512312038624,14.430869689661812,hard,0.18751477885698334,0.1388148359827722,0.06222308101970239,0.0
0.0,0.0,48.94596702876877,0.07618350468012328,0.8591624144169915,0.3,0.3,0.0,0.3,0.0,47.899582461645736,14.430869689661812,hard,0.18726868166641975,0.1400819846979487,0.06664448010397392,0.0
0.0,0.0,43.23394781691822,0.07722674785849104,0.8722900900017059,0.3,0.3,0.0,0.3,0.0,43.11391422731181,14.430869689661812,hard,0.1897484451237641,0.14184596357923981,0.07118862354074382,0.0
0.0,0.0,47.088980264586034,0.07907806185941263,0.8903067648045234,0.3,0.3,0.0,0.3,0.0,46.65243402010231,14.430869689661812,hard,0.19221430600909525,0.1463813152840997,0.07474685674239284,0.0
0.0,0.0,45.80651358867592,0.08052114796012068,0.9087349856884407,0.3,0.3,0.0,0.3,0.0,45.42438111851387,14.430869689661812,hard,0.1940180187516422,0.14921646570583016,0.07821736335427386,0.0
0.0,0.0,49.5653803305714,0.08263219224569883,0.9293354885035509,0.3,0.3,0.0,0.3,0.0,49.08735478715471,14.430869689661812,hard,0.19611632392517225,0.15321748032278515,0.08309234266616479,0.0
0.0,0.0,47.21181782434954,0.08424638223943044,0.9499134737507124,0.3,0.3,0.0,0.3,0.0,45.710200174578105,14.430869689661812,hard,0.19794487504470223,0.15644072970351008,0.08755391300191596,0.0
0.0,0.0,38.367980673499794,0.08564244928369634,0.969435992722536,0.3,0.3,0.0,0.3,0.0,38.65037645353535,14.430869689661812,hard,0.1991630194566517,0.15983446417400995,0.09042350626944974,0.0
0.0,0.0,45.738983316760205,0.08687261808638934,0.9833064534833846,0.3,0.3,0.0,0.3,0.0,45.53461979637032,14.430869689661812,hard,0.20054633510962633,0.16237074390528522,0.09267749066160096,0.0
0.0,0.0,44.93151206176756,0.08797513865671333,0.9982699172126976,0.3,0.3,0.0,0.3,0.0,44.58757225954336,14.430869689661812,hard,0.20126957606183762,0.164931292245858,0.09492660779000253,0.0
0.0,0.0,39.66284911965183,0.08855357729189735,1.0113305048673997,0.3,0.3,0.0,0.3,0.0,39.15856994324486,14.430869689661812,hard,0.20099312880546466,0.16638804258574186,0.097286688919294,0.0
0.0,0.0,49.76069938252421,0.0901127930752523,1.0246729985318632,0.3,0.3,0.0,0.3,0.0,49.1962966085863,14.430869689661812,hard,0.20035196458419802,0.17027767900570687,0.10173803740854612,0.0
0.0,0.0,42.90238571501876,0.09125951906651128,1.0324393122194577,0.3,0.3,0.0,0.3,0.0,42.210846947200665,14.430869689661812,hard,0.20050414785565543,0.17288777047848325,0.10479490305863885,0.0
0.0,0.0,47.06920893068222,0.092501684854985,1.036050792603221,0.3,0.3,0.0,0.3,0.0,45.954938798784184,14.430869689661812,hard,0.20233025827831808,0.17468014370234294,0.10737251617489763,0.0
0.0,0.0,55.68983811259725,0.09415040879639477,1.0342793251706965,0.4004996878900157,0.40049968789001567,0.0,0.40049968789001567,0.0,52.594919906774265,14.430869689661812,hard,0.20494926860200793,0.1779702165574278,0.11181469362077102,0.006439169139465875
0.0,0.0,44.16571801730003,0.09543795220392835,1.0367877726904688,0.4004996878900157,0.40049968789001567,0.0,0.40049968789001567,0.0,42.126362292512276,14.430869689661812,hard,0.20631633590353604,0.1799025058073237,0.11433587922646764,0.006439169139465875
0.0,0.0,54.16393131448263,0.09529751372024514,1.030064550661051,0.41761226035642196,0.41761226035642196,0.0,0.41761226035642196,0.0,50.48557813871205,14.430869689661812,hard,0.20766984540624334,0.18029335383052186,0.11590758500794936,0.006439169139465875
0.0,0.0,50.584290120252994,0.09614256996581375,1.0308925369374653,0.43312815655415426,0.43312815655415426,0.0,0.43312815655415426,0.0,47.392893982115076,14.430869689661812,hard,0.20839816230916933,0.18177000362687765,0.11843521852396396,0.006439169139465875
0.0,0.0,34.64530929107354,0.09726715551464286,1.030239920391479,0.43312815655415426,0.43312815655415426,0.0,0.43312815655415426,0.0,34.55004486248896,14.430869689661812,hard,0.20985765281218938,0.18403796119574084,0.12058391667556582,0.006439169139465875
0.0,0.0,42.40383932035206,0.09859503852542335,1.030569993928949,0.43312815655415426,0.43312815655415426,0.0,0.43312815655415426,0.0,39.661749835326226,14.430869689661812,hard,0.21142116821270449,0.18628429708011854,0.12341411075008218,0.006439169139465875
0.0,0.0,39.9408445703887,0.09946253312552787,1.032539312369943,0.43312815655415426,0.43312815655415426,0.0,0.43312815655415426,0.0,39.85385301322822,14.430869689661812,hard,0.2126749744500209,0.18850671573573202,0.1244264072829251,0.006439169139465875
0.0,0.0,53.582128591896044,0.10019745595160978,1.0339845799351766,0.43312815655415426,0.43312815655415426,0.0,0.43312815655415426,0.0,52.65282518535924,14.430869689661812,hard,0.2141015314556681,0.1897180415779205,0.12644594786153437,0.006439169139465875
0.0,0.0,46.28340299082954,0.10077862731659364,1.0324829182861095,0.43312815655415426,0.43312815655415426,0.0,0.43312815655415426,0.0,45.39041749091982,14.430869689661812,hard,0.21401092299976326,0.19045343808347362,0.1294446592023017,0.006439169139465875
0.0,0.0,53.93149975228009,0.10111977341807285,1.0234554605361283,0.43312815655415426,0.43312815655415426,0.0,0.43312815655415426,0.0,54.65016010955503,14.430869689661812,hard,0.21383183665350805,0.1921182823676567,0.1337352327206024,0.011562809099901086
0.0,0.0,46.054935718846274,0.10239396306951194,1.0177365534564484,0.43312815655415426,0.43312815655415426,0.0,0.43312815655415426,0.0,46.48175556064981,14.430869689661812,hard,0.2149627637268394,0.19419649885587467,0.1373773934068854,0.014263105835806134
0.0,0.0,46.795597471595066,0.10343909160533743,1.0093367954330739,0.43312815655415426,0.43312815655415426,0.0,0.43312815655415426,0.0,44.21352281825097,14.430869689661812,hard,0.21646864566865667,0.19576822296640026,0.14032875424201596,0.016409495548961425
0.0,0.0,37.61212838675178,0.10431028407732319,0.9990364298560142,0.43312815655415426,0.43312815655415426,0.0,0.43312815655415426,0.0,37.7555082074126,14.430869689661812,hard,0.2169295758104016,0.19720563063368687,0.1431282836755317,0.017725024727992086
0.0,0.0,47.166460627928096,0.10427337248191768,0.9883395930983988,0.43312815655415426,0.43312815655415426,0.0,0.43312815655415426,0.0,46.59778535510031,14.430869689661812,hard,0.21514754912539374,0.19736435101384311,0.1461213751787915,0.02035608308605341
0.0,0.0,48.46537522897294,0.10499147641998516,0.9777836145616912,0.43312815655415426,0.43312815655415426,0.0,0.43312815655415426,0.0,48.077853529457826,14.430869689661812,hard,0.21465317301310025,0.19778721346167072,0.15025056013312738,0.023056379821958458
0.0,0.0,46.20741259716316,0.10545499243357963,0.9687695794001392,0.43312815655415426,0.43312815655415426,0.0,0.43312815655415426,0.0,44.977131967256426,14.430869689661812,hard,0.2146447517831942,0.1984280435878747,0.15377952712985407,0.026033630069238377
0.0,0.0,39.91557779311063,0.10587342662295636,0.9611199012266203,0.43312815655415426,0.43312815655415426,0.0,0.43312815655415426,0.0,38.5995906714048,14.430869689661812,hard,0.21414708150382256,0.1986987045744394,0.15710334176225013,0.026933728981206724
0.0,0.0,38.108035411432624,0.10654713188978487,0.9540139486608032,0.43312815655415426,0.43312815655415426,0.0,0.43312815655415426,0.0,36.15445200801694,14.430869689661812,hard,0.21362625230321466,0.199770215617982,0.15953685133967235,0.026933728981206724
0.0,0.0,34.25410897568412,0.10668713873732863,0.9453174386941544,0.43312815655415426,0.43312815655415426,0.0,0.43312815655415426,0.0,34.35264764177573,14.430869689661812,hard,0.21261529351350578,0.19940393332532888,0.16239155633005348,0.02769535113748764
0.0,0.0,37.2303932387445,0.10731084215405012,0.9414814189139881,0.43312815655415426,0.43312815655415426,0.0,0.43312815655415426,0.0,36.21118611699981,14.430869689661812,hard,0.2128132726260528,0.20018251971017972,0.16452535673778027,0.027972304648862516
0.0,0.0,33.066019870969285,0.10773757249496412,0.9379388835239737,0.43312815655415426,0.43312815655415426,0.0,0.43312815655415426,0.0,30.522778379433284,14.430869689661812,hard,0.21306056499515297,0.20102394534652784,0.16614676144412846,0.028664688427299703
0.0,0.0,33.02983095495186,0.10798466358772679,0.9339538996128255,0.43312815655415426,0.43312815655415426,0.0,0.43312815655415426,0.0,32.84981582901189,14.430869689661812,hard,0.21349319392679766,0.20112624081435404,0.16812534822160638,0.03004945598417408
0.0,0.0,35.28775726514762,0.10855378608786452,0.9315123523398983,0.43312815655415426,0.43312815655415426,0.0,0.43312815655415426,0.0,35.12904780946959,14.430869689661812,hard,0.21391350609273657,0.20184155932718692,0.17109944095256052,0.03205736894164194
0.0,0.0,34.29904508803918,0.10877488287353182,0.9299642381382031,0.43312815655415426,0.43312815655415426,0.0,0.43312815655415426,0.0,33.54891950570092,14.430869689661812,hard,0.2142939247578825,0.20173448926385545,0.17354290766527317,0.03413452027695351
0.0,0.0,38.41693995145863,0.10867448708185533,0.9225636220378846,0.4472135954999579,0.44721359549995804,0.0,0.44721359549995804,0.0,36.384700081215456,14.430869689661812,hard,0.2147412096764939,0.2016683736758423,0.17574702975063064,0.0359347181008902
0.0,0.0,44.049142491570535,0.10859978522893536,0.9151952578956573,0.4472135954999579,0.44721359549995804,0.0,0.44721359549995804,0.0,43.74064014163487,14.430869689661812,hard,0.21503530060569925,0.20019647545018882,0.1777749847829378,0.039050445103857565
0.0,0.0,45.544900493928445,0.10881229023742607,0.9075761734718961,0.4472135954999579,0.44721359549995804,0.0,0.44721359549995804,0.0,43.74875541086855,14.430869689661812,hard,0.21506660428417196,0.19984479180169848,0.18019103729242844,0.0427893175074184
0.0,0.0,53.292422124159295,0.10865550156009793,0.8962468302839667,0.4472135954999579,0.44721359549995804,0.0,0.44721359549995804,0.0,53.235011035971425,14.430869689661812,hard,0.2144099632994989,0.19858518616370288,0.18315428477568346,0.0456973293768546
0.0,0.0,36.560299005959905,0.10876739393970856,0.8864953745404731,0.4472135954999579,0.44721359549995804,0.0,0.44721359549995804,0.0,33.213063694877654,14.430869689661812,hard,0.21434215745573382,0.1979753024997671,0.18536438539470385,0.047912957467853616
0.0,0.0,52.27759056379137,0.10832021689566493,0.8771729980499287,0.4472135954999579,0.44721359549995804,0.0,0.44721359549995804,0.0,51.292498476872815,14.430869689661812,hard,0.21263457508083133,0.19647411474177695,0.18779853128494584,0.05089020771513352
0.0,0.0,42.62648010005963,0.10836546172559194,0.8682124333827738,0.4472135954999579,0.44721359549995804,0.0,0.44721359549995804,0.0,42.71956928621823,14.430869689661812,hard,0.21158513494389622,0.19585609198871912,0.19044962376045868,0.053382789317507416
0.0,0.0,36.52054617322292,0.10896340669042348,0.8608738546237047,0.4472135954999579,0.44721359549995804,0.0,0.44721359549995804,0.0,36.21977912688038,14.430869689661812,hard,0.21193584378722816,0.19562238364591034,0.1938215935429662,0.05587537091988131
0.0,0.0,31.83698749764701,0.1095152392647336,0.8542474324668559,0.4472135954999579,0.44721359549995804,0.0,0.44721359549995804,0.0,29.715315916207253,14.430869689661812,hard,0.2128736309411323,0.1953478213989938,0.19636357959181558,0.05836795252225519
0.0,0.0,29.50124190319208,0.10999068329101389,0.8477805900714114,0.4472135954999579,0.44721359549995804,0.0,0.44721359549995804,0.0,29.37465574266361,14.430869689661812,hard,0.21338090277838187,0.1952437428131575,0.19881867089095814,0.060929772502472807
0.0,0.0,41.19574198618911,0.10956228525081389,0.8405874329875229,0.4472135954999579,0.44721359549995804,0.0,0.44721359549995804,0.0,40.54579632958268,14.430869689661812,hard,0.21163052488358122,0.1937419822401248,0.20027981843168882,0.06272997032640949
0.0,0.0,32.59567090710259,0.10942029406080905,0.8344820767527454,0.4472135954999579,0.44721359549995804,0.0,0.44721359549995804,0.0,32.43369235841026,14.430869689661812,hard,0.21046675817694444,0.192823003791355,0.2022601564662141,0.06522255192878337
0.0,0.0,28.696585479459728,0.10968198039266182,0.8272869824272928,0.4472135954999579,0.44721359549995804,0.0,0.44721359549995804,0.0,28.50263145746371,14.430869689661812,hard,0.209773591048646,0.19248274631897655,0.20456100153109266,0.06736894164193867
0.0,0.0,28.194974191955588,0.11023571636355915,0.8200208715145252,0.4472135954999579,0.44721359549995804,0.0,0.44721359549995804,0.0,28.036661712835926,14.430869689661812,hard,0.2098798691387801,0.1928923108703108,0.20665060366034216,0.07062314540059347
0.0,0.0,33.83091285790574,0.10999400591006218,0.8081740373519682,0.4472135954999579,0.44721359549995804,0.0,0.44721359549995804,0.0,31.777281192701174,14.430869689661812,hard,0.20996761490196808,0.19050081035230237,0.20857412759725327,0.07276953511374877
0.0,0.0,35.14540021527375,0.11071664815275023,0.8015281857756476,0.4472135954999579,0.44721359549995804,0.0,0.44721359549995804,0.0,34.18519562617713,14.430869689661812,hard,0.21002410068448743,0.18979799675117792,0.21079220679123453,0.07643916913946587
0.0,0.0,43.32394391986908,0.11031846521003127,0.7933012025715257,0.4472135954999579,0.44721359549995804,0.0,0.44721359549995804,0.0,43.33970465981512,14.430869689661812,hard,0.20842712447543368,0.1880074965519469,0.21219953047639745,0.07969337289812069
0.0,0.0,25.9464026712037,0.11028113594068657,0.7842062612557784,0.4472135954999579,0.44721359549995804,0.0,0.44721359549995804,0.0,25.435754362707623,14.430869689661812,hard,0.20756491617116082,0.1870891871728019,0.21301804758751766,0.08260138476755687
0.0,0.0,30.4669060958339,0.11056775239464514,0.7761346229160963,0.4472135954999579,0.44721359549995804,0.0,0.44721359549995804,0.0,30.046630426721727,14.430869689661812,hard,0.20753231020439314,0.18712513871587988,0.21434768460326192,0.08474777448071216
0.0,0.0,24.455925983789726,0.11067298437108009,0.7715395422842478,0.4472135954999579,0.44721359549995804,0.0,0.44721359549995804,0.0,23.731573904821403,14.430869689661812,hard,0.20712482367031138,0.18672283167064055,0.21550034422546535,0.08675568743818002
0.0,0.0,22.923219768764913,0.11091046065838298,0.7674989944728293,0.4472135954999579,0.44721359549995804,0.0,0.44721359549995804,0.0,23.555415513210544,14.430869689661812,hard,0.206687205367389,0.18640780579966426,0.21681377722674197,0.08910979228486647
0.0,0.0,37.07114146372646,0.11078087164511857,0.7639189073238734,0.4472135954999579,0.44721359549995804,0.0,0.44721359549995804,0.0,37.08229227003099,14.430869689661812,hard,0.20630574200247193,0.18538842195702354,0.21750954329553007,0.09132542037586548
0.0,0.0,25.487745497123832,0.11101282998600209,0.7619048631567844,0.4472135954999579,0.44721359549995804,0.0,0.44721359549995804,0.0,24.61596230091361,14.430869689661812,hard,0.20519036713410663,0.18505058903455948,0.21862139489323534,0.09374876360039563
0.0,0.0,21.747243123569262,0.11106004445742791,0.7613985323923056,0.4472135954999579,0.44721359549995804,0.0,0.44721359549995804,0.0,21.792255505110067,14.430869689661812,hard,0.20478785523984183,0.18497699326866354,0.21947147795797625,0.09506429277942632
0.0,0.0,28.968925989884188,0.1109692095080672,0.7607390762721854,0.4472135954999579,0.44721359549995804,0.0,0.44721359549995804,0.0,29.341499620844196,14.430869689661812,hard,0.2045684847286304,0.1844561925918144,0.220042358998898,0.09631058358061326
0.0,0.0,28.224067660757285,0.11116767352703708,0.7616669593355684,0.4472135954999579,0.44721359549995804,0.0,0.44721359549995804,0.0,25.329697984776686,14.430869689661812,hard,0.20438232401091036,0.18421969736910473,0.22094747877421375,0.09838773491592481
0.0,0.0,38.84935981736485,0.11051125433889619,0.7525855058118078,0.482078831727758,0.482078831727758,0.0,0.482078831727758,0.0,34.69741200723766,14.430869689661812,hard,0.20385164685313525,0.1835321108101875,0.220831025629043,0.09921859545004946
0.0,0.0,35.309176727314814,0.11042252157711618,0.7503958537507313,0.482078831727758,0.482078831727758,0.0,0.482078831727758,0.0,32.88299864671712,14.430869689661812,hard,0.204019619093525,0.18344533641405592,0.22122728843990574,0.09984174085064294
0.0,0.0,33.82921705753571,0.11013242748377747,0.7470601858186512,0.530659966456864,0.530659966456864,0.0,0.530659966456864,0.0,31.562008808059097,14.430869689661812,hard,0.20368600016178345,0.1832342585480171,0.22173389282282466,0.09990463172456104
0.0,0.0,37.08770011336519,0.10952254649308568,0.7421996698423018,0.5385164807134504,0.5385164807134504,0.0,0.5385164807134504,0.0,31.91603985459349,14.430869689661812,hard,0.20350517122052833,0.1822862818448152,0.22163875225619195,0.10059217043485132
0.0,0.0,34.80800397437461,0.10896121619977885,0.7372537858413386,0.5385164807134504,0.5385164807134504,0.0,0.5385164807134504,0.0,34.44153887386567,14.430869689661812,hard,0.2030148534665948,0.18161206094606855,0.2217445256021305,0.1019125306595821
0.0,0.0,31.29413622337321,0.10850112439469473,0.7315407941626012,0.5385164807134504,0.5385164807134504,0.0,0.5385164807134504,0.0,30.655668317621128,14.430869689661812,hard,0.2025972149034258,0.18117351738191056,0.2219729938011008,0.10228328744828515
0.0,0.0,29.825903240203363,0.1079980870676895,0.7240173331770073,0.5385164807134504,0.5385164807134504,0.0,0.5385164807134504,0.0,30.054510476798654,14.430869689661812,hard,0.20211230192084229,0.18038180418820568,0.2220959148272388,0.10270279967604913
0.0,0.0,26.79835137748691,0.10752203607190608,0.7179818008676244,0.5385164807134504,0.5385164807134504,0.0,0.5385164807134504,0.0,26.150671119495193,14.430869689661812,hard,0.20160586907920452,0.17960355691150579,0.22229078370233507,0.10300565063029019
0.0,0.0,46.7581807028104,0.10658885116500653,0.7122762302395048,0.5385164807134504,0.5385164807134504,0.0,0.5385164807134504,0.0,46.813540776147235,14.430869689661812,hard,0.19987139633835,0.17862446851786204,0.22279927643356923,0.10341690983898359
0.0,0.0,46.58108160724151,0.10628389499572385,0.7065550636349117,0.5385164807134504,0.5385164807134504,0.0,0.5385164807134504,0.0,43.46807564178567,14.430869689661812,hard,0.19964495234419385,0.17853963582275137,0.22344002460410384,0.10341690983898359
0.0,0.0,38.432858612067136,0.10602344655341173,0.7032998455931943,0.5385164807134504,0.5385164807134504,0.0,0.5385164807134504,0.0,38.55504636231164,14.430869689661812,hard,0.1998993642961868,0.17768267755196349,0.2240501246322859,0.10362255192192521
0.0,0.0,28.886752742795814,0.10608361960529417,0.6984339651942,0.5385164807134504,0.5385164807134504,0.0,0.5385164807134504,0.0,28.8104425512695,14.430869689661812,hard,0.2000153500572468,0.1773689348643507,0.22517941013678577,0.10478801152376102
0.0,0.0,31.29647122884372,0.10601281934506855,0.6917114932908156,0.5385164807134504,0.5385164807134504,0.0,0.5385164807134504,0.0,28.59259344655535,14.430869689661812,hard,0.19949483133810705,0.17679201787499993,0.226337054601359,0.10617563135971025
0.0,0.0,34.44838774556296,0.10628025575584527,0.6878272761589296,0.5385164807134504,0.5385164807134504,0.0,0.5385164807134504,0.0,33.669719333549544,14.430869689661812,hard,0.19915706855423282,0.17715171769361565,0.22814298716645293,0.10812352375400144
0.0,0.0,39.08428726080174,0.10719807174648327,0.6852309943997543,0.5385164807134504,0.5385164807134504,0.0,0.5385164807134504,0.0,38.72213320570033,14.430869689661812,hard,0.19872209730951684,0.1773643990733661,0.23037580670318109,0.1121043870940226
0.0,0.0,33.04537580082428,0.10778721114382454,0.6804219263037032,0.5385164807134504,0.5385164807134504,0.0,0.5385164807134504,0.0,32.92906922462279,14.430869689661812,hard,0.19849140844939467,0.17746978694515522,0.23195695172666184,0.11398373100345364
0.0,0.0,25.221685159802657,0.10830220091257596,0.6763228562486279,0.5385164807134504,0.5385164807134504,0.0,0.5385164807134504,0.0,24.926203080292833,14.430869689661812,hard,0.198530886719808,0.17756780719770812,0.23311330478062414,0.11609571263946399
0.0,0.0,35.89671826598533,0.10948060918290296,0.6704641110829327,0.5385164807134504,0.5385164807134504,0.0,0.5385164807134504,0.0,33.36007194236847,14.430869689661812,hard,0.19896005231507607,0.1783625757927988,0.23577523304339054,0.11697322250340196
0.0,0.0,27.8637345655068,0.11040410556992342,0.6655232506981315,0.5385164807134504,0.5385164807134504,0.0,0.5385164807134504,0.0,27.644919967328534,14.430869689661812,hard,0.19936620678551786,0.17866614160921662,0.23675199485613965,0.12272875763537727
0.0,0.0,38.830007456594146,0.11004846597735246,0.6575796991766251,0.5385164807134504,0.5385164807134504,0.0,0.5385164807134504,0.0,36.15954092628943,14.430869689661812,hard,0.19898777141033006,0.17776434722637438,0.23772805083550894,0.12400444777121147
0.0,0.0,31.571009512471463,0.11027952516741038,0.6515172431843118,0.5385164807134504,0.5385164807134504,0.0,0.5385164807134504,0.0,31.357908093493737,14.430869689661812,hard,0.19836814439081127,0.17783928549586767,0.2395154672070263,0.12566436443907592
0.0,0.0,37.66630680254328,0.11048062922673789,0.6454161472441458,0.5385164807134504,0.5385164807134504,0.0,0.5385164807134504,0.0,38.0888435109285,14.430869689661812,hard,0.19749519345198033,0.17807775018177777,0.24133333486606473,0.12664259663153615
0.0,0.0,61.57844699295503,0.10997513014138632,0.6360113994165105,0.6200000000000001,0.62,0.0,0.62,0.0,58.06870413570463,14.430869689661812,hard,0.19710433155448437,0.17837449378668158,0.24358281385445454,0.12765080769497983
0.0,0.0,47.35398539471119,0.1097952670218729,0.6298710388448535,0.656048778674269,0.656048778674269,0.0,0.656048778674269,0.0,45.742129377631734,14.430869689661812,hard,0.1965666474016796,0.17732066051575388,0.24633803338367757,0.12872625539838628
0.0,0.0,43.08759037199072,0.10966679056132116,0.6233448065904306,0.656048778674269,0.656048778674269,0.0,0.656048778674269,0.0,42.70301628690883,14.430869689661812,hard,0.19616452555634967,0.17646625773639438,0.24881141008830837,0.1301147726267117
0.0,0.0,46.20722586787512,0.10995939502260509,0.6179906548234707,0.6660330322138686,0.6660330322138687,0.0,0.6660330322138687,0.0,43.52031249887804,14.430869689661812,hard,0.1956781943681439,0.17689359308302963,0.2499878489000108,0.1312388548226197
0.0,0.0,42.34682759620028,0.110315221961184,0.6132918183767415,0.6681317235396026,0.6681317235396026,0.0,0.6681317235396026,0.0,40.988334925927404,14.430869689661812,hard,0.19574155026470197,0.17733321253654213,0.25108860416484624,0.1320619047254571
0.0,0.0,40.22565600604674,0.11078966389467647,0.6099797012159998,0.6696267617113283,0.6696267617113283,0.0,0.6696267617113283,0.0,39.59155970658393,14.430869689661812,hard,0.19558907808774756,0.17831414315555405,0.25212470652919555,0.13328316385530536
0.0,0.0,39.530685231155296,0.11072774580980255,0.604478576513781,0.6708203932499369,0.6708203932499369,0.0,0.6708203932499369,0.0,33.140573320327455,14.430869689661812,hard,0.19527409702630005,0.178646754346015,0.25252918983798067,0.1342899583515346
0.0,0.0,31.462453942213163,0.11128592504226816,0.6015777161138222,0.6708203932499369,0.6708203932499369,0.0,0.6708203932499369,0.0,30.542193765346976,14.430869689661812,hard,0.19487262299603705,0.17858058348953104,0.25413454609473674,0.1355506546116145
0.0,0.0,29.31495871961208,0.11173559920980161,0.5993273857003194,0.6708203932499369,0.6708203932499369,0.0,0.6708203932499369,0.0,26.560873479612827,14.430869689661812,hard,0.19492481065120393,0.17827529126909003,0.25581070164113084,0.13661719540034353
0.0,0.0,33.868850946494206,0.11237887829112533,0.5983620524573151,0.6708203932499369,0.6708203932499369,0.0,0.6708203932499369,0.0,33.58347212543694,14.430869689661812,hard,0.1947160222691525,0.17765133030754265,0.25865199144353346,0.13838190706436668
0.0,0.0,47.88582972244589,0.11329816480174143,0.5982990075281905,0.6708203932499369,0.6708203932499369,0.0,0.6708203932499369,0.0,45.42799137095982,14.430869689661812,hard,0.1945589972643045,0.17696072526955253,0.2623372537411293,0.1408589130115042
0.0,0.0,39.20227722950327,0.11396793896516035,0.5974975071018728,0.6708203932499369,0.6708203932499369,0.0,0.6708203932499369,0.0,39.31884535435902,14.430869689661812,hard,0.19455593219820003,0.17634680556903168,0.2652571037930965,0.1427152057444618
0.0,0.0,37.08249266284841,0.11435642663086985,0.5953755729302582,0.6708203932499369,0.6708203932499369,0.0,0.6708203932499369,0.0,34.80402850245931,14.430869689661812,hard,0.19470832961183052,0.17542744445795763,0.26701460979468256,0.14470259065105717
0.0,0.0,33.925855405083716,0.11474496922879725,0.593898958119617,0.6708203932499369,0.6708203932499369,0.0,0.6708203932499369,0.0,33.97164111431769,14.430869689661812,hard,0.19440410691727406,0.17507989192103704,0.26857434565211113,0.14655480693167283
0.0,0.0,32.943437918826554,0.115192754526957,0.5932877915407655,0.6708203932499369,0.6708203932499369,0.0,0.6708203932499369,0.0,32.515251805883345,14.430869689661812,hard,0.1941609646832595,0.1751122012304805,0.2700295174702554,0.147813841253523
0.0,0.0,34.95486787680233,0.11584084496731224,0.5929918049367723,0.6708203932499369,0.6708203932499369,0.0,0.6708203932499369,0.0,34.580549446184335,14.430869689661812,hard,0.19402847459786057,0.17539160770392162,0.2723576234814943,0.14919675843702512
0.0,0.0,52.335276031236155,0.11580002375029563,0.5927102081546497,0.6708203932499369,0.6708203932499369,0.0,0.6708203932499369,0.0,52.613401334640976,14.430869689661812,hard,0.19338177644232693,0.17440140552182049,0.27436413817079064,0.14976196753695611
0.0,0.0,47.07186414085815,0.11645671260574815,0.5925759852896169,0.6708203932499369,0.6708203932499369,0.0,0.6708203932499369,0.0,44.04538114263515,14.430869689661812,hard,0.19265063274329497,0.1738941260083215,0.27664097535916127,0.15228270762311105
0.0,0.0,32.38965278311728,0.11701755594308108,0.5922304222187161,0.6708203932499369,0.6708203932499369,0.0,0.6708203932499369,0.0,31.786890379525964,14.430869689661812,hard,0.1923222601347289,0.17386584851944312,0.27861983792629164,0.15373422430215178
0.0,0.0,39.29222565372772,0.11780165471285675,0.5918989004808671,0.6708203932499369,0.6708203932499369,0.0,0.6708203932499369,0.0,39.30266657620065,14.430869689661812,hard,0.19171488877773266,0.1739747155290018,0.2808034925861983,0.15521713181523505
0.0,0.0,35.736805423276,0.11876993387775042,0.5913333603972386,0.6708203932499369,0.6708203932499369,0.0,0.6708203932499369,0.0,36.04557670505495,14.430869689661812,hard,0.19146508338298646,0.1740370648097017,0.28300152551854935,0.1574524735832353
0.0,0.0,39.57423265782029,0.11958921713517207,0.5910952932955051,0.6708203932499369,0.6708203932499369,0.0,0.6708203932499369,0.0,37.213379314434754,14.430869689661812,hard,0.1912655512109232,0.1732414308482374,0.28494476801265445,0.15969595419342858
0.0,0.0,38.14576798554216,0.12029204850764308,0.590989841597539,0.6708203932499369,0.6708203932499369,0.0,0.6708203932499369,0.0,37.91198227473737,14.430869689661812,hard,0.1910611028670854,0.1726359474700495,0.28688092936683735,0.1618083195715119
0.0,0.0,34.24184188928271,0.12097653788349073,0.5909138643491553,0.6708203932499369,0.6708203932499369,0.0,0.6708203932499369,0.0,34.019106396259154,14.430869689661812,hard,0.1910442523691697,0.17237182739575227,0.2884531182736028,0.1632147330659686
0.0,0.0,27.749760460184167,0.12198178605199916,0.5907238316347518,0.6708203932499369,0.6708203932499369,0.0,0.6708203932499369,0.0,27.46742798297649,14.430869689661812,hard,0.1910822837358309,0.17274812563160838,0.2902658632833482,0.1645891956797185
0.0,0.0,26.797394729339093,0.12281595575239808,0.5902789310843869,0.6708203932499369,0.6708203932499369,0.0,0.6708203932499369,0.0,25.823214362274886,14.430869689661812,hard,0.1910705229858152,0.17310317419861634,0.2915743340751229,0.165786482441408
0.0,0.0,33.602308939400245,0.12294108178239804,0.5898764115759169,0.6997142273814361,0.6997142273814361,0.0,0.6997142273814361,0.0,31.290311599599,14.430869689661812,hard,0.1911250328656119,0.17309609345219906,0.29212771190926234,0.167167284916055
0.0,0.0,33.77211045599734,0.12332904390108292,0.5895136448366071,0.6988562083862458,0.6988562083862458,0.0,0.6988562083862458,0.0,31.777577000142724,14.430869689661812,hard,0.1913171245439212,0.17334313676534338,0.29261179593736714,0.1689052228930069
0.0,0.0,54.91368410601874,0.1235598250657491,0.5870145651941915,0.6896375859826667,0.6896375859826667,0.0,0.6896375859826667,0.0,50.59982608665765,14.430869689661812,hard,0.19114340954214307,0.17264463331708899,0.29237231450247775,0.17106620192311298
0.0,0.0,53.93750653656309,0.12354698185530398,0.5755826260929638,0.7,0.7,0.0,0.7,0.0,49.85107822304348,14.430869689661812,hard,0.1913506554317519,0.17046824171808764,0.2926628192176205,0.172649865099299
0.0,0.0,54.11908903453727,0.12284738897791277,0.5551583760130911,0.6939740629158989,0.6939740629158989,0.0,0.6939740629158989,0.0,51.971026543642566,14.430869689661812,hard,0.19174792207966365,0.16784404895878774,0.29377078290778136,0.17500919898435618
0.0,0.0,42.77477461073056,0.12286063571648698,0.5453731706139255,0.6939740629158989,0.6939740629158989,0.0,0.6939740629158989,0.0,39.25824754112185,14.430869689661812,hard,0.19191750531234802,0.16547650198076144,0.2955795041719828,0.1772758996711441
0.0,0.0,35.88958830871804,0.12313203880737422,0.5359260331592087,0.6939740629158989,0.6939740629158989,0.0,0.6939740629158989,0.0,35.56767633680896,14.430869689661812,hard,0.19134874908344068,0.16382274400647268,0.2969529349291656,0.17935669718980707
0.0,0.0,36.010519235210836,0.12316812149321418,0.5259648171217285,0.6939740629158989,0.6939740629158989,0.0,0.6939740629158989,0.0,34.59699986993092,14.430869689661812,hard,0.1903027378242679,0.1619750435934497,0.29876023094415155,0.1811521241987877
0.0,0.0,32.60662488430332,0.12370475140015845,0.5162814148902878,0.6939740629158989,0.6939740629158989,0.0,0.6939740629158989,0.0,30.550286414369342,14.430869689661812,hard,0.19013255157764256,0.16136055888424583,0.30118308004090705,0.1821361233596213
0.0,0.0,34.3711771873318,0.12382291818372283,0.5053255042707991,0.6939740629158989,0.6939740629158989,0.0,0.6939740629158989,0.0,34.37318140643953,14.430869689661812,hard,0.18931732520248984,0.15937040448077316,0.30387786575345743,0.18391467810562978
0.0,0.0,30.999848286120315,0.12403754157820741,0.4945666720142504,0.6939740629158989,0.6939740629158989,0.0,0.6939740629158989,0.0,30.120590963658067,14.430869689661812,hard,0.18869766133798668,0.15797551510086685,0.30597870549297623,0.1856498474790399
0.0,0.0,33.43856430040432,0.12421994309916835,0.4846035349272014,0.6939740629158989,0.6939740629158989,0.0,0.6939740629158989,0.0,33.1692387612378,14.430869689661812,hard,0.18843060507945364,0.15676553363160972,0.30757357378102934,0.1879666325795748
0.0,0.0,39.241279676522325,0.12473834339705918,0.47422845697939053,0.6939740629158989,0.6939740629158989,0.0,0.6939740629158989,0.0,37.670046456037184,14.430869689661812,hard,0.18660156411484863,0.1550546885737433,0.3094389150608152,0.19013379543313605
0.0,0.0,31.732932548374727,0.12494043884041814,0.46543508026768554,0.6939740629158989,0.6939740629158989,0.0,0.6939740629158989,0.0,31.41118272208164,14.430869689661812,hard,0.18584221585180327,0.15385156897530006,0.3105804363771246,0.19150007906683578
0.0,0.0,30.63018230421358,0.12540438900453735,0.506019011578725,0.6939740629158989,0.6939740629158989,0.13999999999999999,0.6939740629158989,0.0,30.644516638380836,14.430869689661812,hard,0.18514931529845693,0.15328438947735498,0.3122544174977754,0.1929222852451188
0.0,0.0,30.418580918775532,0.1258681190627148,0.498108245714612,0.6939740629158989,0.6939740629158989,0.13999999999999999,0.6939740629158989,0.0,30.26140115724981,14.430869689661812,hard,0.18428093908705112,0.15278387517759828,0.31339225751304706,0.1947220336259416
0.0,0.0,28.849859576325944,0.1262241168724069,0.49085395858913655,0.6939740629158989,0.6939740629158989,0.13999999999999999,0.6939740629158989,0.0,28.697735102268958,14.430869689661812,hard,0.18375466292632664,0.15240754290991132,0.31445689444946884,0.19605261612663646
0.0,0.0,34.47623609616575,0.12650651090838963,0.5035636592534495,0.6939740629158989,0.6939740629158989,0.19595917942265426,0.6939740629158989,0.0,33.49429205103461,14.430869689661812,hard,0.18248017942317937,0.15157463852022118,0.3160986967728917,0.19746037651514656
0.0,0.0,30.503696385748633,0.1270278063286148,0.4938740008427869,0.6939740629158989,0.6939740629158989,0.19595917942265426,0.6939740629158989,0.0,30.44712794337095,14.430869689661812,hard,0.18120169101481426,0.1508339934827118,0.31786144588187243,0.1991521515697855
0.0,0.0,23.19483153879427,0.12759931604502583,0.4838274028639815,0.6939740629158989,0.6939740629158989,0.19595917942265426,0.6939740629158989,0.0,23.09494316944729,14.430869689661812,hard,0.18089791708996328,0.15054155371526523,0.31932175796102136,0.2003666443073132
0.0,0.0,44.50350972512108,0.1283933246300965,0.47406320166975985,0.6939740629158989,0.6939740629158989,0.19595917942265426,0.6939740629158989,0.0,44.12674472471315,14.430869689661812,hard,0.18011985679344733,0.150796137320233,0.3213858594866712,0.20226383486141292
0.0,0.0,41.63107322115164,0.12849421231318925,0.4652636629067984,0.6939740629158989,0.6939740629158989,0.19595917942265426,0.6939740629158989,0.0,41.43681937600906,14.430869689661812,hard,0.17895475352790358,0.14891052681507788,0.32273367322142105,0.2051516485539829
0.0,0.0,32.06674335805959,0.12927143521566473,0.45760705144514807,0.6939740629158989,0.6939740629158989,0.19595917942265426,0.6939740629158989,0.0,32.00752411543261,14.430869689661812,hard,0.1785315409630281,0.148767898533389,0.3239447642026803,0.20680594992203497
0.0,0.0,25.485129830036804,0.13010738305653743,0.45176458327548347,0.6939740629158989,0.6939740629158989,0.19595917942265426,0.6939740629158989,0.0,25.617462793961465,14.430869689661812,hard,0.17817660312645522,0.14912714096858085,0.32555770844009324,0.20833872059490582
0.0,0.0,42.456527206001674,0.13118513198579973,0.4459430614173473,0.7364781055808788,0.7364781055808788,0.19595917942265426,0.7364781055808788,0.0,39.56776971222917,14.430869689661812,hard,0.17769264396564774,0.14930326084986942,0.32695940087629544,0.21016735515935955
0.0,0.0,46.48748445455623,0.13063815153969394,0.4253720278961513,0.7745966692414834,0.7745966692414834,0.19595917942265426,0.7745966692414834,0.0,42.44196508174427,14.430869689661812,hard,0.17710146695753928,0.14935972657452537,0.32660783681116606,0.21115110137750398
0.0,0.0,29.846478067371777,0.13111978512337624,0.4195924989039901,0.7922120928135343,0.7922120928135343,0.19595917942265426,0.7922120928135343,0.0,28.437362746921522,14.430869689661812,hard,0.17663007846544576,0.1490965151087043,0.3264982301043443,0.21262033636453068
0.0,0.0,39.15587632374051,0.1315893052828681,0.4141382093987211,0.7549834435270749,0.7549834435270749,0.19595917942265426,0.7549834435270749,0.0,33.49696105619135,14.430869689661812,hard,0.1766405529607197,0.1493303341796876,0.3243616744109966,0.21451051334061988
0.0,0.0,40.94197003996911,0.1313567076417053,0.3973146489227581,0.7345747068882783,0.7345747068882783,0.19595917942265426,0.7345747068882783,0.0,36.06299488395272,14.430869689661812,hard,0.17672566002315557,0.14922396812060257,0.3216426402817163,0.21445549593217372
0.0,0.0,38.29930559283362,0.13123606512938238,0.38555540766561514,0.7483314773547883,0.7483314773547883,0.19595917942265426,0.7483314773547883,0.0,36.64633133070758,14.430869689661812,hard,0.17671623328019082,0.1491727228392813,0.32011601197422024,0.21429132001349993
0.0,0.0,45.52629652668726,0.13053872507517672,0.37484554867967346,0.7200000000000001,0.7200000000000001,0.19595917942265426,0.7200000000000001,0.0,40.28887687687509,14.430869689661812,hard,0.17642615567105832,0.14858535041744933,0.31734636924231713,0.2149170301040532
0.0,0.0,35.89493864271368,0.1303856806280259,0.36900509625423034,0.7200000000000001,0.7200000000000001,0.19595917942265426,0.7200000000000001,0.0,35.52914296742887,14.430869689661812,hard,0.17660692361481276,0.147442584529891,0.3158834240001478,0.21564319900925893
0.0,0.0,41.34997657785294,0.12985950675361094,0.36259743426786084,0.7200000000000001,0.7200000000000001,0.19595917942265426,0.7200000000000001,0.0,39.32437412089352,14.430869689661812,hard,0.1766250978572677,0.14581707211476297,0.3147096219981033,0.21608989763769756
0.0,0.0,37.282948195396635,0.12942299983188477,0.3516254961800294,0.7200000000000001,0.7200000000000001,0.19595917942265426,0.7200000000000001,0.0,34.483184307717295,14.430869689661812,hard,0.17625395400733865,0.14423291744836308,0.31374688877768403,0.21656608294805532
0.0,0.0,38.90454786654727,0.1294794519466647,0.3462153468025266,0.7200000000000001,0.7200000000000001,0.19595917942265426,0.7200000000000001,0.0,37.927277782619726,14.430869689661812,hard,0.17636465428019732,0.1436587291031118,0.31291308233825277,0.21716932706371378
0.0,0.0,53.60002494630342,0.12874006340778343,0.3376976686105342,0.7200000000000001,0.7200000000000001,0.19595917942265426,0.7200000000000001,0.0,50.51783447456947,14.430869689661812,hard,0.17509398814343688,0.14113866698087385,0.31279162976874547,0.21755089326868435
0.0,0.0,48.942758301357685,0.12785156722325028,0.32857025318955774,0.7200000000000001,0.7200000000000001,0.19595917942265426,0.7200000000000001,0.0,48.515815977884984,14.430869689661812,hard,0.17398202300354365,0.13776981287181908,0.31275395497325736,0.2185931363390908
0.0,0.0,39.70033090512673,0.12718447483234113,0.3514315055546041,0.7200000000000001,0.7200000000000001,0.23748684174075835,0.7200000000000001,0.0,39.247848348667475,14.430869689661812,hard,0.1727195715192133,0.13479360210704786,0.3131701514027975,0.21918065632363357
0.0,0.0,41.04083636726043,0.12691082377769775,0.40543822747906566,0.7200000000000001,0.7200000000000001,0.3370459909270544,0.7200000000000001,0.0,40.99289694569048,14.430869689661812,hard,0.17153466393586075,0.13276834207072405,0.3137182454869713,0.2201682343765256
0.0,0.0,37.713512524332046,0.1266386795448252,0.3933369754635521,0.7200000000000001,0.7200000000000001,0.3370459909270544,0.7200000000000001,0.0,37.18227534726728,14.430869689661812,hard,0.170439013103004,0.13113190789311877,0.31461751903839286,0.22055571377278374
0.0,0.0,45.41334304953493,0.12673813467615724,0.38082071266172846,0.7200000000000001,0.7200000000000001,0.3370459909270544,0.7200000000000001,0.0,45.447552189309384,14.430869689661812,hard,0.1692783394968253,0.1296661025002082,0.3154829427924362,0.22166769061815167
0.0,0.0,40.25650803289102,0.1273100387023419,0.37014078793905036,0.7200000000000001,0.7200000000000001,0.3370459909270544,0.7200000000000001,0.0,39.770340707617784,14.430869689661812,hard,0.16865009017698107,0.12900512911849338,0.31707616247493436,0.2231028377304157
0.0,0.0,46.39634120093208,0.1277119186024799,0.36001651302369586,0.7200000000000001,0.7200000000000001,0.3370459909270544,0.7200000000000001,0.0,46.328582969911785,14.430869689661812,hard,0.1684177744044052,0.1283741782869093,0.3187729639526045,0.22438680623262003
0.0,0.0,44.67353729599214,0.12825554563737865,0.35535053433517816,0.7200000000000001,0.7200000000000001,0.3370459909270544,0.7200000000000001,0.0,44.80405785194015,14.430869689661812,hard,0.16766440220645656,0.12739527062082337,0.3204625505780571,0.22579454826218823
0.0,0.0,35.10203328290798,0.1287400071382344,0.35348509601424455,0.7200000000000001,0.7200000000000001,0.3370459909270544,0.7200000000000001,0.0,35.21318503061034,14.430869689661812,hard,0.16736264398287864,0.1265613860933667,0.32197815377596634,0.22695333625405245
0.0,0.0,34.03714258417229,0.1292230455758727,0.35222369490758276,0.7200000000000001,0.7200000000000001,0.3370459909270544,0.7200000000000001,0.0,31.089425855103855,14.430869689661812,hard,0.1667861463461029,0.12630632256178242,0.32346069227807434,0.22817844215403293
0.0,0.0,35.23066555967644,0.1298062089789549,0.351389284061021,0.7200000000000001,0.7200000000000001,0.3370459909270544,0.7200000000000001,0.0,34.939811104240384,14.430869689661812,hard,0.16621352525209462,0.1260428283649778,0.3251438941534104,0.22965160590726982
0.0,0.0,36.54621937493073,0.1293034103621664,0.33397060469411527,0.7592101158440923,0.7592101158440923,0.3370459909270544,0.7592101158440923,0.0,34.473230193876525,14.430869689661812,hard,0.16554196131279592,0.1257775886531573,0.3263175994142108,0.23046563112897325
0.0,0.0,30.55106979586341,0.12921762628600986,0.3591835862975486,0.7592101158440923,0.7592101158440923,0.3605551275463989,0.7592101158440923,0.0,30.23587934887954,14.430869689661812,hard,0.1655678099166002,0.1258354635130162,0.3269154187700879,0.23180096214458523
0.0,0.0,32.22424984228325,0.12948859660799153,0.3510459047736533,0.7592101158440923,0.7592101158440923,0.3605551275463989,0.7592101158440923,0.0,32.198763951431424,14.430869689661812,hard,0.16469165377009834,0.12561892354011853,0.32832064157727686,0.2329305616913073
0.0,0.0,59.66274077159614,0.13059443644753008,0.3415965873418687,0.7810249675906653,0.7810249675906653,0.3605551275463989,0.8248636250920512,0.0,56.19270059358244,14.430869689661812,hard,0.16312481427932507,0.12537810078304157,0.3300793207613888,0.23337659364153124
0.0,0.0,48.47215046849838,0.1310028309845556,0.3244547431123095,0.8333066662399862,0.8333066662399864,0.3605551275463989,0.8717797887081347,0.0,46.2203807859693,14.430869689661812,hard,0.16244435761327172,0.1250081460030757,0.33156260357250195,0.23373480957363407
0.0,0.0,55.74309787715342,0.1307119753538542,0.31129056905066904,0.8316249154516716,0.8316249154516716,0.3605551275463989,0.8674099376880576,0.0,51.573795671833196,14.430869689661812,hard,0.16223170517422195,0.12459510759429486,0.3312299841764077,0.2345319751209352
0.0,0.0,41.36850552197469,0.1305224743703241,0.29736486746902646,0.8009993757800314,0.8009993757800314,0.3605551275463989,0.8352245207128441,0.0,38.72386344361833,14.430869689661812,hard,0.16203122045684976,0.12436795138708967,0.32989741609195056,0.2346446483762573
0.0,0.0,44.17621889716104,0.1301488623075054,0.2803960018940305,0.78587530817554,0.78587530817554,0.3605551275463989,0.8187795796183488,0.0,39.68740354318987,14.430869689661812,hard,0.16188412926061985,0.12423787896039604,0.3282817465431603,0.23624979881500444
0.0,0.0,38.731687891059686,0.12951942873519387,0.26728707402194035,0.7418894796396563,0.7418894796396563,0.3605551275463989,0.7745966692414834,0.0,35.08823734529849,14.430869689661812,hard,0.16179541635219763,0.12417890396402267,0.3259509307860307,0.23721702948685425
0.0,0.0,45.26234764850093,0.12949216582236467,0.2959363123749292,0.7418894796396563,0.7418894796396563,0.3815756805667783,0.7745966692414834,0.0,45.085434455043234,14.430869689661812,hard,0.1617445175911048,0.12419379577314092,0.32414182930993746,0.2394884545248685
0.0,0.0,36.86976769956054,0.12945049157718155,0.2826358316964106,0.7418894796396563,0.7418894796396563,0.3815756805667783,0.7745966692414834,0.0,35.97963868634592,14.430869689661812,hard,0.161706595145439,0.12445941832273752,0.32293151750836874,0.2411941973840086
0.0,0.0,38.609877916875774,0.12961071136620694,0.2686077927926239,0.7418894796396563,0.7418894796396563,0.3815756805667783,0.7745966692414834,0.0,37.600430848595344,14.430869689661812,hard,0.16169908569690042,0.12454926859758945,0.32187191862807457,0.24285575096998788
0.0,0.0,42.37635883550017,0.13011258125887828,0.2659161875557346,0.7418894796396563,0.7418894796396563,0.3815756805667783,0.7745966692414834,0.0,42.23458772143988,14.430869689661812,hard,0.161708826084107,0.12484227223674849,0.3208253185576284,0.2446974487821996
0.0,0.0,39.96240822063466,0.13054791418718295,0.2652906984713657,0.7418894796396563,0.7418894796396563,0.3815756805667783,0.7745966692414834,0.0,39.557067636517246,14.430869689661812,hard,0.16145680732862397,0.12492450017563693,0.3195708695528942,0.2467080846813417
0.0,0.0,45.41666604332109,0.13144101884647927,0.2601767826782428,0.7418894796396563,0.7418894796396563,0.3815756805667783,0.7745966692414834,0.0,44.641635274707404,14.430869689661812,hard,0.16150966176444662,0.1253388070077636,0.31907408769379597,0.24834268656799202
0.0,0.0,44.56553959027977,0.13198913228219988,0.25495792762414543,0.7418894796396563,0.7418894796396563,0.3815756805667783,0.7745966692414834,0.0,44.205863864424146,14.430869689661812,hard,0.16157237513690487,0.12560505264799118,0.31904428787128364,0.25044521472935416
0.0,0.0,37.69971528723265,0.13248720230127578,0.2529432258598842,0.7418894796396563,0.7418894796396563,0.3815756805667783,0.7745966692414834,0.0,37.2327812552326,14.430869689661812,hard,0.16160395230485108,0.12548201000357243,0.3190460372262797,0.25214607080519214
0.0,0.0,41.752434200386084,0.1328456814828886,0.24768357809223246,0.7418894796396563,0.7418894796396563,0.3815756805667783,0.7745966692414834,0.0,42.18124701807665,14.430869689661812,hard,0.16163438642037117,0.1253922598509336,0.3196123150548827,0.25456272297648613
0.0,0.0,37.47578671201755,0.13333746085766987,0.24229280868885242,0.7418894796396563,0.7418894796396563,0.3815756805667783,0.7745966692414834,0.0,37.33800208902453,14.430869689661812,hard,0.16163438642037117,0.1251801330421876,0.31967681970670175,0.2577146815608059
0.0,0.0,32.037980119890115,0.13374588608407817,0.28195331620659453,0.7418894796396563,0.7418894796396563,0.4004996878900157,0.7745966692414834,0.0,31.77559440828763,14.430869689661812,hard,0.16165327670465496,0.12457448101164588,0.32052243253685214,0.2596343987330549
0.0,0.0,34.446417129752966,0.13428677895340577,0.2743774840165132,0.7418894796396563,0.7418894796396563,0.4004996878900157,0.7745966692414834,0.0,32.740928514628294,14.430869689661812,hard,0.1617282435611778,0.12435385142275447,0.32173439169389684,0.26162114011508353
0.0,0.0,37.49506731480193,0.13472409683994047,0.2735049224164507,0.7418894796396563,0.7418894796396563,0.4004996878900157,0.7745966692414834,0.0,37.32184347001096,14.430869689661812,hard,0.1617626231991712,0.12416183859959226,0.3224139608404632,0.2640376120053033
0.0,0.0,30.59187618717678,0.13493481459300366,0.2714366057049882,0.7418894796396563,0.7418894796396563,0.4004996878900157,0.7745966692414834,0.0,30.071255377852115,14.430869689661812,hard,0.16181231289528958,0.12399082123381464,0.3228266772057518,0.2657634615814276
0.0,0.0,34.47477099431269,0.13543108046191335,0.26931714491331954,0.7418894796396563,0.7418894796396563,0.4004996878900157,0.7745966692414834,0.0,34.55719896056392,14.430869689661812,hard,0.1618285256081467,0.12398498507757857,0.32396154161568436,0.2682833315809848
0.0,0.0,45.194177778741015,0.13623124134011347,0.3093996069100677,0.7378346698278687,0.7378346698278687,0.41761226035642196,0.8022468448052633,0.0,45.25485167360512,14.430869689661812,hard,0.16066357982385565,0.1239930807106183,0.32471109641773555,0.2713616959300948
0.0,0.0,36.427200150289515,0.13683025019113998,0.3075291048167033,0.7418894796396563,0.7418894796396563,0.41761226035642196,0.8522910301065006,0.0,36.37421614275695,14.430869689661812,hard,0.16041802795159887,0.12404688913755464,0.32563016895384583,0.2742758233078685
0.0,0.0,36.506670751662845,0.13767515459999535,0.30649722845709965,0.7418894796396563,0.7418894796396563,0.41761226035642196,0.8522910301065006,0.0,35.958448242381095,14.430869689661812,hard,0.1604160352057159,0.12395550220772135,0.3269997461680018,0.2772415544653682
0.0,0.0,50.53775512668152,0.1381390177164053,0.29191068257761393,0.7483314773547883,0.7483314773547883,0.41761226035642196,0.8541662601625051,0.0,47.48138161427066,14.430869689661812,hard,0.16033320191582934,0.12399241145730207,0.3266749483086642,0.2791263124548438
0.0,0.0,50.54488700895437,0.13816368560163306,0.2845262086794844,0.7787168933572715,0.7787168933572715,0.41761226035642196,0.8772684879784525,0.0,47.746870054486294,14.430869689661812,hard,0.16016104394079722,0.12406433264239601,0.3255498111597061,0.2818000504687288
0.0,0.0,45.77867356293554,0.13887822383391366,0.2756837975900831,0.806225774829855,0.806225774829855,0.41761226035642196,0.8964373932405989,0.0,43.48914347282549,14.430869689661812,hard,0.16011184371948617,0.12432391309569263,0.32609597632070286,0.2822805452256126
0.0,0.0,54.08662664740241,0.139684375700964,0.2596870458640742,0.7810249675906654,0.7810249675906654,0.41761226035642196,0.8919641248391105,0.0,52.00739947353645,14.430869689661812,hard,0.15679137336296836,0.12463067825925389,0.3251325454363514,0.2835510171031476
0.0,0.0,38.95579578241106,0.14086160835489314,0.2522930280570101,0.7810249675906654,0.7810249675906654,0.41761226035642196,0.8919641248391105,0.0,38.270307027772844,14.430869689661812,hard,0.15616841886420996,0.12487441807411183,0.32516025432622697,0.2849485217210689
0.0,0.0,32.44575781915257,0.14204634029822882,0.24593483793586504,0.7810249675906654,0.7810249675906654,0.41761226035642196,0.8919641248391105,0.0,31.52731514100114,14.430869689661812,hard,0.15608357468968703,0.12503258151657282,0.3262793567863189,0.28653748270638774
0.0,0.0,35.310712631417395,0.14303883462237588,0.23946890274272148,0.7810249675906654,0.7810249675906654,0.41761226035642196,0.8919641248391105,0.0,33.47168355490951,14.430869689661812,hard,0.1560584057695117,0.12506157048563588,0.3274742341165651,0.2886326170345514
0.0,0.0,32.59771176147553,0.14350201455179815,0.23450536556901944,0.7810249675906654,0.7810249675906654,0.41761226035642196,0.8919641248391105,0.0,32.23836844506868,14.430869689661812,hard,0.15603966764653193,0.12501967870676436,0.32765573209486026,0.29048360572559934
0.0,0.0,38.90582446927795,0.1438121811022802,0.22927683866001602,0.7810249675906654,0.7810249675906654,0.41761226035642196,0.8919641248391105,0.0,39.36711825877022,14.430869689661812,hard,0.1560345588547262,0.12448770271226933,0.32791855517496804,0.29223902899296733
0.0,0.0,33.93287285948657,0.14441656756102425,0.22559974835407412,0.7810249675906654,0.7810249675906654,0.41761226035642196,0.8919641248391105,0.0,34.122842788958835,14.430869689661812,hard,0.1560345588547262,0.12417883781354049,0.32938143028336025,0.2939308290338646
0.0,0.0,29.331017675213907,0.14501197949210737,0.22121770287093603,0.7810249675906654,0.7810249675906654,0.41761226035642196,0.8919641248391105,0.0,29.469550386797554,14.430869689661812,hard,0.1561889072438909,0.12365612879645733,0.3304453851097744,0.29563459713897505
0.0,0.0,29.763642783416895,0.14616809292985106,0.21893082940933178,0.7810249675906654,0.7810249675906654,0.41761226035642196,0.8919641248391105,0.0,29.685343184810915,14.430869689661812,hard,0.1562969022471789,0.12344280200827754,0.33151985877156465,0.29840714460220646
0.0,0.0,32.70445692877061,0.14721777633363248,0.2169973253100899,0.7810249675906654,0.7810249675906654,0.41761226035642196,0.8919641248391105,0.0,32.38209381741706,14.430869689661812,hard,0.1557271043617926,0.12312090348349697,0.3322292251790161,0.30077604086192505
0.0,0.0,38.28081889289359,0.1485704797870442,0.21571034360010674,0.7810249675906654,0.7810249675906654,0.41761226035642196,0.8919641248391105,0.0,37.23633172051189,14.430869689661812,hard,0.15574509250634253,0.1230719077300161,0.33396474129299575,0.3035761344503154
0.0,0.0,25.915667261758042,0.14931198688810723,0.21483746999429817,0.7810249675906654,0.7810249675906654,0.41761226035642196,0.8919641248391105,0.0,25.846663227581235,14.430869689661812,hard,0.15574509250634253,0.12281383317393776,0.33469517633674845,0.3064668404174157
0.0,0.0,21.119425154711465,0.1499211854070204,0.21410568742319536,0.7810249675906654,0.7810249675906654,0.41761226035642196,0.8919641248391105,0.0,20.6258963441592,14.430869689661812,hard,0.15574509250634253,0.12270622100772705,0.3357024334973234,0.307901699846105
0.0,0.0,27.359881928309694,0.1505090418355651,0.2128959435018084,0.7810249675906654,0.7810249675906654,0.41761226035642196,0.8919641248391105,0.0,27.02325665052234,14.430869689661812,hard,0.15574509250634253,0.12257220703273992,0.3365704080447468,0.3088738721103628
0.0,0.0,36.09914811223363,0.15160318879207166,0.21033668129599906,0.7810249675906654,0.7810249675906654,0.41761226035642196,0.8919641248391105,0.0,35.981106153090956,14.430869689661812,hard,0.15574509250634253,0.12229635787492651,0.3383519327929366,0.310714035660726
0.0,0.0,29.475814030939397,0.1527674303322459,0.2081752942786131,0.7810249675906654,0.7810249675906654,0.41761226035642196,0.8919641248391105,0.0,29.496772704823147,14.430869689661812,hard,0.15574509250634253,0.1221714740220602,0.3395548503908103,0.3128576432378561
0.0,0.0,26.02901494082749,0.15376252531664092,0.20615479396093808,0.7810249675906654,0.7810249675906654,0.41761226035642196,0.8919641248391105,0.0,25.830594263392392,14.430869689661812,hard,0.15574509250634253,0.12209146604602122,0.34065563194583215,0.3146690459069905
0.0,0.0,25.09060868336293,0.15462903506693731,0.20541066119146803,0.8059776671843955,0.8059776671843955,0.41761226035642196,0.9541488353501251,0.0,24.072964088371002,14.430869689661812,hard,0.15574509250634253,0.12204611597282922,0.34141841180095966,0.31648107160506134
0.0,0.0,25.705856812438252,0.15557552362776558,0.20371364396942535,0.8059776671843955,0.8059776671843955,0.41761226035642196,0.9541488353501251,0.0,25.34087607009671,14.430869689661812,hard,0.15574509250634253,0.12208030704955215,0.34224456908380524,0.3185973947007813
0.0,0.0,20.485381002089653,0.15615180325245206,0.20199286723463433,0.8296987405076616,0.8296987405076616,0.41761226035642196,0.9718024490605074,0.0,20.3761036510909,14.430869689661812,hard,0.15574509250634253,0.12212813689898157,0.3429504556498324,0.3199177745359247
0.0,0.0,22.223828108436706,0.15682628162256496,0.20005158438824366,0.8296987405076616,0.8296987405076616,0.41761226035642196,0.9718024490605074,0.0,21.146763345722675,14.430869689661812,hard,0.15574509250634253,0.12220068029216605,0.3433344805010075,0.3217291466480809
0.0,0.0,20.476251966317932,0.15730445562467554,0.19831307670662898,0.8522910301065008,0.8522910301065008,0.41761226035642196,0.9887365675446621,0.0,18.107777334615093,14.430869689661812,hard,0.15574509250634253,0.12220068029216605,0.3436634746339929,0.32291628952472823
0.0,0.0,24.89074917226108,0.15770480960196195,0.17142614389445163,0.8754427451295715,0.8754427451295715,0.41761226035642196,1.020588065773846,0.0,22.341566641576414,14.430869689661812,hard,0.15309305673668028,0.12220237971357373,0.344131289237289,0.32349451349318115
0.0,0.0,30.526386495616535,0.15812346076919934,0.23054220604540687,0.894427190999916,0.894427190999916,0.4331281565541543,1.0307278981380101,0.0,27.444846510775022,14.430869689661812,hard,0.15074007313395218,0.12221468923798216,0.34436279756117627,0.32390799802832543
0.0,0.0,31.973143623923544,0.15849861509303398,0.22469783365753368,0.9112628599915613,0.9112628599915613,0.4331281565541543,1.0392304845413265,0.0,28.86758736022115,14.430869689661812,hard,0.14803298261318326,0.12223463320126919,0.34506310880219077,0.3235625650004516
0.0,0.0,37.12376267541777,0.15869731974491683,0.22011311459967078,0.9042123644365853,0.9042123644365854,0.4331281565541543,1.0268398122394748,0.0,32.20780029744348,14.430869689661812,hard,0.14624574679808508,0.12227748858059599,0.3456501457535924,0.3223425570385674
0.0,0.0,29.352080490638674,0.15893857735040387,0.21650266236634894,0.9042123644365853,0.9042123644365854,0.4331281565541543,1.0268398122394748,0.0,28.707664481806948,14.430869689661812,hard,0.14533719190659378,0.12227870968534595,0.34591429068196644,0.32201669548813594
0.0,0.0,28.55551463119622,0.15912621472179028,0.2140052412061496,0.9042123644365853,0.9042123644365854,0.4331281565541543,1.0268398122394748,0.0,27.947271780980696,14.430869689661812,hard,0.14414901384297144,0.122287270411902,0.3454480918887519,0.3229569050682669
0.0,0.0,33.39451630012942,0.15895757002459462,0.2130774089905355,0.8953211714239756,0.8953211714239756,0.4331281565541543,1.012719112093773,0.0,29.058671683337487,14.430869689661812,hard,0.14359224084847852,0.12229305513607412,0.34464897585525384,0.32261693894522786
0.0,0.0,22.961493044637564,0.15904170744658225,0.21102040287341475,0.8953211714239756,0.8953211714239756,0.4331281565541543,1.012719112093773,0.0,22.473664587690187,14.430869689661812,hard,0.14301752538146634,0.12229321194992479,0.34407151638369693,0.3231143274993237
0.0,0.0,22.615128995486092,0.1592155531981628,0.20175129089334615,0.8953211714239756,0.8953211714239756,0.4331281565541543,1.012719112093773,0.0,22.020217982572287,14.430869689661812,hard,0.1416496488150172,0.12237558201719533,0.3438091297133404,0.32373706976127936
0.0,0.0,27.721925658886807,0.15941327624222915,0.19215228979119647,0.8953211714239756,0.8953211714239756,0.4331281565541543,1.012719112093773,0.0,27.327356257054948,14.430869689661812,hard,0.14103438850922315,0.12245359984993529,0.34390047965156006,0.3238420242248342
0.0,0.0,40.25844282658058,0.15980796371632083,0.17755027053308664,0.8953211714239756,0.8953211714239756,0.4331281565541543,1.012719112093773,0.0,39.822732201595606,14.430869689661812,hard,0.14009223878779345,0.12245166975503563,0.3438675531137586,0.3242384277612619
0.0,0.0,31.522349581498087,0.160438181801867,0.1659345903626997,0.8953211714239756,0.8953211714239756,0.4331281565541543,1.012719112093773,0.0,31.401808865095653,14.430869689661812,hard,0.13838975354752747,0.12247990058763136,0.34383964642204434,0.32548082867189837
0.0,0.0,37.20533905021492,0.16071671154963102,0.15960365653033792,0.8953211714239756,0.8953211714239756,0.4331281565541543,1.012719112093773,0.0,36.724683797141125,14.430869689661812,hard,0.1357458775434999,0.12247990058763136,0.34335451693816793,0.32569852821741624
0.0,0.0,36.01085642009399,0.16099452340751247,0.15320442838291212,0.8953211714239756,0.8953211714239756,0.4331281565541543,1.012719112093773,0.0,35.95290808822007,14.430869689661812,hard,0.13470241121999946,0.12245923115071893,0.34331459266470743,0.3258750036300257
0.0,0.0,25.591167013270805,0.1612873183629257,0.146389188073491,0.8953211714239756,0.8953211714239756,0.4331281565541543,1.012719112093773,0.0,25.83570397724823,14.430869689661812,hard,0.13440790784327192,0.12227515933120513,0.34381413398370003,0.3265255653798105
0.0,0.0,29.12306584074168,0.1616289247167271,0.1423444097660965,0.8953211714239756,0.8953211714239756,0.4331281565541543,1.012719112093773,0.0,28.76147423203477,14.430869689661812,hard,0.13399257181944305,0.12226019296640472,0.34365571508639675,0.3276297237129926
0.0,0.0,27.593797906925325,0.1618910962629451,0.1379462038367193,0.8953211714239756,0.8953211714239756,0.4331281565541543,1.012719112093773,0.0,27.479657930913188,14.430869689661812,hard,0.13368731973792655,0.12229778748947609,0.3434881168273526,0.3288497379939495
0.0,0.0,24.388896005775905,0.16230034539747937,0.13471786898072938,0.8953211714239756,0.8953211714239756,0.4331281565541543,1.012719112093773,0.0,24.22099089632792,14.430869689661812,hard,0.13336272263678356,0.12232055002347436,0.34425388947359314,0.32932659006042114
0.0,0.0,23.090786409423973,0.16234608207924175,0.13176923591070566,0.8953211714239756,0.8953211714239756,0.4331281565541543,1.012719112093773,0.0,22.630740155814614,14.430869689661812,hard,0.13238100940489744,0.12232666180043693,0.34388920251493704,0.3293557303064886
0.0,0.0,31.941235119875607,0.1626057928350301,0.1302082364723079,0.8953211714239756,0.8953211714239756,0.4331281565541543,1.012719112093773,0.0,31.61528744136292,14.430869689661812,hard,0.13061363124118558,0.12236207300324209,0.3432651326613589,0.3296674083445059
0.0,0.0,25.84800949813533,0.16279598682101648,0.12915379338469454,0.8953211714239756,0.8953211714239756,0.4331281565541543,1.012719112093773,0.0,25.524960332976033,14.430869689661812,hard,0.12994095146596754,0.12232442729253089,0.3430170632594568,0.3298813183473089
0.0,0.0,21.649858460604957,0.16294224140761165,0.12777481535089907,0.8953211714239756,0.8953211714239756,0.4331281565541543,1.012719112093773,0.0,22.025521560226444,14.430869689661812,hard,0.12963221789202967,0.12197851847156543,0.3430394716069575,0.3301500703590483
0.0,0.0,24.813188491255225,0.16309290340828658,0.12747057303907441,0.8953211714239756,0.8953211714239756,0.4331281565541543,1.012719112093773,0.0,24.38216561341507,14.430869689661812,hard,0.129508541212389,0.12192366733532206,0.3431207476208732,0.3301842800302491
0.0,0.0,23.765545297129933,0.16323800428110272,0.1260596371026209,0.9123595782365636,0.9123595782365634,0.4331281565541543,1.02469507659596,0.0,23.997633216632007,14.430869689661812,hard,0.12940414051011032,0.12184069265298189,0.34321562384445475,0.33049580533305234
0.0,0.0,28.75020150501433,0.16356814538148104,0.1237267201618065,0.9442457307290302,0.9442457307290301,0.4331281565541543,1.047091209016674,0.0,27.6380968954087,14.430869689661812,hard,0.12936967076499326,0.12184386946749344,0.3432563269579886,0.3312600955154915
0.0,0.0,42.56670037109914,0.16310768013000854,0.1233335954606936,0.9457272334029511,0.9457272334029511,0.4331281565541543,1.0392304845413265,0.0,38.682109559846914,14.430869689661812,hard,0.12936967076499326,0.12175344185515136,0.34226295331962564,0.33050826035093955
0.0,0.0,35.37128698806509,0.162812235814271,0.1227561536653509,0.9593747964169166,0.9593747964169166,0.4331281565541543,1.0486181383134663,0.0,33.607029026678326,14.430869689661812,hard,0.12936967076499326,0.1217195082210874,0.3414209105386527,0.3303954888709616
0.0,0.0,32.0480595365873,0.16256386352945232,0.12212406601710368,0.9593747964169166,0.9593747964169166,0.4331281565541543,1.0486181383134663,0.0,30.841796316038405,14.430869689661812,hard,0.12936967076499326,0.12170499031605829,0.3403893580195756,0.3307445495355565
0.0,0.0,43.42916778043592,0.1616028249147693,0.1206681315781382,0.9433981132056605,0.9433981132056605,0.4331281565541543,1.0246950765959597,0.0,39.636124936729125,14.430869689661812,hard,0.12936967076499326,0.1215263839245565,0.3368347729120356,0.33013086451745516
0.0,0.0,41.91188181899318,0.16038960081260192,0.11997483879096023,0.8811356308764275,0.8811356308764275,0.4331281565541543,0.9593747964169166,0.0,39.94831160387132,14.430869689661812,hard,0.12936967076499326,0.12110056816104933,0.33237508509480856,0.32985832119561903
0.0,0.0,36.92273644298903,0.16006106112854995,0.11885800767277874,0.8811356308764275,0.8811356308764275,0.4331281565541543,0.9593747964169166,0.0,37.01526712047341,14.430869689661812,hard,0.12936967076499326,0.12075603375247926,0.3318373661406962,0.32929430355035993
0.0,0.0,37.44510177743341,0.15969354936686397,0.11742666231850835,0.8811356308764275,0.8811356308764275,0.4331281565541543,0.9593747964169166,0.0,36.482922032096056,14.430869689661812,hard,0.12936967076499326,0.12038403305058734,0.33107635604171487,0.32869512768361087
0.0,0.0,34.14888116705049,0.15936430805186405,0.11596186432891874,0.8811356308764275,0.8811356308764275,0.4331281565541543,0.9593747964169166,0.0,34.07453007746402,14.430869689661812,hard,0.12936967076499326,0.12008044952864184,0.32966773562206064,0.3288327014298741
0.0,0.0,40.127696126746706,0.15938695542019732,0.11506316210939449,0.8811356308764275,0.8811356308764275,0.4331281565541543,0.9593747964169166,0.0,39.31544734579526,14.430869689661812,hard,0.12936967076499326,0.11997649415611308,0.328843771429544,0.32944702150295474
0.0,0.0,36.414964129483174,0.15943271729335892,0.11258299049084378,0.8811356308764275,0.8811356308764275,0.4331281565541543,0.9593747964169166,0.0,36.43530705236337,14.430869689661812,hard,0.12936967076499326,0.11997472682251452,0.3283506185268054,0.3296202861309456
0.0,0.0,33.71108144076501,0.15950667626169687,0.10892416700135656,0.8811356308764275,0.8811356308764275,0.4331281565541543,0.9593747964169166,0.0,33.39913771342009,14.430869689661812,hard,0.12936967076499326,0.11939253231032222,0.327692015083144,0.33001480865465377
0.0,0.0,37.570665927716185,0.15962416779878952,0.10774065404518576,0.8811356308764275,0.8811356308764275,0.4331281565541543,0.9593747964169166,0.0,36.92665162183,14.430869689661812,hard,0.12936967076499326,0.11916993489708148,0.3258141299121611,0.33118951199578417
0.0,0.0,45.99027714326997,0.15978814053072246,0.10724847010368281,0.8811356308764275,0.8811356308764275,0.4331281565541543,0.9593747964169166,0.0,45.78297063319504,14.430869689661812,hard,0.12936967076499326,0.11897133061258935,0.32510412134125705,0.33213259954770186
0.0,0.0,39.287535873745455,0.16002367513495735,0.18952500764302913,0.8811356308764275,0.8811356308764275,0.4472135954999579,0.9593747964169166,0.0,39.67112804042758,14.430869689661812,hard,0.12936967076499326,0.1189508075548637,0.32458689516863165,0.3329213719364771
0.0,0.0,30.197554053701204,0.1600845024882817,0.1877586756336079,0.8811356308764275,0.8811356308764275,0.4472135954999579,0.9593747964169166,0.0,30.069845360427113,14.430869689661812,hard,0.12936967076499326,0.11896366350487927,0.3236183978582798,0.3334778137588692
0.0,0.0,39.560307137954034,0.16042983315098583,0.1873663423661976,0.8811356308764275,0.8811356308764275,0.4472135954999579,0.9593747964169166,0.0,39.12227498497499,14.430869689661812,hard,0.12936967076499326,0.11870739158420533,0.3230020656761681,0.33420064158312196
0.0,0.0,28.718204824235393,0.1607959290837636,0.1868869235070018,0.8811356308764275,0.8811356308764275,0.4472135954999579,0.9593747964169166,0.0,28.449702986147326,14.430869689661812,hard,0.12936967076499326,0.11868872126282153,0.3226214970216525,0.33534147155781446
0.0,0.0,34.65573097288952,0.1611589918712867,0.18597506058534863,0.8811356308764275,0.8811356308764275,0.4472135954999579,0.9593747964169166,0.0,34.80344810503695,14.430869689661812,hard,0.12936967076499326,0.11873217652553407,0.3220118073615754,0.3360529133020951
0.0,0.0,32.84849099458835,0.16134756863324504,0.18505371904658577,0.8681013765684282,0.8681013765684282,0.4472135954999579,1.0268398122394748,0.0,32.73310862108883,14.430869689661812,hard,0.12933536648509214,0.11877251012242403,0.3216493128569475,0.33644844951406144
0.0,0.0,29.157803921175304,0.16183085019357096,0.18385059559513317,0.8681013765684282,0.8681013765684282,0.4472135954999579,1.0268398122394748,0.0,28.814586583881436,14.430869689661812,hard,0.12933536648509214,0.11882446605071184,0.32204662346276874,0.33681409623075315
0.0,0.0,36.18381585219279,0.1622034388935447,0.18293049015564314,0.8681013765684282,0.8681013765684282,0.4472135954999579,1.0268398122394748,0.0,24.869386803859882,14.430869689661812,hard,0.12933536648509214,0.11886200029229572,0.3220946393758955,0.33764530269223764
0.0,0.0,40.77093126880393,0.1621897770762957,0.182001185779707,0.8681013765684282,0.8681013765684282,0.4472135954999579,1.0268398122394748,0.0,31.56885173711581,14.430869689661812,hard,0.12933536648509214,0.1188985190569977,0.32094493736109325,0.337957649697977
0.0,0.0,56.324340631455165,0.16197218642455088,0.17995054872296445,0.8544003745317531,0.8544003745317531,0.4472135954999579,1.0524257693538297,0.0,50.37196045420508,14.430869689661812,hard,0.12933536648509214,0.11570014633698333,0.3200210911376261,0.33778516566563516
0.0,0.0,41.368248117930726,0.16190271007279303,0.17940360220649218,0.8544003745317531,0.8544003745317531,0.4472135954999579,1.0524257693538297,0.0,33.15373282150896,14.430869689661812,hard,0.12933536648509214,0.11438834771230605,0.3193992120847425,0.3380146432579896
0.0,0.0,41.242974126378854,0.16201639431450784,0.17787909388503942,0.8544003745317531,0.8544003745317531,0.4472135954999579,1.0524257693538297,0.0,31.479701396296633,14.430869689661812,hard,0.12933536648509214,0.11399541337554034,0.3190073210296693,0.3388384009021496
0.0,0.0,44.231026093175515,0.16151522723396805,0.1581654313107925,0.8720091742636658,0.8720091742636658,0.4472135954999579,1.091970695577496,0.0,33.26364982980671,14.430869689661812,hard,0.12933536648509214,0.11366141505218609,0.3177682687302197,0.33808362340241727
0.0,0.0,50.25342434603807,0.15979839491671574,0.1577814665691002,0.8544003745317532,0.8544003745317532,0.4472135954999579,1.0630145812734648,0.0,40.47344314485734,14.430869689661812,hard,0.12933536648509214,0.1138778397431646,0.3136556921680035,0.33570008121966
0.0,0.0,48.541041611222084,0.1587770190797407,0.15643801034232782,0.8544003745317532,0.8544003745317532,0.4472135954999579,1.0630145812734648,0.0,40.59162967903604,14.430869689661812,hard,0.12926511060067253,0.11387465178678204,0.3095799705360265,0.3349591360004563
0.0,0.0,48.47790020925177,0.15737146703498928,0.15518666899816458,0.8581375181169975,0.8581375181169975,0.4472135954999579,1.050904372433572,0.0,39.12351722429874,14.430869689661812,hard,0.12910255757008532,0.1137641288894122,0.3064872000807124,0.3332326524476372
0.0,0.0,41.660167386377225,0.1562228202252163,0.1544193791822442,0.8581375181169975,0.8581375181169975,0.4472135954999579,1.050904372433572,0.0,33.00885335784931,14.430869689661812,hard,0.12887369600676246,0.11282801738277966,0.3037995269182772,0.3316225335528621
0.0,0.0,41.855893123366705,0.15494268212045062,0.1507262177028755,0.8364209466530593,0.8364209466530593,0.4472135954999579,1.017644338656684,0.0,31.34453700407776,14.430869689661812,hard,0.12844980926397317,0.11276042222645938,0.3015429782079189,0.32812363528821303
0.0,0.0,41.37711223419993,0.15378746259960555,0.1499773197364878,0.8,0.8,0.4472135954999579,0.9797958971132712,0.0,31.387233073337317,14.430869689661812,hard,0.12793507106991545,0.11274033945346802,0.2993852388188387,0.32512677732011164
0.0,0.0,41.10691920289662,0.15309775045500837,0.14991412370959645,0.8,0.8,0.4472135954999579,0.9797958971132712,0.0,32.79326760175021,14.430869689661812,hard,0.12724591856932896,0.11250150888117326,0.29784817679639075,0.3241733387030407
0.0,0.0,37.49975566609788,0.152525934571467,0.14862331658083258,0.8,0.8,0.4472135954999579,0.9797958971132712,0.0,27.845006733703624,14.430869689661812,hard,0.1264783310535715,0.11235848401565762,0.29621518824735205,0.3227518202100046
0.0,0.0,42.09899443983731,0.15127594735630068,0.14752871390773414,0.8,0.8,0.4472135954999579,0.9797958971132712,0.0,33.662061731272495,14.430869689661812,hard,0.12591171435829507,0.11222331682634766,0.29270972855254584,0.32108267809442675
0.0,0.0,38.75352395863105,0.15081784455784727,0.14639863635851508,0.8,0.8,0.4472135954999579,0.9797958971132712,0.0,29.3870719875254,14.430869689661812,hard,0.12527234786501645,0.11201453822250118,0.2905209042111422,0.3206191063179333
0.0,0.0,58.09907517963367,0.14907595800432963,0.14576417974642977,0.8,0.8,0.4472135954999579,0.9797958971132712,0.0,52.70439829843426,14.430869689661812,hard,0.12473154809681,0.1115629907098095,0.28540731241558814,0.3192607507361627
0.0,0.0,40.71523941386707,0.14804214598694843,0.14501999089441464,0.8,0.8,0.4472135954999579,0.9797958971132712,0.0,31.637951893256304,14.430869689661812,hard,0.12465423623287313,0.11123361413452139,0.28267358247929486,0.3184349258744244
0.0,0.0,46.73413236447163,0.14665050446455075,0.14467063177861073,0.8,0.8,0.4472135954999579,0.9797958971132712,0.0,39.17601306922387,14.430869689661812,hard,0.12461617212235448,0.110979767461812,0.2784927407450929,0.3173279722292207
0.0,0.0,46.89422355707166,0.14542083345052478,0.14342036889488963,0.8,0.8,0.4472135954999579,0.9797958971132712,0.0,39.54329778862658,14.430869689661812,hard,0.12461617212235448,0.11042805437751589,0.2758802637093413,0.3161142455172487
0.0,0.0,47.49790521962912,0.14437351807417834,0.14255229237258327,0.8121576201698781,0.8121576201698781,0.4472135954999579,1.06,0.0,40.28200590834573,14.430869689661812,hard,0.1238735626338313,0.10996857319449962,0.27344957166777856,0.31490080279921273
0.0,0.0,39.88446222322337,0.1435856718110265,0.14216051031006782,0.8121576201698781,0.8121576201698781,0.4472135954999579,1.06,0.0,31.678314349093764,14.430869689661812,hard,0.1235224204819667,0.10951070796145689,0.27114204715166684,0.31444736755626856
0.0,0.0,43.02673770610002,0.1427346969460001,0.1412459705916284,0.8121576201698781,0.8121576201698781,0.4472135954999579,1.06,0.0,34.55130098853009,14.430869689661812,hard,0.1235224204819667,0.10904796460770715,0.2691320667590272,0.31302833586433093
0.0,0.0,40.58278526307817,0.1419997941149957,0.13989649450277727,0.8121576201698781,0.8121576201698781,0.4472135954999579,1.06,0.0,31.48904571434327,14.430869689661812,hard,0.1235224204819667,0.10864560391299104,0.26698200888235823,0.3123666034150875
0.0,0.0,44.54052045102908,0.14118741429472914,0.1384127068643356,0.8121576201698781,0.8121576201698781,0.4472135954999579,1.06,0.0,37.224916386742905,14.430869689661812,hard,0.1235224204819667,0.10862665728023026,0.26505100007954613,0.3108617767303402
0.0,0.0,45.91424441438455,0.1404197171706554,0.1374388421329853,0.8121576201698781,0.8121576201698781,0.4472135954999579,1.06,0.0,38.396020627143116,14.430869689661812,hard,0.1235224204819667,0.1080791951341203,0.26371326439776294,0.3096550102359264
0.0,0.0,39.10267037277105,0.14004887448989808,0.13528967429899139,0.8121576201698781,0.8121576201698781,0.4472135954999579,1.06,0.0,29.879765728666616,14.430869689661812,hard,0.1235224204819667,0.1078855730885663,0.26306650896602957,0.30919054595322176
0.0,0.0,42.265493359106586,0.13970618681330824,0.24169027141531413,0.82365041127896,0.82365041127896,0.5015974481593781,1.0983624174196787,0.0,32.82078000291888,14.430869689661812,hard,0.1235224204819667,0.10767438727670146,0.2626502278542815,0.30865538876423604
0.0,0.0,42.16865435209155,0.1396270665090666,0.2390721782960382,0.82365041127896,0.82365041127896,0.5015974481593781,1.0983624174196787,0.0,33.96250285241062,14.430869689661812,hard,0.1235224204819667,0.1076335552938371,0.26238734419005905,0.30845982429733065
0.0,0.0,38.27415718746595,0.13953031909479643,0.28373547593109455,0.848528137423857,0.848528137423857,0.5122499389946279,1.0998181667894016,0.0,27.011175464981157,14.430869689661812,hard,0.1235224204819667,0.10766857875296243,0.26189940692403557,0.3085140295225719
0.0,0.0,43.69507608613228,0.13896329215211134,0.27968669501597954,0.8475848040166837,0.8475848040166837,0.5122499389946279,1.0814804667676619,0.0,33.862551587262296,14.430869689661812,hard,0.1235224204819667,0.10775445914747997,0.2608367749356419,0.3072437574492773
0.0,0.0,47.49482389555051,0.13851737372802908,0.27725799980037,0.8581375181169975,0.8581375181169975,0.5122499389946279,1.0809255293497326,0.0,39.6726807765747,14.430869689661812,hard,0.1235224204819667,0.10774594271309595,0.2606298457975644,0.3056643087236169
0.0,0.0,45.63965229621889,0.13747304349119796,0.2644424681962831,0.8306623862918074,0.8306623862918074,0.5122499389946279,1.0409610943738483,0.0,34.94109900961903,14.430869689661812,hard,0.1235097122146741,0.10763509493888426,0.2600953059188595,0.3018388872889274
0.0,0.0,45.74730739260649,0.13503344112397428,0.2579817268873783,0.7748548251124207,0.7748548251124207,0.5122499389946279,0.977547952787995,0.0,34.44336801185389,14.430869689661812,hard,0.1235097122146741,0.10727181415260315,0.25394306036481346,0.29861896638064844
0.0,0.0,40.79574065374081,0.13270577879548953,0.25119795861107536,0.7748548251124207,0.7748548251124207,0.5122499389946279,0.977547952787995,0.0,32.45023266480535,14.430869689661812,hard,0.1235097122146741,0.10699468151484848,0.24802006198326887,0.2957099914291437
0.0,0.0,38.93545205259285,0.1306596879953104,0.24428615369882506,0.7748548251124207,0.7748548251124207,0.5122499389946279,0.977547952787995,0.0,29.152159439739627,14.430869689661812,hard,0.12351938877261084,0.10678510573407195,0.2442884655363349,0.2921293092562869
0.0,0.0,43.90886801575297,0.12897611313396343,0.23887891080832876,0.766550715869472,0.766550715869472,0.5122499389946279,0.9509994742374992,0.0,33.74685170501094,14.430869689661812,hard,0.12356519836229327,0.1065623871307516,0.24187971822557822,0.2880848375247545
0.0,0.0,45.61064712287021,0.12762608141241508,0.23840587350465664,0.766550715869472,0.766550715869472,0.5122499389946279,0.9509994742374992,0.0,37.83501552794712,14.430869689661812,hard,0.12356519836229327,0.10655256087650883,0.23953810235984407,0.284842821519234
0.0,0.0,49.629194188638124,0.12588140137534667,0.2330255478927004,0.766550715869472,0.766550715869472,0.5122499389946279,0.9509994742374992,0.0,42.90915520026,14.430869689661812,hard,0.12356519836229327,0.10653714379894365,0.23543338968737676,0.2818555274614083
0.0,0.0,44.03761305776268,0.12395762601167651,0.22916130603823573,0.766550715869472,0.766550715869472,0.5122499389946279,0.9509994742374992,0.0,36.749361899222144,14.430869689661812,hard,0.12361471134444117,0.10631844170394164,0.2315997233340428,0.27829225716749306
0.0,0.0,39.872234657832564,0.12245089381885883,0.22562585179078568,0.766550715869472,0.766550715869472,0.5122499389946279,0.9509994742374992,0.0,31.02246927631648,14.430869689661812,hard,0.1236204412012913,0.10628619277078849,0.2272694684159558,0.27639875214965326
0.0,0.0,42.267916365082996,0.12086691980678486,0.22230221591925456,0.766550715869472,0.766550715869472,0.5122499389946279,0.9509994742374992,0.0,34.61057063961818,14.430869689661812,hard,0.1236204412012913,0.10631973556226498,0.22227744489132326,0.2749992916508502
0.0,0.0,40.52146519706983,0.11945500724596385,0.2202317490992249,0.766550715869472,0.766550715869472,0.5122499389946279,0.9509994742374992,0.0,32.17838404892328,14.430869689661812,hard,0.1236204412012913,0.1063205879681912,0.2189347917291198,0.2729815712435208
0.0,0.0,41.37814594635936,0.11800168237199667,0.21764370245913478,0.8089499366462674,0.8089499366462674,0.5122499389946279,1.0476640682967036,0.0,32.499846153482025,14.430869689661812,hard,0.12341421590469617,0.10631471682632458,0.21476182535130198,0.27071984371215635
0.0,0.0,46.336023288557875,0.11605295338647667,0.2150060837753407,0.8089499366462674,0.8089499366462674,0.5122499389946279,1.0476640682967036,0.0,39.607352852721675,14.430869689661812,hard,0.12312230530477633,0.10634492276464824,0.20852174138931182,0.26865876441034325
0.0,0.0,46.74640996361739,0.11491914424367317,0.2133147059075833,0.8089499366462674,0.8089499366462674,0.5122499389946279,1.0476640682967036,0.0,29.875715891004184,14.430869689661812,hard,0.12266577916664216,0.1063501953063268,0.20484864578630962,0.26794824735147843
0.0,0.0,46.86062276520476,0.11359602593853177,0.21271624628233907,0.8089499366462674,0.8089499366462674,0.5122499389946279,1.0476640682967036,0.0,30.44273312302954,14.430869689661812,hard,0.12218728056434053,0.10620145663746194,0.20121888911760255,0.2673994776680745
0.0,0.0,44.521151221680064,0.11238591903739581,0.21134180627989774,0.8089499366462674,0.8089499366462674,0.5122499389946279,1.0476640682967036,0.0,25.991760232812243,14.430869689661812,hard,0.12184820931552402,0.10605712752502894,0.1985926712224031,0.266164955772917
0.0,0.0,50.85235385708118,0.11022295032790877,0.21072851053404817,0.8089499366462674,0.8089499366462674,0.5122499389946279,1.0476640682967036,0.0,37.076008415146305,14.430869689661812,hard,0.12155942925051366,0.10596488246899075,0.19276694050717677,0.26500983939131995
0.0,0.0,44.5166213250863,0.10889160925269467,0.1864272493951322,0.8487638069569178,0.8487638069569178,0.5122499389946279,1.1,0.0,27.233134230198328,14.430869689661812,hard,0.12135389655300377,0.10602244156265106,0.1888683446493847,0.2642942259733513
0.0,0.0,52.60035468655775,0.10696688952459477,0.18579168344664584,0.8863407922464136,0.8863407922464136,0.5122499389946279,1.1142710621747294,0.0,39.85626174141273,14.430869689661812,hard,0.12128047243353321,0.10600563436551348,0.1841024183092754,0.2618142644957202
0.0,0.0,45.1390452006673,0.10590291209882005,0.18472593408751503,0.8863407922464136,0.8863407922464136,0.5122499389946279,1.1142710621747294,0.0,26.953560061706135,14.430869689661812,hard,0.12124334206356713,0.10597207915756963,0.18067258026165992,0.261504727468488
0.0,0.0,47.07158146004862,0.10440169201763792,0.1844332491509916,0.9086253353280438,0.9086253353280438,0.5122499389946279,1.1412274094149684,0.0,31.09444323347823,14.430869689661812,hard,0.1192770888604552,0.1057117859039289,0.17682149821580886,0.26032144024852333
0.0,0.0,48.53685710193978,0.10292681375936996,0.1842404116265775,0.9,0.9,0.5122499389946279,1.1539497389401328,0.0,34.12722666728136,14.430869689661812,hard,0.11882328917833708,0.10495137372071736,0.1716648213637495,0.25875643737113574
0.0,0.0,49.05300256469033,0.10163517346181919,0.1825555986993314,0.9,0.9,0.5122499389946279,1.1539497389401328,0.0,33.40793318958837,14.430869689661812,hard,0.11846611741211426,0.10396597034551883,0.16807450174296232,0.2559920990274696
0.0,0.0,45.28751210144678,0.1004407756854974,0.2441924652616463,0.8863407922464136,0.8863407922464136,0.5219195340279955,1.1661903789690602,0.0,26.08148001935473,14.430869689661812,hard,0.11804057439561182,0.10270750580612599,0.1651227484811642,0.2542296387332768
0.0,0.0,43.36759053504305,0.09968617915715555,0.22792494852561915,0.8946507698538017,0.8946507698538017,0.5219195340279955,1.1608617488745159,0.0,23.338457532579138,14.430869689661812,hard,0.1176792410037458,0.10153702185530249,0.16309472891415597,0.2531255282047174
0.0,0.0,47.65248895700472,0.0992062468732793,0.22559078844637442,0.902441133814278,0.902441133814278,0.5219195340279955,1.1551623262554922,0.0,30.497370378444103,14.430869689661812,hard,0.1172441451861181,0.10039555242988057,0.1611255450734485,0.25278128914248693
0.0,0.0,47.12395468734364,0.0986820223540614,0.2246349734994501,0.9167333309092671,0.9167333309092671,0.5219195340279955,1.149086593777858,0.0,30.806109783612733,14.430869689661812,hard,0.11583241825964236,0.09871182147580979,0.15907630897011268,0.25167440332665764
0.0,0.0,46.26114799621155,0.09797620890809465,0.22318477448882895,0.9314504817756014,0.9314504817756014,0.5219195340279955,1.1357816691600546,0.0,28.26150031403145,14.430869689661812,hard,0.11516623521022382,0.09754207233721397,0.1572313966784628,0.24866446379987903
0.0,0.0,50.866461052190715,0.09670097213398579,0.22111359578796022,0.9314504817756014,0.9314504817756014,0.5219195340279955,1.1357816691600546,0.0,36.66902780276565,14.430869689661812,hard,0.11431595025703277,0.09552924173038496,0.15436481766538881,0.24417838138207382
0.0,0.0,43.58852377220216,0.09596090671804959,0.21928546726738074,0.9314504817756014,0.9314504817756014,0.5219195340279955,1.1357816691600546,0.0,24.92020064124685,14.430869689661812,hard,0.11371949481121542,0.09425242124076688,0.15269241903987213,0.24136597590365325
0.0,0.0,44.907796919139926,0.0954554678831585,0.21819792591379525,0.9314504817756014,0.9314504817756014,0.5219195340279955,1.1357816691600546,0.0,26.77704240576244,14.430869689661812,hard,0.11348434723772305,0.0937838643566412,0.15143164023340866,0.238754547043261
0.0,0.0,48.38766119047651,0.09490057487165567,0.2166297878029,0.9314504817756014,0.9314504817756014,0.5219195340279955,1.1357816691600546,0.0,32.64848541663151,14.430869689661812,hard,0.11330930182809854,0.09337192046124362,0.15021472481463624,0.23591110455310674
0.0,0.0,44.416774886867984,0.0947064621022967,0.2153209910357252,0.9314504817756014,0.9314504817756014,0.5219195340279955,1.1357816691600546,0.0,26.151290599127226,14.430869689661812,hard,0.11315852938719204,0.09277176804541011,0.15008966490519904,0.23426539823353595
0.0,0.0,46.40700188704545,0.09415456919681703,0.21279810400051272,0.9314504817756014,0.9314504817756014,0.5219195340279955,1.1357816691600546,0.0,28.96528266735887,14.430869689661812,hard,0.11311586298597166,0.09271607849310345,0.14929930689380366,0.2315059296619752
0.0,0.0,46.81318419125034,0.09370838903903371,0.2113311677382395,0.9314504817756014,0.9314504817756014,0.5219195340279955,1.1357816691600546,0.0,29.439864130121254,14.430869689661812,hard,0.11311586298597166,0.09267719763932515,0.14906777579781647,0.22818795039379727
0.0,0.0,44.04772459091743,0.09342502994701742,0.2103659094953853,0.9314504817756014,0.9314504817756014,0.5219195340279955,1.1357816691600546,0.0,25.218532867714572,14.430869689661812,hard,0.11300999911984691,0.0925602095917293,0.14869006490306744,0.22590867663422393
0.0,0.0,44.28041665004171,0.09308020233670677,0.20956852025760414,0.9314504817756014,0.9314504817756014,0.5219195340279955,1.1357816691600546,0.0,25.74999805825235,14.430869689661812,hard,0.11288447876174645,0.09249547254820975,0.1482722150507983,0.22316123798359225
0.0,0.0,44.50929491096245,0.09286827277036004,0.20844604522510515,0.9314504817756014,0.9314504817756014,0.5219195340279955,1.1357816691600546,0.0,26.275189818534137,14.430869689661812,hard,0.11286371987826084,0.09251290154223854,0.1478879630439661,0.2208255974971531
0.0,0.0,44.26140691328555,0.09278248829748079,0.20673038669094684,0.9314504817756014,0.9314504817756014,0.5219195340279955,1.1357816691600546,0.0,25.58580856646903,14.430869689661812,hard,0.11286371987826084,0.09254022840564032,0.1477370319350662,0.2191032813059941
0.0,0.0,40.19179191254686,0.09269555531438026,0.2065391105326694,0.9314504817756014,0.9314504817756014,0.5219195340279955,1.1357816691600546,0.0,16.1946781382033,14.430869689661812,hard,0.11286371987826084,0.09254022840564032,0.14762235235014104,0.21796418972584303
0.0,0.0,46.06783204572655,0.09274155664138599,0.20545260383427685,0.9314504817756014,0.9314504817756014,0.5219195340279955,1.1357816691600546,0.0,27.967044892158338,14.430869689661812,hard,0.11286371987826084,0.09254022840564032,0.14784025915835314,0.2161804419369923
0.0,0.0,41.173562608950434,0.09275329013153365,0.20386833504648977,0.9314504817756014,0.9314504817756014,0.5219195340279955,1.1357816691600546,0.0,18.661446889242004,14.430869689661812,hard,0.11286371987826084,0.09254022840564032,0.1478353077639318,0.21528261930447615
0.0,0.0,40.24806778861469,0.092782171271669,0.2033274528735189,0.9314504817756014,0.9314504817756014,0.5219195340279955,1.1357816691600546,0.0,15.281151789050456,14.430869689661812,hard,0.11286371987826084,0.09250938200031845,0.1478478242529747,0.21469363887689408
0.0,0.0,41.0507462261731,0.09277646429614299,0.20162874701216316,0.9314504817756014,0.9314504817756014,0.5219195340279955,1.1357816691600546,0.0,17.547888761899532,14.430869689661812,hard,0.11286371987826084,0.09247589699448255,0.14781978337316018,0.21416320539226968
0.0,0.0,42.64548707197284,0.09277454801088654,0.25666710409635146,0.9314504817756014,0.9314504817756014,0.530659966456864,1.1357816691600546,0.0,21.191517170792658,14.430869689661812,hard,0.11286371987826084,0.09235441840711418,0.14783661797797937,0.21359954284348856
0.0,0.0,41.59432122866746,0.09283377690479144,0.2962519645137048,0.9442457307290301,0.9442457307290301,0.5744562646538027,1.1560276813294739,0.0,18.53697925768921,14.430869689661812,hard,0.11286371987826084,0.0923102488112336,0.14791400336667324,0.2130937812286532
0.0,0.0,42.870472355486534,0.09294105259962192,0.28913046003831316,0.9442457307290301,0.9442457307290301,0.5744562646538027,1.1560276813294739,0.0,21.57692285753462,14.430869689661812,hard,0.11286371987826084,0.09229824344361452,0.1480269065819171,0.21258763989114438
0.0,0.0,40.202530585742586,0.09306025100529261,0.2823498100883162,0.9314504817756014,0.9314504817756014,0.5744562646538027,1.1745637488020817,0.0,13.890557944157607,14.430869689661812,hard,0.11286371987826084,0.09229648818174291,0.14812662311280408,0.21243658411632235
0.0,0.0,40.70530022553181,0.09322953128825928,0.27800246114211286,0.9734474818910366,0.9734474818910366,0.5744562646538027,1.1745637488020817,0.0,13.823168956501977,14.430869689661812,hard,0.11230723811621465,0.09229648818174291,0.14825656223426115,0.2123010959259386
0.0,0.0,41.8735015152651,0.09341512735016545,0.27609742410265153,0.9797958971132712,0.9797958971132712,0.5744562646538027,1.1655041827466772,0.0,17.65587720845385,14.430869689661812,hard,0.1119299379003062,0.09229601387128074,0.1483882982035212,0.21166849473232882
0.0,0.0,41.15336220645462,0.09360020400229116,0.2749988582917136,0.9911609354691093,0.9911609354691093,0.5744562646538027,1.1461239025515522,0.0,16.976407158171014,14.430869689661812,hard,0.11170205829758112,0.09229601387128074,0.1485833286807079,0.21109535648589636
0.0,0.0,41.036387303744014,0.0936951614578213,0.27315477847120845,0.9911609354691093,0.9911609354691093,0.5744562646538027,1.1461239025515522,0.0,17.05315220127939,14.430869689661812,hard,0.11166619977933252,0.0922491966619029,0.14839529275553412,0.21044829188632447
0.0,0.0,40.25154649564718,0.0938014644040233,0.30554844556115957,1.0057832768544126,1.0057832768544126,0.581033561853358,1.1357816691600546,0.0,15.953231647537748,14.430869689661812,hard,0.11166619977933252,0.09224852831635547,0.14840595952592672,0.20996466686183135
0.0,0.0,40.478693529411245,0.09397763610011829,0.30272609168993836,1.0057832768544126,1.0057832768544126,0.581033561853358,1.1357816691600546,0.0,15.979787232626096,14.430869689661812,hard,0.11166619977933252,0.09225078746887513,0.14843506192443223,0.20972795555169194
0.0,0.0,41.53983901982377,0.09420260750611555,0.30067357198169464,1.0057832768544126,1.0057832768544126,0.581033561853358,1.1357816691600546,0.0,18.225926588242363,14.430869689661812,hard,0.11166619977933252,0.09225340189999029,0.14851062700151535,0.20953436373851655
0.0,0.0,39.802904758734954,0.0944087824230794,0.299840244204529,1.0057832768544126,1.0057832768544126,0.581033561853358,1.1357816691600546,0.0,14.862583893791822,14.430869689661812,hard,0.11165467641472418,0.0922541940392958,0.14852925885983995,0.20933981125611428
0.0,0.0,40.60546763627089,0.09468455981905717,0.2988092363682644,1.0057832768544126,1.0057832768544126,0.581033561853358,1.1357816691600546,0.0,16.97603016019941,14.430869689661812,hard,0.1116389083039801,0.09225504158850699,0.14858229709710766,0.20922607499409532
0.0,0.0,39.736646566447,0.09484118828676179,0.2958217974687701,1.0057832768544126,1.0057832768544126,0.581033561853358,1.1357816691600546,0.0,14.575609764260292,14.430869689661812,hard,0.11161667513241663,0.09224919495545084,0.14860140765554777,0.20904358498556208
0.0,0.0,39.867754257839664,0.09492827249641023,0.3309458451043281,1.0057832768544126,1.0057832768544126,0.5868560300448484,1.1357816691600546,0.0,14.773002403032363,14.430869689661812,hard,0.11159163061867444,0.09225548795549915,0.14862361074551966,0.20882025088522682
0.0,0.0,48.15871497291132,0.09506711068495134,0.32900017142240223,1.0057832768544126,1.0057832768544126,0.5868560300448484,1.1357816691600546,0.0,14.39640232835968,14.430869689661812,hard,0.1115813555307521,0.09225548795549915,0.14857251966660914,0.2088802390755558
0.0,0.0,50.76857010647943,0.09503211900308618,0.32774285396017144,1.0057832768544126,1.0057832768544126,0.5868560300448484,1.1357816691600546,0.0,22.52753870266346,14.430869689661812,hard,0.11158269153144074,0.09225548795549915,0.14782326123228118,0.20785122301934494
0.0,0.0,48.73406189340054,0.09509151990868077,0.32682253246279486,1.0057832768544126,1.0057832768544126,0.5868560300448484,1.1357816691600546,0.0,15.836426364555862,14.430869689661812,hard,0.11161320584333861,0.09225548795549915,0.14776834292548688,0.2073407353714177
0.0,0.0,47.67000959172062,0.09520165095968701,0.32500348936656676,1.0057832768544126,1.0057832768544126,0.5868560300448484,1.1357816691600546,0.0,12.104957662049049,14.430869689661812,hard,0.11170275787100979,0.09225548795549915,0.14770377225692752,0.20723879859553854
0.0,0.0,47.87345587108274,0.0952659158506976,0.32365621680581186,1.0057832768544126,1.0057832768544126,0.5868560300448484,1.1357816691600546,0.0,13.441726079637244,14.430869689661812,hard,0.111788385499602,0.09227048373032438,0.14761479396329838,0.20707255008986136
0.0,0.0,47.56356383849904,0.09542114522395001,0.3219170409649793,1.0057832768544126,1.0057832768544126,0.5868560300448484,1.1357816691600546,0.0,11.854534997206764,14.430869689661812,hard,0.11190765743160001,0.09228339995930601,0.147542354348122,0.20711834620127909
0.0,0.0,48.57290994645752,0.09571618299805504,0.32021721764056443,1.0057832768544126,1.0057832768544126,0.5868560300448484,1.1357816691600546,0.0,15.814234094637655,14.430869689661812,hard,0.11206043603376428,0.09231582968765586,0.1476614307347819,0.20759970298546102
0.0,0.0,49.0309474048962,0.09599578401880114,0.3183354412620366,1.0057832768544126,1.0057832768544126,0.5868560300448484,1.1357816691600546,0.0,18.45301059448024,14.430869689661812,hard,0.11222579233356714,0.09244965705153617,0.14750914158071454,0.20748383729731654
0.0,0.0,47.88327337735851,0.0961507669837814,0.3511749960276856,1.0057832768544126,1.0057832768544126,0.5919459434779497,1.1357816691600546,0.0,12.54948604525301,14.430869689661812,hard,0.11231751492129306,0.092553582180384,0.14739270863805737,0.2074472302558025
0.0,0.0,50.022664484567095,0.09630823510844372,0.34883964497678593,1.0057832768544126,1.0057832768544126,0.5919459434779497,1.1357816691600546,0.0,19.625493624365223,14.430869689661812,hard,0.11236119479289522,0.09260798187282139,0.14738120886255474,0.20719182967387528
0.0,0.0,48.48036377873094,0.0964757388019801,0.34660612733689755,1.0198039027185568,1.0198039027185568,0.5919459434779497,1.1600000000000001,0.0,14.729955872303217,14.430869689661812,hard,0.11236910667387179,0.09273901751022902,0.14738574885469946,0.20714685733230462
0.0,0.0,48.92296652695329,0.09662130488244652,0.34433505000990944,1.0392304845413263,1.0392304845413263,0.5919459434779497,1.1723480711802277,0.0,14.87936826615969,14.430869689661812,hard,0.11237189294610032,0.09273901751022902,0.14732677308103564,0.20732647900167037
0.0,0.0,49.01276696045866,0.09682500797305338,0.3429603229035415,1.0392304845413263,1.0392304845413263,0.5919459434779497,1.1723480711802277,0.0,16.539032619836018,14.430869689661812,hard,0.11237189294610032,0.09273901751022902,0.14717137431387964,0.20763696602362625
0.0,0.0,49.15547923904525,0.09692573277027332,0.34112999549681516,1.0392304845413263,1.0392304845413263,0.5919459434779497,1.1723480711802277,0.0,15.706508205199524,14.430869689661812,hard,0.11237189294610032,0.09273901751022902,0.1469589485437251,0.20771476264892955
0.0,0.0,49.43563610977861,0.09692271601476013,0.33954353645511465,1.0392304845413263,1.0392304845413263,0.5919459434779497,1.16619037896906,0.0,14.078124875138734,14.430869689661812,hard,0.11237189294610032,0.09268895926055508,0.14702943177961245,0.20703874742915723
0.0,0.0,54.48440308929873,0.0969514143076107,0.3306745091394244,1.0712609392673664,1.0712609392673664,0.5919459434779497,1.171153277756588,0.0,12.025788955407458,14.430869689661812,hard,0.11237189294610032,0.09262584395432906,0.14704839733957698,0.20670486129565396
0.0,0.0,55.138769056916416,0.09688635705877037,0.32870075781507524,1.0712609392673664,1.0712609392673664,0.5919459434779497,1.171153277756588,0.0,16.423994641986464,14.430869689661812,hard,0.11237189294610032,0.09237841737799588,0.14672746263685005,0.20609200403407388
0.0,0.0,54.54505664627525,0.0969346274697282,0.32671557321215755,1.0712609392673664,1.0712609392673664,0.5919459434779497,1.171153277756588,0.0,12.235423981211277,14.430869689661812,hard,0.11237189294610032,0.09220580025551658,0.14672573675711809,0.20588757730214768
0.0,0.0,54.12052105009439,0.09697864050794869,0.32535152119229377,1.0712609392673664,1.0712609392673664,0.5919459434779497,1.171153277756588,0.0,12.433760493109073,14.430869689661812,hard,0.11237189294610032,0.0920733467633826,0.14672573675711809,0.20562888370633015
0.0,0.0,54.14531964661456,0.09704237867727156,0.3556800040088399,1.0712609392673664,1.0712609392673664,0.596322060635023,1.171153277756588,0.0,12.909546854944212,14.430869689661812,hard,0.11237189294610032,0.09197859508957254,0.14672573675711809,0.20547708309428378
0.0,0.0,41.780494882422616,0.09709971547264436,0.3526609799517154,1.0712609392673664,1.0712609392673664,0.596322060635023,1.171153277756588,0.0,13.953580185744444,14.430869689661812,hard,0.11237189294610032,0.09192735760722821,0.14672573675711809,0.20528684856694493
