step,timestamp,reward,coverage,cov_trace,altitude,alt_idx,loop_closures,altitude_changes,frontier_count,new_cells,map_seed,difficulty,cov_alt0,cov_alt1,cov_alt2,cov_alt3
0.0,0.0,44.87470091405141,0.010210953759224517,0.03700246790182115,0.0,0.0,0.0,0.0,0.0,44.621290882268305,14.430869689661812,hard,0.03509188415361072,0.016099426190712612,0.0,0.0
0.0,0.0,31.922846346494858,0.011487849804830905,0.054324477338188674,0.0,0.0,0.0,0.0,0.0,31.737202145116697,14.430869689661812,hard,0.03913950541043504,0.01841464538850104,0.0,0.0
0.0,0.0,39.014536373287704,0.011482925090123384,0.06853630488098816,0.0,0.0,0.0,0.0,0.0,38.72053718635629,14.430869689661812,hard,0.03942349599625745,0.019128756611224183,0.0,0.0
0.0,0.0,27.803531340689716,0.01279753315022509,0.08591096284464102,0.0,0.0,0.0,0.0,0.0,27.216619922393008,14.430869689661812,hard,0.04190887383850957,0.02083225560901825,0.0,0.0
0.0,0.0,34.205211637073425,0.013720870815717583,0.10324581976100212,0.0,0.0,0.0,0.0,0.0,34.05363416729557,14.430869689661812,hard,0.04422698166526405,0.021780050914891606,0.0,0.0
0.0,0.0,24.098681524151857,0.014261901470366893,0.11347641664584232,0.0,0.0,0.0,0.0,0.0,23.764519772130885,14.430869689661812,hard,0.045493459086783136,0.023050981014163877,0.0,0.0
0.0,0.0,19.159346515671796,0.014627778897700382,0.12766018095839285,0.0,0.0,0.0,0.0,0.0,18.596784668323714,14.430869689661812,hard,0.046362180498401774,0.023546233236487385,0.0,0.0
0.0,0.0,19.375644395454838,0.014268077425405569,0.1359642202459665,0.0,0.0,0.0,0.0,0.0,19.101214621065335,14.430869689661812,hard,0.04596596474808287,0.02311413377371944,0.0,0.0
0.0,0.0,20.428138370635097,0.014105008031261515,0.1491813369787477,0.0,0.0,0.0,0.0,0.0,20.390438935932696,14.430869689661812,hard,0.04579896228569122,0.022781883857587865,0.0,0.0
0.0,0.0,21.949802867195164,0.014343303733970893,0.162473639305013,0.0,0.0,0.0,0.0,0.0,21.07017797741633,14.430869689661812,hard,0.046755736545499436,0.02275146843506948,0.0,0.0
0.0,0.0,15.94953758636234,0.014125116375183551,0.17181886521936793,0.0,0.0,0.0,0.0,0.0,15.625568789647307,14.430869689661812,hard,0.04643522203857065,0.022415298696367478,0.0,0.0
0.0,0.0,22.61051211375926,0.015153757775931483,0.19004310060401175,0.0,0.0,0.0,0.0,0.0,22.664015531233648,14.430869689661812,hard,0.048756104745517434,0.023725511969771754,0.0,0.0
0.0,0.0,25.27553722151779,0.01608960791645947,0.19532238790435527,0.0,0.0,0.0,0.0,0.0,24.197388288821585,14.430869689661812,hard,0.05054665038469819,0.02614603773516039,0.0,0.0
0.0,0.0,32.88074299894977,0.016456752867671464,0.20109001906754237,0.0,0.0,0.0,0.0,0.0,33.08292611000423,14.430869689661812,hard,0.050952041340500936,0.027312672325040966,0.0,0.0
0.0,0.0,23.33443178458787,0.017078391182465354,0.2156884060432486,0.0,0.0,0.0,0.0,0.0,23.59827112311408,14.430869689661812,hard,0.05193211034371348,0.028897178035735247,0.0,0.0
0.0,0.0,25.394065326596657,0.017660031865906804,0.229279444673694,0.0,0.0,0.0,0.0,0.0,25.148359787469243,14.430869689661812,hard,0.053490297965621846,0.02955717919633275,0.0,0.0
0.0,0.0,17.65345828101377,0.0181705257903658,0.24519151345349696,0.0,0.0,0.0,0.0,0.0,17.515707236649053,14.430869689661812,hard,0.05485935275413586,0.029645830705237127,0.0,0.0
0.0,0.0,18.845512618914757,0.01873695492030373,0.24817421948797774,0.0,0.0,0.0,0.0,0.0,18.30776884276181,14.430869689661812,hard,0.05614159501004032,0.03022337933747642,0.0,0.0
0.0,0.0,15.205872428276278,0.019547622186518704,0.26162852891347693,0.0,0.0,0.0,0.0,0.0,15.36522046701576,14.430869689661812,hard,0.05800788681488544,0.03164520561558549,0.0,0.0
0.0,0.0,16.439978122327098,0.020232840704720215,0.27017825634198367,0.0,0.0,0.0,0.0,0.0,15.776247969653623,14.430869689661812,hard,0.05969447211236793,0.03281103121514717,0.0,0.0
0.0,0.0,101.58770945135464,0.02387980939517035,0.3105670792742486,0.46647615158762407,0.466476151587624,0.0,0.466476151587624,0.0,91.8397648080612,14.430869689661812,hard,0.0609106707828456,0.0370887672928856,0.029132324321091575,0.0
0.0,0.0,83.19149623137844,0.024996295400691534,0.30971749956582495,0.4963869458396342,0.4963869458396342,0.0,0.4963869458396342,0.0,75.9572932640441,14.430869689661812,hard,0.06116934806016011,0.04160840816832907,0.0361077105067382,0.0
0.0,0.0,72.33575992043177,0.027322433489281366,0.31360492378217847,0.4386342439892262,0.4386342439892262,0.0,0.4386342439892262,0.0,65.02307282803542,14.430869689661812,hard,0.05998356092440064,0.04883455955394081,0.03630591056690661,0.0
0.0,0.0,58.364721051054694,0.02823768567274733,0.3171206712315167,0.38418745424597095,0.38418745424597084,0.0,0.38418745424597084,0.0,54.321546369741725,14.430869689661812,hard,0.05972952081342077,0.053429205519677524,0.03610827843780345,0.0
0.0,0.0,38.680474444759604,0.028875612080299033,0.319538295225365,0.3666060555964672,0.3666060555964672,0.0,0.3666060555964672,0.0,37.30117424425134,14.430869689661812,hard,0.05944827787449125,0.05589983711731464,0.03725373851121553,0.0
0.0,0.0,27.16607055271764,0.0300241373123063,0.32659395180517586,0.3666060555964672,0.3666060555964672,0.0,0.3666060555964672,0.0,27.126584746333258,14.430869689661812,hard,0.059386916449130724,0.05946093675072096,0.03994776359396107,0.0
0.0,0.0,33.49301741029184,0.030697933664718707,0.33236910491995714,0.3666060555964672,0.3666060555964672,0.0,0.3666060555964672,0.0,33.27536626394967,14.430869689661812,hard,0.05852570065745382,0.060819635465762446,0.04245814976553768,0.0
0.0,0.0,21.56535053068169,0.030969598443727216,0.33847920325314623,0.3666060555964672,0.3666060555964672,0.0,0.3666060555964672,0.0,20.866135243499215,14.430869689661812,hard,0.05851942004142475,0.061728475004874446,0.043498277792631164,0.0
0.0,0.0,26.27718012592713,0.03131955092024026,0.3442707513212445,0.3666060555964672,0.3666060555964672,0.0,0.3666060555964672,0.0,25.86457809437455,14.430869689661812,hard,0.05870050630600875,0.0626907405849093,0.04462606642057395,0.0
0.0,0.0,29.84049016298517,0.03202231024446689,0.3520414156185279,0.3666060555964672,0.3666060555964672,0.0,0.3666060555964672,0.0,29.0833354345749,14.430869689661812,hard,0.05798467477118846,0.06443236427695923,0.04639572492457049,0.0
0.0,0.0,30.354709398180795,0.03280005679387571,0.3522048226095589,0.3666060555964672,0.3666060555964672,0.0,0.3666060555964672,0.0,29.670921792219396,14.430869689661812,hard,0.05766456051634291,0.06657936838508968,0.04806983791692951,0.0
0.0,0.0,21.9567302111402,0.033351714073130236,0.360039540780857,0.3666060555964672,0.3666060555964672,0.0,0.3666060555964672,0.0,21.19901884522017,14.430869689661812,hard,0.05774923457661145,0.06743288647293157,0.04959721852985228,0.0
0.0,0.0,22.887525873791684,0.03394182844560611,0.3688973549445028,0.3666060555964672,0.3666060555964672,0.0,0.3666060555964672,0.0,22.01807439355222,14.430869689661812,hard,0.05824280303120635,0.06824408709953883,0.050211707405828074,0.0
0.0,0.0,25.130863937992327,0.03471580295018898,0.36947126816940606,0.3666060555964672,0.3666060555964672,0.0,0.3666060555964672,0.0,24.56166932437614,14.430869689661812,hard,0.05833969111674763,0.06963023564148607,0.051239074150148264,0.0
0.0,0.0,19.303136280301946,0.034757968066605305,0.36801808206420267,0.3666060555964672,0.3666060555964672,0.0,0.3666060555964672,0.0,19.214952511000384,14.430869689661812,hard,0.05802129541159359,0.07004136597889833,0.052022586911705776,0.0
0.0,0.0,31.79360199002339,0.03437516775551515,0.3706360325385846,0.3666060555964672,0.3666060555964672,0.0,0.3666060555964672,0.0,31.691443640200426,14.430869689661812,hard,0.057037732316705475,0.06951088700242032,0.052780541033899946,0.0
0.0,0.0,20.050086898439652,0.03456612844032505,0.3729632833024161,0.3666060555964672,0.3666060555964672,0.0,0.3666060555964672,0.0,19.910158211325193,14.430869689661812,hard,0.05661824214862049,0.07057424643535164,0.053710628508729395,0.0
0.0,0.0,16.35665229217798,0.03526904712750306,0.37562850068192993,0.3666060555964672,0.3666060555964672,0.0,0.3666060555964672,0.0,15.958057525902078,14.430869689661812,hard,0.0566437580938497,0.0723292284452801,0.05479337724347608,0.0
0.0,0.0,19.162832894374787,0.035899648789782475,0.3862419376177387,0.3666060555964672,0.3666060555964672,0.0,0.3666060555964672,0.0,18.862332835574716,14.430869689661812,hard,0.05598458665912889,0.07386752564039924,0.05584953356730964,0.0
0.0,0.0,28.888656773214617,0.037199224490708616,0.3956980130374378,0.3666060555964672,0.3666060555964672,0.0,0.3666060555964672,0.0,28.53565488997931,14.430869689661812,hard,0.05636298141062877,0.0759729157884169,0.057184944048950435,0.0
0.0,0.0,21.312637515942452,0.03790983596661157,0.3980649443497581,0.3666060555964672,0.3666060555964672,0.0,0.3666060555964672,0.0,20.143574657939936,14.430869689661812,hard,0.0567663554557427,0.07707465577248293,0.058593014575378216,0.0
0.0,0.0,52.8944698762605,0.0397479064214788,0.42437308161425696,0.5546169849544819,0.554616984954482,0.0,0.5827520913733386,0.0,47.86439177509728,14.430869689661812,hard,0.056292681991510274,0.07784133198989729,0.06048692583491244,0.015522920296799067
0.0,0.0,70.41282050306927,0.042258285612695935,0.4414919481355429,0.7310266752998826,0.7310266752998826,0.0,0.7088018058667741,0.0,64.899802773198,14.430869689661812,hard,0.0560345044039082,0.0781752289141166,0.06586460075603257,0.025784758184130625
0.0,0.0,67.08826815574216,0.044413226890848,0.4498590388415064,0.8569714114251419,0.856971411425142,0.0,0.7525955088890712,0.0,61.01133009531918,14.430869689661812,hard,0.054712884383764156,0.07853534958000333,0.07039820228964043,0.033816026104104065
0.0,0.0,65.5746868812743,0.046381759316592594,0.4478684286675217,0.9591663046625439,0.9591663046625439,0.0,0.7418894796396563,0.0,60.33186885883778,14.430869689661812,hard,0.054081629329705797,0.0790274339654688,0.07574467357168964,0.03851214982951161
0.0,0.0,37.76618089629908,0.047336044476954796,0.44566259347295095,0.9591663046625439,0.9591663046625439,0.0,0.705407683541936,0.0,35.89445082460519,14.430869689661812,hard,0.05378993464380946,0.0787768131136622,0.07739116996404762,0.04203643871238188
0.0,0.0,46.31799571415676,0.047581303501353096,0.44759053580836716,0.9457272334029511,0.9457272334029511,0.0,0.6337191807101943,0.0,43.55704765017941,14.430869689661812,hard,0.05329586933518246,0.07790985926146189,0.07838547252942205,0.04550448479210537
0.0,0.0,52.15275812484704,0.047181770461189036,0.433202422342968,0.9130169768410663,0.9130169768410663,0.0,0.447213595499958,0.13999999999999999,48.11686190931408,14.430869689661812,hard,0.0528473402963626,0.07659070918844052,0.07462369383494974,0.04887241009765984
0.0,0.0,45.02505045826031,0.04666813330812143,0.42910286023263217,0.9035485598461214,0.9035485598461214,0.0,0.3841874542459709,0.13999999999999999,42.0301082558682,14.430869689661812,hard,0.05366826566491617,0.0748398576952772,0.0736404517773715,0.05062368620109387
0.0,0.0,28.58390128777358,0.04769067901350375,0.43098574167468584,0.9035485598461214,0.9035485598461214,0.0,0.3841874542459709,0.13999999999999999,28.094099024528262,14.430869689661812,hard,0.05424540937177062,0.07408128994053641,0.07576168969373714,0.05379379111990556
0.0,0.0,27.58724349641657,0.049020180616945415,0.4321198420406649,0.9035485598461214,0.9035485598461214,0.0,0.3841874542459709,0.13999999999999999,27.79352442566433,14.430869689661812,hard,0.0534663297503524,0.07449559293451725,0.07856641297189487,0.05688698992494841
0.0,0.0,23.20646707036853,0.04991103649621421,0.43388499300287553,0.9035485598461214,0.9035485598461214,0.0,0.3841874542459709,0.13999999999999999,22.792182870449246,14.430869689661812,hard,0.053507928953680846,0.07478256969175709,0.08048314905898843,0.060365191673081374
0.0,0.0,19.65567421862724,0.05066237210337267,0.43450443038960085,0.9035485598461214,0.9035485598461214,0.0,0.3841874542459709,0.13999999999999999,18.94105593677396,14.430869689661812,hard,0.053448189436828275,0.07465538620856726,0.08162822560870683,0.06309597803711849
0.0,0.0,13.33568185780935,0.050943989284207264,0.43374443116792044,0.9035485598461214,0.9035485598461214,0.0,0.3841874542459709,0.13999999999999999,12.722594075109054,14.430869689661812,hard,0.05359329359942385,0.07468823376368362,0.08248213042737802,0.06440442448314855
0.0,0.0,19.81989048008769,0.051284140784309866,0.4321918586600144,0.9035485598461214,0.9035485598461214,0.0,0.3841874542459709,0.13999999999999999,19.020578329798493,14.430869689661812,hard,0.05344437841729312,0.07461310107053314,0.08315398440448911,0.06658759776319421
0.0,0.0,22.440343462014845,0.05134686513567619,0.4306615673460691,0.9035485598461214,0.9035485598461214,0.0,0.3841874542459709,0.13999999999999999,21.76850017800951,14.430869689661812,hard,0.053327576071991754,0.07457644193872356,0.0832168554007755,0.06850909654302825
0.0,0.0,22.795404132582505,0.051887391082327,0.4208534839756861,0.9035485598461214,0.9035485598461214,0.0,0.3841874542459709,0.0,22.251193226431702,14.430869689661812,hard,0.0532652185867869,0.07495445502385784,0.08433126398190945,0.07027165249136415
0.0,0.0,23.67208971210232,0.0533325179250787,0.41417264352288075,0.9035485598461214,0.9035485598461214,0.0,0.3841874542459709,0.0,23.281142583644815,14.430869689661812,hard,0.05370769633075441,0.0760120995544645,0.08702069922570725,0.07197944421824432
0.0,0.0,20.977432381996625,0.053563055473605806,0.39952313868283923,0.9035485598461214,0.9035485598461214,0.0,0.3841874542459709,0.0,20.48649311131605,14.430869689661812,hard,0.05450813701152795,0.07613781484404268,0.08827678170063648,0.07278216967020487
0.0,0.0,20.28099774160947,0.05428958721540714,0.38695399141875264,0.9035485598461214,0.9035485598461214,0.0,0.3841874542459709,0.0,20.470359058892935,14.430869689661812,hard,0.055428260032012,0.07660134316894751,0.0897403586335847,0.07395326583405476
0.0,0.0,15.030709884645294,0.0545613190057366,0.5358469362042123,0.9035485598461214,0.9035485598461214,0.3469870314579494,0.3841874542459709,0.0,13.988052044512845,14.430869689661812,hard,0.05586933971716857,0.07639250392640556,0.09045497851223372,0.07505450458592072
0.0,0.0,11.82453144338796,0.055214454102576374,0.5106353562864054,0.9035485598461214,0.9035485598461214,0.3469870314579494,0.3841874542459709,0.0,11.2800886521339,14.430869689661812,hard,0.056391982980934265,0.07676221630442767,0.09188609412074418,0.07614912978776198
0.0,0.0,30.652600115059396,0.056687779663353026,0.4955133820780094,0.9797958971132712,0.9797958971132712,0.3469870314579494,0.5230678732248808,0.0,26.14540877477344,14.430869689661812,hard,0.0570334387437556,0.07699864993951082,0.09276527742169102,0.08125511050579501
0.0,0.0,29.847446020390365,0.05740172085783259,0.46538801940031915,0.9967948635501689,0.9967948635501689,0.3469870314579494,0.63118935352238,0.0,27.60828861048798,14.430869689661812,hard,0.057124096987111975,0.07695884940065324,0.09233399437453181,0.08582753197246515
0.0,0.0,26.979576171804684,0.05800537627337032,0.4360638254547178,1.0583005244258363,1.0583005244258363,0.3469870314579494,0.7211102550927979,0.0,22.914624151401654,14.430869689661812,hard,0.05696228033824824,0.07658669859747705,0.09212554386400021,0.09008036007442757
0.0,0.0,43.26748646861497,0.06037108804204692,0.4164425981913603,1.000199980003999,1.000199980003999,0.3469870314579494,0.7644605941446557,0.0,40.233563103458785,14.430869689661812,hard,0.058704619985474236,0.07768237612154213,0.09172650153356143,0.09362515750139253
0.0,0.0,42.14884153334853,0.06183786123759525,0.3730026724412419,1.0111379727811631,1.0111379727811631,0.3469870314579494,0.72773621594641,0.0,41.931105399214076,14.430869689661812,hard,0.05913346787355186,0.08085683606735422,0.09209668197888507,0.09770914765082057
0.0,0.0,41.78661784614988,0.06257553628445976,0.3615638002556151,0.9848857801796105,0.9848857801796105,0.3469870314579494,0.6954135460285484,0.0,39.35030368370745,14.430869689661812,hard,0.060379371959320506,0.08307788270818874,0.09082985622462286,0.10084720870991343
0.0,0.0,57.59597555478729,0.06313555633162253,0.33246727817299954,0.977547952787995,0.977547952787995,0.3469870314579494,0.5868560300448484,0.0,53.94999165894282,14.430869689661812,hard,0.060948046930996605,0.08510678969755037,0.08968097147738584,0.10091957654842208
0.0,0.0,35.92241239318236,0.06302938406635337,0.31364853594309555,0.9797958971132712,0.9797958971132712,0.3469870314579494,0.5455272678794342,0.0,34.09553636475015,14.430869689661812,hard,0.06124765369667123,0.08643703097892838,0.0882287034864909,0.10200875505533101
0.0,0.0,17.11049220225171,0.06329143306613219,0.28663415700966605,0.9977975746613138,0.9977975746613138,0.3469870314579494,0.5,0.0,16.801190434013893,14.430869689661812,hard,0.0615335325890663,0.08695479044100252,0.08836460049192502,0.10309842086586206
0.0,0.0,26.985362145346006,0.06403151267242664,0.2703554869897246,0.9977975746613138,0.9977975746613138,0.3469870314579494,0.5,0.0,26.603638848849233,14.430869689661812,hard,0.06270565710435765,0.08727927972305838,0.08876404539910654,0.10436114302416256
0.0,0.0,29.332372912536538,0.06403255773199422,0.25091826809333506,1.0,1.0,0.3469870314579494,0.44899888641287294,0.0,26.67583925577601,14.430869689661812,hard,0.06311673706467741,0.08757153122567071,0.08872330155821269,0.10403340956415615
0.0,0.0,13.739209687020544,0.06446194257087692,0.2370380567653694,1.0,1.0,0.3469870314579494,0.44899888641287294,0.0,13.21104083711802,14.430869689661812,hard,0.06328207578674704,0.08729104935412088,0.08924301083569482,0.10590157744821124
0.0,0.0,16.026163881808614,0.0647765648614542,0.22654554315484887,1.0,1.0,0.3469870314579494,0.44899888641287294,0.0,14.82101211118863,14.430869689661812,hard,0.06333818970608843,0.08708384383262985,0.08990457194088969,0.10730734143607937
0.0,0.0,17.875951019240443,0.0648410080998586,0.2081492475082319,1.0,1.0,0.3469870314579494,0.44899888641287294,0.0,17.596545115448087,14.430869689661812,hard,0.06359535159683595,0.08685819270419834,0.08956280178892984,0.10922433936930123
0.0,0.0,20.579462011214545,0.06461854226196065,0.1852056585186479,1.0,1.0,0.3469870314579494,0.44899888641287294,0.0,20.88287336551175,14.430869689661812,hard,0.06404675415584292,0.08652039246835477,0.0889976185356105,0.11038590720175613
0.0,0.0,15.333090297356636,0.06443305364670877,0.1666535424710561,1.0,1.0,0.3469870314579494,0.44899888641287294,0.0,14.152611066513488,14.430869689661812,hard,0.06437503880532013,0.08647860408692082,0.08884648538551851,0.11095146159230031
0.0,0.0,8.948171905866282,0.06471855516284963,0.21393227010819976,1.0,1.0,0.36660605559646714,0.44899888641287294,0.0,9.086253353280437,14.430869689661812,hard,0.06469061055029768,0.08692173116406804,0.08904519761047378,0.11187530435707962
0.0,0.0,16.56055723791936,0.0648146140658922,0.35020189498508236,1.0,1.0,0.42708313008125254,0.44899888641287294,0.0,14.246627671136773,14.430869689661812,hard,0.06487828844564236,0.0870903619646273,0.08918964670213193,0.11307714515681284
0.0,0.0,12.31253289035905,0.06493608140932187,0.36040838161329986,1.0,1.0,0.4386342439892262,0.44899888641287294,0.0,11.565828980233109,14.430869689661812,hard,0.06498745686084649,0.08711968378284134,0.08940550722545883,0.11355933515003115
0.0,0.0,17.238012081152338,0.06545550325962547,0.38836636777930933,1.0,1.0,0.448998886412873,0.44899888641287294,0.0,17.57963594617363,14.430869689661812,hard,0.06552969082122427,0.0876079412303904,0.0897583952772808,0.1152775910077812
0.0,0.0,14.055124312069623,0.06555635341210378,0.4172795792450856,1.0,1.0,0.466476151587624,0.44899888641287294,0.0,13.11867371345137,14.430869689661812,hard,0.06582252257093019,0.08823847701610044,0.08952504439931164,0.11596483710123262
0.0,0.0,35.89238843476673,0.0661704609384914,0.3929369160660521,1.0031948963187562,1.0031948963187562,0.466476151587624,0.5122499389946279,0.0,33.205445336570925,14.430869689661812,hard,0.066763850608296,0.08987425851447162,0.08995620689369019,0.11628175350689061
0.0,0.0,35.149884266171874,0.06603597802170197,0.4105129664175255,1.0215674231297707,1.0215674231297707,0.52,0.632771680782255,0.0,33.04073243740218,14.430869689661812,hard,0.0675430022748629,0.0909697435413909,0.09004013313998131,0.11638635774961897
0.0,0.0,41.66007563406956,0.06735360069598167,0.382647177196509,0.9509994742374992,0.9509994742374992,0.52,0.7345747068882783,0.0,40.86074399714229,14.430869689661812,hard,0.06797596415699295,0.09238959261902842,0.09214568730156082,0.11772609707012538
0.0,0.0,43.7905055613202,0.06755974424728636,0.35271661210542543,0.9921693403849969,0.9921693403849969,0.52,0.7851114570556209,0.0,39.59111516489527,14.430869689661812,hard,0.06863850332173058,0.09241746410769186,0.09339380039134958,0.11706517094960243
0.0,0.0,25.433445411154032,0.0673451707835253,0.3928432972687141,1.044796630928718,1.044796630928718,0.565685424949238,0.8674099376880576,0.0,25.870052183944278,14.430869689661812,hard,0.06996304193318405,0.09182342651589082,0.09385756242387336,0.11752481801650302
0.0,0.0,50.50975022395894,0.06651381792169889,0.35864135485155507,1.0476640682967036,1.0476640682967036,0.565685424949238,0.8662563131083088,0.0,45.37920669205226,14.430869689661812,hard,0.07191282204431126,0.09146698635390142,0.09303043933016365,0.1142601637197984
0.0,0.0,28.655908955172436,0.06595219372996589,0.32684084586787676,1.0121264743103997,1.0121264743103997,0.565685424949238,0.7549834435270749,0.0,26.65654891391607,14.430869689661812,hard,0.07262683038575624,0.09077334508470868,0.09320631354993612,0.11405002242517571
0.0,0.0,28.78621488113283,0.06550648571349071,0.3472015150666503,1.0176443386566842,1.0176443386566842,0.6029925372672534,0.6660330322138686,0.0,27.516722188516564,14.430869689661812,hard,0.07411915749145076,0.09027902839679681,0.09215861360381637,0.11443474356081648
0.0,0.0,20.76453896824627,0.06528599254995775,0.3515199268236117,1.0215674231297707,1.0215674231297707,0.6053098380168623,0.596322060635023,0.0,20.599029103333976,14.430869689661812,hard,0.07451284945066503,0.09015255787785216,0.09180634731133193,0.11477009857251075
0.0,0.0,20.884272499666135,0.06471444707987213,0.32631502234619464,1.0031948963187562,1.0031948963187562,0.6053098380168623,0.5571355310873648,0.0,20.9839557757826,14.430869689661812,hard,0.07444588695448749,0.09050502415084828,0.0907395595251184,0.11506851770521768
0.0,0.0,28.90887537805268,0.06450543003325733,0.3702635527390891,0.9830564581955605,0.9830564581955605,0.6079473661428265,0.46647615158762407,0.0,29.404632288127665,14.430869689661812,hard,0.07512693465081954,0.0912177565307212,0.08987391763954002,0.11493645691997399
0.0,0.0,19.45505522878763,0.06435025785377735,0.3520184219620897,0.9830564581955605,0.9830564581955605,0.6079473661428265,0.46647615158762407,0.0,18.849095469013893,14.430869689661812,hard,0.0753244401224223,0.0912481313689431,0.08951763706919616,0.11535862231330755
0.0,0.0,13.000361292118905,0.06409515289408764,0.3905773435840625,0.9830564581955605,0.9830564581955605,0.64,0.46647615158762407,0.0,11.373724104267696,14.430869689661812,hard,0.07556076342369218,0.0912700557538727,0.08918002961726343,0.1152294599442018
0.0,0.0,23.349180000672085,0.06340344166958138,0.36763838351103806,0.9830564581955605,0.9830564581955605,0.64,0.46647615158762407,0.0,23.5385301155361,14.430869689661812,hard,0.07570845904713286,0.09120830155754969,0.08829490756544596,0.11531979668783011
0.0,0.0,30.91618921545589,0.06290566969706522,0.34549482504696977,0.9830564581955605,0.9830564581955605,0.64,0.46647615158762407,0.27999999999999997,30.96937842450184,14.430869689661812,hard,0.075956950626879,0.09064848362058324,0.08827680522223795,0.11496310625678316
0.0,0.0,13.03674965092811,0.06280625481864589,0.32158471082850365,0.9830564581955605,0.9830564581955605,0.64,0.46647615158762407,0.13999999999999999,12.432618388738552,14.430869689661812,hard,0.07603223260038496,0.09073546391499342,0.08835075679214918,0.11523989733834779
0.0,0.0,16.08476507152651,0.06274160497417972,0.4376036418580098,0.9830564581955605,0.9830564581955605,0.66,0.46647615158762407,0.0,14.62704344698545,14.430869689661812,hard,0.07609058472419064,0.09096342868332688,0.08831571926292477,0.11557475470607656
0.0,0.0,23.80642111273177,0.06241154504415764,0.44178350010618583,0.9830564581955605,0.9830564581955605,0.6514598989960932,0.46647615158762407,0.5599999999999999,23.9212374261868,14.430869689661812,hard,0.07637401592559254,0.09113088041341884,0.08793252215004486,0.11625557091280704
0.0,0.0,28.97269355793051,0.06259634715643451,0.4963846456217086,0.9830564581955605,0.9830564581955605,0.6575712889109439,0.46647615158762407,0.5599999999999999,28.22838287964792,14.430869689661812,hard,0.07675392426111356,0.09246907918285653,0.08845206082638783,0.11650333231168349
0.0,0.0,20.998246098251503,0.06254151464294998,0.47393580535367896,0.9830564581955605,0.9830564581955605,0.6575712889109439,0.46647615158762407,0.5599999999999999,20.8974256787768,14.430869689661812,hard,0.0768917220324937,0.09321617368470977,0.08855131132805663,0.11658971963385939
0.0,0.0,16.12341249150569,0.06267318451792718,0.4537818514499909,0.9830564581955605,0.9830564581955605,0.6575712889109439,0.46647615158762407,0.8400000000000001,15.533911291107593,14.430869689661812,hard,0.07716399673019193,0.09401830559480917,0.08874995999663507,0.11677444837553576
0.0,0.0,21.536669951310188,0.06265171040944173,0.43150100775556577,0.9830564581955605,0.9830564581955605,0.6575712889109439,0.46647615158762407,0.8400000000000001,21.247832830667694,14.430869689661812,hard,0.07755667098369257,0.0946258253859527,0.08864946847650511,0.11701597820274251
0.0,0.0,27.49829703417861,0.06263243562880096,0.42161839300665216,1.0438390680559912,1.0438390680559912,0.6499230723708769,0.6324555320336759,0.8400000000000001,24.42642012248213,14.430869689661812,hard,0.07782382620588862,0.09526640080579078,0.08845263189540943,0.11816547352568307
0.0,0.0,24.007737060385022,0.06306927367625272,0.41616484723593733,1.0432641084595982,1.0432641084595982,0.6720119046564577,0.7592101158440923,0.8400000000000001,24.011239035085215,14.430869689661812,hard,0.07826152328459067,0.09563815213449554,0.08779069498812958,0.12051690826265382
0.0,0.0,24.114102649545284,0.06333840822741298,0.41385282129461226,1.019803902718557,1.019803902718557,0.692820323027551,0.8,0.8400000000000001,21.79673370025885,14.430869689661812,hard,0.07845810798530886,0.09622838651741795,0.08780390559390545,0.12249182733858212
0.0,0.0,26.816571866149474,0.06326772278309704,0.43325068660369387,1.0215674231297707,1.0215674231297707,0.7310266752998826,0.8487638069569178,0.0,26.6210518199413,14.430869689661812,hard,0.07899533073095993,0.09714369866602433,0.08739939585492149,0.12460109782086272
0.0,0.0,25.816703624489623,0.06390230880416761,0.4365661346637712,1.0423051376636308,1.0423051376636308,0.748598690888516,0.8616263691415206,0.0,25.30407872260913,14.430869689661812,hard,0.0794614145506769,0.09851910521668693,0.08807070950527562,0.12559526793947895
0.0,0.0,41.35741663320939,0.06428523023735759,0.4350744528832104,1.043264108459598,1.043264108459598,0.7652450587883597,0.7717512552629895,0.0,38.36086026146964,14.430869689661812,hard,0.08006626307751694,0.09910255782311297,0.08867415169785864,0.12654099973364188
0.0,0.0,30.045610682614797,0.06557946310363967,0.444271183862141,1.061319932913728,1.061319932913728,0.7810249675906655,0.699714227381436,0.0,27.91178245830961,14.430869689661812,hard,0.08088517045907218,0.10036425973279116,0.0893041742586236,0.1298098433081662
0.0,0.0,23.35826392103006,0.06634311808748002,0.4259096583992519,1.043264108459598,1.043264108459598,0.7810249675906655,0.6696267617113283,0.0,22.043783704255492,14.430869689661812,hard,0.08153967635578874,0.10040400338908864,0.08956706972827863,0.13235750865232584
0.0,0.0,19.39844769433005,0.06711381119809084,0.40730806719629165,1.0628264204469138,1.0628264204469138,0.7810249675906655,0.6374950980203691,0.0,18.90355522117467,14.430869689661812,hard,0.0821752378754716,0.10062412313899646,0.09009679893350524,0.13435790209618698
0.0,0.0,12.880471481029897,0.06730201081936406,0.4130509158140611,1.0438390680559912,1.0438390680559912,0.7959899496852959,0.565685424949238,0.0,12.513688504993244,14.430869689661812,hard,0.08285547258572683,0.10071448939079451,0.09036909681361562,0.1356118770881955
0.0,0.0,32.22509732532333,0.06721805691981075,0.3963223709164861,1.0438390680559912,1.0438390680559912,0.7959899496852959,0.565685424949238,0.0,30.19414512782238,14.430869689661812,hard,0.08337117568688548,0.10075745196356677,0.09045364203247834,0.137324962687167
0.0,0.0,45.1109624803348,0.06737592933079431,0.3741824161405046,1.0423051376636308,1.0423051376636308,0.7959899496852959,0.48,0.0,40.9534418577975,14.430869689661812,hard,0.08420200614462654,0.10095303687876701,0.0904404737882856,0.13544146247869507
0.0,0.0,20.621169842459732,0.06804904448930758,0.3523618156207573,1.0423051376636308,1.0423051376636308,0.7959899496852959,0.48,0.0,20.170037183902263,14.430869689661812,hard,0.08472173961295151,0.10093156158418139,0.09234937421232138,0.13607006631210772
0.0,0.0,22.32626019974964,0.06842079609956243,0.3277757928485078,1.0423051376636308,1.0423051376636308,0.7959899496852959,0.48,0.0,21.049703085791972,14.430869689661812,hard,0.08496340516540393,0.1008294375441914,0.09328124980176399,0.13661606221627848
0.0,0.0,15.539498983684926,0.0686393651511972,0.3670261830432246,1.0423051376636308,1.0423051376636308,0.8345058418010026,0.48,0.0,15.164643088447548,14.430869689661812,hard,0.08559484760168606,0.10085897935284165,0.09390327973553399,0.13766139954473425
0.0,0.0,18.200499299090605,0.069056868151155,0.38655201113077087,1.0423051376636308,1.0423051376636308,0.8475848040166836,0.48,0.0,17.70225974275601,14.430869689661812,hard,0.0858647380786748,0.10073684827843116,0.09511284703232752,0.13845327995391357
0.0,0.0,15.4364702846555,0.06919722702997548,0.3983952337398574,1.0423051376636308,1.0423051376636308,0.8364209466530593,0.48,0.0,14.89638882414124,14.430869689661812,hard,0.08648439191838621,0.1005002713108354,0.09572670343862429,0.1394219575510439
0.0,0.0,16.20657239421307,0.06968262063614604,0.42126799467021864,1.0423051376636308,1.0423051376636308,0.8364209466530593,0.48,0.0,15.356418853365518,14.430869689661812,hard,0.0870431069819889,0.10060966660359925,0.09710361868614684,0.14069384396624435
0.0,0.0,14.403791824306253,0.07013741859027596,0.42149208399078836,1.0423051376636308,1.0423051376636308,0.8475848040166836,0.48,0.0,13.773031619799614,14.430869689661812,hard,0.08751661789619619,0.10102569354642417,0.09779563963017365,0.1411323767784205
0.0,0.0,13.807890837898752,0.0704707779689269,0.41717967805274747,1.0423051376636308,1.0423051376636308,0.8581375181169975,0.48,0.0,13.207285868035115,14.430869689661812,hard,0.08839370242378729,0.1012502683537588,0.0987582078177009,0.1416425917401004
0.0,0.0,14.03011096095587,0.07104661250306028,0.45949902837303547,1.0423051376636308,1.0423051376636308,0.8774964387392122,0.48,0.0,13.413426109685773,14.430869689661812,hard,0.08908853559097456,0.10195023523731014,0.1000436774108567,0.14277283853654277
0.0,0.0,15.793063722825261,0.07130257613400516,0.528341049959703,1.024499877989256,1.024499877989256,0.9243376006633074,0.6013318551349164,0.0,15.058884420832774,14.430869689661812,hard,0.090094632775214,0.10295007937454924,0.10019136031998595,0.14357718107915426
0.0,0.0,28.30211502295132,0.07164452100237192,0.5123923766173247,1.0244998779892558,1.0244998779892558,0.9097252332435327,0.6928203230275509,0.0,28.479634829119558,14.430869689661812,hard,0.090179546940335,0.10263838105171223,0.10093219997240632,0.1436249289783276
0.0,0.0,37.31400909003481,0.07259594163512928,0.48871587543642,0.964157663455516,0.964157663455516,0.9097252332435327,0.7959899496852959,0.0,35.909330263874324,14.430869689661812,hard,0.09006579031307878,0.10291195715112673,0.10293098193940871,0.14327905978926764
0.0,0.0,22.635139003541994,0.07307512171892622,0.4954873170738068,1.0047885349664376,1.0047885349664376,0.938083151964686,0.8708616422830897,0.0,22.114465853825184,14.430869689661812,hard,0.09064751994391448,0.103173324464346,0.10458980519726976,0.1432122266251679
0.0,0.0,29.76928703849565,0.07326535292541968,0.463171690140628,1.0244998779892558,1.0244998779892558,0.938083151964686,0.8799999999999999,0.0,26.690230422384893,14.430869689661812,hard,0.09059313190655066,0.10303302993567759,0.105426823701319,0.14346558851046487
0.0,0.0,25.4094453469696,0.07371805276574142,0.437192162820123,1.0215674231297707,1.0215674231297707,0.938083151964686,0.8316249154516717,0.0,25.34975345047758,14.430869689661812,hard,0.09068864877338828,0.10349517025401724,0.10606870610007686,0.14372447773195252
0.0,0.0,36.411498964402995,0.0736599650944587,0.407040549272153,0.964157663455516,0.964157663455516,0.938083151964686,0.7939773296511684,0.0,33.99087524615982,14.430869689661812,hard,0.09173626834010165,0.10378203207790104,0.10625514466816326,0.1426234074225742
0.0,0.0,22.82361683311144,0.07408717812882412,0.37698385293945597,0.9635351576356723,0.9635351576356723,0.938083151964686,0.7507329751649384,0.0,20.126837804285103,14.430869689661812,hard,0.09201024495010608,0.10432447008267158,0.10650321313405899,0.1424109269284309
0.0,0.0,15.269737199733234,0.07413903564837751,0.3462733210326452,0.9431860898041277,0.9431860898041277,0.938083151964686,0.7255342858886822,0.0,14.89565037183674,14.430869689661812,hard,0.0923681362785402,0.10443995396641258,0.10694960776338043,0.14264336308127465
0.0,0.0,38.92813137118686,0.07427590070403502,0.31880105518137514,0.9425497334358542,0.9425497334358542,0.938083151964686,0.6708203932499369,0.0,38.12654718172103,14.430869689661812,hard,0.0926847590423359,0.10431948179314625,0.10716663332520572,0.14274384018145828
0.0,0.0,18.940252531034368,0.074344321113307,0.29549407685637885,0.9425497334358542,0.9425497334358542,0.938083151964686,0.6708203932499369,0.0,18.280962775521424,14.430869689661812,hard,0.09257850508735835,0.10456921074141616,0.1076226820140615,0.1430457463755885
0.0,0.0,23.21676013928345,0.0744212320909499,0.30383109869889985,0.9431860898041277,0.9431860898041277,0.9228217596047461,0.5713142742834281,0.0,21.149647751203805,14.430869689661812,hard,0.09377952222790174,0.10485900224194367,0.10741149163398525,0.14316810122270007
0.0,0.0,20.700013196689994,0.07462887902037894,0.28965924409495963,0.9431860898041277,0.9431860898041277,0.9228217596047461,0.5713142742834281,0.0,20.479257799051215,14.430869689661812,hard,0.09441843626337176,0.10485182906432092,0.10776100039271276,0.14367693910780546
0.0,0.0,11.466886080892694,0.07486113396953978,0.39413623939813813,0.9431860898041277,0.9431860898041277,0.9433981132056604,0.5713142742834281,0.0,10.451583612065685,14.430869689661812,hard,0.09457867236513331,0.10493922707565718,0.10835933913328366,0.14413365416439525
0.0,0.0,13.546508804382752,0.07477182444141404,0.417123120414496,0.9219544457292888,0.9219544457292888,0.9887365675446621,0.5325410782277739,0.0,12.218608758774462,14.430869689661812,hard,0.09469389455772756,0.10487446509670938,0.10868116618626082,0.1440837558638049
0.0,0.0,17.689520791159694,0.07443563239198026,0.4156671325377901,0.9219544457292888,0.9219544457292888,1.0121264743103997,0.5325410782277739,0.0,17.48878497780792,14.430869689661812,hard,0.09475292099355873,0.10454285357551722,0.10863566430662304,0.14428347131836206
0.0,0.0,19.88949550753558,0.07388741603789055,0.4118059923853396,0.9219544457292888,0.9219544457292888,0.9951884243699782,0.5325410782277739,0.0,19.305377489186785,14.430869689661812,hard,0.09524448847843144,0.10436623500430395,0.1084480127325452,0.14429058452297447
0.0,0.0,15.668351072998513,0.07404034468666869,0.4748409358596774,0.9219544457292888,0.9219544457292888,1.019803902718557,0.5325410782277739,0.0,14.16903666450193,14.430869689661812,hard,0.09529609375333929,0.10460388802753484,0.1090831269678916,0.14464607813105074
0.0,0.0,13.534254668660898,0.07425126874448507,0.46363639187161176,0.9219544457292888,0.9219544457292888,1.0409610943738485,0.5325410782277739,0.0,12.68493594780833,14.430869689661812,hard,0.09530320100720954,0.10496151756402222,0.10939534584841441,0.14479798217370368
0.0,0.0,18.499237089337175,0.07436533586688605,0.4463432959798011,0.9219544457292888,0.9219544457292888,1.0423051376636308,0.5325410782277739,0.0,18.12764739286375,14.430869689661812,hard,0.09596685216661327,0.10563972500408797,0.10956964840551965,0.14480432462431522
0.0,0.0,13.256394530966038,0.074415636795634,0.4184124147599834,0.9219544457292888,0.9219544457292888,1.0423051376636308,0.5325410782277739,0.0,13.544238627549353,14.430869689661812,hard,0.09639514661909988,0.10606681925395929,0.10951921727681804,0.14479109104939908
0.0,0.0,13.290169862313384,0.07445090869579611,0.4165951822939901,0.9219544457292888,0.9219544457292888,1.043264108459598,0.5325410782277739,0.0,12.67602461341883,14.430869689661812,hard,0.09672943112382829,0.10647167951584842,0.10953620083417125,0.1446778364832966
0.0,0.0,24.388293731614095,0.07423788733397847,0.38202663002797943,0.9431860898041277,0.9431860898041277,1.043264108459598,0.6248199740725323,0.0,23.760984828074783,14.430869689661812,hard,0.09732852443474163,0.10698091032649977,0.10933511489896343,0.1443085789159011
0.0,0.0,29.76917913696459,0.07455705383219874,0.35164671760713667,1.0630145812734648,1.063014581273465,1.043264108459598,0.8487638069569178,0.0,25.15723355220124,14.430869689661812,hard,0.09777508238632762,0.10723302257184031,0.10957021689343929,0.14509838756756033
0.0,0.0,19.759036288138148,0.07443580419728875,0.43712999740937103,1.04,1.04,1.0992724866929036,0.9156418513807678,0.0,19.160260958556908,14.430869689661812,hard,0.09712976522403494,0.1066906771034715,0.10974818036777224,0.14602196800661504
0.0,0.0,31.122497968538273,0.07456629151677213,0.4075387400222703,1.0537551897855593,1.0537551897855593,1.0992724866929036,0.9156418513807678,0.0,26.348290267112212,14.430869689661812,hard,0.0967687040371232,0.1061930781225509,0.11049155834708634,0.14649143043414364
0.0,0.0,22.333902318241407,0.07467105853946238,0.48722084455805237,1.050904372433572,1.050904372433572,1.148912529307606,0.9,0.0,21.131407903876166,14.430869689661812,hard,0.09641223881493394,0.10558730777707827,0.11083992900211243,0.14750666709078047
0.0,0.0,33.54966529736046,0.07472372035318882,0.5261174611062965,1.0562196741208714,1.0562196741208714,1.179152237838694,0.9097252332435328,0.0,34.216516479618434,14.430869689661812,hard,0.09659930484378698,0.10553511674261327,0.11071801161604178,0.14849181499804653
0.0,0.0,26.79524840998173,0.07515339944755241,0.498024936377721,1.0215674231297707,1.0215674231297707,1.179152237838694,0.8544003745317531,0.0,24.28879577088992,14.430869689661812,hard,0.09619661644534017,0.10531467114356537,0.11128979399775955,0.14835428685428098
0.0,0.0,20.602378660781486,0.07586578228566193,0.49560528054050973,1.0409610943738485,1.0409610943738485,1.156546583584077,0.8151073548925932,0.0,20.51271800615413,14.430869689661812,hard,0.09673701444510774,0.10555452526572781,0.11154172553018661,0.14878862574853277
0.0,0.0,24.9206209983153,0.07633223008937318,0.4677034951096319,1.06,1.06,1.156546583584077,0.7507329751649384,0.0,22.122350688839557,14.430869689661812,hard,0.09739285768344749,0.1058571655223458,0.11172806107183979,0.14860158463102033
0.0,0.0,29.438503850661295,0.07716567771546806,0.4545615188311514,1.0215674231297707,1.0215674231297707,1.156546583584077,0.6696267617113282,0.0,29.419999999999998,14.430869689661812,hard,0.09756855550009669,0.10793751414227308,0.11179406164418408,0.14945647913738377
0.0,0.0,22.332502702700797,0.07800631755068808,0.43749736733416106,1.0239140588936164,1.0239140588936164,1.156546583584077,0.6082762530298219,0.0,22.885139282949538,14.430869689661812,hard,0.0977940819886182,0.10903110020699841,0.1127511706715047,0.14901139866887697
0.0,0.0,21.67961020772068,0.07807102073183544,0.47525902332352826,1.0229369482035537,1.0229369482035537,1.1629273408085306,0.5741080037762929,0.0,19.275891678467172,14.430869689661812,hard,0.09814030135820748,0.10954924291557214,0.11300179616820243,0.1483919605027477
0.0,0.0,18.723150663000833,0.07813135938276992,0.5327770566259405,1.0229369482035537,1.0229369482035537,1.1661903789690602,0.5741080037762929,0.0,17.435595774162696,14.430869689661812,hard,0.0988704350156717,0.10982351490983992,0.1133237724517488,0.14753345339449972
0.0,0.0,26.24485495585844,0.07840292813129165,0.5091324530074478,1.0229369482035537,1.0229369482035537,1.1661903789690602,0.5741080037762929,0.0,25.969797842878947,14.430869689661812,hard,0.09949902535514074,0.11027438712757891,0.11334218062536199,0.147746276909106
0.0,0.0,17.88218530951898,0.07904164961347232,0.49695588828761206,1.043264108459598,1.043264108459598,1.1435033887138244,0.5370288632839021,0.0,17.004893413367814,14.430869689661812,hard,0.10000380699475353,0.11119655854621902,0.11373281792061242,0.14829096196030858
0.0,0.0,19.285407466496515,0.07957733544459335,0.47720269562194007,1.043264108459598,1.043264108459598,1.1435033887138244,0.5370288632839021,0.0,19.076687343456676,14.430869689661812,hard,0.10078025530240982,0.11188502443003714,0.11413679408106792,0.14948265393081064
0.0,0.0,22.173515772762784,0.0797982803958533,0.44907909173556,1.043264108459598,1.043264108459598,1.1435033887138244,0.5370288632839021,0.0,21.844184580798615,14.430869689661812,hard,0.10080051679520857,0.11196960869592656,0.11427772266879618,0.15120685256074737
0.0,0.0,16.32047026746883,0.0800652673223384,0.4230360320781541,1.043264108459598,1.043264108459598,1.1435033887138244,0.5370288632839021,0.0,15.548954948806045,14.430869689661812,hard,0.10106612078000812,0.11244796410454572,0.11408821784674578,0.15111238193219123
0.0,0.0,20.64721816709522,0.08005851647031825,0.4234383614832668,1.043264108459598,1.043264108459598,1.1199999999999999,0.5370288632839021,0.0,20.267461607216628,14.430869689661812,hard,0.10087451189372812,0.11241224501662433,0.11373305555328676,0.15201779740390334
0.0,0.0,18.177646861263433,0.08000893384149438,0.4049490975090996,1.043264108459598,1.043264108459598,1.1199999999999999,0.5370288632839021,0.0,18.2540406485797,14.430869689661812,hard,0.10075914662873436,0.11191940582321719,0.11358961970145408,0.15294468048852036
0.0,0.0,21.790945410500534,0.08015568886903233,0.4048137119506645,1.043264108459598,1.043264108459598,1.095627673984187,0.5370288632839021,0.0,18.504442709792695,14.430869689661812,hard,0.10104236427453982,0.11170372483584623,0.11370907518695636,0.1551259597980679
0.0,0.0,10.231338582272443,0.08024871431187366,0.4390274320575345,1.06226173799116,1.06226173799116,1.1357816691600546,0.6029925372672534,0.0,9.276982267957614,14.430869689661812,hard,0.10146471022009497,0.1115295705441949,0.11373853093876919,0.15605537630855343
0.0,0.0,29.668712622763977,0.08027986357824028,0.445758586320238,1.004987562112089,1.004987562112089,1.1634431657799191,0.7102112361825881,0.0,26.38805790504485,14.430869689661812,hard,0.10144314995855869,0.11156971081885944,0.11418390254080678,0.15497803289622009
0.0,0.0,37.144249409494066,0.08009275501824298,0.41059726077206593,1.0041912168506553,1.0041912168506553,1.1634431657799191,0.8316249154516717,0.0,35.03824196503015,14.430869689661812,hard,0.10126981869208723,0.11202209337438493,0.11485548732218799,0.15335645520394708
0.0,0.0,28.291170483370614,0.08063984053447025,0.4075074872398048,0.964157663455516,0.964157663455516,1.1901260437449472,0.8634813257969162,0.0,28.325260810802785,14.430869689661812,hard,0.10128223186810488,0.11271729987064734,0.11587455347578864,0.1532830877479839
0.0,0.0,15.13750313522508,0.08075320856406284,0.37884113741493364,0.9643650760992956,0.9643650760992956,1.1901260437449472,0.8811356308764275,0.8400000000000001,14.669914791845247,14.430869689661812,hard,0.10136936213302881,0.11272207093385923,0.11660268093793888,0.15311885057637467
0.0,0.0,8.358540105991086,0.08087387281018993,0.3551093798069151,0.9219544457292888,0.9219544457292888,1.1901260437449472,0.8829496021857646,0.8400000000000001,8.296119574837382,14.430869689661812,hard,0.1014837823209833,0.11294614989854042,0.1170093921170111,0.1534191668001203
0.0,0.0,26.15556126837102,0.08056402027845569,0.3419508475954442,0.9977975746613138,0.9977975746613138,1.1993331480451959,0.8874683092933517,0.8400000000000001,26.230333585374016,14.430869689661812,hard,0.10194960726358544,0.11264197964407505,0.11724590423224573,0.1527957469332705
0.0,0.0,22.488116166798775,0.08046323271630203,0.35652160816343376,1.0121264743103997,1.0121264743103997,1.2081390648431163,0.8674099376880576,0.8400000000000001,22.92531352021167,14.430869689661812,hard,0.1024607023916248,0.11271073438043724,0.11676141105209788,0.15275722294990665
0.0,0.0,17.7103157843193,0.08069700331026854,0.39617750363552184,0.9921693403849969,0.992169340384997,1.2081390648431165,0.8306623862918074,0.8400000000000001,16.848608251128635,14.430869689661812,hard,0.10245576342609297,0.1132947551427572,0.11737303474056547,0.1526213316598048
0.0,0.0,36.65114875696156,0.08101285507138027,0.37362076684392914,0.9718024490605074,0.9718024490605074,1.2081390648431165,0.7180529228406497,0.8400000000000001,30.65224298481271,14.430869689661812,hard,0.10235811268742206,0.11363905030137714,0.11733554291792282,0.1508194518382878
0.0,0.0,22.408987769330448,0.08147540456167533,0.4445675510711361,0.9509994742374992,0.9509994742374993,1.1771151175649728,0.6660330322138686,0.8400000000000001,21.295407955707258,14.430869689661812,hard,0.10245675494532781,0.11398683010239757,0.11749727052009558,0.15082475414367064
0.0,0.0,14.10331114592796,0.08170015695920649,0.44679896118046064,0.9042123644365853,0.9042123644365853,1.1663618649458665,0.6079473661428265,0.8400000000000001,12.352181993477913,14.430869689661812,hard,0.10275908457030404,0.11441485650086033,0.11765422736349901,0.1508170994026822
0.0,0.0,15.573631826351095,0.0816251947909342,0.4181508795779074,0.9042123644365853,0.9042123644365853,1.1663618649458665,0.6079473661428265,0.8400000000000001,14.801351289662712,14.430869689661812,hard,0.10271223728557254,0.11461159089270662,0.11777499726565878,0.150593344000475
0.0,0.0,13.450563302737795,0.08204990729864166,0.40085112490723057,0.885663593019381,0.8856635930193812,1.1663618649458665,0.5744562646538028,0.8400000000000001,12.503135606718821,14.430869689661812,hard,0.103244049248771,0.11487483505567028,0.1183974054315603,0.15076606266481188
0.0,0.0,14.31275612671139,0.082208162919779,0.3929641138726148,0.8662563131083085,0.8662563131083086,1.1551623262554922,0.5381449618829484,0.8400000000000001,12.828655424478438,14.430869689661812,hard,0.10341404930606427,0.11505222939683692,0.11859451372835095,0.15078683009738533
0.0,0.0,7.928764004864712,0.08253109056966564,0.3637912186676233,0.8662563131083085,0.8662563131083086,1.1551623262554922,0.5381449618829484,0.8400000000000001,6.946193202035198,14.430869689661812,hard,0.10342362275302906,0.11582758587010995,0.11885394229422941,0.15054472532923086
0.0,0.0,12.155935196032699,0.08287161261455853,0.3983106462506769,0.8662563131083085,0.8662563131083086,1.2000000000000002,0.5381449618829484,0.8400000000000001,10.67911981391725,14.430869689661812,hard,0.10360926446569355,0.1167151262686222,0.11883614746308524,0.1507406184337924
0.0,0.0,13.105844704282633,0.08287086018183387,0.3914022117238707,0.8662563131083085,0.8662563131083086,1.2213107712617621,0.5381449618829484,0.8400000000000001,12.095304874206354,14.430869689661812,hard,0.10392202934879419,0.1174183466941926,0.1184554750616829,0.150382638935702
0.0,0.0,16.237418061925613,0.08326679493557658,0.3639013764346907,0.8662563131083085,0.8662563131083086,1.2213107712617621,0.5381449618829484,0.8400000000000001,15.733289547961673,14.430869689661812,hard,0.10437016479596797,0.1183004421391171,0.11837232862890727,0.14972996964497637
0.0,0.0,13.328659249495649,0.08374629187051623,0.3857444225327831,0.8662563131083085,0.8662563131083086,1.1629273408085303,0.5381449618829484,0.8400000000000001,12.201983445325599,14.430869689661812,hard,0.10473067176286827,0.11950852314584429,0.11815487950803502,0.1495334948356427
0.0,0.0,14.718779613699198,0.08399270399907138,0.36625813395561424,0.8662563131083085,0.8662563131083086,1.1629273408085303,0.5381449618829484,0.8400000000000001,14.180211564007076,14.430869689661812,hard,0.1053269776019805,0.12021571318227435,0.11837808262828575,0.14928713413828235
0.0,0.0,11.531601822138752,0.08397008834799032,0.3506765616811349,0.8662563131083085,0.8662563131083086,1.1629273408085303,0.5381449618829484,0.9799999999999999,11.022322804200574,14.430869689661812,hard,0.10565742371890051,0.12052368347152445,0.11841436901466654,0.1490878405239928
0.0,0.0,12.358839408582295,0.08429864264660879,0.39548503828514686,0.8919641248391103,0.8919641248391103,1.2206555615733703,0.6896375859826667,0.9799999999999999,11.45636940745191,14.430869689661812,hard,0.10596885956688613,0.12080545007610975,0.1184800830983748,0.14906685131057174
0.0,0.0,13.130820196075009,0.08468554186180913,0.39723384100601267,0.8627861844049196,0.8627861844049197,1.2073110618229257,0.7810249675906654,0.9799999999999999,12.74965097561498,14.430869689661812,hard,0.10612121320762914,0.1212773252386085,0.11852088459189546,0.14901730366761037
0.0,0.0,28.866534796011763,0.08519560689202664,0.3847688014720347,0.8544003745317532,0.8544003745317532,1.1934822998268553,0.82,0.9799999999999999,24.380229695390483,14.430869689661812,hard,0.1060119794107963,0.12177748666415802,0.11848302900632833,0.14902473502064997
0.0,0.0,24.585810248115816,0.08541212225901537,0.3572344998471613,0.9079647570252932,0.9079647570252934,1.1934822998268553,0.8646386528486916,0.0,21.030986662541537,14.430869689661812,hard,0.10606790988719689,0.12216504606195876,0.11844430482340741,0.14734470389542095
0.0,0.0,14.63231786279367,0.08527509400102891,0.40353183761024747,0.9568698971124548,0.9568698971124548,1.1643023662262308,0.9,0.0,14.610626269944762,14.430869689661812,hard,0.10644464777169492,0.12228402852314257,0.11805029573952315,0.14655425471025602
0.0,0.0,17.928337628375967,0.08506317967526553,0.37367697435626174,0.9921693403849969,0.992169340384997,1.1643023662262308,0.8829496021857646,0.0,16.035572955151927,14.430869689661812,hard,0.10657478830219357,0.1226853778369767,0.11798331436826952,0.1456690598845872
0.0,0.0,12.821278151740417,0.08492615277831561,0.34768104422381674,1.0007996802557444,1.0007996802557444,1.1643023662262308,0.8447484832777151,0.0,12.09173271289107,14.430869689661812,hard,0.10700486722522087,0.12297198479143033,0.11780107460283981,0.145341620016451
0.0,0.0,11.888234958145135,0.08508162197927077,0.31535831804397463,1.016070863670443,1.016070863670443,1.1643023662262308,0.8306623862918074,0.0,10.599415078201249,14.430869689661812,hard,0.10722960042715352,0.1229966438098577,0.11775795706159749,0.1450309414588172
0.0,0.0,20.364822001729703,0.08558287845594029,0.41478127097846035,1.0007996802557444,1.0007996802557444,1.2039933554633928,0.7631513611335566,0.0,20.404205448877445,14.430869689661812,hard,0.10728318254609617,0.12284231288884902,0.11753532879766013,0.14486761168836235
0.0,0.0,34.18291826986824,0.08516686195089947,0.4246478149561399,0.9887365675446621,0.988736567544662,1.203993355463393,0.7332121111929345,0.0,31.892124419674523,14.430869689661812,hard,0.10741398545043565,0.12268735593376665,0.11594950767135942,0.14264768633794658
0.0,0.0,27.967862666254394,0.08510041997296165,0.5162017736511021,1.020588065773846,1.0205880657738458,1.250439922587247,0.6633249580710799,0.0,24.686587451488712,14.430869689661812,hard,0.10764096736159758,0.1225304557593764,0.1150048659464957,0.14207494346089514
0.0,0.0,14.745732751525852,0.08523114497052084,0.4935302515770107,1.0355674772799695,1.0355674772799695,1.250439922587247,0.6352952069707437,0.0,14.297468307361273,14.430869689661812,hard,0.10794666726860434,0.12238407834954634,0.11458831569655162,0.14205636181443126
0.0,0.0,19.762533354809264,0.08489368864920258,0.4980611691164058,1.049952379872535,1.049952379872535,1.214742771124817,0.6053098380168622,0.0,19.973342234087916,14.430869689661812,hard,0.10826549829351308,0.12233509588927545,0.11349528134138784,0.14232965395009653
0.0,0.0,20.1000188464665,0.08441561079403073,0.4730502098258514,1.049952379872535,1.049952379872535,1.214742771124817,0.6053098380168622,0.0,19.712371749741326,14.430869689661812,hard,0.10884743138606187,0.12183614068921332,0.11280595865236463,0.142050203172602
0.0,0.0,17.684472608581025,0.08444671290619558,0.44938696949347495,1.063766891757776,1.063766891757776,1.214742771124817,0.5730619512757761,0.0,17.22556240010758,14.430869689661812,hard,0.10948560018540211,0.1215114830040144,0.11267820403565919,0.14166700151705897
0.0,0.0,12.21473320126522,0.08433281439663018,0.4440648813963142,1.063766891757776,1.063766891757776,1.2126005112979295,0.5730619512757761,0.0,11.203017450669261,14.430869689661812,hard,0.11007706300631331,0.12142072291350764,0.11249407898767395,0.14147898988607646
0.0,0.0,7.849979109449568,0.08434467573538043,0.42363833378689897,1.063766891757776,1.063766891757776,1.2126005112979295,0.5730619512757761,0.0,6.886973210344294,14.430869689661812,hard,0.11044009614787319,0.12138558021015759,0.11251573594320101,0.14147835797074312
0.0,0.0,13.759919330555935,0.08463429318338225,0.4030824159823738,1.063766891757776,1.063766891757776,1.2126005112979295,0.5730619512757761,0.0,12.437620351176506,14.430869689661812,hard,0.11101311609915013,0.12213125788165095,0.11262834293297055,0.1413889470213505
0.0,0.0,11.98259749708604,0.08473523993692642,0.40211115280437026,1.063766891757776,1.063766891757776,1.2101239605924676,0.5730619512757761,0.0,10.357605900979241,14.430869689661812,hard,0.11053619874017952,0.12217936626770236,0.11245573388906546,0.14149704439333755
0.0,0.0,16.030925597833264,0.08496967358187037,0.43676529846820855,1.063766891757776,1.063766891757776,1.2237646832622684,0.5730619512757761,0.0,15.17562519305218,14.430869689661812,hard,0.11097132238813238,0.12308374463421841,0.11256394571223105,0.1416310093498384
0.0,0.0,10.703743660956107,0.08523611571326138,0.43260384634530824,1.063766891757776,1.063766891757776,1.2369316876852983,0.5730619512757761,0.0,9.844409581076967,14.430869689661812,hard,0.11128323536313539,0.12349575959311002,0.11263891008634026,0.14167524110581675
0.0,0.0,23.435322146477926,0.08582889958234934,0.4364901083271191,1.0332473082471592,1.0332473082471592,1.2655433615645102,0.6988562083862458,0.0,22.939014800117285,14.430869689661812,hard,0.111445193442411,0.12453727149126372,0.11344089821903758,0.142036055923875
0.0,0.0,13.433072612206107,0.08588118226945987,0.4708310585767141,1.0770329614269007,1.0770329614269007,1.2737346662472526,0.8187795796183488,0.0,12.62773138770381,14.430869689661812,hard,0.11173279310869777,0.12462745995022947,0.11360793665607115,0.1415354265725637
0.0,0.0,11.80249067261827,0.0861243280455334,0.4698320460885435,1.0770329614269007,1.0770329614269007,1.2851459061133876,0.8187795796183488,0.0,11.086929241228159,14.430869689661812,hard,0.11192264348816051,0.12459820621184227,0.11377998473899709,0.14152339298161812
0.0,0.0,23.829907309935432,0.08610498834770494,0.46929247230675397,1.0712609392673664,1.0712609392673664,1.2961481396815722,0.8151073548925932,0.0,19.57407469077402,14.430869689661812,hard,0.11199447339523347,0.12507371861575395,0.11350502091394994,0.14153345948378998
0.0,0.0,24.646086542332647,0.08672632252473365,0.45815941716950903,1.0322790320451152,1.0322790320451152,1.2757742747053649,0.8726969691708572,0.0,24.691828607861346,14.430869689661812,hard,0.11277793685834706,0.125860481416741,0.1140927734255231,0.14150718105232368
0.0,0.0,11.529749104029662,0.08668669657901605,0.476126089292022,1.0361467077590896,1.0361467077590896,1.286234815265082,0.9024411338142782,0.0,10.485971581117317,14.430869689661812,hard,0.11312381342785244,0.12635474070776176,0.11431372864589447,0.14126966627542822
0.0,0.0,10.294315248632454,0.08665616923765501,0.4929050548395356,0.9967948635501691,0.9967948635501691,1.280781011726829,0.9130169768410662,0.0,9.92268108930243,14.430869689661812,hard,0.11330619911478565,0.1264612285237519,0.11424087055398703,0.14126966627542822
0.0,0.0,18.39746362523953,0.08707209193622592,0.5187504587955307,0.9593747964169165,0.9593747964169165,1.3,0.8829496021857646,0.0,18.32392970953556,14.430869689661812,hard,0.11396996192103255,0.12708544961790072,0.11479729337329493,0.14125009685642256
0.0,0.0,10.818838296186836,0.08714858880010598,0.5266256418318583,0.9724196624914574,0.9724196624914574,1.28,0.8935323161475469,0.0,9.308254401336482,14.430869689661812,hard,0.1140942628631673,0.12710607426976403,0.11468479007533974,0.14128190157960305
0.0,0.0,33.89307059557461,0.08806492776995353,0.5377430811710576,1.0514751542475933,1.0514751542475933,1.296148139681572,0.8333066662399862,0.0,31.83017436333015,14.430869689661812,hard,0.11405645888189402,0.1264212992881684,0.11609780126761808,0.13980334980951645
0.0,0.0,17.70887464906363,0.08812068628953565,0.5570738400479834,0.9937806599043876,0.9937806599043876,1.3477388471065155,0.7280109889280518,0.0,17.64172327183487,14.430869689661812,hard,0.1141395866704969,0.12619297907197818,0.11599888752204009,0.13953793958754138
0.0,0.0,13.055173229026543,0.08801090236136994,0.5346161547801522,0.9797958971132712,0.9797958971132712,1.3477388471065155,0.705407683541936,0.0,9.54567965102538,14.430869689661812,hard,0.11388889201113601,0.1258773373507617,0.11564864387230929,0.13937547303012732
0.0,0.0,44.30002662034832,0.08792699658895381,0.5076050292618633,0.9499473669630334,0.9499473669630334,1.3392535234226566,0.656048778674269,0.0,44.618655291256815,14.430869689661812,hard,0.11455487028934899,0.12603067843284577,0.11515047927792717,0.13923193643194667
0.0,0.0,27.722183985696407,0.08812265069079848,0.48119959317780325,0.9340235543068494,0.9340235543068494,1.3392535234226566,0.6289674077406555,0.0,27.18349499236623,14.430869689661812,hard,0.11456006148020997,0.1257700364882524,0.11404835318612827,0.13895401756092562
0.0,0.0,19.80354232212525,0.08832814548799835,0.4504368891879808,0.9340235543068494,0.9340235543068494,1.3392535234226566,0.6289674077406555,0.0,19.789532586698453,14.430869689661812,hard,0.11440437360736354,0.12554881969126372,0.11430768565829118,0.13903816050379653
0.0,0.0,14.584391297476097,0.0883262884987863,0.43757594093518953,0.9173875952943773,0.9173875952943772,1.3601470508735445,0.6,0.0,13.003091939996425,14.430869689661812,hard,0.11440847598901807,0.1256076518376546,0.11453530477547026,0.1391952081180763
0.0,0.0,14.796018479141894,0.0885824954330798,0.4128365283070997,0.9173875952943773,0.9173875952943772,1.3601470508735445,0.6,0.0,12.156578465999388,14.430869689661812,hard,0.11437546724503912,0.12567737452115751,0.11511412294995094,0.1391961105862536
0.0,0.0,17.940966817193708,0.08908143962168982,0.4214673838176614,0.9173875952943773,0.9173875952943772,1.3857849761056005,0.6,0.0,17.450375354129207,14.430869689661812,hard,0.11446205125226191,0.12584660518022175,0.11650267327336328,0.13953711598757856
0.0,0.0,8.528721960776506,0.08930099028183613,0.4023537487299197,0.9173875952943773,0.9173875952943772,1.3857849761056005,0.6,0.0,8.410374545761918,14.430869689661812,hard,0.11444171894572464,0.12595181934123553,0.11691494864873576,0.13978279865942073
0.0,0.0,14.189916898741082,0.08978658043131481,0.39511103898167876,0.9173875952943773,0.9173875952943772,1.3469966592386189,0.6,0.0,12.619049092542593,14.430869689661812,hard,0.11478148735456276,0.12634763924422523,0.11760162417071342,0.14042973568731898
0.0,0.0,9.48985904053467,0.08996016243466544,0.37565941061932384,0.9173875952943773,0.9173875952943772,1.3469966592386189,0.6,0.0,9.239393919516582,14.430869689661812,hard,0.11486986482072199,0.12685905807875925,0.11768212863769296,0.14050920871893005
0.0,0.0,18.044256562756228,0.08993563318416464,0.37161049060569706,0.9123595782365636,0.9123595782365636,1.351887569289695,0.6352952069707437,0.0,18.058671047449756,14.430869689661812,hard,0.11456021190343207,0.12671504547213747,0.11769797128993183,0.14069235772239497
0.0,0.0,29.599393469071174,0.0902531058240335,0.3501329272373145,0.9551963149007643,0.9551963149007643,1.351887569289695,0.7549834435270749,0.0,29.67210137486053,14.430869689661812,hard,0.1146673922639517,0.12779792680680027,0.11774788085374137,0.14053702552500383
0.0,0.0,23.871636947909447,0.09050053166882102,0.3416461736667482,0.9643650760992956,0.9643650760992956,1.341640786499874,0.8052328855678959,0.0,23.221757039466244,14.430869689661812,hard,0.11481479088812949,0.1285501830853593,0.1178845683220939,0.141545237012333
0.0,0.0,20.120214066655635,0.09080466742850374,0.3378559322204586,0.9643650760992956,0.9643650760992956,1.3159027319676786,0.8052328855678959,0.0,19.693897531976752,14.430869689661812,hard,0.11510096921482654,0.12916420367161674,0.11847843924812025,0.14239384304400785
0.0,0.0,28.710191089864054,0.09067348374667285,0.31682408455427213,0.9551963149007643,0.9551963149007643,1.3159027319676786,0.8506468127254695,0.0,29.191779664830307,14.430869689661812,hard,0.11475227907184452,0.12950376863892363,0.11847606985145284,0.14236010805590868
0.0,0.0,12.341477894383564,0.09068525208471545,0.354835654223097,0.9600000000000001,0.96,1.293213052826177,0.8818163074019442,0.0,10.847008804274108,14.430869689661812,hard,0.11492917703998909,0.1298546494667816,0.11864261335227773,0.14247817542418872
0.0,0.0,30.464657053164736,0.09126812844928206,0.4169877815737467,0.9961927524329818,0.9961927524329818,1.3181805642627265,0.9228217596047461,0.0,28.218547092293747,14.430869689661812,hard,0.11458988654331985,0.13063109908932322,0.11860900729470872,0.1426321459337201
0.0,0.0,9.348987621903717,0.09147408215710565,0.48888482868770816,1.016070863670443,1.016070863670443,1.3098091464026353,0.9097252332435328,0.0,8.224962005991275,14.430869689661812,hard,0.11451384074860846,0.13114730704230185,0.1186632049088389,0.14281599838531583
0.0,0.0,12.758241831942678,0.09158634414324505,0.49673745746331177,1.0007996802557444,1.0007996802557444,1.2820296408429877,0.9303762679690406,0.0,11.96342760248918,14.430869689661812,hard,0.11437033999234147,0.13169849348152302,0.11871149778490352,0.1428501515868202
0.0,0.0,21.490198909058133,0.09212832585979731,0.5391643645576817,1.0547037498748169,1.0547037498748169,1.2362847568420474,0.8811356308764277,0.0,16.508179790637126,14.430869689661812,hard,0.11449799182374429,0.13216940938799202,0.1187777218319496,0.1427697203616473
0.0,0.0,17.306083344496734,0.09288747554029377,0.5265134465914088,1.049952379872535,1.049952379872535,1.284523257866513,0.8447484832777151,0.0,16.36,14.430869689661812,hard,0.11445658284007915,0.132744026610806,0.11895024538164141,0.14331091847066382
0.0,0.0,49.54347131139659,0.09336248813500388,0.5200105919866456,1.0476640682967036,1.0476640682967036,1.2523577763562614,0.7483314773547883,0.0,43.19680080746722,14.430869689661812,hard,0.11475066885964964,0.13338345698679285,0.11854876186969737,0.14222802678183435
0.0,0.0,24.189874949415646,0.09373537022999363,0.4906943917166986,1.050904372433572,1.050904372433572,1.2523577763562614,0.7291090453423275,0.0,23.930599658178227,14.430869689661812,hard,0.11511816628118862,0.13376669159059046,0.11855729428112576,0.1413982388034142
0.0,0.0,16.280545458249644,0.0937164089410346,0.49441301495121387,1.050904372433572,1.050904372433572,1.2975361266646877,0.7291090453423275,0.0,16.20075306891627,14.430869689661812,hard,0.11543130134230191,0.13410495505111955,0.11839270668013781,0.14138945360326519
0.0,0.0,13.307519990759262,0.09376414034864157,0.5233161064651582,1.050904372433572,1.050904372433572,1.354843164355196,0.7291090453423275,0.0,11.52425268726784,14.430869689661812,hard,0.11539757862939458,0.13436172569894525,0.11839528656809904,0.1413170500916233
0.0,0.0,19.0007988170699,0.09358709417831523,0.5208169200034356,1.0537551897855593,1.0537551897855593,1.3654303350958628,0.7088018058667741,0.0,18.742731924668828,14.430869689661812,hard,0.11573759578383717,0.13483458253785308,0.11836369458388252,0.14064542597343802
0.0,0.0,46.75366172562692,0.09353964268581977,0.535159235008769,1.0725670142233537,1.0725670142233537,1.4062716664997557,0.664529909033446,0.0,39.428766148587506,14.430869689661812,hard,0.11620373437948779,0.1350117842404079,0.11847301061866947,0.13830824038864617
0.0,0.0,18.12903280675766,0.0934776756369257,0.5293466405101669,1.0725670142233537,1.0725670142233537,1.40356688476182,0.664529909033446,0.0,17.267414398224187,14.430869689661812,hard,0.11545993288289817,0.13551047162914331,0.11902461850153814,0.137952563518778
0.0,0.0,27.291581063842738,0.09405258273252919,0.5077618652236444,1.0725670142233537,1.0725670142233537,1.40356688476182,0.664529909033446,0.0,27.062771476698387,14.430869689661812,hard,0.11558890495837935,0.1366229982910921,0.12021077294113022,0.13687416673447705
0.0,0.0,15.9007999181014,0.09404052997440386,0.48578185929916384,1.0725670142233537,1.0725670142233537,1.40356688476182,0.664529909033446,0.0,15.074813431681337,14.430869689661812,hard,0.11546083598525633,0.13625596834179715,0.1207544036477841,0.13700358539621776
0.0,0.0,16.537197228439357,0.09402713995838388,0.46304055423454826,1.0725670142233537,1.0725670142233537,1.40356688476182,0.664529909033446,0.0,16.43844274863042,14.430869689661812,hard,0.11526269768642744,0.13617584885137748,0.12111446171695757,0.13641780154736577
0.0,0.0,17.576290556382904,0.09398806771027124,0.43955636269533005,1.0883014288330233,1.0883014288330233,1.40356688476182,0.7,0.0,17.833776941523073,14.430869689661812,hard,0.11475425524032229,0.13627604765196877,0.12129731084367684,0.1362666474582643
0.0,0.0,36.61866300004349,0.093994606754351,0.41884269277429226,1.0734989520255713,1.0734989520255713,1.40356688476182,0.8219489035213806,0.0,33.048594523822025,14.430869689661812,hard,0.11461243416439176,0.1356143638220094,0.12127905046273463,0.1360325353696997
0.0,0.0,18.64580297200424,0.09437257413131747,0.3984429711506069,1.087382177525455,1.0873821775254549,1.40356688476182,0.848528137423857,0.0,18.1616739316617,14.430869689661812,hard,0.11488674145052495,0.13561135453592466,0.12172582337041156,0.13584759455615636
0.0,0.0,9.19663994000549,0.09450001623693051,0.4072756942984019,1.087382177525455,1.0873821775254549,1.4005713120009278,0.848528137423857,0.0,8.260484247306572,14.430869689661812,hard,0.11505522363668036,0.13572669607092777,0.12210987699740385,0.13574472086049033
0.0,0.0,8.985272838197101,0.09464958785876547,0.41343904412036186,1.0824047302187847,1.0824047302187847,1.3972830779766854,0.9210863151735564,0.0,7.343023900274328,14.430869689661812,hard,0.11526397289545452,0.13562693605397314,0.12227486211127397,0.13591469281113616
0.0,0.0,21.773242283674143,0.09514953574080628,0.5321831478998491,1.0919706955774957,1.0919706955774957,1.469693845669907,0.9425497334358544,0.0,20.972362766269327,14.430869689661812,hard,0.11553499560842719,0.1366039210900185,0.12273795597943224,0.13595326548102987
0.0,0.0,27.195660761510315,0.09599699847045323,0.5255304373812025,1.1101351269102335,1.1101351269102333,1.4517575555167603,0.9816312953446422,0.0,26.694126694836825,14.430869689661812,hard,0.11654248552821365,0.13748873873967307,0.12391011107305197,0.13647315615141817
0.0,0.0,15.066137001440476,0.09662399320418862,0.5252860003076212,1.1101351269102335,1.1101351269102333,1.474584687293341,0.9977975746613138,0.0,14.323407415835103,14.430869689661812,hard,0.11673929335036248,0.13798436719124754,0.12490316353772463,0.1370694028372067
0.0,0.0,17.48380489079518,0.09687137395430066,0.5503821685929952,1.1391224692718513,1.1391224692718513,1.4833745312630928,1.0283968105745953,0.0,16.012607532816133,14.430869689661812,hard,0.11695763538599088,0.13794957542647993,0.12540305220653766,0.13736320949093297
0.0,0.0,28.67426256400774,0.09697562606080236,0.5560175506067575,1.1092339699089637,1.1092339699089637,1.478377489006106,1.020588065773846,0.0,28.342222919171316,14.430869689661812,hard,0.11716307915098288,0.136999488932361,0.12439992954703173,0.13831900315485587
0.0,0.0,25.6813866197452,0.09694673081253183,0.5996149043429579,1.0630145812734648,1.0630145812734648,1.5226293048539425,0.9848857801796105,0.0,25.78294009611782,14.430869689661812,hard,0.11732269907637481,0.1368612752512567,0.12429633939410115,0.1386568836961472
0.0,0.0,38.12443115425292,0.09763738332994235,0.5837507472266159,1.0983624174196784,1.0983624174196784,1.5031965939290841,0.9372299611087985,0.0,37.77779241829782,14.430869689661812,hard,0.11736162819746766,0.13700312419550867,0.1249102895828639,0.13777650666660538
0.0,0.0,24.4866188969897,0.09846737771044482,0.5677576231395065,1.116422858956229,1.116422858956229,1.4560219778561037,0.9156418513807677,0.0,23.753736548172796,14.430869689661812,hard,0.11725495681809575,0.13692677519314833,0.12628303028927937,0.13897233967211933
0.0,0.0,27.358782792546947,0.09861740290043515,0.5531137780688983,1.078702924812944,1.078702924812944,1.4416657032752078,0.8774964387392121,0.0,27.92418306772823,14.430869689661812,hard,0.11727583815081735,0.13642185524168937,0.1270268778640315,0.1386533865124132
0.0,0.0,25.641063096327112,0.09825388858040135,0.5260960525340705,1.078702924812944,1.078702924812944,1.4416657032752078,0.8774964387392121,0.0,25.324209760622345,14.430869689661812,hard,0.1171819584620572,0.13574803329204632,0.1264944920385905,0.13837993387487002
0.0,0.0,12.518711538834703,0.09859905688366775,0.49895857040679364,1.06226173799116,1.06226173799116,1.4416657032752078,0.8248636250920511,0.0,11.352691310874263,14.430869689661812,hard,0.11717568212295336,0.13564818339891976,0.12691536537336165,0.13942552381699977
0.0,0.0,17.877978240975356,0.09880577190800546,0.4750800133156067,1.044030650891055,1.044030650891055,1.4416657032752078,0.766550715869472,0.0,17.737012149739314,14.430869689661812,hard,0.11737463286019602,0.13539193801815866,0.12659696508145316,0.1408743089986981
0.0,0.0,15.262154369102843,0.09913021276519364,0.4565777018617634,1.044030650891055,1.044030650891055,1.4416657032752078,0.766550715869472,0.0,14.982656640262434,14.430869689661812,hard,0.11739421316416788,0.13526555578862126,0.1266957264789042,0.14263883552156809
0.0,0.0,12.798434903501178,0.09916438047854557,0.4311438334707655,1.044030650891055,1.044030650891055,1.4416657032752078,0.766550715869472,0.0,12.048634777434332,14.430869689661812,hard,0.11757714345377247,0.13500657898475651,0.1267977031523411,0.14313090422358982
0.0,0.0,14.508224271792008,0.09938997693621529,0.41349275870936775,1.044030650891055,1.044030650891055,1.4416657032752078,0.766550715869472,0.0,15.177733691167466,14.430869689661812,hard,0.11776120320522845,0.13475080515909657,0.1271518248659958,0.1442416514063002
0.0,0.0,17.275088289120088,0.09925197829592068,0.4042158185684817,1.0244998779892558,1.0244998779892558,1.434015341619468,0.7483314773547883,0.0,16.71650681213034,14.430869689661812,hard,0.1178159042503522,0.13471450728890025,0.1274871013239354,0.1441021784376603
0.0,0.0,12.360040982462849,0.09910685108341849,0.3769636258223536,1.0244998779892558,1.0244998779892558,1.434015341619468,0.7483314773547883,0.0,11.71965869810209,14.430869689661812,hard,0.11797713259228598,0.13455490550161942,0.12717447206522065,0.1447275995446316
0.0,0.0,15.874232931706917,0.09929365945207297,0.34889159778130235,1.0017983829094554,1.0017983829094554,1.434015341619468,0.8440379138403676,0.0,15.335657794825757,14.430869689661812,hard,0.11847976860197765,0.13447971100785241,0.1272164914627286,0.14506681562786652
0.0,0.0,19.068235102617667,0.09916640590107346,0.37186819169663676,1.0031948963187562,1.0031948963187562,1.445683229480096,0.8726969691708572,0.0,18.861601204563733,14.430869689661812,hard,0.11831208628332317,0.13358108249974113,0.1272635365762298,0.14545940274583818
0.0,0.0,9.395178613962331,0.0991772195784002,0.3522212560670237,1.0031948963187562,1.0031948963187562,1.445683229480096,0.8726969691708572,0.0,8.795362414363607,14.430869689661812,hard,0.11840021665272411,0.13314138542474088,0.1272793608917411,0.1458741167433221
0.0,0.0,17.810570000972948,0.09932094212444659,0.3697361163723638,1.0041912168506553,1.0041912168506553,1.4561593319413917,0.9000000000000001,0.0,17.337693041463158,14.430869689661812,hard,0.11845478240350961,0.13308994612513658,0.12731800541647767,0.14667958859351818
0.0,0.0,23.559245494332757,0.09932640135192615,0.3401571025548858,1.02469507659596,1.02469507659596,1.4561593319413917,0.9297311439335568,0.0,23.299175951093204,14.430869689661812,hard,0.11859093010775049,0.13272776266135244,0.1268592564239227,0.14736182914289847
0.0,0.0,16.024751161401554,0.09927749720784244,0.3509028011637723,1.043264108459598,1.043264108459598,1.4472042012100437,0.9568698971124548,0.0,16.324411168553674,14.430869689661812,hard,0.11851060557691705,0.1322795026304954,0.12667287283354697,0.14775391516020184
0.0,0.0,21.70069336387647,0.09920312300410086,0.3976628993335702,1.044030650891055,1.044030650891055,1.4871449156017043,1.0017983829094554,0.0,21.069684383018178,14.430869689661812,hard,0.11874921592656597,0.13287284418889006,0.1268773903476304,0.14814722666335275
0.0,0.0,13.205800528509434,0.09949342634142869,0.43626963922308243,1.0244998779892558,1.0244998779892558,1.520657752421629,1.043839068055991,0.0,11.441136307203056,14.430869689661812,hard,0.11885066995358941,0.13380947613555827,0.12716719092054743,0.1483973870432919
0.0,0.0,35.90433663387384,0.09888771817507287,0.407837593559935,1.0239140588936164,1.0239140588936164,1.520657752421629,1.06226173799116,0.0,35.935392025133105,14.430869689661812,hard,0.11935652810145937,0.1345129093855238,0.126514167446551,0.14789154922414904
0.0,0.0,20.855041851238376,0.0990819547927302,0.3786018425083898,1.0239140588936164,1.0239140588936164,1.520657752421629,1.0562196741208714,0.0,20.329535164385828,14.430869689661812,hard,0.11983300198122593,0.13510211752318435,0.12619263426708133,0.14927452709595349
0.0,0.0,14.642202458997092,0.09960865259568422,0.35526536152104365,1.0047885349664376,1.0047885349664376,1.520657752421629,1.0283968105745953,0.0,13.284411917732752,14.430869689661812,hard,0.12024910580472406,0.13550536621997789,0.12674666283020714,0.14996878122709031
0.0,0.0,28.83727490338384,0.10024354467507207,0.33132378558665104,1.02469507659596,1.02469507659596,1.520657752421629,1.0057832768544126,0.0,29.15720151180493,14.430869689661812,hard,0.12075885675546588,0.13495985758566245,0.1274327879710271,0.15015828661899946
0.0,0.0,19.21087282172884,0.10071882045100791,0.3216715186099868,1.0047885349664376,1.0047885349664376,1.5497096502248413,0.9558242516278818,0.0,19.333121837923642,14.430869689661812,hard,0.12118671607495163,0.13504426193793956,0.12713870163047966,0.15070825940658295
0.0,0.0,14.77542661997424,0.10090340763498797,0.29706551243713286,0.9846826900072938,0.9846826900072938,1.5497096502248413,0.9156418513807678,0.0,14.881142429262615,14.430869689661812,hard,0.12109233888200968,0.13490519872192688,0.12743603485683958,0.15081682545678937
0.0,0.0,16.743369161587392,0.10148738345303125,0.30877434356230493,0.9635351576356723,0.9635351576356723,1.57797338380595,0.905317623820502,0.0,16.542805082572908,14.430869689661812,hard,0.12141918827439561,0.135289044110063,0.12862993007603907,0.15077524670065642
0.0,0.0,18.403006513562215,0.10193778241097812,0.28575468537574183,0.9624967532412771,0.9624967532412771,1.57797338380595,0.8708616422830896,0.0,17.835918815693237,14.430869689661812,hard,0.12141469790302349,0.13483996709957138,0.12957526050878732,0.15124555549665544
0.0,0.0,15.891462911076443,0.10224847951853168,0.26297096745694204,1.0031948963187562,1.0031948963187562,1.57797338380595,0.8207313811473276,0.0,14.438684150572724,14.430869689661812,hard,0.1217584708081025,0.1341512607137374,0.12985707347134795,0.15175210647595894
0.0,0.0,9.677414475799573,0.10236791391783388,0.28183202702742466,1.0031948963187562,1.0031948963187562,1.5929846201391902,0.8207313811473276,0.0,8.495198643939998,14.430869689661812,hard,0.12194572605715256,0.1339028247248217,0.13015085264607604,0.15191206076978458
0.0,0.0,13.161020974293953,0.10265446285810993,0.2933031059476312,0.9816312953446422,0.9816312953446422,1.5951175505272333,0.754983443527075,0.7000000000000001,12.453513560437473,14.430869689661812,hard,0.12214805683082575,0.1337776498552919,0.1301924320598796,0.15229520345234443
0.0,0.0,23.25652346625199,0.10257768489406349,0.32152508620518344,1.0,1.0,1.6094719630984569,0.7386474125047755,0.5599999999999999,19.095926267138758,14.430869689661812,hard,0.12215797429160644,0.13371538692977608,0.12964865492630864,0.15241408479296337
0.0,0.0,7.7318502529095845,0.10276428909908193,0.34610982704285537,1.0,1.0,1.6234531098864544,0.7386474125047755,0.5599999999999999,6.490762667052309,14.430869689661812,hard,0.12231891504799357,0.13388596880925102,0.12996977803253695,0.15251056741877503
0.0,0.0,25.827776523903548,0.10312028604634793,0.3289099410467033,0.9797958971132713,0.9797958971132713,1.6234531098864544,0.8089499366462672,0.5599999999999999,25.84492213182311,14.430869689661812,hard,0.12267747527008095,0.1337613238728784,0.13022893701556823,0.15305327793186535
0.0,0.0,13.102457732204373,0.10334636939819593,0.3078038901158392,0.9797958971132713,0.9797958971132713,1.6234531098864544,0.8089499366462672,0.5599999999999999,12.05679891181735,14.430869689661812,hard,0.12282554394584486,0.13357058924144002,0.13039171882013814,0.15355619251811747
0.0,0.0,21.37870820657201,0.1031041457954989,0.40896644350924577,1.0150862032359615,1.0150862032359615,1.7229045243425418,0.8717797887081347,0.5599999999999999,20.440362032018903,14.430869689661812,hard,0.12247772354268587,0.13337560596821693,0.13022454817669948,0.15384239112731687
0.0,0.0,13.512358300049572,0.10317963841731045,0.5042257121212657,1.0150862032359615,1.0150862032359615,1.75681530047982,0.8717797887081347,0.5599999999999999,11.40043858805441,14.430869689661812,hard,0.12271945020799802,0.133363492238484,0.12999401230749336,0.15425045970540868
0.0,0.0,9.22468658997538,0.10323147433486783,0.5534014740175969,0.9977975746613138,0.9977975746613138,1.7888543819998315,0.87840765023991,0.5599999999999999,6.931810730249348,14.430869689661812,hard,0.12301950412301663,0.13339519667293145,0.13008273072622376,0.15436956873641955
0.0,0.0,9.288513020328224,0.10332128475036115,0.5422391561190381,1.0176443386566842,1.0176443386566842,1.820878908659222,0.9643650760992956,0.5599999999999999,8.85211839053229,14.430869689661812,hard,0.12340182179752705,0.13341251967737974,0.1301537231675807,0.1544072713323895
0.0,0.0,10.951374891105452,0.10345436803575009,0.5598262388196696,0.9951884243699782,0.9951884243699782,1.8396738841436002,0.9887365675446621,0.5599999999999999,8.622041521588722,14.430869689661812,hard,0.12367337309927084,0.13343749838448318,0.13026032509519828,0.1546657745245781
0.0,0.0,12.563582858462617,0.10362717443702901,0.5889842572404157,0.977547952787995,0.977547952787995,1.884781154404935,1.0176443386566842,0.5599999999999999,11.296742893418438,14.430869689661812,hard,0.12380416471389354,0.13341124925425737,0.13022608099538402,0.15535554959821582
0.0,0.0,28.69062945509143,0.10383768407937939,0.5566986693342524,0.977547952787995,0.977547952787995,1.884781154404935,1.0409610943738485,0.27999999999999997,28.678082223189197,14.430869689661812,hard,0.12418832525878826,0.13346044493585124,0.13031229960539156,0.15323075502514139
0.0,0.0,13.765233127527873,0.10426615829380527,0.5242641136229318,0.9797958971132712,0.9797958971132712,1.884781154404935,1.0814804667676619,0.27999999999999997,13.332501640727443,14.430869689661812,hard,0.12428687841180419,0.13366624408778743,0.13094778792679368,0.15328491389077134
0.0,0.0,20.660935846998935,0.10454250489672644,0.4994334666537873,1.0017983829094554,1.0017983829094554,1.884781154404935,1.078702924812944,0.27999999999999997,20.629580703446205,14.430869689661812,hard,0.12367728707089076,0.13388843620854396,0.1318126331615508,0.15404381520485355
0.0,0.0,14.642443523342399,0.10483260854596009,0.5144688238312852,0.9830564581955605,0.9830564581955605,1.9317349714699477,1.0665833300778707,0.0,14.066143750154128,14.430869689661812,hard,0.12363660483691727,0.1338965524599405,0.1322321886417057,0.15443987117188934
0.0,0.0,21.10276612966953,0.10503805250110353,0.5125474625788058,1.0,1.0,1.949358868961793,1.0111379727811631,0.0,19.058394475925823,14.430869689661812,hard,0.12352386442653998,0.1340208893677994,0.13214425537056101,0.15428073677019183
0.0,0.0,13.153135957453092,0.1052509127721153,0.4999896647065845,1.0409610943738483,1.0409610943738483,1.9461757371830528,0.9937806599043876,0.0,11.962023240238251,14.430869689661812,hard,0.12334270527698046,0.13434572461731842,0.1323948274927975,0.15462459742984871
0.0,0.0,24.541190118000223,0.10639462838194606,0.47507036272497877,1.0392304845413265,1.0392304845413265,1.9461757371830528,0.9927738916792685,0.0,24.644674881198977,14.430869689661812,hard,0.12389752724462143,0.1350519018071343,0.13247199808235574,0.15468340091301472
0.0,0.0,16.021907876937135,0.10697001551610241,0.4521415725816427,1.037111372997134,1.037111372997134,1.9461757371830528,0.9467840302835699,0.0,16.021098589048133,14.430869689661812,hard,0.12342840154900205,0.13540713030023296,0.1326108402016042,0.15461072734614442
0.0,0.0,14.842640535090945,0.10747152333666805,0.47550988505889175,0.9748846085563152,0.9748846085563152,1.9900753754569198,0.916515138991168,0.0,14.178589492611737,14.430869689661812,hard,0.12365835559473293,0.1359645230027673,0.13279070065908194,0.1546165622949202
0.0,0.0,10.0562594715361,0.1078721048214037,0.4513637894599978,0.9748846085563152,0.9748846085563152,1.9900753754569198,0.916515138991168,0.0,9.661801074333916,14.430869689661812,hard,0.12422190755970987,0.1364692999600159,0.13293165659027376,0.15468073971052743
0.0,0.0,9.741512822066525,0.1079556816399463,0.44318189214165626,0.9568698971124548,0.9568698971124548,2.0063897926375125,0.9053176238205021,0.0,9.414371991800621,14.430869689661812,hard,0.12375437370032585,0.13655885229615664,0.1332400667122114,0.1546561740898257
0.0,0.0,11.987640758466801,0.10788552947586948,0.4355279468611133,0.938083151964686,0.938083151964686,1.982422760159901,0.893532316147547,0.0,11.157490757334287,14.430869689661812,hard,0.12324015673468472,0.1365742700598446,0.13334366101272302,0.15469951884868496
0.0,0.0,10.587234711872572,0.10808304752582351,0.4280730359715103,0.9357350052231669,0.9357350052231669,1.9782820830205181,0.8345058418010026,0.0,10.032128388333156,14.430869689661812,hard,0.12360309630304875,0.13663064530474375,0.1334481960108695,0.15513768188561677
0.0,0.0,14.67531133882985,0.10829914488990348,0.44503931222109805,0.932952303175248,0.932952303175248,1.9840362899906845,0.8681013765684282,0.0,13.598955842269655,14.430869689661812,hard,0.12440259247608261,0.13696298626378986,0.13349231897307554,0.1552427976569726
0.0,0.0,24.687959494180706,0.10860771009244348,0.5799592001279896,0.9297311439335567,0.9297311439335567,2.0380382724571193,0.8999999999999999,0.0,24.31332145141836,14.430869689661812,hard,0.1236145702541048,0.13747691482510463,0.13367655187974867,0.15521293045747508
0.0,0.0,26.601230923713548,0.10911507011898618,0.5746243098779393,0.9112628599915613,0.9112628599915613,2.0100746254803576,0.9303762679690406,0.0,26.422384449553377,14.430869689661812,hard,0.12372075527971295,0.1385732369674059,0.1336427635336353,0.1556926522518858
0.0,0.0,22.33399328871135,0.10970054136962651,0.5860734826294057,0.8919641248391105,0.8919641248391105,2.0365657367244494,0.9593747964169165,0.0,22.237805647140636,14.430869689661812,hard,0.12386792229798126,0.1394153400609241,0.13354749899699198,0.15596017474882903
0.0,0.0,14.338497958900552,0.10982349894534682,0.5913013720297546,0.894427190999916,0.894427190999916,2.06194083329275,0.9666436778875658,0.0,12.7637141929769,14.430869689661812,hard,0.12383942233523378,0.13976041135386977,0.13359798184704202,0.15575908184416234
0.0,0.0,13.08342043143863,0.10975085321994874,0.5899359009787597,0.8991106717195608,0.8991106717195608,2.1029503084951866,1.0254754994635416,0.0,12.824991228067177,14.430869689661812,hard,0.1239034751290616,0.13974290124677766,0.13319927128780468,0.15579558662842535
0.0,0.0,13.760314488587015,0.10973409456030563,0.6039421398327198,0.8991106717195608,0.8991106717195608,2.135790251873999,1.0254754994635416,0.0,11.950163178802203,14.430869689661812,hard,0.12400217400235342,0.13993476779495026,0.13283817761730454,0.15574085950089125
0.0,0.0,12.220679024185694,0.10978834914423799,0.5836159387759416,0.8997777503361595,0.8997777503361595,2.1,1.0961751684835777,0.0,11.736847958459716,14.430869689661812,hard,0.12410442494975331,0.14022442099583982,0.13282732514393839,0.1557735192932931
0.0,0.0,16.740384998315232,0.11011087318304263,0.5571529417545963,0.9,0.9,2.1,1.1,0.0,15.502309505360804,14.430869689661812,hard,0.12421692927376128,0.14077197950843504,0.13337380139084756,0.15572856207312816
0.0,0.0,19.673611986718864,0.11041181850321945,0.5814690632176921,0.9433981132056604,0.9433981132056604,2.178164364780583,1.1677328461596,0.0,16.2079116483278,14.430869689661812,hard,0.12433416585156137,0.14113225448179958,0.1335193362563044,0.1553154123572498
0.0,0.0,31.35401335374559,0.11084471757419319,0.5550426527657872,0.9217374897442331,0.9217374897442331,2.178164364780583,1.1702991070662234,0.0,31.685605564672425,14.430869689661812,hard,0.12460934523245458,0.14095342262212104,0.13492270079946803,0.15474160405361534
0.0,0.0,18.224785807337756,0.11121426800649395,0.5440304401054832,0.9433981132056604,0.9433981132056604,2.1886982432487123,1.1677328461596,0.0,17.168296362772868,14.430869689661812,hard,0.125196943470501,0.141280133473735,0.1351804197486128,0.15494260258576006
0.0,0.0,16.68220773429776,0.11162791983561018,0.5235079378899936,0.8991106717195608,0.8991106717195608,2.1886982432487123,1.0816653826391969,0.0,15.25024589965683,14.430869689661812,hard,0.1254798211324261,0.14125140554432802,0.13656540722471258,0.15494856127536616
0.0,0.0,17.403311061588003,0.11197286769059202,0.5002473828264382,0.8772684879784525,0.8772684879784525,2.1886982432487123,1.0688311372709909,0.0,16.877073205979762,14.430869689661812,hard,0.12598165769214378,0.1418863510525307,0.13653274880572314,0.15484727763905257
0.0,0.0,23.73662224471184,0.11266930842925385,0.488026208003901,0.8997777503361595,0.8997777503361595,2.198999772623908,1.0583005244258363,0.0,23.695535444467172,14.430869689661812,hard,0.12631021770673337,0.14228528002894358,0.1369758419553225,0.15405387465701145
0.0,0.0,16.305807047622054,0.11322975966005795,0.46852239851655714,0.854166260162505,0.854166260162505,2.198999772623908,1.065082156455548,0.0,15.506759816286573,14.430869689661812,hard,0.12660303348432717,0.14270294687180088,0.13721324335913848,0.15427415522215088
0.0,0.0,29.492551174062456,0.114055587589988,0.45202919202849895,0.8991106717195609,0.8991106717195609,2.198999772623908,1.044030650891055,0.0,29.71776573028329,14.430869689661812,hard,0.12748888946379694,0.14326631832690356,0.1374700178296759,0.1552274720855454
0.0,0.0,18.067270215109836,0.11428767872902781,0.4654682290907073,0.8772684879784524,0.8772684879784524,2.172556098240043,0.9789790600416334,0.0,17.782013384316187,14.430869689661812,hard,0.12802552828984556,0.14326081131998303,0.13810849402162786,0.15405138417853456
0.0,0.0,27.22912643115732,0.11466688901442482,0.45923929806387187,0.8541662601625051,0.8541662601625051,2.164162655624572,0.938083151964686,0.0,27.713938731259404,14.430869689661812,hard,0.12791297267077056,0.14301822402857273,0.13892087674943787,0.1529524767283447
0.0,0.0,25.254396512188055,0.11441782218803326,0.42969997691092754,0.8534635317340745,0.8534635317340745,2.164162655624572,0.9271461589199408,0.0,22.968752687074673,14.430869689661812,hard,0.12792548755805086,0.14285967835063684,0.13910324403629176,0.15058776294745732
0.0,0.0,11.198653938058165,0.11460988913170388,0.4503955575004948,0.8772684879784524,0.8772684879784524,2.1832086478392303,0.8708616422830896,0.0,9.881801455200362,14.430869689661812,hard,0.1279868181201227,0.14313916026254736,0.13935475665661373,0.15042729865846174
0.0,0.0,28.050981894178484,0.11536539564054486,0.4777454128312225,0.8765842800324449,0.8765842800324449,2.1563858652847827,0.9035485598461214,0.0,27.649412290318217,14.430869689661812,hard,0.12800035551953562,0.14331603372425442,0.1402931012479133,0.15156494892522102
0.0,0.0,13.535151569721252,0.11581171221316759,0.4571113643422464,0.8997777503361595,0.8997777503361595,2.1563858652847827,0.9346657156438338,0.0,13.85047291611373,14.430869689661812,hard,0.12800803225847524,0.1434766019395244,0.1413204159129064,0.15179524337171024
0.0,0.0,14.932690574931433,0.11622795847366199,0.49469507384194483,0.9219544457292888,0.9219544457292888,2.1928064210048275,0.9643650760992954,0.0,14.499434471730268,14.430869689661812,hard,0.12830347848981105,0.14391051278085928,0.14189635564296313,0.15128725591078018
0.0,0.0,10.397327476959147,0.11656599098796128,0.5310704548417041,0.9219544457292888,0.9219544457292888,2.182567295640618,0.9643650760992954,0.0,9.272842067025621,14.430869689661812,hard,0.12863659808601408,0.1440103207835493,0.14244110957896317,0.15144361822330896
0.0,0.0,10.078635510272584,0.11678945470212111,0.5109691555608618,0.9217374897442331,0.9217374897442331,2.182567295640618,0.9927738916792685,0.0,9.425094163985845,14.430869689661812,hard,0.1288950781804168,0.1440206476965174,0.14259671840758967,0.15145671207909225
0.0,0.0,15.707678644009917,0.11707139823912668,0.5005984625359454,0.9425497334358544,0.9425497334358544,2.1633307652783933,1.0332473082471592,0.0,14.525852814895238,14.430869689661812,hard,0.12917388322311346,0.14407948054094313,0.14275483642690484,0.15170622761951066
0.0,0.0,15.623748865977062,0.11714880097649709,0.499587745677238,0.9425497334358544,0.9425497334358544,2.171543230055529,1.0332473082471592,0.0,14.861278545266556,14.430869689661812,hard,0.12933138240621472,0.14394047941661944,0.14279680708483458,0.15156206504981565
0.0,0.0,9.622759821216857,0.11706240878216732,0.49195181336861116,0.9425497334358544,0.9425497334358544,2.1886982432487123,1.0332473082471592,0.0,8.477169338877218,14.430869689661812,hard,0.12939666632253297,0.14379937916070532,0.14282992085588475,0.1511411756002455
0.0,0.0,14.776134379749191,0.11717475703716525,0.5790783820556623,0.9414881836751857,0.9414881836751857,2.2274649267721367,1.1320777358467924,0.0,13.554394121464817,14.430869689661812,hard,0.12943528515916533,0.14399038038423725,0.14309301070189276,0.1506790713033113
0.0,0.0,31.187059571841495,0.11769186650254251,0.6095212587898023,0.9414881836751857,0.9414881836751857,2.2741152125607007,1.179152237838694,0.0,31.378852751494907,14.430869689661812,hard,0.129468775908572,0.14491010374271673,0.14400744945240332,0.1505292845457524
0.0,0.0,22.062779056656932,0.1180845996749704,0.6506757466123366,0.9624967532412773,0.9624967532412773,2.2776303475322766,1.1832159566199232,0.0,21.740873947475063,14.430869689661812,hard,0.1297002072906483,0.1455845779855906,0.14489555466651138,0.15052670769600493
0.0,0.0,22.794032490377553,0.11859430733631571,0.6337360167636303,0.9830564581955606,0.9830564581955606,2.2922478051031048,1.2039933554633928,0.0,21.470016301810297,14.430869689661812,hard,0.13001814302550255,0.14576853322949046,0.1462963390844643,0.15069965141145525
0.0,0.0,38.30489169075401,0.11863563185630104,0.6143652796197917,0.9840731680114035,0.9840731680114035,2.2922478051031048,1.12942463227964,0.0,38.802190659806826,14.430869689661812,hard,0.12843679536138455,0.14537242490604532,0.1469069827007286,0.15049015293605722
0.0,0.0,16.540759876860843,0.11904274415323222,0.6360085532453603,1.02469507659596,1.02469507659596,2.238302928559939,1.0734989520255716,0.0,15.881322363077956,14.430869689661812,hard,0.12852826255777944,0.14572759571946914,0.14772942559528038,0.15030631813756187
0.0,0.0,11.54470399736672,0.11927521590942433,0.6181945838497738,1.0047885349664376,1.0047885349664376,2.2346364357541475,1.0688311372709909,0.0,10.267404735374953,14.430869689661812,hard,0.1287282170199784,0.14573126231533282,0.14804033446878437,0.15044551677557144
0.0,0.0,12.558822977409287,0.11934090580799031,0.596154272547628,1.0229369482035537,1.0229369482035537,2.2346364357541475,1.0770329614269007,0.0,12.682271089990152,14.430869689661812,hard,0.12862657510465422,0.14567558917015969,0.14817926089598332,0.15092003425818382
0.0,0.0,15.978858354871557,0.1194578070855594,0.6054412804248923,1.004987562112089,1.004987562112089,2.2397321268401718,1.0772186407596185,0.0,15.249918032566601,14.430869689661812,hard,0.12841004253714067,0.14556358571291245,0.14856103950976857,0.15113450766054753
0.0,0.0,14.449513778982345,0.11968772138075151,0.5837296368962507,1.0438390680559912,1.0438390680559912,2.2397321268401718,0.996794863550169,0.0,13.138584398632904,14.430869689661812,hard,0.12832390065233737,0.14591570724304387,0.14906470650369133,0.15079137294924816
0.0,0.0,15.845142237415848,0.11998349426627403,0.5677756957280439,1.0423051376636308,1.0423051376636308,2.2397321268401718,0.9789790600416334,0.0,15.238950095068887,14.430869689661812,hard,0.12806838571809867,0.14655437380767938,0.14941314015158286,0.1506066272030739
0.0,0.0,11.953976981135309,0.11988553069511367,0.5545584553186389,1.06226173799116,1.06226173799116,2.2397321268401718,0.9693296652842108,0.0,9.474196535854636,14.430869689661812,hard,0.1280071034081423,0.14660807043180843,0.14952056345210601,0.14958765604377683
0.0,0.0,17.892076101083752,0.12020666699079487,0.5816102434538173,1.044030650891055,1.044030650891055,2.3065125189341593,0.8829496021857646,0.0,16.535585868060434,14.430869689661812,hard,0.1281677438929981,0.1467774692375307,0.14970788469823598,0.14979362853189612
0.0,0.0,14.989944548565228,0.12027537818590411,0.5916264562010943,1.044030650891055,1.044030650891055,2.3020860105565126,0.8829496021857646,0.0,14.387619678042647,14.430869689661812,hard,0.12829956708646764,0.14686468829742555,0.14988150569827952,0.14946846596640503
0.0,0.0,15.56430152827532,0.12034403929721199,0.5837763104315188,1.044030650891055,1.044030650891055,2.2839439572809135,0.8829496021857646,0.0,13.949465939597834,14.430869689661812,hard,0.12837236974540778,0.14700095341696218,0.15009348921658272,0.14862473911483917
0.0,0.0,8.996799070900376,0.12037454637275513,0.5804214880722867,1.0438390680559912,1.0438390680559912,2.3120553626589477,0.9156418513807677,0.0,6.37808748764079,14.430869689661812,hard,0.128528110598641,0.14701608477938813,0.15013304793413754,0.1485495919314359
0.0,0.0,12.801542052761937,0.1205803351297956,0.5742609520605576,1.02469507659596,1.02469507659596,2.3297210133404387,0.9467840302835699,0.0,11.853168352807614,14.430869689661812,hard,0.12878091481921317,0.1471931652585676,0.1501907729310365,0.1486321246227347
0.0,0.0,15.459229410347216,0.1209377706369933,0.5467016549152103,1.043839068055991,1.043839068055991,2.3297210133404387,0.9765244492586962,0.0,14.99211792909861,14.430869689661812,hard,0.12910518293504872,0.14786545723193295,0.15039718389687295,0.14899693293461092
0.0,0.0,24.12154188319892,0.1211302235787482,0.5496869294290623,1.0814804667676619,1.0814804667676619,2.334866163187946,0.9927738916792685,0.0,24.27275015320679,14.430869689661812,hard,0.12892129559639556,0.14824117550477806,0.1504634162330628,0.14966128389232877
0.0,0.0,17.303230560599037,0.12135498364064874,0.5268432798833429,1.0814804667676619,1.0814804667676619,2.347850080392698,0.9927738916792685,0.0,16.504847772699996,14.430869689661812,hard,0.1287733501943313,0.1486904651709655,0.15071793692862998,0.14950020634036618
0.0,0.0,11.943221997753659,0.12153361484653621,0.5038495502699061,1.0814804667676619,1.0814804667676619,2.347850080392698,0.9927738916792685,0.0,11.959933110180845,14.430869689661812,hard,0.12896278035554862,0.1488438164220809,0.15086908494134804,0.15000091010695216
0.0,0.0,11.237007746812012,0.12170930390469364,0.47655826464536893,1.0998181667894016,1.0998181667894016,2.324134247413432,1.0770329614269007,0.0,10.43264108459598,14.430869689661812,hard,0.1294215974052073,0.14936608985221525,0.150892280304882,0.14997771231532486
0.0,0.0,12.143936935161634,0.12209213068495321,0.5020277958348907,1.118033988749895,1.118033988749895,2.3103246525109844,1.1007270324653609,0.0,10.836032484262862,14.430869689661812,hard,0.13025267410766359,0.15002505891181162,0.15105728989344283,0.15014394788523744
0.0,0.0,11.706697860878446,0.12250753382458764,0.4793270731168513,1.0998181667894016,1.0998181667894016,2.2769277546729496,1.1320777358467924,0.0,11.67568413413107,14.430869689661812,hard,0.1314718532174434,0.15035084108902808,0.15127961715297672,0.1502946062548511
0.0,0.0,12.640680882224725,0.12286357142215282,0.4896100208561194,1.1356055653262713,1.1356055653262713,2.2957351763650786,1.162067123706716,0.0,10.955619562580656,14.430869689661812,hard,0.13164311204006413,0.1503568801336714,0.15148729285158202,0.15110473765992302
0.0,0.0,31.74816800374896,0.12326069403793403,0.4728464112035895,1.1356055653262713,1.1356055653262713,2.296867431960321,1.1689311356961967,0.0,31.031235876129717,14.430869689661812,hard,0.13148404513634385,0.15046368415320432,0.1512537712002077,0.15148316978332604
0.0,0.0,32.08472554997851,0.12441247589967347,0.45649721216874256,1.0814804667676619,1.0814804667676619,2.296867431960321,1.116422858956229,0.0,32.45593320180456,14.430869689661812,hard,0.13136913729794208,0.15137690098421708,0.15246136485201733,0.15178049069702063
0.0,0.0,20.542262716862034,0.12509163611594676,0.4900182789451485,1.0998181667894016,1.0998181667894016,2.350829640786418,1.0770329614269007,0.0,20.428372426603154,14.430869689661812,hard,0.13184720803975805,0.15197922504415665,0.1535185121879272,0.15187351770179255
0.0,0.0,7.348379221460381,0.12532541024799804,0.4724552170034509,1.0998181667894016,1.0998181667894016,2.350829640786418,1.0770329614269007,0.0,6.711452897845592,14.430869689661812,hard,0.13205872187643622,0.15213483002744024,0.15402000544270159,0.15183539874088683
0.0,0.0,30.282092459448613,0.12566678278239193,0.4490343635451607,1.08,1.08,2.350829640786418,1.0777754868245986,0.0,30.598457477461178,14.430869689661812,hard,0.13254875547241812,0.15231027614658527,0.15462691504554635,0.1514026156751951
0.0,0.0,10.456095248617503,0.12596600213093923,0.4696564810251313,1.0809255293497328,1.0809255293497328,2.351254984045754,1.0137060717979351,0.0,9.203564526855885,14.430869689661812,hard,0.1327537547173252,0.1523322340697216,0.15503382663820767,0.15164262383071764
0.0,0.0,16.7192487728308,0.12644756365923598,0.46981473343827335,1.0814804667676619,1.0814804667676619,2.3515952032609695,1.0071742649611337,0.0,16.66714132657427,14.430869689661812,hard,0.13313864712229753,0.15237609653918996,0.1556337206260965,0.15119416707078773
0.0,0.0,19.25958293669374,0.1265802413845079,0.5841916172854593,1.0816653826391966,1.0816653826391966,2.4556872765073328,1.000199980003999,0.0,18.165781018167095,14.430869689661812,hard,0.1333650312164753,0.1520516564201737,0.1559594528173228,0.1509627543208829
0.0,0.0,14.51882530006067,0.1268491207995232,0.5586638371826832,1.0628264204469138,1.0628264204469138,2.4556872765073328,0.9724196624914575,0.0,13.932695360195027,14.430869689661812,hard,0.13344499905229196,0.15220300443505738,0.1565899513245874,0.1513996306708647
0.0,0.0,11.18188951216391,0.12710796653686107,0.5479341888586526,1.0799999999999998,1.0799999999999998,2.4707084004390323,0.8908422980528035,0.0,10.885513308980885,14.430869689661812,hard,0.1335650428556583,0.15220522614154117,0.15705023723377132,0.1516144042619651
0.0,0.0,19.064421944361513,0.12745503121928117,0.5203947836920653,1.06226173799116,1.06226173799116,2.4707084004390323,0.8811356308764275,0.0,18.771520982594883,14.430869689661812,hard,0.13379770439195476,0.15225232301723496,0.15720665677563306,0.1519405862746576
0.0,0.0,34.66886902999449,0.12772054062058932,0.4923281001805674,1.061319932913728,1.061319932913728,2.4707084004390323,0.9156418513807677,0.0,34.36914895658605,14.430869689661812,hard,0.1340496430702524,0.15213109946326417,0.1575727472143509,0.15227284991449547
0.0,0.0,10.08676111094111,0.12789799703149832,0.5065130611788552,1.0600000000000003,1.0600000000000003,2.4854778212649573,0.9484724561103501,0.0,9.268462655694307,14.430869689661812,hard,0.1343818942424353,0.1522884061572035,0.15775894772698446,0.15215199451918834
0.0,0.0,16.011211968020124,0.12799547208942866,0.4882019083476438,1.0600000000000003,1.0600000000000003,2.515949125081825,0.9484724561103501,0.0,15.774980190161887,14.430869689661812,hard,0.13513688074715613,0.1524383117750615,0.15764368289244318,0.15187121289006786
0.0,0.0,14.905077255831136,0.12821934407915667,0.4697681173305733,1.0392304845413263,1.0392304845413263,2.515949125081825,0.9591663046625439,0.0,14.551439791305876,14.430869689661812,hard,0.1356324039956235,0.15268378393264095,0.15787787192157102,0.15180934388958914
0.0,0.0,17.810458366187785,0.12854836769173414,0.44678591215472374,1.0392304845413263,1.0392304845413263,2.515949125081825,0.9591663046625439,0.0,17.47305353966501,14.430869689661812,hard,0.13610887959604626,0.15297811086138413,0.1581867261854924,0.15192999052861425
0.0,0.0,12.553485766444414,0.12889153543830684,0.438668947590291,1.0392304845413263,1.0392304845413263,2.5380307326744487,0.9591663046625439,0.0,11.324115859527401,14.430869689661812,hard,0.13625674101207647,0.1534159295534633,0.15876206779737398,0.15218040203435815
0.0,0.0,12.929913230205434,0.12912800296236096,0.4750205935882036,1.037111372997134,1.037111372997134,2.5811625287842683,1.0278132126023678,0.0,12.098528836185002,14.430869689661812,hard,0.13685581647656714,0.15378596701387337,0.15893259818390354,0.15215007369823194
0.0,0.0,18.58687700769773,0.129608857989222,0.46054183654274733,1.0150862032359615,1.0150862032359618,2.5811625287842683,1.0361467077590893,0.0,18.21647605877712,14.430869689661812,hard,0.13692880230179882,0.15429119086552842,0.1600209087108345,0.15246637457787485
0.0,0.0,16.779810216228398,0.12992983405202504,0.4356204917493002,0.9977975746613138,0.9977975746613138,2.5811625287842683,1.095627673984187,0.0,15.622048521240743,14.430869689661812,hard,0.1370261023899871,0.1547620144285885,0.16046214222009733,0.15253233185790607
0.0,0.0,29.57089992689107,0.13032494642472076,0.41312363508113686,0.9816312953446422,0.9816312953446422,2.5811625287842683,1.1539497389401325,0.0,29.648804360378513,14.430869689661812,hard,0.13492810888356369,0.15505657639690215,0.1609858513863835,0.1517868736767826
0.0,0.0,14.01288383419566,0.13067330531196258,0.37989193487966044,0.9624967532412771,0.9624967532412771,2.5811625287842683,1.2006664815842907,0.0,13.92696664747927,14.430869689661812,hard,0.13469413243015557,0.15553595879664228,0.16132273237168412,0.15207504443656628
0.0,0.0,29.40515555726266,0.13175458882716518,0.38557497523131906,1.0031948963187562,1.0031948963187562,2.602229813064173,1.1661903789690602,0.0,29.506040059621693,14.430869689661812,hard,0.1351467629847743,0.156403326986835,0.16142422608843576,0.15314338785729065
0.0,0.0,26.04706582985173,0.13215747112464898,0.38411679927861875,1.0,1.0,2.6229754097208002,1.1689311356961967,0.0,26.23909297212844,14.430869689661812,hard,0.13515374866472965,0.15714176372643812,0.16201413961932687,0.1530973615744574
0.0,0.0,27.186132168107033,0.13215662388192354,0.41940437788901724,0.977547952787995,0.977547952787995,2.6560120481654446,1.135077089893017,0.0,26.02632513437116,14.430869689661812,hard,0.13571475334453356,0.1575574067246457,0.16186594691121656,0.1533494704984567
0.0,0.0,17.588929071896768,0.13265299682757517,0.4240027577647253,1.04,1.04,2.6382570003697516,1.1516944039110375,0.0,17.885189403526034,14.430869689661812,hard,0.13595280861420064,0.15777666327547152,0.16209515358343285,0.15463631602615804
0.0,0.0,17.566969025023838,0.13302396438926406,0.43855330776244633,0.9797958971132712,0.9797958971132712,2.7,1.085172797300043,0.0,17.349132543156156,14.430869689661812,hard,0.1365721975190931,0.15824781764343995,0.16218926923641816,0.1553388326955836
0.0,0.0,52.82187349137877,0.13350065857063134,0.5533212956287525,0.9911609354691093,0.9911609354691093,2.7963547700533278,1.04,0.0,21.179886685249286,14.430869689661812,hard,0.137015019000246,0.15904813761336253,0.1624029465947569,0.1556754365802987
