step,timestamp,reward,coverage,cov_trace,altitude,alt_idx,loop_closures,altitude_changes,frontier_count,new_cells,map_seed,difficulty,cov_alt0,cov_alt1,cov_alt2,cov_alt3
0.0,0.0,33.44770194805204,0.009404779944924557,0.01831035465971396,0.0,0.0,0.0,0.0,0.0,33.32036014211131,14.430869689661812,hard,0.028757377345529897,0.017382690035545413,0.0,0.0
0.0,0.0,41.67619755496395,0.011450606597634552,0.04278806618724227,0.0,0.0,0.0,0.0,0.0,41.741341617154575,14.430869689661812,hard,0.03415653267425921,0.019422632334839394,0.0,0.0
0.0,0.0,34.689701860624396,0.01237589073250413,0.06252882393547289,0.0,0.0,0.0,0.0,0.0,34.0870415260697,14.430869689661812,hard,0.03572173084092758,0.022041601435406982,0.0,0.0
0.0,0.0,39.41558418407932,0.014346559246069111,0.0801136923586161,0.0,0.0,0.0,0.0,0.0,38.989352392672544,14.430869689661812,hard,0.0411485064259773,0.023643655085920475,0.0,0.0
0.0,0.0,39.01290495727497,0.016782835717860666,0.10612655253706876,0.0,0.0,0.0,0.0,0.0,38.69987596879349,14.430869689661812,hard,0.04665482920505653,0.02687102308975201,0.0,0.0
0.0,0.0,40.12777735784633,0.01928147833770736,0.1347803952233836,0.0,0.0,0.0,0.0,0.0,40.31141277603651,14.430869689661812,hard,0.052813067856735965,0.03064519382536859,0.0,0.0
0.0,0.0,35.315539657936135,0.021424046362549697,0.15950562185516165,0.0,0.0,0.0,0.0,0.0,34.95465062048254,14.430869689661812,hard,0.057897377233251744,0.03531102019355639,0.0,0.0
0.0,0.0,59.744495463135685,0.023997562608803747,0.18463681403540913,0.0,0.0,0.0,0.0,0.0,58.84969328722113,14.430869689661812,hard,0.06403714279697553,0.03885033867769849,0.0,0.0
0.0,0.0,50.55927638571389,0.02592786538734201,0.21023512839069725,0.0,0.0,0.0,0.0,0.0,50.813006209040616,14.430869689661812,hard,0.06847122071985251,0.04188134797565515,0.0,0.0
0.0,0.0,41.57532563110888,0.02845502900966305,0.23956342114782728,0.0,0.0,0.0,0.0,0.0,41.540385169133906,14.430869689661812,hard,0.07458924656360556,0.046104361380308316,0.0,0.0
0.0,0.0,41.35066503010654,0.03080373185213554,0.26929940183566936,0.0,0.0,0.0,0.0,0.0,40.82942076493371,14.430869689661812,hard,0.07992579753286878,0.05024037791663125,0.0,0.0
0.0,0.0,44.175446186788385,0.0340133851468198,0.3010586164545972,0.0,0.0,0.0,0.0,0.0,43.77486036528272,14.430869689661812,hard,0.08791124652259076,0.05536508949180926,0.0,0.0
0.0,0.0,43.56566025869038,0.03707027166799994,0.33340971164115185,0.0,0.0,0.0,0.0,0.0,43.40757537573367,14.430869689661812,hard,0.0953362443947763,0.06028428610314502,0.0,0.0
0.0,0.0,47.20100660489715,0.03986683048915913,0.3684107821405566,0.0,0.0,0.0,0.0,0.0,46.279503022396426,14.430869689661812,hard,0.10244164613255044,0.06469152789427926,0.0,0.0
0.0,0.0,48.263094515977706,0.04264697698594846,0.40346495153686257,0.0,0.0,0.0,0.0,0.0,48.03051113615178,14.430869689661812,hard,0.1088462493861868,0.06956937256802065,0.0,0.0
0.0,0.0,41.23532959720465,0.0453633038331362,0.4363011562646199,0.0,0.0,0.0,0.0,0.0,41.0360816842934,14.430869689661812,hard,0.11502353741941125,0.07443268741256713,0.0,0.0
0.0,0.0,46.46349603698532,0.04875104752233065,0.46646736870251326,0.0,0.0,0.0,0.0,0.0,46.39622829498105,14.430869689661812,hard,0.1223362612955483,0.08084755768018015,0.0,0.0
0.0,0.0,46.79713814238478,0.052211843406685575,0.4984940719902726,0.0,0.0,0.0,0.0,0.0,45.81135667058988,14.430869689661812,hard,0.13011186887399542,0.08719523462428694,0.0,0.0
0.0,0.0,52.11733278783306,0.055217394809761115,0.5327196483853448,0.0,0.0,0.0,0.0,0.0,51.377987504377785,14.430869689661812,hard,0.13735012000232472,0.09223334368266893,0.0,0.0
0.0,0.0,38.12466209399612,0.0579745710799865,0.5682030130226613,0.0,0.0,0.0,0.0,0.0,38.1369164983222,14.430869689661812,hard,0.1437808623074781,0.09701122330364186,0.0,0.0
0.0,0.0,54.84571221708703,0.06143563337595327,0.602122817289305,0.0,0.0,0.0,0.0,0.0,54.6358160916445,14.430869689661812,hard,0.15126004375508856,0.10361117788457204,0.0,0.0
0.0,0.0,39.70244677093493,0.06401988673596397,0.6354597080023476,0.0,0.0,0.0,0.0,0.0,39.02824105695772,14.430869689661812,hard,0.15674526829835878,0.10869084854207367,0.0,0.0
0.0,0.0,53.653132384890775,0.06536536000784793,0.6640109447723477,0.13999999999999999,0.13999999999999999,0.0,0.13999999999999999,0.0,50.93260252529808,14.430869689661812,hard,0.1611612570104434,0.11196212915812448,0.010625641025641026,0.0
0.0,0.0,56.3862976355177,0.06667062061954168,0.6901547279138263,0.19595917942265428,0.19595917942265428,0.0,0.19595917942265428,0.0,53.846804919140745,14.430869689661812,hard,0.16768569307243864,0.11401104703859587,0.01602383803955139,0.0
0.0,0.0,55.181618506948986,0.06750057088932963,0.7127224729966568,0.23748684174075838,0.23748684174075835,0.0,0.23748684174075835,0.0,53.40608579553458,14.430869689661812,hard,0.17030209168537128,0.1169873573032615,0.02043711250622417,0.0
0.0,0.0,48.11604589578161,0.06853685051239783,0.7331334718700299,0.23748684174075838,0.23748684174075835,0.0,0.23748684174075835,0.0,47.3280635564144,14.430869689661812,hard,0.17415449152247897,0.11887068933508681,0.025037101224041514,0.0
0.0,0.0,55.2862110883469,0.06982796877969885,0.7548914717386848,0.23748684174075838,0.23748684174075835,0.0,0.23748684174075835,0.0,54.52080703731375,14.430869689661812,hard,0.1758370868677168,0.12257034886615115,0.02855160453146297,0.0
0.0,0.0,36.54153883498034,0.07129135274593802,0.7761045836217375,0.23748684174075838,0.23748684174075835,0.0,0.23748684174075835,0.0,36.737778920343025,14.430869689661812,hard,0.17786951890291913,0.1269846233851632,0.03067058620940627,0.0
0.0,0.0,47.924357819000456,0.07209866707442165,0.7990621290019544,0.23748684174075838,0.23748684174075835,0.0,0.23748684174075835,0.0,48.219564494093056,14.430869689661812,hard,0.1790050830749556,0.12978830772238953,0.03202903252141246,0.0
0.0,0.0,43.47065717662929,0.07319573355743535,0.8194939875094771,0.23748684174075838,0.23748684174075835,0.0,0.23748684174075835,0.0,42.90260598145525,14.430869689661812,hard,0.18061910362038558,0.1331140386861179,0.033790048654130024,0.0
0.0,0.0,33.13213355827746,0.07460179205446438,0.8390745465282665,0.23748684174075838,0.23748684174075835,0.0,0.23748684174075835,0.0,32.181385924164296,14.430869689661812,hard,0.18269958993829052,0.13684065800728648,0.03537254014544932,0.0
0.0,0.0,42.02567855312003,0.07631457886391563,0.8610456709362594,0.23748684174075838,0.23748684174075835,0.0,0.23748684174075835,0.0,41.67913626744201,14.430869689661812,hard,0.1862727388845997,0.1403742384230296,0.03628964044220822,0.0
0.0,0.0,37.555584407376166,0.07779608756473227,0.8801785849515709,0.23748684174075838,0.23748684174075835,0.0,0.23748684174075835,0.0,36.97882637402112,14.430869689661812,hard,0.1896774480340969,0.14305662126617277,0.036800410354464595,0.0
0.0,0.0,38.25623717601947,0.07880670672796104,0.894787519786323,0.23748684174075838,0.23748684174075835,0.0,0.23748684174075835,0.0,37.487005748659094,14.430869689661812,hard,0.19182168717253442,0.14501096026850427,0.03792170541129372,0.0
0.0,0.0,36.67326418576069,0.07976282620492121,0.9074474580431838,0.23748684174075838,0.23748684174075835,0.0,0.23748684174075835,0.0,35.98513582022444,14.430869689661812,hard,0.19338598748765945,0.14709717807330233,0.039682852662848045,0.0
0.0,0.0,49.0805501680303,0.0813990881819161,0.9215758858067622,0.23748684174075838,0.23748684174075835,0.0,0.23748684174075835,0.0,48.262299986635526,14.430869689661812,hard,0.1968198306630011,0.150064707225108,0.04194775004850934,0.0
0.0,0.0,47.13262474334225,0.08321518752334482,0.9393436956827662,0.23748684174075838,0.23748684174075835,0.0,0.23748684174075835,0.0,46.99836592904056,14.430869689661812,hard,0.20008540908064099,0.15408829632392734,0.04505068847475383,0.0
0.0,0.0,43.55744717238817,0.0849041167252644,0.9551504059831104,0.23748684174075838,0.23748684174075835,0.0,0.23748684174075835,0.0,42.58896101104135,14.430869689661812,hard,0.20304924115616285,0.15768315200743588,0.0487913931938333,0.0
0.0,0.0,46.05787439225186,0.08612572904489134,0.9698047903391939,0.23748684174075838,0.23748684174075835,0.0,0.23748684174075835,0.0,45.3832391968665,14.430869689661812,hard,0.20451233917456696,0.1604800620179015,0.052499997470966474,0.0
0.0,0.0,45.16159874829322,0.0872198694678225,0.9841275251341287,0.23748684174075838,0.23748684174075835,0.0,0.23748684174075835,0.0,44.281738899912234,14.430869689661812,hard,0.20554827421708005,0.1629575528501698,0.05571238663802745,0.0
0.0,0.0,40.28736591197976,0.08865597217404199,1.0020472097436224,0.23748684174075838,0.23748684174075835,0.0,0.23748684174075835,0.0,37.47906082067693,14.430869689661812,hard,0.20765873819963737,0.16616591390104052,0.057318230409922476,0.0
0.0,0.0,50.34763703006362,0.08938027024433115,1.0192673159037968,0.23748684174075838,0.23748684174075835,0.0,0.23748684174075835,0.0,49.133210764207135,14.430869689661812,hard,0.20926287041292968,0.16762486002781285,0.06056944991549973,0.0
0.0,0.0,48.13790038569237,0.0903783570232749,1.0353706430413492,0.23748684174075838,0.23748684174075835,0.0,0.23748684174075835,0.0,48.006537054863685,14.430869689661812,hard,0.20927693389998017,0.17132981836846436,0.06420733496828969,0.0
0.0,0.0,38.361915998599954,0.09155134042315749,1.0502736523127885,0.23748684174075838,0.23748684174075835,0.0,0.23748684174075835,0.0,37.804449473573875,14.430869689661812,hard,0.20969501478899671,0.1745142430202739,0.06689988568488166,0.0
0.0,0.0,39.59177809261752,0.09238721445851472,1.0550603897842814,0.23748684174075838,0.23748684174075835,0.0,0.23748684174075835,0.0,39.52813681417327,14.430869689661812,hard,0.20997396198600699,0.17728457289306077,0.06928864969879958,0.0
0.0,0.0,36.04828395997552,0.09362988599598497,1.0650361048520611,0.23748684174075838,0.23748684174075835,0.0,0.23748684174075835,0.0,35.706671645506255,14.430869689661812,hard,0.21170771341353586,0.18027172962551483,0.07244962530078985,0.0
0.0,0.0,50.33108584975161,0.09483245289529334,1.069948136991301,0.2712931993250107,0.2712931993250107,0.0,0.2712931993250107,0.0,48.08388087498762,14.430869689661812,hard,0.21205450716949056,0.18328103352952138,0.0748295276311998,0.0
0.0,0.0,62.41545657146872,0.09568560294059897,1.0667245902234215,0.34698703145794946,0.3469870314579494,0.0,0.3469870314579494,0.0,57.61211330961571,14.430869689661812,hard,0.21442753105456877,0.1849122105617569,0.07800293753720142,0.0
0.0,0.0,53.683580995626734,0.09666168333786782,1.0587371633711946,0.3666060555964672,0.36660605559646714,0.0,0.36660605559646714,0.0,52.424025026699354,14.430869689661812,hard,0.21556763530990133,0.18645655696067498,0.08252534484955722,0.0
0.0,0.0,54.47704118363705,0.09701180240013695,1.0462708440284285,0.38418745424597095,0.38418745424597095,0.0,0.38418745424597095,0.0,51.13511513627402,14.430869689661812,hard,0.2176743429043135,0.18627950938937496,0.08554258992884602,0.0
0.0,0.0,52.201346033375714,0.09758006076423567,1.0413480575464802,0.38418745424597095,0.38418745424597095,0.0,0.38418745424597095,0.0,51.750203864332754,14.430869689661812,hard,0.21657750681276944,0.18786910014628136,0.08863575702857843,0.0
0.0,0.0,48.30981454928246,0.09834492174345766,1.0383886840350947,0.38418745424597095,0.38418745424597095,0.0,0.38418745424597095,0.0,46.092498305038745,14.430869689661812,hard,0.215682771176301,0.18999763148513532,0.09262425001171368,0.0
0.0,0.0,46.79916930877827,0.0990797958937456,1.0349176026144775,0.38418745424597095,0.38418745424597095,0.0,0.38418745424597095,0.0,46.52467732290037,14.430869689661812,hard,0.21536211675412698,0.19169288408282065,0.09655202001055367,0.0
0.0,0.0,44.36041694569294,0.1001492609647112,1.0359293309030626,0.38418745424597095,0.38418745424597095,0.0,0.38418745424597095,0.0,43.92309643001048,14.430869689661812,hard,0.216046534899246,0.19411768079514777,0.09950961149392662,0.0
0.0,0.0,46.78197211327378,0.10090665155981131,1.0383340037747548,0.38418745424597095,0.38418745424597095,0.0,0.38418745424597095,0.0,46.566601765643156,14.430869689661812,hard,0.21702339108443422,0.19553320506601926,0.10159201686170925,0.0
0.0,0.0,49.12123550212939,0.10241652520440901,1.0436775792930222,0.38418745424597095,0.38418745424597095,0.0,0.38418745424597095,0.0,46.62272407313841,14.430869689661812,hard,0.21790715707483208,0.19770428352789365,0.10569003046628901,0.0
0.0,0.0,40.6368114544519,0.10370358351874323,1.0505050678898769,0.38418745424597095,0.38418745424597095,0.0,0.38418745424597095,0.0,40.28014399179824,14.430869689661812,hard,0.21827341595844305,0.19955674381649482,0.10925529386630989,0.0
0.0,0.0,42.49912320632496,0.1047132399403965,1.0572080800054025,0.38418745424597095,0.38418745424597095,0.0,0.38418745424597095,0.0,42.111680089970285,14.430869689661812,hard,0.2191663250427369,0.2007485985897578,0.11175436390376466,0.0
0.0,0.0,46.62718900583634,0.10622195597328964,1.065213593559978,0.38418745424597095,0.38418745424597095,0.0,0.38418745424597095,0.0,42.89255879520363,14.430869689661812,hard,0.21986079433522399,0.2027342875661516,0.11592482936855583,0.0
0.0,0.0,32.977818363663644,0.10740672947292369,1.0723295500077572,0.38418745424597095,0.38418745424597095,0.0,0.38418745424597095,0.0,31.899373034591136,14.430869689661812,hard,0.22075532369671919,0.20468119542482813,0.1190506462361532,0.0
0.0,0.0,31.791604248513682,0.1086724986358685,1.0809279499206492,0.38418745424597095,0.38418745424597095,0.0,0.38418745424597095,0.0,31.571987583932692,14.430869689661812,hard,0.22187352303378527,0.20707732376558974,0.12180925069337215,0.0
0.0,0.0,32.637442268343904,0.10999156265033648,1.0879893773621592,0.38418745424597095,0.38418745424597095,0.0,0.38418745424597095,0.0,31.868956682012673,14.430869689661812,hard,0.22308800314651903,0.20915436438175725,0.12471157560650818,0.0
0.0,0.0,35.53664531673979,0.1115167125463437,1.094485072379216,0.38418745424597095,0.38418745424597095,0.0,0.38418745424597095,0.0,34.11726249276163,14.430869689661812,hard,0.2244735638154684,0.21175872235675916,0.1280714952742286,0.0
0.0,0.0,32.5451938424254,0.11240990354781485,1.1007859934522348,0.38418745424597095,0.38418745424597095,0.0,0.38418745424597095,0.0,32.4946826419339,14.430869689661812,hard,0.22583890265800882,0.21287487132711735,0.13036751117851075,0.0
0.0,0.0,37.14839913587882,0.11344440245655253,1.106225273782943,0.38418745424597095,0.38418745424597095,0.0,0.38418745424597095,0.0,36.02929918829951,14.430869689661812,hard,0.22636915537361496,0.2143237728668203,0.13308883902093524,0.0
0.0,0.0,27.95178003246467,0.11453262358148217,1.1079568312756638,0.38418745424597095,0.38418745424597095,0.0,0.38418745424597095,0.0,27.8579324430224,14.430869689661812,hard,0.2273626044179929,0.21587597874310824,0.13582637512930565,0.0
0.0,0.0,44.38336913649192,0.11554557913501595,1.1082297398462264,0.38418745424597095,0.38418745424597095,0.0,0.38418745424597095,0.0,41.678694797222235,14.430869689661812,hard,0.2280850118567505,0.21674640019600636,0.13914934081376112,0.0
0.0,0.0,31.80852160251567,0.11618649766522701,1.1086590533758622,0.38418745424597095,0.38418745424597095,0.0,0.38418745424597095,0.0,31.9284763181709,14.430869689661812,hard,0.22876841269426273,0.2174150063361592,0.1418919748653254,0.0
0.0,0.0,29.07522223651834,0.11681953238463917,1.108812627165403,0.38418745424597095,0.38418745424597095,0.0,0.38418745424597095,0.0,27.300761894130357,14.430869689661812,hard,0.22968064432704166,0.21802579792554125,0.14409043631023458,0.0
0.0,0.0,50.14158664798787,0.1182105745784508,1.1058641976796229,0.4472135954999579,0.4472135954999579,0.0,0.4472135954999579,0.0,47.696645584359494,14.430869689661812,hard,0.22997551922171822,0.22029591260469897,0.1486455663145891,0.00938508064516129
0.0,0.0,46.26478894155497,0.11941253312459058,1.101825622298796,0.45999999999999996,0.46,0.0,0.46,0.0,44.478309320386714,14.430869689661812,hard,0.23074179896392363,0.22158778739441015,0.1530602970604469,0.011078629032258062
0.0,0.0,53.99653853453572,0.11881518219926271,1.0864991790941882,0.5219195340279956,0.5219195340279956,0.0,0.5219195340279956,0.0,51.19751556472247,14.430869689661812,hard,0.23106981587677283,0.2213654203291837,0.1561146940108015,0.015700156217308324
0.0,0.0,51.768849579712345,0.11885584511786333,1.0774689678173914,0.530659966456864,0.530659966456864,0.0,0.530659966456864,0.0,51.01609157903024,14.430869689661812,hard,0.23070767115625765,0.22100914931150642,0.15992245720603415,0.019490360656623615
0.0,0.0,50.87330356073233,0.11916533544619716,1.0687000828653896,0.5455272678794342,0.5455272678794342,0.0,0.5455272678794342,0.0,47.39711383618205,14.430869689661812,hard,0.2308590420084085,0.22164170219006735,0.16259608844892576,0.022560996409964562
0.0,0.0,57.648308359054525,0.11880003219911484,1.055942565854885,0.5688585061331157,0.5688585061331157,0.0,0.5688585061331157,0.0,49.751381890355574,14.430869689661812,hard,0.23043977418997624,0.2206342527902876,0.16468786017644782,0.022980444896752623
0.0,0.0,49.78037490430592,0.11884872470277628,1.0478707493657269,0.5688585061331157,0.5688585061331157,0.0,0.5688585061331157,0.0,49.419271544611014,14.430869689661812,hard,0.2304548877773332,0.21986579132227105,0.16794742300316376,0.023949856426224193
0.0,0.0,40.91710155007513,0.11908904982270246,1.0413724162894369,0.5688585061331157,0.5688585061331157,0.0,0.5688585061331157,0.0,40.22305806375244,14.430869689661812,hard,0.23048690619525128,0.21929523962553116,0.17180078867315876,0.025118358559838707
0.0,0.0,48.33398649290693,0.11954283510814129,1.0352061538979134,0.5688585061331157,0.5688585061331157,0.0,0.5688585061331157,0.0,46.61623751441122,14.430869689661812,hard,0.23037646455904273,0.21947158416016027,0.17540141987469024,0.027248973412017746
0.0,0.0,44.384586179842955,0.11907256269069616,1.029466859750324,0.5688585061331157,0.5688585061331157,0.0,0.5688585061331157,0.0,44.111789807261275,14.430869689661812,hard,0.2285799019978635,0.21804971763105982,0.17888119435445138,0.027248973412017746
0.0,0.0,38.71410725682951,0.118617165892344,1.0215644105390858,0.5688585061331157,0.5688585061331157,0.0,0.5688585061331157,0.0,38.452698214819726,14.430869689661812,hard,0.22787300647728145,0.21628219426127945,0.1808060719577055,0.027693083433369448
0.0,0.0,32.39583372486137,0.11890477554897917,1.0204656519859165,0.5688585061331157,0.5688585061331157,0.0,0.5688585061331157,0.0,32.54381047142452,14.430869689661812,hard,0.22791344711931513,0.21560031323128864,0.18310925655014573,0.030974336729434813
0.0,0.0,46.22273579511831,0.11848818623804706,1.0172904825927238,0.5688585061331157,0.5688585061331157,0.0,0.5688585061331157,0.0,45.93997823247198,14.430869689661812,hard,0.2267498341748345,0.21357867230372443,0.1859592533467751,0.03286980270934171
0.0,0.0,44.705288520722256,0.11813791981423606,1.0154687438753884,0.5688585061331157,0.5688585061331157,0.0,0.5688585061331157,0.0,42.55516889873662,14.430869689661812,hard,0.22561762046982192,0.2125619242067123,0.18776230949628225,0.034319306303902286
0.0,0.0,46.50926755993997,0.1179810015417652,1.0127979246505447,0.5688585061331157,0.5688585061331157,0.0,0.5688585061331157,0.0,46.02756130841607,14.430869689661812,hard,0.22473163031500815,0.21166430737005856,0.19071827749540857,0.03831350433721655
0.0,0.0,43.6580401142064,0.11732826433652409,1.0089378882138362,0.5688585061331157,0.5688585061331157,0.0,0.5688585061331157,0.0,43.29108915238793,14.430869689661812,hard,0.22367691550118346,0.20994686213277425,0.19296448641521582,0.041880898151881875
0.0,0.0,46.694601560086774,0.11692733636392035,1.0040450672777124,0.5688585061331157,0.5688585061331157,0.13999999999999999,0.5688585061331157,0.0,45.98406680579699,14.430869689661812,hard,0.22268725256156247,0.20928875603602753,0.19449168931154417,0.04513585477601768
0.0,0.0,39.76716708099816,0.11668405591440469,1.0001473454012342,0.5688585061331157,0.5688585061331157,0.13999999999999999,0.5688585061331157,0.0,37.668283741099756,14.430869689661812,hard,0.22246632374966854,0.20830627253718634,0.1963823181638862,0.04779403075831298
0.0,0.0,30.43131305904953,0.11633977414083008,0.9933137318932903,0.5688585061331157,0.5688585061331157,0.13999999999999999,0.5688585061331157,0.0,30.75282751227926,14.430869689661812,hard,0.22189538187893185,0.2077524851615992,0.19751624064940834,0.04902437416618986
0.0,0.0,40.6264560518588,0.11608577793383755,0.9836678648739668,0.5688585061331157,0.5688585061331157,0.13999999999999999,0.5688585061331157,0.0,39.84269067219231,14.430869689661812,hard,0.22045251047590908,0.20764248522677814,0.19881117685722405,0.049845712816955594
0.0,0.0,41.72075431814143,0.11583428231279388,0.9749061233574284,0.5688585061331157,0.5688585061331157,0.13999999999999999,0.5688585061331157,0.0,39.479153992961905,14.430869689661812,hard,0.2192576236528562,0.20722555374497903,0.19997851941403746,0.05197128315353923
0.0,0.0,42.92727956038811,0.11590679697997366,0.967644254353053,0.5688585061331157,0.5688585061331157,0.13999999999999999,0.5688585061331157,0.0,40.37432847738771,14.430869689661812,hard,0.21891547641673867,0.2071925955690879,0.20139536813513784,0.05430820947906291
0.0,0.0,36.344892169819765,0.11574240279143382,0.9608343880574811,0.5688585061331157,0.5688585061331157,0.13999999999999999,0.5688585061331157,0.0,36.13014807608737,14.430869689661812,hard,0.21868354408143334,0.20644509841378372,0.20284357731663719,0.05520315194614966
0.0,0.0,34.373890290575,0.11577596098652669,0.9546158006809449,0.5688585061331157,0.5688585061331157,0.13999999999999999,0.5688585061331157,0.0,34.291625799894646,14.430869689661812,hard,0.21809744553473695,0.2063258510107266,0.20440503222519682,0.05520315194614966
0.0,0.0,33.0596187912513,0.11580871084085267,0.9488973290692883,0.5688585061331157,0.5688585061331157,0.13999999999999999,0.5688585061331157,0.0,31.117255663056152,14.430869689661812,hard,0.21749446952143112,0.20627632010064612,0.20565460527229157,0.05547866604544451
0.0,0.0,36.839107961497454,0.11596011594947986,0.9441754876239661,0.6053098380168622,0.6053098380168623,0.13999999999999999,0.6053098380168623,0.0,34.32972472945276,14.430869689661812,hard,0.217271319477761,0.20602961396988492,0.20652278144847097,0.05565438614359045
0.0,0.0,37.781417429752636,0.11521718627536666,0.9313405761863912,0.6696267617113283,0.6696267617113283,0.13999999999999999,0.6696267617113283,0.0,35.74255167164202,14.430869689661812,hard,0.2172403630386788,0.20545400405204767,0.20734197902052204,0.05891811061746049
0.0,0.0,46.43894255744096,0.114970368855345,0.9178642429050177,0.72773621594641,0.72773621594641,0.13999999999999999,0.72773621594641,0.0,40.937557328204136,14.430869689661812,hard,0.2171582712023608,0.20459152724319357,0.20798256434506115,0.06159362925035927
0.0,0.0,43.48445133940288,0.11476261752939171,0.9080652874019138,0.7539230729988305,0.7539230729988305,0.13999999999999999,0.7539230729988305,0.0,40.654033010268485,14.430869689661812,hard,0.2171181123769937,0.2046020637491123,0.20946643851325353,0.06480997617918725
0.0,0.0,48.1279221130216,0.11477582394242249,0.8990394794216141,0.7507329751649384,0.7507329751649384,0.13999999999999999,0.7507329751649384,0.0,46.12852046185743,14.430869689661812,hard,0.2168518240407065,0.20477235189381734,0.21081161765534817,0.06719317279510209
0.0,0.0,52.095874080450464,0.11518869330831047,0.8921194797464891,0.7644605941446557,0.7644605941446557,0.13999999999999999,0.7644605941446557,0.0,44.49525367946563,14.430869689661812,hard,0.2168967572964516,0.20505937584529124,0.2107407849270895,0.06871396305572301
0.0,0.0,44.63043435344238,0.11538735943650989,0.8859647489366893,0.7644605941446557,0.7644605941446557,0.13999999999999999,0.7644605941446557,0.0,43.35594076940322,14.430869689661812,hard,0.2172553840413671,0.2050059745327798,0.21158047641349736,0.07103824698074084
0.0,0.0,45.122094147664505,0.11605177636927316,0.8805241367226686,0.7644605941446557,0.7644605941446557,0.13999999999999999,0.7644605941446557,0.0,44.462698973409154,14.430869689661812,hard,0.21754943624645973,0.20601373504235967,0.2132505943037394,0.07401866593767516
0.0,0.0,42.96562682652271,0.11683267590187414,0.8759790314187869,0.7644605941446557,0.7644605941446557,0.13999999999999999,0.7644605941446557,0.0,42.99232024443435,14.430869689661812,hard,0.2182451568965269,0.20748611165881323,0.21519820857429106,0.07719528332156883
0.0,0.0,49.33771049624965,0.11781281322805333,0.8731705501725606,0.7644605941446557,0.7644605941446557,0.13999999999999999,0.7644605941446557,0.0,48.62026326543286,14.430869689661812,hard,0.21890555023504446,0.20927309112802533,0.21778206726165575,0.08054080447946299
0.0,0.0,40.73238244365234,0.1193080992155926,0.8710189975004591,0.7644605941446557,0.7644605941446557,0.13999999999999999,0.7644605941446557,0.0,40.207705729126104,14.430869689661812,hard,0.21927702828833265,0.210754071951776,0.21997611239874212,0.08345941712797131
0.0,0.0,42.21806887779889,0.12057464350177004,0.8694969709766405,0.7644605941446557,0.7644605941446557,0.13999999999999999,0.7644605941446557,0.0,41.98952250264344,14.430869689661812,hard,0.21994321203243894,0.21256722169429682,0.22264642631342776,0.08578749354779151
0.0,0.0,43.62818477680409,0.12199653302762675,0.8683016384520051,0.7644605941446557,0.7644605941446557,0.13999999999999999,0.7644605941446557,0.0,41.57208678909443,14.430869689661812,hard,0.22038966670314902,0.21402295036095062,0.2259462809998728,0.08889743333833411
0.0,0.0,38.13923618325735,0.12318209212272667,0.8676871350674366,0.7644605941446557,0.7644605941446557,0.13999999999999999,0.7644605941446557,0.0,37.44823093284915,14.430869689661812,hard,0.22047210703307976,0.2152227286471415,0.22922179317141372,0.09152596643330549
0.0,0.0,45.41437969395417,0.12349780302497809,0.8618880124909628,0.7644605941446557,0.7644605941446557,0.13999999999999999,0.7644605941446557,0.0,43.027433109587186,14.430869689661812,hard,0.21951565076496923,0.21532472012999287,0.23185987939631367,0.09346800423732407
0.0,0.0,44.39370227292277,0.12401280827613245,0.8564536435599297,0.7644605941446557,0.7644605941446557,0.13999999999999999,0.7644605941446557,0.0,44.03709345540416,14.430869689661812,hard,0.21906517441972373,0.2163338605995278,0.23404411492627797,0.09553291672443087
0.0,0.0,50.015035638024024,0.12378099414563128,0.8453319418313772,0.7644605941446557,0.7644605941446557,0.13999999999999999,0.7644605941446557,0.0,50.11992019147676,14.430869689661812,hard,0.2167580140793497,0.21556494362193376,0.23692668123656313,0.098680482349815
0.0,0.0,53.84936721953684,0.1240704597681227,0.8410726742623645,0.7644605941446557,0.7644605941446557,0.13999999999999999,0.7644605941446557,0.0,52.703791134983824,14.430869689661812,hard,0.21667347041900167,0.21554465194672215,0.2398890636561955,0.10225429305744296
0.0,0.0,39.38841938478149,0.1242657166595458,0.835118720166634,0.7644605941446557,0.7644605941446557,0.13999999999999999,0.7644605941446557,0.0,39.0773591738234,14.430869689661812,hard,0.21587414099722874,0.21581330302956805,0.2421316288347264,0.10543885401942486
0.0,0.0,44.52656615581577,0.12452923686832924,0.8266428177629199,0.7644605941446557,0.7644605941446557,0.13999999999999999,0.7644605941446557,0.0,42.86709227367771,14.430869689661812,hard,0.21443236217194786,0.2157473396145088,0.24500407541984526,0.10890599479250142
0.0,0.0,41.82653773430115,0.12465048480015718,0.819043701234642,0.7644605941446557,0.7644605941446557,0.13999999999999999,0.7644605941446557,0.0,41.473442104556504,14.430869689661812,hard,0.21377986295423201,0.2148182845809953,0.24767185634402195,0.11618079149917283
0.0,0.0,42.06790064949267,0.12470633322255549,0.8122058487019157,0.7644605941446557,0.7644605941446557,0.13999999999999999,0.7644605941446557,0.0,41.826981722328476,14.430869689661812,hard,0.21341280044535904,0.21417602960420629,0.25017638762684186,0.12204820200225473
0.0,0.0,37.904198386450254,0.12496049346868,0.8053633088775195,0.7644605941446557,0.7644605941446557,0.13999999999999999,0.7644605941446557,0.0,37.570073196628194,14.430869689661812,hard,0.21308450986174324,0.2138386524053516,0.25218116922126094,0.1274523246203629
0.0,0.0,34.96942841761308,0.12558518243867528,0.7982272177548011,0.7644605941446557,0.7644605941446557,0.13999999999999999,0.7644605941446557,0.0,33.01807989571774,14.430869689661812,hard,0.21281234950475278,0.21353035901553713,0.2543146031031424,0.13237450442287754
0.0,0.0,44.25612417644411,0.12550478033444293,0.7825506889208714,0.7858753081755401,0.78587530817554,0.13999999999999999,0.78587530817554,0.0,42.83223085481306,14.430869689661812,hard,0.21224939720751765,0.21335872365083694,0.25724946239541724,0.13790715178562588
0.0,0.0,38.77995516562168,0.1267138152407893,0.7765461515239758,0.8306623862918073,0.8306623862918073,0.13999999999999999,0.8306623862918073,0.0,37.019648836800165,14.430869689661812,hard,0.21131143752457712,0.21329905903971308,0.25978537236316623,0.1423762346553223
0.0,0.0,40.38990926376421,0.1284657902669194,0.7747324161389172,0.8306623862918073,0.8306623862918073,0.13999999999999999,0.8306623862918073,0.0,39.794974557097035,14.430869689661812,hard,0.21148809740604188,0.21358172079415985,0.26376253158797464,0.14683205646546602
0.0,0.0,49.05422413481405,0.1301233162365236,0.7689902976263391,0.8674099376880576,0.8674099376880576,0.13999999999999999,0.8674099376880576,0.0,47.21255765154012,14.430869689661812,hard,0.21049372873174907,0.21322125522512708,0.26830783631592015,0.15074502577924212
0.0,0.0,51.86534933920124,0.13086044565416002,0.7637283599290425,0.8553361912137238,0.8553361912137238,0.13999999999999999,0.8553361912137238,0.0,48.667705924976566,14.430869689661812,hard,0.20894442633574478,0.21204223023725108,0.27133006379279706,0.15545834055483615
0.0,0.0,32.68933204054773,0.13204807736170418,0.7593461941766795,0.8553361912137238,0.8553361912137238,0.13999999999999999,0.8553361912137238,0.0,31.32314798994507,14.430869689661812,hard,0.2085636668893232,0.21166376354180555,0.27425597205249463,0.16014005442015067
0.0,0.0,43.70531830115274,0.13349472032729584,0.755906871959414,0.8553361912137238,0.8553361912137238,0.13999999999999999,0.8553361912137238,0.0,41.173821780349705,14.430869689661812,hard,0.20805510621406179,0.21131330122218234,0.2776911186965793,0.166029461339734
0.0,0.0,48.15018416800977,0.13491491793035273,0.7525016422060964,0.8553361912137238,0.8553361912137238,0.13999999999999999,0.8553361912137238,0.0,47.49561663985425,14.430869689661812,hard,0.20684403220180606,0.2106712664134083,0.2820739491447247,0.17256645977914556
0.0,0.0,42.83751028032932,0.13655906608421778,0.7489626248084926,0.8553361912137238,0.8553361912137238,0.13999999999999999,0.8553361912137238,0.0,42.58817206690139,14.430869689661812,hard,0.206212484057235,0.2102312408452367,0.2875353258066898,0.1780184345656938
0.0,0.0,39.4775825720982,0.13861695623136672,0.7451895299334498,0.8553361912137238,0.8553361912137238,0.13999999999999999,0.8553361912137238,0.0,38.54688573672327,14.430869689661812,hard,0.20589882956656425,0.2099259900180757,0.29198140054828964,0.1853119017198608
0.0,0.0,40.33445290603435,0.14113385659019548,0.7427356979392955,0.8553361912137238,0.8553361912137238,0.13999999999999999,0.8553361912137238,0.0,40.243603218399805,14.430869689661812,hard,0.2056783126817771,0.2099672353514116,0.2976746889748356,0.19131937462890136
0.0,0.0,28.053967195725946,0.1424902279367573,0.740514362255086,0.8553361912137238,0.8553361912137238,0.13999999999999999,0.8553361912137238,0.0,27.85635295583397,14.430869689661812,hard,0.20545443545453024,0.20966094443636774,0.301307743483791,0.1952859630168117
0.0,0.0,47.535440579085055,0.14450084917094663,0.7387541630999055,0.8553361912137238,0.8553361912137238,0.13999999999999999,0.8553361912137238,0.0,47.72454714295359,14.430869689661812,hard,0.20497235038754535,0.20976501581266402,0.30622049442991234,0.20036724675874665
0.0,0.0,38.552498596557044,0.1461803432369933,0.7370406264146027,0.8553361912137238,0.8553361912137238,0.13999999999999999,0.8553361912137238,0.0,37.75288598239875,14.430869689661812,hard,0.20453039095103853,0.20896137224622224,0.31010468220418,0.20442934386425513
0.0,0.0,33.126955966269655,0.14785251855656767,0.7352680312878141,0.8553361912137238,0.8553361912137238,0.13999999999999999,0.8553361912137238,0.0,31.620221378099174,14.430869689661812,hard,0.20436496110225447,0.2087925279503974,0.31315386371128784,0.20935520704036506
0.0,0.0,34.84314021675746,0.1493679520503931,0.7336101878124706,0.8553361912137238,0.8553361912137238,0.13999999999999999,0.8553361912137238,0.0,34.55444978580906,14.430869689661812,hard,0.20388552816629196,0.2086264320467969,0.3163166586642447,0.21373976056431995
0.0,0.0,27.599493575298975,0.15055228071029472,0.7321559365399701,0.8553361912137238,0.8553361912137238,0.13999999999999999,0.8553361912137238,0.0,27.39022453358132,14.430869689661812,hard,0.20372888476225076,0.2083704937516039,0.31876175367215914,0.21697555397749468
0.0,0.0,31.746080034267756,0.15196818185817373,0.730819290632282,0.8553361912137238,0.8553361912137238,0.13999999999999999,0.8553361912137238,0.0,32.300241485165394,14.430869689661812,hard,0.2036524148586001,0.2080651778784744,0.3221589243485804,0.21985170674496687
0.0,0.0,44.46831345389363,0.15417793938015067,0.7297811795493407,0.8553361912137238,0.8553361912137238,0.13999999999999999,0.8553361912137238,0.0,44.05498382703142,14.430869689661812,hard,0.2036669300975844,0.20825495094751534,0.32649299195775094,0.224755520789036
0.0,0.0,35.381332600902745,0.15629955368024262,0.7289265423572687,0.8553361912137238,0.8553361912137238,0.13999999999999999,0.8553361912137238,0.0,34.87537239944543,14.430869689661812,hard,0.20349989098088933,0.2082952610184166,0.3303666918780157,0.22896296747237807
0.0,0.0,24.953505701162765,0.157661417746806,0.7282578770900258,0.8553361912137238,0.8553361912137238,0.13999999999999999,0.8553361912137238,0.0,24.96061697955401,14.430869689661812,hard,0.20350966842653465,0.20822741483847354,0.33250061529812847,0.2329700411411287
0.0,0.0,31.925216355701114,0.15913585419678936,0.7277948735357972,0.8553361912137238,0.8553361912137238,0.13999999999999999,0.8553361912137238,0.0,31.16306146706385,14.430869689661812,hard,0.20353309020841776,0.20825438462103596,0.3339890475835931,0.23645236347458246
0.0,0.0,24.68883888068288,0.15989418014783555,0.7269903413605485,0.8553361912137238,0.8553361912137238,0.13999999999999999,0.8553361912137238,0.0,24.11452674219422,14.430869689661812,hard,0.20363440194804322,0.20810643564756906,0.33536440277389784,0.2383888465664821
0.0,0.0,18.727756981696718,0.16083051678974028,0.7268951550833314,0.8553361912137238,0.8553361912137238,0.13999999999999999,0.8553361912137238,0.0,18.065979076706583,14.430869689661812,hard,0.20368211295496574,0.20819206359814543,0.3360930978071051,0.24124370990241428
0.0,0.0,20.014672213806737,0.16169855236419234,0.7271090593488921,0.8553361912137238,0.8553361912137238,0.13999999999999999,0.8553361912137238,0.0,19.617991742275763,14.430869689661812,hard,0.20381331289832114,0.20833305373678632,0.33667883111490426,0.24384692067649077
0.0,0.0,13.744896504029633,0.1620673608612895,0.7275180748747916,0.8553361912137238,0.8553361912137238,0.13999999999999999,0.8553361912137238,0.0,13.464635160300483,14.430869689661812,hard,0.20392514976350387,0.2083388583432918,0.3371468794279571,0.24518883402318467
0.0,0.0,33.7459569388628,0.16273737948110772,0.7276738938663665,0.8874683092933517,0.8874683092933517,0.13999999999999999,0.8874683092933517,0.0,29.746670401912215,14.430869689661812,hard,0.20408005299223275,0.20836951980922644,0.33775253991006127,0.24636475356627435
0.0,0.0,22.15752356233979,0.16317751739150876,0.7276803903750887,0.8874683092933517,0.8874683092933517,0.13999999999999999,0.8874683092933517,0.0,19.610976518266497,14.430869689661812,hard,0.20418119160929554,0.20835796472565923,0.33826948460797895,0.2473586975992013
0.0,0.0,19.390480621219144,0.16351872492306313,0.727686312382099,0.8874683092933517,0.8874683092933517,0.13999999999999999,0.8874683092933517,0.0,18.57133274700553,14.430869689661812,hard,0.20436338780713958,0.20832042704075462,0.3385986039764248,0.24832080122363495
0.0,0.0,13.865359956436047,0.16382307175830702,0.7276868964969532,0.8874683092933517,0.8874683092933517,0.13999999999999999,0.8874683092933517,0.0,13.103220978064895,14.430869689661812,hard,0.20440964629276429,0.20832042704075462,0.3387060493078738,0.24938144588309366
0.0,0.0,34.68101350898461,0.16396996958535792,0.7259270518077832,0.8863407922464135,0.8863407922464136,0.13999999999999999,0.8863407922464136,0.0,28.89568133822077,14.430869689661812,hard,0.20440964629276429,0.20837311261303731,0.3377281807068309,0.2495915914532569
0.0,0.0,41.650550993753775,0.16411859624382225,0.7254080733671462,0.8681013765684283,0.8681013765684283,0.13999999999999999,0.8681013765684283,0.0,35.39559859643568,14.430869689661812,hard,0.20442011149625955,0.2086501554733975,0.33617658960911045,0.25001657403372846
0.0,0.0,23.06901505542168,0.16426508037260146,0.7253790367987714,0.8681013765684283,0.8681013765684283,0.13999999999999999,0.8681013765684283,0.0,23.24509410606892,14.430869689661812,hard,0.20450737480952058,0.20888173851129824,0.3358682299694645,0.2500217742527904
0.0,0.0,21.984951219527254,0.16418271639239898,0.7238752891084279,0.8681013765684283,0.8681013765684283,0.13999999999999999,0.8681013765684283,0.0,21.585180101171268,14.430869689661812,hard,0.2035463972439442,0.2085292728151793,0.33523726984542696,0.2503873018285428
0.0,0.0,21.08341811733186,0.16447691848921422,0.7233970136016534,0.8681013765684283,0.8681013765684283,0.13999999999999999,0.8681013765684283,0.0,21.095554033966494,14.430869689661812,hard,0.20356490677787661,0.20862293304030458,0.3350505676241263,0.2509672164537186
0.0,0.0,20.54628378801171,0.16467176740870673,0.7230338960957706,0.8681013765684283,0.8681013765684283,0.13999999999999999,0.8681013765684283,0.0,17.792133093027378,14.430869689661812,hard,0.2036098875971398,0.20863332546178767,0.3352095091789465,0.2511690271554943
0.0,0.0,26.920745473561116,0.1649754001421618,0.7225207019256146,0.8681013765684283,0.8681013765684283,0.13999999999999999,0.8681013765684283,0.0,26.617144850640912,14.430869689661812,hard,0.20368023832557683,0.20887923092920654,0.3357719744942893,0.25158521545249674
0.0,0.0,22.644295093189292,0.16492274604085572,0.7142577842244081,0.8681013765684283,0.8681013765684283,0.13999999999999999,0.8681013765684283,0.0,22.485052812924412,14.430869689661812,hard,0.2035430714772688,0.20654831597370504,0.3364085475685747,0.2527519372102455
0.0,0.0,38.99901313800902,0.1648468136957315,0.7060741996927516,0.8681013765684283,0.8681013765684283,0.13999999999999999,0.8681013765684283,0.0,39.36406991153227,14.430869689661812,hard,0.20349716859931924,0.20541944158117958,0.3367670876839659,0.25341614920890104
0.0,0.0,26.67624237865879,0.16527914357839815,0.7062172226098729,0.8681013765684283,0.8681013765684283,0.13999999999999999,0.8681013765684283,0.0,26.61175680033169,14.430869689661812,hard,0.20367742039095346,0.20577255992403776,0.3373553834735188,0.25435913791889897
0.0,0.0,38.04857005772695,0.16550069896962954,0.698918896905605,0.8681013765684283,0.8681013765684283,0.13999999999999999,0.8681013765684283,0.0,37.64901592339433,14.430869689661812,hard,0.20329113303570698,0.20553899226951952,0.3383450875248263,0.2553736110404309
0.0,0.0,35.01107846385854,0.16596967321777348,0.7121390656177495,0.8681013765684283,0.8681013765684283,0.19595917942265428,0.8681013765684283,0.0,35.18633825790913,14.430869689661812,hard,0.20340673378835267,0.2061246056205073,0.33933078116892845,0.25601574793326837
0.0,0.0,28.547363419509814,0.16633356071456987,0.711802192758773,0.8681013765684283,0.8681013765684283,0.19595917942265428,0.8681013765684283,0.0,28.781910985895294,14.430869689661812,hard,0.2035307527784422,0.20649373939299034,0.33990820597031,0.2567176165431458
0.0,0.0,36.22418737832821,0.1672506598221382,0.711686818643041,0.8681013765684283,0.8681013765684283,0.19595917942265428,0.8681013765684283,0.0,36.120354372569494,14.430869689661812,hard,0.20353994921697477,0.20752068209477448,0.3416878029982999,0.2578484778387577
0.0,0.0,29.50774389315811,0.16815753011232865,0.7116548171403907,0.8681013765684283,0.8681013765684283,0.19595917942265428,0.8681013765684283,0.0,29.21991786436095,14.430869689661812,hard,0.20367726893800042,0.20795822896546698,0.3432685270272444,0.25988261077018715
0.0,0.0,27.219858156151485,0.16869866166942818,0.7115809242070883,0.8681013765684283,0.8681013765684283,0.19595917942265428,0.8681013765684283,0.0,27.194440608330225,14.430869689661812,hard,0.20377689720041725,0.2083955529779459,0.344326569337357,0.2609041988478825
0.0,0.0,34.31280966200734,0.16942098505279968,0.711343815271346,0.8681013765684283,0.8681013765684283,0.19595917942265428,0.8681013765684283,0.0,34.08148470944304,14.430869689661812,hard,0.20391668491603218,0.20913960815721166,0.3456897132924008,0.26148257211820236
0.0,0.0,23.81090563116472,0.1698566392127785,0.7111195530457554,0.8681013765684283,0.8681013765684283,0.19595917942265428,0.8681013765684283,0.0,23.866160143600816,14.430869689661812,hard,0.20399251424573012,0.20936065819688612,0.3465936827498877,0.26194000787252386
0.0,0.0,33.19372342986968,0.1706842491177614,0.7109064918200322,0.8681013765684283,0.8681013765684283,0.19595917942265428,0.8681013765684283,0.0,33.09320171878206,14.430869689661812,hard,0.20396629683914813,0.20949180012620883,0.34831682872798864,0.26288543967386924
0.0,0.0,25.912570077317557,0.1712118379348334,0.7227360358583109,0.8681013765684283,0.8681013765684283,0.23748684174075835,0.8681013765684283,0.0,23.57690395280941,14.430869689661812,hard,0.20402915080133222,0.20939514627290004,0.34957564365857646,0.26385735429590806
0.0,0.0,17.21298961829118,0.17165065362171386,0.7224280075427794,0.8681013765684283,0.8681013765684283,0.23748684174075835,0.8681013765684283,0.0,16.908885238240867,14.430869689661812,hard,0.20407394408974994,0.20921706774269314,0.35067968002103533,0.2645955608907287
0.0,0.0,42.808940362708796,0.1715181940776075,0.7138115819160101,0.8681013765684283,0.8681013765684283,0.23748684174075835,0.9156418513807677,0.0,39.79761299374625,14.430869689661812,hard,0.20409840134937457,0.20867514323593803,0.351777120405424,0.2654595794296116
0.0,0.0,25.847966868726505,0.17190063463538735,0.7094579760043528,0.8681013765684283,0.8681013765684283,0.23748684174075835,0.9156418513807677,0.0,25.455129149151844,14.430869689661812,hard,0.2041077558149983,0.20824336577828967,0.35292724132156095,0.26638156232070337
0.0,0.0,57.313798148415344,0.17191317825070218,0.7052335534144565,0.8811356308764275,0.8811356308764275,0.23748684174075835,0.9219544457292888,0.0,49.81124371063224,14.430869689661812,hard,0.20410843333537312,0.20772322646136057,0.3507545963440388,0.26612267119148514
0.0,0.0,43.32967224046111,0.17207361741152127,0.6994027541226007,0.8634813257969162,0.8634813257969162,0.23748684174075835,0.9024411338142783,0.0,39.5049819643042,14.430869689661812,hard,0.2041405321872689,0.20721741852834658,0.348927700149014,0.26672645340779716
0.0,0.0,43.77403632430378,0.17162237143605336,0.6866704137239213,0.8333066662399862,0.8333066662399862,0.23748684174075835,0.8717797887081348,0.0,41.52168108350142,14.430869689661812,hard,0.20417532745267897,0.20657362946371788,0.34602400866355754,0.26800523851334684
0.0,0.0,36.512294030182154,0.17216414919640616,0.6810495185186953,0.81706792863262,0.8170679286326199,0.23748684174075835,0.855336191213724,0.0,32.337866348910524,14.430869689661812,hard,0.20417532745267897,0.20661614475505022,0.34434687538746694,0.26997479510170536
0.0,0.0,32.89192481903371,0.17241655593620733,0.6757437551672104,0.81706792863262,0.8170679286326199,0.23748684174075835,0.855336191213724,0.0,32.6022637250851,14.430869689661812,hard,0.20418014796740125,0.20649000904532863,0.3435043192364082,0.2713252014602179
0.0,0.0,33.993101219671566,0.17255084613560054,0.6709497934791291,0.81706792863262,0.8170679286326199,0.23748684174075835,0.855336191213724,0.5599999999999999,33.641337666626754,14.430869689661812,hard,0.20418014796740125,0.20620623836714932,0.34285719534404074,0.27224928894829936
0.0,0.0,31.754033497321906,0.17249743434629966,0.6664184830211279,0.81706792863262,0.8170679286326199,0.23748684174075835,0.855336191213724,0.5599999999999999,31.75033228172581,14.430869689661812,hard,0.20425421925634213,0.2058479360746353,0.34213517346844435,0.27216864683398123
0.0,0.0,34.711724476337366,0.1724826820846603,0.6622234607562593,0.81706792863262,0.8170679286326199,0.23748684174075835,0.855336191213724,0.5599999999999999,34.55118521845524,14.430869689661812,hard,0.2042547257006606,0.20507709118603534,0.3418088407734965,0.27212092259694504
0.0,0.0,31.792807088047926,0.17274835238973116,0.6587830488500173,0.81706792863262,0.8170679286326199,0.23748684174075835,0.855336191213724,0.5599999999999999,31.325542293789585,14.430869689661812,hard,0.2044713451506372,0.204483435643022,0.3416232742310892,0.2736207686097305
0.0,0.0,33.99320253221607,0.17298842731211453,0.6545189988167018,0.81706792863262,0.8170679286326199,0.23748684174075835,0.855336191213724,0.5599999999999999,33.71869511116942,14.430869689661812,hard,0.20422362813120656,0.20419740444168233,0.34152877927479564,0.27464141487158666
0.0,0.0,36.70012280495789,0.17323479962425045,0.64410955946663,0.81706792863262,0.8170679286326199,0.23748684174075835,0.855336191213724,0.5599999999999999,35.630189446591494,14.430869689661812,hard,0.20378687714357058,0.2037141800059433,0.3416950616237832,0.2757304058336126
0.0,0.0,37.617766573891544,0.17316394361254456,0.6332488536828271,0.81706792863262,0.8170679286326199,0.23748684174075835,0.855336191213724,0.5599999999999999,36.799505431459266,14.430869689661812,hard,0.20170097698251827,0.20348610578758425,0.3420297919086373,0.27705972568028436
0.0,0.0,29.51867117277157,0.1734720217386564,0.6396586194711176,0.81706792863262,0.8170679286326199,0.2712931993250107,0.855336191213724,0.5599999999999999,29.494548648860523,14.430869689661812,hard,0.20042863868611432,0.203596140415562,0.3417671264756612,0.278231195274962
0.0,0.0,30.359389552437342,0.17372123752582638,0.6320404628592593,0.81706792863262,0.8170679286326199,0.2712931993250107,0.855336191213724,0.5599999999999999,30.14195746795486,14.430869689661812,hard,0.1995190067124113,0.2023792556683242,0.3417826794431307,0.2796008851169881
0.0,0.0,27.307153538089683,0.17341975909781007,0.623023803559004,0.81706792863262,0.8170679286326199,0.2712931993250107,0.855336191213724,0.5599999999999999,26.968641048447363,14.430869689661812,hard,0.1973002808218685,0.20109655164843546,0.3419748902452264,0.28017909481666686
0.0,0.0,29.23908163361514,0.17372641551459428,0.6129058792580402,0.81706792863262,0.8170679286326199,0.2712931993250107,0.855336191213724,0.5599999999999999,28.97489257961106,14.430869689661812,hard,0.19626345664547187,0.20000695776735591,0.34272513095837837,0.28163228296164117
0.0,0.0,23.82592249722962,0.1741857727807874,0.6040928985734995,0.81706792863262,0.8170679286326199,0.2712931993250107,0.855336191213724,0.5599999999999999,23.800848724362748,14.430869689661812,hard,0.19612609975788672,0.19917620860760904,0.34332287345397094,0.28289184643641396
0.0,0.0,25.440987741030106,0.1748738006656178,0.611375622538645,0.81706792863262,0.8170679286326199,0.3,0.855336191213724,0.5599999999999999,24.502808002349443,14.430869689661812,hard,0.19593485669171987,0.19914553247589115,0.34405860573575664,0.28414765526708247
0.0,0.0,29.662142103492958,0.17564419185337382,0.6108392181563556,0.81706792863262,0.8170679286326199,0.3,0.855336191213724,0.5599999999999999,28.985520523185368,14.430869689661812,hard,0.19593277206659657,0.19937398035969997,0.3453348150241549,0.2850968333253932
0.0,0.0,23.14470218185546,0.17639369556749135,0.6104644854464337,0.81706792863262,0.8170679286326199,0.3,0.855336191213724,0.5599999999999999,23.410390855344556,14.430869689661812,hard,0.1959544711181103,0.19965298423587843,0.3460208941076954,0.28676646217926277
0.0,0.0,19.49799970493269,0.17686785097058946,0.6140341282796493,0.8333066662399862,0.8333066662399862,0.3249615361854384,0.9068627239003707,0.5599999999999999,18.56005387923214,14.430869689661812,hard,0.1959907335779496,0.19965780614717657,0.34638448822842355,0.2879082580004298
0.0,0.0,21.464716067849803,0.17728944095632285,0.6192779773543198,0.8333066662399862,0.8333066662399862,0.3469870314579494,0.9068627239003707,0.5599999999999999,20.74262278498069,14.430869689661812,hard,0.1952137998257629,0.19970866211089816,0.34697153542811116,0.28923264757113765
0.0,0.0,23.937019120608042,0.17705655193916,0.6117506255012694,0.8646386528486916,0.8646386528486916,0.3469870314579494,0.9340235543068494,0.5599999999999999,22.001172696017818,14.430869689661812,hard,0.1946155312106906,0.1980302450337058,0.3471163243571008,0.28969942044221986
0.0,0.0,32.03332630658983,0.17699790896127535,0.6045735339359135,0.8717797887081347,0.8717797887081348,0.3469870314579494,0.9389355675444402,0.5599999999999999,29.466292606977216,14.430869689661812,hard,0.1937475442075171,0.1977913826160215,0.34680335066573753,0.2901921573441875
0.0,0.0,56.79946846303926,0.1760867708705137,0.587085403090884,0.9,0.9000000000000001,0.3469870314579494,0.9568698971124548,0.5599999999999999,50.852335246279495,14.430869689661812,hard,0.19360889819140578,0.19775141512742464,0.3455195253852282,0.28838891470237155
0.0,0.0,44.41663517104917,0.17597824330155615,0.5736371602263232,0.885663593019381,0.8856635930193812,0.3469870314579494,0.94,0.5599999999999999,42.311818679891324,14.430869689661812,hard,0.19353988041903739,0.19785625549558217,0.3442218632424217,0.288048180364793
0.0,0.0,37.38624852309271,0.17603972465696952,0.5627332008103492,0.8818163074019442,0.8818163074019442,0.3469870314579494,0.9624967532412771,0.0,35.82696749656605,14.430869689661812,hard,0.1936004151343988,0.1980188449774923,0.344375224041108,0.28820119009952466
0.0,0.0,42.70300421772582,0.17584695500989506,0.5621077743180936,0.8692525524840291,0.8692525524840291,0.36660605559646714,0.9433981132056604,0.0,39.55021618145721,14.430869689661812,hard,0.193620359694884,0.19844216295527983,0.3423721771339443,0.2880502764614451
0.0,0.0,39.9115972684628,0.17595487506561464,0.5481278420621681,0.8692525524840291,0.8692525524840291,0.36660605559646714,0.9433981132056604,0.0,37.28753142807928,14.430869689661812,hard,0.19344800707435497,0.1988213616934213,0.34276277083258333,0.28774628092431537
0.0,0.0,37.90004243254433,0.17590846181548853,0.5353110145705791,0.8692525524840291,0.8692525524840291,0.36660605559646714,0.9433981132056604,0.0,35.6081788357675,14.430869689661812,hard,0.19289870285421828,0.19845624623458896,0.34291396016270326,0.28797365975449807
0.0,0.0,28.097584097678656,0.1760880565667223,0.5241196150007011,0.8692525524840291,0.8692525524840291,0.36660605559646714,0.9433981132056604,0.0,27.833138522272332,14.430869689661812,hard,0.19246745977779356,0.19808886053445038,0.3434619289720769,0.2889362136912105
0.0,0.0,32.44490669740137,0.17637286463431856,0.5130529531262086,0.8692525524840291,0.8692525524840291,0.36660605559646714,0.9433981132056604,0.0,31.98359579534484,14.430869689661812,hard,0.1921596788193023,0.19768774727764174,0.34437740300633873,0.28939611497758455
0.0,0.0,32.83121035757853,0.1766470472624994,0.5038522684811557,0.8692525524840291,0.8692525524840291,0.36660605559646714,0.9433981132056604,0.0,33.08003022973226,14.430869689661812,hard,0.19168813529293588,0.19715165067565096,0.34455573648448234,0.28992073864183726
0.0,0.0,26.498196331323594,0.17682077149515646,0.49519363756798584,0.8692525524840291,0.8692525524840291,0.36660605559646714,0.9433981132056604,0.0,26.326602515326584,14.430869689661812,hard,0.19115049618372343,0.1966371806839885,0.344763683177152,0.29092992497020564
0.0,0.0,20.605412714700734,0.17680554270428822,0.48632541001391527,0.8692525524840291,0.8692525524840291,0.36660605559646714,0.9433981132056604,0.0,20.295428056584566,14.430869689661812,hard,0.19088730252384475,0.19630015310220839,0.34485764942860975,0.2915463714561998
0.0,0.0,26.9706142621125,0.17668962942773725,0.47933872129837696,0.8692525524840291,0.8692525524840291,0.36660605559646714,0.9433981132056604,0.0,26.997962886114205,14.430869689661812,hard,0.19037575082478625,0.19596637539817213,0.34484673732550397,0.29175596869143355
0.0,0.0,31.100593441570556,0.17661720592913854,0.47427510728475536,0.8692525524840291,0.8692525524840291,0.36660605559646714,0.9433981132056604,0.0,31.13315917153285,14.430869689661812,hard,0.18975594687574038,0.19587121069305705,0.3447543098763417,0.2922423048534962
0.0,0.0,29.966784077813337,0.17669382029777658,0.4696646295421857,0.8692525524840291,0.8692525524840291,0.36660605559646714,0.9433981132056604,0.0,29.648669447379927,14.430869689661812,hard,0.18948044878849865,0.19560129752090735,0.3446242230989085,0.2929896567018426
0.0,0.0,34.08529834721398,0.17660170003040795,0.46586917693948976,0.8692525524840291,0.8692525524840291,0.36660605559646714,0.9433981132056604,0.0,33.47263957323951,14.430869689661812,hard,0.18883159125545831,0.1950110081127861,0.3453528873655669,0.2934905289602721
0.0,0.0,27.519014116808325,0.17614196720265185,0.46196902481768687,0.8692525524840291,0.8692525524840291,0.36660605559646714,0.9433981132056604,0.0,27.53569319991781,14.430869689661812,hard,0.18767255784915263,0.19392644636379489,0.34592086741826084,0.29404042670339486
0.0,0.0,30.58427158988773,0.17611782032858353,0.45825396230429044,0.8692525524840291,0.8692525524840291,0.36660605559646714,0.9433981132056604,0.0,30.180265075045316,14.430869689661812,hard,0.18722642876229736,0.19338603755373393,0.34680073081570634,0.29466578229451934
0.0,0.0,24.76064230226027,0.17614808638864926,0.4550270801582171,0.8692525524840291,0.8692525524840291,0.36660605559646714,0.9433981132056604,0.0,24.738383132290597,14.430869689661812,hard,0.18717638395423147,0.19286478192497097,0.3475312820390256,0.2956477527254179
0.0,0.0,30.80104790211043,0.17617199400709702,0.4521527120289532,0.8692525524840291,0.8692525524840291,0.36660605559646714,0.9433981132056604,0.0,31.188901872300665,14.430869689661812,hard,0.1871025236323755,0.19246834984682484,0.3485033444116307,0.29686204610798245
0.0,0.0,32.13312213349483,0.17662186183669557,0.4501041552892961,0.8692525524840291,0.8692525524840291,0.36660605559646714,0.9433981132056604,0.0,32.140821395851106,14.430869689661812,hard,0.1871025236323755,0.19223985261274085,0.3499416007704366,0.2985055684462241
0.0,0.0,29.255572721545267,0.17712048059166846,0.44830957554917056,0.8662563131083085,0.8662563131083086,0.36660605559646714,0.9641576634555161,0.0,28.749233033248032,14.430869689661812,hard,0.1868267189729827,0.19186671340123473,0.3512686730188309,0.3001224215050074
0.0,0.0,27.743539108283745,0.17752103276147777,0.44678364832609435,0.8662563131083085,0.8662563131083086,0.36660605559646714,0.9641576634555161,0.0,26.832375966358253,14.430869689661812,hard,0.18635835054855018,0.19138046505718365,0.3524125196413277,0.30159211393263813
0.0,0.0,36.42505825445872,0.17714219635118678,0.4366827482900954,0.8919641248391103,0.8919641248391103,0.36660605559646714,0.9840731680114034,0.0,34.643215786066975,14.430869689661812,hard,0.18589639247004178,0.19081147456713402,0.3534280456104656,0.3024725080623496
0.0,0.0,41.31759420820003,0.17708047811887437,0.43135029274346487,0.9400000000000001,0.9400000000000001,0.36660605559646714,1.0215674231297707,0.0,38.81513107024115,14.430869689661812,hard,0.18539545955315967,0.18995285570510376,0.35391213695630214,0.3042177098487775
0.0,0.0,34.248836455547185,0.17733129978956375,0.4262582194447328,0.9591663046625439,0.9591663046625439,0.36660605559646714,1.0583005244258363,0.0,33.23181608037695,14.430869689661812,hard,0.18512555056003455,0.18944168497642735,0.3547018944813334,0.3065093311904062
0.0,0.0,24.17807873033186,0.1774146032195264,0.422532274893981,0.9591663046625439,0.9591663046625439,0.36660605559646714,1.0583005244258363,0.0,24.11446868583258,14.430869689661812,hard,0.18474339021608402,0.1890514202968283,0.3549024750065135,0.3079430970836974
0.0,0.0,43.95952355124844,0.17677100379127536,0.4191896149632868,0.9635351576356723,0.9635351576356723,0.36660605559646714,1.050904372433572,0.0,36.424107401554814,14.430869689661812,hard,0.1844405504821257,0.18869501446078468,0.35380873360793846,0.3079494861977015
0.0,0.0,42.781576400061965,0.17601246626133707,0.4159084515551844,0.9641576634555161,0.9641576634555161,0.36660605559646714,1.0476640682967036,0.0,40.202830746105434,14.430869689661812,hard,0.1835135555882803,0.18775243897384788,0.35272269224421193,0.3084320117292151
0.0,0.0,33.71217695404112,0.17585180355817362,0.41348544520879993,0.9433981132056604,0.9433981132056604,0.36660605559646714,1.02469507659596,0.0,31.62991621866868,14.430869689661812,hard,0.18320956090205318,0.18714265293115878,0.3518437292030808,0.3093983395029813
0.0,0.0,32.73417656621112,0.17573508445718317,0.41099544484906037,0.9217374897442331,0.9217374897442331,0.36660605559646714,1.0007996802557444,0.0,29.476092006912992,14.430869689661812,hard,0.18312819841950198,0.18681521660562336,0.3502251202785811,0.3099549675025136
0.0,0.0,37.03273473813317,0.17518122602569144,0.40828906545743116,0.9217374897442331,0.9217374897442331,0.36660605559646714,1.0007996802557444,0.0,36.92061212927001,14.430869689661812,hard,0.18309288464949836,0.1864020707500251,0.34851082549555834,0.31079449094973294
0.0,0.0,32.982830665451694,0.17499481440194703,0.40598952247733294,0.9217374897442331,0.9217374897442331,0.36660605559646714,1.0007996802557444,0.0,32.50430740686532,14.430869689661812,hard,0.18309801752758337,0.1862308769954676,0.3474454877926717,0.31208536818224875
0.0,0.0,32.31877003373937,0.1750228855001663,0.4046847067408012,0.9217374897442331,0.9217374897442331,0.36660605559646714,1.0007996802557444,0.0,31.836306318415772,14.430869689661812,hard,0.1831385423526916,0.18604904143615947,0.3466922999913728,0.3132933291602284
0.0,0.0,34.72330663616399,0.1751203163649491,0.4038169836450466,0.9217374897442331,0.9217374897442331,0.36660605559646714,1.0007996802557444,0.0,34.56264457474283,14.430869689661812,hard,0.18319101450412617,0.18612459902918393,0.3455566834770059,0.31418786232227436
0.0,0.0,31.807795758136272,0.1745362577665645,0.40349574154677514,0.9217374897442331,0.9217374897442331,0.36660605559646714,1.0007996802557444,0.0,30.926596967658757,14.430869689661812,hard,0.18324687452722213,0.1854939168374826,0.34397329924518155,0.3148788747189562
0.0,0.0,33.47414010910649,0.17469521079647998,0.40338648401796673,0.9217374897442331,0.9217374897442331,0.36660605559646714,1.0007996802557444,0.0,33.31975990309654,14.430869689661812,hard,0.183288914023342,0.1853154999100879,0.3431877323914843,0.31658821859673353
0.0,0.0,32.60319897839056,0.17496806073102802,0.4026253794917151,0.9217374897442331,0.9217374897442331,0.36660605559646714,1.0007996802557444,0.0,32.96216619095293,14.430869689661812,hard,0.1833203012083723,0.18542062326700964,0.34311638310278825,0.3180059215817377
0.0,0.0,38.27657163496358,0.17508857620170662,0.40217913314138354,0.9217374897442331,0.9217374897442331,0.36660605559646714,1.0007996802557444,0.0,37.54357468329301,14.430869689661812,hard,0.18342717506571543,0.18557639398060669,0.34326844964410624,0.3185785189477707
0.0,0.0,30.596669792160398,0.1756411937489971,0.4020133409756608,0.9217374897442331,0.9217374897442331,0.36660605559646714,1.0007996802557444,0.0,30.833747744962825,14.430869689661812,hard,0.1836212800041263,0.18560341819721987,0.34373710217184034,0.31982004147105114
0.0,0.0,36.97065953838832,0.176684293187897,0.40141684489370444,0.9217374897442331,0.9217374897442331,0.36660605559646714,1.0007996802557444,0.0,37.098808606207285,14.430869689661812,hard,0.1836212800041263,0.18565765382942254,0.3446908423959788,0.3209776435806154
0.0,0.0,27.565281683758503,0.17746536287922765,0.4011444692502217,0.9217374897442331,0.9217374897442331,0.36660605559646714,1.0007996802557444,0.0,27.88709378906307,14.430869689661812,hard,0.1836212800041263,0.18565593126985608,0.3458819449057593,0.3219736435538276
0.0,0.0,26.370739404838737,0.17816055428976177,0.4256152126990624,0.9217374897442331,0.9217374897442331,0.38418745424597095,1.0007996802557444,0.0,25.92527724056196,14.430869689661812,hard,0.1836212800041263,0.18565593126985608,0.3469687416378296,0.32267501223896305
0.0,0.0,36.46786753112278,0.17913198368999653,0.4210436900987976,0.9217374897442331,0.9217374897442331,0.38418745424597095,1.0007996802557444,0.0,36.14968879534096,14.430869689661812,hard,0.1836212800041263,0.1856741475080156,0.3483151223965522,0.32406638965801615
0.0,0.0,24.963651051802977,0.17966607228184986,0.41672715926252507,0.9217374897442331,0.9217374897442331,0.38418745424597095,1.0007996802557444,0.0,24.90577443084234,14.430869689661812,hard,0.1836212800041263,0.18561406104934539,0.3490615454695169,0.3249559236633902
0.0,0.0,26.811061036626594,0.18034794951922922,0.41388853257277675,0.9217374897442331,0.9217374897442331,0.38418745424597095,1.0007996802557444,0.0,26.769953305898763,14.430869689661812,hard,0.1836212800041263,0.18560791993411957,0.35002488846097557,0.3259764589251044
0.0,0.0,18.91902782515793,0.18086448461047014,0.41260478297810665,0.9217374897442331,0.9217374897442331,0.38418745424597095,1.0007996802557444,0.0,18.39196563720148,14.430869689661812,hard,0.1836212800041263,0.18563156076577272,0.35072152657648104,0.3268143406648661
0.0,0.0,29.806629635872273,0.18148683733239598,0.4381327942161534,0.9217374897442331,0.9217374897442331,0.4,1.049952379872535,0.0,29.428448820826425,14.430869689661812,hard,0.1836212800041263,0.18314105977505143,0.35148594256655874,0.3278412452887368
0.0,0.0,28.121504015660708,0.18211652515831242,0.4342918358603389,0.9217374897442331,0.9217374897442331,0.4,1.049952379872535,0.0,27.976390045894057,14.430869689661812,hard,0.1836212800041263,0.1823412085499714,0.3520610975414867,0.3290191799081376
0.0,0.0,21.927110012143036,0.1825816080535767,0.4313224836098003,0.9219544457292888,0.9219544457292888,0.4,1.063766891757776,0.0,21.7228359106264,14.430869689661812,hard,0.1836212800041263,0.18237421114113553,0.3525593148742865,0.32961058347632105
0.0,0.0,38.110252773952325,0.18246698249830656,0.43102374602307225,0.9210863151735563,0.9210863151735563,0.4,1.0524257693538297,0.0,33.96306817706551,14.430869689661812,hard,0.1836212800041263,0.18253699143144453,0.35229001973527274,0.3288101247676543
0.0,0.0,42.778127817697765,0.18179942534606156,0.4304243462090969,0.938083151964686,0.938083151964686,0.4,1.0514751542475933,0.0,38.809406076362464,14.430869689661812,hard,0.1836212800041263,0.18256577570236582,0.3512380570233505,0.32644320045806313
0.0,0.0,40.87786020884741,0.1807484096954218,0.42441077729994037,0.8774964387392122,0.8774964387392122,0.4,0.9693296652842107,0.0,35.98958182585621,14.430869689661812,hard,0.1836212800041263,0.18234714331738397,0.3463619497702254,0.3260283229025821
0.0,0.0,50.96636106849384,0.1794439793206825,0.4166031970578562,0.8774964387392122,0.8774964387392122,0.4,0.9693296652842107,0.0,48.852631454201116,14.430869689661812,hard,0.18242657838716114,0.18114411551352916,0.3423822068372743,0.32498082723390476
0.0,0.0,45.194756550601895,0.17873760560495577,0.4029317677017146,0.8674099376880576,0.8674099376880576,0.4,0.9467840302835699,0.0,41.19664549450598,14.430869689661812,hard,0.182326064854571,0.18042021058999944,0.3397704344895364,0.32384538390754813
0.0,0.0,47.99796301560106,0.17765033981986972,0.3939164804482423,0.8553361912137238,0.855336191213724,0.4,0.9219544457292886,0.0,43.15555120723173,14.430869689661812,hard,0.18201485433503467,0.17928401801285687,0.3365555376490088,0.32189641844747363
0.0,0.0,38.458071152578,0.1765584165887734,0.38537485506161495,0.8553361912137238,0.855336191213724,0.4,0.9219544457292886,0.0,37.65083797208238,14.430869689661812,hard,0.18195071165147866,0.17776442371958662,0.333712790211275,0.3200775648412415
0.0,0.0,33.992979782775166,0.17566331096099877,0.3793793774627428,0.8553361912137238,0.855336191213724,0.4,0.9219544457292886,0.0,34.1050201583286,14.430869689661812,hard,0.18196171668759623,0.17753791208478675,0.33037750342132777,0.319036112973128
0.0,0.0,37.75535435064363,0.17549101676178366,0.3762058746588045,0.8553361912137238,0.855336191213724,0.4,0.9219544457292886,0.0,37.516124533325666,14.430869689661812,hard,0.18196644746271248,0.17750214470289366,0.3276242121578454,0.31853283801080545
0.0,0.0,39.802783722790224,0.17498254407588912,0.37354360450233864,0.8553361912137238,0.855336191213724,0.4,0.9219544457292886,0.0,39.26486979476692,14.430869689661812,hard,0.18197769907203196,0.17724485478968466,0.32441887439778305,0.3184970772080268
0.0,0.0,39.183421554734856,0.17457194547554739,0.37159862055091697,0.8553361912137238,0.855336191213724,0.4,0.9219544457292886,0.0,39.03447194467987,14.430869689661812,hard,0.18197769907203196,0.17689234057977157,0.32191970770927203,0.31820934361503145
0.0,0.0,39.51813679562501,0.17391232350963842,0.36957851097891814,0.8553361912137238,0.855336191213724,0.4,0.9219544457292886,0.0,39.68800322515609,14.430869689661812,hard,0.18200271841076976,0.1765081512582484,0.3193478298235776,0.3180624655319087
0.0,0.0,36.80119317898413,0.17323326832443534,0.36781843380211604,0.8553361912137238,0.855336191213724,0.4,0.9219544457292886,0.0,36.84736625594834,14.430869689661812,hard,0.18207558511085176,0.17620180054651058,0.31692680491388225,0.31778698673271427
0.0,0.0,32.03434043642226,0.1728659819056608,0.3676245982043416,0.8553361912137238,0.855336191213724,0.4,0.9219544457292886,0.0,29.40038094991288,14.430869689661812,hard,0.18201215605923482,0.17588481484103233,0.31543992465856957,0.3177250703349291
0.0,0.0,36.21917256513642,0.17244066123058827,0.3666546370865218,0.8553361912137238,0.855336191213724,0.4,0.9219544457292886,0.0,36.595764782280476,14.430869689661812,hard,0.18201215605923482,0.17549315078202904,0.3140352418541082,0.3175019066360618
0.0,0.0,41.212249407037,0.17194718681291707,0.3977981550342819,0.8553361912137238,0.855336191213724,0.41424630354415964,0.9219544457292886,0.0,41.125802119837125,14.430869689661812,hard,0.1817999835772155,0.17506812105566794,0.313005039122551,0.31712105629258797
0.0,0.0,38.06793541406216,0.17189166344698303,0.3977012858840991,0.8553361912137238,0.855336191213724,0.41424630354415964,0.9219544457292886,0.0,37.12099675385886,14.430869689661812,hard,0.18167588504694557,0.17494737479286757,0.31243656219521093,0.3173956193801449
0.0,0.0,31.060645669926178,0.17175943088948792,0.3969958145510096,0.8553361912137238,0.855336191213724,0.41424630354415964,0.9219544457292886,0.0,31.06313570778069,14.430869689661812,hard,0.18159001648915568,0.17465417372726616,0.3118485836372389,0.3180539681604152
0.0,0.0,43.89531337455197,0.17138346444785071,0.3963963810935309,0.8553361912137238,0.855336191213724,0.41424630354415964,0.9219544457292886,0.0,43.34431450605719,14.430869689661812,hard,0.18152768819494833,0.17453803895083783,0.3093655552778237,0.31876996224936094
0.0,0.0,36.01647719618147,0.17120213544955293,0.39624416652103706,0.8553361912137238,0.855336191213724,0.41424630354415964,0.9219544457292886,0.0,35.584963116462546,14.430869689661812,hard,0.1815245459598606,0.17439399402433264,0.3082822910976402,0.3186169002559941
0.0,0.0,33.26759786569614,0.17126048476845554,0.39520835866707216,0.8845337754998392,0.8845337754998391,0.41424630354415964,0.9516301802696255,0.0,32.80476184946326,14.430869689661812,hard,0.18149634535746112,0.1743329667352619,0.3077253329762846,0.3185155388859094
0.0,0.0,37.749415159849214,0.17142243473870705,0.3951032050978279,0.8845337754998392,0.8845337754998391,0.41424630354415964,0.9516301802696255,0.0,37.296975748711844,14.430869689661812,hard,0.1813266966124566,0.17435682956712445,0.30733906765596936,0.3189356756587747
0.0,0.0,30.411059404573358,0.17149168781118,0.39443027044001183,0.8845337754998392,0.8845337754998391,0.41424630354415964,0.9516301802696255,0.0,30.51032612083981,14.430869689661812,hard,0.18123757528285409,0.17445236611190837,0.3070122019351718,0.31932589495539665
0.0,0.0,31.630445228104215,0.1715899079784341,0.3939082887955439,0.8845337754998392,0.8845337754998391,0.41424630354415964,0.9516301802696255,0.0,31.641643446572115,14.430869689661812,hard,0.18110030328112728,0.1746442719977281,0.307099204133045,0.31942910301480015
0.0,0.0,36.60051379902541,0.17185703995258123,0.39332108111908387,0.8845337754998392,0.8845337754998391,0.41424630354415964,0.9516301802696255,0.0,36.59532210542763,14.430869689661812,hard,0.18093217672297038,0.17477101453804234,0.30702284503078986,0.31915097097543244
0.0,0.0,32.44218370886214,0.17239598082852178,0.3926905567423243,0.9442457307290301,0.9442457307290301,0.41424630354415964,0.9937806599043876,0.0,31.26828425097866,14.430869689661812,hard,0.1796177731914567,0.17491775273731192,0.30707168857140243,0.31962846995927546
0.0,0.0,34.9851046943901,0.1726517041686274,0.39243806283612764,0.938083151964686,0.938083151964686,0.41424630354415964,0.9797958971132712,0.0,33.44035884974921,14.430869689661812,hard,0.1790449800061359,0.17493434032248134,0.30680748376549943,0.3189011181800625
0.0,0.0,24.61810172811603,0.17285904368202584,0.39180986324327405,0.938083151964686,0.938083151964686,0.41424630354415964,0.9797958971132712,0.0,23.60169485439552,14.430869689661812,hard,0.1782990508638321,0.17489839198187057,0.3068041744029101,0.3185105001164402
0.0,0.0,38.85522955110441,0.17287301262318225,0.3914231334039921,0.938083151964686,0.938083151964686,0.41424630354415964,0.9797958971132712,0.0,30.965199821735368,14.430869689661812,hard,0.17784799301150703,0.1750062196682394,0.3061622373366609,0.31795461137495284
0.0,0.0,49.14030489984706,0.17224969820822678,0.39080788596758637,0.9382963284591921,0.9382963284591921,0.41424630354415964,0.9551963149007643,0.0,40.982869592062485,14.430869689661812,hard,0.17772403857431252,0.17539488902287487,0.3055990764032383,0.314380450394419
0.0,0.0,37.98153304297371,0.1720447171544755,0.39062324673732285,0.9303762679690406,0.9303762679690406,0.41424630354415964,0.9389355675444402,0.0,29.808059312877113,14.430869689661812,hard,0.17749224663622445,0.17550234860049035,0.3050126264710188,0.3128048992608493
0.0,0.0,37.878082342884674,0.1718226505374868,0.38920239894381703,0.9303762679690406,0.9303762679690406,0.41424630354415964,0.9389355675444402,0.0,30.55934554273046,14.430869689661812,hard,0.17732972317420287,0.17557757640996652,0.3046941448148238,0.3108648888644785
0.0,0.0,47.26015738627201,0.17197396114196747,0.3889938785823993,0.9303762679690406,0.9303762679690406,0.41424630354415964,0.9389355675444402,0.0,41.493498285876065,14.430869689661812,hard,0.17713001727983224,0.1755278449902953,0.304489994808521,0.3100882608499406
0.0,0.0,45.216012630828835,0.17179127440215594,0.3887042942669153,0.9303762679690406,0.9303762679690406,0.41424630354415964,0.9389355675444402,0.0,39.542766721614214,14.430869689661812,hard,0.17696432341675844,0.1755138961187741,0.30339174030574473,0.30955047606324004
0.0,0.0,42.9542561109613,0.17151762870037002,0.3882675333403218,0.9303762679690406,0.9303762679690406,0.41424630354415964,0.9389355675444402,0.0,37.09624778869151,14.430869689661812,hard,0.17674446394379714,0.1755267319044764,0.3024860888757968,0.30876300476544716
0.0,0.0,45.65042953685725,0.17089820235971656,0.38818671985099146,0.9303762679690406,0.9303762679690406,0.41424630354415964,0.9389355675444402,0.0,38.64613305364458,14.430869689661812,hard,0.17653792978691624,0.17546479958854858,0.30119676816636815,0.3081902245718322
0.0,0.0,39.86539959677316,0.17039012962459332,0.3879892912368711,0.9303762679690406,0.9303762679690406,0.41424630354415964,0.9389355675444402,0.0,33.33388066217314,14.430869689661812,hard,0.17642594653486332,0.17529060193778861,0.3001387582103126,0.3073417812748529
0.0,0.0,44.02854909813832,0.17016408584652373,0.38749625538979504,0.9303762679690406,0.9303762679690406,0.41424630354415964,0.9389355675444402,0.0,38.148556984504665,14.430869689661812,hard,0.17637230708490165,0.17538048549586419,0.29835631888671343,0.306865397980238
0.0,0.0,38.175331280874964,0.17013671686529033,0.38718947133498605,0.9303762679690406,0.9303762679690406,0.41424630354415964,0.9389355675444402,0.0,30.222481698232524,14.430869689661812,hard,0.17629840318338977,0.17548509200820311,0.2974318472574532,0.30668260426464994
0.0,0.0,32.63502291538361,0.1701870106277985,0.3870655843733747,0.9303762679690406,0.9303762679690406,0.41424630354415964,0.9389355675444402,0.0,23.008528853449103,14.430869689661812,hard,0.17629118917842776,0.17539236201989566,0.29702625793382165,0.30690231609318885
0.0,0.0,33.83253772353891,0.17041453952351177,0.38676495294505536,0.9303762679690406,0.9303762679690406,0.41424630354415964,0.9389355675444402,0.0,24.05680776828048,14.430869689661812,hard,0.17629118917842776,0.17521366758879106,0.2970215999248688,0.30731292899674384
0.0,0.0,38.677988929459836,0.17051881140274364,0.38661478696054236,0.9303762679690406,0.9303762679690406,0.41424630354415964,0.9389355675444402,0.0,31.0671595096816,14.430869689661812,hard,0.17629118917842776,0.17501255001001068,0.2969936631242125,0.3074099413892895
0.0,0.0,40.11087186993997,0.17058562191189336,0.38632382442041713,0.9303762679690406,0.9303762679690406,0.41424630354415964,0.9389355675444402,0.0,33.73306982769282,14.430869689661812,hard,0.17629118917842776,0.17488638434617906,0.2971550230731462,0.3074612669519024
0.0,0.0,39.882202544809736,0.17051937775551487,0.41573180678366495,0.9303762679690406,0.9303762679690406,0.4270831300812525,0.9389355675444402,0.0,33.34501461987984,14.430869689661812,hard,0.17629118917842776,0.17489066092195832,0.29673280789755074,0.3072613997905532
0.0,0.0,38.01990808473376,0.1705439420611425,0.4150093425319168,0.9303762679690406,0.9303762679690406,0.4270831300812525,0.9389355675444402,0.0,30.268300249601065,14.430869689661812,hard,0.17629118917842776,0.17485277331150556,0.29604484449643065,0.30727768511864384
0.0,0.0,34.980898660506476,0.17088432933985737,0.4145952386948678,0.9303762679690406,0.9303762679690406,0.4270831300812525,0.9389355675444402,0.0,25.688915897717443,14.430869689661812,hard,0.17629118917842776,0.17486946237998713,0.2957907260978807,0.3079078937182254
0.0,0.0,43.62436844524951,0.1713139866493358,0.41391391081805595,0.9303762679690406,0.9303762679690406,0.4270831300812525,0.9389355675444402,0.0,37.28088518262408,14.430869689661812,hard,0.17628400725940635,0.1749060497807617,0.295607574082789,0.30843361980260503
0.0,0.0,35.007709175112325,0.17189886094749307,0.41342459129106224,0.9303762679690406,0.9303762679690406,0.4270831300812525,0.9389355675444402,0.0,25.245989780557228,14.430869689661812,hard,0.17628400725940635,0.17493542566319062,0.29600889274644104,0.30926451147073225
0.0,0.0,33.68881649619227,0.17236277229563307,0.41258015079510935,0.9167333309092672,0.9167333309092672,0.4270831300812525,0.9643650760992956,0.0,25.084026789971343,14.430869689661812,hard,0.17627685743024732,0.1750488491566354,0.2962111325563162,0.3098952715457543
0.0,0.0,31.947999048004004,0.1727644399457816,0.4122274059687079,0.9303762679690406,0.9303762679690406,0.4270831300812525,0.9682974749528164,0.0,20.813082424283053,14.430869689661812,hard,0.17627685743024732,0.17494639043064958,0.2966049501447051,0.3104911679937148
0.0,0.0,45.14519472862709,0.17210237868933503,0.4096623465579152,0.9346657156438339,0.9346657156438339,0.4270831300812525,0.9541488353501251,0.0,34.57877383598209,14.430869689661812,hard,0.17627685743024732,0.17499498917189532,0.29591767497182564,0.308490236719323
0.0,0.0,40.0441328200432,0.17147429331028255,0.40884896433531015,0.9346657156438339,0.9346657156438339,0.4270831300812525,0.9541488353501251,0.0,32.1693270057053,14.430869689661812,hard,0.17627685743024732,0.17508370979164858,0.2942794000714881,0.30798904353602896
0.0,0.0,47.09752329865991,0.17020714361758527,0.39444446117516413,0.905317623820502,0.905317623820502,0.4270831300812525,0.9,0.0,35.851917661402716,14.430869689661812,hard,0.17626265405711894,0.17511771335598342,0.2908847599513443,0.30336703847057045
0.0,0.0,36.56739519300743,0.1695730731724371,0.3870090591410753,0.905317623820502,0.905317623820502,0.4270831300812525,0.9,0.0,28.611948553008407,14.430869689661812,hard,0.17625560052090863,0.17513496939254236,0.2893236486362118,0.30001663617945307
0.0,0.0,36.65920546625323,0.16886939044557267,0.41669787067043346,0.905317623820502,0.905317623820502,0.48207883172775806,0.9,0.0,28.257961709932303,14.430869689661812,hard,0.17624857909007877,0.17513496939254236,0.2878495800425677,0.29682855423095844
0.0,0.0,36.32664920165471,0.16837730578958046,0.41344694003104643,0.905317623820502,0.905317623820502,0.48207883172775806,0.9,0.0,28.276378834638635,14.430869689661812,hard,0.17624857909007877,0.17514563856339338,0.2865445114040593,0.2938828641246491
0.0,0.0,35.96909766563767,0.1679578593029536,0.4374798083004416,0.905317623820502,0.905317623820502,0.4915282290977803,0.9,0.0,27.234162370082174,14.430869689661812,hard,0.17624857909007877,0.17515035771314466,0.28522937680444527,0.29121238236875396
0.0,0.0,33.453616277368845,0.1675986065170548,0.4357618883914434,0.905317623820502,0.905317623820502,0.4915282290977803,0.9,0.0,24.657656011875904,14.430869689661812,hard,0.17624857909007877,0.17517052130147298,0.28400347575264356,0.28923480484584974
0.0,0.0,34.849285874914735,0.16719674285198782,0.433714830920319,0.905317623820502,0.905317623820502,0.4915282290977803,0.9,0.0,26.303277362336427,14.430869689661812,hard,0.17624857909007877,0.1752212891382543,0.2824889281098516,0.2873864673119061
0.0,0.0,54.494709670334665,0.165786652420096,0.43218518367905157,0.905317623820502,0.905317623820502,0.4915282290977803,0.9,0.0,49.87337566277221,14.430869689661812,hard,0.17624857909007877,0.17527263525531617,0.2796056240166239,0.2844246541157315
0.0,0.0,38.74324548357992,0.16525773235867153,0.4311503302492847,0.905317623820502,0.905317623820502,0.4915282290977803,0.9,0.0,30.70741929892514,14.430869689661812,hard,0.17624857909007877,0.17540034400507806,0.27737024351834305,0.28265872142457266
0.0,0.0,38.817546043649905,0.1647167128789353,0.43013863658317153,0.905317623820502,0.905317623820502,0.4915282290977803,0.9,0.0,31.22525260105993,14.430869689661812,hard,0.17624857909007877,0.1756081123855717,0.2755219097180562,0.280813471890988
0.0,0.0,41.67002951996778,0.16399741945908994,0.42976303773992097,0.905317623820502,0.905317623820502,0.4915282290977803,0.9,0.0,34.973710126322025,14.430869689661812,hard,0.17624857909007877,0.17579006029174732,0.27332390540205614,0.2789174135784274
0.0,0.0,48.258282461897,0.16313778214506197,0.42937659714082577,0.905317623820502,0.905317623820502,0.4915282290977803,0.9,0.0,42.69285654532852,14.430869689661812,hard,0.17624857909007877,0.17519455660309555,0.27104524672874153,0.2775247633629974
0.0,0.0,41.90360073796786,0.16225703419970772,0.45055708611949796,0.905317623820502,0.905317623820502,0.49999999999999994,0.9,0.0,35.7780714963789,14.430869689661812,hard,0.17624857909007877,0.1752825899408488,0.26907864540830106,0.2755620432592718
0.0,0.0,38.2887999468588,0.16174453020889393,0.44659481307586774,0.905317623820502,0.905317623820502,0.49999999999999994,0.9,0.0,30.71292236176818,14.430869689661812,hard,0.17624857909007877,0.17533269663185003,0.26778058141866834,0.27437424607364264
0.0,0.0,38.1602702970442,0.16108910899023174,0.44602861540897243,0.905317623820502,0.905317623820502,0.49999999999999994,0.9,0.0,30.09877738380747,14.430869689661812,hard,0.17624857909007877,0.17533269663185003,0.26667255383251515,0.2731486688581499
0.0,0.0,37.08008690032497,0.1607614033750412,0.44496002915952854,0.905317623820502,0.905317623820502,0.49999999999999994,0.9,0.0,28.550306478214907,14.430869689661812,hard,0.17624857909007877,0.1753152487367528,0.2662085396129313,0.2717254741932249
0.0,0.0,33.45944971199899,0.16043426017624998,0.4441150059512489,0.905317623820502,0.905317623820502,0.49999999999999994,0.9,0.0,23.639999999999997,14.430869689661812,hard,0.17626099633704553,0.17522060039263918,0.2656821644783184,0.27079990256724895
0.0,0.0,29.867144973095023,0.16020487954831572,0.4431253709620226,0.905317623820502,0.905317623820502,0.49999999999999994,0.9,0.0,18.767940750119603,14.430869689661812,hard,0.17626725299981263,0.17514123648109023,0.26537370717666364,0.2700852427971786
0.0,0.0,33.00250128848867,0.1596747400522503,0.44214860858017196,0.916515138991168,0.916515138991168,0.49999999999999994,0.9431860898041277,0.0,23.503199782157324,14.430869689661812,hard,0.17388224776826502,0.1741139910700816,0.26495268344886225,0.26931089197189617
0.0,0.0,32.615475954812304,0.15925107345467404,0.44159338025462225,0.916515138991168,0.916515138991168,0.49999999999999994,0.9431860898041277,0.0,22.537045059190877,14.430869689661812,hard,0.17254643894719557,0.1729499516114945,0.2647080285550148,0.2685058830140874
0.0,0.0,43.82945878998497,0.15880519370555266,0.4407129556233931,0.916515138991168,0.916515138991168,0.49999999999999994,0.9431860898041277,0.0,36.8,14.430869689661812,hard,0.1708921245118229,0.17105721852922842,0.2641765822010585,0.26769777809026973
0.0,0.0,32.407299912990716,0.15855607213841724,0.4396405239104912,0.9271461589199407,0.9271461589199407,0.49999999999999994,0.9425497334358544,0.0,21.356554029149926,14.430869689661812,hard,0.16967971078260294,0.16994623422800523,0.264013471533125,0.2672357479636713
0.0,0.0,40.80817190243162,0.15776954083447578,0.43398983490083054,0.9,0.9,0.49999999999999994,0.9568698971124548,0.0,29.721379510379393,14.430869689661812,hard,0.16896510174855495,0.16911095449515362,0.26211552599847077,0.2651936510728151
0.0,0.0,34.29112856581689,0.1572843362051994,0.42431678004815226,0.9167333309092671,0.9167333309092671,0.49999999999999994,0.9509994742374992,0.0,23.861902690271787,14.430869689661812,hard,0.16868946876156696,0.16888951589917656,0.26042234760804683,0.2639351748052415
0.0,0.0,36.884883782424694,0.15679121237009092,0.42126474447005813,0.9024411338142782,0.9024411338142782,0.49999999999999994,0.926066952223218,0.0,27.585764444727648,14.430869689661812,hard,0.1676096963918373,0.16838167452057087,0.25925463834825163,0.2607383561862724
0.0,0.0,42.368040712362166,0.1562232676580573,0.41613597283312814,0.8944271909999159,0.8944271909999159,0.49999999999999994,0.8953211714239756,0.0,33.10526242155468,14.430869689661812,hard,0.16662382099872813,0.16759481065212495,0.2581649329081503,0.2564984187879332
0.0,0.0,40.14904617483147,0.15559688927549237,0.4150652584300036,0.8944271909999159,0.8944271909999159,0.49999999999999994,0.8953211714239756,0.0,32.318174453393866,14.430869689661812,hard,0.16564399016155829,0.1669945773203262,0.2571345190760309,0.2533893038240028
0.0,0.0,37.074337732972545,0.15549088280308468,0.4106646451136892,0.8944271909999159,0.8944271909999159,0.49999999999999994,0.8953211714239756,0.0,28.618518480172938,14.430869689661812,hard,0.16475327386589136,0.16542214519096352,0.2569795244425698,0.2524299749706195
0.0,0.0,37.27481173714686,0.15544738292270102,0.4069923894407721,0.8944271909999159,0.8944271909999159,0.49999999999999994,0.8953211714239756,0.0,29.498474536829864,14.430869689661812,hard,0.16376812156576218,0.16283129068957522,0.2569618915918999,0.2511128532506291
0.0,0.0,31.463746580947742,0.15539708303771696,0.40389295509198,0.8944271909999159,0.8944271909999159,0.49999999999999994,0.8953211714239756,0.0,22.05088660349057,14.430869689661812,hard,0.16311944751508634,0.16173690564946097,0.25692555740632633,0.249276108871671
0.0,0.0,33.76059136047962,0.15553568923934116,0.40192886816662976,0.8944271909999159,0.8944271909999159,0.49999999999999994,0.8953211714239756,0.0,24.174275583768793,14.430869689661812,hard,0.1628512875251237,0.16079151877766729,0.2568094725195719,0.24757433907480125
0.0,0.0,40.37022712169148,0.15555415695427133,0.4002480384182944,0.8944271909999159,0.8944271909999159,0.49999999999999994,0.8953211714239756,0.0,33.82572393903788,14.430869689661812,hard,0.16227928919229548,0.1596429516288044,0.25614756991286186,0.24617625492988235
0.0,0.0,36.053775986714726,0.1556328827203454,0.39855856359763675,0.8944271909999159,0.8944271909999159,0.49999999999999994,0.8953211714239756,0.0,28.49393619702269,14.430869689661812,hard,0.16227928919229548,0.15881865775193751,0.25535860182504616,0.2451442924153374
0.0,0.0,35.96710757542687,0.1556159202881557,0.39716751745157386,0.8944271909999159,0.8944271909999159,0.49999999999999994,0.8953211714239756,0.0,27.99334921012489,14.430869689661812,hard,0.16190799585002455,0.15796807173456778,0.25485698532348416,0.24428637850448692
0.0,0.0,33.98908547029641,0.15557151905954425,0.396514749690674,0.8944271909999159,0.8944271909999159,0.49999999999999994,0.8953211714239756,0.0,25.17926925071496,14.430869689661812,hard,0.16172538169771083,0.15746191515807248,0.25396685190611296,0.24364315740502507
0.0,0.0,33.806415384333555,0.1556727408207756,0.39566495650047767,0.8944271909999159,0.8944271909999159,0.49999999999999994,0.8953211714239756,0.0,24.66994933111943,14.430869689661812,hard,0.16143296814526473,0.15705839678265857,0.25361931633546336,0.2434253851326309
0.0,0.0,38.351590538578805,0.15576851734186964,0.3952723649422051,0.8944271909999159,0.8944271909999159,0.49999999999999994,0.8953211714239756,0.0,30.40871585582002,14.430869689661812,hard,0.1594807965407876,0.1567800623666392,0.25376737745707295,0.24305617617665834
0.0,0.0,36.09387642080336,0.15585743921809775,0.42393691617223106,0.8944271909999159,0.8944271909999159,0.5075431016179808,0.8953211714239756,0.0,27.421043014444216,14.430869689661812,hard,0.15888242341610573,0.15659144677462133,0.25277792451510495,0.24272991168240116
0.0,0.0,36.239408713709864,0.1555307408424798,0.4234875537493338,0.8944271909999159,0.8944271909999159,0.5075431016179808,0.8953211714239756,0.0,27.42133475963561,14.430869689661812,hard,0.15859606393219527,0.15631022107797782,0.25079068265499566,0.24155462177866854
0.0,0.0,34.62362677834908,0.15539644142719625,0.42279073167811115,0.8944271909999159,0.8944271909999159,0.5075431016179808,0.8953211714239756,0.0,25.312637160122215,14.430869689661812,hard,0.15859606393219527,0.15625153160078892,0.24968262700391028,0.24116067854770576
0.0,0.0,28.852874949427477,0.1553620680244174,0.4224750429834607,0.8944271909999159,0.8944271909999159,0.5075431016179808,0.8953211714239756,0.0,15.546433674640625,14.430869689661812,hard,0.15859606393219527,0.15624685601807792,0.2494417541401573,0.24074312864663464
0.0,0.0,29.897986860853518,0.1554618758471489,0.4220510960926183,0.8944271909999159,0.8944271909999159,0.5075431016179808,0.8953211714239756,0.0,18.25175060096976,14.430869689661812,hard,0.15859606393219527,0.15624685601807792,0.24910352137625183,0.24132552916252076
0.0,0.0,29.521857329366437,0.15544839956248618,0.4211276438419126,0.8944271909999159,0.8944271909999159,0.5075431016179808,0.8953211714239756,0.0,17.482894497193534,14.430869689661812,hard,0.15811568895141326,0.15597384690393157,0.2485665135488971,0.24147226900087004
0.0,0.0,32.965521534709836,0.15517782050621792,0.420751530650693,0.8944271909999159,0.8944271909999159,0.5075431016179808,0.8953211714239756,0.0,22.096370742726055,14.430869689661812,hard,0.15780486646334585,0.15584585130751283,0.24757905581876571,0.24116990845123992
0.0,0.0,45.16409470517835,0.15463637824421084,0.4123666523215276,0.8717797887081347,0.8717797887081347,0.5075431016179808,0.9707728879609278,0.0,39.01858018944308,14.430869689661812,hard,0.1573995256154799,0.15556413038168157,0.24565639633906303,0.2397418591488929
0.0,0.0,36.714381937148886,0.1543160285589267,0.40830387788835615,0.87840765023991,0.87840765023991,0.5075431016179808,0.9651942809610924,0.0,27.60941868276114,14.430869689661812,hard,0.15690459932061449,0.15533396825346546,0.24462359740706016,0.23866908700101455
0.0,0.0,30.180381337409475,0.1543253875994535,0.40428231972991796,0.87840765023991,0.87840765023991,0.5075431016179808,0.9651942809610924,0.0,17.866885570798285,14.430869689661812,hard,0.1565794013686023,0.15500788032927007,0.24450151439478507,0.23851325792443667
0.0,0.0,29.88583943556947,0.15439490186319133,0.4005160762656102,0.8845337754998392,0.8845337754998392,0.5075431016179808,0.9591663046625439,0.0,16.4660134823217,14.430869689661812,hard,0.1561771521165985,0.15469741223877032,0.24438414478798606,0.23870767837352244
0.0,0.0,28.717255010616025,0.15432506349470074,0.3942135998992307,0.9068627239003707,0.9068627239003707,0.5075431016179808,0.9871170143402452,0.0,13.929551320843036,14.430869689661812,hard,0.15594405114407325,0.154542402286618,0.24395797648764891,0.2385856624438026
0.0,0.0,29.050602749008885,0.1542644639498004,0.3934802138774217,0.9068627239003707,0.9068627239003707,0.5075431016179808,0.9871170143402452,0.0,16.0860312072307,14.430869689661812,hard,0.15587687871497483,0.1545076789264402,0.24351441068447655,0.23830499553155435
0.0,0.0,29.2597644098331,0.15427571395911824,0.3928863334384863,0.9123595782365633,0.9123595782365633,0.5075431016179808,0.98,0.0,14.042236289138565,14.430869689661812,hard,0.15578930036376498,0.1544885615469885,0.24336727062044844,0.23804976880237422
0.0,0.0,28.13919403941471,0.15429447612441582,0.3920360408970982,0.9123595782365633,0.9123595782365633,0.5075431016179808,0.98,0.0,14.384728012722382,14.430869689661812,hard,0.1557677606200282,0.1544699713520097,0.24312123807178468,0.23820159659151574
0.0,0.0,27.829959941362084,0.1542899032266106,0.3919102881086674,0.9123595782365633,0.9123595782365633,0.5075431016179808,0.98,0.0,11.833528636885957,14.430869689661812,hard,0.1557677606200282,0.15446540619826332,0.24298271558256607,0.23827044303151715
0.0,0.0,29.953260637938985,0.1542137696089468,0.3915050534395573,0.9123595782365633,0.9123595782365633,0.5075431016179808,0.98,0.0,17.513149345563182,14.430869689661812,hard,0.15556018580596676,0.15445331257525347,0.24277284128621376,0.2375559352037386
0.0,0.0,26.56398300617185,0.1541860678390344,0.39028118822193697,0.9123595782365633,0.9123595782365633,0.5075431016179808,0.98,0.0,11.185061466080551,14.430869689661812,hard,0.15555018099118606,0.1544547815214171,0.2426852213510161,0.23700238808191187
0.0,0.0,28.221413853951212,0.1541905687977935,0.38913916206624644,0.9123595782365633,0.9123595782365633,0.5075431016179808,0.98,0.0,14.523374263579383,14.430869689661812,hard,0.15555018099118606,0.15444281862015685,0.24269701512070024,0.23669202955718285
0.0,0.0,27.422999257808172,0.1541716945650218,0.3885108158041313,0.9123595782365633,0.9123595782365633,0.5075431016179808,0.98,0.0,12.99008852933651,14.430869689661812,hard,0.15555018099118606,0.1544114041794108,0.24263229993732194,0.2363577088164521
0.0,0.0,32.42201060508649,0.15417868404541937,0.38784208043411617,0.9123595782365633,0.9123595782365633,0.5075431016179808,0.98,0.0,21.84490787346104,14.430869689661812,hard,0.1551622644737629,0.15414148153895216,0.24264013241255333,0.23608560048405175
0.0,0.0,28.032848109069562,0.15428868771690593,0.3873012723210186,0.9123595782365633,0.9123595782365633,0.5075431016179808,0.98,0.0,14.561881746532626,14.430869689661812,hard,0.1549388366331534,0.15399302556857275,0.24261778426323893,0.23607985136503026
0.0,0.0,29.59941161720371,0.1542824678293883,0.3869874441898325,0.9123595782365633,0.9123595782365633,0.5075431016179808,0.98,0.0,16.96282995257572,14.430869689661812,hard,0.1548377247949452,0.15391216414390924,0.24258403979013463,0.2350409434562476
0.0,0.0,28.267267164614672,0.15424319328147224,0.3866480623267897,0.9123595782365633,0.9123595782365633,0.5075431016179808,0.98,0.0,14.434417203337308,14.430869689661812,hard,0.15481013678189753,0.1538784213560748,0.24244170399304177,0.23433646729750618
0.0,0.0,26.20031815463981,0.1542628718659294,0.38599166363798776,0.9123595782365633,0.9123595782365633,0.5075431016179808,0.98,0.0,10.348429832588131,14.430869689661812,hard,0.15476325076011946,0.15385890527987248,0.2424298441129214,0.23394893898833416
0.0,0.0,41.92377312009487,0.15434154353915414,0.3857410623386196,0.9123595782365633,0.9123595782365633,0.5075431016179808,0.98,0.0,34.552968034598706,14.430869689661812,hard,0.1546627478282989,0.1539515132374096,0.24248356890406791,0.23333854743698193
0.0,0.0,33.41108735522079,0.15449107716438476,0.38523685866179014,0.9123595782365633,0.9123595782365633,0.5075431016179808,0.98,0.0,22.817537115122658,14.430869689661812,hard,0.15451924689427285,0.15406155282972578,0.24259101235945957,0.23319538373833384
0.0,0.0,29.9188108424329,0.1546569593284125,0.3850716265384672,0.9123595782365633,0.9123595782365633,0.5075431016179808,0.98,0.0,18.303322102831498,14.430869689661812,hard,0.15433941404748472,0.1542229775806442,0.24255524554120267,0.23293460548339667
0.0,0.0,26.48456236968033,0.15478190480804088,0.38467625592338484,0.9123595782365633,0.9123595782365633,0.5075431016179808,0.98,0.0,9.594081508930389,14.430869689661812,hard,0.15425037788814325,0.15431157543086327,0.24255524554120267,0.23293460548339667
0.0,0.0,24.74292295162057,0.15478190480804088,0.4153471606966261,0.9123595782365633,0.9123595782365633,0.5517245689653488,0.98,0.0,1.4000000000000004,14.430869689661812,hard,0.15425037788814325,0.15431157543086327,0.24255524554120267,0.23293460548339667
0.0,0.0,26.637297316874857,0.15483843877586495,0.4149109282004974,0.9123595782365633,0.9123595782365633,0.5517245689653488,0.98,0.0,10.149463039983937,14.430869689661812,hard,0.15425037788814325,0.15432426030130308,0.24270089187396918,0.2329070584975212
0.0,0.0,26.37969355412502,0.15483468036634812,0.4147033271931409,0.9068627239003708,0.9068627239003708,0.5517245689653488,0.9927738916792685,0.0,10.553198567259123,14.430869689661812,hard,0.15425037788814325,0.15390564407728405,0.24276071338578534,0.23291835886494738
0.0,0.0,24.81558347118508,0.15486279747749343,0.43156182063321163,0.938083151964686,0.938083151964686,0.5571355310873648,1.0925200226998129,0.0,4.012031904160285,14.430869689661812,hard,0.1541869495781887,0.15390508679044942,0.24279010073300927,0.23292408106080012
0.0,0.0,25.53527479287726,0.15490684499039156,0.4293067006331115,0.9734474818910366,0.9734474818910366,0.5571355310873648,1.1385956261992225,0.0,7.935842740377358,14.430869689661812,hard,0.1541869495781887,0.15398756415819975,0.24282024950466505,0.23294225135505628
0.0,0.0,25.471178854235287,0.1549325703589953,0.4287280298693276,0.9734474818910366,0.9734474818910366,0.5571355310873648,1.14,0.0,4.180717641745255,14.430869689661812,hard,0.1541869495781887,0.153997905679436,0.24286163181372702,0.23300233627388653
0.0,0.0,30.176338037618812,0.15450283699827116,0.42800553277145204,0.9526804291051644,0.9526804291051644,0.5571355310873648,1.1223190277278559,0.0,14.26486592996934,14.430869689661812,hard,0.1541869495781887,0.15339254162078633,0.242841915502968,0.23099941510978045
0.0,0.0,28.015088038154833,0.15423077587572506,0.4271595209732569,0.9526804291051644,0.9526804291051644,0.5571355310873648,1.1223190277278559,0.0,11.075667022802733,14.430869689661812,hard,0.1541869495781887,0.15335133648035343,0.24247982942664154,0.22967504471878988
0.0,0.0,26.658146441461255,0.1539687570214215,0.4260091439664875,0.9457272334029511,0.9457272334029511,0.5571355310873648,1.1306635220082055,0.0,10.550905174438828,14.430869689661812,hard,0.1541869495781887,0.15338614841463147,0.24195198072049254,0.2285846655216143
0.0,0.0,28.2284795020549,0.15371557896487054,0.425590732111461,0.9591663046625438,0.9591663046625438,0.5571355310873648,1.1106754701531856,0.0,10.52045626386993,14.430869689661812,hard,0.1541869495781887,0.153394250696124,0.24128925004662416,0.22753672659684443
0.0,0.0,26.529036997376497,0.15348433088539923,0.42443421453402896,0.9591663046625438,0.9591663046625438,0.5571355310873648,1.1106754701531856,0.0,10.27470680846904,14.430869689661812,hard,0.1541869495781887,0.153394250696124,0.24061760536204657,0.2266658664235243
0.0,0.0,26.415797429771573,0.1533198709501626,0.4231199106403163,0.9591663046625438,0.9591663046625438,0.5571355310873648,1.1106754701531856,0.0,9.26636929978511,14.430869689661812,hard,0.1541869495781887,0.153394250696124,0.2403685351093397,0.22574628852355383
0.0,0.0,26.264041433571553,0.15319365618721573,0.4224083261915733,0.9591663046625438,0.9591663046625438,0.5571355310873648,1.1106754701531856,0.0,8.977750274985379,14.430869689661812,hard,0.1541869495781887,0.15341085469819535,0.24025849120338535,0.22496471269149618
0.0,0.0,26.208354988931863,0.15313931556225663,0.4212345232167818,0.9591663046625438,0.9591663046625438,0.5571355310873648,1.1106754701531856,0.0,10.483529939862812,14.430869689661812,hard,0.1541869495781887,0.1534150888994598,0.24014996390055252,0.2244880580754498
0.0,0.0,28.305673808547848,0.15297927141175843,0.420558238724333,0.9591663046625438,0.9591663046625438,0.5571355310873648,1.1106754701531856,0.0,14.770240350109406,14.430869689661812,hard,0.1541869495781887,0.1534150888994598,0.24001575043810214,0.22297030710194518
0.0,0.0,29.894129861668812,0.1526459050062613,0.4678508104691895,0.9591663046625438,0.9591663046625438,0.565685424949238,1.1106754701531856,0.0,17.160990647395618,14.430869689661812,hard,0.1541869495781887,0.15341935637554438,0.23902950092132283,0.2215755538235947
0.0,0.0,28.178789363473854,0.15234554529787334,0.4667128466585175,0.9591663046625438,0.9591663046625438,0.565685424949238,1.1106754701531856,0.0,14.21724305201258,14.430869689661812,hard,0.1541869495781887,0.15341935637554438,0.23780020565783264,0.2207132155429559
0.0,0.0,32.4628990071363,0.1518966566155969,0.4657003661445253,0.9591663046625438,0.9591663046625438,0.565685424949238,1.1106754701531856,0.0,21.615216862201503,14.430869689661812,hard,0.1541869495781887,0.1534289538100282,0.23589077055849456,0.2197300094134035
0.0,0.0,34.12710246034003,0.15148857393148252,0.46491893633085024,0.9591663046625438,0.9591663046625438,0.565685424949238,1.1106754701531856,0.0,24.43030904429987,14.430869689661812,hard,0.1541869495781887,0.15343202012774365,0.23396988043848221,0.21833266391530734
0.0,0.0,28.80732810716442,0.15128654535403435,0.464174951816651,0.9591663046625438,0.9591663046625438,0.565685424949238,1.1106754701531856,0.0,15.471638568684314,14.430869689661812,hard,0.1541869495781887,0.15344801414040293,0.2328245062135098,0.21774610986908458
0.0,0.0,31.119853440537742,0.1511006131076002,0.46274642485892714,0.9591663046625438,0.9591663046625438,0.565685424949238,1.1106754701531856,0.0,19.334166648707672,14.430869689661812,hard,0.1541869495781887,0.1535671874806154,0.23166800455415423,0.2171492052828796
0.0,0.0,34.95617508388995,0.15101295215758337,0.46129240888049966,0.9591663046625438,0.9591663046625438,0.565685424949238,1.1106754701531856,0.0,25.883585532147585,14.430869689661812,hard,0.15416047479731743,0.15363513820974298,0.2307999372715679,0.21599060355325342
0.0,0.0,36.2641151300537,0.150964314035467,0.4596215563659836,0.9591663046625438,0.9591663046625438,0.565685424949238,1.1106754701531856,0.0,27.317840324593742,14.430869689661812,hard,0.15411142312349982,0.15390587731751973,0.22998307009962626,0.2144817675296837
0.0,0.0,37.865587330506344,0.15074664736615578,0.4585186298189073,0.9591663046625438,0.9591663046625438,0.565685424949238,1.1106754701531856,0.0,29.519654469522504,14.430869689661812,hard,0.1541074345073756,0.15400036455049645,0.22894978845049246,0.21319239142482882
0.0,0.0,42.208930043667834,0.1505297243038172,0.45754119669248566,0.9734474818910367,0.9734474818910367,0.565685424949238,1.1357816691600546,0.0,34.90939128658648,14.430869689661812,hard,0.15388407789873162,0.1538465843824753,0.22711827506328447,0.2125736805432224
0.0,0.0,32.180760927804684,0.15045447744787488,0.4731118672865496,1.0394229168149027,1.0394229168149027,0.5688585061331157,1.2491597175701752,0.0,20.725867894976076,14.430869689661812,hard,0.1536859471794496,0.15363298551010013,0.22634181187573058,0.21246847255798754
0.0,0.0,31.588677473420606,0.15053954105302764,0.4714612874770885,1.0394229168149027,1.0394229168149027,0.5688585061331157,1.2491597175701752,0.0,20.865521800328885,14.430869689661812,hard,0.15353846795222476,0.15366031147595766,0.22595720083192697,0.21197926504671527
0.0,0.0,33.42028426450456,0.15047474855690582,0.5107300263409217,1.0514751542475933,1.0514751542475933,0.6053098380168622,1.2705904139414874,0.0,23.62965086496201,14.430869689661812,hard,0.1531828879610169,0.15362629929232383,0.22541969801008485,0.21095016588647084
0.0,0.0,30.545236669009515,0.1501296456556091,0.5573325490166775,1.0552724766618335,1.0552724766618335,0.6696267617113284,1.296148139681572,0.0,19.531768993104542,14.430869689661812,hard,0.15090627913343663,0.15296339250677365,0.224963880899895,0.21046218515862594
0.0,0.0,38.02826730875188,0.14985848408451463,0.5563821196075014,1.0630145812734648,1.0630145812734648,0.6696267617113284,1.2851459061133874,0.0,28.275784692913476,14.430869689661812,hard,0.14973003654982087,0.1517015682863392,0.22448276212082974,0.2096381951856851
0.0,0.0,29.876115820232716,0.14981145128311268,0.5554219604491282,1.0630145812734648,1.0630145812734648,0.6696267617113284,1.2851459061133874,0.0,17.389939620366714,14.430869689661812,hard,0.14907767650225098,0.15112888782298164,0.22430257555896252,0.20950547172652007
0.0,0.0,37.26505436393231,0.14939556089490827,0.5517847597729751,1.0514751542475933,1.0514751542475933,0.6696267617113284,1.2893409169028958,0.0,27.64345130406115,14.430869689661812,hard,0.14841605934781085,0.15089858719445015,0.22373196254435018,0.2071604827603193
0.0,0.0,32.627654767791476,0.14927846382498874,0.5499130452473389,1.0584894897919392,1.0584894897919392,0.6696267617113284,1.277654100294755,0.0,20.821143100223868,14.430869689661812,hard,0.14828049956396405,0.1508061663837046,0.2232533435213065,0.20623873518972025
0.0,0.0,30.462516578461724,0.14915035297353882,0.5475992030130304,1.0584894897919392,1.0584894897919392,0.6696267617113284,1.277654100294755,0.0,18.89194537362418,14.430869689661812,hard,0.1482143910693075,0.15077188309851672,0.2226664204940227,0.20542963579354356
0.0,0.0,33.68790203845396,0.1490008560476948,0.5447579046405825,1.0584894897919392,1.0584894897919392,0.6696267617113284,1.2688577540449522,0.0,21.939881494666285,14.430869689661812,hard,0.14814059168370675,0.15075238656608014,0.22206103260744406,0.20406607953260397
0.0,0.0,43.87204204935506,0.1476007502824783,0.5439709559488969,1.0332473082471592,1.0332473082471592,0.6696267617113284,1.2101239605924676,0.0,34.81893737608889,14.430869689661812,hard,0.14807607117316152,0.15048899082967584,0.21623144724195664,0.20298973446250623
0.0,0.0,35.68094878634178,0.1470808371653322,0.541783997762168,1.0332473082471592,1.0332473082471592,0.6696267617113284,1.2101239605924676,0.0,26.123430096371344,14.430869689661812,hard,0.14783902632182475,0.15042278324296773,0.2141552495555115,0.20209218908614346
0.0,0.0,47.558448744739735,0.14645741580504548,0.5586392026259283,1.0332473082471592,1.0332473082471592,0.6705221845696084,1.2101239605924676,0.0,27.807919735212128,14.430869689661812,hard,0.14797336014247964,0.15046708486721494,0.21220582095479196,0.20124385985961277
