step,timestamp,reward,coverage,cov_trace,altitude,alt_idx,loop_closures,altitude_changes,frontier_count,new_cells,map_seed,difficulty,cov_alt0,cov_alt1,cov_alt2,cov_alt3
0.0,0.0,41.78076121924184,0.010260069808738299,0.025298187713343894,0.0,0.0,0.0,0.0,0.0,41.59559592072218,14.430869689661812,hard,0.03361975422076324,0.017650738938516822,0.0,0.0
0.0,0.0,38.528353640187404,0.0124277712319907,0.04990940431774082,0.0,0.0,0.0,0.0,0.0,38.404708044717644,14.430869689661812,hard,0.03928878109405803,0.020412088809004005,0.0,0.0
0.0,0.0,45.674176918897956,0.013023367011212464,0.07502003200948582,0.0,0.0,0.0,0.0,0.0,45.26777661869423,14.430869689661812,hard,0.03733144938374814,0.024276774011749047,0.0,0.0
0.0,0.0,40.745001307207104,0.01486609742112625,0.09636630620653451,0.0,0.0,0.0,0.0,0.0,40.59065902396757,14.430869689661812,hard,0.040376516061523704,0.026753755173075006,0.0,0.0
0.0,0.0,40.68583209272211,0.016849266814147303,0.12797954561380248,0.0,0.0,0.0,0.0,0.0,40.11697396364785,14.430869689661812,hard,0.0437803482595521,0.030905631040175963,0.0,0.0
0.0,0.0,32.91250818691113,0.018307063068754494,0.15494991069650366,0.0,0.0,0.0,0.0,0.0,32.100367599141286,14.430869689661812,hard,0.04592671363923397,0.034366517665441146,0.0,0.0
0.0,0.0,41.942497071915305,0.020783621114954517,0.18816228218040792,0.0,0.0,0.0,0.0,0.0,41.38306900170648,14.430869689661812,hard,0.05091731490860259,0.038935041811003636,0.0,0.0
0.0,0.0,34.14341913828985,0.02242826386904886,0.21756861532692504,0.0,0.0,0.0,0.0,0.0,33.447893805141156,14.430869689661812,hard,0.05452719767367513,0.04170654435077469,0.0,0.0
0.0,0.0,33.86372964341719,0.024571058498953118,0.24554435011295744,0.0,0.0,0.0,0.0,0.0,33.41511633976455,14.430869689661812,hard,0.059055984501149475,0.04557179339849438,0.0,0.0
0.0,0.0,30.175665214027237,0.026000539801724204,0.2711668831308631,0.0,0.0,0.0,0.0,0.0,29.759200258071452,14.430869689661812,hard,0.06173182087186433,0.04843545012609897,0.0,0.0
0.0,0.0,17.395788888016607,0.026162931055419843,0.2872008505171452,0.0,0.0,0.0,0.0,0.0,16.695017220715886,14.430869689661812,hard,0.06188316609606145,0.0488672593876931,0.0,0.0
0.0,0.0,25.336695181243787,0.026962953700723158,0.30984160598153077,0.0,0.0,0.0,0.0,0.0,25.332390333326227,14.430869689661812,hard,0.06336915882386772,0.050642438158755375,0.0,0.0
0.0,0.0,31.86098220481689,0.027988331574619836,0.334074152650132,0.0,0.0,0.0,0.0,0.0,31.804628593964118,14.430869689661812,hard,0.06588213614655462,0.052206311745008935,0.0,0.0
0.0,0.0,31.07289668734076,0.029164445878604336,0.3588362125753908,0.0,0.0,0.0,0.0,0.0,30.783274679604833,14.430869689661812,hard,0.0689099081406633,0.053851537772867414,0.0,0.0
0.0,0.0,16.778526506013968,0.029471785924959436,0.37836688661187046,0.0,0.0,0.0,0.0,0.0,15.923517199412949,14.430869689661812,hard,0.06993943164001866,0.0541177103329477,0.0,0.0
0.0,0.0,27.011497294513457,0.030576391609415242,0.4015560662917062,0.0,0.0,0.0,0.0,0.0,26.873808810810573,14.430869689661812,hard,0.07279682090788331,0.05574899034726826,0.0,0.0
0.0,0.0,16.09563541760599,0.031109570934269384,0.4243430903118555,0.0,0.0,0.0,0.0,0.0,15.081962736991498,14.430869689661812,hard,0.07420488335682864,0.05653181302932963,0.0,0.0
0.0,0.0,36.24761473836618,0.031225849989612725,0.4434254491485414,0.0,0.0,0.0,0.0,0.0,35.58499121820884,14.430869689661812,hard,0.07513953988041727,0.056277967834619434,0.0,0.0
0.0,0.0,29.15458931749825,0.03164948317063488,0.46594139205464363,0.0,0.0,0.0,0.0,0.0,29.09815114401601,14.430869689661812,hard,0.07606832356466363,0.056976520753005105,0.0,0.0
0.0,0.0,22.60633632971236,0.03254313877177177,0.48687754326685384,0.0,0.0,0.0,0.0,0.0,22.874055171744256,14.430869689661812,hard,0.07804704063845329,0.0583761653734879,0.0,0.0
0.0,0.0,55.17792356641842,0.03243084464365919,0.5045327695876958,0.2712931993250107,0.2712931993250107,0.0,0.2712931993250107,0.0,49.26516416292551,14.430869689661812,hard,0.07922236226964027,0.058473882381474294,0.013015000098082631,0.0
0.0,0.0,46.648007227569686,0.03239237491004604,0.5213048041939201,0.32496153618543844,0.3249615361854384,0.0,0.3249615361854384,0.0,43.897352995368635,14.430869689661812,hard,0.07951066295637992,0.05938001680954604,0.018280512733950947,0.0
0.0,0.0,62.163997941908434,0.032060610273618145,0.5339421233258902,0.38418745424597095,0.38418745424597095,0.0,0.38418745424597095,0.0,57.952604773211014,14.430869689661812,hard,0.07918146588018882,0.06014535944217797,0.025457731493979136,0.0
0.0,0.0,64.11146637250268,0.03274100228704309,0.5505694808552619,0.4142463035441596,0.4142463035441596,0.0,0.4142463035441596,0.0,60.62372142981656,14.430869689661812,hard,0.07908632294165345,0.06299581430287449,0.032774195932229896,0.0
0.0,0.0,78.02493685223683,0.03388829307850449,0.5641742260945543,0.46647615158762407,0.46647615158762407,0.0,0.46647615158762407,0.0,72.2188784183194,14.430869689661812,hard,0.07819192817602802,0.06592939663000923,0.03686533585964418,0.0
0.0,0.0,50.428477780550935,0.03542628093703419,0.5830549012604845,0.46647615158762407,0.46647615158762407,0.0,0.46647615158762407,0.0,50.154437490614924,14.430869689661812,hard,0.07804346843567365,0.06957070146353118,0.04130831330383201,0.0
0.0,0.0,39.222526448409255,0.03703446261983914,0.6022315708431598,0.46647615158762407,0.46647615158762407,0.0,0.46647615158762407,0.0,39.23284848185254,14.430869689661812,hard,0.07862852476271658,0.07254755746413688,0.04427998450181347,0.0
0.0,0.0,31.726813446584114,0.03819638515740523,0.6202236834987671,0.46647615158762407,0.46647615158762407,0.0,0.46647615158762407,0.0,31.59635422006786,14.430869689661812,hard,0.07857809264194109,0.07515935939944896,0.046991432954406366,0.0
0.0,0.0,34.39901171251828,0.03806975390986482,0.6379580745385276,0.46647615158762407,0.46647615158762407,0.0,0.46647615158762407,0.0,33.31815721194676,14.430869689661812,hard,0.07841762526491403,0.07517420845128928,0.04816509567993975,0.0
0.0,0.0,34.1418734343638,0.038746175164954974,0.6578657019145304,0.46647615158762407,0.46647615158762407,0.0,0.46647615158762407,0.0,34.10185332207035,14.430869689661812,hard,0.07951652331195588,0.07613243299880959,0.04996492934430632,0.0
0.0,0.0,32.486666096983335,0.03944604460194403,0.6726884277354923,0.46647615158762407,0.46647615158762407,0.0,0.46647615158762407,0.0,32.080174563116074,14.430869689661812,hard,0.08000841195197904,0.07687488518596332,0.051677096551925934,0.0
0.0,0.0,46.76371555896035,0.040694049668352376,0.6936287388473981,0.46647615158762407,0.46647615158762407,0.0,0.46647615158762407,0.0,46.51197265221074,14.430869689661812,hard,0.08080712080027722,0.07847308735028279,0.0540885249875307,0.0
0.0,0.0,52.378665137548616,0.042857551369832936,0.715140304537277,0.46647615158762407,0.46647615158762407,0.0,0.46647615158762407,0.0,52.35877767862806,14.430869689661812,hard,0.08202260507858326,0.08300842055072191,0.05667325203024224,0.0
0.0,0.0,29.585194155167816,0.04409468687565883,0.7328061023219616,0.46647615158762407,0.46647615158762407,0.0,0.46647615158762407,0.0,29.233104522099595,14.430869689661812,hard,0.08299059804559487,0.08501217811812943,0.05864910699368904,0.0
0.0,0.0,34.45436103411223,0.04513140899937803,0.751081709106212,0.46647615158762407,0.46647615158762407,0.0,0.46647615158762407,0.0,34.48107306914911,14.430869689661812,hard,0.08348509862301606,0.0866186541207322,0.06079568564460277,0.0
0.0,0.0,33.99561625002794,0.046764501360721966,0.7655575924091448,0.46647615158762407,0.46647615158762407,0.0,0.46647615158762407,0.0,33.180867981413634,14.430869689661812,hard,0.08442662050255517,0.08950970813901668,0.06328662979765375,0.0
0.0,0.0,36.117084184772246,0.04792059759113024,0.7852508813272021,0.46647615158762407,0.46647615158762407,0.0,0.46647615158762407,0.0,35.64491548594274,14.430869689661812,hard,0.08552777749944726,0.09081446369661528,0.06507885315345865,0.0
0.0,0.0,40.829732948214044,0.050478731622696,0.8061428548115894,0.46647615158762407,0.46647615158762407,0.0,0.46647615158762407,0.0,40.93067309488081,14.430869689661812,hard,0.08688040240874527,0.0938834378159798,0.0699592277120631,0.0
0.0,0.0,39.269709328607604,0.0532747508589722,0.8341312001008298,0.46647615158762407,0.46647615158762407,0.0,0.46647615158762407,0.0,38.58501781780073,14.430869689661812,hard,0.0900279722314874,0.09798366012081322,0.07350807277882085,0.0
0.0,0.0,30.96763762259274,0.05514909213650457,0.8539821668873038,0.46647615158762407,0.46647615158762407,0.0,0.46647615158762407,0.0,30.606038619854086,14.430869689661812,hard,0.09155158665385943,0.10030485781521568,0.07646757075853541,0.0
0.0,0.0,28.03840953067061,0.05685588315699921,0.8766044215806549,0.46647615158762407,0.46647615158762407,0.0,0.46647615158762407,0.0,27.62941186489499,14.430869689661812,hard,0.09273767670697813,0.10276817099709887,0.07894123768274529,0.0
0.0,0.0,29.21878981619897,0.058494378265639246,0.8942587931503747,0.46647615158762407,0.46647615158762407,0.0,0.46647615158762407,0.0,28.85775459040429,14.430869689661812,hard,0.09381941527648513,0.10512128017823756,0.08133823353467029,0.0
0.0,0.0,43.31851774725679,0.060143033281779924,0.9104702667172335,0.5141984052872977,0.5141984052872977,0.0,0.5141984052872977,0.0,40.694471368970994,14.430869689661812,hard,0.0941651528002522,0.10729580255539806,0.08399498929986135,0.00837784371909001
0.0,0.0,26.9311678478813,0.061342035004353195,0.9250203697358171,0.5141984052872977,0.5141984052872977,0.0,0.5141984052872977,0.0,26.90573173136163,14.430869689661812,hard,0.09460350515345456,0.10882177511829208,0.08625922008225055,0.010316518298714144
0.0,0.0,39.53799203139581,0.06237504035285394,0.9427610016326348,0.5571355310873648,0.5571355310873648,0.0,0.5571355310873648,0.0,36.588353338186735,14.430869689661812,hard,0.0953301154162099,0.11029912338371162,0.08845423623504384,0.014102665470787158
0.0,0.0,65.1093638088493,0.06518241945124195,0.9595021358455533,0.6,0.6000000000000001,0.0,0.6000000000000001,0.0,61.28727437241764,14.430869689661812,hard,0.09683898643450223,0.11369156629112626,0.09209034211610147,0.016449019540486765
0.0,0.0,60.47739826190381,0.06755800747693978,0.9732500978799528,0.6997142273814361,0.6997142273814361,0.0,0.6997142273814361,0.0,55.66541475638173,14.430869689661812,hard,0.09814318966909064,0.11570534470225412,0.09679271672776325,0.02014092609478313
0.0,0.0,59.55987445026004,0.06987341727169853,0.9766129936142675,0.6997142273814361,0.6997142273814361,0.0,0.6997142273814361,0.0,55.91109013424797,14.430869689661812,hard,0.09970747875894188,0.11804475717722442,0.10107989066433547,0.02318598875315644
0.0,0.0,42.853521674734345,0.07130409997680438,0.9783576649321513,0.6997142273814361,0.6997142273814361,0.0,0.6997142273814361,0.0,42.42198015180338,14.430869689661812,hard,0.10013847047276393,0.11907700125148853,0.10535518005888407,0.02666024477198042
0.0,0.0,56.960721994273534,0.0717427608366865,0.9777735658722746,0.6988562083862458,0.6988562083862458,0.0,0.6988562083862458,0.0,51.76879755219354,14.430869689661812,hard,0.1004271885681403,0.11872242887105591,0.10754379403245073,0.0293564295320976
0.0,0.0,36.451653010556,0.07255047579487497,0.9792418889040025,0.6988562083862458,0.6988562083862458,0.0,0.6988562083862458,0.0,36.32528595895702,14.430869689661812,hard,0.1007091345105525,0.11913102270759747,0.10892714521867848,0.033647940315859194
0.0,0.0,35.54608643725865,0.07306323558416282,0.978273232410863,0.6988562083862458,0.6988562083862458,0.0,0.6988562083862458,0.0,34.75281859072728,14.430869689661812,hard,0.10101350427856337,0.12020766435629003,0.1096348580182848,0.03421772039724934
0.0,0.0,42.223307830136726,0.07410858511832459,0.9769697345891636,0.6988562083862458,0.6988562083862458,0.0,0.6988562083862458,0.0,42.21245787679272,14.430869689661812,hard,0.10079519753279553,0.12130902520703428,0.11230585913346272,0.03747867682867895
0.0,0.0,32.25932330164304,0.07547207308353329,0.9776319077763335,0.6988562083862458,0.6988562083862458,0.0,0.6988562083862458,0.0,31.92597061954421,14.430869689661812,hard,0.1017767286221886,0.12313436010888089,0.1150031753863972,0.03909284576670445
0.0,0.0,26.10483284674249,0.07635580236870022,0.978920267281704,0.6988562083862458,0.6988562083862458,0.0,0.6988562083862458,0.0,25.834426643531305,14.430869689661812,hard,0.10308021321375532,0.12392962485754715,0.11682517401375252,0.040776950916982906
0.0,0.0,39.71516455144103,0.07802607730773185,0.981699157405529,0.6988562083862458,0.6988562083862458,0.0,0.6988562083862458,0.0,39.39327861450479,14.430869689661812,hard,0.10496045129544095,0.12561238330739122,0.11997390180704155,0.043937672217150156
0.0,0.0,43.09471276911468,0.0797179892860104,0.9875850349728832,0.6988562083862458,0.6988562083862458,0.0,0.6988562083862458,0.0,42.61185281116042,14.430869689661812,hard,0.10915188821203861,0.12790364439697988,0.12217978822916305,0.04634332153733079
0.0,0.0,39.41588206763054,0.0809851865001622,0.9934191200767677,0.6988562083862458,0.6988562083862458,0.0,0.6988562083862458,0.0,39.44819387500523,14.430869689661812,hard,0.11234097809418282,0.12967571834497005,0.12369517248627757,0.047889155628098146
0.0,0.0,29.05361309714882,0.08193599911715753,0.9982026410959751,0.6988562083862458,0.6988562083862458,0.0,0.6988562083862458,0.0,28.668477462188328,14.430869689661812,hard,0.1143258438213928,0.13075612674497802,0.12525627516303667,0.04870768255250392
0.0,0.0,35.966702833389924,0.08344556147994095,1.0082626708170241,0.6988562083862458,0.6988562083862458,0.0,0.6988562083862458,0.0,35.59305550244317,14.430869689661812,hard,0.11671136437322963,0.13259124346241496,0.12732185196595594,0.05077076421134402
0.0,0.0,27.599571757413468,0.08424551145515112,1.0150804309203592,0.6988562083862458,0.6988562083862458,0.0,0.6988562083862458,0.0,27.424339554490636,14.430869689661812,hard,0.11843133226113305,0.13334841798431432,0.12859955636835235,0.051696439901389994
0.0,0.0,17.68326951694108,0.08464571901697415,1.019728397563602,0.6988562083862458,0.6988562083862458,0.0,0.6988562083862458,0.0,17.340634359792034,14.430869689661812,hard,0.11973988436867126,0.1339986166607439,0.1289601829673753,0.051696439901389994
0.0,0.0,8.594840037921438,0.08496981677752884,1.024371475153987,0.6988562083862458,0.6988562083862458,0.0,0.6988562083862458,0.0,8.628232727505674,14.430869689661812,hard,0.12034654870595148,0.13415712122022075,0.12940800162478128,0.05227199071767465
0.0,0.0,24.05552103873477,0.08572751705376956,1.0294216056433858,0.6988562083862458,0.6988562083862458,0.0,0.6988562083862458,0.0,24.03697984356604,14.430869689661812,hard,0.12082636369228139,0.13521470985283104,0.130375211261549,0.05432184452758144
0.0,0.0,29.50342480250931,0.0873448794761396,1.0396070138923887,0.6988562083862458,0.6988562083862458,0.0,0.6988562083862458,0.0,29.2888306355853,14.430869689661812,hard,0.12227777092906188,0.13794509370559008,0.1321905732552317,0.0562183666387884
0.0,0.0,28.718750077930267,0.08881866161559952,1.0513415685718521,0.6988562083862458,0.6988562083862458,0.0,0.6988562083862458,0.0,28.572721256471176,14.430869689661812,hard,0.12710449469189683,0.13967215070429378,0.1335634450414438,0.056584975298046784
0.0,0.0,54.024532725922626,0.09150812324474335,1.0662898190232166,0.7255342858886822,0.7255342858886822,0.0,0.7255342858886822,0.0,52.141177585474615,14.430869689661812,hard,0.12977157923965874,0.14352897009507268,0.13635505486194163,0.060144977701465804
0.0,0.0,31.64371586227644,0.09332334795993943,1.0815411464942046,0.7255342858886822,0.7255342858886822,0.0,0.7255342858886822,0.0,29.223148358792553,14.430869689661812,hard,0.13103058873261064,0.1462764830178053,0.13879705300008496,0.06207378970295564
0.0,0.0,24.704535366890756,0.0948483674359205,1.0976159867553625,0.7255342858886822,0.7255342858886822,0.0,0.7255342858886822,0.0,24.462902526069957,14.430869689661812,hard,0.1318435098760634,0.14783529901051712,0.1413475734982427,0.06372784682053757
0.0,0.0,48.30549356266904,0.09501260772997323,1.1007794743292927,0.7745966692414834,0.7745966692414834,0.0,0.7745966692414834,0.0,43.747187338159236,14.430869689661812,hard,0.13282746796698564,0.1481240966281789,0.1419063027269896,0.06473983944651704
0.0,0.0,62.453654118159214,0.09558196407467962,1.104167659899494,0.7901898506055365,0.7901898506055364,0.0,0.7901898506055364,0.0,57.40370719735791,14.430869689661812,hard,0.1329509144878108,0.14716136066067717,0.14358377388552931,0.0668161556548182
0.0,0.0,56.88332449563645,0.09638971535785115,1.1104674417288558,0.8200000000000001,0.8200000000000001,0.0,0.8200000000000001,0.0,51.86516750189862,14.430869689661812,hard,0.13259459660478418,0.14750966041481525,0.14520917890589405,0.06852650275601191
0.0,0.0,56.1526970619308,0.09666145282363242,1.1124309088893736,0.8138795979750323,0.8138795979750323,0.0,0.8138795979750323,0.0,53.57920865410389,14.430869689661812,hard,0.13216636782804547,0.14713584779594926,0.146301668563143,0.07083040514082764
0.0,0.0,68.28827114325523,0.0976588684043272,1.1146044866547584,0.8089499366462674,0.8089499366462675,0.0,0.8089499366462675,0.0,63.47388754440679,14.430869689661812,hard,0.13245709287957125,0.149289966844399,0.14604784210692215,0.0731066169254325
0.0,0.0,75.58087179683521,0.09738345795211381,1.1147986250737545,0.7704544113703289,0.7704544113703289,0.0,0.7704544113703289,0.0,68.38060836231278,14.430869689661812,hard,0.13220456630719452,0.14933098723603294,0.1442472494697316,0.07451570711725117
0.0,0.0,38.762809843509764,0.09764561114876764,1.1190713703551924,0.7704544113703289,0.7704544113703289,0.0,0.7704544113703289,0.0,38.777008652035036,14.430869689661812,hard,0.13223973303408804,0.14972969305405565,0.14449829773077566,0.07509175638295962
0.0,0.0,60.42027222429909,0.0977346374668032,1.1191127664606573,0.7704544113703289,0.7704544113703289,0.0,0.7704544113703289,0.0,59.692210547105724,14.430869689661812,hard,0.13258872685094733,0.1490823418168115,0.14494650554286534,0.07645997201560449
0.0,0.0,59.44378066508776,0.09879652019217487,1.1214587240333107,0.7704544113703289,0.7704544113703289,0.0,0.7704544113703289,0.0,59.107701697832915,14.430869689661812,hard,0.1324065351439334,0.15018062851661326,0.14849646559868648,0.0776819140741033
0.0,0.0,36.51416494597994,0.09924921819044331,1.1258697423368709,0.7704544113703289,0.7704544113703289,0.0,0.7704544113703289,0.0,36.465742828029704,14.430869689661812,hard,0.1328986152912856,0.15094907373558586,0.14948677491979476,0.07826210984928449
0.0,0.0,30.19681628866294,0.0999341796101446,1.1295879328757215,0.7704544113703289,0.7704544113703289,0.0,0.7704544113703289,0.0,30.282727750319985,14.430869689661812,hard,0.13334742393950558,0.15217136175610702,0.1506161691218937,0.07888246495853789
0.0,0.0,26.972505888382443,0.1009317046535934,1.132982212607821,0.7704544113703289,0.7704544113703289,0.0,0.7704544113703289,0.0,26.246744560040202,14.430869689661812,hard,0.13431097840249617,0.1542636056753639,0.15178982249876408,0.0797320944955815
0.0,0.0,35.32310077649327,0.10202922442218068,1.1380208716013311,0.7704544113703289,0.7704544113703289,0.0,0.7704544113703289,0.0,35.095868702740496,14.430869689661812,hard,0.13511753618579572,0.1566606164987252,0.15341000648041223,0.08031739588262883
0.0,0.0,48.6643186309418,0.10346061561003245,1.1425649392960031,0.7704544113703289,0.7704544113703289,0.0,0.7704544113703289,0.0,48.05831457718841,14.430869689661812,hard,0.13556340649619636,0.15987221281513156,0.15514043296252666,0.08135231983294947
0.0,0.0,36.242273094143094,0.10484862396367171,1.1473236186146571,0.7704544113703289,0.7704544113703289,0.0,0.7704544113703289,0.0,33.169721132382165,14.430869689661812,hard,0.13622023721452534,0.16293388103417455,0.15672749888170223,0.08199404483852932
0.0,0.0,24.312849059821144,0.10566678350495726,1.1520517288194494,0.7704544113703289,0.7704544113703289,0.0,0.7704544113703289,0.0,23.75307138034995,14.430869689661812,hard,0.136484493034548,0.16465552022057578,0.15801421471429114,0.08242225456411392
0.0,0.0,53.18891237674484,0.10770583142341719,1.1560842774207352,0.7704544113703289,0.7704544113703289,0.0,0.7704544113703289,0.0,52.844015744453024,14.430869689661812,hard,0.13810880143366042,0.16786184071397334,0.16149085097210059,0.08303538573963509
0.0,0.0,39.0460778553232,0.10839026030172481,1.160058715617642,0.7704544113703289,0.7704544113703289,0.0,0.7704544113703289,0.0,38.63182108055482,14.430869689661812,hard,0.13897323002136674,0.1690627271203708,0.162946725871506,0.0834060458706207
0.0,0.0,35.0699199354011,0.10871320603356995,1.1589419450572434,0.7704544113703289,0.7704544113703289,0.0,0.7704544113703289,0.0,35.07924742636307,14.430869689661812,hard,0.13914778728840752,0.1698788633324014,0.16389851858558369,0.0836682006235536
0.0,0.0,25.517633042913566,0.10897342627633039,1.1570574999889591,0.7704544113703289,0.7704544113703289,0.0,0.7704544113703289,0.0,25.02879142108144,14.430869689661812,hard,0.13920201072638616,0.17064788383691662,0.16433812931938982,0.08389530615388208
0.0,0.0,18.667957197045236,0.10939680336124886,1.157740485921792,0.7704544113703289,0.7704544113703289,0.0,0.7704544113703289,0.0,19.323188142747043,14.430869689661812,hard,0.13951534516669686,0.17125580496380216,0.16501610051655335,0.08395179789093492
0.0,0.0,39.06976392855496,0.11086947705351202,1.1596385170975552,0.7704544113703289,0.7704544113703289,0.0,0.7704544113703289,0.0,39.297882894629325,14.430869689661812,hard,0.1409188464517218,0.17406098574630088,0.16674811246887977,0.08398842383160593
0.0,0.0,29.84658841029194,0.11162610467533035,1.160170622391713,0.7704544113703289,0.7704544113703289,0.0,0.7704544113703289,0.0,29.537095320968845,14.430869689661812,hard,0.14165834528540397,0.1757989129473684,0.16774856466152774,0.08398842383160593
0.0,0.0,25.16426790792117,0.11266210351555572,1.165848887355671,0.754983443527075,0.754983443527075,0.0,0.8101851640211637,0.0,25.68345771114162,14.430869689661812,hard,0.1418242312036575,0.17722129028318176,0.16917051137744155,0.08425271589083973
0.0,0.0,40.87323226139404,0.11390048622764676,1.1723759013749735,0.7704544113703289,0.7704544113703289,0.0,0.82365041127896,0.0,38.2307520198073,14.430869689661812,hard,0.14291602138226034,0.179016282134629,0.1709748069192472,0.08458227214778666
0.0,0.0,33.59317613543886,0.1155591690564661,1.1781541089789276,0.7704544113703289,0.7704544113703289,0.0,0.82365041127896,0.0,31.48460576218162,14.430869689661812,hard,0.14375629751124422,0.18170700251823776,0.17362019835159845,0.08465822045642153
0.0,0.0,41.22773440553777,0.11719445393242807,1.1887688925479476,0.7851114570556209,0.7851114570556209,0.0,0.8364209466530593,0.0,38.60828926538963,14.430869689661812,hard,0.1441867292296818,0.1843405706603904,0.17626096141706094,0.08482044581151474
0.0,0.0,38.14257358009961,0.1182570040402034,1.1989237384793077,0.848528137423857,0.848528137423857,0.0,0.893532316147547,0.0,33.17890896337612,14.430869689661812,hard,0.14458022168035953,0.1854081110539687,0.17729739685207707,0.0873594031107675
0.0,0.0,47.68879296867434,0.11943695675746512,1.2069604230952509,0.8364209466530593,0.8364209466530593,0.0,0.8811356308764274,0.0,45.23407565099568,14.430869689661812,hard,0.1455374820912974,0.18666258684204787,0.17764854644812242,0.09071371983402778
0.0,0.0,55.11418418582562,0.1207597953345971,1.214544182634045,0.82365041127896,0.82365041127896,0.0,0.8681013765684282,0.0,53.802903267388835,14.430869689661812,hard,0.14642708964142084,0.18731984211102412,0.17901849147267054,0.0944094227735277
0.0,0.0,67.68857104243858,0.12110187086181033,1.2130181880233555,0.7959899496852959,0.7959899496852959,0.0,0.84,0.0,62.08099548170922,14.430869689661812,hard,0.1471329302362762,0.18692272970691667,0.17843665725972108,0.09973685512898417
0.0,0.0,43.50637757979215,0.12180294149054582,1.2168756707785684,0.7959899496852959,0.7959899496852959,0.0,0.84,0.0,42.6707815724062,14.430869689661812,hard,0.14784536678784557,0.18740741431981564,0.1789925718308033,0.10245914270425323
0.0,0.0,44.12570314049253,0.12285581225486453,1.2198867288441204,0.7959899496852959,0.7959899496852959,0.0,0.84,0.0,43.81123600173818,14.430869689661812,hard,0.14895087265469303,0.18866125654211444,0.1803867744836911,0.104817216894561
0.0,0.0,50.9739305735113,0.1233750351167572,1.2231673425769252,0.7959899496852959,0.7959899496852959,0.0,0.84,0.0,50.66408984675438,14.430869689661812,hard,0.14944971641300384,0.1888520362308884,0.18216034185186447,0.10823300167318406
0.0,0.0,50.46012498936291,0.12458179043036934,1.2248168397085908,0.7959899496852959,0.7959899496852959,0.0,0.84,0.0,48.36827472631208,14.430869689661812,hard,0.15022495196339725,0.18980242634908553,0.18531838641244414,0.11319702568756429
0.0,0.0,46.60855262159426,0.12626470658230096,1.2276335500468287,0.7959899496852959,0.7959899496852959,0.0,0.84,0.0,46.06300033649567,14.430869689661812,hard,0.1519880471978549,0.19094815870471202,0.18882231560804547,0.11657766298477497
0.0,0.0,39.39412214364858,0.12771901131759797,1.2305958290327104,0.7959899496852959,0.7959899496852959,0.0,0.84,0.0,38.4353170924867,14.430869689661812,hard,0.1534907694982679,0.19216426394747957,0.19163287695823403,0.11829772896056555
0.0,0.0,45.48100082847087,0.12929267380603793,1.2323005849010769,0.7959899496852959,0.7959899496852959,0.0,0.84,0.0,44.90405772310561,14.430869689661812,hard,0.15409604860438775,0.19328748157632947,0.1952020143610231,0.12273061317437475
0.0,0.0,23.485046116263806,0.1301609735038625,1.2344380411219684,0.7959899496852959,0.7959899496852959,0.0,0.84,0.0,22.76386610398155,14.430869689661812,hard,0.15415368918818045,0.19360950513866518,0.19711585067856652,0.1252549049134651
0.0,0.0,22.98039061901879,0.13080226407821402,1.2338122656234098,0.7959899496852959,0.7959899496852959,0.0,0.84,0.0,22.897589392772332,14.430869689661812,hard,0.15463725491504426,0.19432067396579586,0.19845164958114217,0.12552732986663215
0.0,0.0,19.49395455833933,0.13140471683259983,1.2357715846398545,0.7959899496852959,0.7959899496852959,0.0,0.84,0.0,19.402319448973106,14.430869689661812,hard,0.15491748056040935,0.19461633913973958,0.19997598656804227,0.12635284156323268
0.0,0.0,34.52021157190253,0.13255556558676862,1.2406432257685798,0.7959899496852959,0.7959899496852959,0.0,0.84,0.0,31.354266057428298,14.430869689661812,hard,0.15583721764795053,0.19662880636269783,0.2017453916431243,0.12678411301510933
0.0,0.0,32.43581479455847,0.13357733512801748,1.2462557949289466,0.7959899496852959,0.7959899496852959,0.0,0.84,0.0,29.02550602487405,14.430869689661812,hard,0.15671113004823187,0.19748193248491888,0.2042437328390394,0.12758601460164978
0.0,0.0,32.60492611643809,0.13488902297968183,1.2477947154539333,0.7959899496852959,0.7959899496852959,0.0,0.84,0.0,32.539213266457445,14.430869689661812,hard,0.15813800804538855,0.19896198941609108,0.2066422946160428,0.12852020143895726
0.0,0.0,27.649170286781033,0.13602272121650422,1.2478886855593119,0.7959899496852959,0.7959899496852959,0.0,0.84,0.0,27.414368495371182,14.430869689661812,hard,0.1590305498043808,0.20030891564256154,0.20835359651778024,0.12966608982872718
0.0,0.0,62.53044816441159,0.1367442655811331,1.247897378845922,0.7959899496852959,0.7959899496852959,0.0,0.84,0.0,62.86456553576107,14.430869689661812,hard,0.15953198908993296,0.20010196107625636,0.2106376274838058,0.13151616615493888
0.0,0.0,36.91307048565904,0.13743942189983344,1.2485490131653691,0.7959899496852959,0.7959899496852959,0.0,0.84,0.0,36.59104261974507,14.430869689661812,hard,0.15973213505836398,0.20075582932756567,0.21172611088547497,0.1328516059828783
0.0,0.0,32.690449958112595,0.1384919134945745,1.2481333234066116,0.7959899496852959,0.7959899496852959,0.0,0.84,0.0,32.38891168285838,14.430869689661812,hard,0.160179904866398,0.20251459162051205,0.21360445393607255,0.132979389989256
0.0,0.0,27.326635729607236,0.13920672189220204,1.246309008169828,0.7959899496852959,0.7959899496852959,0.0,0.84,0.0,27.461427493850355,14.430869689661812,hard,0.16003901512991214,0.204196856014163,0.21466469260304188,0.1331726331860176
0.0,0.0,34.22651163522135,0.14040094311560755,1.2496949188904096,0.8306623862918074,0.8306623862918074,0.0,0.8720091742636656,0.0,34.25492665296483,14.430869689661812,hard,0.1609782735669568,0.20606514339277193,0.21595609875108848,0.13381416304645796
0.0,0.0,26.564805989619785,0.1412839840543731,1.2503085793817263,0.8306623862918074,0.8306623862918074,0.0,0.8720091742636656,0.0,25.68208714259805,14.430869689661812,hard,0.16116086838074498,0.2080790449337293,0.21691052659345367,0.134322045620893
0.0,0.0,55.08695863789993,0.14074290605767192,1.241678084444375,0.8874683092933516,0.8874683092933517,0.0,0.9228217596047463,0.0,49.56575027173501,14.430869689661812,hard,0.16123754371847782,0.20765016197644307,0.21620045421900347,0.13376807908081173
0.0,0.0,42.943672474666,0.14145871744672875,1.2422753375672204,0.8944271909999159,0.8944271909999159,0.0,0.928654941299512,0.0,39.656429491319564,14.430869689661812,hard,0.16138729554417422,0.20872183276165573,0.2172724908607159,0.1346413465756396
0.0,0.0,50.53843002939808,0.1430183170935433,1.2464709171941089,0.9008884503644167,0.9008884503644167,0.0,0.9340235543068494,0.0,44.48104764953272,14.430869689661812,hard,0.1616164418416361,0.20982601365951764,0.21878328238956235,0.13624096893278115
0.0,0.0,53.744371675051866,0.14312195995479182,1.2406002239762342,0.9173875952943772,0.9173875952943772,0.0,0.947417542586161,0.0,48.790003074400396,14.430869689661812,hard,0.16179532627889653,0.21045719205741734,0.21830196589314838,0.13821522157929836
0.0,0.0,33.72825230164371,0.1444332252728559,1.2411180180183579,0.9173875952943772,0.9173875952943772,0.0,0.947417542586161,0.0,31.40477033827823,14.430869689661812,hard,0.16275676369474645,0.2119555040730824,0.2204968346430338,0.1401811764051118
0.0,0.0,32.93875038438214,0.14522271562445221,1.2408575570115954,0.9173875952943772,0.9173875952943772,0.0,0.947417542586161,0.0,32.81127245322863,14.430869689661812,hard,0.16323501920783728,0.21287836150460177,0.22177552335158657,0.1414478021119842
0.0,0.0,41.01727744440302,0.14627975547987201,1.2393241871345198,0.9173875952943772,0.9173875952943772,0.0,0.947417542586161,0.0,41.19845142720779,14.430869689661812,hard,0.16351394652896073,0.21467589821968444,0.22339721848977992,0.14276347038334064
0.0,0.0,23.143170676138027,0.147124978902992,1.2398559875798636,0.9173875952943772,0.9173875952943772,0.0,0.947417542586161,0.0,23.429588131249766,14.430869689661812,hard,0.16444579288453523,0.21550407612288458,0.22425035802914034,0.14417644696433288
0.0,0.0,32.355070289142205,0.1484979882458154,1.2388073922369005,0.9173875952943772,0.9173875952943772,0.0,0.947417542586161,0.0,29.108081352091897,14.430869689661812,hard,0.16636784419769152,0.21684659178631077,0.22567059185050958,0.1454154972784082
0.0,0.0,19.729991222095492,0.14935056398617058,1.239472145100716,0.9173875952943772,0.9173875952943772,0.0,0.947417542586161,0.0,19.180625641516492,14.430869689661812,hard,0.16714939746684765,0.21747711823530994,0.22680269795419106,0.1465209980582624
0.0,0.0,26.56267621631132,0.14992625391753078,1.2334009637479963,0.9173875952943772,0.9173875952943772,0.0,0.947417542586161,0.0,25.646216095166942,14.430869689661812,hard,0.16821670642903835,0.21784176840761588,0.22782043078477918,0.1469448690548811
0.0,0.0,31.88835667685937,0.1502891681979459,1.229759254141008,0.9173875952943772,0.9173875952943772,0.0,0.947417542586161,0.0,31.715617603950268,14.430869689661812,hard,0.169449725464924,0.217744156439193,0.2291131425548375,0.1474874943778307
0.0,0.0,27.940970286453453,0.15068045891990056,1.2275049320701927,0.9173875952943772,0.9173875952943772,0.0,0.947417542586161,0.0,27.57378465136768,14.430869689661812,hard,0.17039086738529174,0.21769207340506255,0.23010290183629659,0.14839085170621752
0.0,0.0,36.31091577680054,0.15183553955291432,1.2254790061547702,0.9173875952943772,0.9173875952943772,0.0,0.947417542586161,0.0,36.240993363869045,14.430869689661812,hard,0.17118173905632966,0.21836921565694004,0.23185225621153152,0.15020279195868316
0.0,0.0,26.476355606896362,0.1524393194694238,1.2248093399571347,0.9173875952943772,0.9173875952943772,0.0,0.947417542586161,0.0,26.31097869711425,14.430869689661812,hard,0.17144432048918465,0.21910052549746514,0.23258688408599523,0.15126992415292986
0.0,0.0,19.731035800834714,0.15302815440133555,1.2251704175651525,0.9173875952943772,0.9173875952943772,0.0,0.947417542586161,0.0,19.50318948274871,14.430869689661812,hard,0.1720474142580153,0.21948634562178032,0.23343297140789934,0.15193224053529625
0.0,0.0,19.800467210605497,0.1536320850219584,1.2248082434963017,0.9173875952943772,0.9173875952943772,0.0,0.947417542586161,0.0,19.58804737588716,14.430869689661812,hard,0.17269149185728247,0.21989238832083227,0.23430678484015546,0.1526670134798101
0.0,0.0,32.9522596759785,0.15469413635029944,1.2241983698352874,0.9173875952943772,0.9173875952943772,0.0,0.947417542586161,0.0,32.21922407507667,14.430869689661812,hard,0.1734442361415388,0.22083332220092325,0.23582262048231942,0.15386719868491788
0.0,0.0,24.549500686199902,0.15503828218779167,1.2257195633249436,0.9173875952943772,0.9173875952943772,0.0,0.947417542586161,0.4200000000000001,23.771756350762136,14.430869689661812,hard,0.17447167989447437,0.22170963748619132,0.23588132182174798,0.153935220423245
0.0,0.0,25.497433656551028,0.15541573842672682,1.2270134178955376,0.9433981132056604,0.9433981132056604,0.0,0.9718024490605074,0.4200000000000001,24.558998350909995,14.430869689661812,hard,0.17534896261054872,0.22267406749915714,0.23597590768697452,0.1543178299032557
0.0,0.0,25.96544695071411,0.15568592130488892,1.2281591441705864,0.9433981132056604,0.9433981132056604,0.0,0.9718024490605074,0.7000000000000001,26.22819856566592,14.430869689661812,hard,0.17613438881890764,0.22349166724229005,0.2360679491190967,0.15450035946305568
0.0,0.0,20.35257013199651,0.1558255811593091,1.2287894488109656,0.9433981132056604,0.9433981132056604,0.0,0.9718024490605074,0.9799999999999998,19.74250237431922,14.430869689661812,hard,0.1765508645840817,0.22392467303552943,0.23609782237302634,0.15494084069679673
0.0,0.0,30.748777216491444,0.15639711078611304,1.229489971761565,0.9643650760992956,0.9643650760992956,0.0,1.0176443386566842,0.9799999999999998,29.42515930288229,14.430869689661812,hard,0.17601552006701748,0.22456119910491534,0.23655376726925723,0.15826278630861282
0.0,0.0,26.135796855890707,0.1567688953989179,1.2295432840203706,0.9643650760992956,0.9643650760992956,0.0,1.0176443386566842,1.1199999999999999,22.720255280255987,14.430869689661812,hard,0.17662065202671606,0.22548482046573037,0.2365318018390911,0.15906607576208956
0.0,0.0,34.85386241126805,0.1580472584630821,1.2313866031770295,0.9643650760992956,0.9643650760992956,0.0,1.0176443386566842,1.2599999999999998,34.25042481488368,14.430869689661812,hard,0.17808343582630684,0.22738112727097096,0.23753626634339053,0.16237664763501528
0.0,0.0,69.60252676572507,0.15935899399776934,1.2278672365242225,0.977547952787995,0.977547952787995,0.0,1.0239140588936164,1.2599999999999998,64.11497484987419,14.430869689661812,hard,0.17946783236092448,0.22885893478444383,0.23915811093079478,0.16408296737302944
0.0,0.0,33.24963823073826,0.1607195504811348,1.2303490164823487,0.977547952787995,0.977547952787995,0.0,1.0239140588936164,1.2599999999999998,31.936743728814932,14.430869689661812,hard,0.18057622955381394,0.2306179146398601,0.2410576469341726,0.16654098093946415
0.0,0.0,51.11442435527836,0.16137127522742808,1.2266825775800623,1.0031948963187562,1.0031948963187562,0.0,1.043839068055991,1.2599999999999998,46.58395002573312,14.430869689661812,hard,0.18100052071561096,0.2315038086398053,0.2421333536547818,0.16657109943073706
0.0,0.0,37.373758338127224,0.16220364926933475,1.2259529315966475,1.0031948963187562,1.0031948963187562,0.0,1.043839068055991,1.2599999999999998,36.13820692840197,14.430869689661812,hard,0.18153410921981203,0.2319953610962974,0.24412681327283045,0.16828252067080524
0.0,0.0,50.97402341296197,0.16200707851423524,1.2212991178384693,0.964157663455516,0.964157663455516,0.0,1.0031948963187562,1.2599999999999998,46.945538659174,14.430869689661812,hard,0.18161734322736436,0.23163075270417094,0.24262383836511647,0.1699077070456574
0.0,0.0,27.426678265550425,0.162198498557204,1.219596394297596,0.964157663455516,0.964157663455516,0.0,1.0031948963187562,1.2599999999999998,27.2721396300327,14.430869689661812,hard,0.18171924798100503,0.2318623781961323,0.24268724194874391,0.17143831062367682
0.0,0.0,29.417671511909116,0.16257299493217864,1.2211039180290275,0.964157663455516,0.964157663455516,0.0,1.0031948963187562,1.2599999999999998,25.93363838723753,14.430869689661812,hard,0.18172874838771408,0.2319546029495025,0.24349339300819703,0.17297611913944155
0.0,0.0,31.730654977555584,0.1631694510242733,1.22627760835585,0.964157663455516,0.964157663455516,0.0,1.0031948963187562,1.2599999999999998,31.962609405366138,14.430869689661812,hard,0.18194640940478202,0.23264629967696648,0.2442018116110285,0.17533409545142992
0.0,0.0,22.594950374244764,0.16346074981051406,1.2287289275357727,0.964157663455516,0.964157663455516,0.0,1.0031948963187562,1.2599999999999998,22.335621773301945,14.430869689661812,hard,0.18211649644847802,0.2323600518447095,0.244892084519608,0.17632132230609238
0.0,0.0,23.996243241116904,0.16435343742018027,1.230866293157026,0.964157663455516,0.964157663455516,0.0,1.0031948963187562,1.2599999999999998,23.80013445340173,14.430869689661812,hard,0.18255488718377824,0.23240367298874512,0.24672480520984671,0.1784090212017642
0.0,0.0,20.41954132645559,0.16530380831021635,1.2344168414989352,0.964157663455516,0.964157663455516,0.0,1.0031948963187562,1.2599999999999998,19.97194031635384,14.430869689661812,hard,0.18257326067537868,0.2324937384194633,0.2485397735060507,0.18010592529920305
0.0,0.0,19.396443564576753,0.16601310563029678,1.236645913491323,0.964157663455516,0.964157663455516,0.0,1.0031948963187562,1.2599999999999998,18.504367052131236,14.430869689661812,hard,0.1827319589554487,0.2327212466340234,0.2496297177417425,0.1821171256191007
0.0,0.0,22.23891788005527,0.16693174109866016,1.23896887312718,0.964157663455516,0.964157663455516,0.0,1.0031948963187562,1.2599999999999998,22.926185901715094,14.430869689661812,hard,0.1828954339293154,0.23295295193097013,0.25058987932882926,0.186123017030561
0.0,0.0,25.036282178220944,0.16735277089683692,1.2395478877884727,0.964157663455516,0.964157663455516,0.0,1.0031948963187562,1.2599999999999998,24.88022507936775,14.430869689661812,hard,0.18320329223019474,0.23290493095662362,0.2512462881551338,0.18915750988067148
0.0,0.0,27.63026195133462,0.1675646999760783,1.239624826845848,0.964157663455516,0.964157663455516,0.0,1.0031948963187562,1.2599999999999998,27.051720832508973,14.430869689661812,hard,0.18307528960104066,0.23239720308692444,0.25239849846593665,0.19080415947769389
0.0,0.0,33.78491300264838,0.16817661288308536,1.2408396026560136,0.964157663455516,0.964157663455516,0.0,1.0031948963187562,1.2599999999999998,33.75168736522665,14.430869689661812,hard,0.18311516186177826,0.23280388205895058,0.2537881065017018,0.19295997555334488
0.0,0.0,25.5021196312421,0.16853240968569688,1.2431729378929803,0.964157663455516,0.964157663455516,0.0,1.0031948963187562,1.2599999999999998,24.89382252688405,14.430869689661812,hard,0.1830155021313271,0.2329930102866157,0.25455214616656685,0.19435104209316117
0.0,0.0,32.438689053870114,0.1687053616279015,1.2288273658747104,0.964157663455516,0.964157663455516,0.13999999999999999,1.0031948963187562,1.2599999999999998,31.752795152553105,14.430869689661812,hard,0.18315256542748568,0.23326624286916603,0.25491892302531755,0.19594993192920826
0.0,0.0,21.781784438471934,0.16893906920387386,1.232592514513607,0.964157663455516,0.964157663455516,0.13999999999999999,1.0031948963187562,1.2599999999999998,21.68501786948768,14.430869689661812,hard,0.1833496114431972,0.2334664993438613,0.2556122310623847,0.19677032792024407
0.0,0.0,25.82567048371884,0.1693865741685713,1.2372853134821549,0.964157663455516,0.964157663455516,0.13999999999999999,1.0031948963187562,1.2599999999999998,22.725351482430366,14.430869689661812,hard,0.18377780895678533,0.23357770709388287,0.25660611748745205,0.19809059841453766
0.0,0.0,26.40807280772766,0.16953243205414326,1.2381343349290244,0.964157663455516,0.964157663455516,0.13999999999999999,1.0031948963187562,1.2599999999999998,26.105240853131388,14.430869689661812,hard,0.18397022559596346,0.23371968811926735,0.25693766871812324,0.19935076900337645
0.0,0.0,18.351281906780198,0.1698584908255338,1.2371663908956156,0.964157663455516,0.964157663455516,0.13999999999999999,1.0031948963187562,1.2599999999999998,18.320480343047777,14.430869689661812,hard,0.18406154530956112,0.2338076192875743,0.2573446128842776,0.20130434315839574
0.0,0.0,27.384054832140844,0.17053156276042195,1.238729151645469,0.964157663455516,0.964157663455516,0.13999999999999999,1.0031948963187562,1.2599999999999998,26.243749732079063,14.430869689661812,hard,0.18528703173239428,0.234317022496224,0.257875739823542,0.2034751699193953
0.0,0.0,20.92458868365767,0.17098575338994393,1.2391320255171299,0.9848857801796105,0.9848857801796105,0.13999999999999999,1.0215674231297707,1.2599999999999998,19.20587410143053,14.430869689661812,hard,0.1861578030624568,0.2344463074691973,0.2582918111889106,0.20500874117913223
0.0,0.0,44.821108388379656,0.17131256153020552,1.236048110814078,0.9643650760992956,0.9643650760992956,0.13999999999999999,1.0562196741208714,1.2599999999999998,41.485057550882104,14.430869689661812,hard,0.18670567525586312,0.23470443587283893,0.25816721645760043,0.2063070243203017
0.0,0.0,66.32606150591847,0.1709814234293285,1.2322426585617106,0.9624967532412771,0.9624967532412771,0.13999999999999999,1.0476640682967036,0.0,61.50337876897496,14.430869689661812,hard,0.18686415744047957,0.23444405936412474,0.25737643056936843,0.2062736429691711
0.0,0.0,37.84038091732424,0.17147985000857158,1.2327597199464304,0.9816312953446421,0.9816312953446421,0.13999999999999999,1.0630145812734648,0.0,36.29380112360787,14.430869689661812,hard,0.18686415744047957,0.23458823598074924,0.2577252777194158,0.20731486336216567
0.0,0.0,48.02280167065244,0.17245538415130274,1.232886796371236,0.9977975746613138,0.9977975746613138,0.13999999999999999,1.0734989520255713,0.0,42.95344456501713,14.430869689661812,hard,0.1870167429796658,0.234420668424801,0.25877128802547894,0.2082231739719966
0.0,0.0,38.20211386126564,0.1728740954869184,1.2302732107896754,0.9951884243699782,0.9951884243699782,0.13999999999999999,1.068831137270991,0.0,36.013602985538675,14.430869689661812,hard,0.18722726029974268,0.23412166307382126,0.25935577558205414,0.20876735337347274
0.0,0.0,63.75147999553777,0.17252567620979217,1.2246291235267641,0.9682974749528164,0.9682974749528163,0.13999999999999999,1.0392304845413265,0.0,57.95327773301524,14.430869689661812,hard,0.18751022510965532,0.23292381240886548,0.25778775323401326,0.20990337864422248
0.0,0.0,31.540371755903074,0.17286767321387086,1.2257877479964752,0.9682974749528164,0.9682974749528163,0.13999999999999999,1.0392304845413265,0.0,31.473474546036385,14.430869689661812,hard,0.18802972588034345,0.23276665544824995,0.2583719202433395,0.21023063430010572
0.0,0.0,57.00346945017439,0.1735320433041462,1.2257363458673345,0.9682974749528164,0.9682974749528163,0.13999999999999999,1.0392304845413265,0.0,56.87976441582718,14.430869689661812,hard,0.18905253399422306,0.23409436340452167,0.25920974646599837,0.2103591454877732
0.0,0.0,28.77908371575277,0.17408319281999846,1.2256384640428057,0.9682974749528164,0.9682974749528163,0.13999999999999999,1.0392304845413265,0.0,27.94677798960016,14.430869689661812,hard,0.18935790451556056,0.23459350197643525,0.25984862777201423,0.21113197714040965
0.0,0.0,31.13008092854009,0.174814771048152,1.2255552323419963,0.9682974749528164,0.9682974749528163,0.13999999999999999,1.0392304845413265,0.0,31.140488114350426,14.430869689661812,hard,0.18959396464801379,0.23493423381155112,0.26064986985806254,0.2124692496176462
0.0,0.0,18.10189523326762,0.17535363390960315,1.2270195218619788,0.9682974749528164,0.9682974749528163,0.13999999999999999,1.0392304845413265,0.0,17.929026744360666,14.430869689661812,hard,0.18994397453083997,0.23542132621897377,0.2611069210417045,0.21312546690387632
0.0,0.0,19.955965867294374,0.17584585183653414,1.2270195218619788,0.9682974749528164,0.9682974749528163,0.13999999999999999,1.0392304845413265,0.0,19.233730787343365,14.430869689661812,hard,0.19069057643938486,0.23620656613009722,0.26145418374311297,0.2137276893033893
0.0,0.0,40.666764887895745,0.17618105908146287,1.2234679417614946,0.9682974749528164,0.9682974749528163,0.13999999999999999,1.0392304845413265,0.0,40.9549069099174,14.430869689661812,hard,0.1910598228524042,0.23611073464208146,0.2619886811915654,0.21437461920562811
0.0,0.0,45.63458000556845,0.17663332596715714,1.2180161776603455,0.9682974749528164,0.9682974749528163,0.13999999999999999,1.0392304845413265,0.0,42.693156360241154,14.430869689661812,hard,0.19157909135665407,0.2370415504633487,0.2624404238006675,0.2156026161230431
0.0,0.0,26.07380926979858,0.17719820248717666,1.212735691445449,0.9682974749528164,0.9682974749528163,0.13999999999999999,1.0392304845413265,0.0,26.09230537917261,14.430869689661812,hard,0.1919892335624493,0.23749663766642368,0.263149013432851,0.21683035128150285
0.0,0.0,24.651138558055973,0.1776727870632524,1.209256824550337,0.9682974749528164,0.9682974749528163,0.13999999999999999,1.0392304845413265,0.0,23.98316909834895,14.430869689661812,hard,0.19247167050853978,0.23774100315308672,0.26346220605946247,0.21820138157609054
0.0,0.0,28.680220477032304,0.17770554782317505,1.2033313762464053,0.9682974749528164,0.9682974749528163,0.13999999999999999,1.0392304845413265,0.0,29.056668769836637,14.430869689661812,hard,0.1926968460320165,0.23749462827886395,0.2640179952905204,0.21879337534217533
0.0,0.0,26.82326991495452,0.17803608056145825,1.1994339538062517,0.9682974749528164,0.9682974749528163,0.13999999999999999,1.0392304845413265,0.0,27.1251617506698,14.430869689661812,hard,0.19289391711467824,0.23726657754417013,0.26497417707548215,0.21961940039904504
0.0,0.0,23.453565861713116,0.1778368774878793,1.1957033955532665,0.9682974749528164,0.9682974749528163,0.13999999999999999,1.0392304845413265,0.0,22.76707271477824,14.430869689661812,hard,0.19279934908961965,0.23691879990311826,0.265381794475392,0.22001533264930156
0.0,0.0,19.995662447903733,0.17802112237721981,1.1919452166387812,0.9682974749528164,0.9682974749528163,0.13999999999999999,1.0392304845413265,0.0,19.94332971196134,14.430869689661812,hard,0.1931758102953069,0.2366685199955834,0.2661158775866402,0.22028138602954483
0.0,0.0,10.426038608728508,0.1782960238753103,1.191889254568822,0.9682974749528164,0.9682974749528163,0.13999999999999999,1.0392304845413265,0.0,10.507159463908406,14.430869689661812,hard,0.19346512565235388,0.23687500614798673,0.26645278609377027,0.22069559573422137
0.0,0.0,48.897230663337425,0.1776485128750196,1.1897537899741752,0.9682974749528164,0.9682974749528163,0.13999999999999999,1.0392304845413265,0.0,48.849745137513246,14.430869689661812,hard,0.19310352406864364,0.23607222604410238,0.2657743889285452,0.22088169234604418
0.0,0.0,35.438348798843904,0.17840377719831738,1.1867931223070458,1.004987562112089,1.004987562112089,0.13999999999999999,1.0772186407596185,0.0,31.68914009562267,14.430869689661812,hard,0.1926001635694822,0.2359476408542069,0.2661681611420072,0.22070880098885737
0.0,0.0,18.843207514262776,0.1788782690501313,1.1840185987501286,1.004987562112089,1.004987562112089,0.13999999999999999,1.0772186407596185,0.0,19.268627351215237,14.430869689661812,hard,0.19206169401788575,0.23557859051257737,0.2667861395970652,0.22109915473260977
0.0,0.0,25.269925691367035,0.17903222153429885,1.1813414368043904,0.988736567544662,0.988736567544662,0.13999999999999999,1.1070682002478438,0.0,24.520717770897328,14.430869689661812,hard,0.19171066593932248,0.23510960432251257,0.2669123492536216,0.2216586009930924
0.0,0.0,25.98293308456331,0.17937068328787475,1.1787490681088164,0.988736567544662,0.988736567544662,0.13999999999999999,1.1070682002478438,0.0,25.057501870697326,14.430869689661812,hard,0.19163443177793593,0.23479426122534655,0.2669125368942644,0.22276719367185768
0.0,0.0,37.8533504626287,0.17903098221943153,1.1726243795461606,1.0007996802557444,1.0007996802557442,0.13999999999999999,1.1106754701531856,0.0,33.955741782502706,14.430869689661812,hard,0.1915087155252993,0.23442756407513407,0.26624216550274754,0.22280118809887345
0.0,0.0,54.86012833584848,0.17927299259737642,1.1692079528414472,0.9707728879609278,0.9707728879609278,0.13999999999999999,1.0762899237658967,0.0,51.239297419070844,14.430869689661812,hard,0.1915087155252993,0.23384529931335576,0.26529995917280447,0.22268134655623267
0.0,0.0,35.330963436935455,0.1799378828186674,1.1680534199563823,0.9707728879609278,0.9707728879609278,0.13999999999999999,1.0762899237658967,0.0,35.039086746089716,14.430869689661812,hard,0.1915087155252993,0.23454965758655058,0.26598395140375763,0.22318007368856901
0.0,0.0,34.75228509054757,0.17965508720382845,1.161486077909983,0.9442457307290301,0.9442457307290301,0.13999999999999999,1.0486181383134663,0.0,32.49799993845775,14.430869689661812,hard,0.19164776606533515,0.2339383046805359,0.26492670208022706,0.22357405215253803
0.0,0.0,67.8584169383134,0.17941693333162603,1.1486353537976068,0.902441133814278,0.9024411338142783,0.13999999999999999,0.9991996797437437,0.0,62.8720891970356,14.430869689661812,hard,0.19165470669977802,0.23380195179602425,0.26426535281332797,0.22296029131991918
0.0,0.0,48.29163618294091,0.17939789362415096,1.1399019181070458,0.902441133814278,0.9024411338142783,0.13999999999999999,0.9991996797437437,0.0,46.69494191023263,14.430869689661812,hard,0.19145789185856216,0.23361355382975435,0.2646477215236318,0.2237116209017328
0.0,0.0,45.82466628229898,0.18018537915894417,1.1344602240607158,0.902441133814278,0.9024411338142783,0.13999999999999999,0.9991996797437437,0.0,45.1870822249014,14.430869689661812,hard,0.19134989564475968,0.2342207494026688,0.2662497122007244,0.22487690563259013
0.0,0.0,37.685362671644754,0.18102944599608592,1.1302334319079324,0.902441133814278,0.9024411338142783,0.13999999999999999,0.9991996797437437,0.0,37.10396744284902,14.430869689661812,hard,0.19142123682310888,0.23490341081401106,0.2680875218431091,0.2260910018643409
0.0,0.0,47.88094038577133,0.18175492724292872,1.1284880649516968,0.902441133814278,0.9024411338142783,0.13999999999999999,0.9991996797437437,0.0,47.90232144687771,14.430869689661812,hard,0.19145003776006186,0.23605313312326373,0.2686889610758243,0.2266385494172369
0.0,0.0,30.856576211935103,0.18227530008095857,1.1248312344614215,0.902441133814278,0.9024411338142783,0.13999999999999999,0.9991996797437437,0.0,28.11903270029038,14.430869689661812,hard,0.19145179580832705,0.2367121774213041,0.2692471289780017,0.2277459951048713
0.0,0.0,25.441350005328452,0.18289450025821902,1.1246970047363978,0.902441133814278,0.9024411338142783,0.13999999999999999,0.9991996797437437,0.0,23.517346789125682,14.430869689661812,hard,0.19145393343593942,0.23732335681333241,0.27004304764714754,0.22894770767886172
0.0,0.0,21.341613319280263,0.18368842949328706,1.1254774184615295,0.902441133814278,0.9024411338142783,0.13999999999999999,0.9991996797437437,0.0,21.10758157629623,14.430869689661812,hard,0.19145393343593942,0.23792600828081512,0.2710430372025242,0.2300551610571317
0.0,0.0,13.151648080827238,0.18387595312451582,1.1256715419584598,0.902441133814278,0.9024411338142783,0.13999999999999999,0.9991996797437437,0.0,13.157644166035194,14.430869689661812,hard,0.19145393343593942,0.23809568180799368,0.2707944756508618,0.23048588182427987
0.0,0.0,11.453104868931526,0.18420585295128108,1.1261825774157423,0.902441133814278,0.9024411338142783,0.13999999999999999,0.9991996797437437,0.0,11.177047910785745,14.430869689661812,hard,0.19145393343593942,0.23823708980363012,0.27091633677442434,0.23121474010846318
0.0,0.0,14.62611486228918,0.18476708376834775,1.126773033203819,0.902441133814278,0.9024411338142783,0.13999999999999999,0.9991996797437437,0.0,14.053953180511169,14.430869689661812,hard,0.19145393343593942,0.23831917207345216,0.27093274613599466,0.23300891305221236
0.0,0.0,6.570862630627276,0.18487445626218615,1.1273790733258902,0.902441133814278,0.9024411338142783,0.13999999999999999,0.9991996797437437,0.0,5.926921629311459,14.430869689661812,hard,0.19145393343593942,0.23836936424694932,0.2709664876007174,0.23376151186214314
0.0,0.0,25.496235620957112,0.18492679556965955,1.125512357279657,0.902441133814278,0.9024411338142783,0.13999999999999999,0.9991996797437437,0.0,24.795362469623228,14.430869689661812,hard,0.19145393343593942,0.2383555150165265,0.27121922295411227,0.2345975980514171
0.0,0.0,28.063952042635538,0.1851394012046528,1.125475815645002,0.902441133814278,0.9024411338142783,0.13999999999999999,0.9991996797437437,0.0,23.937384986668867,14.430869689661812,hard,0.19139796523638747,0.23843807844505308,0.2718950892204353,0.23552837181916342
0.0,0.0,32.77256853353968,0.18541967715152727,1.123922907206463,0.902441133814278,0.9024411338142783,0.13999999999999999,0.9991996797437437,0.0,32.671094257768594,14.430869689661812,hard,0.19130951943932062,0.23883064236142862,0.27317201119547424,0.23688621172361646
0.0,0.0,35.67656129750052,0.18528798684530043,1.1219299235258093,0.902441133814278,0.9024411338142783,0.13999999999999999,0.9991996797437437,0.0,35.510696979924234,14.430869689661812,hard,0.19154084813722236,0.23835149408101647,0.27327049501305906,0.238172625690871
0.0,0.0,23.07408634183051,0.1858946078318404,1.121298892439972,0.9167333309092672,0.9167333309092672,0.13999999999999999,1.0081666528902848,0.0,20.66863323976697,14.430869689661812,hard,0.19157512498749166,0.23851289851331445,0.27402110097123583,0.23918807610232118
0.0,0.0,20.099802835653193,0.18649026138073566,1.1204423782992414,0.9167333309092672,0.9167333309092672,0.13999999999999999,1.0081666528902848,0.0,20.006998775428563,14.430869689661812,hard,0.19161134818929254,0.23880876133004025,0.27479661243835535,0.2404269817709721
0.0,0.0,21.764142752268413,0.18692316581706198,1.1162468728007913,0.9303762679690405,0.9303762679690405,0.13999999999999999,1.0166612021711068,0.0,19.34594531161504,14.430869689661812,hard,0.19163438153405146,0.23901647337704393,0.27542027478747855,0.24106072870312842
0.0,0.0,39.76761439313611,0.1879303319542166,1.1106397335876546,0.9643650760992956,0.9643650760992956,0.13999999999999999,1.0394229168149027,0.0,37.952227866095036,14.430869689661812,hard,0.1907570422490754,0.2387928450922055,0.2760483646002364,0.2418972676101795
0.0,0.0,36.26179162305963,0.1879690411658793,1.108887151573471,0.9643650760992956,0.9643650760992956,0.13999999999999999,1.0394229168149027,0.0,36.028460971848354,14.430869689661812,hard,0.1904099373044101,0.23869093427150492,0.27632251137938807,0.24219823038442245
0.0,0.0,53.553596335199806,0.18863980503216266,1.100712485345477,0.925418824100742,0.925418824100742,0.13999999999999999,1.0254754994635418,0.0,49.39512526555631,14.430869689661812,hard,0.19037786385864194,0.2388461539965337,0.27626813948321627,0.24003674768113517
0.0,0.0,48.833785951503806,0.18899679951013698,1.0982352422880644,0.9156418513807677,0.9156418513807677,0.13999999999999999,1.0111379727811631,0.0,44.01376602836889,14.430869689661812,hard,0.19060356042033405,0.2386362249840618,0.27704124536204744,0.23932038127737681
0.0,0.0,50.601704208242786,0.18867224676311023,1.0917399261940632,0.8829496021857646,0.8829496021857646,0.13999999999999999,0.9643650760992956,0.0,46.2569389389311,14.430869689661812,hard,0.19051085358326342,0.23835673206987723,0.27514146537545153,0.23962219622978403
0.0,0.0,51.21019420806205,0.18922054866538918,1.08813442994959,0.8717797887081347,0.8717797887081347,0.13999999999999999,0.9887365675446621,0.0,51.35833330629023,14.430869689661812,hard,0.1907635518959491,0.237867158716946,0.2760500757159545,0.24068138185605784
0.0,0.0,31.266922176085693,0.18944783343869936,1.086113552026929,0.8829496021857646,0.8829496021857646,0.13999999999999999,0.992169340384997,0.0,28.409547690873225,14.430869689661812,hard,0.1908966522206163,0.23813172315244238,0.2767178206405697,0.24089650236242213
0.0,0.0,24.12251425271872,0.18969625546451616,1.0854864151286032,0.8829496021857646,0.8829496021857646,0.13999999999999999,0.992169340384997,0.0,23.531502289484195,14.430869689661812,hard,0.19099777464619694,0.23853238576504335,0.27716583366828296,0.2407693208094272
0.0,0.0,34.36151614508473,0.1906058488396659,1.0856422324067183,0.8829496021857646,0.8829496021857646,0.13999999999999999,0.992169340384997,0.0,34.55627873484065,14.430869689661812,hard,0.19155186258019546,0.2387031119502673,0.27782358554382636,0.24125735878483445
0.0,0.0,25.49070067570634,0.1919319830827095,1.0869054783202656,0.8829496021857646,0.8829496021857646,0.13999999999999999,0.992169340384997,0.0,25.254702532399783,14.430869689661812,hard,0.1919512332931287,0.23891075034929096,0.2788300665841585,0.24266408619487997
0.0,0.0,32.606176989401156,0.19316647883887464,1.0888811998567938,0.8829496021857646,0.8829496021857646,0.13999999999999999,0.992169340384997,0.0,31.808325954064294,14.430869689661812,hard,0.19231148663643036,0.23911139095711395,0.28003541829841705,0.24441726924418292
0.0,0.0,30.901618567159325,0.19393111032527457,1.0890099111527078,0.8829496021857646,0.8829496021857646,0.13999999999999999,0.992169340384997,0.0,30.136522692573546,14.430869689661812,hard,0.1926305564921415,0.23930893280798438,0.2799953473241921,0.24590070232912145
0.0,0.0,25.86273920911613,0.1947792992623446,1.0910927445460772,0.8829496021857646,0.8829496021857646,0.13999999999999999,0.992169340384997,0.0,24.55104071113891,14.430869689661812,hard,0.19295069170978257,0.23936825736496792,0.281148395372448,0.2475419955636569
0.0,0.0,27.429350387810047,0.1953673259990084,1.0912578152615542,0.8829496021857646,0.8829496021857646,0.13999999999999999,0.992169340384997,0.0,26.3253186115572,14.430869689661812,hard,0.19295069170978257,0.23949842189708517,0.2818778176681632,0.248805634812666
0.0,0.0,28.63757007846769,0.19594975892181768,1.0897258299323551,0.8829496021857646,0.8829496021857646,0.13999999999999999,0.992169340384997,0.0,28.730638698086754,14.430869689661812,hard,0.19295069170978257,0.23964132138405567,0.28260487263707157,0.24993924696921127
0.0,0.0,29.362725991303936,0.1965564706422079,1.088592451533571,0.8829496021857646,0.8829496021857646,0.13999999999999999,0.992169340384997,0.0,28.672244418601064,14.430869689661812,hard,0.19295069170978257,0.2397714722859774,0.2842164646418787,0.25109695014895494
0.0,0.0,28.302828589718864,0.19714235289838955,1.0866348325038675,0.8829496021857646,0.8829496021857646,0.13999999999999999,0.992169340384997,0.0,27.795683118067092,14.430869689661812,hard,0.19315492071761617,0.23990287161752744,0.28555791662194385,0.2523453753779624
0.0,0.0,26.61413274882457,0.19765733361242116,1.0851761229074444,0.8829496021857646,0.8829496021857646,0.13999999999999999,0.992169340384997,0.0,26.029068365963468,14.430869689661812,hard,0.19319558093244063,0.23997866198049203,0.28661683114688175,0.2537161699627672
0.0,0.0,21.505903032813407,0.19800328782612064,1.085128389183235,0.8829496021857646,0.8829496021857646,0.13999999999999999,0.992169340384997,0.0,21.311677550113224,14.430869689661812,hard,0.19324432674823103,0.23998013806400093,0.2873280598672754,0.2549706708331084
0.0,0.0,24.751249925811212,0.19831697677411336,1.0850317785999926,0.8829496021857646,0.8829496021857646,0.13999999999999999,0.992169340384997,0.0,24.928898892650675,14.430869689661812,hard,0.19324432674823103,0.24004108608542737,0.2876330554656191,0.25660956345397185
0.0,0.0,29.850073306556485,0.19892449050188177,1.0847928770574513,0.8829496021857646,0.8829496021857646,0.13999999999999999,0.992169340384997,0.0,29.277465737320917,14.430869689661812,hard,0.1937033501362491,0.24059282176303082,0.28791364688829074,0.25719470737081523
0.0,0.0,38.008877462767195,0.19954756449515362,1.0830552014726342,0.8708616422830897,0.8708616422830897,0.13999999999999999,1.0150862032359615,0.0,34.69282923026025,14.430869689661812,hard,0.19425267658320836,0.24135623483656504,0.2881860544098217,0.25842032542747395
0.0,0.0,24.521525145278584,0.2001623844531227,1.0821429343230509,0.8708616422830897,0.8708616422830897,0.13999999999999999,1.0150862032359615,0.0,23.682060721145024,14.430869689661812,hard,0.19450313197704258,0.24184200568558475,0.288698424942893,0.25940878285855457
0.0,0.0,22.647207902409917,0.20065512110483555,1.0811725646437682,0.8708616422830897,0.8708616422830897,0.13999999999999999,1.0150862032359615,0.0,21.49154252258316,14.430869689661812,hard,0.19450313197704258,0.24213240925383953,0.28897876807522055,0.26069448308241144
0.0,0.0,30.29597305712949,0.20166516945110372,1.081328354815484,0.893532316147547,0.893532316147547,0.13999999999999999,1.0583005244258363,0.0,29.02261876536988,14.430869689661812,hard,0.19492821561287177,0.24252516424471296,0.2894327035882737,0.2612899071335921
0.0,0.0,37.6055395011796,0.20284783292635208,1.081848099006239,0.893532316147547,0.893532316147547,0.13999999999999999,1.0583005244258363,0.0,36.33277308436558,14.430869689661812,hard,0.1950891607575614,0.2432875367322633,0.28985986294603316,0.2612880782986792
0.0,0.0,46.493351921853176,0.20331897235415614,1.0736174263894969,0.8811356308764277,0.8811356308764277,0.13999999999999999,1.0409610943738483,0.0,44.50339762310289,14.430869689661812,hard,0.19644033516242643,0.2431997832211697,0.29004066582762433,0.26102507243593603
0.0,0.0,42.01573043094982,0.20324197889942563,1.0695298426568953,0.8811356308764277,0.8811356308764277,0.13999999999999999,1.0409610943738483,0.0,40.66556774471494,14.430869689661812,hard,0.19708637447047378,0.24315287442785727,0.2890976885890335,0.260839206402863
0.0,0.0,48.560883678884316,0.20236362361630003,1.0643915611337431,0.8811356308764277,0.8811356308764277,0.13999999999999999,1.0409610943738483,0.0,48.197327726752654,14.430869689661812,hard,0.19805057669461615,0.24251967265674618,0.2871607722792966,0.26062285353270787
0.0,0.0,46.04920999987097,0.20253707650985453,1.0615287426377658,0.8999999999999999,0.8999999999999999,0.13999999999999999,1.0432641084595982,0.0,43.12998492928093,14.430869689661812,hard,0.19947794574714714,0.2426276260035854,0.2868446317145501,0.2597541242622961
0.0,0.0,28.29073369295932,0.20273987074686173,1.0577891799615393,0.8999999999999999,0.8999999999999999,0.13999999999999999,1.0432641084595982,0.0,25.791750619141773,14.430869689661812,hard,0.19991112836576577,0.24234694686875355,0.28656090475906826,0.2606942207443508
0.0,0.0,33.62954267162085,0.20268263791129565,1.0545784969655732,0.8999999999999999,0.8999999999999999,0.13999999999999999,1.0432641084595982,0.0,32.076159371096786,14.430869689661812,hard,0.20009536640568937,0.24162619914009859,0.2863700312595472,0.26162647307108916
0.0,0.0,20.20006663106419,0.20240002523557535,1.0506732352947208,0.8999999999999999,0.8999999999999999,0.13999999999999999,1.0432641084595982,0.0,19.836622696416846,14.430869689661812,hard,0.20009536640568937,0.24115152348644106,0.2862049589897833,0.26184933566009677
0.0,0.0,26.36366594631205,0.20204449211271006,1.0478044577916619,0.8999999999999999,0.8999999999999999,0.13999999999999999,1.0432641084595982,0.0,26.493689814746453,14.430869689661812,hard,0.20009536640568937,0.24058334043734603,0.28572431369481904,0.2621292215439191
0.0,0.0,21.558227811056383,0.20200225077812706,1.0453962813545508,0.8999999999999999,0.8999999999999999,0.13999999999999999,1.0432641084595982,0.0,21.407933109013584,14.430869689661812,hard,0.20017844805067447,0.24039117415334765,0.28570921928515236,0.2626667408243089
0.0,0.0,13.950115167277954,0.20193423618686054,1.0425722315376809,0.8999999999999999,0.8999999999999999,0.13999999999999999,1.0432641084595982,0.0,13.660585638983418,14.430869689661812,hard,0.20017844805067447,0.2402696032261502,0.28560805760867386,0.26306150422837316
0.0,0.0,15.47776559272446,0.20199611910906298,1.0397597720524014,0.8999999999999999,0.8999999999999999,0.13999999999999999,1.0432641084595982,0.0,15.181093504751232,14.430869689661812,hard,0.20037112397532866,0.24051184023651076,0.2852622698788247,0.2632403336254437
0.0,0.0,15.742004506563841,0.2021023320831512,1.0376032087085902,0.8999999999999999,0.8999999999999999,0.13999999999999999,1.0432641084595982,0.0,15.207314029768702,14.430869689661812,hard,0.2009276630121977,0.24053095575488528,0.2851336732461854,0.26364907030559054
0.0,0.0,25.440350863678088,0.20211840036037948,1.0360415933999705,0.8999999999999999,0.8999999999999999,0.13999999999999999,1.0432641084595982,0.0,25.36776694941831,14.430869689661812,hard,0.20128452135550473,0.24032148927246996,0.2850679534824426,0.26393667275994065
0.0,0.0,12.94697761203084,0.20233087409754832,1.0351491418061907,0.8999999999999999,0.8999999999999999,0.13999999999999999,1.0432641084595982,0.0,12.045928772826112,14.430869689661812,hard,0.20160156976459354,0.24039879734148534,0.2852056839113501,0.2643107890482134
0.0,0.0,13.013715790237681,0.20268293375569849,1.0337628602395332,0.8999999999999999,0.8999999999999999,0.13999999999999999,1.0432641084595982,0.0,12.545102630110286,14.430869689661812,hard,0.20192567497371236,0.24044929734664963,0.28549394784977244,0.26525303041770976
0.0,0.0,23.30731679881679,0.20306780284051112,1.0328849188525027,0.8999999999999999,0.8999999999999999,0.13999999999999999,1.0432641084595982,0.0,23.170852379660097,14.430869689661812,hard,0.2021639609479622,0.24036436846142087,0.28592358980581334,0.2674124310157471
0.0,0.0,22.534987010132088,0.20376101441340852,1.0320288387742105,0.8999999999999999,0.8999999999999999,0.13999999999999999,1.0432641084595982,0.0,22.4490890683787,14.430869689661812,hard,0.20263295930476302,0.24036032974930907,0.28633394843342264,0.2686293950540473
0.0,0.0,23.575817134301886,0.20438059604495698,1.0314701990062163,0.8999999999999999,0.8999999999999999,0.13999999999999999,1.0432641084595982,0.0,23.423202172205237,14.430869689661812,hard,0.20337089496552524,0.24062214406325544,0.2865700271489,0.26972758663502194
0.0,0.0,18.42268372165122,0.20505053053912667,1.0312324669439388,0.8999999999999999,0.8999999999999999,0.13999999999999999,1.0432641084595982,0.0,15.890235995730208,14.430869689661812,hard,0.2038080168523366,0.24109620870641185,0.2870517061706166,0.27047059765335024
0.0,0.0,24.962354598333764,0.20532763104334675,1.0299427311736395,0.8999999999999999,0.8999999999999999,0.13999999999999999,1.0432641084595982,0.0,25.347189193281373,14.430869689661812,hard,0.20418063125822977,0.24153359537339675,0.28723725422056956,0.2703838030060505
0.0,0.0,39.89461227747232,0.20550568669087102,1.0296632796044558,0.8999999999999999,0.8999999999999999,0.13999999999999999,1.0432641084595982,0.0,39.69874557212104,14.430869689661812,hard,0.20495054952047118,0.24226115987623645,0.28660882205781946,0.2703365573804102
0.0,0.0,23.36307719119197,0.2056504674680213,1.0288386655669077,0.8999999999999999,0.8999999999999999,0.13999999999999999,1.0432641084595982,0.0,23.199905172219996,14.430869689661812,hard,0.2055168205171651,0.24276825641190303,0.2863913668057723,0.2703610242130806
0.0,0.0,20.580604692878868,0.20582698869948618,1.0287130910829758,0.8999999999999999,0.8999999999999999,0.13999999999999999,1.0432641084595982,0.0,20.031065872788698,14.430869689661812,hard,0.20612144611868638,0.24306985808182482,0.2862341134818471,0.2708291530200491
0.0,0.0,22.53750305881231,0.20603240031021883,1.0288459944983788,0.8999999999999999,0.8999999999999999,0.13999999999999999,1.0432641084595982,0.0,21.252585725035907,14.430869689661812,hard,0.20681105549995224,0.2433199989228317,0.2861569855518962,0.27105935554851934
0.0,0.0,20.04386134313239,0.2063090686925552,1.0298861078013246,0.8999999999999999,0.8999999999999999,0.13999999999999999,1.0432641084595982,0.0,19.796454227967185,14.430869689661812,hard,0.20738482844310432,0.24366105497431223,0.2860893470339784,0.27123790726002694
0.0,0.0,23.021498882358582,0.2064558951992143,1.0301887873583064,0.8999999999999999,0.8999999999999999,0.13999999999999999,1.0432641084595982,0.0,19.347309890524834,14.430869689661812,hard,0.20774184592112818,0.24401082299563867,0.2861140488561938,0.27136614668223447
0.0,0.0,26.02437313672467,0.20661310226708368,1.0302949636302599,0.9130169768410663,0.9130169768410663,0.13999999999999999,1.0814804667676619,0.0,24.734017061528842,14.430869689661812,hard,0.20769666908681758,0.24442716036049517,0.2860217264424689,0.27143671189616686
0.0,0.0,31.75563332940423,0.2068790093899548,1.0306665474570291,0.9219544457292888,0.9219544457292888,0.13999999999999999,1.0816653826391966,0.0,28.650835938939025,14.430869689661812,hard,0.2077950688232026,0.24496804430894137,0.2858535585051005,0.2709409694980469
0.0,0.0,59.219334842146864,0.20608987981656324,1.0250752913383752,0.9086253353280437,0.9086253353280437,0.13999999999999999,1.0423051376636308,0.0,55.10406155629546,14.430869689661812,hard,0.20778871741126645,0.24549188994750784,0.28379330862076124,0.2677262373121367
0.0,0.0,34.76842986960993,0.20593496744720624,1.026251290324136,0.9086253353280437,0.9086253353280437,0.13999999999999999,1.0423051376636308,0.0,31.349264744169044,14.430869689661812,hard,0.2080425018875351,0.24606163033312597,0.2835746945437377,0.2685961833946424
0.0,0.0,25.144111134214395,0.20596688046265946,1.026502418758503,0.9086253353280437,0.9086253353280437,0.13999999999999999,1.0423051376636308,0.0,24.619577575579967,14.430869689661812,hard,0.20838585378430025,0.24645820846965594,0.2835908071184986,0.26935005274980073
0.0,0.0,20.23082227491838,0.20578691267422353,1.0259644637170218,0.9086253353280437,0.9086253353280437,0.13999999999999999,1.0423051376636308,0.0,19.75412868237929,14.430869689661812,hard,0.20861728089464537,0.24655026853688627,0.28324790796394916,0.26967057134333994
0.0,0.0,13.53091404132128,0.20580453132848328,1.0266775442760607,0.9086253353280437,0.9086253353280437,0.13999999999999999,1.0423051376636308,0.0,12.921238330748333,14.430869689661812,hard,0.20884653071064213,0.2467329304545748,0.2831628820868531,0.2700325486593441
0.0,0.0,12.660811149398253,0.2059397896130725,1.0275549509101947,0.9086253353280437,0.9086253353280437,0.13999999999999999,1.0423051376636308,0.0,12.58362427919715,14.430869689661812,hard,0.20900259445533909,0.2468720510087767,0.2832663348155358,0.2710357558507241
0.0,0.0,11.537601537302763,0.20604010712356965,1.0285552054634568,0.9086253353280437,0.9086253353280437,0.13999999999999999,1.0423051376636308,0.0,10.921465103180982,14.430869689661812,hard,0.20924152141638233,0.24711877281509545,0.2832495755847317,0.27180009982202114
0.0,0.0,13.721122499411024,0.20619188896948806,1.0290019052288595,0.9086253353280437,0.9086253353280437,0.13999999999999999,1.0423051376636308,0.0,13.677953063232815,14.430869689661812,hard,0.20950274713095568,0.24743476832013445,0.2833616440547862,0.27254431660631295
0.0,0.0,13.851069823255521,0.20631250969039935,1.029998770268335,0.9086253353280437,0.9086253353280437,0.13999999999999999,1.0423051376636308,0.0,13.859292911256329,14.430869689661812,hard,0.2098384897027375,0.2476503029321965,0.2833072656428214,0.2733702830269853
0.0,0.0,15.65968643399763,0.2065000538981873,1.029998770268335,0.9086253353280437,0.9086253353280437,0.13999999999999999,1.0423051376636308,0.0,13.476928433437644,14.430869689661812,hard,0.210130737780616,0.24792317882743584,0.2833759222161129,0.2741104535013213
0.0,0.0,8.747561205524473,0.2066111915346984,1.029998770268335,0.9086253353280437,0.9086253353280437,0.13999999999999999,1.0423051376636308,0.0,8.778063567780766,14.430869689661812,hard,0.21018758967628332,0.24792317882743584,0.2834928227876629,0.2747369220259622
0.0,0.0,17.636515614659558,0.20665526615414195,1.0284034171752647,0.9086253353280437,0.9086253353280437,0.13999999999999999,1.0423051376636308,0.0,17.168575945604807,14.430869689661812,hard,0.21018758967628332,0.24792317882743584,0.28375054947958117,0.27579220512431785
0.0,0.0,11.66102105222376,0.2066997659973776,1.0284034171752647,0.9086253353280437,0.9086253353280437,0.13999999999999999,1.0423051376636308,0.0,12.389689261640099,14.430869689661812,hard,0.21018758967628332,0.24792317882743584,0.2839271199464355,0.27664886078980105
0.0,0.0,8.543071684877045,0.20664850242729974,1.0292590223620959,0.9086253353280437,0.9086253353280437,0.13999999999999999,1.0423051376636308,0.0,7.889765522498119,14.430869689661812,hard,0.21018758967628332,0.24794183457011434,0.28387236809697947,0.27670339768805613
0.0,0.0,1.8729866679837943,0.20665125953879016,1.0292590223620959,0.9086253353280437,0.9086253353280437,0.13999999999999999,1.0423051376636308,0.0,1.5596153371905521,14.430869689661812,hard,0.21022238821553751,0.24797449684233444,0.28386353292070743,0.27670339768805613
0.0,0.0,3.051900886111714,0.20665296652842188,1.0292590223620959,0.9086253353280437,0.9086253353280437,0.13999999999999999,1.0423051376636308,0.0,2.8650305408494345,14.430869689661812,hard,0.21022238821553751,0.24797449684233444,0.28387914179525287,0.2769212058887477
0.0,0.0,9.080955013439938,0.2067639066215921,1.0281341538714113,0.9086253353280437,0.9086253353280437,0.13999999999999999,1.0423051376636308,0.0,9.240800831096838,14.430869689661812,hard,0.21019885119627377,0.24819463004830847,0.2839789909872433,0.2771941134107279
0.0,0.0,14.328525196523843,0.20708873226019905,1.0278714424925013,0.9,0.9,0.13999999999999999,1.0600000000000003,0.0,14.849498308023744,14.430869689661812,hard,0.21023390494537103,0.24927107982630559,0.28416860663738713,0.2774391942990806
0.0,0.0,16.041274163799088,0.20733039644962103,1.0283537048942877,0.9,0.9,0.13999999999999999,1.0600000000000003,0.0,15.230443197753635,14.430869689661812,hard,0.2103751329663571,0.24975832556898406,0.28465252717781403,0.2778402967793243
0.0,0.0,13.838553221498875,0.20746842709677485,1.0278294575345197,0.8634813257969159,0.8634813257969159,0.13999999999999999,1.0954451150103321,0.0,12.55530166901616,14.430869689661812,hard,0.21069880822487633,0.2501468636117666,0.2847432712749754,0.2777013398566116
0.0,0.0,31.849725237840374,0.2072621734843791,1.02485234792435,0.8634813257969162,0.8634813257969162,0.13999999999999999,1.109233969908964,0.0,31.52829840000884,14.430869689661812,hard,0.20985238923414654,0.2504413182788224,0.28477965534290817,0.27759735651655154
0.0,0.0,30.544014555634853,0.2069675834803094,1.0230703045312624,0.8774964387392122,0.8774964387392122,0.13999999999999999,1.1065260954898442,0.0,29.873473182741915,14.430869689661812,hard,0.2097042450141732,0.2497790176505234,0.28472042951207,0.27759735651655154
0.0,0.0,19.030953799693915,0.20690697501677544,1.0214527280357264,0.8774964387392122,0.8774964387392122,0.13999999999999999,1.1065260954898442,0.0,18.130151681660028,14.430869689661812,hard,0.20997432387719706,0.24962598911319464,0.2848458161523955,0.2777907777641487
0.0,0.0,14.008579481664944,0.20687467647022018,1.0157368108146108,0.8774964387392122,0.8774964387392122,0.13999999999999999,1.1180339887498947,0.0,11.435663513762549,14.430869689661812,hard,0.21041496101082713,0.24994069361500626,0.2849700793027472,0.27771973673277506
0.0,0.0,13.850003124713087,0.20699931754260179,1.015561432380879,0.8774964387392122,0.8774964387392122,0.13999999999999999,1.1180339887498947,0.0,12.87672318565558,14.430869689661812,hard,0.21086761174476684,0.250200631762128,0.2853708226875524,0.2779130400245735
0.0,0.0,18.27399076970226,0.2073260913536276,1.015561432380879,0.8774964387392122,0.8774964387392122,0.13999999999999999,1.1180339887498947,0.0,17.358986145509764,14.430869689661812,hard,0.21133219888352914,0.2506705184819011,0.2854508866802626,0.27900201762974747
0.0,0.0,22.170144077583803,0.2076413748340613,1.015561432380879,0.8634813257969162,0.8634813257969162,0.13999999999999999,1.0961751684835777,0.0,19.756609020780868,14.430869689661812,hard,0.21173878914091984,0.25105103362250464,0.28544695649278967,0.27880606247993517
0.0,0.0,46.16147746768569,0.20632962674926705,0.9982374657342972,0.7922120928135343,0.7922120928135343,0.13999999999999999,1.0057832768544126,0.0,40.66263641231345,14.430869689661812,hard,0.21189213474894497,0.25061056492347056,0.2821189372454137,0.27723865141813675
0.0,0.0,22.116652461936376,0.2058515728051079,0.9897240311708304,0.7922120928135343,0.7922120928135343,0.13999999999999999,1.0057832768544126,0.0,21.565379662783588,14.430869689661812,hard,0.2120466716215139,0.25057150188431954,0.28079895254488857,0.2766570458629632
0.0,0.0,21.927671497247456,0.2053184975832428,0.9816248593541429,0.7922120928135343,0.7922120928135343,0.13999999999999999,1.0057832768544126,0.0,21.73863841182331,14.430869689661812,hard,0.2124522131578206,0.2507571869995262,0.27977794319235316,0.2759756096644311
0.0,0.0,19.654795148572305,0.205118092698909,0.9794985482390879,0.7922120928135343,0.7922120928135343,0.13999999999999999,1.0057832768544126,0.0,19.11988493689227,14.430869689661812,hard,0.21296223833624658,0.25075226171546733,0.2793335457379312,0.27600746201681126
0.0,0.0,23.99767845965975,0.20481400030481364,0.9784287790696102,0.7922120928135343,0.7922120928135343,0.13999999999999999,1.0057832768544126,0.0,24.88004019289358,14.430869689661812,hard,0.21343863382324824,0.25032877779801854,0.27889289897386327,0.27600779249454294
0.0,0.0,22.82126223773499,0.20453127644409233,0.9753176980459303,0.7922120928135343,0.7922120928135343,0.13999999999999999,1.0057832768544126,0.0,21.881169987000238,14.430869689661812,hard,0.2136375999023549,0.25000423305263136,0.27834245403918867,0.27590899273607095
0.0,0.0,19.045751909471072,0.2041980147878459,0.9727467113895862,0.7922120928135343,0.7922120928135343,0.13999999999999999,1.0057832768544126,0.0,19.4560427631109,14.430869689661812,hard,0.21366817112568648,0.24985807150823908,0.27773174908938963,0.27540863302703983
0.0,0.0,21.600210906182575,0.20397720957429746,0.9698381675569038,0.7922120928135343,0.7922120928135343,0.13999999999999999,1.0057832768544126,0.0,21.491058605848156,14.430869689661812,hard,0.2137089036551638,0.24969243365249322,0.27740578247537795,0.2753490320539646
0.0,0.0,22.521971815488396,0.2037402413597133,0.9680423631927392,0.7922120928135343,0.7922120928135343,0.13999999999999999,1.0057832768544126,0.0,19.26256473058559,14.430869689661812,hard,0.21384097597107415,0.24944486041006864,0.27705857718067867,0.2753382144376662
0.0,0.0,31.322871943053187,0.20403422644849634,0.9663445111602099,0.7922120928135343,0.7922120928135343,0.13999999999999999,1.0057832768544126,0.0,30.22001985439454,14.430869689661812,hard,0.2138791960276203,0.24969780037094666,0.27744183324874583,0.2762358932906113
0.0,0.0,29.439067321497593,0.2041158707374022,0.9666317123252988,0.7922120928135343,0.7922120928135343,0.13999999999999999,1.0057832768544126,0.0,29.565087518896345,14.430869689661812,hard,0.2138791960276203,0.24969694802687376,0.277801181780734,0.27666033302473914
0.0,0.0,30.121983869165135,0.204367097767083,0.9676861983939234,0.7922120928135343,0.7922120928135343,0.13999999999999999,1.0057832768544126,0.0,29.441881733340345,14.430869689661812,hard,0.2138791960276203,0.24993988461144037,0.2783593928749127,0.27710061871147756
0.0,0.0,28.22801445957415,0.20463330456535878,0.9675554106193784,0.7922120928135343,0.7922120928135343,0.13999999999999999,1.0057832768544126,0.0,27.780568748677556,14.430869689661812,hard,0.2138562572666589,0.2500896313608198,0.279046644746797,0.27782127399282536
0.0,0.0,14.420474624825504,0.20479460263280239,0.9675554106193784,0.7922120928135343,0.7922120928135343,0.13999999999999999,1.0057832768544126,0.0,14.273836204748884,14.430869689661812,hard,0.2138562572666589,0.250225806092246,0.27949971733317,0.27823419653711295
0.0,0.0,19.274462075014693,0.2050051515396803,0.9677016221389126,0.7922120928135343,0.7922120928135343,0.13999999999999999,1.0057832768544126,0.0,18.269548434485184,14.430869689661812,hard,0.2138562572666589,0.25025642458560865,0.2801719801177615,0.2785797755139221
0.0,0.0,22.32850887872862,0.2053785373099455,0.9677016221389126,0.7838367176906169,0.7838367176906169,0.13999999999999999,1.019803902718557,0.0,21.191517170792658,14.430869689661812,hard,0.2138562572666589,0.25048732173551186,0.2813434060037921,0.2789852880878864
0.0,0.0,33.11138063524501,0.20588287577251946,0.9677016221389126,0.7838367176906169,0.7838367176906169,0.13999999999999999,1.019803902718557,0.0,32.659454986266994,14.430869689661812,hard,0.2138562572666589,0.2507666952370191,0.2821722836302643,0.28031277375578595
0.0,0.0,15.727164401302295,0.2061095622298892,0.9677016221389126,0.8002499609497022,0.8002499609497022,0.13999999999999999,1.0524257693538297,0.0,16.046794072337313,14.430869689661812,hard,0.2138562572666589,0.2507533341019959,0.2826233641999988,0.28098923131542625
0.0,0.0,16.500615132199705,0.20627655535049544,0.9677016221389126,0.8002499609497022,0.8002499609497022,0.13999999999999999,1.0524257693538297,0.0,15.728203966124042,14.430869689661812,hard,0.21377024865620667,0.25063289690699897,0.28310118539222456,0.2821744626205288
0.0,0.0,19.05713000293259,0.20625261636057476,0.9668961907253257,0.8002499609497022,0.8002499609497022,0.13999999999999999,1.0524257693538297,0.0,18.162918267723388,14.430869689661812,hard,0.2135796564194016,0.25049594066124276,0.28314747350829017,0.2827944426812956
0.0,0.0,36.06565829270674,0.20595544882180825,0.9645837768525196,0.8002499609497022,0.8002499609497022,0.13999999999999999,1.0524257693538297,0.0,35.81131106228869,14.430869689661812,hard,0.21310327561188455,0.2500962863621865,0.2830760267808406,0.2832155354996051
0.0,0.0,36.45002752951303,0.20609409720051128,0.9624439771426786,0.7909487973314075,0.7909487973314075,0.13999999999999999,1.0650821564555477,0.0,35.87371739867504,14.430869689661812,hard,0.21310327561188455,0.24961338056755075,0.2834096216236357,0.2843498891411517
0.0,0.0,37.772809721442556,0.20594759447988026,0.9604108866959705,0.8002499609497022,0.8002499609497022,0.13999999999999999,1.0584894897919392,0.0,34.25334436226629,14.430869689661812,hard,0.2130650050944764,0.2498201265421715,0.2838561229049259,0.2838244036184761
0.0,0.0,34.62836931190009,0.20581627653090956,0.9558497761433054,0.7922120928135343,0.7922120928135343,0.13999999999999999,1.0246950765959597,0.0,30.164382970649342,14.430869689661812,hard,0.2130650050944764,0.25021052061662136,0.2842991641224602,0.2820501791710958
0.0,0.0,28.153718808018507,0.2058297023703943,0.953732268953432,0.7922120928135343,0.7922120928135343,0.13999999999999999,1.0246950765959597,0.0,27.911209217803513,14.430869689661812,hard,0.2130650050944764,0.25047613685943176,0.2845218805589147,0.28133783028174913
0.0,0.0,40.7811735820336,0.2053241877728315,0.9500143203003399,0.7745966692414834,0.7745966692414834,0.13999999999999999,0.996794863550169,0.0,37.36629497287629,14.430869689661812,hard,0.2130650050944764,0.2505483009134588,0.2835383412569013,0.2796416971095205
0.0,0.0,24.791481677767354,0.20497930958479882,0.9469473775255988,0.7745966692414834,0.7745966692414834,0.13999999999999999,0.996794863550169,0.0,24.320230262067835,14.430869689661812,hard,0.2130650050944764,0.25040206685427346,0.2829269025680544,0.278957465408168
0.0,0.0,21.21176907945539,0.20470063904506408,0.9449010365459272,0.7745966692414834,0.7745966692414834,0.13999999999999999,0.996794863550169,0.0,20.98914957781758,14.430869689661812,hard,0.2130650050944764,0.25030693781207713,0.28238191486748304,0.2784105037170401
0.0,0.0,18.769096301581186,0.20454191191167348,0.9442290603373787,0.7745966692414834,0.7745966692414834,0.13999999999999999,0.996794863550169,0.0,19.342140522703275,14.430869689661812,hard,0.2130650050944764,0.25030731750107615,0.2819117200692028,0.27808795411108256
0.0,0.0,21.41380975525323,0.20454430106948238,0.9430169873255021,0.7745966692414834,0.7745966692414834,0.13999999999999999,0.996794863550169,0.0,20.470818254285778,14.430869689661812,hard,0.2130344941929987,0.25036144664792026,0.2817613056553589,0.2780763898605492
0.0,0.0,17.379025265384726,0.2044603275774474,0.9429260712781233,0.7745966692414834,0.7745966692414834,0.13999999999999999,0.996794863550169,0.0,13.16,14.430869689661812,hard,0.2130344941929987,0.25036144664792026,0.2816130903571521,0.2777382750105686
0.0,0.0,9.396267393946955,0.20441103742607525,0.9427205828901651,0.7745966692414834,0.7745966692414834,0.13999999999999999,0.996794863550169,0.0,9.8,14.430869689661812,hard,0.2130344941929987,0.25036144664792026,0.28151010480018984,0.27758044215080463
0.0,0.0,6.292024833172547,0.20437942685009755,0.9426760970020113,0.7745966692414834,0.7745966692414834,0.13999999999999999,0.996794863550169,0.0,6.159999999999999,14.430869689661812,hard,0.2130344941929987,0.25036144664792026,0.28145014640370863,0.27747471933364853
0.0,0.0,12.383864054046997,0.2043311836942117,0.9438147162206434,0.7745966692414834,0.7745966692414834,0.13999999999999999,0.996794863550169,0.0,11.663430027226124,14.430869689661812,hard,0.2130344941929987,0.2502717071484023,0.2814067795662133,0.2773262248614364
0.0,0.0,34.70094601412098,0.20422236007958214,0.9441370654172129,0.7745966692414834,0.7745966692414834,0.13999999999999999,0.996794863550169,0.0,34.579768651626345,14.430869689661812,hard,0.2130344941929987,0.250099776705051,0.28132515751132087,0.27693635589430243
0.0,0.0,14.35300838779923,0.2042313709188524,0.9437105903409292,0.7745966692414834,0.7745966692414834,0.13999999999999999,0.996794863550169,0.0,13.664567318433466,14.430869689661812,hard,0.2130344941929987,0.25003744097259917,0.28158294318136057,0.27676342447887486
0.0,0.0,6.0811120426079945,0.20413440015484788,0.9429140258200528,0.7745966692414834,0.7745966692414834,0.13999999999999999,0.996794863550169,0.0,6.018770638593898,14.430869689661812,hard,0.2130344941929987,0.25003744097259917,0.28146633831592593,0.27660803456904487
0.0,0.0,16.93034669117327,0.20387047086517981,0.9411313244966394,0.7745966692414834,0.7745966692414834,0.13999999999999999,0.996794863550169,0.0,16.699712572376807,14.430869689661812,hard,0.212901007954008,0.24971474302445304,0.28124605279342463,0.27645524428274265
0.0,0.0,20.958229613194053,0.2035185368476024,0.9393739355962554,0.7745966692414834,0.7745966692414834,0.13999999999999999,0.996794863550169,0.0,20.34275300936429,14.430869689661812,hard,0.21262798885477574,0.24948109114781727,0.2809218313519718,0.27620002516845027
0.0,0.0,15.348118543479393,0.20341909153842894,0.9386073315021687,0.7745966692414834,0.7745966692414834,0.13999999999999999,0.996794863550169,0.0,15.21136417288075,14.430869689661812,hard,0.2124910680042659,0.2494551277867997,0.2809214804222496,0.27598150993681797
0.0,0.0,22.428518772732563,0.20335392657695714,0.9378169905284933,0.7745966692414834,0.7745966692414834,0.13999999999999999,0.996794863550169,0.0,21.6596952887154,14.430869689661812,hard,0.21232847195940704,0.2493299954442366,0.2808904555962918,0.2765782976161158
0.0,0.0,16.404497013680214,0.20349125285225653,0.9365633298058269,0.756042326857432,0.756042326857432,0.13999999999999999,1.047091209016674,0.0,15.946422796351538,14.430869689661812,hard,0.21232847195940704,0.24951905263349528,0.2811162361095161,0.27706919617160464
0.0,0.0,22.26204112974533,0.20341196799679892,0.9365193313614801,0.756042326857432,0.756042326857432,0.13999999999999999,1.0860939185908371,0.0,22.73771316557582,14.430869689661812,hard,0.2121674979462938,0.24907920021600968,0.2810110081322107,0.2768868711994114
0.0,0.0,19.1242448358705,0.2035304135608237,0.9358316828254479,0.7483314773547883,0.7483314773547883,0.13999999999999999,1.0954451150103321,0.0,17.21483081531736,14.430869689661812,hard,0.2121674979462938,0.24942160991609083,0.2809813027410928,0.27699315007641523
0.0,0.0,22.278280151339132,0.20383534065733633,0.9377159420651838,0.756042326857432,0.756042326857432,0.13999999999999999,1.0860939185908371,0.0,19.71883363690662,14.430869689661812,hard,0.21217738354072974,0.2499049305787576,0.28124293578112425,0.27666144962685263
0.0,0.0,19.51154658545929,0.20401706731985425,0.9381923145439012,0.756042326857432,0.756042326857432,0.13999999999999999,1.0860939185908371,0.0,18.882806994724064,14.430869689661812,hard,0.21217738354072974,0.2501665758509034,0.28128331245828886,0.2764761355675853
0.0,0.0,12.361033468464772,0.2042041893813176,0.9386044449672283,0.756042326857432,0.756042326857432,0.13999999999999999,1.0860939185908371,0.0,11.46584493179635,14.430869689661812,hard,0.21224731160491847,0.25046534392883013,0.2811691384302192,0.27654582959880525
0.0,0.0,14.898828434554336,0.2043216189209959,0.9378428261369454,0.7364781055808788,0.7364781055808788,0.13999999999999999,1.0947145746723208,0.0,13.591821070040615,14.430869689661812,hard,0.21238903336349177,0.25072500839772893,0.2810864800984854,0.2766496001924106
0.0,0.0,17.079549391451486,0.20443705722427763,0.9388343949801737,0.7364781055808788,0.7364781055808788,0.13999999999999999,1.0947145746723208,0.0,14.97465859377101,14.430869689661812,hard,0.21261516778463885,0.2510936519254594,0.28092124373209004,0.276751801329798
0.0,0.0,15.566801384692518,0.2046075458387469,0.939185483258633,0.7364781055808788,0.7364781055808788,0.13999999999999999,1.0947145746723208,0.0,14.417503251256786,14.430869689661812,hard,0.212922672581794,0.2514799271960687,0.2808099612705129,0.2768224974228578
0.0,0.0,28.426585726760628,0.20468605310911983,0.939185483258633,0.7364781055808788,0.7364781055808788,0.13999999999999999,1.0947145746723208,0.0,24.298938248409133,14.430869689661812,hard,0.21329888766874625,0.2517302096846346,0.28071312374476304,0.27703233166523245
0.0,0.0,18.412768405682325,0.20492186380124927,0.939185483258633,0.7364781055808788,0.7364781055808788,0.13999999999999999,1.0947145746723208,0.0,18.004099533161888,14.430869689661812,hard,0.21372643132040864,0.25193405507292654,0.2807382045802298,0.2773252327998206
0.0,0.0,12.758837498368955,0.20504648857091906,0.939185483258633,0.7364781055808788,0.7364781055808788,0.13999999999999999,1.0947145746723208,0.0,12.743625857659195,14.430869689661812,hard,0.2140268812734201,0.25204200884394223,0.28079211015058037,0.2774940219123557
0.0,0.0,9.301303622169211,0.20516086765932692,0.9383851274485824,0.7364781055808788,0.7364781055808788,0.13999999999999999,1.0947145746723208,0.0,9.055296792485601,14.430869689661812,hard,0.21432976631157444,0.252091042043056,0.2808658527694505,0.27764841711862415
0.0,0.0,13.825058237141306,0.20522776997665543,0.9379426579849485,0.7364781055808788,0.7364781055808788,0.13999999999999999,1.0947145746723208,0.0,13.741848492833851,14.430869689661812,hard,0.21453514332584137,0.2521719812985335,0.2808823864787593,0.2777492382897726
0.0,0.0,11.528320804885828,0.20541426145774502,0.9379426579849485,0.7364781055808788,0.7364781055808788,0.13999999999999999,1.0947145746723208,0.0,11.451130948513338,14.430869689661812,hard,0.21473828002703288,0.2523014983864323,0.2810381531202784,0.2778295954466826
0.0,0.0,15.98589346741389,0.20560823776051335,0.9377427077440902,0.7364781055808788,0.7364781055808788,0.13999999999999999,1.0947145746723208,0.0,14.904509384746618,14.430869689661812,hard,0.21506397988346515,0.25242339283235227,0.28121878670580047,0.27790378165412905
0.0,0.0,23.331054461668263,0.20562273784858331,0.937368909901278,0.7364781055808788,0.7364781055808788,0.13999999999999999,1.0947145746723208,0.0,22.471350649215548,14.430869689661812,hard,0.21506397988346515,0.25235098289467744,0.2814266412494284,0.27820861994552676
0.0,0.0,22.893750675505615,0.2055519290224761,0.9369126629468238,0.7364781055808788,0.7364781055808788,0.13999999999999999,1.0947145746723208,0.0,18.371075091022846,14.430869689661812,hard,0.21506397988346515,0.2523552729725136,0.28153323373069983,0.27756841768454377
0.0,0.0,20.70231256315661,0.20543463123342023,0.9366527182801534,0.7364781055808788,0.7364781055808788,0.13999999999999999,1.0947145746723208,0.0,18.69143119185901,14.430869689661812,hard,0.2150313308185913,0.25232770726503845,0.28140418746172546,0.2772256091642267
0.0,0.0,6.632982230726739,0.20552075237228415,0.9365815185234363,0.7364781055808788,0.7364781055808788,0.13999999999999999,1.0947145746723208,0.0,6.099868851049177,14.430869689661812,hard,0.2152066037915766,0.25237870104954646,0.2814775509662135,0.2771883621757205
0.0,0.0,11.112085831500337,0.20569233018938635,0.9363595498321109,0.7364781055808788,0.7364781055808788,0.13999999999999999,1.0947145746723208,0.0,10.275971973492338,14.430869689661812,hard,0.2155164482615181,0.2525863176788882,0.28130670539069974,0.27720618308512046
0.0,0.0,22.546393509124584,0.20548326749359427,0.9364234721796026,0.756042326857432,0.756042326857432,0.13999999999999999,1.1208925015361642,0.0,22.266288419941027,14.430869689661812,hard,0.21552878019320698,0.2524535122790088,0.2799256471721277,0.2772755951167693
0.0,0.0,17.912180363827943,0.20540261581190541,0.9365430925083194,0.756042326857432,0.756042326857432,0.13999999999999999,1.1208925015361642,0.0,17.741352823277033,14.430869689661812,hard,0.21552878019320698,0.2523773831751157,0.2794627258434857,0.2773970327259333
0.0,0.0,19.88162805268416,0.20515682789232623,0.9341947871041872,0.7560423268574319,0.7560423268574319,0.13999999999999999,1.1532562594670797,0.0,20.74358696079345,14.430869689661812,hard,0.2154958252929743,0.25165167222605284,0.27890473807240074,0.2769627637410884
0.0,0.0,13.660800384413431,0.2051941130585482,0.9345904876659935,0.7560423268574319,0.7560423268574319,0.13999999999999999,1.1532562594670797,0.0,12.596443942637142,14.430869689661812,hard,0.21567958183970118,0.2516391585307546,0.2788782316106071,0.2768424483014649
0.0,0.0,9.758868340917228,0.2054676022421201,0.9345904876659935,0.7560423268574319,0.7560423268574319,0.13999999999999999,1.1532562594670797,0.0,9.38,14.430869689661812,hard,0.2160040305134352,0.251966177907012,0.27907552574031325,0.2768424483014649
0.0,0.0,3.1422572266685074,0.20548119334067858,0.9345904876659935,0.7560423268574319,0.7560423268574319,0.13999999999999999,1.1532562594670797,0.0,0.84,14.430869689661812,hard,0.21602135355893387,0.2519939400175852,0.27907552574031325,0.2768424483014649
0.0,0.0,8.911907745700855,0.20561559658509415,0.9347093234019386,0.7560423268574319,0.7560423268574319,0.13999999999999999,1.1532562594670797,0.0,8.123447543992636,14.430869689661812,hard,0.21621353190205225,0.2521202476443122,0.27919247423955507,0.2768092387616167
0.0,0.0,9.189000333060324,0.2058277440003307,0.9337333194681225,0.7560423268574319,0.7560423268574319,0.13999999999999999,1.1532562594670797,0.0,7.419999999999999,14.430869689661812,hard,0.21642657179434782,0.25243546549140106,0.27932929645837645,0.2768092387616167
0.0,0.0,25.032190327864708,0.20579373762150194,0.9315506599341111,0.7631513611335564,0.7631513611335564,0.13999999999999999,1.1426285485668561,0.0,21.79500860288887,14.430869689661812,hard,0.21680787465808105,0.2527751008538985,0.27957494959981993,0.27553289448347273
0.0,0.0,32.010499462638094,0.20584656539208152,0.9275989585395048,0.7493997598078078,0.7493997598078078,0.13999999999999999,1.1019981851164729,0.0,27.101475974566405,14.430869689661812,hard,0.21680787465808105,0.2527751008538985,0.2795175629352674,0.27362709867921226
0.0,0.0,34.883547327428076,0.20584761070233143,0.9258849183240521,0.7432361670424817,0.7432361670424817,0.13999999999999999,1.1079711187571633,0.0,34.31666650477578,14.430869689661812,hard,0.21680038730724357,0.2519500121647774,0.2795739393925589,0.2727235000167774
0.0,0.0,19.93766392481171,0.2059498141260816,0.9238387630213998,0.7432361670424817,0.7432361670424817,0.13999999999999999,1.1079711187571633,0.0,18.90423233035396,14.430869689661812,hard,0.21683726352108812,0.2520252361993825,0.27944936256613245,0.2720202336491588
0.0,0.0,32.72533319068362,0.20628895680172088,0.9209069912774066,0.756042326857432,0.756042326857432,0.13999999999999999,1.1007270324653609,0.0,32.634607397669114,14.430869689661812,hard,0.21589302169688532,0.25234616682660044,0.2796304902741604,0.2709938940004139
0.0,0.0,24.8305293966046,0.20644079794553613,0.9202251126984133,0.756042326857432,0.756042326857432,0.13999999999999999,1.1007270324653609,0.0,23.939456969613992,14.430869689661812,hard,0.21620633721128332,0.25264952662635504,0.2799741868545145,0.26988805275443767
0.0,0.0,14.212903628346668,0.2064142574534738,0.9197478478745397,0.756042326857432,0.756042326857432,0.13999999999999999,1.1007270324653609,0.0,14.414936697745155,14.430869689661812,hard,0.21620633721128332,0.25268053309993754,0.28013662393882854,0.269427888244098
0.0,0.0,11.982884160616479,0.20665463585334684,0.9193956812212808,0.756042326857432,0.756042326857432,0.13999999999999999,1.1007270324653609,0.0,11.008741980807798,14.430869689661812,hard,0.21628344469075883,0.2528223047541732,0.28040855642931095,0.26915880601596365
0.0,0.0,9.870332416168706,0.20690548436726805,0.9196290513747809,0.756042326857432,0.756042326857432,0.13999999999999999,1.1007270324653609,0.0,9.893755606441873,14.430869689661812,hard,0.2165170955205007,0.2528808426086083,0.28067898799218816,0.2690069408221705
0.0,0.0,10.028535112339323,0.20722100301959426,0.9196290513747809,0.756042326857432,0.756042326857432,0.13999999999999999,1.1007270324653609,0.0,9.968931738155298,14.430869689661812,hard,0.21687410028885964,0.2530741476691491,0.28100349245818806,0.26885297480019477
0.0,0.0,15.545616831342562,0.20750682674777102,0.9196290513747809,0.756042326857432,0.756042326857432,0.13999999999999999,1.1007270324653609,0.0,14.61757845882826,14.430869689661812,hard,0.21691267519009483,0.25245834528927547,0.2813830023455277,0.26861124367618144
0.0,0.0,8.231100016768119,0.2075533324174194,0.9191244391369483,0.756042326857432,0.756042326857432,0.13999999999999999,1.1007270324653609,0.0,8.412585809369197,14.430869689661812,hard,0.2168247695836418,0.25213894422708993,0.2813634689489901,0.26852559185458413
0.0,0.0,16.775279050892436,0.2076273970329042,0.9177175933559932,0.756042326857432,0.756042326857432,0.13999999999999999,1.1007270324653609,0.0,16.617833793849304,14.430869689661812,hard,0.21661460914982472,0.2517064096116962,0.2815222591588975,0.26787319796163317
0.0,0.0,13.265509804524338,0.20749839038226467,0.9163794743227109,0.756042326857432,0.756042326857432,0.13999999999999999,1.1007270324653609,0.0,13.776516250489456,14.430869689661812,hard,0.21640172455229728,0.2514326478075149,0.2809152403599362,0.26769941104880085
0.0,0.0,16.525753381364858,0.2074488968717869,0.9151999455176165,0.756042326857432,0.756042326857432,0.13999999999999999,1.1007270324653609,0.0,15.584620624192297,14.430869689661812,hard,0.216003641472765,0.25107230780023587,0.280393480437078,0.2676005181133739
0.0,0.0,14.677281629659612,0.20733867802902275,0.9132764694906977,0.756042326857432,0.756042326857432,0.13999999999999999,1.1007270324653609,0.0,15.278533961084092,14.430869689661812,hard,0.21573403545607348,0.2508340691564405,0.2800261405051289,0.26731683384103394
0.0,0.0,28.515149076234106,0.20724403562354707,0.9123776551939303,0.756042326857432,0.756042326857432,0.13999999999999999,1.1007270324653609,0.0,28.316807729685916,14.430869689661812,hard,0.2154761068662964,0.2507078667769931,0.28011269755291873,0.26708731168888483
0.0,0.0,13.564702887362508,0.20715497948907105,0.9117165469935302,0.756042326857432,0.756042326857432,0.13999999999999999,1.1007270324653609,0.0,13.136270399165817,14.430869689661812,hard,0.2152949462351347,0.2506186964462682,0.27975579769637937,0.2669643173021305
0.0,0.0,7.81871603437409,0.20716885772689064,0.9112927497998118,0.756042326857432,0.756042326857432,0.13999999999999999,1.1007270324653609,0.0,8.1403685420256,14.430869689661812,hard,0.21517446698759196,0.2506122916796083,0.279569413770119,0.26692835175597446
0.0,0.0,10.6072122571592,0.20730704487888688,0.9110160445709344,0.756042326857432,0.756042326857432,0.13999999999999999,1.1007270324653609,0.0,10.333169891180535,14.430869689661812,hard,0.21517586921542417,0.25049593313877605,0.2796828575182456,0.2669213759515513
0.0,0.0,13.779747780799,0.20750486103248744,0.909979494269929,0.782048591840686,0.782048591840686,0.13999999999999999,1.1800000000000002,0.0,11.791793756676718,14.430869689661812,hard,0.2151688020225154,0.25062048971166745,0.27990348218731054,0.26670000168133395
0.0,0.0,14.199414755693184,0.2077417676366475,0.9099376938665189,0.8,0.8,0.13999999999999999,1.2006664815842907,0.0,13.886741878496913,14.430869689661812,hard,0.2152589811752817,0.25064541841615084,0.28005932710116277,0.2671723542954623
0.0,0.0,34.01084567637576,0.20788838846022567,0.9102335664673827,0.782048591840686,0.782048591840686,0.13999999999999999,1.2369316876852983,0.42000000000000004,33.492685768686876,14.430869689661812,hard,0.21519204490449542,0.25020245150462483,0.27995259476861284,0.26726494677373314
0.0,0.0,24.167081465774217,0.2082102194804665,0.9092475202162444,0.8089499366462672,0.8089499366462672,0.19595917942265423,1.2451505933018705,1.1199999999999999,23.895681618233873,14.430869689661812,hard,0.2152293537572521,0.24934721960772613,0.27993821924640744,0.26798339053810827
0.0,0.0,24.312749012887803,0.20891838763476725,0.9092475202162444,0.8333066662399862,0.8333066662399862,0.19595917942265423,1.2165525060596438,1.26,22.90261993746567,14.430869689661812,hard,0.21565221490713213,0.2492093363655495,0.2805148603899537,0.26854191761477497
0.0,0.0,28.17845179525541,0.20913096832113762,0.9106046637740361,0.8569714114251419,0.8569714114251419,0.19595917942265423,1.2191800523302536,1.26,26.03097385807915,14.430869689661812,hard,0.21565221490713213,0.2488090068580194,0.28140091494862945,0.2683044768433675
0.0,0.0,24.973806169418555,0.2096125935196773,0.9106046637740361,0.8646386528486915,0.8646386528486915,0.19595917942265423,1.2362847568420472,1.4000000000000001,23.693957035497466,14.430869689661812,hard,0.21578400333840428,0.24936933051161925,0.2819825551873459,0.2682496999008813
0.0,0.0,24.262455092445734,0.20977761208985043,0.9106808240180257,0.8646386528486915,0.8646386528486915,0.19595917942265423,1.2362847568420472,1.54,23.104328598771275,14.430869689661812,hard,0.21583602745519362,0.24949795701739708,0.2821512973043136,0.26821131675584314
0.0,0.0,30.620730116978187,0.20995418788913645,0.9104090019091112,0.8717797887081347,0.8717797887081347,0.19595917942265423,1.2204917041913885,1.68,27.29636605850676,14.430869689661812,hard,0.21583352435016454,0.24928759986205043,0.2821350498240048,0.26710799876232655
0.0,0.0,19.987176149461096,0.21010579683147884,0.9104090019091112,0.8717797887081347,0.8717797887081347,0.19595917942265423,1.2204917041913885,1.8199999999999998,19.653813879244915,14.430869689661812,hard,0.2158370602605424,0.24926538223205452,0.28179072483076084,0.2665915913992448
0.0,0.0,59.769116043624514,0.21016789193845686,0.9114861520411374,0.8717797887081347,0.8717797887081347,0.19595917942265423,1.2204917041913885,1.9599999999999997,22.657705091204626,14.430869689661812,hard,0.2158593292048038,0.24916813855160508,0.28141354483580133,0.2664847591170743
