step,timestamp,reward,coverage,cov_trace,altitude,alt_idx,loop_closures,altitude_changes,frontier_count,new_cells,map_seed,difficulty,cov_alt0,cov_alt1,cov_alt2,cov_alt3
0.0,0.0,55.02150564135208,0.009022889827935145,0.038174613593257155,0.0,0.0,0.0,0.0,0.0,54.641555614751674,14.430869689661812,hard,0.0295107239481042,0.014527413080342381,0.0,0.0
0.0,0.0,34.19075811027496,0.011138479848482295,0.07015191177736796,0.0,0.0,0.0,0.0,0.0,34.052013156346575,14.430869689661812,hard,0.033762316509568416,0.017718477064360385,0.0,0.0
0.0,0.0,40.24169198924603,0.013157572077360328,0.09764297572961152,0.0,0.0,0.0,0.0,0.0,39.66824926814896,14.430869689661812,hard,0.0380913900228877,0.020119087330582177,0.0,0.0
0.0,0.0,44.2082859191782,0.01550058504456704,0.1285457916832971,0.0,0.0,0.0,0.0,0.0,43.76897988301761,14.430869689661812,hard,0.0427750709207388,0.024653210260943085,0.0,0.0
0.0,0.0,47.561185886839475,0.01909794470057306,0.16299700628391692,0.0,0.0,0.0,0.0,0.0,47.29162293683735,14.430869689661812,hard,0.05055745765843333,0.030841708208155273,0.0,0.0
0.0,0.0,53.66991782675721,0.022459971655411443,0.1964316030379054,0.0,0.0,0.0,0.0,0.0,53.212363225100226,14.430869689661812,hard,0.0592148512456851,0.03572608447264519,0.0,0.0
0.0,0.0,48.347821983031196,0.02582747290753773,0.23102095001981574,0.0,0.0,0.0,0.0,0.0,47.55470113458816,14.430869689661812,hard,0.06700409027866808,0.04193089179718983,0.0,0.0
0.0,0.0,49.174396420047444,0.030240017807214116,0.2685397446608439,0.0,0.0,0.0,0.0,0.0,48.739208036241216,14.430869689661812,hard,0.07695692720249382,0.05010995963376702,0.0,0.0
0.0,0.0,45.069701782808394,0.03349039638874646,0.29739521617142406,0.0,0.0,0.0,0.0,0.0,44.60488314075041,14.430869689661812,hard,0.08405564539618912,0.05636650600029879,0.0,0.0
0.0,0.0,43.13078496553201,0.03641465940903793,0.32610247257405,0.0,0.0,0.0,0.0,0.0,42.70361108852505,14.430869689661812,hard,0.09074962484147928,0.0615168664546344,0.0,0.0
0.0,0.0,45.881044831184255,0.04017775938121285,0.3605049889681417,0.0,0.0,0.0,0.0,0.0,45.23869582558719,14.430869689661812,hard,0.09887632129032049,0.06836617694087868,0.0,0.0
0.0,0.0,42.40363291174323,0.043636193990551894,0.39207222613569587,0.0,0.0,0.0,0.0,0.0,41.84524345729154,14.430869689661812,hard,0.10575694930115984,0.07550906058734755,0.0,0.0
0.0,0.0,46.516702980989514,0.04701998244155972,0.42292808615555594,0.0,0.0,0.0,0.0,0.0,45.906844805540715,14.430869689661812,hard,0.1131359795022954,0.0821110921705407,0.0,0.0
0.0,0.0,41.20383863406272,0.0501533578524017,0.45322253455430556,0.0,0.0,0.0,0.0,0.0,40.98671004118287,14.430869689661812,hard,0.12105988776006182,0.08710458471144857,0.0,0.0
0.0,0.0,51.97427837053021,0.054512626343677276,0.48937928709283246,0.0,0.0,0.0,0.0,0.0,51.5002912613123,14.430869689661812,hard,0.1300645252155839,0.09549900765515244,0.0,0.0
0.0,0.0,46.43454009523627,0.05818844483471452,0.526369933819335,0.0,0.0,0.0,0.0,0.0,46.14743329807195,14.430869689661812,hard,0.13873308735841916,0.10178734070543768,0.0,0.0
0.0,0.0,43.63710297278677,0.06142968989043296,0.5578088049357495,0.0,0.0,0.0,0.0,0.0,43.01572270693589,14.430869689661812,hard,0.14637369306060288,0.10753490718608899,0.0,0.0
0.0,0.0,45.947996401151954,0.06401193766717038,0.5910992658594202,0.0,0.0,0.0,0.0,0.0,45.349769569425604,14.430869689661812,hard,0.15260731723363546,0.11204535983345688,0.0,0.0
0.0,0.0,48.44330515485297,0.06680734412101189,0.620810534747424,0.0,0.0,0.0,0.0,0.0,48.524204269621976,14.430869689661812,hard,0.15998024201786218,0.11622795926132197,0.0,0.0
0.0,0.0,42.96165789583191,0.07005107647155451,0.6509812006316765,0.0,0.0,0.0,0.0,0.0,42.54796822411148,14.430869689661812,hard,0.16659138572272464,0.12290542872015918,0.0,0.0
0.0,0.0,121.01018667501505,0.08120910345164897,0.7439012849031941,0.4898979485566356,0.4898979485566356,0.0,0.4898979485566356,0.0,111.28544199489886,14.430869689661812,hard,0.1672106090401816,0.1416031778587155,0.029555598672734714,0.0
0.0,0.0,70.1839007986069,0.08746629904636004,0.782882557348249,0.4963869458396342,0.4963869458396343,0.0,0.4963869458396343,0.0,68.13938948948692,14.430869689661812,hard,0.1695138949039434,0.15411719697611725,0.038619129138472985,0.0
0.0,0.0,67.49510849680688,0.09307650647167565,0.8168146200955452,0.4963869458396342,0.4963869458396343,0.0,0.4963869458396343,0.0,66.93422442965931,14.430869689661812,hard,0.17320536077199575,0.1650262425542514,0.046839972055137784,0.0
0.0,0.0,81.04849390807715,0.09814978136083694,0.8492561889466428,0.49839743177508455,0.49839743177508455,0.0,0.49839743177508455,0.0,78.66205184204134,14.430869689661812,hard,0.17780662976582837,0.17345959578661016,0.05457689635292546,0.0
0.0,0.0,62.502059901062495,0.10300387231335123,0.8825674797422446,0.49839743177508455,0.49839743177508455,0.0,0.49839743177508455,0.0,62.24453710969341,14.430869689661812,hard,0.1815638860946396,0.1828747614877972,0.06183569126240687,0.0
0.0,0.0,59.423672592191075,0.1078249954156566,0.9167300478932289,0.49839743177508455,0.49839743177508455,0.0,0.49839743177508455,0.0,59.10596924169335,14.430869689661812,hard,0.18599671319038874,0.1919239448243881,0.0684302521430314,0.0
0.0,0.0,51.590907363319275,0.11229775566548067,0.9497904792777513,0.49839743177508455,0.49839743177508455,0.0,0.49839743177508455,0.0,51.43177616999048,14.430869689661812,hard,0.18990116680926442,0.19967425422891813,0.07551750387630814,0.0
0.0,0.0,55.29092143187754,0.11682170906369437,0.9842386295307416,0.49839743177508455,0.49839743177508455,0.0,0.49839743177508455,0.0,54.78211752022735,14.430869689661812,hard,0.19385788755346434,0.20688753373772534,0.08299646394671979,0.0
0.0,0.0,56.53959009611324,0.12127362058645252,1.0180977422822306,0.49839743177508455,0.49839743177508455,0.0,0.49839743177508455,0.0,55.4155212914216,14.430869689661812,hard,0.19766885238797974,0.21382126019879288,0.09071097784533193,0.0
0.0,0.0,47.15581168136402,0.1250260815813931,1.0487540514265725,0.49839743177508455,0.49839743177508455,0.0,0.49839743177508455,0.0,47.18152604568869,14.430869689661812,hard,0.2019079306520351,0.21811276921696346,0.09743002806311424,0.0
0.0,0.0,63.39416686111443,0.12875203720327733,1.0813424057776948,0.49839743177508455,0.49839743177508455,0.0,0.49839743177508455,0.0,63.38795153654991,14.430869689661812,hard,0.20491629556815993,0.2237429523389357,0.10409778555675295,0.0
0.0,0.0,53.553053746871235,0.13277548491704605,1.1144461858097212,0.49839743177508455,0.49839743177508455,0.0,0.49839743177508455,0.0,50.710081837835766,14.430869689661812,hard,0.20974565946520965,0.22964356105111486,0.10979382454723971,0.0
0.0,0.0,47.542516891601544,0.13660190844802747,1.1483179545928706,0.49839743177508455,0.49839743177508455,0.0,0.49839743177508455,0.0,46.317150171399796,14.430869689661812,hard,0.21348782572034616,0.2354368539443633,0.1157232301062424,0.0
0.0,0.0,41.8492753952727,0.13993789169006515,1.1804627175513707,0.49839743177508455,0.49839743177508455,0.0,0.49839743177508455,0.0,41.875649248698224,14.430869689661812,hard,0.21705400671731062,0.23999984083228637,0.12128282169940796,0.0
0.0,0.0,43.36581274806811,0.14230174850432636,1.205782488401401,0.49839743177508455,0.49839743177508455,0.0,0.49839743177508455,0.0,39.235336114273316,14.430869689661812,hard,0.21940932623537374,0.2429425383076645,0.12595850757669955,0.0
0.0,0.0,43.945512646666046,0.14460477920130016,1.2316583151154603,0.49839743177508455,0.49839743177508455,0.0,0.49839743177508455,0.0,41.900954643062725,14.430869689661812,hard,0.2214502877235487,0.24624348612031638,0.13072963891072967,0.0
0.0,0.0,44.473292118958334,0.14758104666714514,1.2584622455991372,0.49839743177508455,0.49839743177508455,0.0,0.49839743177508455,0.0,44.49665605413512,14.430869689661812,hard,0.22393905155008106,0.2512566390617917,0.1355728152766174,0.0
0.0,0.0,37.859679713327246,0.15020128723552656,1.2873513613457428,0.49839743177508455,0.49839743177508455,0.0,0.49839743177508455,0.0,37.60306370496958,14.430869689661812,hard,0.22550611564447404,0.25557036002748007,0.14057371041003391,0.0
0.0,0.0,38.71255230861306,0.1527080638295842,1.3159134919743662,0.49839743177508455,0.49839743177508455,0.0,0.49839743177508455,0.0,36.198613233106045,14.430869689661812,hard,0.2274986086594428,0.2592664648303381,0.14521450039793316,0.0
0.0,0.0,42.31448860049752,0.15535603836834253,1.3453949762371598,0.49839743177508455,0.49839743177508455,0.0,0.49839743177508455,0.0,42.43609784134257,14.430869689661812,hard,0.22940751873350776,0.2629033263162239,0.15054231548141936,0.0
0.0,0.0,46.7575160948749,0.15826165550710894,1.3729533049325289,0.49839743177508455,0.49839743177508455,0.0,0.49839743177508455,0.0,46.52156919107523,14.430869689661812,hard,0.23235172942136434,0.26626208358239856,0.15621989108118547,0.0
0.0,0.0,116.61816243051534,0.16890013435183593,1.4349917209679355,0.9457272334029511,0.9457272334029511,0.0,0.9457272334029511,0.0,103.82200922733098,14.430869689661812,hard,0.2324427023653284,0.26826929046273695,0.17216858983871672,0.02883181490417348
0.0,0.0,53.93221443313823,0.17261353528086512,1.4491073717908514,0.9724196624914574,0.9724196624914575,0.0,0.9724196624914575,0.0,51.53115174338723,14.430869689661812,hard,0.2324856333772854,0.2695864951600193,0.1797325845896533,0.03394221366548802
0.0,0.0,37.0051988883786,0.17532727400933223,1.4610982364713065,0.9724196624914574,0.9724196624914575,0.0,0.9724196624914575,0.0,36.76424893833682,14.430869689661812,hard,0.23251324551936636,0.2706698673686765,0.18529846882276582,0.03878492667872669
0.0,0.0,74.92569162559212,0.18009490812152484,1.4752255983332845,0.9848857801796104,0.9848857801796106,0.0,0.9848857801796106,0.0,69.25207578116341,14.430869689661812,hard,0.23251324551936636,0.27271980018808906,0.19646308206643107,0.045293371685977725
0.0,0.0,54.68857799018662,0.18341190107128078,1.4903716533608493,0.9583318840568751,0.9583318840568751,0.0,0.9583318840568751,0.0,50.636117544693334,14.430869689661812,hard,0.23264369319073355,0.2743895230206624,0.20297243099222376,0.05098810659674597
0.0,0.0,52.79079146317099,0.18706595729642503,1.5006633884223188,0.9583318840568751,0.9583318840568751,0.0,0.9583318840568751,0.0,52.844011959729166,14.430869689661812,hard,0.2328628078159275,0.2771205133958095,0.21006936868461776,0.057690264216001354
0.0,0.0,42.50356472576257,0.19011506077228676,1.5114134349238115,0.9583318840568751,0.9583318840568751,0.0,0.9583318840568751,0.0,42.741497400067765,14.430869689661812,hard,0.23297395484618239,0.2785210240215256,0.21643798273181653,0.0633837038765669
0.0,0.0,47.9826485340025,0.19388890306030662,1.5222068620972402,0.9583318840568751,0.9583318840568751,0.0,0.9583318840568751,0.0,47.62904995903236,14.430869689661812,hard,0.23305887915351023,0.2804949097798215,0.2237845751840635,0.07055868597721231
0.0,0.0,60.72832927261251,0.19782098345372778,1.529484372141106,0.9583318840568751,0.9583318840568751,0.0,0.9583318840568751,0.0,57.29421960372616,14.430869689661812,hard,0.23315481674106492,0.2819125607947471,0.23383161242145836,0.07730602852830004
0.0,0.0,47.88085064073574,0.20148199912964324,1.5392011909355714,0.9583318840568751,0.9583318840568751,0.0,0.9583318840568751,0.0,47.60203357000623,14.430869689661812,hard,0.23322902237484414,0.2835958908869544,0.2413551995492034,0.0846808422737697
0.0,0.0,56.94891722553701,0.20622165107816307,1.5491699892029056,0.9583318840568751,0.9583318840568751,0.0,0.9583318840568751,0.0,56.90526864886941,14.430869689661812,hard,0.23345630818444194,0.28692598471992636,0.25161011334391187,0.09145097482851673
0.0,0.0,48.585277452244306,0.2100485450890081,1.5571198943341507,0.9583318840568751,0.9583318840568751,0.0,0.9583318840568751,0.0,48.42297388636927,14.430869689661812,hard,0.2335696895641879,0.2894009791960605,0.260096009711463,0.0972302693397961
0.0,0.0,51.91982011430768,0.21392219008704905,1.566091255166245,0.9583318840568751,0.9583318840568751,0.0,0.9583318840568751,0.0,52.06666495945367,14.430869689661812,hard,0.23421522405832926,0.29147689238289437,0.2679878962467951,0.10400322779418457
0.0,0.0,36.877944822526246,0.21652715154620616,1.572516450716946,0.9583318840568751,0.9583318840568751,0.0,0.9583318840568751,0.0,36.582886709498474,14.430869689661812,hard,0.23449610489803807,0.29298902792001064,0.27260053459556677,0.10922250150062722
0.0,0.0,49.186379337008866,0.2198714331465426,1.5786070808934245,0.9583318840568751,0.9583318840568751,0.0,0.9583318840568751,0.0,48.714170422988836,14.430869689661812,hard,0.23457313166178037,0.2957842147476211,0.27871325114886203,0.11548620602605039
0.0,0.0,42.76127548380972,0.2229954525423413,1.5793531165387706,0.9583318840568751,0.9583318840568751,0.0,0.9583318840568751,0.0,42.287629396786954,14.430869689661812,hard,0.23458419209642759,0.2974267413698765,0.2847760747059056,0.12140456827879444
0.0,0.0,43.239832280668054,0.22596922707267253,1.5793531165387706,0.9583318840568751,0.9583318840568751,0.0,0.9583318840568751,0.0,43.564040216674115,14.430869689661812,hard,0.23485775699262326,0.29921184326327604,0.29007311240567263,0.1273634541437138
0.0,0.0,42.167630933169086,0.2285536259847806,1.5793531165387706,0.9583318840568751,0.9583318840568751,0.0,0.9583318840568751,0.0,41.698268549185585,14.430869689661812,hard,0.2349285014018881,0.30095154987858436,0.2947691501652044,0.1321395046529532
0.0,0.0,45.892734679946486,0.23134617442337657,1.5792135456268894,0.9583318840568751,0.9583318840568751,0.0,0.9583318840568751,0.0,44.97962205265846,14.430869689661812,hard,0.2351130654599885,0.30322563424468896,0.2988685528170818,0.13758187219726953
0.0,0.0,32.600890217406594,0.23361761478202347,1.5791800586951439,0.9583318840568751,0.9583318840568751,0.0,0.9583318840568751,0.0,31.916923410629668,14.430869689661812,hard,0.2351839637966516,0.30511122115638906,0.302523781325338,0.14189996903959198
0.0,0.0,44.62530415552855,0.2365964447579387,1.5792568206535922,0.9583318840568751,0.9583318840568751,0.0,0.9583318840568751,0.0,45.008692493783904,14.430869689661812,hard,0.23531181803157328,0.3070491888333742,0.3071018423828644,0.1488077910339064
0.0,0.0,60.1298768331918,0.23972699401702408,1.58262332388863,1.177115117564973,1.177115117564973,0.0,1.177115117564973,0.0,53.75284550607531,14.430869689661812,hard,0.2342025998839292,0.3068230967672442,0.30910792164617684,0.15928927104532112
0.0,0.0,44.385129859938,0.2423132835990619,1.5831149860253584,1.177115117564973,1.177115117564973,0.0,1.177115117564973,0.0,43.764369068912664,14.430869689661812,hard,0.23381200247387512,0.3064740880258677,0.3104125790199288,0.1685386103736151
0.0,0.0,32.73417922594947,0.24433552626001737,1.5832076307852276,1.177115117564973,1.177115117564973,0.0,1.177115117564973,0.0,32.981182513669815,14.430869689661812,hard,0.23366988294836488,0.3064474251800199,0.31174009063482294,0.17527725415584625
0.0,0.0,43.71324140154514,0.2466436717334615,1.5820154903218255,1.2001666550941996,1.2001666550941996,0.0,1.2001666550941996,0.0,41.80861155312383,14.430869689661812,hard,0.23277908915272594,0.3063946467082283,0.31364986976062675,0.18368888866746846
0.0,0.0,54.294710937760954,0.24928906361343967,1.5809074566132637,1.2059850745345069,1.2059850745345069,0.0,1.2059850745345069,0.0,48.03324265547767,14.430869689661812,hard,0.23243225021152358,0.30626516715541735,0.31589585938569237,0.19135549134841684
0.0,0.0,42.15324097389741,0.2520894119418243,1.580096037724507,1.2059850745345069,1.2059850745345069,0.0,1.2059850745345069,0.0,41.94743853920046,14.430869689661812,hard,0.2321628284287801,0.30610015220389825,0.3194208486235884,0.19932931215205327
0.0,0.0,36.765641762362606,0.2551112981471479,1.5786261995215825,1.2059850745345069,1.2059850745345069,0.0,1.2059850745345069,0.0,36.70053950557131,14.430869689661812,hard,0.2320228031264111,0.3060793559569303,0.323047219997613,0.20786794548250997
0.0,0.0,27.015293218822208,0.2570443629340313,1.5786261995215825,1.2059850745345069,1.2059850745345069,0.0,1.2059850745345069,0.0,26.366076689564565,14.430869689661812,hard,0.2320228031264111,0.3060793559569303,0.3251209604936254,0.21371512646942697
0.0,0.0,22.99509406054123,0.25863047825631474,1.5786261995215825,1.2059850745345069,1.2059850745345069,0.0,1.2059850745345069,0.0,22.371374566619732,14.430869689661812,hard,0.2320228031264111,0.3060793559569303,0.3263264469847528,0.2189022372127067
0.0,0.0,16.56738132341245,0.259839818255891,1.5786261995215825,1.2059850745345069,1.2059850745345069,0.0,1.2059850745345069,0.0,16.381745938696522,14.430869689661812,hard,0.2320228031264111,0.3060793559569303,0.3271438382256176,0.22311705916804286
0.0,0.0,32.65471683144785,0.26195423100229387,1.5787813468538274,1.2059850745345069,1.2059850745345069,0.0,1.2059850745345069,0.0,32.01152292534674,14.430869689661812,hard,0.2320228031264111,0.3060809160366565,0.3289939941675584,0.22994989194590934
0.0,0.0,34.46094607204101,0.2641470019446687,1.5790704220719889,1.2059850745345069,1.2059850745345069,0.0,1.2059850745345069,0.0,33.97072268880955,14.430869689661812,hard,0.2320228031264111,0.3060889678813023,0.33192727641751646,0.2358417932697928
0.0,0.0,41.683362324574624,0.266584385205519,1.5794606572205312,1.2059850745345069,1.2059850745345069,0.0,1.2059850745345069,0.0,38.749451609022806,14.430869689661812,hard,0.2320228031264111,0.3061432965702977,0.3355164723170413,0.24203619246873176
0.0,0.0,26.611994138908823,0.26802791994306074,1.579941008079739,1.2059850745345069,1.2059850745345069,0.0,1.2059850745345069,0.0,25.713257281021402,14.430869689661812,hard,0.2320228031264111,0.3061858858152953,0.3367717078807897,0.246501119469684
0.0,0.0,29.455903907388947,0.269787099129109,1.5805161850531202,1.2059850745345069,1.2059850745345069,0.0,1.2059850745345069,0.0,29.084188144075814,14.430869689661812,hard,0.2320228031264111,0.30657465402711737,0.33855457987937343,0.2512535980256455
0.0,0.0,22.53407174449743,0.27121893703355904,1.581157132897805,1.2059850745345069,1.2059850745345069,0.0,1.2059850745345069,0.0,22.333078605512497,14.430869689661812,hard,0.2320228031264111,0.3068367084639806,0.3399253879957189,0.2553710549238128
0.0,0.0,13.594191431604303,0.2719380800808915,1.5818940122266842,1.2059850745345069,1.2059850745345069,0.0,1.2059850745345069,0.0,13.45362404707371,14.430869689661812,hard,0.2320228031264111,0.30684893880233,0.34058711574706946,0.2575528255732805
0.0,0.0,17.98245446462695,0.2729567256293534,1.5825649862810698,1.2059850745345069,1.2059850745345069,0.0,1.2059850745345069,0.0,17.34751855453684,14.430869689661812,hard,0.2320228031264111,0.3068520381340194,0.3417925676968648,0.2604041945237584
0.0,0.0,22.545522836131674,0.27376052239304083,1.581651378109961,1.2059850745345069,1.2059850745345069,0.0,1.2059850745345069,0.0,22.52206917669866,14.430869689661812,hard,0.23148760263330534,0.3066454283960813,0.34295206025341973,0.2630887867223652
0.0,0.0,20.09693279417597,0.2746551874575221,1.5814510543240299,1.2059850745345069,1.2059850745345069,0.0,1.2059850745345069,0.0,19.41282050604703,14.430869689661812,hard,0.23134110124253357,0.30662323612557807,0.3436722172724714,0.26611443268693297
0.0,0.0,18.518876485586837,0.27559069328123414,1.581324403037161,1.2059850745345069,1.2059850745345069,0.0,1.2059850745345069,0.0,17.579533554676583,14.430869689661812,hard,0.23115801430342675,0.30664949862540936,0.3444984761736607,0.26920298497221745
0.0,0.0,20.563675215596344,0.27629698831565935,1.5814194762218046,1.2059850745345069,1.2059850745345069,0.0,1.2059850745345069,0.0,20.670016932745845,14.430869689661812,hard,0.23105768993239603,0.30626893031349656,0.3452801464164784,0.2717681463304882
0.0,0.0,20.164779841796996,0.27730979487924345,1.5826542129402346,1.2059850745345069,1.2059850745345069,0.0,1.2059850745345069,0.0,19.81616511840775,14.430869689661812,hard,0.23105768993239603,0.30632097150377235,0.3463442406859299,0.27468767159499313
0.0,0.0,24.5377830444041,0.278461585824659,1.5841129041721873,1.2059850745345069,1.2059850745345069,0.0,1.2059850745345069,0.0,24.821966078455592,14.430869689661812,hard,0.23105768993239603,0.3063561561772072,0.3472610854289932,0.2783874552615038
0.0,0.0,15.447080808716873,0.2792974284285605,1.5841129041721873,1.2059850745345069,1.2059850745345069,0.0,1.2059850745345069,0.0,15.402973738859648,14.430869689661812,hard,0.23105768993239603,0.3063561561772072,0.3476312442027273,0.28156310419662156
0.0,0.0,34.38068121510449,0.2802864308869734,1.5841129041721873,1.2278436382536662,1.2278436382536662,0.0,1.2278436382536662,0.0,31.391011452325017,14.430869689661812,hard,0.23105768993239603,0.3063561561772072,0.3479808350337299,0.28449902890506157
0.0,0.0,36.526937038423846,0.2821359982880832,1.5826716059663302,1.2278436382536662,1.2278436382536662,0.0,1.2278436382536662,0.0,36.67178206741527,14.430869689661812,hard,0.23092059478388163,0.30602090178011093,0.35044469234565356,0.2900969164020796
0.0,0.0,23.295385966021893,0.283231058216983,1.5808617952918362,1.2278436382536662,1.2278436382536662,0.0,1.2278436382536662,0.0,22.97728443485,14.430869689661812,hard,0.23072751109533418,0.3057907394327732,0.35156472259623084,0.294012422013278
0.0,0.0,17.163302779822235,0.28376456166790365,1.5773052023745655,1.2278436382536662,1.2278436382536662,0.0,1.2278436382536662,0.0,17.857894612747607,14.430869689661812,hard,0.23012235697947056,0.3053550042888511,0.3522558519360269,0.29666882236205633
0.0,0.0,21.045926791870517,0.2846603837049983,1.5773052023745655,1.2278436382536662,1.2278436382536662,0.0,1.2278436382536662,0.0,19.113346122539618,14.430869689661812,hard,0.23012235697947056,0.3053550042888511,0.35367446314365025,0.29878993678088545
0.0,0.0,11.494623265905377,0.28504927372928063,1.5773052023745655,1.2278436382536662,1.2278436382536662,0.0,1.2278436382536662,0.0,11.178998166204341,14.430869689661812,hard,0.23012235697947056,0.3053550042888511,0.3542580501306162,0.29983415322430795
0.0,0.0,8.881049426426475,0.2854098292014205,1.5773052023745655,1.2278436382536662,1.2278436382536662,0.0,1.2278436382536662,0.0,8.01451183791003,14.430869689661812,hard,0.23012235697947056,0.3053550042888511,0.3547609029433868,0.30086460140973853
0.0,0.0,10.153310041024854,0.2856856406461992,1.5755438943979054,1.2278436382536662,1.2278436382536662,0.0,1.2278436382536662,0.0,9.574967362868659,14.430869689661812,hard,0.22988433221739357,0.30529138793015287,0.3550488032029925,0.3019814327895742
0.0,0.0,43.19350569079334,0.28675196683046394,1.5754669256633516,1.2278436382536662,1.2278436382536662,0.0,1.2278436382536662,0.0,42.437007434549386,14.430869689661812,hard,0.2297505196770587,0.30573933091118044,0.3562873916339095,0.30349737324859927
0.0,0.0,19.721777250917214,0.28708912575571593,1.5756361842065663,1.2278436382536662,1.2278436382536662,0.0,1.2278436382536662,0.0,19.898703475352356,14.430869689661812,hard,0.2296078879666896,0.3054914422466567,0.35720352742587286,0.3037456946990773
0.0,0.0,12.338814622808378,0.28746171839202067,1.5774218072400195,1.2278436382536662,1.2278436382536662,0.0,1.2278436382536662,0.0,12.357734420192076,14.430869689661812,hard,0.2296078879666896,0.30556900539289655,0.3577962174971487,0.30432977448286447
0.0,0.0,11.547546324064948,0.2876947376648886,1.5793616793199639,1.2278436382536662,1.2278436382536662,0.0,1.2278436382536662,0.0,11.538128097746185,14.430869689661812,hard,0.2296078879666896,0.30562104122770795,0.358272594063521,0.3043025590125272
0.0,0.0,7.497284277063226,0.287709351031724,1.5793616793199639,1.2278436382536662,1.2278436382536662,0.0,1.2278436382536662,0.0,1.1926441212700458,14.430869689661812,hard,0.2296078879666896,0.30562104122770795,0.358312432184311,0.30432695280276023
0.0,0.0,0.9269580412938351,0.28771397682880484,1.5793616793199639,1.2278436382536662,1.2278436382536662,0.0,1.2278436382536662,0.0,0.39191835884530857,14.430869689661812,hard,0.2296078879666896,0.30562104122770795,0.3583276318577778,0.30432695280276023
0.0,0.0,15.401412984029996,0.2880276617015984,1.5793616793199639,1.2278436382536662,1.2278436382536662,0.0,1.2278436382536662,0.0,16.09547762571835,14.430869689661812,hard,0.2296078879666896,0.3061148734400959,0.3588959465982282,0.3045594842710046
0.0,0.0,9.175453582197367,0.28821693644529334,1.5793616793199639,1.2278436382536662,1.2278436382536662,0.0,1.2278436382536662,0.0,9.660000000000004,14.430869689661812,hard,0.2296078879666896,0.3063679583660472,0.3590999451500089,0.30484839609188996
0.0,0.0,5.168096880923307,0.28830527302421455,1.5793616793199639,1.2278436382536662,1.2278436382536662,0.0,1.2278436382536662,0.0,4.2,14.430869689661812,hard,0.2296078879666896,0.3064960386040306,0.359179002912962,0.30498944026542957
0.0,0.0,1.824408509480232,0.2883422622223262,1.5793616793199639,1.2278436382536662,1.2278436382536662,0.0,1.2278436382536662,0.0,1.5399999999999998,14.430869689661812,hard,0.2296078879666896,0.3065604626062927,0.35919485421779435,0.30505416393301504
0.0,0.0,1.897888996601703,0.28837193074454387,1.5793616793199639,1.2278436382536662,1.2278436382536662,0.0,1.2278436382536662,0.0,1.5399999999999998,14.430869689661812,hard,0.2296078879666896,0.30660894842475034,0.35919485421779435,0.30511927018480556
0.0,0.0,0.8924015741458816,0.28837564413137645,1.5793616793199639,1.2278436382536662,1.2278436382536662,0.0,1.2278436382536662,0.0,0.13999999999999999,14.430869689661812,hard,0.2296078879666896,0.3066251423158648,0.35919485421779435,0.30511927018480556
0.0,0.0,1.3767903824467518,0.28837935858952796,1.5793616793199639,1.2278436382536662,1.2278436382536662,0.0,1.2278436382536662,0.0,0.31048349392520047,14.430869689661812,hard,0.2296078879666896,0.3066251423158648,0.35921071876928423,0.30511927018480556
0.0,0.0,2.1813023826259843,0.2883979469486187,1.5793616793199639,1.2278436382536662,1.2278436382536662,0.0,1.2278436382536662,0.0,1.1199999999999999,14.430869689661812,hard,0.2296078879666896,0.3066575780103546,0.3592265965656765,0.30514541975429305
0.0,0.0,3.0042725161057544,0.28845760961196304,1.5793616793199639,1.2278436382536662,1.2278436382536662,0.0,1.2278436382536662,0.0,2.8000000000000007,14.430869689661812,hard,0.2296078879666896,0.3067389466164348,0.35932214138855534,0.30521106121234
0.0,0.0,7.530743862984385,0.28863824106148056,1.5793616793199639,1.2278436382536662,1.2278436382536662,0.0,1.2278436382536662,0.0,7.419999999999998,14.430869689661812,hard,0.2296078879666896,0.30695237079344406,0.3596116325665441,0.3054370980031744
0.0,0.0,11.402356095310248,0.28887519924111726,1.5793616793199639,1.2278436382536662,1.2278436382536662,0.0,1.2278436382536662,0.0,10.920000000000002,14.430869689661812,hard,0.2296078879666896,0.3072019724128924,0.36008702676578036,0.3056812333032015
0.0,0.0,37.44339795726114,0.2896137447405823,1.581928981372118,1.2489995996796794,1.2489995996796794,0.0,1.2489995996796794,0.0,34.040687419615956,14.430869689661812,hard,0.2296078879666896,0.307557416013697,0.3610265235908835,0.3059693947066059
0.0,0.0,21.45779714767066,0.2901858277806815,1.581928981372118,1.2489995996796794,1.2489995996796794,0.0,1.2489995996796794,0.0,21.19758476808148,14.430869689661812,hard,0.2296078879666896,0.3077809517942714,0.3621239776636042,0.3063730019842698
0.0,0.0,20.747363521024617,0.290742180335662,1.581928981372118,1.2489995996796794,1.2489995996796794,0.0,1.2489995996796794,0.0,20.87564130751436,14.430869689661812,hard,0.2296078879666896,0.3081476833668859,0.36302034391697235,0.3068764606239823
0.0,0.0,15.162127866664749,0.29111296729842856,1.581928981372118,1.2489995996796794,1.2489995996796794,0.0,1.2489995996796794,0.0,14.210207598765049,14.430869689661812,hard,0.2296078879666896,0.3083425519727732,0.3638272888539808,0.30716040187742955
0.0,0.0,20.55738702030944,0.2917046035697185,1.581928981372118,1.2489995996796794,1.2489995996796794,0.0,1.2489995996796794,0.0,19.224983745116667,14.430869689661812,hard,0.2296078879666896,0.30836036159212177,0.36431420197937886,0.308652093610751
0.0,0.0,24.567095310729158,0.2923046798409701,1.581928981372118,1.2489995996796794,1.2489995996796794,0.0,1.2489995996796794,0.0,24.444295858134264,14.430869689661812,hard,0.2296078879666896,0.30843175707711745,0.3648662102446771,0.30977327346967465
0.0,0.0,31.898872104801832,0.29301714897359343,1.581928981372118,1.2489995996796794,1.2489995996796794,0.0,1.2489995996796794,0.0,31.381548718952672,14.430869689661812,hard,0.2296078879666896,0.3084675489860112,0.3656288230989294,0.3110722163817757
0.0,0.0,19.01118855658533,0.29349756267245236,1.581928981372118,1.2489995996796794,1.2489995996796794,0.0,1.2489995996796794,0.0,19.57885594206158,14.430869689661812,hard,0.2296078879666896,0.3084675489860112,0.3660597186275869,0.3120810177119504
0.0,0.0,19.666415739596626,0.29407922732926345,1.581928981372118,1.2489995996796794,1.2489995996796794,0.0,1.2489995996796794,0.0,18.896444109937722,14.430869689661812,hard,0.2296078879666896,0.30859331466776624,0.3666125324949249,0.3133592751940669
0.0,0.0,19.264361586446178,0.2946366655187997,1.581928981372118,1.2489995996796794,1.2489995996796794,0.0,1.2489995996796794,0.0,18.86911762642864,14.430869689661812,hard,0.2296078879666896,0.3086113438874577,0.36709836632383364,0.3147571057518783
0.0,0.0,19.1049676729109,0.295201819119989,1.581928981372118,1.2489995996796794,1.2489995996796794,0.0,1.2489995996796794,0.0,19.161221255441937,14.430869689661812,hard,0.2296078879666896,0.3086113438874577,0.3675407571256518,0.3162817560942471
0.0,0.0,12.739382492393322,0.2955619351172576,1.581928981372118,1.2489995996796794,1.2489995996796794,0.0,1.2489995996796794,0.0,11.97998330549755,14.430869689661812,hard,0.2296078879666896,0.3086113438874577,0.3679379219760873,0.3171653971223831
0.0,0.0,12.64272404169879,0.29582650417438133,1.581928981372118,1.2489995996796794,1.2489995996796794,0.0,1.2489995996796794,0.0,7.557803913836348,14.430869689661812,hard,0.2296078879666896,0.3086113438874577,0.3680025878170826,0.31811828627702154
0.0,0.0,8.24349933405184,0.2960778799492771,1.581928981372118,1.2489995996796794,1.2489995996796794,0.0,1.2489995996796794,0.0,8.322235276654945,14.430869689661812,hard,0.2296078879666896,0.3086113438874577,0.36804532865273604,0.31905065191733173
0.0,0.0,17.680246376305533,0.2966191653468525,1.581928981372118,1.2489995996796794,1.2489995996796794,0.0,1.2489995996796794,0.0,17.573798678714855,14.430869689661812,hard,0.2296078879666896,0.3086113438874577,0.3681177285196444,0.32111662676263963
0.0,0.0,8.776609132210956,0.2969105976867828,1.581928981372118,1.2489995996796794,1.2489995996796794,0.0,1.2489995996796794,0.0,9.401361603512546,14.430869689661812,hard,0.2296078879666896,0.3086113438874577,0.3681177285196444,0.32231574495337023
0.0,0.0,9.623366081584958,0.29721041001313947,1.581928981372118,1.2489995996796794,1.2489995996796794,0.0,1.2489995996796794,0.0,8.898449303108942,14.430869689661812,hard,0.2296078879666896,0.3086113438874577,0.3684447505131739,0.32313015597248845
0.0,0.0,13.62452215609329,0.2976292218193069,1.581928981372118,1.2489995996796794,1.2489995996796794,0.0,1.2489995996796794,0.0,13.245738937484765,14.430869689661812,hard,0.2296078879666896,0.3086113438874577,0.36863793010221446,0.3247071672642252
0.0,0.0,11.790189715086706,0.2980375527949543,1.581928981372118,1.2489995996796794,1.2489995996796794,0.0,1.2489995996796794,0.0,11.730456086614875,14.430869689661812,hard,0.2296078879666896,0.3086113438874577,0.3687911245925737,0.32632753660851516
0.0,0.0,10.31371072925255,0.2983906976022582,1.581928981372118,1.2489995996796794,1.2489995996796794,0.0,1.2489995996796794,0.8400000000000002,10.5,14.430869689661812,hard,0.2296078879666896,0.3086113438874577,0.36906873359663295,0.3274988499583868
0.0,0.0,9.740093400617482,0.29875341235860303,1.581928981372118,1.2489995996796794,1.2489995996796794,0.0,1.2489995996796794,1.6800000000000004,10.00191981571538,14.430869689661812,hard,0.2296078879666896,0.30868361739075895,0.3694055921730752,0.328546995052188
0.0,0.0,9.316735414946114,0.2990174458323448,1.581928981372118,1.2489995996796794,1.2489995996796794,0.0,1.2489995996796794,1.9599999999999995,8.76,14.430869689661812,hard,0.2296078879666896,0.30877431146869666,0.3696507051031582,0.3292701023042275
0.0,0.0,6.230239036516147,0.2992145335489557,1.581928981372118,1.2489995996796794,1.2489995996796794,0.0,1.2489995996796794,2.3799999999999994,6.486940727338272,14.430869689661812,hard,0.2296078879666896,0.3088471482749729,0.36983379696546076,0.32982287110410413
0.0,0.0,6.729551557227848,0.29935587883931464,1.581928981372118,1.2489995996796794,1.2489995996796794,0.0,1.2489995996796794,2.3799999999999994,5.88,14.430869689661812,hard,0.2296078879666896,0.3088471482749729,0.3699446103556893,0.3303167559906826
0.0,0.0,10.808310855925114,0.2996097933177168,1.581928981372118,1.2489995996796794,1.2489995996796794,0.0,1.2489995996796794,2.3799999999999994,10.5,14.430869689661812,hard,0.2296078879666896,0.3088471482749729,0.37002298123416755,0.3314104284976439
0.0,0.0,17.64972029838241,0.30000557968938846,1.581928981372118,1.2489995996796794,1.2489995996796794,0.0,1.2489995996796794,2.3799999999999994,16.240000000000002,14.430869689661812,hard,0.2296078879666896,0.3088471482749729,0.37057812752072095,0.3324609642267397
0.0,0.0,13.397405028713903,0.3002952044857933,1.581928981372118,1.2489995996796794,1.2489995996796794,0.0,1.2489995996796794,2.3799999999999994,13.16,14.430869689661812,hard,0.2296078879666896,0.3088471482749729,0.3710395214451396,0.3331657983955493
0.0,0.0,10.824077169083145,0.3005310437035968,1.520675502968957,1.2489995996796794,1.2489995996796794,0.23748684174075835,1.2489995996796794,2.3799999999999994,9.240000000000002,14.430869689661812,hard,0.2296078879666896,0.3088471482749729,0.37129010827799314,0.33394791275692143
0.0,0.0,6.115623647671705,0.300650340138298,1.5234654089169808,1.2489995996796794,1.2489995996796794,0.23748684174075835,1.2489995996796794,2.3799999999999994,5.88,14.430869689661812,hard,0.2296078879666896,0.3088471482749729,0.37144301919401146,0.3343066502107481
0.0,0.0,7.108079019835572,0.3007303802904344,1.5264637281501012,1.2489995996796794,1.2489995996796794,0.23748684174075835,1.2489995996796794,2.3799999999999994,3.36,14.430869689661812,hard,0.2296078879666896,0.3088471482749729,0.3715331023036226,0.33456834683835923
0.0,0.0,3.9985342403930777,0.3007947054515299,1.5297316107796415,1.2489995996796794,1.2489995996796794,0.23748684174075835,1.2489995996796794,2.3799999999999994,3.2199999999999998,14.430869689661812,hard,0.2296078879666896,0.3088471482749729,0.37161083501558356,0.33477113697393973
0.0,0.0,4.262647964790408,0.3008754779280391,1.5332796611686215,1.2489995996796794,1.2489995996796794,0.23748684174075835,1.2489995996796794,2.3799999999999994,3.78,14.430869689661812,hard,0.2296078879666896,0.3088471482749729,0.3718204603071044,0.33485261401211963
0.0,0.0,0.9412795978872547,0.30088357753249395,1.5369503486856162,1.2489995996796794,1.2489995996796794,0.23748684174075835,1.2489995996796794,2.3799999999999994,0.98,14.430869689661812,hard,0.2296078879666896,0.3088471482749729,0.3718204603071044,0.33489342980972964
0.0,0.0,3.9548004545349458,0.3009119581464811,1.540955777585233,1.2489995996796794,1.2489995996796794,0.23748684174075835,1.2489995996796794,2.3799999999999994,1.26,14.430869689661812,hard,0.2296078879666896,0.3088471482749729,0.3718866649800259,0.33493429710124817
0.0,0.0,2.7555428065661802,0.30094852062876637,1.5453183639446653,1.2489995996796794,1.2489995996796794,0.23748684174075835,1.2489995996796794,2.3799999999999994,2.52,14.430869689661812,hard,0.2296078879666896,0.3088471482749729,0.3719799083832592,0.33497521586782825
0.0,0.0,0.9801836666024272,0.3009525882035114,1.5496697434503555,1.2489995996796794,1.2489995996796794,0.23748684174075835,1.2489995996796794,2.3799999999999994,0.5599999999999999,14.430869689661812,hard,0.2296078879666896,0.3088471482749729,0.3719932818791665,0.33497521586782825
0.0,0.0,1.0179562340664599,0.3009525882035114,1.5532713434234036,1.2489995996796794,1.2489995996796794,0.23748684174075835,1.2489995996796794,2.3799999999999994,0.13999999999999999,14.430869689661812,hard,0.2296078879666896,0.3088471482749729,0.3719932818791665,0.33497521586782825
0.0,0.0,7.7616037645325715,0.30097573875679284,1.5582707315121862,1.2489995996796794,1.2489995996796794,0.23748684174075835,1.2489995996796794,2.3799999999999994,0.8400000000000001,14.430869689661812,hard,0.2296078879666896,0.3088471482749729,0.3719932818791665,0.33507651151231194
0.0,0.0,4.730665874587219,0.30107802566360575,1.5635112478190027,1.2489995996796794,1.2489995996796794,0.23748684174075835,1.2489995996796794,2.3799999999999994,4.199476157808258,14.430869689661812,hard,0.2296078879666896,0.3088471482749729,0.3720252203535944,0.33540318177463296
0.0,0.0,1.0359313387519369,0.30107802566360575,1.5689023642403368,1.2489995996796794,1.2489995996796794,0.23748684174075835,1.2489995996796794,2.3799999999999994,0.0,14.430869689661812,hard,0.2296078879666896,0.3088471482749729,0.3720252203535944,0.33540318177463296
0.0,0.0,0.7795679431452069,0.30107802566360575,1.5743709423882897,1.2489995996796794,1.2489995996796794,0.23748684174075835,1.2489995996796794,2.3799999999999994,0.13999999999999999,14.430869689661812,hard,0.2296078879666896,0.3088471482749729,0.3720252203535944,0.33540318177463296
0.0,0.0,10.331108098204941,0.3012672371048177,1.5800470211547002,1.2489995996796794,1.2489995996796794,0.23748684174075835,1.2489995996796794,2.3799999999999994,10.218101584932498,14.430869689661812,hard,0.2296078879666896,0.3088471482749729,0.372284882804487,0.33575541281158866
0.0,0.0,0.9802629388943604,0.30127942976446537,1.581928981372118,1.2489995996796794,1.2489995996796794,0.23748684174075835,1.2489995996796794,2.3799999999999994,0.5599999999999999,14.430869689661812,hard,0.2296078879666896,0.3088471482749729,0.372284882804487,0.3358167212810202
0.0,0.0,1.4955752417674575,0.3012957008419551,1.581928981372118,1.2489995996796794,1.2489995996796794,0.23748684174075835,1.2489995996796794,2.3799999999999994,1.1199999999999999,14.430869689661812,hard,0.2296078879666896,0.3088471482749729,0.372298251838864,0.3358781452552498
0.0,0.0,0.9072885863793277,0.30131606250326964,1.581928981372118,1.2489995996796794,1.2489995996796794,0.23748684174075835,1.2489995996796794,2.3799999999999994,0.7000000000000001,14.430869689661812,hard,0.2296078879666896,0.3088471482749729,0.37232502961905106,0.33593968467092
0.0,0.0,2.869965029356732,0.30134461140687735,1.581928981372118,1.2489995996796794,1.2489995996796794,0.23748684174075835,1.2489995996796794,2.3799999999999994,1.82,14.430869689661812,hard,0.2296078879666896,0.3088471482749729,0.37241916866962377,0.33593968467092
0.0,0.0,0.7338407480669031,0.30134461140687735,1.581928981372118,1.2489995996796794,1.2489995996796794,0.23748684174075835,1.2489995996796794,2.3799999999999994,0.0,14.430869689661812,hard,0.2296078879666896,0.3088471482749729,0.37241916866962377,0.33593968467092
0.0,0.0,6.137300382205412,0.30134461140687735,1.520535757266947,1.2489995996796794,1.2489995996796794,0.4749736834815167,1.2489995996796794,2.3799999999999994,0.0,14.430869689661812,hard,0.2296078879666896,0.3088471482749729,0.37241916866962377,0.33593968467092
0.0,0.0,0.9635657274686749,0.30134461140687735,1.523389447221614,1.2489995996796794,1.2489995996796794,0.4749736834815167,1.2489995996796794,2.3799999999999994,0.0,14.430869689661812,hard,0.2296078879666896,0.3088471482749729,0.37241916866962377,0.33593968467092
0.0,0.0,2.930560757624789,0.30139966337631696,1.5265602834943108,1.2489995996796794,1.2489995996796794,0.4749736834815167,1.2489995996796794,2.3799999999999994,2.66,14.430869689661812,hard,0.2296078879666896,0.3088471482749729,0.37241916866962377,0.3361320777030118
0.0,0.0,9.277514194280306,0.30156248711102107,1.5298961634983383,1.2489995996796794,1.2489995996796794,0.4749736834815167,1.2489995996796794,2.3799999999999994,7.5600000000000005,14.430869689661812,hard,0.2296078879666896,0.3088471482749729,0.37241916866962377,0.3367152458355263
0.0,0.0,4.025993820796877,0.3016371569617106,1.5333337564266547,1.2489995996796794,1.2489995996796794,0.4749736834815167,1.2489995996796794,2.3799999999999994,3.7800000000000002,14.430869689661812,hard,0.2296078879666896,0.3088471482749729,0.37241916866962377,0.3369895705543005
0.0,0.0,0.9193598801922356,0.3016371569617106,1.5371763314247622,1.2489995996796794,1.2489995996796794,0.4749736834815167,1.2489995996796794,2.3799999999999994,0.0,14.430869689661812,hard,0.2296078879666896,0.3088471482749729,0.37241916866962377,0.3369895705543005
0.0,0.0,10.594115067717887,0.30187505512896307,1.5410891210459525,1.2489995996796794,1.2489995996796794,0.4749736834815167,1.2489995996796794,2.3799999999999994,10.078114903095717,14.430869689661812,hard,0.2296078879666896,0.3088471482749729,0.37241916866962377,0.3378912783990529
0.0,0.0,7.088360407574477,0.3019514306344342,1.544680707439719,1.2489995996796794,1.2489995996796794,0.4749736834815167,1.2489995996796794,2.3799999999999994,3.5,14.430869689661812,hard,0.2296078879666896,0.3088471482749729,0.37241916866962377,0.3381894145852582
0.0,0.0,3.708853457220872,0.30198209571092477,1.5489515823158033,1.2489995996796794,1.2489995996796794,0.4749736834815167,1.2489995996796794,2.3799999999999994,1.68,14.430869689661812,hard,0.2296078879666896,0.3088471482749729,0.37241916866962377,0.3383102657644485
0.0,0.0,2.61561448892506,0.3020282163428218,1.552577976550866,1.2489995996796794,1.2489995996796794,0.4749736834815167,1.2489995996796794,2.3799999999999994,2.1,14.430869689661812,hard,0.2296078879666896,0.3088471482749729,0.37241916866962377,0.3384932502401152
0.0,0.0,2.033718551321088,0.3020629036570104,1.5573746612156214,1.2489995996796794,1.2489995996796794,0.4749736834815167,1.2489995996796794,2.3799999999999994,1.82,14.430869689661812,hard,0.2296078879666896,0.3088471482749729,0.37241916866962377,0.3386318316594521
0.0,0.0,3.9299169934888067,0.3020783468764828,1.5623391621191156,1.2489995996796794,1.2489995996796794,0.4749736834815167,1.2489995996796794,2.3799999999999994,0.9799999999999999,14.430869689661812,hard,0.2296078879666896,0.3088471482749729,0.37241916866962377,0.3386937925020358
0.0,0.0,0.9956272056270256,0.3020783468764828,1.5675103123216574,1.2489995996796794,1.2489995996796794,0.4749736834815167,1.2489995996796794,2.3799999999999994,0.42,14.430869689661812,hard,0.2296078879666896,0.3088471482749729,0.37241916866962377,0.3386937925020358
0.0,0.0,1.289554388315984,0.30208221024198795,1.5731328861553888,1.2489995996796794,1.2489995996796794,0.4749736834815167,1.2489995996796794,2.3799999999999994,0.27999999999999997,14.430869689661812,hard,0.2296078879666896,0.3088471482749729,0.37241916866962377,0.33870931818044786
0.0,0.0,1.0348622072334732,0.30208994004548767,1.57887848004176,1.2489995996796794,1.2489995996796794,0.4749736834815167,1.2489995996796794,2.3799999999999994,0.5599999999999999,14.430869689661812,hard,0.2296078879666896,0.3088471482749729,0.37241916866962377,0.3387404120849425
0.0,0.0,7.497878406572033,0.30208994004548767,1.581928981372118,1.2489995996796794,1.2489995996796794,0.4749736834815167,1.2489995996796794,2.3799999999999994,0.13999999999999999,14.430869689661812,hard,0.2296078879666896,0.3088471482749729,0.37241916866962377,0.3387404120849425
0.0,0.0,0.7752346505665503,0.30208994004548767,1.581928981372118,1.2489995996796794,1.2489995996796794,0.4749736834815167,1.2489995996796794,2.3799999999999994,0.13999999999999999,14.430869689661812,hard,0.2296078879666896,0.3088471482749729,0.37241916866962377,0.3387404120849425
0.0,0.0,0.9448196641141018,0.30208994004548767,1.581928981372118,1.2489995996796794,1.2489995996796794,0.4749736834815167,1.2489995996796794,2.3799999999999994,0.0,14.430869689661812,hard,0.2296078879666896,0.3088471482749729,0.37241916866962377,0.3387404120849425
0.0,0.0,0.7967235090833703,0.30208994004548767,1.581928981372118,1.2489995996796794,1.2489995996796794,0.4749736834815167,1.2489995996796794,2.3799999999999994,0.0,14.430869689661812,hard,0.2296078879666896,0.3088471482749729,0.37241916866962377,0.3387404120849425
0.0,0.0,0.8802214070083257,0.30208994004548767,1.581928981372118,1.2489995996796794,1.2489995996796794,0.4749736834815167,1.2489995996796794,2.3799999999999994,0.0,14.430869689661812,hard,0.2296078879666896,0.3088471482749729,0.37241916866962377,0.3387404120849425
0.0,0.0,5.695916263690793,0.30208994004548767,1.521054787700819,1.2489995996796794,1.2489995996796794,0.712460525222275,1.2489995996796794,2.3799999999999994,0.0,14.430869689661812,hard,0.2296078879666896,0.3088471482749729,0.37241916866962377,0.3387404120849425
0.0,0.0,0.9639283090453493,0.30208994004548767,1.5237755550612684,1.2489995996796794,1.2489995996796794,0.712460525222275,1.2489995996796794,2.3799999999999994,0.0,14.430869689661812,hard,0.2296078879666896,0.3088471482749729,0.37241916866962377,0.3387404120849425
0.0,0.0,0.7399461166617585,0.30208994004548767,1.5261297366936666,1.2489995996796794,1.2489995996796794,0.712460525222275,1.2489995996796794,2.3799999999999994,0.0,14.430869689661812,hard,0.2296078879666896,0.3088471482749729,0.37241916866962377,0.3387404120849425
0.0,0.0,0.9545860332825995,0.30208994004548767,1.5292953626325696,1.2489995996796794,1.2489995996796794,0.712460525222275,1.2489995996796794,2.3799999999999994,0.0,14.430869689661812,hard,0.2296078879666896,0.3088471482749729,0.37241916866962377,0.3387404120849425
0.0,0.0,0.7765926228534453,0.30208994004548767,1.5326110562359279,1.2489995996796794,1.2489995996796794,0.712460525222275,1.2489995996796794,2.3799999999999994,0.0,14.430869689661812,hard,0.2296078879666896,0.3088471482749729,0.37241916866962377,0.3387404120849425
0.0,0.0,0.9150554099792637,0.30208994004548767,1.5363286593875465,1.2489995996796794,1.2489995996796794,0.712460525222275,1.2489995996796794,2.3799999999999994,0.0,14.430869689661812,hard,0.2296078879666896,0.3088471482749729,0.37241916866962377,0.3387404120849425
0.0,0.0,0.6869060114589417,0.30208994004548767,1.5399008221594133,1.2489995996796794,1.2489995996796794,0.712460525222275,1.2489995996796794,2.3799999999999994,0.0,14.430869689661812,hard,0.2296078879666896,0.3088471482749729,0.37241916866962377,0.3387404120849425
0.0,0.0,0.4260154028154686,0.30208994004548767,1.5430565679949784,1.2489995996796794,1.2489995996796794,0.712460525222275,1.2489995996796794,2.3799999999999994,0.0,14.430869689661812,hard,0.2296078879666896,0.3088471482749729,0.37241916866962377,0.3387404120849425
0.0,0.0,5.964010336324707,0.30208994004548767,1.5474583748315527,1.2489995996796794,1.2489995996796794,0.712460525222275,1.2489995996796794,2.3799999999999994,0.0,14.430869689661812,hard,0.2296078879666896,0.3088471482749729,0.37241916866962377,0.3387404120849425
0.0,0.0,0.7486540932211038,0.30208994004548767,1.552008207740096,1.2489995996796794,1.2489995996796794,0.712460525222275,1.2489995996796794,2.3799999999999994,0.0,14.430869689661812,hard,0.2296078879666896,0.3088471482749729,0.37241916866962377,0.3387404120849425
0.0,0.0,0.9531762478580442,0.30208994004548767,1.5569590134522997,1.2489995996796794,1.2489995996796794,0.712460525222275,1.2489995996796794,2.3799999999999994,0.0,14.430869689661812,hard,0.2296078879666896,0.3088471482749729,0.37241916866962377,0.3387404120849425
0.0,0.0,2.750167319061051,0.30208994004548767,1.5620424525200447,1.2489995996796794,1.2489995996796794,0.712460525222275,1.2489995996796794,2.3799999999999994,0.0,14.430869689661812,hard,0.2296078879666896,0.3088471482749729,0.37241916866962377,0.3387404120849425
0.0,0.0,6.288596806232074,0.30208994004548767,1.5674625105048572,1.2489995996796794,1.2489995996796794,0.712460525222275,1.2489995996796794,2.3799999999999994,0.0,14.430869689661812,hard,0.2296078879666896,0.3088471482749729,0.37241916866962377,0.3387404120849425
0.0,0.0,3.082420536793512,0.30208994004548767,1.572866970443818,1.2489995996796794,1.2489995996796794,0.712460525222275,1.2489995996796794,2.3799999999999994,0.0,14.430869689661812,hard,0.2296078879666896,0.3088471482749729,0.37241916866962377,0.3387404120849425
0.0,0.0,0.9501695382531468,0.30208994004548767,1.5786814664557294,1.2489995996796794,1.2489995996796794,0.712460525222275,1.2489995996796794,2.3799999999999994,0.0,14.430869689661812,hard,0.2296078879666896,0.3088471482749729,0.37241916866962377,0.3387404120849425
0.0,0.0,10.661151987065866,0.301983171290236,1.58069356632389,1.2489995996796794,1.2489995996796794,0.712460525222275,1.2489995996796794,2.3799999999999994,10.219999999999999,14.430869689661812,hard,0.2294502293418021,0.30859060166997837,0.37241916866962377,0.3387404120849425
0.0,0.0,20.38428744684652,0.30172966028961395,1.5793632691013797,1.2489995996796794,1.2489995996796794,0.712460525222275,1.2489995996796794,2.3799999999999994,20.299999999999997,14.430869689661812,hard,0.22896500333154876,0.30827142630232623,0.37241916866962377,0.3387404120849425
0.0,0.0,38.64299208116624,0.3013264019621005,1.5764185469144951,1.2375782803523987,1.2375782803523987,0.712460525222275,1.2375782803523987,2.3799999999999994,35.42000000000001,14.430869689661812,hard,0.22892685994715845,0.3075001649399637,0.3715819543992819,0.3387404120849425
0.0,0.0,33.1212078306688,0.3010142194409051,1.5755025603048813,1.2375782803523987,1.2375782803523987,0.712460525222275,1.2375782803523987,2.3799999999999994,33.18000000000001,14.430869689661812,hard,0.22883020929352413,0.3069320338947724,0.3711669766693987,0.3387404120849425
0.0,0.0,23.40107612438489,0.30082878054053463,1.5746581411025662,1.2375782803523987,1.2375782803523987,0.712460525222275,1.2375782803523987,2.3799999999999994,23.379999999999995,14.430869689661812,hard,0.22876594276310355,0.3066871764480122,0.37092196740940975,0.3387404120849425
0.0,0.0,19.26943223910905,0.3007164957619421,1.5133943101078777,1.2375782803523987,1.2375782803523987,0.9499473669630334,1.2375782803523987,2.3799999999999994,15.4,14.430869689661812,hard,0.22874337022183605,0.30658682839328233,0.3707246007169725,0.3387404120849425
0.0,0.0,17.6466942346538,0.30060186229787933,1.5156005688189749,1.2375782803523987,1.2375782803523987,0.9499473669630334,1.2375782803523987,2.3799999999999994,17.5,14.430869689661812,hard,0.22873503409713197,0.3065088080573156,0.37056402424683943,0.3387404120849425
0.0,0.0,15.015399556465097,0.30051695617468144,1.518145009149234,1.2375782803523987,1.2375782803523987,0.9499473669630334,1.2375782803523987,2.3799999999999994,14.839999999999996,14.430869689661812,hard,0.22873503409713197,0.30650615715951873,0.37042249175036995,0.3387404120849425
0.0,0.0,10.685651606723802,0.3004673423630476,1.5210055055090888,1.2375782803523987,1.2375782803523987,0.9499473669630334,1.2375782803523987,2.3799999999999994,9.8,14.430869689661812,hard,0.22873503409713197,0.3065287848848124,0.3703364927181037,0.3387404120849425
0.0,0.0,14.554336151695933,0.3004032904191613,1.5240548708241486,1.2375782803523987,1.2375782803523987,0.9499473669630334,1.2375782803523987,2.3799999999999994,14.7,14.430869689661812,hard,0.22870242266567462,0.3065726274928793,0.37024601313178984,0.3387404120849425
0.0,0.0,10.154357528193254,0.30036670926138204,1.527565781274316,1.2375782803523987,1.2375782803523987,0.9499473669630334,1.2375782803523987,2.3799999999999994,9.940000000000003,14.430869689661812,hard,0.22870242266567462,0.3066224034465334,0.37018624786571996,0.3387404120849425
0.0,0.0,16.365439160085494,0.3003094053518678,1.5314149891126967,1.2375782803523987,1.2375782803523987,0.9499473669630334,1.2375782803523987,2.3799999999999994,16.240000000000002,14.430869689661812,hard,0.22865753209592107,0.3067055924954675,0.3701441279318289,0.3387404120849425
0.0,0.0,18.471510539664074,0.30025919606651685,1.5356904340669766,1.2375782803523987,1.2375782803523987,0.9499473669630334,1.2375782803523987,2.3799999999999994,17.5,14.430869689661812,hard,0.22865753209592107,0.30693666997131275,0.3700929724056305,0.3387404120849425
0.0,0.0,27.51235746270942,0.30020953820399104,1.5403192230367941,1.2375782803523987,1.2375782803523987,0.9499473669630334,1.2375782803523987,2.3799999999999994,27.860000000000003,14.430869689661812,hard,0.22867983098249553,0.30721923574357607,0.37006787645274986,0.3387404120849425
0.0,0.0,17.822753828335014,0.3001943823096524,1.5451378981523733,1.2375782803523987,1.2375782803523987,0.9499473669630334,1.2375782803523987,2.3799999999999994,17.639999999999997,14.430869689661812,hard,0.2286958418835383,0.3075246195977899,0.37006396984462275,0.3387404120849425
0.0,0.0,11.705296803566732,0.3001918689985788,1.5503974858081495,1.2375782803523987,1.2375782803523987,0.9499473669630334,1.2375782803523987,2.3799999999999994,11.339999999999996,14.430869689661812,hard,0.22872462783818187,0.3077132411763695,0.37006838764970384,0.3387404120849425
0.0,0.0,10.483600204041553,0.30019352668596777,1.5560034037367192,1.2375782803523987,1.2375782803523987,0.9499473669630334,1.2375782803523987,2.3799999999999994,9.8,14.430869689661812,hard,0.2287902420457948,0.3078500189830545,0.37007493677853864,0.3387404120849425
0.0,0.0,19.312048768047617,0.30020695540189757,1.5618454570090676,1.2375782803523987,1.2375782803523987,0.9499473669630334,1.2375782803523987,2.3799999999999994,19.180000000000003,14.430869689661812,hard,0.22894835783814707,0.308182431274676,0.3700862316765016,0.3387404120849425
0.0,0.0,11.91348948850014,0.3002189407377484,1.5678902520259008,1.2375782803523987,1.2375782803523987,0.9499473669630334,1.2375782803523987,2.3799999999999994,10.360000000000001,14.430869689661812,hard,0.22901706719592463,0.30838979129013144,0.37009803654632567,0.3387404120849425
0.0,0.0,12.354548426577324,0.3002390459096227,1.573583723495076,1.2375782803523987,1.2375782803523987,0.9499473669630334,1.2375782803523987,2.3799999999999994,12.040000000000003,14.430869689661812,hard,0.22915072085478588,0.30859243583950874,0.3701182706701101,0.3387404120849425
0.0,0.0,12.970095118173779,0.3002642990896643,1.5748809887598563,1.2375782803523987,1.2375782803523987,0.9499473669630334,1.2375782803523987,2.3799999999999994,13.020000000000001,14.430869689661812,hard,0.22929376700601764,0.3087878907305317,0.37014758415420695,0.3387404120849425
0.0,0.0,11.40247417351182,0.30029353650485835,1.575765776810161,1.2375782803523987,1.2375782803523987,0.9499473669630334,1.2375782803523987,2.3799999999999994,11.06,14.430869689661812,hard,0.22948649367694515,0.30892001132686203,0.37018304224421245,0.3387404120849425
0.0,0.0,21.097795158504365,0.30034780873630473,1.5767595991170666,1.2375782803523987,1.2375782803523987,0.9499473669630334,1.2375782803523987,2.3799999999999994,15.959999999999996,14.430869689661812,hard,0.22977009030131795,0.30940637779462143,0.3702040672179202,0.3387404120849425
0.0,0.0,21.14679592522814,0.3004184767378196,1.57861079701676,1.2419339757008019,1.2419339757008019,0.9499473669630334,1.2419339757008019,2.3799999999999994,17.78,14.430869689661812,hard,0.22977009030131795,0.30940637779462143,0.3702267773600858,0.33812799574462205
0.0,0.0,0.8796156512764812,0.3004184767378196,1.57861079701676,1.2419339757008019,1.2419339757008019,0.9499473669630334,1.2419339757008019,2.3799999999999994,0.0,14.430869689661812,hard,0.22977009030131795,0.30940637779462143,0.3702267773600858,0.33812799574462205
0.0,0.0,6.654501785364782,0.3004184767378196,1.4988085696889386,1.2419339757008019,1.2419339757008019,1.1906300852909772,1.2419339757008019,2.3799999999999994,0.0,14.430869689661812,hard,0.22977009030131795,0.30940637779462143,0.3702267773600858,0.33812799574462205
0.0,0.0,3.7684967287414732,0.3004184767378196,1.5025199205610356,1.2419339757008019,1.2419339757008019,1.1906300852909772,1.2419339757008019,2.3799999999999994,0.0,14.430869689661812,hard,0.22977009030131795,0.30940637779462143,0.3702267773600858,0.33812799574462205
0.0,0.0,0.7234239042189793,0.3004184767378196,1.5063871402631668,1.2419339757008019,1.2419339757008019,1.1906300852909772,1.2419339757008019,2.3799999999999994,0.0,14.430869689661812,hard,0.22977009030131795,0.30940637779462143,0.3702267773600858,0.33812799574462205
0.0,0.0,0.9792891736089081,0.3004184767378196,1.5107107942665698,1.2419339757008019,1.2419339757008019,1.1906300852909772,1.2419339757008019,2.3799999999999994,0.0,14.430869689661812,hard,0.22977009030131795,0.30940637779462143,0.3702267773600858,0.33812799574462205
0.0,0.0,0.660383535815693,0.3004184767378196,1.5151399858788663,1.2419339757008019,1.2419339757008019,1.1906300852909772,1.2419339757008019,2.3799999999999994,0.0,14.430869689661812,hard,0.22977009030131795,0.30940637779462143,0.3702267773600858,0.33812799574462205
0.0,0.0,7.479216398538453,0.3004184767378196,1.5200228197883086,1.2419339757008019,1.2419339757008019,1.1906300852909772,1.2419339757008019,2.3799999999999994,0.0,14.430869689661812,hard,0.22977009030131795,0.30940637779462143,0.3702267773600858,0.33812799574462205
0.0,0.0,0.8179430660082383,0.3004184767378196,1.5251481784136987,1.2419339757008019,1.2419339757008019,1.1906300852909772,1.2419339757008019,2.3799999999999994,0.0,14.430869689661812,hard,0.22977009030131795,0.30940637779462143,0.3702267773600858,0.33812799574462205
0.0,0.0,0.8969603100918542,0.3004184767378196,1.530511403462661,1.2419339757008019,1.2419339757008019,1.1906300852909772,1.2419339757008019,2.3799999999999994,0.0,14.430869689661812,hard,0.22977009030131795,0.30940637779462143,0.3702267773600858,0.33812799574462205
0.0,0.0,0.8234665347674949,0.3004184767378196,1.5364529854296796,1.2419339757008019,1.2419339757008019,1.1906300852909772,1.2419339757008019,2.3799999999999994,0.0,14.430869689661812,hard,0.22977009030131795,0.30940637779462143,0.3702267773600858,0.33812799574462205
0.0,0.0,0.8797817950466078,0.3004184767378196,1.542198207016927,1.2419339757008019,1.2419339757008019,1.1906300852909772,1.2419339757008019,2.3799999999999994,0.0,14.430869689661812,hard,0.22977009030131795,0.30940637779462143,0.3702267773600858,0.33812799574462205
0.0,0.0,0.7102533663000542,0.3004184767378196,1.5482402683628043,1.2419339757008019,1.2419339757008019,1.1906300852909772,1.2419339757008019,2.3799999999999994,0.0,14.430869689661812,hard,0.22977009030131795,0.30940637779462143,0.3702267773600858,0.33812799574462205
0.0,0.0,0.9751729936336688,0.3004184767378196,1.5548075532643306,1.2419339757008019,1.2419339757008019,1.1906300852909772,1.2419339757008019,2.3799999999999994,0.0,14.430869689661812,hard,0.22977009030131795,0.30940637779462143,0.3702267773600858,0.33812799574462205
0.0,0.0,0.7455493426430423,0.3004184767378196,1.5614573085869976,1.2419339757008019,1.2419339757008019,1.1906300852909772,1.2419339757008019,2.3799999999999994,0.0,14.430869689661812,hard,0.22977009030131795,0.30940637779462143,0.3702267773600858,0.33812799574462205
0.0,0.0,0.9188520639304681,0.3004184767378196,1.5688757847128647,1.2419339757008019,1.2419339757008019,1.1906300852909772,1.2419339757008019,2.3799999999999994,0.0,14.430869689661812,hard,0.22977009030131795,0.30940637779462143,0.3702267773600858,0.33812799574462205
0.0,0.0,0.8114037439877245,0.3004184767378196,1.5764120907652752,1.2419339757008019,1.2419339757008019,1.1906300852909772,1.2419339757008019,2.3799999999999994,0.0,14.430869689661812,hard,0.22977009030131795,0.30940637779462143,0.3702267773600858,0.33812799574462205
0.0,0.0,0.9079982768667848,0.3004184767378196,1.57861079701676,1.2419339757008019,1.2419339757008019,1.1906300852909772,1.2419339757008019,2.3799999999999994,0.0,14.430869689661812,hard,0.22977009030131795,0.30940637779462143,0.3702267773600858,0.33812799574462205
0.0,0.0,0.770419104879115,0.3004184767378196,1.57861079701676,1.2419339757008019,1.2419339757008019,1.1906300852909772,1.2419339757008019,2.3799999999999994,0.0,14.430869689661812,hard,0.22977009030131795,0.30940637779462143,0.3702267773600858,0.33812799574462205
0.0,0.0,0.8979794708004522,0.3004184767378196,1.57861079701676,1.2419339757008019,1.2419339757008019,1.1906300852909772,1.2419339757008019,2.3799999999999994,0.0,14.430869689661812,hard,0.22977009030131795,0.30940637779462143,0.3702267773600858,0.33812799574462205
0.0,0.0,6.069596799512083,0.3004184767378196,1.57861079701676,1.2419339757008019,1.2419339757008019,1.1906300852909772,1.2419339757008019,2.3799999999999994,0.0,14.430869689661812,hard,0.22977009030131795,0.30940637779462143,0.3702267773600858,0.33812799574462205
0.0,0.0,33.893244403051234,0.30057898809051375,1.5821185155348767,1.2619033243477886,1.2619033243477886,1.1906300852909772,1.2619033243477886,2.3799999999999994,30.659999999999997,14.430869689661812,hard,0.22977009030131795,0.30940637779462143,0.3703655939428864,0.3374845374879366
0.0,0.0,25.41241617706195,0.3007284130991024,1.5045575665965099,1.2619033243477886,1.2619033243477886,1.4422205101855956,1.2619033243477886,2.3799999999999994,24.639999999999997,14.430869689661812,hard,0.22977009030131795,0.30940637779462143,0.37043612358646383,0.3371582204286072
0.0,0.0,14.528401000132494,0.3008278494229332,1.510157378311137,1.2619033243477886,1.2619033243477886,1.4422205101855956,1.2619033243477886,2.3799999999999994,14.0,14.430869689661812,hard,0.22977009030131795,0.30940637779462143,0.3705283019603364,0.3370818703936952
0.0,0.0,9.911095554570732,0.30087287048485184,1.5158876818876126,1.2619033243477886,1.2619033243477886,1.4422205101855956,1.2619033243477886,2.3799999999999994,6.580000000000001,14.430869689661812,hard,0.22977009030131795,0.30940637779462143,0.3705391692163319,0.33706234278504044
0.0,0.0,19.551987962515753,0.30103312309850006,1.5222258010740282,1.2619033243477886,1.2619033243477886,1.4422205101855956,1.2619033243477886,2.3799999999999994,19.180000000000003,14.430869689661812,hard,0.22977009030131795,0.30940637779462143,0.37089897546324946,0.3370611091525723
0.0,0.0,8.405051860815737,0.30109860251080894,1.5289953861304313,1.2619033243477886,1.2619033243477886,1.4422205101855956,1.2619033243477886,2.3799999999999994,8.120000000000001,14.430869689661812,hard,0.22977009030131795,0.30940637779462143,0.37102385691184714,0.337070640817327
0.0,0.0,24.4934460527775,0.301342303842642,1.5361121410523562,1.2619033243477886,1.2619033243477886,1.4422205101855956,1.2619033243477886,2.3799999999999994,24.779999999999994,14.430869689661812,hard,0.22977009030131795,0.30940637779462143,0.3710975680173232,0.3373156103892274
0.0,0.0,16.65219207408645,0.30151405525286723,1.5422554762931193,1.2619033243477886,1.2619033243477886,1.4422205101855956,1.2619033243477886,2.3799999999999994,15.959999999999996,14.430869689661812,hard,0.22977009030131795,0.30940637779462143,0.3711739891457755,0.33761982938679297
0.0,0.0,7.361776435097509,0.3015888329156929,1.5477531412356258,1.2619033243477886,1.2619033243477886,1.4422205101855956,1.2619033243477886,2.3799999999999994,6.720000000000001,14.430869689661812,hard,0.22977009030131795,0.30940637779462143,0.37118512757934646,0.33779762740960756
0.0,0.0,7.580800759238306,0.3016638841081908,1.5535816280085903,1.2619033243477886,1.2619033243477886,1.4422205101855956,1.2619033243477886,2.3799999999999994,6.580000000000001,14.430869689661812,hard,0.22977009030131795,0.30940637779462143,0.3712075702441629,0.3379845235511684
0.0,0.0,15.549865068242038,0.30185909466537153,1.5596382787925869,1.2619033243477886,1.2619033243477886,1.4422205101855956,1.2619033243477886,2.3799999999999994,15.397779060630794,14.430869689661812,hard,0.22977009030131795,0.30940637779462143,0.37126464382429897,0.33854015782051705
0.0,0.0,16.510559593040742,0.30204052677980475,1.5662308341184321,1.2619033243477886,1.2619033243477886,1.4422205101855956,1.2619033243477886,2.3799999999999994,13.580000000000002,14.430869689661812,hard,0.22977009030131795,0.30940637779462143,0.37126464382429897,0.33920167481030633
0.0,0.0,9.102854613189836,0.302169365247792,1.5728023479277313,1.2619033243477886,1.2619033243477886,1.4422205101855956,1.2619033243477886,2.3799999999999994,9.8,14.430869689661812,hard,0.22977009030131795,0.30940637779462143,0.37126464382429897,0.3397210227001888
0.0,0.0,4.003628921642972,0.3022125766386947,1.579712420973111,1.2619033243477886,1.2619033243477886,1.4422205101855956,1.2619033243477886,2.3799999999999994,3.2199999999999998,14.430869689661812,hard,0.22977009030131795,0.30940637779462143,0.37126464382429897,0.33990355515366316
0.0,0.0,6.051480286316768,0.30229194367238443,1.5870306600228585,1.2619033243477886,1.2619033243477886,1.4422205101855956,1.2619033243477886,2.3799999999999994,5.739999999999998,14.430869689661812,hard,0.22977009030131795,0.30940637779462143,0.37126464382429897,0.34024902940539503
0.0,0.0,5.608318228143574,0.3023706754625939,1.5935950720953576,1.2619033243477886,1.2619033243477886,1.4422205101855956,1.2619033243477886,2.3799999999999994,5.600000000000001,14.430869689661812,hard,0.22977009030131795,0.30940637779462143,0.37126464382429897,0.34060414943080053
0.0,0.0,7.528829397493218,0.30247055614251495,1.5935950720953576,1.2619033243477886,1.2619033243477886,1.4422205101855956,1.2619033243477886,2.3799999999999994,7.419999999999998,14.430869689661812,hard,0.22977009030131795,0.30940637779462143,0.37126464382429897,0.34107134166500225
0.0,0.0,4.013022859257546,0.3025191074133388,1.5935950720953576,1.2619033243477886,1.2619033243477886,1.4422205101855956,1.2619033243477886,2.3799999999999994,4.0600000000000005,14.430869689661812,hard,0.22977009030131795,0.30940637779462143,0.3712704271369622,0.3412940637582078
0.0,0.0,9.1063404393465,0.3026586543696737,1.5935950720953576,1.2619033243477886,1.2619033243477886,1.4422205101855956,1.2619033243477886,2.3799999999999994,9.8,14.430869689661812,hard,0.22977009030131795,0.30940637779462143,0.37128203518374814,0.3419628863071302
0.0,0.0,11.079936181881832,0.30284227609407693,1.5935950720953576,1.2619033243477886,1.2619033243477886,1.4422205101855956,1.2619033243477886,2.3799999999999994,11.620000000000003,14.430869689661812,hard,0.22977009030131795,0.30940637779462143,0.3714256377345913,0.3426180473342378
0.0,0.0,12.573940339741998,0.3030421986342441,1.5935950720953576,1.2619033243477886,1.2619033243477886,1.4422205101855956,1.2619033243477886,2.3799999999999994,12.319999999999999,14.430869689661812,hard,0.22977009030131795,0.30940637779462143,0.3716692492117464,0.3431838564797795
0.0,0.0,12.323078674180412,0.30321637616882813,1.5155851042816941,1.2619033243477886,1.2619033243477886,1.6998823488700623,1.2619033243477886,2.3799999999999994,10.5,14.430869689661812,hard,0.22977009030131795,0.30940637779462143,0.37188270607339335,0.3436957859954424
0.0,0.0,11.68968686939425,0.3034190561001138,1.5191463071251885,1.2619033243477886,1.2619033243477886,1.6998823488700623,1.2619033243477886,2.3799999999999994,12.180000000000003,14.430869689661812,hard,0.22977009030131795,0.30940637779462143,0.37221605037138483,0.34415834593845523
0.0,0.0,9.106437935114789,0.30359066632903303,1.5231277043817812,1.2619033243477886,1.2619033243477886,1.6998823488700623,1.2619033243477886,2.3799999999999994,9.8,14.430869689661812,hard,0.22977009030131795,0.30940637779462143,0.3724455796048821,0.34466455569916454
0.0,0.0,10.706383912512301,0.30374475102818527,1.527263429686704,1.2619033243477886,1.2619033243477886,1.6998823488700623,1.2619033243477886,2.3799999999999994,8.260000000000002,14.430869689661812,hard,0.22977009030131795,0.30940637779462143,0.37270365747510437,0.3450406272126141
0.0,0.0,10.004276632645736,0.3039161606554879,1.531817932458182,1.2619033243477886,1.2619033243477886,1.6998823488700623,1.2619033243477886,2.3799999999999994,9.660000000000004,14.430869689661812,hard,0.22977009030131795,0.30940637779462143,0.3729838178865607,0.34548543136043647
0.0,0.0,11.292996429404345,0.30411444939056587,1.5367597982576198,1.2619033243477886,1.2619033243477886,1.6998823488700623,1.2619033243477886,2.3799999999999994,10.640000000000002,14.430869689661812,hard,0.22977009030131795,0.30940637779462143,0.3732873380888755,0.3460500068483252
0.0,0.0,7.914781929464735,0.304256251391649,1.5419431827541121,1.2619033243477886,1.2619033243477886,1.6998823488700623,1.2619033243477886,2.3799999999999994,7.5600000000000005,14.430869689661812,hard,0.22977009030131795,0.30940637779462143,0.37343019452159243,0.34658430128529644
0.0,0.0,12.005007973292129,0.3044481616602051,1.5473474983189717,1.2619033243477886,1.2619033243477886,1.6998823488700623,1.2619033243477886,2.3799999999999994,9.380000000000004,14.430869689661812,hard,0.22977009030131795,0.30940637779462143,0.3736651136949782,0.3472482356574352
0.0,0.0,12.458808305736035,0.30468417168695866,1.5530199465829457,1.2619033243477886,1.2619033243477886,1.6998823488700623,1.2619033243477886,2.3799999999999994,11.76,14.430869689661812,hard,0.22977009030131795,0.30940637779462143,0.3738873096702559,0.3481895514300969
0.0,0.0,8.986439183034495,0.3048543314272752,1.5591279715131479,1.2619033243477886,1.2619033243477886,1.6998823488700623,1.2619033243477886,2.3799999999999994,8.819999999999999,14.430869689661812,hard,0.22977009030131795,0.30940637779462143,0.3739593811762679,0.34902785772574235
0.0,0.0,5.4956563321053284,0.30493899526022133,1.5655656859332658,1.2619033243477886,1.2619033243477886,1.6998823488700623,1.2619033243477886,2.3799999999999994,4.620000000000001,14.430869689661812,hard,0.22977009030131795,0.30940637779462143,0.3739593811762679,0.34951208533034417
0.0,0.0,5.317882353350167,0.30501170306902986,1.572237999668994,1.2619033243477886,1.2619033243477886,1.6998823488700623,1.2619033243477886,2.3799999999999994,3.7800000000000002,14.430869689661812,hard,0.22977009030131795,0.30940637779462143,0.37398009465684523,0.3498949878663592
0.0,0.0,5.382436055178003,0.3051233802434782,1.5793297474406238,1.2619033243477886,1.2619033243477886,1.6998823488700623,1.2619033243477886,2.3799999999999994,6.020000000000001,14.430869689661812,hard,0.22977009030131795,0.30940637779462143,0.37421150743773923,0.3501347682390221
0.0,0.0,4.5019099657112225,0.30519421605608166,1.586877693457271,1.2619033243477886,1.2619033243477886,1.6998823488700623,1.2619033243477886,2.3799999999999994,4.340000000000001,14.430869689661812,hard,0.22977009030131795,0.30940637779462143,0.3742865080213967,0.3504140399950182
0.0,0.0,6.025715219644591,0.30532099916203237,1.5928340461233392,1.2619033243477886,1.2619033243477886,1.6998823488700623,1.2619033243477886,2.3799999999999994,6.4399999999999995,14.430869689661812,hard,0.22977009030131795,0.30940637779462143,0.374515470187828,0.35075283721513384
0.0,0.0,10.603494707034999,0.30544932850801815,1.5935950720953576,1.2619033243477886,1.2619033243477886,1.6998823488700623,1.2619033243477886,2.3799999999999994,7.139999999999999,14.430869689661812,hard,0.22977009030131795,0.30940637779462143,0.37470516586689867,0.3511723453411793
0.0,0.0,5.467449851393782,0.30554909434181965,1.5935950720953576,1.2619033243477886,1.2619033243477886,1.6998823488700623,1.2619033243477886,2.3799999999999994,5.320000000000001,14.430869689661812,hard,0.22977009030131795,0.30940637779462143,0.3747390446781533,0.3516953190034075
0.0,0.0,13.250780965756633,0.30582301941192275,1.5935950720953576,1.2619033243477886,1.2619033243477886,1.6998823488700623,1.2619033243477886,2.3799999999999994,13.160000000000002,14.430869689661812,hard,0.22977009030131795,0.30940637779462143,0.37553931363186127,0.3519503028860954
0.0,0.0,5.874536317017256,0.3059296120421272,1.5935950720953576,1.2619033243477886,1.2619033243477886,1.6998823488700623,1.2619033243477886,2.3799999999999994,5.320000000000001,14.430869689661812,hard,0.22977009030131795,0.30940637779462143,0.3757614926195453,0.3522073488148147
0.0,0.0,14.327694681559615,0.3059197668771014,1.5917702825985804,1.2619033243477886,1.2619033243477886,1.6998823488700623,1.2619033243477886,2.3799999999999994,13.776516250489456,14.430869689661812,hard,0.2292831690317138,0.30911429006153696,0.3762966776451748,0.35228685402174625
0.0,0.0,19.614203196035824,0.30575908323019946,1.5121066386995796,1.2619033243477886,1.2619033243477886,1.9612241075410017,1.2619033243477886,2.3799999999999994,18.571763513463118,14.430869689661812,hard,0.22859603391065883,0.3086704226625476,0.37665308448147183,0.35232667963264214
0.0,0.0,18.373183165121613,0.3055242781491566,1.513856565750863,1.2619033243477886,1.2619033243477886,1.9612241075410017,1.2619033243477886,2.3799999999999994,18.196274343941948,14.430869689661812,hard,0.22801745211932695,0.3083047740715989,0.3766798688176573,0.35232667963264214
0.0,0.0,15.46595601373844,0.3053311047502163,1.5159965749125819,1.2619033243477886,1.2619033243477886,1.9612241075410017,1.2619033243477886,2.3799999999999994,15.256854197376338,14.430869689661812,hard,0.22761766757671875,0.3080380749277682,0.3766798688176573,0.35232667963264214
0.0,0.0,10.511046605265841,0.3052222247560401,1.5186014740470528,1.2619033243477886,1.2619033243477886,1.9612241075410017,1.2619033243477886,2.3799999999999994,10.359942084780204,14.430869689661812,hard,0.2274417123778839,0.3078703706443771,0.3766798688176573,0.35232667963264214
0.0,0.0,6.510592201386669,0.3051478686631139,1.5216806949165718,1.2619033243477886,1.2619033243477886,1.9612241075410017,1.2619033243477886,2.3799999999999994,6.86,14.430869689661812,hard,0.22735066402311735,0.30773204640340757,0.3766798688176573,0.35232667963264214
0.0,0.0,7.634752011906902,0.30507161676697203,1.5251868199149616,1.2619033243477886,1.2619033243477886,1.9612241075410017,1.2619033243477886,2.3799999999999994,7.14,14.430869689661812,hard,0.2272564990253348,0.3076134050567272,0.3766798688176573,0.35232667963264214
0.0,0.0,6.971929303878293,0.3049972326885762,1.5290568122661838,1.2619033243477886,1.2619033243477886,1.9612241075410017,1.2619033243477886,2.3799999999999994,7.28,14.430869689661812,hard,0.22718066495771358,0.30749306438195334,0.3766798688176573,0.35232667963264214
0.0,0.0,4.7323396140008445,0.30495901549308185,1.5324629677934714,1.2619033243477886,1.2619033243477886,1.9612241075410017,1.2619033243477886,2.3799999999999994,4.0600000000000005,14.430869689661812,hard,0.2271559084794128,0.30740953245850833,0.3766798688176573,0.35232667963264214
0.0,0.0,10.391432520428395,0.3048707237775945,1.536994384733295,1.2619033243477886,1.2619033243477886,1.9612241075410017,1.2619033243477886,2.3799999999999994,7.84,14.430869689661812,hard,0.22708980697084127,0.3072686991588244,0.3766798688176573,0.35232667963264214
0.0,0.0,13.977421871955144,0.30472154459122186,1.5422504281957645,1.2619033243477886,1.2619033243477886,1.9612241075410017,1.2619033243477886,2.3799999999999994,13.44,14.430869689661812,hard,0.22702356806654572,0.30704496735804865,0.3766798688176573,0.35232667963264214
0.0,0.0,23.791086187482218,0.30448493285825845,1.5475353192473302,1.2619033243477886,1.2619033243477886,1.9612241075410017,1.2619033243477886,2.3799999999999994,23.8,14.430869689661812,hard,0.22709068503599483,0.3067770559533902,0.3766798688176573,0.35232667963264214
0.0,0.0,14.370813253718588,0.3043721103079862,1.5533597652927522,1.2619033243477886,1.2619033243477886,1.9612241075410017,1.2619033243477886,2.3799999999999994,14.140000000000002,14.430869689661812,hard,0.22720883965267888,0.3066328010050173,0.3766798688176573,0.35232667963264214
0.0,0.0,11.219849876397472,0.30430895170340677,1.5596796393762737,1.2619033243477886,1.2619033243477886,1.9612241075410017,1.2619033243477886,2.3799999999999994,7.9799999999999995,14.430869689661812,hard,0.2272977290234829,0.3065521174419791,0.3766798688176573,0.35232667963264214
0.0,0.0,9.828035231982318,0.30423990702331555,1.565933539212654,1.2619033243477886,1.2619033243477886,1.9612241075410017,1.2619033243477886,2.3799999999999994,8.959999999999999,14.430869689661812,hard,0.2273903127167678,0.3064520034471609,0.3766798688176573,0.35232667963264214
0.0,0.0,9.630081350711553,0.3041696457468142,1.5724901174967731,1.2619033243477886,1.2619033243477886,1.9612241075410017,1.2619033243477886,2.3799999999999994,9.8,14.430869689661812,hard,0.22747666133750294,0.30635333620899124,0.3766798688176573,0.35232667963264214
0.0,0.0,11.77583805579481,0.3040914715640943,1.5737400959592507,1.2619033243477886,1.2619033243477886,1.9612241075410017,1.2619033243477886,2.3799999999999994,11.620000000000001,14.430869689661812,hard,0.22762564263565468,0.30628183701926454,0.3766798688176573,0.35232667963264214
0.0,0.0,35.594611827677355,0.30390024822738154,1.573189961042171,1.2496399481450646,1.2496399481450646,1.9612241075410017,1.2496399481450646,2.3799999999999994,32.059999999999995,14.430869689661812,hard,0.22763668183177876,0.3062313372883833,0.37566030023220315,0.35232667963264214
0.0,0.0,10.045827269583524,0.30385280437502815,1.573172921208848,1.2496399481450646,1.2496399481450646,1.9612241075410017,1.2496399481450646,2.3799999999999994,10.64,14.430869689661812,hard,0.22767039086963056,0.30622857779901674,0.37546452507518113,0.35232667963264214
0.0,0.0,8.714121296608848,0.30381114462647146,1.5732472256614676,1.2496399481450646,1.2496399481450646,1.9612241075410017,1.2496399481450646,2.3799999999999994,8.540000000000001,14.430869689661812,hard,0.22773449387026168,0.30623506109226006,0.3753509268191493,0.35232667963264214
0.0,0.0,27.331871650721887,0.3036958847833875,1.573433143978478,1.2496399481450646,1.2496399481450646,1.9612241075410017,1.2496399481450646,2.3799999999999994,27.580000000000002,14.430869689661812,hard,0.22789125479269354,0.30637820237396085,0.3750597686634042,0.35232667963264214
0.0,0.0,19.280198960682483,0.3036519482865565,1.4973201255179733,1.2496399481450646,1.2496399481450646,2.224949437627741,1.2496399481450646,2.3799999999999994,15.259999999999998,14.430869689661812,hard,0.2279788397195982,0.3065059483871327,0.37491177055633523,0.35232667963264214
0.0,0.0,21.09872928475648,0.30360729992888036,1.5011391839328763,1.2496399481450646,1.2496399481450646,2.224949437627741,1.2496399481450646,2.3799999999999994,20.86,14.430869689661812,hard,0.22830601825827562,0.30664597781982245,0.3747502371006552,0.35232667963264214
0.0,0.0,17.852965389452812,0.3035792629269265,1.5054946213076552,1.2496399481450646,1.2496399481450646,2.224949437627741,1.2496399481450646,2.3799999999999994,18.480000000000004,14.430869689661812,hard,0.22856494208188188,0.3068460504135372,0.3746025006324723,0.35232667963264214
0.0,0.0,16.26096668392115,0.30356714882754743,1.5101234022003025,1.2496399481450646,1.2496399481450646,2.224949437627741,1.2496399481450646,2.3799999999999994,16.66,14.430869689661812,hard,0.22881892131180545,0.30702164087177736,0.3744963357288777,0.35232667963264214
0.0,0.0,13.301884594367456,0.303564305552626,1.5154428299494864,1.2496399481450646,1.2496399481450646,2.224949437627741,1.2496399481450646,2.3799999999999994,13.16,14.430869689661812,hard,0.22902189403931775,0.3071903513321317,0.374414201970174,0.35232667963264214
0.0,0.0,10.192218971254336,0.30356700668683156,1.5211551675447326,1.2496399481450646,1.2496399481450646,2.224949437627741,1.2496399481450646,2.3799999999999994,10.360000000000001,14.430869689661812,hard,0.2292669298932751,0.30729573581302594,0.3743465311389023,0.35232667963264214
0.0,0.0,9.04614112120365,0.30357191147065116,1.5273604097897038,1.2496399481450646,1.2496399481450646,2.224949437627741,1.2496399481450646,2.3799999999999994,8.540000000000001,14.430869689661812,hard,0.22966052277546636,0.3073259762284113,0.3743282673376918,0.35232667963264214
0.0,0.0,18.52861416762494,0.30359423930853424,1.5339218559769139,1.2496399481450646,1.2496399481450646,2.224949437627741,1.2496399481450646,2.3799999999999994,18.76,14.430869689661812,hard,0.23012200912429404,0.3073752348210871,0.3741822540079464,0.35232667963264214
0.0,0.0,5.958632820809685,0.30360524652296556,1.540714420328207,1.2496399481450646,1.2496399481450646,2.224949437627741,1.2496399481450646,2.3799999999999994,6.4399999999999995,14.430869689661812,hard,0.23015901385741674,0.3075965720314475,0.37417748505184595,0.35232667963264214
0.0,0.0,9.368794565094566,0.3036242600033292,1.5479515355589655,1.2496399481450646,1.2496399481450646,2.224949437627741,1.2496399481450646,2.3799999999999994,9.240000000000002,14.430869689661812,hard,0.23029653312702628,0.3078372869770021,0.3741582341352489,0.35232667963264214
0.0,0.0,16.097780128331735,0.30365376421896306,1.5553056982147657,1.2496399481450646,1.2496399481450646,2.224949437627741,1.2496399481450646,2.3799999999999994,11.620000000000001,14.430869689661812,hard,0.23054084696396243,0.3081132321529057,0.3741342335992062,0.35232667963264214
0.0,0.0,14.249302473542132,0.3036970372988889,1.563021451388943,1.2496399481450646,1.2496399481450646,2.224949437627741,1.2496399481450646,2.3799999999999994,14.140000000000002,14.430869689661812,hard,0.23087535747394364,0.30843656319258883,0.3741101371835166,0.35232667963264214
0.0,0.0,12.250430165359306,0.3037394903549369,1.5712492325818674,1.2496399481450646,1.2496399481450646,2.224949437627741,1.2496399481450646,2.3799999999999994,12.319999999999999,14.430869689661812,hard,0.23119614865724444,0.3086933868076293,0.374095967763988,0.35232667963264214
0.0,0.0,14.854312139703062,0.3037912955185336,1.5797019730796664,1.2496399481450646,1.2496399481450646,2.224949437627741,1.2496399481450646,2.3799999999999994,12.74,14.430869689661812,hard,0.23155894795503404,0.308973743500682,0.37408802285088444,0.35232667963264214
0.0,0.0,12.845224803060395,0.3038490105882524,1.5874708710198648,1.2496399481450646,1.2496399481450646,2.224949437627741,1.2496399481450646,2.3799999999999994,12.879999999999999,14.430869689661812,hard,0.23189031898461065,0.3092689858909961,0.3740882628026242,0.35232667963264214
0.0,0.0,12.351978688561053,0.30391065467510386,1.5895562285987586,1.2496399481450646,1.2496399481450646,2.224949437627741,1.2496399481450646,2.3799999999999994,12.040000000000001,14.430869689661812,hard,0.2322488167141231,0.3095473961543922,0.37409717031093326,0.35232667963264214
0.0,0.0,11.838297527860224,0.30396430780824313,1.5914099932054142,1.2496399481450646,1.2496399481450646,2.224949437627741,1.2496399481450646,2.3799999999999994,11.06,14.430869689661812,hard,0.23260321561749772,0.3096964796829872,0.3741137240167886,0.35232667963264214
0.0,0.0,29.71889003038636,0.3041240242014827,1.5935441596419735,1.2529964086141667,1.2529964086141667,2.224949437627741,1.2529964086141667,2.3799999999999994,25.48,14.430869689661812,hard,0.23260321561749772,0.3097613583553661,0.37420497105350314,0.3517682810372005
0.0,0.0,14.378686333888956,0.3042127112937962,1.5935441596419735,1.2529964086141667,1.2529964086141667,2.224949437627741,1.2529964086141667,2.3799999999999994,13.72,14.430869689661812,hard,0.23260321561749772,0.30979401930384687,0.37432407476449636,0.35164817971811285
0.0,0.0,13.507048950587585,0.3043269440502437,1.5935441596419735,1.2529964086141667,1.2529964086141667,2.224949437627741,1.2529964086141667,2.3799999999999994,13.72,14.430869689661812,hard,0.23260321561749772,0.30979401930384687,0.3744458175108892,0.351372547185076
0.0,0.0,17.37413182453162,0.3044670036606275,1.5200401035662565,1.2529964086141667,1.2529964086141667,2.490301186603741,1.2529964086141667,2.3799999999999994,15.68,14.430869689661812,hard,0.23260321561749772,0.3098158753164481,0.3746497744115676,0.35115460383600505
0.0,0.0,3.749461482719789,0.3044670036606275,1.523186016589147,1.2529964086141667,1.2529964086141667,2.490301186603741,1.2529964086141667,2.3799999999999994,0.0,14.430869689661812,hard,0.23260321561749772,0.3098158753164481,0.3746497744115676,0.35115460383600505
0.0,0.0,0.863068224557853,0.3044670036606275,1.52605449273807,1.2529964086141667,1.2529964086141667,2.490301186603741,1.2529964086141667,2.3799999999999994,0.0,14.430869689661812,hard,0.23260321561749772,0.3098158753164481,0.3746497744115676,0.35115460383600505
0.0,0.0,14.941656146810764,0.3046023533633802,1.529965699762302,1.2529964086141667,1.2529964086141667,2.490301186603741,1.2529964086141667,2.3799999999999994,14.42,14.430869689661812,hard,0.23260321561749772,0.30985978419179927,0.37491819813088206,0.35103342354701234
0.0,0.0,9.263385470238006,0.3046952163722703,1.5340776782852121,1.2529964086141667,1.2529964086141667,2.490301186603741,1.2529964086141667,2.3799999999999994,9.38,14.430869689661812,hard,0.23260321561749772,0.3099039554409765,0.37513489209091233,0.350976988749183
0.0,0.0,21.607093582218962,0.304909698523999,1.538600822496129,1.2529964086141667,1.2529964086141667,2.490301186603741,1.2529964086141667,2.3799999999999994,19.320000000000004,14.430869689661812,hard,0.23260321561749772,0.30992613942071906,0.3754667006429281,0.3507305661131158
0.0,0.0,14.811829623171395,0.30507549820109986,1.5437279538068265,1.2529964086141667,1.2529964086141667,2.490301186603741,1.2529964086141667,2.3799999999999994,14.42,14.430869689661812,hard,0.23260321561749772,0.30993725599322575,0.3758993507478385,0.3506545691051522
0.0,0.0,9.618285371119862,0.30517956579243494,1.5488617764036492,1.2529964086141667,1.2529964086141667,2.490301186603741,1.2529964086141667,2.3799999999999994,9.1,14.430869689661812,hard,0.23260321561749772,0.3099483889518058,0.37618248773307766,0.35061385226174624
0.0,0.0,8.958056833565443,0.30528898663583426,1.5542044741475036,1.2529964086141667,1.2529964086141667,2.490301186603741,1.2529964086141667,2.3799999999999994,8.82,14.430869689661812,hard,0.23260321561749772,0.3099483889518058,0.376518259349605,0.3505813304749643
0.0,0.0,19.585972610914432,0.30554714586784826,1.5599595794043524,1.2529964086141667,1.2529964086141667,2.490301186603741,1.2529964086141667,2.3799999999999994,19.6,14.430869689661812,hard,0.23260321561749772,0.31019745611862276,0.37737561912431744,0.35056142310373123
0.0,0.0,14.955899242627773,0.3057600124826372,1.5657618265167037,1.2529964086141667,1.2529964086141667,2.490301186603741,1.2529964086141667,2.3799999999999994,15.540000000000001,14.430869689661812,hard,0.23260321561749772,0.31038356580035636,0.3778521035630271,0.35050151026916543
0.0,0.0,10.23723275578926,0.30587379233808315,1.5720023592288759,1.2529964086141667,1.2529964086141667,2.490301186603741,1.2529964086141667,2.3799999999999994,9.940000000000001,14.430869689661812,hard,0.23260321561749772,0.31057385223477635,0.37810743290782134,0.3504868740437832
0.0,0.0,14.852243801395154,0.3060889924959903,1.57844295254052,1.2529964086141667,1.2529964086141667,2.490301186603741,1.2529964086141667,2.3799999999999994,15.4,14.430869689661812,hard,0.23260321561749772,0.3108052316619292,0.3783817143307608,0.35044200709073065
0.0,0.0,17.19322291237171,0.30635485275147045,1.5854016691223898,1.2529964086141667,1.2529964086141667,2.490301186603741,1.2529964086141667,2.3799999999999994,16.66,14.430869689661812,hard,0.23260321561749772,0.3110551258523353,0.378664886889268,0.350437170071215
0.0,0.0,11.896855641972786,0.30653269115022763,1.5914480339970918,1.2529964086141667,1.2529964086141667,2.490301186603741,1.2529964086141667,2.3799999999999994,11.620000000000001,14.430869689661812,hard,0.23260321561749772,0.31119533247203435,0.3788774319530134,0.35046631667657013
0.0,0.0,11.404458989844034,0.3067107772754761,1.5935441596419735,1.2529964086141667,1.2529964086141667,2.490301186603741,1.2529964086141667,2.3799999999999994,11.34,14.430869689661812,hard,0.23260321561749772,0.31145527004318996,0.3791410503892206,0.350498286096767
0.0,0.0,11.184188058618648,0.30688071477883666,1.5935441596419735,1.2529964086141667,1.2529964086141667,2.490301186603741,1.2529964086141667,2.3799999999999994,10.5,14.430869689661812,hard,0.23260321561749772,0.3117216666435677,0.3793285170051746,0.35054415472596584
0.0,0.0,20.434557099968043,0.30722542220742477,1.5935441596419735,1.2529964086141667,1.2529964086141667,2.490301186603741,1.2529964086141667,2.3799999999999994,19.880000000000003,14.430869689661812,hard,0.23260321561749772,0.3123162132596669,0.3799358667914571,0.35061313459578586
0.0,0.0,25.91456647654038,0.3075955904112115,1.5935441596419735,1.2718490476467716,1.2718490476467716,2.490301186603741,1.2718490476467716,2.3799999999999994,21.56,14.430869689661812,hard,0.23260321561749772,0.3123162132596669,0.3807208006578245,0.35080352392328074
0.0,0.0,11.220724368331773,0.30777530635920763,1.5935441596419735,1.2718490476467716,1.2718490476467716,2.490301186603741,1.2718490476467716,2.3799999999999994,10.78,14.430869689661812,hard,0.23260321561749772,0.3123162132596669,0.3810563920640075,0.3509296347685513
0.0,0.0,10.200831148228072,0.3078922179726619,1.5000625898970856,1.2718490476467716,1.2718490476467716,2.754559855947951,1.2718490476467716,2.3799999999999994,6.4399999999999995,14.430869689661812,hard,0.23260321561749772,0.3123162132596669,0.3812478402077749,0.35102800135727297
0.0,0.0,4.277326799924018,0.3079771207780972,1.5043017651772062,1.2718490476467716,1.2718490476467716,2.754559855947951,1.2718490476467716,2.3799999999999994,4.199999999999999,14.430869689661812,hard,0.23260321561749772,0.3123162132596669,0.38134450959722455,0.35111745769682867
0.0,0.0,8.825262351555327,0.3080843838640354,1.5091031975267661,1.2718490476467716,1.2718490476467716,2.754559855947951,1.2718490476467716,2.3799999999999994,5.6000000000000005,14.430869689661812,hard,0.23260321561749772,0.3123162132596669,0.38144180856056387,0.3512464224051817
0.0,0.0,8.215374690876697,0.3082210155510447,1.5143500962453837,1.2718490476467716,1.2718490476467716,2.754559855947951,1.2718490476467716,2.3799999999999994,7.56,14.430869689661812,hard,0.23260321561749772,0.3123162132596669,0.38162417528853315,0.3514021082103028
0.0,0.0,5.27872748090669,0.3083026869487617,1.5198787027103442,1.2718490476467716,1.2718490476467716,2.754559855947951,1.2718490476467716,2.3799999999999994,4.9,14.430869689661812,hard,0.23260321561749772,0.3123162132596669,0.381694893418002,0.35151526799898
0.0,0.0,1.3419275189661992,0.3083374490374327,1.525569817072115,1.2718490476467716,1.2718490476467716,2.754559855947951,1.2718490476467716,2.3799999999999994,1.68,14.430869689661812,hard,0.23260321561749772,0.3123162132596669,0.38170907548890126,0.3515713361031462
0.0,0.0,4.5415267032701365,0.3083659830490732,1.5317826706952955,1.2718490476467716,1.2718490476467716,2.754559855947951,1.2718490476467716,2.3799999999999994,1.82,14.430869689661812,hard,0.23260321561749772,0.3123162132596669,0.38170907548890126,0.3516230005247418
0.0,0.0,1.748479991162215,0.3083818711640461,1.5383465610273137,1.2718490476467716,1.2718490476467716,2.754559855947951,1.2718490476467716,2.3799999999999994,1.4000000000000001,14.430869689661812,hard,0.23260321561749772,0.3123162132596669,0.38170907548890126,0.3516521952972929
0.0,0.0,1.2916194654455182,0.30839460010840597,1.545242691727093,1.2718490476467716,1.2718490476467716,2.754559855947951,1.2718490476467716,2.3799999999999994,0.7000000000000001,14.430869689661812,hard,0.23260321561749772,0.3123162132596669,0.38172327037147247,0.3516698809074465
0.0,0.0,1.6592733327800901,0.30839778490706227,1.5527566171113962,1.2718490476467716,1.2718490476467716,2.754559855947951,1.2718490476467716,2.3799999999999994,0.98,14.430869689661812,hard,0.23260321561749772,0.3123162132596669,0.3817374780642866,0.3516698809074465
0.0,0.0,7.6401174593364765,0.30839778490706227,1.5606816101743348,1.2718490476467716,1.2718490476467716,2.754559855947951,1.2718490476467716,2.3799999999999994,0.7000000000000001,14.430869689661812,hard,0.23260321561749772,0.3123162132596669,0.3817374780642866,0.3516698809074465
0.0,0.0,1.7414099959296403,0.3084105343510007,1.5688314810092907,1.2718490476467716,1.2718490476467716,2.754559855947951,1.2718490476467716,2.3799999999999994,0.84,14.430869689661812,hard,0.23260321561749772,0.3123162132596669,0.3817374780642866,0.35169365855246826
0.0,0.0,2.219529031518002,0.3084360824289668,1.5770626001188948,1.2718490476467716,1.2718490476467716,2.754559855947951,1.2718490476467716,2.3799999999999994,1.26,14.430869689661812,hard,0.23260321561749772,0.3123162132596669,0.3817374780642866,0.35174188852173266
0.0,0.0,3.4857767846845062,0.30850023947089694,1.5855358132143473,1.2718490476467716,1.2718490476467716,2.754559855947951,1.2718490476467716,2.3799999999999994,2.94,14.430869689661812,hard,0.23260321561749772,0.3123162132596669,0.3817374780642866,0.35186639689574883
0.0,0.0,5.927798001150842,0.3086134996837925,1.5933730719239703,1.2718490476467716,1.2718490476467716,2.754559855947951,1.2718490476467716,2.3799999999999994,5.46,14.430869689661812,hard,0.23260321561749772,0.3123162132596669,0.3817374780642866,0.35209779249688905
0.0,0.0,5.74602749047896,0.3087378865134937,1.5935441596419735,1.2718490476467716,1.2718490476467716,2.754559855947951,1.2718490476467716,2.3799999999999994,5.739999999999999,14.430869689661812,hard,0.23260321561749772,0.3123162132596669,0.3817374780642866,0.35236845031714276
0.0,0.0,5.795445537111498,0.3088537584386922,1.5935441596419735,1.2718490476467716,1.2718490476467716,2.754559855947951,1.2718490476467716,2.3799999999999994,5.180000000000001,14.430869689661812,hard,0.23260321561749772,0.3123162132596669,0.3817374780642866,0.352635595876219
0.0,0.0,7.227283373778122,0.3090147009170043,1.5935441596419735,1.2718490476467716,1.2718490476467716,2.754559855947951,1.2718490476467716,2.3799999999999994,7.0,14.430869689661812,hard,0.23260321561749772,0.3123162132596669,0.3818372904805057,0.3529702600373911
0.0,0.0,7.632199605464735,0.3091779907910599,1.5935441596419735,1.2718490476467716,1.2718490476467716,2.754559855947951,1.2718490476467716,2.3799999999999994,8.120000000000001,14.430869689661812,hard,0.23260321561749772,0.3123162132596669,0.3818516006036821,0.35338264993707524
0.0,0.0,5.790345317986589,0.30930199644058864,1.5935441596419735,1.2718490476467716,1.2718490476467716,2.754559855947951,1.2718490476467716,2.3799999999999994,5.46,14.430869689661812,hard,0.23260321561749772,0.3123162132596669,0.38188025924058977,0.35370006059400905
0.0,0.0,9.293063392201411,0.30939237506361716,1.5001535027766124,1.2718490476467716,1.2718490476467716,3.0254916955761093,1.2718490476467716,2.3799999999999994,4.199999999999999,14.430869689661812,hard,0.23260321561749772,0.3123162132596669,0.38192334315072357,0.35392384049013464
0.0,0.0,3.731450954698367,0.3094658741670993,1.5043932527142263,1.2718490476467716,1.2718490476467716,3.0254916955761093,1.2718490476467716,2.3799999999999994,3.5,14.430869689661812,hard,0.23260321561749772,0.3123162132596669,0.3819377300362692,0.3541243630464794
0.0,0.0,4.061554845290933,0.30956456878565397,1.5091324056227837,1.2718490476467716,1.2718490476467716,3.0254916955761093,1.2718490476467716,2.3799999999999994,4.340000000000001,14.430869689661812,hard,0.23260321561749772,0.3123162132596669,0.3819521297104908,0.3544038033200655
0.0,0.0,7.9705500632955415,0.3096711946720152,1.5140074491069668,1.2718490476467716,1.2718490476467716,3.0254916955761093,1.2718490476467716,2.3799999999999994,5.04,14.430869689661812,hard,0.23260321561749772,0.3123162132596669,0.3819521297104908,0.35472603631018174
0.0,0.0,3.361286917326845,0.30971410019676915,1.51953634876492,1.2718490476467716,1.2718490476467716,3.0254916955761093,1.2718490476467716,2.3799999999999994,3.0799999999999996,14.430869689661812,hard,0.23260321561749772,0.3123162132596669,0.3819521297104908,0.3548583836414835
0.0,0.0,10.401244040026391,0.3099526837089454,1.5252795406601978,1.2718490476467716,1.2718490476467716,3.0254916955761093,1.2718490476467716,2.3799999999999994,9.52,14.430869689661812,hard,0.23260321561749772,0.3123162132596669,0.3819521297104908,0.3556214559935801
0.0,0.0,16.336853986967423,0.31032255028546507,1.5305543040653689,1.2718490476467716,1.2718490476467716,3.0254916955761093,1.2718490476467716,2.3799999999999994,16.1,14.430869689661812,hard,0.23260321561749772,0.3123162132596669,0.3819521297104908,0.3568903372584648
0.0,0.0,9.479644250064904,0.3104808962539946,1.5370932378541338,1.2718490476467716,1.2718490476467716,3.0254916955761093,1.2718490476467716,2.3799999999999994,7.14,14.430869689661812,hard,0.23260321561749772,0.3123162132596669,0.38199540545074223,0.3574217426338523
0.0,0.0,7.958157658421605,0.3106410141069504,1.543673744577129,1.2718490476467716,1.2718490476467716,3.0254916955761093,1.2718490476467716,2.3799999999999994,6.86,14.430869689661812,hard,0.23260321561749772,0.3123162132596669,0.3820532853913401,0.3579591148564095
0.0,0.0,8.354864502557003,0.310830054078971,1.5508232220623854,1.2718490476467716,1.2718490476467716,3.0254916955761093,1.2718490476467716,2.3799999999999994,8.540000000000001,14.430869689661812,hard,0.23260321561749772,0.3123162132596669,0.3822135090560678,0.35851573755646104
0.0,0.0,9.329171637887365,0.31104116769556106,1.5584822249631884,1.2718490476467716,1.2718490476467716,3.0254916955761093,1.2718490476467716,2.3799999999999994,8.399999999999999,14.430869689661812,hard,0.23260321561749772,0.3123162132596669,0.3825983540367698,0.3589381466099302
0.0,0.0,15.141364849700501,0.31141157788205887,1.5660486648730694,1.2718490476467716,1.2718490476467716,3.0254916955761093,1.2718490476467716,2.3799999999999994,14.7,14.430869689661812,hard,0.23260321561749772,0.3123162132596669,0.3831454090235671,0.3598300426806884
0.0,0.0,9.651077048555171,0.31165512343511337,1.573768391233876,1.2718490476467716,1.2718490476467716,3.0254916955761093,1.2718490476467716,2.3799999999999994,9.660000000000002,14.430869689661812,hard,0.23260321561749772,0.3123162132596669,0.38361383256070825,0.3603166096020511
0.0,0.0,10.355901966747144,0.31191054319651873,1.5815717866130128,1.2718490476467716,1.2718490476467716,3.0254916955761093,1.2718490476467716,2.3799999999999994,10.360000000000001,14.430869689661812,hard,0.23260321561749772,0.3123162132596669,0.3840612775327657,0.36088227124768774
0.0,0.0,8.335329911098682,0.3121235017261085,1.5904448927627703,1.2718490476467716,1.2718490476467716,3.0254916955761093,1.2718490476467716,2.3799999999999994,8.540000000000001,14.430869689661812,hard,0.23260321561749772,0.3123162132596669,0.3845350976712821,0.36125630631130123
0.0,0.0,9.13734830916132,0.3122161604212568,1.5935441596419735,1.2718490476467716,1.2718490476467716,3.0254916955761093,1.2718490476467716,2.3799999999999994,4.9,14.430869689661812,hard,0.23260321561749772,0.3123162132596669,0.3847009295094962,0.36146297252419607
0.0,0.0,1.779469419956806,0.31225843608605436,1.5935441596419735,1.2718490476467716,1.2718490476467716,3.0254916955761093,1.2718490476467716,2.3799999999999994,1.82,14.430869689661812,hard,0.23260321561749772,0.3123162132596669,0.38475092317878135,0.3615843890332781
0.0,0.0,0.8972735311145441,0.3122669030692701,1.5935441596419735,1.2718490476467716,1.2718490476467716,3.0254916955761093,1.2718490476467716,2.3799999999999994,0.5599999999999999,14.430869689661812,hard,0.23260321561749772,0.3123162132596669,0.38475092317878135,0.36161919590311015
0.0,0.0,1.022904962012843,0.3122669030692701,1.5935441596419735,1.2718490476467716,1.2718490476467716,3.0254916955761093,1.2718490476467716,2.3799999999999994,0.0,14.430869689661812,hard,0.23260321561749772,0.3123162132596669,0.38475092317878135,0.36161919590311015
0.0,0.0,0.7700330682752388,0.3122669030692701,1.5935441596419735,1.2718490476467716,1.2718490476467716,3.0254916955761093,1.2718490476467716,2.3799999999999994,0.0,14.430869689661812,hard,0.23260321561749772,0.3123162132596669,0.38475092317878135,0.36161919590311015
0.0,0.0,7.258703868917846,0.31227113804189904,1.5200172805787524,1.2718490476467716,1.2718490476467716,3.2310988842807022,1.2718490476467716,2.3799999999999994,0.13999999999999999,14.430869689661812,hard,0.23260321561749772,0.3123162132596669,0.38476761275777904,0.36161919590311015
0.0,0.0,3.395204836092534,0.3122923277136477,1.5035916005942738,1.2718490476467716,1.2718490476467716,3.30145422503478,1.2718490476467716,2.3799999999999994,0.98,14.430869689661812,hard,0.23260321561749772,0.3123162132596669,0.38483449614320037,0.3616366187351417
0.0,0.0,2.9532572197045965,0.31234753633750745,1.5083301674704064,1.2718490476467716,1.2718490476467716,3.30145422503478,1.2718490476467716,2.3799999999999994,2.52,14.430869689661812,hard,0.23260321561749772,0.3123162132596669,0.3850532480803581,0.3616366187351417
0.0,0.0,2.3651875660921644,0.3123986461315823,1.513250268545437,1.2718490476467716,1.2718490476467716,3.30145422503478,1.2718490476467716,2.3799999999999994,2.2399999999999998,14.430869689661812,hard,0.23260321561749772,0.3123162132596669,0.38523999347634497,0.36165405449609217
0.0,0.0,3.815326319718395,0.3124623410333455,1.519001179457422,1.2718490476467716,1.2718490476467716,3.30145422503478,1.2718490476467716,2.3799999999999994,2.55530820058951,14.430869689661812,hard,0.23260321561749772,0.3123162132596669,0.3854739612548257,0.36165405449609217
0.0,0.0,11.203489962471613,0.3127127460184583,1.5245191199794457,1.2718490476467716,1.2718490476467716,3.30145422503478,1.2718490476467716,2.3799999999999994,11.08339298229563,14.430869689661812,hard,0.23260321561749772,0.3123162132596669,0.3858629294649182,0.3623099507866203
0.0,0.0,1.3762188003378948,0.3127315672994784,1.5298816307564183,1.2718490476467716,1.2718490476467716,3.30145422503478,1.2718490476467716,2.3799999999999994,1.1258774356030057,14.430869689661812,hard,0.23260321561749772,0.3123162132596669,0.38588812847442877,0.36236531854814674
0.0,0.0,3.9791063030443925,0.3127806178060825,1.5363672024726733,1.2718490476467716,1.2718490476467716,3.30145422503478,1.2718490476467716,2.3799999999999994,3.36,14.430869689661812,hard,0.23260321561749772,0.3123162132596669,0.3860403992966964,0.3623837986840326
0.0,0.0,6.0159984222934515,0.3127806178060825,1.5424334472096664,1.2718490476467716,1.2718490476467716,3.30145422503478,1.2718490476467716,2.3799999999999994,0.0,14.430869689661812,hard,0.23260321561749772,0.3123162132596669,0.3860403992966964,0.3623837986840326
0.0,0.0,2.5256302868521012,0.3127806178060825,1.549341421193283,1.2718490476467716,1.2718490476467716,3.30145422503478,1.2718490476467716,2.3799999999999994,0.42,14.430869689661812,hard,0.23260321561749772,0.3123162132596669,0.3860403992966964,0.3623837986840326
0.0,0.0,1.0080115674607792,0.3127806178060825,1.5558280136173366,1.2718490476467716,1.2718490476467716,3.30145422503478,1.2718490476467716,2.3799999999999994,0.0,14.430869689661812,hard,0.23260321561749772,0.3123162132596669,0.3860403992966964,0.3623837986840326
0.0,0.0,1.998312503713711,0.31279196077361265,1.5637056529818072,1.2718490476467716,1.2718490476467716,3.30145422503478,1.2718490476467716,2.3799999999999994,0.5599999999999999,14.430869689661812,hard,0.23260321561749772,0.3123162132596669,0.38606595713356523,0.3624022909245208
0.0,0.0,6.235530491101977,0.31279196077361265,1.5717544905189584,1.2718490476467716,1.2718490476467716,3.30145422503478,1.2718490476467716,2.3799999999999994,0.0,14.430869689661812,hard,0.23260321561749772,0.3123162132596669,0.38606595713356523,0.3624022909245208
0.0,0.0,3.35027796361857,0.31279196077361265,1.5804122078768004,1.2718490476467716,1.2718490476467716,3.30145422503478,1.2718490476467716,2.3799999999999994,0.0,14.430869689661812,hard,0.23260321561749772,0.3123162132596669,0.38606595713356523,0.3624022909245208
0.0,0.0,1.2307987604546382,0.31279196077361265,1.5884274261105493,1.2718490476467716,1.2718490476467716,3.30145422503478,1.2718490476467716,2.3799999999999994,0.13999999999999999,14.430869689661812,hard,0.23260321561749772,0.3123162132596669,0.38606595713356523,0.3624022909245208
0.0,0.0,2.16301088869832,0.31281467327394397,1.5924800134144192,1.2718490476467716,1.2718490476467716,3.30145422503478,1.2718490476467716,2.3799999999999994,0.98,14.430869689661812,hard,0.23260321561749772,0.3123162132596669,0.38613007579311565,0.36242079526775867
0.0,0.0,3.7837851248968124,0.31281467327394397,1.5935441596419735,1.2718490476467716,1.2718490476467716,3.30145422503478,1.2718490476467716,2.3799999999999994,0.0,14.430869689661812,hard,0.23260321561749772,0.3123162132596669,0.38613007579311565,0.36242079526775867
0.0,0.0,1.3997585797838035,0.31281467327394397,1.5935441596419735,1.2718490476467716,1.2718490476467716,3.30145422503478,1.2718490476467716,2.3799999999999994,0.0,14.430869689661812,hard,0.23260321561749772,0.3123162132596669,0.38613007579311565,0.36242079526775867
0.0,0.0,1.2780761961763931,0.31281467327394397,1.5935441596419735,1.2718490476467716,1.2718490476467716,3.30145422503478,1.2718490476467716,2.3799999999999994,0.0,14.430869689661812,hard,0.23260321561749772,0.3123162132596669,0.38613007579311565,0.36242079526775867
0.0,0.0,1.3631897701879885,0.31281467327394397,1.5935441596419735,1.2718490476467716,1.2718490476467716,3.30145422503478,1.2718490476467716,2.3799999999999994,0.0,14.430869689661812,hard,0.23260321561749772,0.3123162132596669,0.38613007579311565,0.36242079526775867
0.0,0.0,73.87559730784673,0.31281467327394397,1.5002444570012632,1.2718490476467716,1.2718490476467716,3.5812846856959024,1.2718490476467716,2.3799999999999994,0.0,14.430869689661812,hard,0.23260321561749772,0.3123162132596669,0.38613007579311565,0.36242079526775867
