step,timestamp,reward,coverage,cov_trace,altitude,alt_idx,loop_closures,altitude_changes,frontier_count,new_cells,map_seed,difficulty,cov_alt0,cov_alt1,cov_alt2,cov_alt3
0.0,0.0,45.27988612007948,0.009377604829205749,0.03052720417845758,0.0,0.0,0.0,0.0,0.0,45.10177380103803,14.430869689661812,hard,0.031909812931641544,0.015678458001738556,0.0,0.0
0.0,0.0,42.49945300195236,0.01160798489919276,0.054019575619355505,0.0,0.0,0.0,0.0,0.0,42.351273888750974,14.430869689661812,hard,0.03719689244686961,0.01903985726662069,0.0,0.0
0.0,0.0,29.012466447618817,0.012103517540690221,0.06429838077503244,0.0,0.0,0.0,0.0,0.0,29.666115350682503,14.430869689661812,hard,0.038962626822603735,0.019601753438490247,0.0,0.0
0.0,0.0,26.83898657650642,0.012845882502624023,0.07855796459337809,0.0,0.0,0.0,0.0,0.0,26.846645973007504,14.430869689661812,hard,0.04117014841177807,0.019839268735295946,0.0,0.0
0.0,0.0,23.064843837505833,0.012848445172752614,0.09323524857367246,0.0,0.0,0.0,0.0,0.0,22.18760915466107,14.430869689661812,hard,0.04137770736185314,0.019366815750588375,0.0,0.0
0.0,0.0,24.896077452601325,0.012696761182149324,0.10413050604408748,0.0,0.0,0.0,0.0,0.0,24.505509584581176,14.430869689661812,hard,0.0410949022119903,0.019992786782580187,0.0,0.0
0.0,0.0,24.53319148614894,0.012873109790329209,0.11607656346450301,0.0,0.0,0.0,0.0,0.0,23.847591073313886,14.430869689661812,hard,0.04134200621698807,0.020340064842686967,0.0,0.0
0.0,0.0,21.1193063414334,0.013282418345037371,0.12642001295770253,0.0,0.0,0.0,0.0,0.0,21.06561178793533,14.430869689661812,hard,0.04225660510542253,0.02204130257781641,0.0,0.0
0.0,0.0,15.894606382795208,0.013549960994128302,0.14271002317997591,0.0,0.0,0.0,0.0,0.0,15.502206294589168,14.430869689661812,hard,0.0425615731737143,0.023011009969382594,0.0,0.0
0.0,0.0,18.499090931759707,0.013811934986932952,0.15110468034805644,0.0,0.0,0.0,0.0,0.0,18.17884484778942,14.430869689661812,hard,0.04294943620411494,0.023516649562699228,0.0,0.0
0.0,0.0,19.856291221297717,0.014520276310451078,0.1571703187065664,0.0,0.0,0.0,0.0,0.0,19.837832542896415,14.430869689661812,hard,0.0434752836533449,0.025717873378616588,0.0,0.0
0.0,0.0,21.378236111816495,0.014585633622229307,0.16364833578701304,0.0,0.0,0.0,0.0,0.0,20.968824478258192,14.430869689661812,hard,0.0438548298657955,0.02610308257471679,0.0,0.0
0.0,0.0,24.274245518884797,0.014652872870377334,0.1690056048503731,0.0,0.0,0.0,0.0,0.0,23.53805429511964,14.430869689661812,hard,0.04378080585701576,0.026470372600173576,0.0,0.0
0.0,0.0,18.104946139479438,0.01523252493290794,0.17480338447883548,0.0,0.0,0.0,0.0,0.0,17.475697410976192,14.430869689661812,hard,0.045372569263786196,0.027004259725947256,0.0,0.0
0.0,0.0,14.570774617134987,0.015267615899290161,0.1800087390593028,0.0,0.0,0.0,0.0,0.0,14.190137420053409,14.430869689661812,hard,0.0454684999629216,0.02710774376978175,0.0,0.0
0.0,0.0,20.596089339106587,0.015369143678507245,0.18689241307030158,0.0,0.0,0.0,0.0,0.0,20.505618742188688,14.430869689661812,hard,0.04609413809379407,0.026698394500313638,0.0,0.0
0.0,0.0,25.82598443226784,0.015086275628782944,0.1963813006235967,0.0,0.0,0.0,0.0,0.0,24.751799934550213,14.430869689661812,hard,0.04552130687268387,0.02579623392834588,0.0,0.0
0.0,0.0,17.393856106731892,0.015427749375589004,0.20353939040709218,0.0,0.0,0.0,0.0,0.0,17.210276000111097,14.430869689661812,hard,0.04640470343214676,0.026032099050835155,0.0,0.0
0.0,0.0,17.798932664300185,0.01570661248622705,0.20944586988291236,0.0,0.0,0.0,0.0,0.0,17.06242655661849,14.430869689661812,hard,0.047005365351371495,0.0261572954285252,0.0,0.0
0.0,0.0,20.26693807093925,0.015895450538129605,0.2154814858619265,0.0,0.0,0.0,0.0,0.0,19.413397435791605,14.430869689661812,hard,0.04740108559392366,0.026264302278880082,0.0,0.0
0.0,0.0,98.9028461819323,0.017960864041326907,0.23533362011626432,0.4935585071701226,0.4935585071701226,0.0,0.4935585071701226,0.0,89.1819286627061,14.430869689661812,hard,0.04600649882018967,0.029808851319201447,0.028313865924370966,0.0
0.0,0.0,69.35279677158731,0.019209261493378395,0.23611983302241407,0.4935585071701226,0.4935585071701226,0.0,0.4935585071701226,0.0,62.791400685125666,14.430869689661812,hard,0.046722971805673905,0.03587822636171911,0.03250927213915278,0.0
0.0,0.0,63.39247417078758,0.021354817842498028,0.23641496212860982,0.44899888641287294,0.44899888641287294,0.0,0.44899888641287294,0.0,57.35756270972469,14.430869689661812,hard,0.04719322833498629,0.041218706952189536,0.03444515152250292,0.0
0.0,0.0,52.39797951138063,0.022117228873971766,0.24034429729270793,0.41424630354415953,0.41424630354415953,0.0,0.41424630354415953,0.0,48.16306053398185,14.430869689661812,hard,0.04592941233529783,0.044592309324838444,0.03473429227221039,0.0
0.0,0.0,41.46180077318588,0.022678464943940376,0.24368368960585846,0.36660605559646714,0.3666060555964672,0.0,0.3666060555964672,0.0,38.03074545680113,14.430869689661812,hard,0.046019628550612146,0.04599652427155114,0.03473788894593916,0.0
0.0,0.0,31.79992187973701,0.023456906855567537,0.24890160027204566,0.36660605559646714,0.3666060555964672,0.0,0.3666060555964672,0.0,31.142665268085196,14.430869689661812,hard,0.045419591051143564,0.04797881619876228,0.0375905315676647,0.0
0.0,0.0,30.794240908477214,0.024487253705540123,0.24472764283755769,0.36660605559646714,0.3666060555964672,0.0,0.3666060555964672,0.0,30.387128854171134,14.430869689661812,hard,0.04502265611884215,0.05074320725797591,0.03982010967536007,0.0
0.0,0.0,24.074945788306884,0.024812676495620523,0.25000164133162267,0.36660605559646714,0.3666060555964672,0.0,0.3666060555964672,0.0,23.759638044381067,14.430869689661812,hard,0.0446363698215342,0.052392616339658055,0.041495772686833264,0.0
0.0,0.0,17.21133720542837,0.024856626279441154,0.2524306990194425,0.36660605559646714,0.3666060555964672,0.0,0.3666060555964672,0.0,16.186858867612333,14.430869689661812,hard,0.044734320408320885,0.052610338269252224,0.04222359431691214,0.0
0.0,0.0,22.997544182408863,0.025389733238447367,0.2600038881773195,0.36660605559646714,0.3666060555964672,0.0,0.3666060555964672,0.0,22.14746938139886,14.430869689661812,hard,0.04528276730568812,0.05351880657127871,0.04346129822539813,0.0
0.0,0.0,26.090235482871357,0.025662226894021922,0.2575037648015753,0.36660605559646714,0.3666060555964672,0.0,0.3666060555964672,0.0,26.121378217850605,14.430869689661812,hard,0.046148878571425765,0.05448911531942017,0.04465717952109627,0.0
0.0,0.0,23.418436580442066,0.02611151182369767,0.25821243597288857,0.36660605559646714,0.3666060555964672,0.0,0.3666060555964672,0.0,22.51165031711358,14.430869689661812,hard,0.04611161831276672,0.055543481455493315,0.04601729033428607,0.0
0.0,0.0,22.20389363933166,0.02668574727006195,0.26149555654943857,0.36660605559646714,0.3666060555964672,0.0,0.3666060555964672,0.0,21.697566683847292,14.430869689661812,hard,0.04603221469498254,0.05699232917125546,0.04762675584120634,0.0
0.0,0.0,18.532753161667703,0.027040967558451017,0.26352704038135577,0.36660605559646714,0.3666060555964672,0.0,0.3666060555964672,0.0,17.99965555225988,14.430869689661812,hard,0.04628181640737761,0.05785518136834058,0.04848756346061639,0.0
0.0,0.0,18.06994917911657,0.02744825140300265,0.25111658123334907,0.36660605559646714,0.3666060555964672,0.0,0.3666060555964672,0.0,16.977926846349646,14.430869689661812,hard,0.046579687506173494,0.05868612176530316,0.04949196747972294,0.0
0.0,0.0,23.518537855036744,0.028117084114831725,0.25665784845580664,0.36660605559646714,0.3666060555964672,0.0,0.3666060555964672,0.0,22.76976943229773,14.430869689661812,hard,0.04687215432586745,0.060213679584699045,0.05062132978877794,0.0
0.0,0.0,14.190504539323722,0.028375890331947422,0.2633307131441221,0.36660605559646714,0.3666060555964672,0.0,0.3666060555964672,0.0,14.13681718068109,14.430869689661812,hard,0.0469988266830789,0.06048980102722142,0.051433868453788154,0.0
0.0,0.0,24.890361643555618,0.02881767957941547,0.27651091528292543,0.36660605559646714,0.3666060555964672,0.0,0.3666060555964672,0.0,24.498457094274325,14.430869689661812,hard,0.0467087438646574,0.06163717424902537,0.05284622245190132,0.0
0.0,0.0,26.11718312198828,0.03001999100624369,0.28335212934134146,0.36660605559646714,0.3666060555964672,0.0,0.3666060555964672,0.0,25.302205437471255,14.430869689661812,hard,0.04692453351709153,0.0639539072743213,0.05400824660039175,0.0
0.0,0.0,25.645155880442314,0.03133118721463643,0.2865232030755937,0.36660605559646714,0.3666060555964672,0.0,0.3666060555964672,0.0,25.651385927469885,14.430869689661812,hard,0.04753724868162762,0.06610239734233904,0.055596150192156905,0.0
0.0,0.0,19.115553676753407,0.03185366174345912,0.2925585958330754,0.36660605559646714,0.3666060555964672,0.0,0.3666060555964672,0.0,18.45552491802929,14.430869689661812,hard,0.04763022247719325,0.06696334706357829,0.05642952651511031,0.0
0.0,0.0,95.21550071273843,0.03703337862221232,0.3142476971775307,0.6928203230275509,0.6928203230275509,0.0,0.6740919818541087,0.0,86.41584114038352,14.430869689661812,hard,0.0481800944555163,0.06624670212236071,0.06574061156805525,0.025822627466783758
0.0,0.0,64.60128557368861,0.0402432547865309,0.31438237458383445,0.806225774829855,0.806225774829855,0.0,0.7378346698278687,0.0,58.29511128731122,14.430869689661812,hard,0.04965220801862644,0.06680794554259864,0.0730612991146927,0.03483653835774838
0.0,0.0,66.58234343504809,0.04217449334031013,0.32019859442748966,0.9086253353280438,0.9086253353280438,0.0,0.7547184905645283,0.0,61.26663365976623,14.430869689661812,hard,0.04991191695537951,0.0671377245764677,0.07926366610982119,0.03781993242660859
0.0,0.0,43.758533543920834,0.043860896385221206,0.32536967573498665,0.9433981132056604,0.9433981132056604,0.0,0.7507329751649384,0.0,42.202014169942174,14.430869689661812,hard,0.05067959896434064,0.06712412287782138,0.08333736977860377,0.04488702507042651
0.0,0.0,58.99260417862123,0.04307647473028103,0.3181353024639569,0.9724196624914574,0.9724196624914574,0.0,0.6645299090334459,0.0,53.660428622962,14.430869689661812,hard,0.051247333168962364,0.06625658524245007,0.08250953542108387,0.046696682727257764
0.0,0.0,49.260760316570035,0.043664062657647315,0.3240381246653169,0.9457272334029511,0.9457272334029511,0.0,0.5851495535331118,0.0,46.26968337907663,14.430869689661812,hard,0.05177425791102151,0.06549471987366406,0.08457627506767808,0.050493840630920855
0.0,0.0,29.775666567722194,0.04493847759550135,0.3306247819006829,0.9457272334029511,0.9457272334029511,0.0,0.5851495535331118,0.0,29.77005878395271,14.430869689661812,hard,0.05258765647853792,0.06515313717825419,0.08856847673184864,0.053960572419576955
0.0,0.0,37.90875085630214,0.045383514470949196,0.33503695667682837,0.916515138991168,0.916515138991168,0.0,0.4898979485566356,0.0,34.76877334620823,14.430869689661812,hard,0.053373287012733,0.063888098462874,0.08847565869773213,0.05718186291034349
0.0,0.0,40.34942138489128,0.04541869345148774,0.3354890051719694,0.9008884503644167,0.9008884503644168,0.0,0.43312815655415426,0.0,37.745934880460965,14.430869689661812,hard,0.0537199776699668,0.06267455884322644,0.08751674894668074,0.059370276719829085
0.0,0.0,20.43442449319872,0.04601280695435404,0.3419336812482511,0.9008884503644167,0.9008884503644168,0.0,0.43312815655415426,0.0,19.84968513604183,14.430869689661812,hard,0.05412908970752508,0.0626846831732589,0.08869916461918494,0.0613602087224804
0.0,0.0,23.98849779881639,0.046730088356860246,0.34612150690619303,0.9008884503644167,0.9008884503644168,0.0,0.43312815655415426,0.0,24.409252344141965,14.430869689661812,hard,0.054557928644094505,0.06200550606781858,0.0905907563183243,0.06379928902346933
0.0,0.0,20.52334428117035,0.04716240155698039,0.34308049503167815,0.9008884503644167,0.9008884503644168,0.0,0.43312815655415426,0.0,20.380029440606798,14.430869689661812,hard,0.05499344003600461,0.06202362623303307,0.09145192065973404,0.06525431704743927
0.0,0.0,22.56506884307479,0.048156816227154536,0.34425106665807537,0.9008884503644167,0.9008884503644168,0.0,0.43312815655415426,0.0,22.08384930214839,14.430869689661812,hard,0.05584010391198727,0.06242428541282548,0.09355252538351286,0.0671390167695632
0.0,0.0,15.515907658767448,0.048562717336155886,0.34280614079306604,0.9008884503644167,0.9008884503644168,0.0,0.43312815655415426,0.0,15.169495706845368,14.430869689661812,hard,0.055957415816862546,0.06204034787621135,0.09531028100247778,0.06847247615449564
0.0,0.0,22.49007720136968,0.04901485325682978,0.32891102381437215,0.9008884503644167,0.9008884503644168,0.0,0.43312815655415426,0.0,21.98221098979809,14.430869689661812,hard,0.057593391445019196,0.06210066319382728,0.09693895850418857,0.06943124205292159
0.0,0.0,13.326495743631881,0.0492022035736651,0.312869454184155,0.9008884503644167,0.9008884503644168,0.0,0.43312815655415426,0.0,12.92749008895385,14.430869689661812,hard,0.0581130314061945,0.062181284040460104,0.09767297365915056,0.07013196382780544
0.0,0.0,17.965492012418405,0.04931629178085471,0.29836754958041783,0.9008884503644167,0.9008884503644168,0.0,0.43312815655415426,0.0,18.57018039761596,14.430869689661812,hard,0.05944203670218641,0.06222414215730728,0.09823262035081776,0.07073341478888236
0.0,0.0,15.890931873868666,0.04932363459709962,0.2758402453550107,0.9008884503644167,0.9008884503644168,0.0,0.43312815655415426,0.0,15.064673909514271,14.430869689661812,hard,0.05981282003649181,0.06220362936107193,0.09899210860601784,0.07135221809256008
0.0,0.0,18.687222844079646,0.05027413517863465,0.25975000404991566,0.9008884503644167,0.9008884503644168,0.0,0.43312815655415426,0.0,18.709740778535657,14.430869689661812,hard,0.06029779109632154,0.06266548004736991,0.10136506865585103,0.07264375977106248
0.0,0.0,23.961726210355028,0.05112601430494892,0.33922113114266383,0.9008884503644167,0.9008884503644168,0.23748684174075835,0.43312815655415426,0.0,23.255184368222068,14.430869689661812,hard,0.06082844492802469,0.06332222114582425,0.1029553339753791,0.07418679422422064
0.0,0.0,21.93217466559306,0.051604850178245135,0.32449166499659243,0.9008884503644167,0.9008884503644168,0.23748684174075835,0.43312815655415426,0.0,21.075103795711186,14.430869689661812,hard,0.06144263145216691,0.06374184126319628,0.10396202031482793,0.07500338934111404
0.0,0.0,46.74721536626092,0.05384150626820458,0.32798643190544335,0.9551963149007643,0.9551963149007643,0.2712931993250107,0.7,0.0,43.66692111885151,14.430869689661812,hard,0.06216986029952678,0.06579562379100061,0.10364598673301673,0.08012393256049075
0.0,0.0,43.38538398849298,0.05605933010601369,0.30383197109932325,1.0537551897855593,1.0537551897855593,0.2712931993250107,0.7631513611335564,0.0,39.23339903704495,14.430869689661812,hard,0.06264014185151093,0.06813131019411223,0.10276933184216853,0.08790277571210076
0.0,0.0,31.92238015297353,0.05716291553244748,0.31687498269755676,1.0983624174196784,1.0983624174196784,0.3,0.78587530817554,0.0,30.725884853003013,14.430869689661812,hard,0.0631879669849047,0.06871187136651527,0.10208459202542951,0.09386447635365075
0.0,0.0,23.59877255672772,0.05772153901832702,0.31484544316023366,1.0628264204469138,1.0628264204469138,0.32496153618543844,0.8059776671843955,0.0,22.046822900363672,14.430869689661812,hard,0.06366222746279211,0.0701625219315062,0.10123541712284448,0.09694785487280423
0.0,0.0,27.965924192318703,0.0587732381493432,0.2806760750461062,1.0814804667676619,1.0814804667676619,0.32496153618543844,0.7787168933572715,0.0,26.11590320092338,14.430869689661812,hard,0.06420418854264656,0.07114290064960464,0.10080353237576054,0.10207251810045415
0.0,0.0,48.61751911524072,0.05825161715974612,0.24229494368609797,1.0537551897855593,1.0537551897855593,0.32496153618543844,0.6764613810115104,0.0,43.79230982718313,14.430869689661812,hard,0.06479681695425116,0.07145752856483331,0.09930798746358031,0.10294468873477823
0.0,0.0,25.032819108016916,0.058696703696943624,0.21906238669299485,1.0537551897855593,1.0537551897855593,0.32496153618543844,0.6764613810115104,0.0,25.149186865582752,14.430869689661812,hard,0.06520564795832004,0.071708973802114,0.09903398692935832,0.10654841533964171
0.0,0.0,40.4677153331693,0.05887367256554578,0.199235917841949,1.0283968105745953,1.0283968105745953,0.32496153618543844,0.6337191807101944,0.0,39.484624855758724,14.430869689661812,hard,0.06599954520761549,0.07161747125713888,0.09815840677141825,0.10923034136490527
0.0,0.0,40.70015047485577,0.059614737632760116,0.18087409895084922,1.0476640682967036,1.0476640682967036,0.32496153618543844,0.5499090833947008,0.0,38.06744015559754,14.430869689661812,hard,0.06708159761359843,0.0722845853347152,0.09794842575859686,0.11104032322460673
0.0,0.0,37.15204258328922,0.05990679592100269,0.1604484982908257,1.02469507659596,1.02469507659596,0.32496153618543844,0.46,0.0,35.17167041810781,14.430869689661812,hard,0.06814151604223116,0.07384619538102798,0.09497434168745988,0.11264483212488757
0.0,0.0,18.633263200586942,0.060084346243615236,0.14310779377104385,1.02469507659596,1.02469507659596,0.32496153618543844,0.46,0.0,18.606891196543284,14.430869689661812,hard,0.06910087578956968,0.07413135715308293,0.09448533157845102,0.11360050406455956
0.0,0.0,11.680840687313562,0.06016977948641386,0.12896158084648604,1.02469507659596,1.02469507659596,0.32496153618543844,0.46,0.0,11.02027222894244,14.430869689661812,hard,0.06949741423517261,0.07467096469572744,0.0940275636024088,0.11502903980350662
0.0,0.0,18.709043875306005,0.060399767991202245,0.10610792872578693,1.02469507659596,1.02469507659596,0.32496153618543844,0.46,0.0,17.804594912549963,14.430869689661812,hard,0.0696040003999041,0.07478450564375277,0.09370133986956672,0.11746073152186486
0.0,0.0,18.046838892938673,0.06109065915666267,0.09094481404948108,1.02469507659596,1.02469507659596,0.32496153618543844,0.46,0.0,17.77266440351587,14.430869689661812,hard,0.06985755979260695,0.07552732617107293,0.09384795659850333,0.1197454085849656
0.0,0.0,20.871141862800403,0.06138994309723234,0.08020679013608982,1.02469507659596,1.02469507659596,0.32496153618543844,0.46,0.0,20.576063763509286,14.430869689661812,hard,0.06999963436152604,0.07647572388347373,0.093908921249597,0.12123616583119112
0.0,0.0,30.67747395575109,0.062054481373411685,0.06288382432983364,1.02469507659596,1.02469507659596,0.32496153618543844,0.46,0.0,30.776802952873453,14.430869689661812,hard,0.07022670450560213,0.07885699466534195,0.09463043894642702,0.12388892705059594
0.0,0.0,24.927554312892234,0.0623891083601332,0.050714057944178666,1.02469507659596,1.02469507659596,0.32496153618543844,0.46,0.0,24.983362463847815,14.430869689661812,hard,0.07030965293943586,0.08084442322550883,0.09478756761139485,0.12451829974589439
0.0,0.0,26.39926488621801,0.06277546707584687,0.22646127965649981,1.02469507659596,1.02469507659596,0.36660605559646714,0.46,0.0,26.004891847496694,14.430869689661812,hard,0.07032701013102588,0.08269145582027768,0.09513022129612313,0.1256371629465943
0.0,0.0,15.930628101712687,0.06285767001305477,0.27109355376369854,1.02469507659596,1.02469507659596,0.4331281565541544,0.46,0.0,15.963508386316585,14.430869689661812,hard,0.07065011246168318,0.08400338505405304,0.09493429970777743,0.12649245666612127
0.0,0.0,17.48743786366773,0.06343934880577824,0.29490906995664834,1.02469507659596,1.02469507659596,0.4472135954999579,0.46,0.0,16.39297410478038,14.430869689661812,hard,0.07100372871736726,0.08473927227847691,0.09535823641341327,0.12878858130583223
0.0,0.0,23.54222989021459,0.06347098256421355,0.38479156256892727,1.02469507659596,1.02469507659596,0.5499090833947008,0.46,0.0,23.184960642623487,14.430869689661812,hard,0.07088922732270168,0.08495009931897861,0.09581749484352708,0.13020926408513842
0.0,0.0,28.631001972807397,0.0642345676551212,0.3818586937010783,1.050904372433572,1.050904372433572,0.5589275444992848,0.6452906321960671,0.0,29.469876144972176,14.430869689661812,hard,0.07101689107319985,0.08456636324994418,0.09780328818935864,0.13140950873181675
0.0,0.0,36.7038071852198,0.0656786092937962,0.36095357020859614,1.0392304845413265,1.0392304845413265,0.5589275444992848,0.744043009509531,0.0,35.88412462357135,14.430869689661812,hard,0.07084757955292613,0.0854841520438444,0.1002164475336999,0.13195284329143836
0.0,0.0,31.222225246032963,0.06706209147388195,0.3451416375332209,0.9848857801796105,0.9848857801796105,0.5589275444992848,0.7922120928135343,0.0,29.541591020119416,14.430869689661812,hard,0.07140775742330548,0.08574691884098551,0.10366627505169168,0.13322378298130655
0.0,0.0,50.850401875322575,0.06587271137298406,0.31054301895847447,0.9431860898041277,0.9431860898041277,0.5589275444992848,0.8428523002282191,0.0,46.26706820190793,14.430869689661812,hard,0.07136745870559065,0.08594871741053113,0.10360687441589803,0.12992153734776274
0.0,0.0,31.0496600878627,0.0652078607739564,0.3305611369675727,0.964157663455516,0.964157663455516,0.567097875150313,0.848528137423857,0.0,28.812226571370704,14.430869689661812,hard,0.07124917798193743,0.08587064752465512,0.10371352018702758,0.12886209214230013
0.0,0.0,46.97703129146324,0.06512169777489397,0.2965638935027685,0.9830564581955606,0.9830564581955606,0.567097875150313,0.7787168933572715,0.0,45.29856509868718,14.430869689661812,hard,0.07213031941590942,0.08534971083059342,0.10395337166182178,0.12961827612109925
0.0,0.0,27.438768727806245,0.06488524537484008,0.27741713184784117,0.9357350052231668,0.9357350052231668,0.567097875150313,0.745385806143369,0.0,27.576076588231327,14.430869689661812,hard,0.07197551770812052,0.08334480388849824,0.1043438610717404,0.12987956530585684
0.0,0.0,26.599286556799463,0.0655750290398269,0.3001036399671158,0.977547952787995,0.977547952787995,0.5744562646538028,0.7102112361825881,0.0,26.189471166863985,14.430869689661812,hard,0.07286169443832996,0.08292516746138426,0.105840218926984,0.13034640077729598
0.0,0.0,25.291986614820214,0.06587153357985828,0.26600239210670046,0.9624967532412773,0.9624967532412773,0.5744562646538028,0.6013318551349163,0.0,24.00300814481385,14.430869689661812,hard,0.07331736686958579,0.08246108486665239,0.1057519100655483,0.13124384093822486
0.0,0.0,21.72508620436376,0.06655376988439761,0.29099271822206796,0.9624967532412773,0.9624967532412773,0.581033561853358,0.6013318551349163,0.0,20.26153992173349,14.430869689661812,hard,0.07357135984005155,0.08235911878866246,0.10654752522163109,0.13305027420409893
0.0,0.0,19.812874294099554,0.0675293207900284,0.27384656033899024,0.9624967532412773,0.9624967532412773,0.581033561853358,0.6013318551349163,0.0,19.621253782569553,14.430869689661812,hard,0.0737515668853515,0.08291227090632354,0.10767568674504044,0.134329139788864
0.0,0.0,32.4596907019325,0.06825381347280716,0.330218393133709,0.9635351576356723,0.9635351576356723,0.6200000000000001,0.5219195340279956,0.0,29.99735988382978,14.430869689661812,hard,0.07374720567611892,0.08346985865557781,0.1093598029967673,0.13414798206141443
0.0,0.0,15.510607713267076,0.06888883587005878,0.3168486078284659,0.9635351576356723,0.9635351576356723,0.6200000000000001,0.5219195340279956,0.0,14.14496376806954,14.430869689661812,hard,0.07383884179532935,0.08416770371037223,0.11076079592443117,0.13424342987422216
0.0,0.0,35.056889300262846,0.06966016990512926,0.3017296580955313,0.9635351576356723,0.9635351576356723,0.6200000000000001,0.5219195340279956,0.0,32.50984466280945,14.430869689661812,hard,0.0749548887006973,0.08456927093851838,0.1133696033950745,0.13504520134837014
0.0,0.0,20.203050286811564,0.07011619518145346,0.2861294890208664,0.9635351576356723,0.9635351576356723,0.6200000000000001,0.5219195340279956,0.0,20.523830051917695,14.430869689661812,hard,0.07509489504589581,0.08473882463810672,0.11507086086387068,0.13572185386741414
0.0,0.0,22.311797629779512,0.07091303976025468,0.2688956319038606,0.9635351576356723,0.9635351576356723,0.6200000000000001,0.5219195340279956,0.0,22.126038958656835,14.430869689661812,hard,0.0751629579757916,0.08456517937818087,0.11659757210629948,0.1366175517983017
0.0,0.0,12.274806440691895,0.07130739085604608,0.40978373166861454,0.9635351576356723,0.9635351576356723,0.6374950980203691,0.5219195340279956,0.0,10.755110413194279,14.430869689661812,hard,0.07512474793000896,0.0848388047161714,0.11760370070084994,0.13691133663817842
0.0,0.0,14.825543107834235,0.07126240526396924,0.43104765798691796,0.9635351576356723,0.9635351576356723,0.64,0.5219195340279956,0.0,14.284103051994549,14.430869689661812,hard,0.07512746833022917,0.08483242072492864,0.11754708834538845,0.13712029387519659
0.0,0.0,14.443632683013039,0.07136077735936558,0.4232487941781909,0.9635351576356723,0.9635351576356723,0.6403124237432849,0.5219195340279956,0.0,13.600897029240388,14.430869689661812,hard,0.07533725868223792,0.08504198362281701,0.11759092945574343,0.13751134492686562
0.0,0.0,22.522166829167954,0.07189278017605637,0.4126695756202529,0.9635351576356723,0.9635351576356723,0.64,0.5219195340279956,0.0,21.503720608304043,14.430869689661812,hard,0.07596942478869614,0.08603887884896173,0.11819764806940805,0.13791005189807962
0.0,0.0,18.245757819759856,0.07226040456052171,0.391820912931859,0.9635351576356723,0.9635351576356723,0.64,0.5219195340279956,0.0,16.418818471497882,14.430869689661812,hard,0.07607847396062095,0.08660284491829753,0.11887016795458388,0.1384760916198962
0.0,0.0,18.368192680922,0.07262596339155991,0.40428437672263456,0.9635351576356723,0.9635351576356723,0.6681317235396027,0.6225752966509353,0.0,14.801945818033518,14.430869689661812,hard,0.07616642705680061,0.08678946565573756,0.11925458570128016,0.13934332782763964
0.0,0.0,12.437493362981947,0.07284611354665904,0.36615424648432543,0.9840731680114034,0.9840731680114034,0.6681317235396027,0.7323933369440222,0.0,10.823382096184167,14.430869689661812,hard,0.07622224925723052,0.0869612484623359,0.11930414282554881,0.1399893591158782
0.0,0.0,33.45821440686606,0.0741632621527941,0.33797322826907367,1.0031948963187562,1.0031948963187562,0.6681317235396027,0.7989993742175272,0.0,32.98120676991671,14.430869689661812,hard,0.07593585524275297,0.08852173414879307,0.11909239397663739,0.14096593139454333
0.0,0.0,24.19632107135627,0.07486799729751997,0.3019425871925087,1.0423051376636308,1.0423051376636308,0.6681317235396027,0.8717797887081347,0.0,22.551638521402385,14.430869689661812,hard,0.07522361049097004,0.08869165520594952,0.11930766399443161,0.14254708790885776
0.0,0.0,25.871763012668392,0.07543656651537803,0.36135439966816135,1.077032961426901,1.077032961426901,0.6928203230275508,0.9042123644365854,0.0,22.26197655195962,14.430869689661812,hard,0.07542196554061323,0.08933211417229965,0.11965844339281653,0.1431551376433397
0.0,0.0,34.16014661460228,0.07571251972994514,0.36259699479725715,1.074988372030135,1.074988372030135,0.6896375859826667,0.8964373932405988,0.0,34.475318707736406,14.430869689661812,hard,0.07496313201178019,0.08988694645952218,0.11893825274346283,0.1441361979005539
0.0,0.0,18.0929887532912,0.07543256639321685,0.3448135526927481,1.0910545357588686,1.0910545357588686,0.6896375859826667,0.8772684879784524,0.0,18.221701347569056,14.430869689661812,hard,0.07502386062327604,0.08969934971808498,0.1181461387010724,0.1445677575667855
0.0,0.0,30.882661801106824,0.07564140651859025,0.31318492373220724,1.1065260954898442,1.1065260954898442,0.6896375859826667,0.8534635317340745,0.0,31.794993316558504,14.430869689661812,hard,0.0752098100656368,0.09152467108613187,0.11775671430176354,0.146078216256261
0.0,0.0,22.80890083607912,0.07581518137261117,0.3197808126078164,1.1271202242884297,1.1271202242884297,0.6858571279792899,0.7999999999999999,0.0,22.39228438547528,14.430869689661812,hard,0.07581328456536361,0.09247698982305583,0.11771172917427909,0.1474391660471282
0.0,0.0,26.412712840963078,0.07628773865064432,0.293941779306626,1.1271202242884297,1.1271202242884297,0.6858571279792899,0.7999999999999999,0.0,25.66024941422043,14.430869689661812,hard,0.07584851351505296,0.09396731903396706,0.11813907452281208,0.14869081721862307
0.0,0.0,27.137827183090483,0.0767403892421191,0.3124036366135394,1.1115754585272202,1.1115754585272202,0.7102112361825881,0.7717512552629895,0.0,27.051240267314917,14.430869689661812,hard,0.07628976638264974,0.09358790255969246,0.11844604520935466,0.14911054250288983
0.0,0.0,17.405124445834062,0.07677982519319561,0.2898248687232665,1.1115754585272202,1.1115754585272202,0.7102112361825881,0.7717512552629895,0.0,17.08778511100839,14.430869689661812,hard,0.0766537121590068,0.09389640005052068,0.1184765389466422,0.14971326542325816
0.0,0.0,11.356448089178118,0.07685563136986741,0.3017587617744637,1.1135528725660044,1.1135528725660044,0.7054076835419358,0.71442284397967,0.0,10.489156305442302,14.430869689661812,hard,0.07687647971794351,0.09465715451671937,0.11849062980187632,0.15005649837996296
0.0,0.0,29.321046183542318,0.07635382250891448,0.35193703269206256,1.0934349546269315,1.0934349546269315,0.7280109889280517,0.6514598989960932,0.0,29.52740422048643,14.430869689661812,hard,0.07682672772048678,0.09434796515278111,0.11749906607505828,0.15059544074533854
0.0,0.0,17.96349754648527,0.07637505560395877,0.33108272456682925,1.0934349546269315,1.0934349546269315,0.7280109889280517,0.6514598989960932,0.0,17.365770930194834,14.430869689661812,hard,0.07681709454802277,0.09457296556215732,0.11755027944177485,0.15125149400230714
0.0,0.0,19.8051766456833,0.07606527783630015,0.5055024274763271,1.0934349546269315,1.0934349546269315,0.8248636250920512,0.6514598989960932,0.0,18.87627081814626,14.430869689661812,hard,0.07710559428654325,0.09475081373383036,0.1172812807292691,0.15184210139524193
0.0,0.0,26.788660779675546,0.07597014792631125,0.5325305562516585,1.0934349546269315,1.0934349546269315,0.8774964387392122,0.6514598989960932,0.0,26.564638149238924,14.430869689661812,hard,0.07668676874154151,0.09432778806919945,0.1176048517202569,0.15277917356561405
0.0,0.0,23.194262858314683,0.07562628396110123,0.5438943521387154,1.0934349546269315,1.0934349546269315,0.9130169768410663,0.6514598989960932,0.0,22.89083659458518,14.430869689661812,hard,0.0765438850242969,0.09419508497772225,0.1171738768237913,0.15343749643637783
0.0,0.0,19.125752260701574,0.07531206165184808,0.518409576567734,1.0934349546269315,1.0934349546269315,0.9130169768410663,0.6514598989960932,0.0,19.215618647339976,14.430869689661812,hard,0.07642849171799142,0.09392057173444426,0.11672581118912233,0.15364975900383554
0.0,0.0,24.01564937447879,0.07530984885514651,0.5176685360469464,1.0934349546269315,1.0934349546269315,0.9156418513807678,0.6514598989960932,0.0,23.353423731864243,14.430869689661812,hard,0.07640860927472687,0.09413646578234147,0.11656104813829214,0.1544727426592767
0.0,0.0,14.04323824632473,0.0752358833953902,0.491791031977338,1.0934349546269315,1.0934349546269315,0.9156418513807678,0.6514598989960932,0.0,13.794912105555438,14.430869689661812,hard,0.0764089710278418,0.09430505906593982,0.11648933372077933,0.15485715880983217
0.0,0.0,12.355609452185027,0.0754191439081976,0.4899167787210377,1.1135528725660044,1.1135528725660044,0.916515138991168,0.6764613810115105,0.0,11.594153699170976,14.430869689661812,hard,0.07641763557864313,0.09449623228005744,0.11656413516243475,0.1556364507952296
0.0,0.0,18.522308171029927,0.07519978001538744,0.4802312930475339,1.0770329614269007,1.0770329614269007,0.9271461589199407,0.7631513611335566,0.0,16.354338873827945,14.430869689661812,hard,0.07629529777472017,0.09469298440322889,0.1166248475704065,0.1551509088354889
0.0,0.0,33.903350034507675,0.07569619058940186,0.4600953418879267,1.074988372030135,1.074988372030135,0.9271461589199407,0.8487638069569178,0.0,31.177017176118692,14.430869689661812,hard,0.07651282991272153,0.09532946282810599,0.11666164594035253,0.15357231976427596
0.0,0.0,21.828631109583405,0.07535027413489657,0.43921250467521306,1.0809255293497326,1.0809255293497326,0.9372299611087985,0.94847245611035,0.0,21.898346969577407,14.430869689661812,hard,0.07660745525299607,0.09556363463064553,0.11581236842092212,0.15306929860830415
0.0,0.0,33.102229369879446,0.0750010086233404,0.3978440749573071,1.0992724866929036,1.0992724866929036,0.9372299611087985,1.000199980003999,0.0,30.74798204760761,14.430869689661812,hard,0.07706658202169933,0.09555532371935231,0.11512003576145867,0.15119980980210296
0.0,0.0,18.825790875535876,0.07532370247513553,0.389689626201382,1.1,1.1,0.9467840302835699,1.013706071797935,0.0,18.411778838558757,14.430869689661812,hard,0.07807679249043054,0.09646331738277057,0.114888671227068,0.15105982836359583
0.0,0.0,14.860517809972107,0.07525719997703734,0.406470991544411,1.0809255293497326,1.0809255293497326,0.9558242516278818,1.0057832768544128,0.0,14.545872266729141,14.430869689661812,hard,0.07802139345876016,0.09651828108078826,0.11483759501918821,0.15123531542189855
0.0,0.0,15.05047603944382,0.07553488575517153,0.38624931588316636,1.0432641084595982,1.0432641084595982,0.9558242516278818,1.02469507659596,0.0,15.413448673155528,14.430869689661812,hard,0.07813014997622153,0.09709838168887445,0.11495482143198753,0.15145414173799776
0.0,0.0,33.681962404278615,0.07554839815945814,0.36234208835207177,1.0047885349664376,1.0047885349664376,0.9558242516278818,1.0150862032359615,0.0,30.110463297664484,14.430869689661812,hard,0.07819914977625234,0.09718563319185819,0.11487387011161179,0.1500554895686924
0.0,0.0,58.27985605341968,0.07605517559795451,0.33924589816205286,0.9433981132056604,0.9433981132056604,0.9558242516278818,0.9635351576356724,0.0,53.17256435418551,14.430869689661812,hard,0.07847260075756579,0.09689191566203012,0.11577212996473855,0.14689136254102367
0.0,0.0,26.103475445908412,0.07623208315325194,0.32256814775745973,0.964157663455516,0.964157663455516,0.9558242516278818,0.9431860898041277,0.0,25.80658055612948,14.430869689661812,hard,0.07872354648850369,0.09712091415994459,0.1166126275805485,0.1467762328082866
0.0,0.0,24.819766479650102,0.0766765107918198,0.3063275973508048,0.964157663455516,0.964157663455516,0.9558242516278818,0.9431860898041277,0.0,24.28630066518983,14.430869689661812,hard,0.07894307307354875,0.09772271193653571,0.11749752390889608,0.1468390341265882
0.0,0.0,30.498972817331165,0.07719700531839142,0.3650773076403724,0.9219544457292888,0.9219544457292888,0.9927738916792685,0.8052328855678957,0.0,30.401947306052616,14.430869689661812,hard,0.07909220587564074,0.09822085751696066,0.1179846756728119,0.14645089088179908
0.0,0.0,35.28017117954524,0.07725038338663687,0.3690087453514811,0.9217374897442331,0.9217374897442331,1.02,0.7525955088890711,0.0,33.46700464636775,14.430869689661812,hard,0.07960776525162314,0.09856509407874654,0.1179827297851015,0.14459707767878965
0.0,0.0,23.504316335522603,0.07714292834860653,0.46404012437185316,0.9217374897442331,0.9217374897442331,1.0547037498748169,0.7525955088890711,0.0,23.224891818908443,14.430869689661812,hard,0.07985565729179425,0.0987944576987042,0.11724333570955245,0.1436712115478744
0.0,0.0,23.485813348406086,0.07711699011695855,0.446922546257687,0.9217374897442331,0.9217374897442331,1.0547037498748169,0.7525955088890711,0.0,21.044951888754696,14.430869689661812,hard,0.08011651555130714,0.09935431657952028,0.1165110841807013,0.142719154490866
0.0,0.0,13.168488926887045,0.07732614768747773,0.4467486515127546,0.9217374897442331,0.9217374897442331,1.0777754868245983,0.7525955088890711,0.0,10.950086757647172,14.430869689661812,hard,0.08042913639098921,0.09971435034264554,0.11685231053398357,0.14254823960560248
0.0,0.0,17.907573555764447,0.07792337918856615,0.43189747096045433,0.9217374897442331,0.9217374897442331,1.0777754868245983,0.7525955088890711,0.0,17.16019813405428,14.430869689661812,hard,0.08059323828460623,0.10025709962010054,0.11719312535174391,0.14293948177274285
0.0,0.0,15.690278861749668,0.07805661080614769,0.42972646265318165,0.9217374897442331,0.9217374897442331,1.063014581273465,0.7525955088890711,0.0,15.261402294677904,14.430869689661812,hard,0.08070504360730311,0.10068696817968015,0.11743264821343957,0.14277100722986422
0.0,0.0,22.554062376898766,0.07827529215001874,0.4047108446569318,0.9217374897442331,0.9217374897442331,1.063014581273465,0.7525955088890711,0.0,21.951619530230566,14.430869689661812,hard,0.08071982563664734,0.10114293964195996,0.11736752346148357,0.1434443919124799
0.0,0.0,23.199517316818305,0.07834972118831639,0.41406123513081927,0.9217374897442331,0.9217374897442331,1.050904372433572,0.7525955088890711,0.0,21.542896741153456,14.430869689661812,hard,0.0807900202236258,0.10145851417533101,0.1169663300027605,0.14441746924416665
0.0,0.0,15.462938268577513,0.07835412614012673,0.38799971760740876,0.9217374897442331,0.9217374897442331,1.050904372433572,0.7525955088890711,0.0,15.417340886158028,14.430869689661812,hard,0.08101386798169118,0.1016181829137525,0.11682932521617748,0.14510123474204129
0.0,0.0,20.167702069378684,0.07813826709835486,0.36958038271667637,0.9624967532412771,0.9624967532412771,1.050904372433572,0.7999999999999999,0.0,15.883689747662537,14.430869689661812,hard,0.08128073419786519,0.10172729352356417,0.11684501868294125,0.14473191142706401
0.0,0.0,26.862531710219393,0.07872097061382276,0.3432431135254183,0.977547952787995,0.977547952787995,1.050904372433572,0.9340235543068494,0.0,24.66966558346505,14.430869689661812,hard,0.08119635715195311,0.10176405824801292,0.11716718903429305,0.1444383269073252
0.0,0.0,23.981909010257464,0.07919013334792996,0.3686517979454728,0.9509994742374992,0.9509994742374993,1.0562196741208714,0.9937806599043876,0.0,24.52956583390746,14.430869689661812,hard,0.08110608157019554,0.10165510040790675,0.11768319423933983,0.14462537384881327
0.0,0.0,19.94393172685858,0.07945800084104918,0.3818888772821316,0.988736567544662,0.988736567544662,1.0954451150103321,1.076289923765897,0.0,17.836412195281873,14.430869689661812,hard,0.08137763627798991,0.10171081218093116,0.11786585778290067,0.14429920684805964
0.0,0.0,13.577561247395105,0.07954590424928823,0.38218294420111637,0.980612053770501,0.9806120537705009,1.115168148756052,1.0947145746723206,0.0,12.15830580303029,14.430869689661812,hard,0.0814502464395902,0.10178159688187649,0.11780652733949522,0.14388849222422723
0.0,0.0,34.76812959207083,0.07963246244637232,0.3708421754808722,0.9433981132056604,0.9433981132056604,1.0983624174196784,1.095627673984187,0.0,35.41299196622618,14.430869689661812,hard,0.0808587316628442,0.10203451095191993,0.11724308657944696,0.14357374624831937
0.0,0.0,18.675904806573396,0.07979464547589665,0.3517191919181937,0.96,0.9599999999999999,1.0983624174196784,1.1019981851164729,0.0,18.880942773071475,14.430869689661812,hard,0.08074340912937782,0.10211345014533796,0.11740321764672233,0.14362078731495054
0.0,0.0,36.13445111597854,0.07978986418121944,0.328537150803282,1.0057832768544126,1.0057832768544126,1.0983624174196784,1.1101351269102335,0.0,31.780522336802463,14.430869689661812,hard,0.08098859041255067,0.10266155925439531,0.11679837952639056,0.14149904979127323
0.0,0.0,25.506410788960157,0.08028531156593297,0.33041036085992415,1.000199980003999,1.000199980003999,1.0809255293497326,1.0562196741208714,0.0,24.143769382596414,14.430869689661812,hard,0.08020083902810715,0.10340809933566499,0.11617972651390347,0.1409012953956773
0.0,0.0,18.90653558701607,0.08066735637351855,0.3541749927844799,1.013706071797935,1.013706071797935,1.1178550889985697,1.0215674231297707,0.0,19.565929571579268,14.430869689661812,hard,0.08077122516095682,0.10341274655385028,0.11624423761633833,0.14019396579473592
0.0,0.0,20.690277978004925,0.08126068556391218,0.3336125304568418,0.9871170143402452,0.9871170143402452,1.1178550889985697,0.9830564581955606,0.0,19.62945745556917,14.430869689661812,hard,0.08161970281911375,0.10298024870135096,0.11617311462487456,0.14066964690957393
0.0,0.0,23.24039757252575,0.08164162142371477,0.3100772015187035,1.013706071797935,1.013706071797935,1.1178550889985697,0.8544003745317531,0.0,20.268438519037424,14.430869689661812,hard,0.08233857440772192,0.10336642412326788,0.11584175266977681,0.14022325422768525
0.0,0.0,25.542799209875298,0.0824197784215434,0.3259838318925538,1.0198039027185568,1.019803902718557,1.1,0.8059776671843955,0.0,22.3157702085319,14.430869689661812,hard,0.08329579004962293,0.10342190755291399,0.11592630456369743,0.14044326683498645
0.0,0.0,22.462285131301666,0.08230229128104531,0.33355313028691486,0.9937806599043876,0.9937806599043876,1.0814804667676619,0.7539230729988305,0.0,22.22036003308677,14.430869689661812,hard,0.0834489546092428,0.1031319447644338,0.11554760558670839,0.14054684957801825
0.0,0.0,22.20161705544287,0.08258786742921408,0.340132778839417,0.9937806599043876,0.9937806599043876,1.0992724866929036,0.7539230729988305,0.0,21.771945250711983,14.430869689661812,hard,0.08381128569162011,0.10323823590354494,0.11578383321362798,0.14116125059609286
0.0,0.0,19.98667038670897,0.08294404773006578,0.32068589726198865,0.9937806599043876,0.9937806599043876,1.0992724866929036,0.7539230729988305,0.0,19.58117463279463,14.430869689661812,hard,0.08426704465675423,0.10335367955483303,0.11608455339027669,0.14309716366326833
0.0,0.0,14.958716467367509,0.08322922605672183,0.32906316646717443,0.9937806599043876,0.9937806599043876,1.116422858956229,0.7539230729988305,0.0,14.482057864820181,14.430869689661812,hard,0.08451774504417268,0.10351467536277219,0.11652451231926002,0.1436405119025946
0.0,0.0,12.829549019232921,0.08341012222750235,0.3143193696671753,0.9937806599043876,0.9937806599043876,1.116422858956229,0.7539230729988305,0.0,12.23601242235394,14.430869689661812,hard,0.08505741065960618,0.1039272364609174,0.11612124886960164,0.14422691578589136
0.0,0.0,14.468886225514325,0.0839465492357316,0.33026949441834025,0.9937806599043876,0.9937806599043876,1.1329607230614838,0.7539230729988305,0.0,13.635600463492615,14.430869689661812,hard,0.08516602866922388,0.10436951838406465,0.1167705904963174,0.14481307329579365
0.0,0.0,19.545555013410166,0.08408988004384718,0.33492355011985153,0.9937806599043876,0.9937806599043876,1.1489125293076057,0.7539230729988305,0.0,19.264360877018472,14.430869689661812,hard,0.08494785236632854,0.10432726617607979,0.11717108252645801,0.14470747515290844
0.0,0.0,27.599804295523946,0.08425158244522711,0.34324228852990185,0.9937806599043876,0.9937806599043876,1.1469960767151735,0.7539230729988305,0.0,27.53008536129156,14.430869689661812,hard,0.08513960400013597,0.1046078085266076,0.11767834443265926,0.14488798309599063
0.0,0.0,23.819489866221595,0.08421340160699227,0.3514754687670495,0.9797958971132712,0.9797958971132712,1.1447270417003348,0.7787168933572715,0.0,23.420853955396247,14.430869689661812,hard,0.0857996170002728,0.10481007514202449,0.11787167021604654,0.14487345011708244
0.0,0.0,22.633318885562034,0.08507657158788345,0.34482784435084973,0.9243376006633074,0.9243376006633074,1.1766052864066183,0.9042123644365854,0.0,22.829419615925417,14.430869689661812,hard,0.08616664861528218,0.1060642899721826,0.11898981986888567,0.1460062793263136
0.0,0.0,16.86715678862304,0.08520939992669077,0.321404438506732,0.9526804291051644,0.9526804291051644,1.1766052864066183,0.9219544457292888,0.0,13.592880489432693,14.430869689661812,hard,0.0863640757983514,0.10624135591090743,0.119344063511162,0.1463514968750818
0.0,0.0,25.788751559814287,0.085508509698302,0.30519025196766686,0.9457272334029511,0.9457272334029511,1.1766052864066183,0.9999999999999999,0.0,26.14097167283573,14.430869689661812,hard,0.08635159288871243,0.10629098438059713,0.11971083593208455,0.14588955042680737
0.0,0.0,14.902703275983628,0.08566353090073824,0.2725804219594058,0.9165151389911679,0.9165151389911679,1.1766052864066183,1.0740577265678042,0.0,14.529542319013355,14.430869689661812,hard,0.08639301441170967,0.10718302479683342,0.11994404163576317,0.14565105690015684
0.0,0.0,18.343545189883546,0.08610433479493204,0.250500611166005,0.9042123644365853,0.9042123644365854,1.1766052864066183,1.0947145746723206,0.0,17.43932338137005,14.430869689661812,hard,0.0870498807456323,0.10751699364006506,0.12013970675394918,0.1455341434980608
0.0,0.0,18.139562270637555,0.08665561147864914,0.22066696712706957,0.8774964387392122,0.8774964387392122,1.1766052864066183,1.1180339887498947,0.0,18.34757749677052,14.430869689661812,hard,0.08747921552129695,0.10779191210660638,0.12062931130005168,0.14544832905153454
0.0,0.0,29.916600278020553,0.0866157905152095,0.1868253403766288,0.8818163074019442,0.8818163074019442,1.1766052864066183,1.0954451150103324,0.0,29.539099512341263,14.430869689661812,hard,0.0878373946598951,0.10816866688254832,0.11978276490951562,0.14561094649586345
0.0,0.0,16.935767906206674,0.087024561594717,0.1709205658744345,0.8890444308357148,0.8890444308357148,1.1766052864066183,1.1056219968868202,0.0,16.418538302784448,14.430869689661812,hard,0.08808472420948367,0.1085406596020219,0.12087820587160888,0.14560539125179045
0.0,0.0,41.7842600613687,0.08657156362738044,0.2111933459314029,0.8627861844049195,0.8627861844049197,1.1737120600896969,1.0316976301223144,0.0,39.26211405413621,14.430869689661812,hard,0.08868022951618124,0.10860579143545587,0.12045938735790664,0.14378762447819915
0.0,0.0,32.29261856461703,0.08664443606442492,0.24165893329293406,0.8392854103342915,0.8392854103342915,1.1704699910719623,0.9977975746613138,0.0,32.46625324856566,14.430869689661812,hard,0.08899388965561326,0.10858254106234644,0.12132063141910765,0.14258049365247608
0.0,0.0,21.65860768471517,0.08633347300156266,0.37316548932075516,0.7810249675906654,0.7810249675906653,1.2375782803523987,0.8991106717195608,0.0,21.40467238712146,14.430869689661812,hard,0.0891156599615118,0.10820391051256069,0.12108129384306512,0.14206326279148626
0.0,0.0,17.722153582076203,0.08634973785443979,0.3797764081667284,0.8109253973085316,0.8109253973085317,1.216552506059644,0.854166260162505,0.0,17.562106935103202,14.430869689661812,hard,0.08926282936281286,0.10836447451744415,0.12093251646079095,0.14232395991686003
0.0,0.0,11.905644491234701,0.08644103955344333,0.39610188128688,0.7901898506055364,0.7901898506055364,1.2059850745345069,0.806225774829855,0.0,11.315193325789886,14.430869689661812,hard,0.08963278851657293,0.10851837790266784,0.12088107203646485,0.14219609717521306
0.0,0.0,25.14388967532643,0.08653115681688982,0.38996532751320834,0.78587530817554,0.7858753081755401,1.2001666550941996,0.7547184905645282,0.0,24.76969115673427,14.430869689661812,hard,0.08992777937335691,0.10800730526327537,0.12158689303609428,0.14181703872356075
0.0,0.0,12.478229246684775,0.08665789851347003,0.36522277134636316,0.78587530817554,0.7858753081755401,1.2001666550941996,0.7547184905645282,0.0,12.40806189539688,14.430869689661812,hard,0.09010483470257777,0.10815944408533952,0.12184683878736897,0.14195416930505747
0.0,0.0,18.43701272798383,0.0862705094339125,0.3390327382780971,0.78587530817554,0.7858753081755401,1.2001666550941996,0.7547184905645282,0.0,16.679136668305105,14.430869689661812,hard,0.0905681304507962,0.10789836329147476,0.12130483548923243,0.14168289443572823
0.0,0.0,16.264479249765753,0.08593703214442366,0.34396150871655784,0.78587530817554,0.7858753081755401,1.2432216214336043,0.7547184905645282,0.0,16.15550680108798,14.430869689661812,hard,0.09087287843499478,0.10753044098949827,0.12076440684890964,0.14136801166638227
0.0,0.0,16.89361117487376,0.08550495088676634,0.31720495768540713,0.78587530817554,0.7858753081755401,1.2432216214336043,0.7547184905645282,0.0,16.149315774979446,14.430869689661812,hard,0.09112976847251096,0.10719801454302935,0.12004437005753153,0.14123897025794244
0.0,0.0,11.459103399382638,0.0851949852730028,0.28997962237781927,0.78587530817554,0.7858753081755401,1.2432216214336043,0.7547184905645282,0.0,10.87757325877422,14.430869689661812,hard,0.0916192776505626,0.10721608612786,0.11981666212181624,0.14088498870464383
0.0,0.0,14.824841886910994,0.0850743079597531,0.2644198578066207,0.78587530817554,0.7858753081755401,1.2432216214336043,0.7547184905645282,0.0,15.132745950421556,14.430869689661812,hard,0.09226683087563592,0.10709525601514833,0.11990235296457687,0.14067469042077718
0.0,0.0,26.960843786463418,0.08485150464177726,0.2501511051372079,0.806225774829855,0.806225774829855,1.2432216214336043,0.7799999999999999,0.0,26.452531069823927,14.430869689661812,hard,0.09252203617634239,0.10712430909720873,0.11995443717899236,0.13971752643966698
0.0,0.0,17.187934350352755,0.0849295259851638,0.22173658929691023,0.8151073548925932,0.8151073548925932,1.2432216214336043,0.8268010643437755,0.0,17.11258016781806,14.430869689661812,hard,0.09309497384536815,0.1073578918742636,0.12062111326429208,0.1396019864705827
0.0,0.0,15.718169977873325,0.0852338161169327,0.26883802081131464,0.8352245207128439,0.8352245207128441,1.252996408614167,0.9260669522232181,0.0,16.067868558088218,14.430869689661812,hard,0.09336166751145182,0.10735545025311348,0.12058349847559885,0.14047394753166736
0.0,0.0,15.81447939583852,0.0855009558450416,0.24835476174746754,0.8306623862918073,0.8306623862918073,1.252996408614167,0.9759098319004683,0.0,15.483358808733975,14.430869689661812,hard,0.09345007362656856,0.1073595721206344,0.1207287375373111,0.1410221287879109
0.0,0.0,20.882744656011223,0.08580691108520741,0.25779246794520416,0.8627861844049196,0.8627861844049196,1.2302845199383758,1.0332473082471592,0.0,19.926274112337207,14.430869689661812,hard,0.09224865353268558,0.10727363563528562,0.1208896530484768,0.14069927010165326
0.0,0.0,24.656948655119656,0.08556257265583474,0.2368471939372818,0.926066952223218,0.9260669522232181,1.2302845199383758,1.0954451150103321,0.0,23.62863517006431,14.430869689661812,hard,0.0916499172168733,0.10683907610786818,0.12089534139526344,0.14106537306935357
0.0,0.0,12.704567590325496,0.08565847165744599,0.30725805725562233,0.9340235543068494,0.9340235543068494,1.2232742946698423,1.1208925015361644,0.0,11.035741932466525,14.430869689661812,hard,0.09163590342186534,0.10700493674998746,0.12090747598773101,0.1411017031152968
0.0,0.0,24.042088686277356,0.08517968342500873,0.2974893877291918,0.9442457307290301,0.9442457307290301,1.2232742946698423,1.118033988749895,0.0,24.279448099164032,14.430869689661812,hard,0.09185932315224418,0.10674330296900446,0.12055613540874559,0.1399049906318854
0.0,0.0,17.194945997490407,0.08512623022837512,0.3265403414676664,0.9380831519646858,0.938083151964686,1.2483589227461787,1.1019981851164729,0.0,17.60186353770532,14.430869689661812,hard,0.09253319806841044,0.10687955214493337,0.12066819874592088,0.14037244331776755
0.0,0.0,39.34584306904435,0.08472652515514884,0.3117814210971509,0.9380831519646858,0.938083151964686,1.2483589227461787,1.0283968105745953,0.0,36.64843243578093,14.430869689661812,hard,0.09265177551421173,0.10743692813739203,0.1205982471133654,0.14057831750186156
0.0,0.0,18.758641673622574,0.08478173734185768,0.4210294331683943,0.9526804291051644,0.9526804291051644,1.2955307792561315,0.9921693403849969,0.0,17.158135096798834,14.430869689661812,hard,0.0926618087648077,0.10777465274527534,0.12075660996768109,0.1415325271473695
0.0,0.0,15.483902516636451,0.08467844363716026,0.46151286894361154,0.9937806599043876,0.9937806599043876,1.3152946437965904,0.9184770002564028,0.0,14.713204953374365,14.430869689661812,hard,0.09272035702638959,0.10768113333542022,0.12100638744521679,0.1419730345716015
0.0,0.0,26.388837366047365,0.08499245959182064,0.4851322412005543,0.9871170143402452,0.9871170143402452,1.3169662106523463,0.897997772825746,0.0,23.123572388365947,14.430869689661812,hard,0.09223867966600492,0.10777608991088641,0.12176805081151573,0.14108981784384778
0.0,0.0,19.705422428769946,0.08490005864461776,0.48076239564186424,0.9937806599043876,0.9937806599043876,1.3416407864998738,0.8534635317340747,0.0,19.837025986775334,14.430869689661812,hard,0.09225925705523678,0.1077180055056577,0.12221454834346479,0.14092773736954387
0.0,0.0,14.534008250753672,0.08478038861900238,0.4931428427502094,0.9999999999999999,1.0,1.3607350954539241,0.8059776671843955,0.0,14.048999964410278,14.430869689661812,hard,0.09239378515285154,0.10754504538468389,0.12221505572605637,0.1413096440213686
0.0,0.0,14.729444486475414,0.08489542591719725,0.4716384223254789,0.9999999999999999,1.0,1.3607350954539241,0.8059776671843955,0.0,12.019916805036548,14.430869689661812,hard,0.09241281591443967,0.1075479652138553,0.12231298696997729,0.14184959329816874
0.0,0.0,8.689671167184812,0.08482136620127666,0.46322176985613506,0.9734474818910366,0.9734474818910366,1.3937001112147476,0.7549834435270749,0.0,7.209549223079069,14.430869689661812,hard,0.09241558085725465,0.1074069063488007,0.122400592649352,0.1418885762962008
0.0,0.0,14.826544229161016,0.08491362811020062,0.43684264328337297,0.9734474818910366,0.9734474818910366,1.3937001112147476,0.7549834435270749,0.0,14.502910052813542,14.430869689661812,hard,0.09250684958415833,0.10747387705644514,0.12246999790616774,0.14252032709316986
0.0,0.0,8.352294136042099,0.08482441484766412,0.42902018266921477,0.9734474818910366,0.9734474818910366,1.3828955130450022,0.7549834435270749,0.0,6.9739228558968165,14.430869689661812,hard,0.09255435412443992,0.10741278463633437,0.12263339956210922,0.1425245022990581
0.0,0.0,11.763080678550212,0.08506091753097784,0.4286246696074204,0.9734474818910366,0.9734474818910366,1.4005713120009278,0.7549834435270749,0.0,11.556054690074808,14.430869689661812,hard,0.09212975842995869,0.10742003192769964,0.12268704966566665,0.14279920008790045
0.0,0.0,12.54538387563174,0.08503298037766892,0.41836184866403925,0.9734474818910366,0.9734474818910366,1.374772708486752,0.7549834435270749,0.0,11.994732177085071,14.430869689661812,hard,0.09215676999111971,0.10743130533123361,0.1228698841197102,0.14272133516613092
0.0,0.0,25.13298736220938,0.0851024985553012,0.3942934373927914,0.9734474818910366,0.9734474818910366,1.374772708486752,0.7549834435270749,0.0,21.694432465496764,14.430869689661812,hard,0.09208053873724516,0.10752642799638029,0.12346482811298776,0.14260450734887992
0.0,0.0,13.867440314378184,0.08484662269030926,0.3751690866190019,0.9666436778875657,0.9666436778875657,1.374772708486752,0.7807688518377254,0.0,12.573384588089239,14.430869689661812,hard,0.09191017518341459,0.10752993915636305,0.12281699744500713,0.14285603716133352
0.0,0.0,12.398482061520431,0.08482674549092327,0.3886565133181209,1.0688311372709909,1.0688311372709909,1.3944174410842687,0.8717797887081347,0.0,11.064610250704721,14.430869689661812,hard,0.09113316944630354,0.10768183936411295,0.12291211181202,0.14349727026103204
0.0,0.0,17.36040330895516,0.08477960571253623,0.3611711286872325,1.1,1.1,1.3944174410842687,0.9297311439335567,0.0,16.778033257804683,14.430869689661812,hard,0.09105441238730562,0.10822989498485298,0.12312032444336243,0.14307660046651316
0.0,0.0,15.38597330538471,0.08504941507165456,0.33632575867076064,1.0777754868245983,1.0777754868245983,1.3944174410842687,0.980612053770501,0.0,15.16745199431994,14.430869689661812,hard,0.09124284261165577,0.10852231938985932,0.12363578202408942,0.14379794079739266
0.0,0.0,24.86975631925561,0.08484275489216633,0.3279475881201341,1.0590561835898982,1.0590561835898982,1.3821722034536796,1.0703270528207722,0.0,21.889952032839176,14.430869689661812,hard,0.09172234455795669,0.10820272516320738,0.12416801900450683,0.14379965710048767
0.0,0.0,24.153191315441322,0.08453129471558299,0.3311750553507689,1.0537551897855593,1.0537551897855593,1.412657070912824,1.0947145746723206,0.0,24.175491721989857,14.430869689661812,hard,0.09223697877661596,0.10756679296404262,0.1242751671322485,0.14360141066156154
0.0,0.0,19.555723159165627,0.08494433533403464,0.3044833242031525,1.0017983829094554,1.0017983829094554,1.412657070912824,1.1223190277278559,0.0,18.80319121851395,14.430869689661812,hard,0.09249370215027981,0.10814324217561488,0.1255345501924031,0.14381340966817815
0.0,0.0,16.310078660108758,0.0851708300234014,0.27914386381070383,1.0215674231297707,1.0215674231297707,1.412657070912824,1.102905254316979,0.0,15.612930538499171,14.430869689661812,hard,0.09165053387389825,0.10817349644631401,0.12598244913386894,0.1440298856862456
0.0,0.0,30.822611910002326,0.08567460548243666,0.400529077236332,1.0239140588936164,1.0239140588936164,1.44512975196001,1.063766891757776,0.0,29.403544004082228,14.430869689661812,hard,0.09035082850676664,0.10815089735313364,0.12653048183515075,0.14191802763876132
0.0,0.0,13.691304281826232,0.08594543426755646,0.40383803867671725,1.0031948963187562,1.0031948963187562,1.4176036117335482,1.0688311372709909,0.0,13.338665600426452,14.430869689661812,hard,0.09019888229058388,0.10811810461361811,0.12714625548643682,0.14133390259536643
0.0,0.0,18.6502555186894,0.08636061745288938,0.44197691125503696,1.0176443386566842,1.0176443386566842,1.4312232530251876,1.044030650891055,0.0,18.228823330100052,14.430869689661812,hard,0.09060642613833536,0.10807079864435219,0.12821384475249817,0.14146232153766203
0.0,0.0,16.08371659064627,0.08643380697716903,0.41405873008061683,1.0176443386566842,1.0176443386566842,1.4312232530251876,0.9921693403849969,0.0,14.075809035362763,14.430869689661812,hard,0.09060451844083922,0.10790946472105363,0.12856712072880555,0.14065801311069637
0.0,0.0,20.126209266544333,0.08681538196403266,0.3865929038799703,1.019803902718557,1.019803902718557,1.4312232530251876,0.954148835350125,0.0,20.00440951390468,14.430869689661812,hard,0.09015032378441011,0.10802534685787521,0.12909223756119592,0.14034319929188632
0.0,0.0,18.98698532318909,0.08697534833294837,0.417195302774184,0.9797958971132712,0.9797958971132712,1.444437606821423,0.8944271909999159,0.0,16.71645895517349,14.430869689661812,hard,0.09022685857373432,0.10766251247044313,0.12969222121198148,0.1400756341945622
0.0,0.0,11.491070261014707,0.08692661415266187,0.42781646571525067,0.9816312953446422,0.9816312953446422,1.4709180806557514,0.8506468127254695,0.0,10.693923508235882,14.430869689661812,hard,0.09042873627208274,0.10755124521459675,0.12994554632477123,0.1389368845433041
0.0,0.0,17.39592251854276,0.08724203251244209,0.42612514332772694,1.0,1.0,1.4832396974191326,0.8039900496896712,0.0,16.650477470631287,14.430869689661812,hard,0.09070068761034558,0.10736002064440223,0.13070361405002587,0.13875688755426396
0.0,0.0,22.476435710678533,0.08790553540195613,0.4356588296890755,1.0,1.0,1.4664242223858688,0.8039900496896712,0.0,22.243390029399745,14.430869689661812,hard,0.09086543249816542,0.10772983792904764,0.13194280496787467,0.13933818767964093
0.0,0.0,11.864217345479924,0.08822854549088076,0.4947440865652073,1.0,1.0,1.5,0.8039900496896712,0.0,10.42113237609042,14.430869689661812,hard,0.09096743255881845,0.10781506274146832,0.13253793700217864,0.139417503608952
0.0,0.0,14.990159617251955,0.08825649523960716,0.4858656549894842,1.0,1.0,1.4837789592793127,0.8039900496896712,0.0,14.488616221019866,14.430869689661812,hard,0.09118872648969328,0.10741788846934368,0.13276056422279303,0.13920361144426824
0.0,0.0,19.235886883714024,0.08892711438621483,0.4610440213475398,1.0,1.0,1.4837789592793127,0.8039900496896712,0.0,18.849042415995566,14.430869689661812,hard,0.09169644135801437,0.10805292988292269,0.13372594221031267,0.1395153892758354
0.0,0.0,18.12135298506345,0.08945705808601052,0.4419628273180982,1.0,1.0,1.4837789592793127,0.8039900496896712,0.0,17.267553387784847,14.430869689661812,hard,0.09215483130742504,0.10860754608963694,0.13426482510339285,0.1397446119972996
0.0,0.0,14.899689955584765,0.08994310660316047,0.41915879070330386,1.0215674231297707,1.0215674231297707,1.4837789592793127,0.8296987405076616,0.0,14.655524555607009,14.430869689661812,hard,0.09281147249555245,0.10918764321525203,0.13453056602627364,0.14005894557374024
0.0,0.0,8.939663159566404,0.09012396194371328,0.4011434572854118,1.0215674231297707,1.0215674231297707,1.4837789592793127,0.8296987405076616,0.0,8.10977188335159,14.430869689661812,hard,0.09294288469087045,0.10931753250710827,0.1346985537300356,0.13972681243747115
0.0,0.0,10.631309357355537,0.09010745478398742,0.39714414366582884,1.0239140588936164,1.0239140588936164,1.5074481748969017,0.8774964387392122,0.0,10.051865498503249,14.430869689661812,hard,0.09283475218762023,0.10884161748286163,0.13484917451935652,0.13985365791141285
0.0,0.0,16.731282409321043,0.0903247492563515,0.39835531268343666,0.9635351576356723,0.9635351576356723,1.4907716122867378,0.9977975746613138,0.0,15.257470301462167,14.430869689661812,hard,0.09275550058105081,0.10903361074862522,0.13520425293364913,0.13984446634282197
0.0,0.0,13.611832633944648,0.09021717872384825,0.41703860619592914,0.9977975746613138,0.9977975746613138,1.4871449156017043,1.0734989520255716,0.0,13.125608557320303,14.430869689661812,hard,0.09268764073845748,0.10850369757564497,0.1351661146273062,0.13944784879523636
0.0,0.0,14.77679786158829,0.09045490258879525,0.3981811356210911,1.0215674231297707,1.0215674231297707,1.4871449156017043,1.1315476127852508,0.0,15.411800673509891,14.430869689661812,hard,0.09285137040291701,0.10842509987198684,0.1353969757866477,0.1394394151394328
0.0,0.0,10.464365016141889,0.09051591038980218,0.3804942840243344,1.0229369482035537,1.0229369482035537,1.4871449156017043,1.1461239025515524,0.0,9.232746070373645,14.430869689661812,hard,0.09275972738664245,0.10811058690141882,0.1353411656592882,0.13965218304585292
0.0,0.0,12.517638535165712,0.09062322036325014,0.4471093252508387,1.0215674231297707,1.0215674231297707,1.46982992213385,1.1385956261992227,0.0,10.239628899525608,14.430869689661812,hard,0.0929006988572936,0.10787366687936599,0.13542894669965055,0.14015501892385182
0.0,0.0,14.786636044951374,0.09085284714201751,0.47299122593433807,1.0910545357588683,1.0910545357588686,1.4730919862656235,1.1461239025515524,0.0,11.919077145484042,14.430869689661812,hard,0.09271241011958911,0.10770048706496428,0.1354576996948622,0.14001489216972315
0.0,0.0,18.05128971786679,0.0910977488490179,0.5204601076591162,1.0934349546269315,1.0934349546269315,1.5226293048539425,1.149086593777858,0.0,17.97883199765769,14.430869689661812,hard,0.09243345810607613,0.1077813498278575,0.13594081957518442,0.139825107372192
0.0,0.0,14.246910203021176,0.09128097596715762,0.49432165666337446,1.0934349546269317,1.0934349546269317,1.5164432069813891,1.1435033887138244,0.0,13.1679003641431,14.430869689661812,hard,0.0920081246412072,0.10719492354185296,0.13639519053766527,0.1401047518419404
0.0,0.0,14.100416359141116,0.09136167397787674,0.466618511787382,1.037111372997134,1.037111372997134,1.5164432069813891,1.0734989520255713,0.0,12.646090304912423,14.430869689661812,hard,0.09170436028298781,0.10708182915767553,0.13664288490047505,0.14024060351511944
0.0,0.0,8.395153683404251,0.0913783812350261,0.4717663187353833,1.0150862032359615,1.0150862032359615,1.542595215861893,0.947417542586161,0.0,7.49143510951006,14.430869689661812,hard,0.09152797660413044,0.1068170805139359,0.13674178114546492,0.14048906448749537
0.0,0.0,15.425621449875303,0.09134597965731017,0.4812420002571374,1.037111372997134,1.037111372997134,1.5153877391611692,0.9297311439335567,0.0,14.793836554457398,14.430869689661812,hard,0.09071016487759918,0.10678592358219219,0.136955210101294,0.14040757680520025
0.0,0.0,13.205490658311719,0.09130507691890603,0.47114066231528556,1.0562196741208714,1.0562196741208714,1.547126368465097,0.845931439302264,0.0,11.282925152636617,14.430869689661812,hard,0.09044820226553732,0.10660703571211802,0.13707705619633048,0.1404772218480964
0.0,0.0,9.576431409326322,0.09139200936357188,0.446370180023731,1.0562196741208714,1.0562196741208714,1.547126368465097,0.845931439302264,0.0,9.237423883312923,14.430869689661812,hard,0.09028367379183772,0.10692039399008561,0.13707143926423448,0.140261000863156
0.0,0.0,16.35604520215433,0.09140169739462883,0.4293033478615074,1.0562196741208714,1.0562196741208714,1.547126368465097,0.845931439302264,0.0,15.424772283570347,14.430869689661812,hard,0.09036260310376946,0.10643058950143953,0.13689884724761373,0.1404701988887161
0.0,0.0,24.002849711957218,0.0911869692547929,0.40741379011620427,1.034601372510205,1.0346013725102052,1.547126368465097,0.7999999999999999,0.0,24.18597940956703,14.430869689661812,hard,0.09026195107799029,0.10648849514595977,0.13641829454348373,0.14029756249151643
0.0,0.0,15.445909863357459,0.09149626340689908,0.38573922580344644,1.034601372510205,1.0346013725102052,1.547126368465097,0.7999999999999999,0.0,14.588228130928032,14.430869689661812,hard,0.0903386678361326,0.10724044677669403,0.13676144476156749,0.14055595636348242
0.0,0.0,15.454029253793431,0.09202927036206685,0.3596797915899315,1.034601372510205,1.0346013725102052,1.547126368465097,0.7999999999999999,0.0,15.097668694205737,14.430869689661812,hard,0.09049082136804766,0.10799614248048377,0.1375471130363298,0.1412553947524261
0.0,0.0,25.21756172870745,0.09239571823279988,0.356539680242129,1.034601372510205,1.0346013725102052,1.57797338380595,0.7999999999999999,0.0,23.984403265455658,14.430869689661812,hard,0.09102342176217205,0.10876542688142832,0.13800330497468466,0.1417609551652391
0.0,0.0,19.698971463607343,0.0928555712387826,0.33146740218071113,1.034601372510205,1.0346013725102052,1.57797338380595,0.7999999999999999,0.0,19.410306540598476,14.430869689661812,hard,0.09134541369398803,0.10960378740310461,0.1384479573121304,0.14220070445867453
0.0,0.0,20.547344551560347,0.09301248902979471,0.36014706458911,1.034601372510205,1.0346013725102052,1.5829087149927503,0.7999999999999999,0.0,20.518489223137266,14.430869689661812,hard,0.092265971034007,0.1101501241879286,0.13891289998928888,0.14261057715858727
0.0,0.0,25.95329359475396,0.09326577365835874,0.33428581909785865,1.034601372510205,1.0346013725102052,1.5829087149927503,0.7999999999999999,0.0,25.74435083663987,14.430869689661812,hard,0.09254883199144036,0.11065895261260011,0.13923764814614392,0.143065253593472
0.0,0.0,36.42350825470139,0.09331601929268556,0.34333371017105524,0.9848857801796106,0.9848857801796106,1.5749285698088025,0.9635351576356723,0.0,36.95093503553056,14.430869689661812,hard,0.09325222944185567,0.11120988035983277,0.1394057899576864,0.14287945482393474
0.0,0.0,28.31418662075487,0.09359711672471432,0.32333614199620625,0.938083151964686,0.938083151964686,1.5749285698088025,1.0537551897855593,0.0,28.647938843833074,14.430869689661812,hard,0.09405395240768133,0.1124106278221218,0.13944965383897426,0.14281759949565437
0.0,0.0,30.727441260873373,0.09374280608594003,0.3605283331523644,0.9141115905621151,0.9141115905621151,1.591979899370592,1.1101351269102335,0.0,30.32639114698615,14.430869689661812,hard,0.0949962861530299,0.11358923503661011,0.13910513702057187,0.14259245470901963
0.0,0.0,28.496062919767553,0.09430175335099866,0.45872917790494905,0.932952303175248,0.9329523031752481,1.5976232346833217,1.1551623262554922,0.0,28.367699942011516,14.430869689661812,hard,0.09497194487122332,0.11378240368444816,0.14014597950662466,0.14227489347276845
0.0,0.0,14.749776474305683,0.09445571955434168,0.5102875510754425,0.9357350052231668,0.9357350052231668,1.6031219541881396,1.149086593777858,0.0,12.128000659630588,14.430869689661812,hard,0.09512682963769842,0.11393384389223722,0.1407133682824145,0.14200868383005855
0.0,0.0,27.51682076930782,0.09466121951681479,0.5401884139801697,0.8717797887081347,0.8717797887081347,1.5825296205758677,1.1661903789690602,0.0,26.00631461780004,14.430869689661812,hard,0.09502318323175962,0.11473415162911028,0.14106054413010252,0.14194720999845428
0.0,0.0,15.99661837287205,0.09531248973687839,0.5262680811040802,0.8944271909999159,0.8944271909999159,1.5589740215924062,1.1461239025515524,0.0,16.995305234093326,14.430869689661812,hard,0.09540134828062614,0.11561728694015533,0.14162540680211,0.14245464817432643
0.0,0.0,18.879094111901967,0.09588026789302834,0.5066579729714848,0.8754427451295714,0.8754427451295714,1.5589740215924062,1.142628548566856,0.0,18.262705166540908,14.430869689661812,hard,0.09558708979027007,0.11617571385041839,0.14238881020168204,0.14242017366217036
0.0,0.0,22.38684291388566,0.0966511804739255,0.5156821573217383,0.8991106717195608,0.8991106717195608,1.5986244086714052,1.1079711187571633,0.0,22.38382451682464,14.430869689661812,hard,0.09589605961752573,0.11667237666187541,0.14281502976653446,0.14242493885350854
0.0,0.0,15.621410009691415,0.09684403057329233,0.49256764061134906,0.8991106717195608,0.8991106717195608,1.5986244086714052,1.063766891757776,0.0,14.956857958809398,14.430869689661812,hard,0.09615785000701595,0.11696455174767123,0.1429797576105222,0.14243387634066587
0.0,0.0,22.72172880695779,0.09691184091236907,0.48533881726726896,0.8541662601625049,0.8541662601625049,1.61245154965971,1.04,0.0,22.98500380683023,14.430869689661812,hard,0.09622949445126827,0.1168670062287225,0.1434503511181243,0.14098801358052704
0.0,0.0,16.539406466013844,0.0970834581220619,0.46228081254722275,0.8284926070883192,0.8284926070883192,1.61245154965971,0.8662563131083085,0.0,15.859836064726522,14.430869689661812,hard,0.09580739368893589,0.11700072340618584,0.14388332817442798,0.14097539280101207
0.0,0.0,16.372185870024744,0.09753785917019514,0.4883812913615543,0.8284926070883192,0.8284926070883192,1.6381697103780184,0.8662563131083085,0.0,16.044238841403477,14.430869689661812,hard,0.09595382049492258,0.117346749924794,0.14455340155995652,0.1409240454497616
0.0,0.0,15.30932950324396,0.09758446877392025,0.46910975231125274,0.8052328855678957,0.8052328855678957,1.6381697103780184,0.845931439302264,0.0,15.61081676274499,14.430869689661812,hard,0.09616945704171823,0.1171699092701133,0.14479066211821054,0.14109070857577896
0.0,0.0,15.006440431316566,0.09745876005415088,0.449590659688954,0.8059776671843955,0.8059776671843955,1.6381697103780184,0.7999999999999999,0.0,12.841121446353506,14.430869689661812,hard,0.09624693559935499,0.11704151797005709,0.14422547174407793,0.14125190894168907
0.0,0.0,17.69835214296371,0.09753702066735143,0.48201733669138797,0.8059776671843955,0.8059776671843955,1.6871277367170514,0.7999999999999999,0.0,17.048507266033585,14.430869689661812,hard,0.09663526046682279,0.11732555433155176,0.1442715459159652,0.1411943429221416
0.0,0.0,17.864369682952297,0.09773265506866383,0.4611341731132336,0.8059776671843955,0.8059776671843955,1.6871277367170514,0.7999999999999999,0.0,15.838244852255567,14.430869689661812,hard,0.0968410993966512,0.1179694404177562,0.1443865484432605,0.14109286610626876
0.0,0.0,10.482196604941903,0.09793015677972775,0.44775462576575437,0.8059776671843955,0.8059776671843955,1.6871277367170514,0.7999999999999999,0.0,9.839288592169659,14.430869689661812,hard,0.09676141732716106,0.11824735012703219,0.1447639785533194,0.1408553645455312
0.0,0.0,11.081270891805945,0.09799228027893239,0.4967704454916086,0.8059776671843955,0.8059776671843955,1.6643316977093239,0.7999999999999999,0.0,9.234305604646188,14.430869689661812,hard,0.09676363912284511,0.11819342933576188,0.1446932202707799,0.14072302324049968
0.0,0.0,10.598924779398052,0.09814271139739636,0.5070830972716303,0.8059776671843955,0.8059776671843955,1.7344739836619054,0.7999999999999999,0.0,10.09126354823815,14.430869689661812,hard,0.09686377457252657,0.11850044251235937,0.14481734901788,0.14064136878169606
0.0,0.0,15.042152019737186,0.09844222737456242,0.4808396300985401,0.8059776671843955,0.8059776671843955,1.7344739836619054,0.7999999999999999,0.0,15.421815716704694,14.430869689661812,hard,0.09705173347797089,0.11853561984061432,0.14541680679642513,0.14075173094524018
0.0,0.0,16.937483166554586,0.09862938140541853,0.5188663616799176,0.8991106717195608,0.8991106717195608,1.730780170905595,0.9219544457292888,0.0,16.28792190551023,14.430869689661812,hard,0.09698007581412925,0.11842378917359571,0.14559137461293833,0.14071467138295854
0.0,0.0,18.644404248304607,0.09855734384301827,0.5205715698265692,0.9431860898041277,0.9431860898041277,1.7749366185867033,1.019803902718557,0.0,15.764517119150844,14.430869689661812,hard,0.0971606468440881,0.11820341887556596,0.14562441940501106,0.14075399765315633
0.0,0.0,34.12157773440822,0.09896263099915338,0.6561837254999456,0.9425497334358544,0.9425497334358544,1.772681584492827,1.0816653826391969,0.0,34.70674862328651,14.430869689661812,hard,0.09693267793328031,0.11863132089183373,0.1453807198273381,0.14085561160927768
0.0,0.0,15.065708658993634,0.09909961169125663,0.6527527248206091,0.8997777503361595,0.8997777503361595,1.8,1.131370849898476,0.0,14.939892904569295,14.430869689661812,hard,0.09734534677460233,0.11867597700401808,0.14541238261193634,0.14089042416695471
0.0,0.0,22.045142191209187,0.09906781098708735,0.6482486408603954,0.8997777503361595,0.8997777503361595,1.7889661819050688,1.1377170122662312,0.0,18.606278510223373,14.430869689661812,hard,0.0981383811241305,0.1185014401191129,0.14525387771539547,0.14122765089770692
0.0,0.0,32.780817632285064,0.09949176366413401,0.6262562881924605,0.9199999999999999,0.9199999999999999,1.773583942191629,1.1461239025515522,0.0,32.27509256377122,14.430869689661812,hard,0.09967122736308337,0.1186787234657273,0.14505309420676205,0.14066381526571403
0.0,0.0,18.610501533063687,0.10008877640776163,0.618415381839834,0.9414881836751855,0.9414881836751855,1.7982213434391217,1.131370849898476,0.0,18.06664329641785,14.430869689661812,hard,0.100680014234032,0.11875101323737061,0.14488741473199065,0.14136459038247887
0.0,0.0,38.13505027616546,0.09969517335660143,0.6184901392922814,0.9414881836751856,0.9414881836751856,1.8274572498419765,1.1285388783732708,0.0,36.64836149134092,14.430869689661812,hard,0.10050374121895439,0.11785316091158032,0.1428028897806302,0.14206085143914093
0.0,0.0,23.370151078174953,0.09971800262860094,0.5863337765985261,0.9848857801796105,0.9848857801796105,1.8274572498419765,1.1315476127852508,0.0,19.572429588581997,14.430869689661812,hard,0.10130963137178642,0.11750988014901001,0.14223122459439613,0.14236347569403712
0.0,0.0,12.701253001417697,0.0997083967509849,0.5557675757021344,0.9848857801796105,0.9848857801796105,1.8274572498419765,1.0897706180660223,0.0,12.586167009856496,14.430869689661812,hard,0.10206666791767277,0.11713301005537599,0.1420497379104268,0.14296095346616627
0.0,0.0,28.940805017928497,0.09933879966500994,0.5353265979665166,0.964157663455516,0.964157663455516,1.8274572498419765,1.03072789813801,0.0,29.32262607612081,14.430869689661812,hard,0.10137638442654047,0.11526311530696146,0.1415175181182342,0.14341262894948156
0.0,0.0,17.824000489317168,0.09940906477916542,0.5180432706227959,1.0244998779892558,1.0244998779892558,1.8,0.9042123644365854,0.0,17.627807577801615,14.430869689661812,hard,0.1019989665076386,0.11444695328804037,0.1414344688635448,0.14358089417156666
0.0,0.0,26.43931764077634,0.09936250504975092,0.5318638479559478,1.004987562112089,1.004987562112089,1.8054362353736009,0.8627861844049197,0.0,22.88286695324692,14.430869689661812,hard,0.10174984348262373,0.11379000010950036,0.14120904595294667,0.1435870056781145
0.0,0.0,17.7332323822537,0.09939895540344162,0.5077760831311976,1.004987562112089,1.004987562112089,1.8054362353736009,0.8627861844049197,0.0,17.192428566086875,14.430869689661812,hard,0.10246058223340694,0.1133411461161863,0.1409955381276619,0.14356611528068966
0.0,0.0,13.495037256795293,0.09955284556668474,0.4817459072879729,1.004987562112089,1.004987562112089,1.8054362353736009,0.8627861844049197,0.0,13.12800060938451,14.430869689661812,hard,0.10237096263754722,0.11349283380752868,0.1410412869391964,0.1435512576979633
0.0,0.0,11.693927088012213,0.0993979954179105,0.48590596894435756,1.044030650891055,1.044030650891055,1.7995555006723187,0.79724525711979,0.0,9.937806599043876,14.430869689661812,hard,0.1028037174338699,0.11353899093438787,0.1409839325933031,0.14294442684479552
0.0,0.0,10.338052107958653,0.09963875406930237,0.46849995780255776,1.044030650891055,1.044030650891055,1.7995555006723187,0.79724525711979,0.0,9.206867002406412,14.430869689661812,hard,0.10325605559759954,0.11365102930936112,0.1410966457125438,0.14300129879861875
0.0,0.0,23.548389970814387,0.0998797408473629,0.4550748676205773,1.044030650891055,1.044030650891055,1.7995555006723187,0.79724525711979,0.0,23.816137386234573,14.430869689661812,hard,0.10341835661698685,0.11364152382827865,0.14142503434886963,0.14362202979803332
0.0,0.0,15.346212648232594,0.10047325516067515,0.4349207604014143,1.044030650891055,1.044030650891055,1.7995555006723187,0.79724525711979,0.0,15.252816133422707,14.430869689661812,hard,0.10414826576375079,0.11367182278562243,0.14187139219951428,0.1451202787110216
0.0,0.0,18.557769329953665,0.10100864835013502,0.44435501038114344,1.044030650891055,1.044030650891055,1.7758378304338491,0.79724525711979,0.0,17.680735278828198,14.430869689661812,hard,0.10453247661425616,0.11400004512670286,0.14236787512282253,0.14639306287715304
0.0,0.0,17.879703671777676,0.10129504545476367,0.4197959774311743,1.044030650891055,1.044030650891055,1.7758378304338491,0.79724525711979,0.0,17.826598105078826,14.430869689661812,hard,0.10495041351644176,0.11435951440535362,0.14305239343543916,0.1468676429690359
0.0,0.0,21.47957983773322,0.10156228399774309,0.40253071848568067,1.043264108459598,1.043264108459598,1.7758378304338491,0.8506468127254695,0.0,21.28958430782527,14.430869689661812,hard,0.10534893278315165,0.11452320975807666,0.1433640944996373,0.14792815547906457
0.0,0.0,20.744589885675353,0.10174353667104893,0.44728975691946055,1.044030650891055,1.044030650891055,1.7959955456514918,0.8991106717195609,0.0,19.930880562584285,14.430869689661812,hard,0.10601605263598002,0.1151712328532232,0.1433006322090102,0.14797158960283036
0.0,0.0,8.199131919851254,0.10178427302299815,0.4447956485221003,1.044030650891055,1.044030650891055,1.8150482087261486,0.9840731680114035,0.0,6.791170738539859,14.430869689661812,hard,0.10601488109813599,0.11537528245267016,0.14327560778151907,0.14800764367275904
0.0,0.0,11.126487886342662,0.10188977195522138,0.4990403352423381,1.0983624174196784,1.0983624174196784,1.9109160107131868,1.0665833300778707,0.0,9.068274367265252,14.430869689661812,hard,0.10682053085726285,0.1153610089449211,0.14305518163494071,0.1480674716762344
0.0,0.0,21.94899375052429,0.10216461320461619,0.5026886708738114,1.074988372030135,1.074988372030135,1.895362762111781,1.1101351269102335,0.0,21.896931291850002,14.430869689661812,hard,0.10673278759761502,0.11523651441494064,0.14348465535976498,0.14806990569193781
0.0,0.0,20.400653504119145,0.10270269405283548,0.4774912459416498,1.1271202242884297,1.1271202242884297,1.895362762111781,1.1377170122662312,0.0,20.35371219212849,14.430869689661812,hard,0.1062632708310817,0.11561287825295859,0.14374694590272477,0.1477880339413498
0.0,0.0,14.196741859541286,0.10284764431408451,0.4848471567963411,1.1447270417003348,1.1447270417003346,1.857417562100671,1.1249888888340187,0.0,10.36781558477966,14.430869689661812,hard,0.10633941652824874,0.11563748198308738,0.1435975838874253,0.14768199759110381
0.0,0.0,10.67403106122722,0.10304409529391144,0.49994076209768773,1.1391224692718513,1.1391224692718513,1.9019989484749984,1.1461239025515522,0.0,9.510015772857583,14.430869689661812,hard,0.10713986764238799,0.11582607024964188,0.14345543605732755,0.14742699851403848
0.0,0.0,13.999961818681085,0.10304103757787389,0.47802500634773054,1.1391224692718513,1.1391224692718513,1.9019989484749984,1.1482160075525858,0.0,14.778105426610002,14.430869689661812,hard,0.10716609629765968,0.1160207067824987,0.1432730873139911,0.14700905390424213
0.0,0.0,11.969102134824922,0.10321484178871,0.47440849969655174,1.0749883720301352,1.0749883720301352,1.8932511719262186,1.102905254316979,0.0,10.91364283820943,14.430869689661812,hard,0.10704601239246904,0.11615664255496251,0.143256574493958,0.14693635096452354
0.0,0.0,12.349838317637875,0.10364992821607856,0.453335671576701,1.0392304845413265,1.0392304845413265,1.8932511719262186,1.0703270528207722,0.0,12.691115002236803,14.430869689661812,hard,0.10709635502881036,0.11692426799035947,0.14333236923746115,0.14687659270015704
0.0,0.0,18.19584861182691,0.10358260945680405,0.4707002943069798,1.0409610943738483,1.0409610943738483,1.9158288023724879,0.9937806599043876,0.0,18.23720373302881,14.430869689661812,hard,0.10717033580009704,0.11709291263379863,0.14316258775450763,0.1469772184719462
0.0,0.0,10.801651719180356,0.10366752279431882,0.4497976061655091,1.0583005244258363,1.0583005244258363,1.9158288023724879,0.9591663046625439,0.0,10.573192516926946,14.430869689661812,hard,0.10687344481081716,0.11749127541313459,0.1431380680174243,0.14703758998874392
0.0,0.0,13.111050028471313,0.10398035225096534,0.5103254367253871,1.0537551897855593,1.0537551897855593,1.9296631830451656,0.9286549412995119,0.0,12.349914979464433,14.430869689661812,hard,0.10747318242557556,0.11769159107561022,0.14319609429801594,0.14706329579348348
0.0,0.0,11.473845326448698,0.10413693657594345,0.4854278106998189,1.0316976301223144,1.0316976301223144,1.9296631830451656,0.8901685233707155,0.0,10.838745314841567,14.430869689661812,hard,0.10778156201141456,0.11797564354774943,0.1431252782508165,0.14705242217389616
0.0,0.0,14.124940676976177,0.10434235262396616,0.4516647214225136,1.0150862032359615,1.0150862032359615,1.9296631830451656,0.8726969691708572,0.0,13.155135879191821,14.430869689661812,hard,0.10793805542509906,0.11833524130432294,0.14337497463168825,0.1470343583616674
0.0,0.0,9.45384455419011,0.10438631526655405,0.4298763703999978,1.0150862032359615,1.0150862032359615,1.9296631830451656,0.8726969691708572,0.0,9.444913975256737,14.430869689661812,hard,0.10807004973151021,0.11844703245500687,0.14345532067501382,0.14698885016756444
0.0,0.0,7.0535184975742204,0.10442121237481833,0.4078064620260712,1.0150862032359615,1.0150862032359615,1.9296631830451656,0.8726969691708572,0.0,6.010524103603611,14.430869689661812,hard,0.10838474386955353,0.11849385387617876,0.14320534096499257,0.14686472049438304
0.0,0.0,8.508730830499783,0.10440200469454043,0.38996343294923125,0.992169340384997,0.992169340384997,1.9296631830451656,0.8306623862918076,0.0,7.7723870207292185,14.430869689661812,hard,0.10856451495987621,0.11854466948026256,0.14297920240264336,0.14687833963827712
0.0,0.0,12.305893659882697,0.104447632962892,0.3709858997606103,0.992169340384997,0.992169340384997,1.9296631830451656,0.8306623862918076,0.0,11.844678129860684,14.430869689661812,hard,0.10914800977024472,0.11859499118883726,0.14282062410840207,0.1469371121603144
0.0,0.0,8.59725031872911,0.10454111740548656,0.35053535697630367,0.992169340384997,0.992169340384997,1.9296631830451656,0.8306623862918076,0.0,8.429685640639274,14.430869689661812,hard,0.10932169530551243,0.11845279830159304,0.14308930144803095,0.14704531328140097
0.0,0.0,22.000143727228938,0.10447374858045193,0.4026074430204549,0.9887365675446621,0.9887365675446621,1.9518196638009362,0.8588364221433556,0.0,21.062345548395125,14.430869689661812,hard,0.10992323290258342,0.11906462895696918,0.1427287776361953,0.14704909481225462
0.0,0.0,16.530069723568573,0.10456734877265252,0.4594291309791561,0.992169340384997,0.992169340384997,1.9923855048659633,0.9357350052231668,0.0,15.549006399124027,14.430869689661812,hard,0.11115649176374348,0.11905140861456485,0.14298374803151326,0.14712825800253726
0.0,0.0,18.759438685096534,0.10481431414197889,0.46445296420209303,1.0087616170334794,1.0087616170334794,2.0416659863944444,1.0031948963187562,0.0,18.097999889490552,14.430869689661812,hard,0.11201586944117707,0.11915317206243363,0.14325013689717603,0.1472563870463513
0.0,0.0,12.035225089060026,0.104974080876542,0.43573929346415285,1.0087616170334794,1.0087616170334794,2.0416659863944444,1.0244998779892558,0.0,11.679469166019489,14.430869689661812,hard,0.11259361787464918,0.11946601040756744,0.14341326417617334,0.1473306900637471
0.0,0.0,17.06826052730444,0.10524086708415126,0.4478062702981673,0.9643650760992956,0.9643650760992956,2.06,1.12942463227964,0.0,16.437712736265958,14.430869689661812,hard,0.11316210528562563,0.11919195040609434,0.14344769292295667,0.14748424561149384
0.0,0.0,14.788671933600078,0.10537465506974131,0.45402235768593396,0.9340235543068494,0.9340235543068494,2.077402223932573,1.1532562594670797,0.0,13.766175939599202,14.430869689661812,hard,0.11349895476092844,0.11896201708368187,0.14358845140614943,0.14767137459915364
0.0,0.0,8.725540748951945,0.1054642597837226,0.43475053362984906,0.9068627239003707,0.9068627239003708,2.077402223932573,1.158619868636819,0.0,6.454176942105012,14.430869689661812,hard,0.11326275933181981,0.11893054304040133,0.1436070381921462,0.14783993794982464
0.0,0.0,24.128504192090052,0.10630238408904145,0.42418825073331484,0.8717797887081347,0.8717797887081347,2.076150283577757,1.1661903789690602,0.0,23.89848530765078,14.430869689661812,hard,0.11296424412261308,0.11870784593675938,0.1439307607236142,0.14839037807494435
0.0,0.0,30.07819641120154,0.10727460053551141,0.4036257731804208,0.8874683092933515,0.8874683092933516,2.076150283577757,1.1663618649458665,0.0,30.17366401350688,14.430869689661812,hard,0.11284924882092907,0.1195271545654773,0.1449502929782056,0.14825824389983958
0.0,0.0,18.64606180579377,0.10726151667494938,0.3791873521763234,0.9008884503644167,0.9008884503644167,2.076150283577757,1.118033988749895,0.0,17.941727898951093,14.430869689661812,hard,0.11272281024098885,0.11901588464308453,0.1451567866539177,0.1477506297586922
0.0,0.0,21.46364388630588,0.10767223602107907,0.4267393142502089,0.916515138991168,0.916515138991168,2.12075458268985,1.076289923765897,0.0,20.771133815947554,14.430869689661812,hard,0.11158124993350838,0.11895817475103956,0.14563070417083016,0.1470079761115116
0.0,0.0,23.94382106904811,0.10796143508344316,0.43985956844795554,0.9389355675444401,0.9389355675444401,2.135790251873999,1.0322790320451152,0.0,24.202487475464167,14.430869689661812,hard,0.11129610857008632,0.11869214432953859,0.14596222193327557,0.14545652103820997
0.0,0.0,15.955943390405935,0.10814255028084294,0.4178323440605874,0.9551963149007643,0.9551963149007643,2.135790251873999,0.98,0.0,15.263498943558124,14.430869689661812,hard,0.11131157057285967,0.11871006209334871,0.14576589211570112,0.1450342779614203
0.0,0.0,17.42556117469152,0.10812011511104912,0.4297329508791634,0.9499473669630334,0.9499473669630334,2.1336353952819587,0.9871170143402452,0.0,17.71111515404945,14.430869689661812,hard,0.10992825895028571,0.11863404105636229,0.14578222668394208,0.14472758055315957
0.0,0.0,20.923269989814834,0.1080708688838357,0.39913385218780123,0.96,0.96,2.1336353952819587,0.9165151389911681,0.0,20.376496264078376,14.430869689661812,hard,0.10887758559360527,0.11866463763620987,0.14581070667029947,0.14457515951414146
0.0,0.0,8.442029928502976,0.10817223486364409,0.3753844780497386,0.96,0.96,2.1336353952819587,0.9165151389911681,0.0,8.039800992561943,14.430869689661812,hard,0.108927992654101,0.11886198313539488,0.14586977371586388,0.14472838409425492
0.0,0.0,14.1341547455951,0.10809451250005013,0.40051364619456375,0.9759098319004682,0.9759098319004682,2.1592591322025245,0.9008884503644167,0.0,14.545391022588563,14.430869689661812,hard,0.1083403281494013,0.11870364830845889,0.14560504626393045,0.14502663760430218
0.0,0.0,17.097310040183732,0.1079996259135058,0.40676003518105436,0.9759098319004682,0.9759098319004682,2.128755504984074,0.9008884503644167,0.0,16.413945290514402,14.430869689661812,hard,0.10824430579272641,0.11840161886803097,0.14551062691971953,0.14578650667149975
0.0,0.0,38.355194273709465,0.10675702410243607,0.4076728114677584,0.9707728879609279,0.9707728879609278,2.1447610589527217,0.8616263691415206,0.0,38.88958729531595,14.430869689661812,hard,0.10764340978692856,0.11569994469736615,0.14474837243279862,0.14617994753504832
0.0,0.0,17.109677834971606,0.1064301267869254,0.38701964176454035,0.9707728879609279,0.9707728879609278,2.1447610589527217,0.8616263691415206,0.0,16.549996978851688,14.430869689661812,hard,0.10751026930039859,0.11518516067838237,0.14500619695703199,0.14608763940205927
0.0,0.0,10.883718254374662,0.10628377600091866,0.49656347426571834,0.9707728879609279,0.9707728879609278,2.250688783461632,0.8616263691415206,0.0,8.817913585423709,14.430869689661812,hard,0.10760649408521461,0.11498218343320045,0.14498054984405556,0.14619874670106742
0.0,0.0,21.979365441267312,0.10578268429858961,0.4858558336760326,0.9759098319004681,0.9759098319004682,2.2561028345356955,0.8901685233707155,0.0,21.299211253001832,14.430869689661812,hard,0.10771778370530392,0.11449746954678168,0.14393188592903,0.14599410477509234
0.0,0.0,14.798470341870928,0.10559799637214816,0.49159812959189486,0.9759098319004681,0.9759098319004682,2.239732126840172,0.8901685233707155,0.0,13.964297332841348,14.430869689661812,hard,0.10787174184383767,0.11441744337840519,0.14370098468948406,0.14592180593292609
0.0,0.0,47.05465440378935,0.10493140954417916,0.4660294241871946,1.0007996802557444,1.0007996802557442,2.239732126840172,0.9682974749528165,0.0,43.00590192055039,14.430869689661812,hard,0.10847701161424439,0.11477466627320564,0.14199924336623845,0.1441331164184247
0.0,0.0,18.315282826636345,0.10470393436514361,0.49317657319564884,0.96,0.96,2.258229394902121,1.058300524425836,0.0,18.094816937454766,14.430869689661812,hard,0.10873416527979556,0.11476001053998058,0.14129195713253495,0.14388192427574256
0.0,0.0,12.39667180554554,0.10470177403857209,0.5001408091071867,0.9797958971132712,0.9797958971132712,2.293381782433967,1.153082824431966,0.0,12.329298439084036,14.430869689661812,hard,0.1086188442576357,0.11496939541495148,0.14112345177216537,0.14402681203077652
0.0,0.0,15.076625270477175,0.10446411122216558,0.4738016632896227,1.0057832768544126,1.0057832768544126,2.293381782433967,1.1525623627379127,0.0,14.67209596478976,14.430869689661812,hard,0.10885588525273078,0.11493139626335985,0.14066554640127882,0.14379312005941386
0.0,0.0,14.880114838225248,0.10412047746169432,0.43886931041621285,1.013706071797935,1.013706071797935,2.293381782433967,1.1934822998268553,0.0,15.348954361779827,14.430869689661812,hard,0.10798736445095862,0.11504073840293783,0.14039283968896382,0.14355558562542353
0.0,0.0,15.050548362418796,0.10400420018416917,0.44786464526056763,1.0268398122394748,1.0268398122394748,2.3320377355437456,1.2172099243762353,0.0,14.875765526519972,14.430869689661812,hard,0.10750160030159135,0.1152230220213886,0.1400426553818391,0.14315265615905948
0.0,0.0,12.412209227106196,0.10400117607526824,0.4304948100012208,1.0392304845413265,1.0392304845413265,2.3187065359807826,1.2092973166264778,0.0,11.4115905990357,14.430869689661812,hard,0.10716039604240206,0.11534573530841914,0.14018432673430653,0.14322854564669768
0.0,0.0,24.471091417349513,0.10429341840336531,0.4096131502099178,1.0307278981380101,1.0307278981380101,2.3187065359807826,1.1832159566199234,0.0,24.924975426266727,14.430869689661812,hard,0.10709049924514377,0.1156064296635177,0.14054639189360008,0.14226255679637084
0.0,0.0,11.970354868345161,0.10435349633676587,0.38783313283449405,1.063766891757776,1.063766891757776,2.3187065359807826,1.1833849753989611,0.0,10.995653686798253,14.430869689661812,hard,0.10706790315064295,0.11558233664079384,0.14087902423728677,0.1421893862029158
0.0,0.0,37.92553687993556,0.10445310605986095,0.41523793706673545,0.9797958971132712,0.9797958971132713,2.3259406699226015,1.076289923765897,0.0,38.29726360981944,14.430869689661812,hard,0.10736230085157837,0.11503235610671667,0.14127642305312377,0.141804649493353
0.0,0.0,20.405822279605285,0.10467245301570191,0.40648808013025683,0.9797958971132712,0.9797958971132713,2.329291737846507,1.0361467077590893,0.0,20.3827476067384,14.430869689661812,hard,0.10746597400380482,0.11529624358738325,0.14163646976445243,0.1416080223724893
0.0,0.0,25.32085027501089,0.10491246898071949,0.40527700942210454,0.9797958971132712,0.9797958971132713,2.306599228301267,1.0361467077590893,0.0,22.837898327122833,14.430869689661812,hard,0.10786949801628634,0.11552265814164098,0.14204452075570156,0.1418041252091083
0.0,0.0,19.844403215796625,0.10474432985024623,0.40172873108553964,0.9856977224281286,0.9856977224281286,2.309632005320328,1.0440306508910548,0.0,19.21521272325654,14.430869689661812,hard,0.1079089678498012,0.11491764194676332,0.14239199148976295,0.1418590212865385
0.0,0.0,9.629124139570107,0.10470669624926171,0.37653829134009226,0.9911609354691093,0.9911609354691094,2.309632005320328,1.012719112093773,0.0,9.551879396223553,14.430869689661812,hard,0.10795639694068741,0.11472033536135275,0.1425750137581011,0.14187879743904833
0.0,0.0,20.32467760677201,0.10468440645733956,0.3701162227861565,0.9759098319004681,0.9759098319004682,2.2776303475322766,1.000199980003999,0.0,19.833315406154366,14.430869689661812,hard,0.10797267699593183,0.11453394599530875,0.14288984973025182,0.14176297037135852
0.0,0.0,11.23639087066799,0.1047429517357749,0.3487022700016036,0.9759098319004681,0.9759098319004682,2.2776303475322766,1.000199980003999,0.0,10.555680934927883,14.430869689661812,hard,0.1080431266393771,0.11444096283190383,0.14279089313854043,0.14178128298667436
0.0,0.0,21.369285277491997,0.10502446065662542,0.31295906891964564,0.9759098319004682,0.9759098319004682,2.2776303475322766,0.9097252332435328,0.0,21.73815999573101,14.430869689661812,hard,0.10786225183871244,0.11459040955935551,0.1430504049185159,0.14185922296547082
0.0,0.0,9.515509793175179,0.10506865683987188,0.38568060386858155,0.9759098319004682,0.9759098319004682,2.317671245021606,0.9097252332435328,0.0,7.884694033378848,14.430869689661812,hard,0.10785607370813313,0.11460188472460854,0.14304387073060673,0.14192505970143066
0.0,0.0,14.07684450357643,0.10500821606239338,0.4247728028117203,0.9759098319004682,0.9759098319004682,2.3135254483147576,0.9097252332435328,0.0,13.45809793395783,14.430869689661812,hard,0.10756852283886732,0.11451470043480755,0.14292408575565582,0.14179102233622456
0.0,0.0,16.18844499003505,0.10503540180638729,0.4246019633526752,1.0007996802557444,1.0007996802557444,2.3155129021450085,0.938083151964686,0.0,15.886207854614014,14.430869689661812,hard,0.1074079811705771,0.11451537262996457,0.14295521839723813,0.1415585451416652
0.0,0.0,15.161752910237592,0.10501084934198093,0.3976300409117324,1.0007996802557444,1.0007996802557444,2.3155129021450085,0.938083151964686,0.0,14.473092274977038,14.430869689661812,hard,0.10709565171250286,0.11458519868913505,0.14276287208322505,0.14147463325038998
0.0,0.0,8.414655178347747,0.10491053754677579,0.43257504586009066,1.02469507659596,1.02469507659596,2.3259406699226015,0.9651942809610923,0.0,7.165919340880136,14.430869689661812,hard,0.10696478051809954,0.11464274470075851,0.14264274526782028,0.14118175763448423
0.0,0.0,19.638191402488857,0.10464635512821327,0.4130632042649065,1.0283968105745953,1.0283968105745953,2.3259406699226015,1.04,0.0,19.214463302418835,14.430869689661812,hard,0.10656713473227009,0.11412578053494689,0.14274481088908866,0.1406209829968263
0.0,0.0,26.19876439568376,0.10400847986667212,0.4459941522719705,1.037111372997134,1.037111372997134,2.338888624966995,1.1677328461596,0.0,26.092267053669367,14.430869689661812,hard,0.10562152781044093,0.11350151064237471,0.14259173168199563,0.1400782458952953
0.0,0.0,16.60864834274082,0.10386869963289805,0.43474725091220867,1.0121264743103997,1.0121264743103997,2.322843085531177,1.1867602959317438,0.0,15.846122554113988,14.430869689661812,hard,0.10562089501221296,0.1136249224878134,0.14279541699608278,0.13958068783254993
0.0,0.0,15.557350578956676,0.10350598644878893,0.44061247347981847,0.9977975746613138,0.9977975746613138,2.3587284710199263,1.22,0.0,14.551481024280655,14.430869689661812,hard,0.10514208780511348,0.11307773008942766,0.14261810980811918,0.1394838029605968
0.0,0.0,12.32480563117651,0.10343281183779321,0.449075936570402,0.9797958971132713,0.9797958971132713,2.3593219364893807,1.2489995996796797,0.0,10.79016218599146,14.430869689661812,hard,0.10497188289438102,0.11294699012277949,0.14251716775159418,0.1395356937333713
0.0,0.0,12.344967166952257,0.1033437665737335,0.49464319397779044,0.9977975746613138,0.9977975746613138,2.4020824298928627,1.258729518204765,0.0,11.929794633605391,14.430869689661812,hard,0.10453764392951116,0.11310845256626198,0.14263759773906992,0.13934291837960336
0.0,0.0,19.086610953241614,0.10354902446720662,0.48674302193668306,0.9951884243699782,0.9951884243699782,2.4019991673603887,1.2400000000000002,0.0,18.495880622452123,14.430869689661812,hard,0.10455955408408779,0.11348190562149439,0.14292943628413915,0.14026822517212462
0.0,0.0,17.578798697605194,0.10395348712435913,0.45795838847209797,1.0121264743103997,1.0121264743103997,2.4019991673603887,1.2369316876852983,0.0,17.296808954255116,14.430869689661812,hard,0.10484035541005536,0.11430642220564849,0.14323403568983709,0.14086548385924652
0.0,0.0,33.57888482393113,0.10469774683196462,0.4843531567798728,0.9977975746613138,0.9977975746613138,2.3840302011509835,1.1663618649458665,0.0,33.809519369550344,14.430869689661812,hard,0.10401800024314861,0.11521655956890295,0.14333994034645625,0.1408234153946549
0.0,0.0,26.67888578695662,0.10568014871053398,0.5105736671639577,1.0229369482035537,1.0229369482035537,2.390732105443853,1.163443165779919,0.0,26.582618381190365,14.430869689661812,hard,0.10421872961055777,0.11656639948077731,0.14349123725851692,0.14093168468347067
0.0,0.0,24.859480058839495,0.10617961942459653,0.5006789020193503,0.9797958971132712,0.9797958971132712,2.3812601705819545,1.1135528725660044,0.0,25.19257033333439,14.430869689661812,hard,0.10449285445684295,0.11741704151850624,0.14362668180301882,0.14081526518548063
0.0,0.0,11.57693950074384,0.10635061098991973,0.4746951582426976,0.9797958971132712,0.9797958971132712,2.3812601705819545,1.1135528725660044,0.0,11.187153346584644,14.430869689661812,hard,0.10463146225914934,0.11769399006791897,0.14371074485795343,0.14080667485720502
0.0,0.0,8.900195192879385,0.10645381409237074,0.47555132134543515,0.9748846085563152,0.9748846085563152,2.388388578100306,1.0947145746723208,0.0,6.662852242095723,14.430869689661812,hard,0.1045984648307275,0.11789923805540241,0.1437071681336477,0.14082235314716032
0.0,0.0,12.023211343465054,0.10660975750880484,0.45668630531055043,0.9921693403849969,0.9921693403849969,2.388388578100306,1.0846197490365,0.0,10.542181937341054,14.430869689661812,hard,0.10483916412994002,0.11819669616633609,0.1437654605575848,0.14068353164056815
0.0,0.0,18.371033280189923,0.10715864757126108,0.4316153628888711,0.9921693403849969,0.9921693403849969,2.388388578100306,1.0846197490365,0.0,18.142645893033354,14.430869689661812,hard,0.10494079055155818,0.11898534187482998,0.14397159763113954,0.14090662417475402
0.0,0.0,21.652910948181454,0.10726970175643165,0.4495250226163871,0.9682974749528164,0.9682974749528165,2.4433583445741234,0.9516301802696255,0.0,21.69922579264062,14.430869689661812,hard,0.10570240444065705,0.11841595188390351,0.14382589799859832,0.14089856982453344
0.0,0.0,14.327787292302784,0.1073746797733874,0.4253938426982503,0.9682974749528164,0.9682974749528165,2.4433583445741234,0.9516301802696255,0.0,13.934934517248367,14.430869689661812,hard,0.1057313633661074,0.11842113177639368,0.14369612928548156,0.14092694024654565
0.0,0.0,12.702162350453651,0.10761205860816718,0.4356976721038382,0.9682974749528164,0.9682974749528165,2.4315427201675894,0.9516301802696255,0.0,12.059784409349945,14.430869689661812,hard,0.10640411232338383,0.11864663809146145,0.14358273676567704,0.1410958785057194
0.0,0.0,15.326453947374452,0.10792794193233395,0.466213047967733,0.9682974749528164,0.9682974749528165,2.4762067765031257,0.9516301802696255,0.0,14.039145273128275,14.430869689661812,hard,0.10646690323955381,0.11881010583563466,0.1434947866636053,0.14118888726911885
0.0,0.0,20.23856347645004,0.10784770940780418,0.48833401167961876,0.9433981132056604,0.9433981132056604,2.479435419606649,0.98,0.0,20.497072961767007,14.430869689661812,hard,0.10630150881188564,0.11881142215150081,0.14333891992999537,0.1407289235881094
0.0,0.0,14.348468656306117,0.1078657290064087,0.5035027541442249,0.9433981132056604,0.9433981132056604,2.4628438846179432,0.98,0.0,13.746635952115703,14.430869689661812,hard,0.10622494689873702,0.1188311496846264,0.14331716034312347,0.14071467863072162
0.0,0.0,19.532479517934416,0.10817764313065145,0.5192673621791388,0.947417542586161,0.947417542586161,2.4596747752497685,1.0071742649611337,0.0,19.349997416020496,14.430869689661812,hard,0.10625761456569051,0.11902122557746048,0.14330144674429984,0.14062716983183557
0.0,0.0,9.444235226627208,0.10815165839257602,0.5206615014333555,0.9,0.9,2.456338738855046,1.0824047302187847,0.0,8.524529312519256,14.430869689661812,hard,0.1060422604495704,0.11875689720421892,0.14327473956230966,0.14065428431182922
0.0,0.0,10.199829705413897,0.10815336038452815,0.5474200686390304,0.9219544457292888,0.9219544457292888,2.4816123790793756,1.1532562594670797,0.0,8.713208364316786,14.430869689661812,hard,0.10623121602251276,0.11877052988267815,0.1430922809753203,0.14065864227340677
0.0,0.0,11.22330208611957,0.10827128355592346,0.5136541302750959,0.9887365675446621,0.988736567544662,2.4816123790793756,1.2515590277729611,0.0,11.13092988029302,14.430869689661812,hard,0.10638438379358131,0.11911180013825103,0.14294585338080631,0.14075924796611625
0.0,0.0,7.898207706483481,0.10843683006830976,0.49336262955447563,0.9748846085563152,0.9748846085563152,2.4816123790793756,1.2843675486401858,0.0,7.366518852212352,14.430869689661812,hard,0.10649225266618638,0.11961030448202878,0.14299778729206536,0.1407418339724526
0.0,0.0,12.555645680474921,0.10877164506186728,0.4809572029150936,0.9748846085563152,0.9748846085563152,2.485880125830689,1.2843675486401858,0.0,12.085429243514689,14.430869689661812,hard,0.10707289347117353,0.12010507007447524,0.1431533982029947,0.14065181744114527
0.0,0.0,7.035739380812586,0.10885236121971684,0.46684586621904933,1.0087616170334794,1.0087616170334794,2.5219040425836985,1.283121194587635,0.0,4.667718928984478,14.430869689661812,hard,0.1072536148251809,0.1203438984467755,0.14322842251086174,0.14054089777238213
0.0,0.0,8.429034504102312,0.10881418282148406,0.45437032081645046,1.0087616170334794,1.0087616170334794,2.5257870060636547,1.283121194587635,0.0,7.168514490464534,14.430869689661812,hard,0.10737994167638891,0.1201335970030837,0.14337577006132216,0.14069406305082308
0.0,0.0,16.257095557982115,0.10904702973968809,0.44325736035035546,1.0121264743103997,1.0121264743103997,2.540944706206729,1.2041594578792296,0.0,15.619078077786794,14.430869689661812,hard,0.10764527983449773,0.11995266414864496,0.14369906738323385,0.14074473530060513
0.0,0.0,24.015002023637035,0.10939339892211605,0.4162540737425944,1.02469507659596,1.02469507659596,2.540944706206729,1.1881077392223316,0.0,22.454398232862978,14.430869689661812,hard,0.1078729463289298,0.12058474767416512,0.14347900307683703,0.14116075527787372
0.0,0.0,13.742136561624777,0.10992221177251338,0.43625784105413185,1.0121264743103997,1.0121264743103997,2.5521755425518835,1.1948221624995075,0.0,13.496903348546287,14.430869689661812,hard,0.10801361716447902,0.12050419167673697,0.14457844714998996,0.14161006361727257
0.0,0.0,21.64858225050307,0.1100599094717522,0.4384026513973874,0.9887365675446621,0.988736567544662,2.5662423891752706,1.1771151175649728,0.0,21.079810245825268,14.430869689661812,hard,0.10847385145697755,0.12065836732548411,0.14527622119557496,0.1419432976661271
0.0,0.0,15.313203173509008,0.11028069796536677,0.4054216349418376,1.0087616170334794,1.0087616170334794,2.5662423891752706,1.197330363767661,0.0,14.970317297906547,14.430869689661812,hard,0.10817851123130713,0.12117760949678139,0.14593994756348333,0.14213269305750445
0.0,0.0,14.519026429666766,0.11025566493209694,0.4141762046308553,1.0049875621120892,1.0049875621120892,2.576897359228729,1.1901260437449472,0.0,14.589036979869508,14.430869689661812,hard,0.1077246391920993,0.12107621951698884,0.14625655607579285,0.14218320397914325
0.0,0.0,47.5458054034242,0.11051502556001397,0.45740345452305964,0.9887365675446621,0.988736567544662,2.579069599681249,1.1482160075525858,0.0,11.899512595060353,14.430869689661812,hard,0.10791552127941059,0.12179537774720965,0.14667911970380287,0.14242039808887152
