step,timestamp,reward,coverage,cov_trace,altitude,alt_idx,loop_closures,altitude_changes,frontier_count,new_cells,map_seed,difficulty,cov_alt0,cov_alt1,cov_alt2,cov_alt3
0.0,0.0,47.344408332084775,0.010530558578497511,0.03299454594018003,0.0,0.0,0.0,0.0,0.0,47.036789856451726,14.430869689661812,hard,0.033766635708329724,0.01576902903535935,0.0,0.0
0.0,0.0,34.87282728323641,0.012110549405915555,0.06785308178781974,0.0,0.0,0.0,0.0,0.0,34.39427859397548,14.430869689661812,hard,0.03785238335969875,0.018499329896351172,0.0,0.0
0.0,0.0,32.221534713582635,0.013352288733160722,0.100219765467991,0.0,0.0,0.0,0.0,0.0,32.0905967535663,14.430869689661812,hard,0.04108610574285349,0.020537539737719178,0.0,0.0
0.0,0.0,38.80157007894329,0.015473303374586989,0.13227245405275279,0.0,0.0,0.0,0.0,0.0,38.636195464874646,14.430869689661812,hard,0.04516044173071843,0.02428767966925914,0.0,0.0
0.0,0.0,36.77521827849768,0.01769767162476142,0.16478605186129533,0.0,0.0,0.0,0.0,0.0,36.73673365992138,14.430869689661812,hard,0.04988999719428981,0.028287101285147005,0.0,0.0
0.0,0.0,38.24324007930177,0.019790713484646543,0.1983351809084305,0.0,0.0,0.0,0.0,0.0,37.783218497105295,14.430869689661812,hard,0.05479538410502603,0.03161381289757043,0.0,0.0
0.0,0.0,37.591387350183965,0.02067799383959787,0.22276410069542693,0.0,0.0,0.0,0.0,0.0,37.133494314432625,14.430869689661812,hard,0.056626918813602704,0.03341774837237026,0.0,0.0
0.0,0.0,44.68958195012837,0.022832159996100936,0.24034551240062443,0.0,0.0,0.0,0.0,0.0,43.92470375540397,14.430869689661812,hard,0.061170026803298215,0.03734365374477742,0.0,0.0
0.0,0.0,40.6589507541952,0.02435421778125433,0.2539276359326333,0.0,0.0,0.0,0.0,0.0,40.46223424379825,14.430869689661812,hard,0.06479307266682038,0.03996275952902271,0.0,0.0
0.0,0.0,51.2530335637851,0.02666307604616735,0.2670802177202387,0.0,0.0,0.0,0.0,0.0,51.041163779835586,14.430869689661812,hard,0.07034730388258552,0.04325698480737965,0.0,0.0
0.0,0.0,51.38967849274923,0.02957439041666503,0.2857184652544717,0.0,0.0,0.0,0.0,0.0,50.81670591449234,14.430869689661812,hard,0.07754723240223357,0.04766108556365038,0.0,0.0
0.0,0.0,38.136591283088656,0.032306488038216855,0.30955813579290886,0.0,0.0,0.0,0.0,0.0,37.69042849318644,14.430869689661812,hard,0.08377621999235256,0.052428050958403166,0.0,0.0
0.0,0.0,32.057044475136784,0.03391257856962388,0.3329999984225764,0.0,0.0,0.0,0.0,0.0,32.01342843245628,14.430869689661812,hard,0.08780137508592142,0.055323170924547437,0.0,0.0
0.0,0.0,29.91856423490534,0.03547581114389242,0.3550154900811498,0.0,0.0,0.0,0.0,0.0,29.67679901876211,14.430869689661812,hard,0.09095547604419117,0.05821897694613302,0.0,0.0
0.0,0.0,49.60178555374147,0.03780746844942303,0.37842832221724115,0.0,0.0,0.0,0.0,0.0,49.915628815031475,14.430869689661812,hard,0.09733723271404322,0.06136450046282553,0.0,0.0
0.0,0.0,31.874835651080026,0.039330697329114164,0.3975351981286523,0.0,0.0,0.0,0.0,0.0,31.867852139734804,14.430869689661812,hard,0.1013815305167325,0.06343081054628032,0.0,0.0
0.0,0.0,31.671587045970668,0.04017602297735348,0.4142503528853207,0.0,0.0,0.0,0.0,0.0,31.44662144014838,14.430869689661812,hard,0.10288748353951235,0.06529506989341033,0.0,0.0
0.0,0.0,30.59663275543686,0.040540688009487576,0.43156477571875423,0.0,0.0,0.0,0.0,0.0,30.229184573851803,14.430869689661812,hard,0.10333402187638434,0.06630690061150032,0.0,0.0
0.0,0.0,19.82460382581629,0.041316943343800254,0.4480373148143847,0.0,0.0,0.0,0.0,0.0,19.218990608249957,14.430869689661812,hard,0.10488871094516915,0.06784111955652114,0.0,0.0
0.0,0.0,15.05630566237522,0.04180749769204142,0.4594797441748158,0.0,0.0,0.0,0.0,0.0,15.2363906487068,14.430869689661812,hard,0.1059609168155847,0.06870896821348625,0.0,0.0
0.0,0.0,112.26670515021033,0.03740477795382948,0.4208887708763484,0.4853864439804638,0.4853864439804639,0.0,0.4853864439804639,0.0,102.83208837712088,14.430869689661812,hard,0.10695691453085444,0.060763568370308586,0.0280325226616457,0.0
0.0,0.0,76.80002446458992,0.038933339825202626,0.42904866387349033,0.4737087712930804,0.4737087712930805,0.0,0.4737087712930805,0.0,75.29538896904643,14.430869689661812,hard,0.10605811814851489,0.06498698440033442,0.036395527989618585,0.0
0.0,0.0,53.7463728592599,0.04131673584472386,0.4360410944195635,0.4737087712930804,0.4737087712930805,0.0,0.4737087712930805,0.0,53.83209451618987,14.430869689661812,hard,0.10638561815441518,0.07101722986094727,0.04396327987613604,0.0
0.0,0.0,56.54671159477924,0.044347054972449805,0.452108655685214,0.46647615158762407,0.466476151587624,0.0,0.466476151587624,0.0,55.00074181317922,14.430869689661812,hard,0.11006495532363064,0.07789073966250777,0.05032120668011864,0.0
0.0,0.0,63.18954760232341,0.04809095182317823,0.47342281195629055,0.44899888641287294,0.44899888641287294,0.0,0.44899888641287294,0.0,60.90824574718926,14.430869689661812,hard,0.10950933091169594,0.08510242351318327,0.05629897075438966,0.0
0.0,0.0,48.30509574559879,0.05139991574859468,0.49131318162829357,0.44899888641287294,0.44899888641287294,0.0,0.44899888641287294,0.0,48.03007807613891,14.430869689661812,hard,0.11011322359342876,0.09015364820097604,0.06355420496475858,0.0
0.0,0.0,46.81976750701863,0.05477535562586137,0.5137489331535953,0.44899888641287294,0.44899888641287294,0.0,0.44899888641287294,0.0,46.70561422355989,14.430869689661812,hard,0.11157170251348728,0.09284479520031648,0.06988191759128948,0.0
0.0,0.0,35.656785497934074,0.05665382998077679,0.5400000085115482,0.44899888641287294,0.44899888641287294,0.0,0.44899888641287294,0.0,34.92290938624674,14.430869689661812,hard,0.11223520776708562,0.09519465648333363,0.07316795803187696,0.0
0.0,0.0,33.44760316134603,0.05773694186035777,0.5647335748145735,0.44899888641287294,0.44899888641287294,0.0,0.44899888641287294,0.0,33.2468885762262,14.430869689661812,hard,0.1122980633676943,0.09586709457074952,0.0754673093676466,0.0
0.0,0.0,42.57850172872935,0.058586417573431214,0.5934242760872253,0.44899888641287294,0.44899888641287294,0.0,0.44899888641287294,0.0,42.27328234239683,14.430869689661812,hard,0.11291598609231947,0.0967066658628429,0.07653841454636659,0.0
0.0,0.0,30.234921222388394,0.05922121878203466,0.6220747325617514,0.44899888641287294,0.44899888641287294,0.0,0.44899888641287294,0.0,30.969688406569414,14.430869689661812,hard,0.11326059039853764,0.09740652216605042,0.07763693691536408,0.0
0.0,0.0,21.770533340785693,0.05956479916915809,0.6499869642858219,0.44899888641287294,0.44899888641287294,0.0,0.44899888641287294,0.0,21.737525158122303,14.430869689661812,hard,0.11331710758088197,0.09811963026940047,0.07841897310135212,0.0
0.0,0.0,50.79620676874426,0.06005777815570586,0.6764807870785768,0.44899888641287294,0.44899888641287294,0.0,0.44899888641287294,0.0,50.378169875453004,14.430869689661812,hard,0.11317246701586113,0.0991477505773354,0.07974764713715601,0.0
0.0,0.0,37.191152866023465,0.060989435039160676,0.6906208629502647,0.44899888641287294,0.44899888641287294,0.0,0.44899888641287294,0.0,36.61942653838261,14.430869689661812,hard,0.1133005646904362,0.1015239282128019,0.08138227058595042,0.0
0.0,0.0,35.859320693324904,0.062068303490740044,0.702129231417125,0.44899888641287294,0.44899888641287294,0.0,0.44899888641287294,0.0,35.53760824816437,14.430869689661812,hard,0.11343022373399413,0.10345192782557558,0.08329683634278141,0.0
0.0,0.0,25.672305213645163,0.06290059454493192,0.7121209015112153,0.44899888641287294,0.44899888641287294,0.0,0.44899888641287294,0.0,25.144581921360317,14.430869689661812,hard,0.11388958898944751,0.10497147627276887,0.08467308459517378,0.0
0.0,0.0,24.986146372294154,0.06369663598214981,0.7129908959374659,0.44899888641287294,0.44899888641287294,0.0,0.44899888641287294,0.0,24.722912449790382,14.430869689661812,hard,0.1142502861862117,0.10662975375576982,0.08594854308707088,0.0
0.0,0.0,28.272911124741785,0.06473650423549704,0.7128787960725635,0.44899888641287294,0.44899888641287294,0.0,0.44899888641287294,0.0,27.846723326093503,14.430869689661812,hard,0.11437079762664912,0.10840892792292305,0.0871050094902695,0.0
0.0,0.0,38.96141473559782,0.0659585432612163,0.7163216158143444,0.44899888641287294,0.44899888641287294,0.0,0.44899888641287294,0.0,38.87827671078028,14.430869689661812,hard,0.11496159244159401,0.11099022440553047,0.08838013716212154,0.0
0.0,0.0,29.284462013436436,0.06667552660582286,0.7203509260404839,0.44899888641287294,0.44899888641287294,0.0,0.44899888641287294,0.0,29.62563754588245,14.430869689661812,hard,0.11492365392187866,0.11222932446429763,0.08997508518020021,0.0
0.0,0.0,19.804172395734916,0.06731512105945575,0.7251803746664931,0.44899888641287294,0.44899888641287294,0.0,0.44899888641287294,0.0,19.179040643369003,14.430869689661812,hard,0.11505323153023851,0.11324155850509467,0.09109268878333092,0.0
0.0,0.0,110.62377206997989,0.0646515068084573,0.7023253223225672,0.8248636250920511,0.8248636250920511,0.0,0.8248636250920511,0.0,99.90362555983641,14.430869689661812,hard,0.11524381419584122,0.11416206531278598,0.09324380036953579,0.030330195926956453
0.0,0.0,56.948965762135025,0.06739598248241516,0.7223212722384312,0.8485281374238569,0.8485281374238571,0.0,0.8485281374238571,0.0,53.605689996491975,14.430869689661812,hard,0.11546722233912446,0.11567290936686765,0.09816387864761668,0.034880715337186056
0.0,0.0,51.58863810216404,0.07010923865608894,0.7530714832781165,0.8674099376880576,0.8674099376880576,0.0,0.8674099376880576,0.0,49.19660150864082,14.430869689661812,hard,0.11581395878639313,0.11765627387082576,0.10323349920587856,0.03896816862667262
0.0,0.0,65.45279961299497,0.07189592585329002,0.7803451675737916,0.881816307401944,0.8818163074019442,0.0,0.8818163074019442,0.0,62.214869605263985,14.430869689661812,hard,0.11603817881935674,0.11854393514243847,0.10851516830052538,0.04338411019903388
0.0,0.0,71.95685574636451,0.07357795963500392,0.809916674860707,0.6000000000000001,0.6000000000000001,0.0,0.6000000000000001,0.0,63.53482194828282,14.430869689661812,hard,0.11639470642448493,0.11926441871694288,0.10256730036017539,0.04686615638281805
0.0,0.0,38.62841270437477,0.07555273712924795,0.840204844516742,0.6000000000000001,0.6000000000000001,0.0,0.6000000000000001,0.0,38.79175170058707,14.430869689661812,hard,0.11639470642448493,0.11946845531498435,0.10586587696734835,0.053249436101387375
0.0,0.0,38.68568511411106,0.07720540216207845,0.871670959197631,0.6000000000000001,0.6000000000000001,0.0,0.6000000000000001,0.0,38.916777872789005,14.430869689661812,hard,0.11639470642448493,0.11927282064506564,0.10859106463438466,0.05764635156514384
0.0,0.0,51.322178371238614,0.07764495157642473,0.9014436543063766,0.6000000000000001,0.6000000000000001,0.0,0.6000000000000001,0.0,50.859764057651695,14.430869689661812,hard,0.11631699109946327,0.11846813648386238,0.11004071357130903,0.06060568851631139
0.0,0.0,53.136162142536634,0.07775994037677227,0.9307833589731238,0.6000000000000001,0.6000000000000001,0.0,0.6000000000000001,0.0,52.29722745997152,14.430869689661812,hard,0.11622691033284177,0.11867039575719247,0.11076882311479014,0.06334379892251667
0.0,0.0,42.70745405485729,0.07846380199795891,0.9631867217830892,0.6000000000000001,0.6000000000000001,0.0,0.6000000000000001,0.0,42.24255674080346,14.430869689661812,hard,0.11648569403993753,0.11978598674881269,0.11102133322791066,0.06643196392474318
0.0,0.0,42.439696124476825,0.07933892625966266,0.9962703356588491,0.6000000000000001,0.6000000000000001,0.0,0.6000000000000001,0.0,42.73737942363804,14.430869689661812,hard,0.11675434064785128,0.12127276676689945,0.11142078855054226,0.0691622765582652
0.0,0.0,43.30818605945487,0.07992387034536749,1.0302543486430504,0.6000000000000001,0.6000000000000001,0.0,0.6000000000000001,0.0,43.17416357035768,14.430869689661812,hard,0.11826379113981454,0.12294628196210194,0.11195862845030004,0.07032905882529429
0.0,0.0,22.45387041111162,0.08020445997862373,1.0631343216357232,0.6000000000000001,0.6000000000000001,0.0,0.6000000000000001,0.0,22.36397996779643,14.430869689661812,hard,0.11856868785815838,0.12358120335035898,0.11176681578878095,0.07163195452612425
0.0,0.0,14.887027894572359,0.08032625444984154,1.0839567636876704,0.6000000000000001,0.6000000000000001,0.0,0.6000000000000001,0.0,15.438510290827935,14.430869689661812,hard,0.1184700120372894,0.12380699685637231,0.11221749522849986,0.07211783037462363
0.0,0.0,22.625187429869428,0.08054552693839385,1.1023644515915996,0.6000000000000001,0.6000000000000001,0.0,0.6000000000000001,0.0,22.23752684090567,14.430869689661812,hard,0.1183171919714313,0.12416303897014558,0.11251219191484271,0.07247070825444517
0.0,0.0,26.630324815844308,0.08124467219954518,1.1174448757481221,0.6000000000000001,0.6000000000000001,0.0,0.6000000000000001,0.0,26.585228981522803,14.430869689661812,hard,0.11831623873123974,0.12476863206869516,0.11339708484469771,0.07330680079482649
0.0,0.0,16.47547867919456,0.08160233516289925,1.1210729904307215,0.6000000000000001,0.6000000000000001,0.0,0.6000000000000001,0.0,16.330597049710097,14.430869689661812,hard,0.11831623873123974,0.12494273001853136,0.11389792801473708,0.07430095051239938
0.0,0.0,24.737128795258972,0.0815665222186429,1.1251886282023633,0.6000000000000001,0.6000000000000001,0.0,0.6000000000000001,0.0,25.1897121857317,14.430869689661812,hard,0.11831623873123974,0.12478904758531548,0.11421405119259688,0.07480437460022532
0.0,0.0,14.689577886103747,0.08160006093184395,1.126504757530693,0.6000000000000001,0.6000000000000001,0.0,0.6000000000000001,0.0,15.397155581470232,14.430869689661812,hard,0.11831623873123974,0.1247361531297239,0.11438517324015166,0.07536142009682616
0.0,0.0,1.894391211778949,0.08162309259160737,1.12821142027192,0.6000000000000001,0.6000000000000001,0.0,0.6000000000000001,0.0,1.5399999999999998,14.430869689661812,hard,0.11831623873123974,0.1247361531297239,0.11444511678739053,0.07537106497460967
0.0,0.0,16.959630936598693,0.08204066239697647,1.1291721074433596,0.6000000000000001,0.6000000000000001,0.0,0.6000000000000001,0.0,16.58299128625472,14.430869689661812,hard,0.11831623873123974,0.1249689442385097,0.11544352866872994,0.07627407360486115
0.0,0.0,69.07214932816463,0.08028252306781869,1.1154355075630271,0.9591663046625439,0.9591663046625439,0.0,0.9591663046625439,0.0,60.86931575104159,14.430869689661812,hard,0.11831623873123974,0.12546306214311514,0.11776278409802954,0.08541140607565682
0.0,0.0,52.17738312105103,0.07888966524478959,1.1196972688380078,0.9789790600416334,0.9789790600416334,0.0,0.9789790600416334,0.0,51.86408776793438,14.430869689661812,hard,0.11831623873123974,0.12574495986303408,0.1164186626435775,0.09484816758435233
0.0,0.0,44.737522344905486,0.07785113072340796,1.1324022162489973,0.9967948635501689,0.9967948635501689,0.0,0.9967948635501689,0.0,44.456432605417184,14.430869689661812,hard,0.11831623873123974,0.12574495986303408,0.11413135681202743,0.10153034794252565
0.0,0.0,45.41334614856454,0.0768842555306782,1.1458272163550982,1.02,1.02,0.0,1.02,0.0,43.249027734736416,14.430869689661812,hard,0.11831623873123974,0.12574495986303408,0.11279043125303242,0.10756145044349463
0.0,0.0,81.00281605549254,0.07603179413598363,1.1389169644478596,0.8296987405076616,0.8296987405076616,0.0,0.8296987405076616,0.0,73.19222909571754,14.430869689661812,hard,0.11831623873123974,0.12574495986303408,0.10768932402165078,0.1000210943451672
0.0,0.0,51.71745446342125,0.07454779036482083,1.146389625000063,0.806225774829855,0.806225774829855,0.0,0.806225774829855,0.0,50.76866750270289,14.430869689661812,hard,0.11831623873123974,0.12574495986303408,0.10456576553227462,0.10368682305650603
0.0,0.0,42.99529431673626,0.07429418608928653,1.1591852521016743,0.7799999999999999,0.7799999999999999,0.0,0.7799999999999999,0.0,41.43930983981272,14.430869689661812,hard,0.11831623873123974,0.12574495986303408,0.10289004009212305,0.10674520617446694
0.0,0.0,40.78763797497294,0.0743405355916649,1.1652471116849346,0.7799999999999999,0.7799999999999999,0.0,0.7799999999999999,0.0,40.57634779030759,14.430869689661812,hard,0.11831623873123974,0.1257632387897215,0.10161569372004291,0.11084080921656153
0.0,0.0,43.51289896385337,0.07438098955480647,1.164915870161412,0.7799999999999999,0.7799999999999999,0.0,0.7799999999999999,0.0,43.30127018922193,14.430869689661812,hard,0.11831623873123974,0.12596887701628767,0.10084801217098589,0.11630706527644229
0.0,0.0,49.674214761984004,0.07396194106240823,1.1586963109225066,0.7799999999999999,0.7799999999999999,0.0,0.7799999999999999,0.0,49.08673547914956,14.430869689661812,hard,0.11831623873123974,0.12637619374591363,0.0999317332727474,0.11877770421074169
0.0,0.0,39.06208425478162,0.073955924696032,1.1551302705333448,0.7799999999999999,0.7799999999999999,0.0,0.7799999999999999,0.0,39.40397949446223,14.430869689661812,hard,0.11831623873123974,0.12644156961239483,0.09998185167846166,0.12172151075194766
0.0,0.0,40.25912514581303,0.07416287057943942,1.15322184402829,0.7799999999999999,0.7799999999999999,0.0,0.7799999999999999,0.0,39.83132435659151,14.430869689661812,hard,0.11831623873123974,0.12628150769659843,0.10033772270239827,0.12337926848760819
0.0,0.0,36.746849427672394,0.07451841003103146,1.1496763999059498,0.7799999999999999,0.7799999999999999,0.0,0.7799999999999999,0.0,36.39923625572382,14.430869689661812,hard,0.11831623873123974,0.12624033476838042,0.10107613509310068,0.1243645605598624
0.0,0.0,32.56379774284777,0.0745920646677947,1.1475264647468895,0.7799999999999999,0.7799999999999999,0.0,0.7799999999999999,0.0,32.16405447079084,14.430869689661812,hard,0.11831623873123974,0.12627039990780792,0.10142267775268496,0.12550290846589388
0.0,0.0,34.70152142262692,0.07478293424005097,1.148519895286046,0.7799999999999999,0.7799999999999999,0.0,0.7799999999999999,0.0,34.39407507115143,14.430869689661812,hard,0.11831623873123974,0.1263869407368872,0.10186258924616312,0.12733554982001763
0.0,0.0,18.748071224590692,0.07499729915889804,1.1451183484574035,0.7799999999999999,0.7799999999999999,0.0,0.7799999999999999,0.0,19.1955828252231,14.430869689661812,hard,0.11831623873123974,0.12644956005751834,0.10238801036535784,0.12833570732807162
0.0,0.0,12.135984645744657,0.07509562776162566,1.144348965080869,0.7799999999999999,0.7799999999999999,0.0,0.7799999999999999,0.0,11.983722293177525,14.430869689661812,hard,0.11831623873123974,0.12644956005751834,0.10268459453261856,0.12863360689311354
0.0,0.0,15.429506575584039,0.0752043547525291,1.143202185238844,0.7799999999999999,0.7799999999999999,0.0,0.7799999999999999,0.0,15.593960369322476,14.430869689661812,hard,0.11831623873123974,0.12644956005751834,0.10307509218851377,0.1291490300099557
0.0,0.0,11.63605754706144,0.07525111228255088,1.1422027139444972,0.7799999999999999,0.7799999999999999,0.0,0.7799999999999999,0.0,12.002083152519814,14.430869689661812,hard,0.11831623873123974,0.12645497857759075,0.10332436121734372,0.12997915885314557
0.0,0.0,10.12148964300748,0.07525952825551112,1.1417866012556888,0.7799999999999999,0.7799999999999999,0.0,0.7799999999999999,0.0,9.940241445759755,14.430869689661812,hard,0.11831623873123974,0.12646047615126155,0.10345497697050467,0.13040124561831684
0.0,0.0,8.231645600918297,0.07525885510129973,1.1399425268700565,0.7799999999999999,0.7799999999999999,0.0,0.7799999999999999,0.0,7.397729381371017,14.430869689661812,hard,0.11831623873123974,0.12646047615126155,0.10363960316061382,0.13060710600877554
0.0,0.0,9.612048981011858,0.07517127488013738,1.1388467871139885,0.7799999999999999,0.7799999999999999,0.0,0.7799999999999999,0.0,9.451793480604618,14.430869689661812,hard,0.11831623873123974,0.12646047615126155,0.10368723597087191,0.13087739510605664
0.0,0.0,18.196774417247266,0.07515149300800415,1.136598453810811,0.7799999999999999,0.7799999999999999,0.0,0.7799999999999999,0.0,17.445561039989514,14.430869689661812,hard,0.11831623873123974,0.12646047615126155,0.10394209673763403,0.13085517218144374
0.0,0.0,17.74524460587822,0.07533654220855406,1.1343727982785428,0.7799999999999999,0.7799999999999999,0.0,0.7799999999999999,0.0,16.830923919975397,14.430869689661812,hard,0.11831623873123974,0.12646047615126155,0.10426316761107789,0.13146364410066974
0.0,0.0,10.535512951407721,0.07546276787616722,1.136287222145232,0.7799999999999999,0.7799999999999999,0.0,0.7799999999999999,0.0,10.090411289932634,14.430869689661812,hard,0.11831623873123974,0.12646047615126155,0.1043448339199625,0.13221466754375896
0.0,0.0,47.68653534180398,0.07582468481483827,1.1264831875845882,0.7493997598078078,0.7493997598078078,0.0,0.7493997598078078,0.0,39.81147573250708,14.430869689661812,hard,0.11831623873123974,0.12646047615126155,0.104629972745876,0.12693038927298292
0.0,0.0,41.4610727258931,0.07611738008512374,1.1246677947263686,0.7364781055808788,0.7364781055808788,0.0,0.7364781055808788,0.0,40.71324600176213,14.430869689661812,hard,0.11831623873123974,0.12646047615126155,0.10464768863970472,0.1239969226170003
0.0,0.0,28.855784285208557,0.0770262408384497,1.123655203072174,0.7291090453423273,0.7291090453423273,0.0,0.7291090453423273,0.0,28.359132567834294,14.430869689661812,hard,0.11831623873123974,0.12646047615126155,0.10468171120400294,0.12384286341994918
0.0,0.0,19.48178728629789,0.07767974542681212,1.1255936115518796,0.7211102550927978,0.7211102550927978,0.0,0.7211102550927978,0.0,18.472682533947257,14.430869689661812,hard,0.11831623873123974,0.12646047615126155,0.10439118167966724,0.12464895436018789
0.0,0.0,19.058036688529118,0.07821746458015666,1.1296813089010103,0.7211102550927978,0.7211102550927978,0.0,0.7211102550927978,0.0,18.669161738010626,14.430869689661812,hard,0.11831623873123974,0.12646047615126155,0.10405933600779833,0.12571331876850178
0.0,0.0,28.919086516318384,0.07939465075689933,1.13309488582533,0.7211102550927978,0.7211102550927978,0.0,0.7211102550927978,0.0,26.33200334194115,14.430869689661812,hard,0.11831623873123974,0.12646047615126155,0.10504696308709476,0.12576536858952758
0.0,0.0,28.015378859788875,0.08032625406767971,1.136590066328481,0.7211102550927978,0.7211102550927978,0.0,0.7211102550927978,0.0,27.841874936864436,14.430869689661812,hard,0.11831623873123974,0.12646047615126155,0.10507717854477522,0.12637590498751677
0.0,0.0,25.51055969837504,0.08095436871971899,1.1394687249912743,0.7211102550927978,0.7211102550927978,0.0,0.7211102550927978,0.0,24.906352603301833,14.430869689661812,hard,0.11831623873123974,0.12646047615126155,0.10507681635311254,0.1269805077852112
0.0,0.0,24.067289781743963,0.08178752873330483,1.1406812788452008,0.7211102550927978,0.7211102550927978,0.0,0.7211102550927978,0.0,24.336178829060245,14.430869689661812,hard,0.11831623873123974,0.12646047615126155,0.105062954532899,0.12738471912229943
0.0,0.0,21.70451532299655,0.0822858514764905,1.1405918032605042,0.7211102550927978,0.7211102550927978,0.0,0.7211102550927978,0.0,21.080502840302458,14.430869689661812,hard,0.11831623873123974,0.12646047615126155,0.10513281959780674,0.12813577109950078
0.0,0.0,14.278787772912336,0.08265415369773473,1.1398667358510197,0.7211102550927978,0.7211102550927978,0.0,0.7211102550927978,0.0,14.32241599730995,14.430869689661812,hard,0.11831623873123974,0.12646047615126155,0.1052654266722609,0.12885564264859922
0.0,0.0,16.685898038331256,0.08313765630247699,1.1370435408269786,0.7211102550927978,0.7211102550927978,0.0,0.7211102550927978,0.0,16.3658669186817,14.430869689661812,hard,0.11831623873123974,0.12646047615126155,0.1056074786368013,0.12941749976198677
0.0,0.0,16.602443930039712,0.08355527490283973,1.134967212842123,0.7211102550927978,0.7211102550927978,0.0,0.7211102550927978,0.0,15.510112830021582,14.430869689661812,hard,0.11831623873123974,0.12646047615126155,0.10587527137677101,0.12983227883120244
0.0,0.0,16.771544674882293,0.08379815071899656,1.1336418545862224,0.7211102550927978,0.7211102550927978,0.0,0.7211102550927978,0.0,16.832694377312265,14.430869689661812,hard,0.11831623873123974,0.12646047615126155,0.10591140464868755,0.1296043149840214
0.0,0.0,22.111908204381464,0.08405545969184222,1.1340604813651194,0.7211102550927978,0.7211102550927978,0.0,0.7211102550927978,0.0,21.644297170386473,14.430869689661812,hard,0.11831623873123974,0.12646047615126155,0.10589194897696329,0.12965338449905242
0.0,0.0,16.94012231544693,0.08434438129954419,1.1350828235163064,0.7211102550927978,0.7211102550927978,0.0,0.7211102550927978,0.0,17.14148184959515,14.430869689661812,hard,0.11831623873123974,0.12646047615126155,0.10591360530080313,0.12991398283169034
0.0,0.0,13.408021556773994,0.08457077958155616,1.1348289097757525,0.7211102550927978,0.7211102550927978,0.0,0.7211102550927978,0.0,13.123353230024712,14.430869689661812,hard,0.11831623873123974,0.12646047615126155,0.10599362255148113,0.13036031659183786
0.0,0.0,15.910409162820624,0.08501949489309041,1.13409524224956,0.7211102550927978,0.7211102550927978,0.0,0.7211102550927978,0.0,15.5074175799841,14.430869689661812,hard,0.11831623873123974,0.12646047615126155,0.1070961261014993,0.1305768183923373
0.0,0.0,2.8135679043743425,0.08500491628378476,1.13246706757199,0.7211102550927978,0.7211102550927978,0.0,0.7211102550927978,0.0,1.5596153371905521,14.430869689661812,hard,0.11831623873123974,0.12646047615126155,0.10708838738970264,0.13066056650959143
0.0,0.0,2.680784221499329,0.08500416193918696,1.1325648148111775,0.7211102550927978,0.7211102550927978,0.0,0.7211102550927978,0.0,1.1489125293076057,14.430869689661812,hard,0.11831623873123974,0.12646047615126155,0.10708838738970264,0.13069609097941737
0.0,0.0,4.552658065390294,0.08504990396617929,1.1325476508103565,0.7211102550927978,0.7211102550927978,0.0,0.7211102550927978,0.0,3.384907679686405,14.430869689661812,hard,0.11831623873123974,0.12646047615126155,0.10708838738970264,0.1308456784827203
0.0,0.0,6.0503781839793005,0.08513161421537802,1.1325476508103565,0.7211102550927978,0.7211102550927978,0.0,0.7211102550927978,0.0,6.182038498747804,14.430869689661812,hard,0.11831623873123974,0.12646047615126155,0.10708838738970264,0.13106130685410766
0.0,0.0,7.03598325110677,0.08517935465199995,1.1325476508103565,0.7211102550927978,0.7211102550927978,0.0,0.7211102550927978,0.0,6.485799873569952,14.430869689661812,hard,0.11831623873123974,0.12646047615126155,0.10717558321727493,0.13121022265361101
0.0,0.0,8.43543664424673,0.08527531991907304,1.13189090528927,0.7211102550927978,0.7211102550927978,0.0,0.7211102550927978,0.0,7.948861553706921,14.430869689661812,hard,0.11831623873123974,0.12646047615126155,0.10741052800352945,0.13145442195953982
0.0,0.0,8.001473050662977,0.08536469616518667,1.1329552429248904,0.7211102550927978,0.7211102550927978,0.0,0.7211102550927978,0.0,7.555766010140864,14.430869689661812,hard,0.11831623873123974,0.12646047615126155,0.1076015184777044,0.13167802031457654
0.0,0.0,15.241020793332538,0.08550938996247381,1.133784276272075,0.7124605252222751,0.7124605252222751,0.0,0.7124605252222751,0.0,10.781465577554846,14.430869689661812,hard,0.11831623873123974,0.12646047615126155,0.10787652529526938,0.1320014378619322
0.0,0.0,10.465301846491917,0.08565188965760409,1.1345960454219828,0.7124605252222751,0.7124605252222751,0.0,0.7124605252222751,0.0,9.42761899951414,14.430869689661812,hard,0.11831623873123974,0.12646047615126155,0.1083996523294458,0.13223208509465506
0.0,0.0,6.84648468171293,0.08577829512591997,1.1354752429009416,0.7124605252222751,0.7124605252222751,0.0,0.7124605252222751,0.0,5.600571399419884,14.430869689661812,hard,0.11831623873123974,0.12646047615126155,0.10863801337069082,0.13239612157782374
0.0,0.0,10.44282921058524,0.08602961739231019,1.1366079654039385,0.7124605252222751,0.7124605252222751,0.0,0.7124605252222751,0.0,8.629159866406463,14.430869689661812,hard,0.11831623873123974,0.12646047615126155,0.10928382127445856,0.13272290282579274
0.0,0.0,14.992351692221574,0.08645001657476255,1.1381291617246485,0.7124605252222751,0.7124605252222751,0.0,0.7124605252222751,0.0,11.763604889658613,14.430869689661812,hard,0.11831623873123974,0.12646047615126155,0.11018318606472344,0.1336304757044599
0.0,0.0,10.122225388542406,0.08676271902954465,1.1403986277314302,0.7124605252222751,0.7124605252222751,0.0,0.7124605252222751,0.0,9.453972709924647,14.430869689661812,hard,0.11831623873123974,0.12646047615126155,0.11102607183316977,0.1342559399623532
0.0,0.0,10.999044680197343,0.08693183517726806,1.1421901212646328,0.7124605252222751,0.7124605252222751,0.0,0.7124605252222751,0.0,6.996599173884409,14.430869689661812,hard,0.11831623873123974,0.12646047615126155,0.11178701661505462,0.1346532112824146
0.0,0.0,11.619126957972197,0.08697491450679198,1.0596200036913606,0.7124605252222751,0.7124605252222751,0.466476151587624,0.7124605252222751,0.0,3.0870050210519575,14.430869689661812,hard,0.11831623873123974,0.12646047615126155,0.11205666247049345,0.134684816564123
0.0,0.0,7.267853399216198,0.08703368845076917,1.0324640763471546,0.7124605252222751,0.7124605252222751,0.4853864439804639,0.7124605252222751,0.0,2.6092910914652663,14.430869689661812,hard,0.11831623873123974,0.12646047615126155,0.11232866324070535,0.1347852789515347
0.0,0.0,2.202603296338996,0.0870610819492325,1.037097716049842,0.7124605252222751,0.7124605252222751,0.4853864439804639,0.7124605252222751,0.0,1.7619307591389624,14.430869689661812,hard,0.11831623873123974,0.12646047615126155,0.11248169817808559,0.1348739855032345
0.0,0.0,1.1724088506305672,0.0870648892421065,1.0408432105610024,0.7124605252222751,0.7124605252222751,0.4853864439804639,0.7124605252222751,0.0,0.19595917942265428,14.430869689661812,hard,0.11831623873123974,0.12646047615126155,0.1125069027291469,0.1348739855032345
0.0,0.0,1.8563838639759944,0.08709767190495278,1.0434493147658959,0.7124605252222751,0.7124605252222751,0.4853864439804639,0.7124605252222751,0.0,1.518025032731674,14.430869689661812,hard,0.11831623873123974,0.12646047615126155,0.11256572656730823,0.13493956743030278
0.0,0.0,3.5653886777664474,0.08710726851076601,1.0440165633525291,0.7124605252222751,0.7124605252222751,0.4853864439804639,0.7124605252222751,0.0,0.39191835884530857,14.430869689661812,hard,0.11831623873123974,0.12646047615126155,0.11259099944417936,0.1349620152536935
0.0,0.0,1.329678528756967,0.08710726851076601,1.0448812260843015,0.7124605252222751,0.7124605252222751,0.4853864439804639,0.7124605252222751,0.0,0.0,14.430869689661812,hard,0.11831623873123974,0.12646047615126155,0.11259099944417936,0.1349620152536935
0.0,0.0,2.1574758301440897,0.08710726851076601,1.0438645893668241,0.7124605252222751,0.7124605252222751,0.4853864439804639,0.7124605252222751,0.0,0.0,14.430869689661812,hard,0.11831623873123974,0.12646047615126155,0.11259099944417936,0.1349620152536935
0.0,0.0,2.1789033095576684,0.08710726851076601,1.0435387378116405,0.7124605252222751,0.7124605252222751,0.4853864439804639,0.7124605252222751,0.0,0.0,14.430869689661812,hard,0.11831623873123974,0.12646047615126155,0.11259099944417936,0.1349620152536935
0.0,0.0,2.1090957289007815,0.08710726851076601,1.0434626671956553,0.7124605252222751,0.7124605252222751,0.4853864439804639,0.7124605252222751,0.0,0.0,14.430869689661812,hard,0.11831623873123974,0.12646047615126155,0.11259099944417936,0.1349620152536935
0.0,0.0,2.1538720660602992,0.08711560498505198,1.044799671890805,0.7124605252222751,0.7124605252222751,0.4853864439804639,0.7124605252222751,0.0,0.7000000000000002,14.430869689661812,hard,0.11831623873123974,0.12646047615126155,0.11259099944417936,0.13500781630183056
0.0,0.0,2.5041031027672918,0.08711953151494525,1.0480607363226615,0.7124605252222751,0.7124605252222751,0.4853864439804639,0.7124605252222751,0.0,0.27999999999999997,14.430869689661812,hard,0.11831623873123974,0.12646047615126155,0.11259099944417936,0.13502249655574475
0.0,0.0,2.355070421302278,0.08711953151494525,1.0525313960199791,0.7124605252222751,0.7124605252222751,0.4853864439804639,0.7124605252222751,0.0,0.0,14.430869689661812,hard,0.11831623873123974,0.12646047615126155,0.11259099944417936,0.13502249655574475
0.0,0.0,2.2819823125348844,0.08711953151494525,1.058917845762409,0.7124605252222751,0.7124605252222751,0.4853864439804639,0.7124605252222751,0.0,0.13999999999999999,14.430869689661812,hard,0.11831623873123974,0.12646047615126155,0.11259099944417936,0.13502249655574475
0.0,0.0,5.455333470802515,0.08713078712779639,1.0546058999946553,0.7124605252222751,0.7124605252222751,0.4935585071701226,0.7124605252222751,0.0,0.8799999999999998,14.430869689661812,hard,0.11831623873123974,0.12646047615126155,0.11259481236328278,0.1350633429745248
0.0,0.0,2.37052904621282,0.08713078712779639,1.0633532531490562,0.7124605252222751,0.7124605252222751,0.4935585071701226,0.7124605252222751,0.0,0.0,14.430869689661812,hard,0.11831623873123974,0.12646047615126155,0.11259481236328278,0.1350633429745248
0.0,0.0,2.6128228752354765,0.08713078712779639,1.074093395147708,0.7124605252222751,0.7124605252222751,0.4935585071701226,0.7124605252222751,0.0,0.0,14.430869689661812,hard,0.11831623873123974,0.12646047615126155,0.11259481236328278,0.1350633429745248
0.0,0.0,2.9673714300858527,0.08712647809187665,1.0872292519884836,0.7124605252222751,0.7124605252222751,0.4935585071701226,0.7124605252222751,0.0,0.8400000000000001,14.430869689661812,hard,0.11831623873123974,0.12646047615126155,0.11259618617197813,0.13512727619071976
0.0,0.0,7.923551571051385,0.08713156738466962,1.1026457539690446,0.7124605252222751,0.7124605252222751,0.4963869458396343,0.7124605252222751,0.0,0.574456264653803,14.430869689661812,hard,0.11831623873123974,0.12646047615126155,0.11259618617197813,0.13516269662789365
0.0,0.0,4.159493731794964,0.08713819163137104,1.1107329021232029,0.7124605252222751,0.7124605252222751,0.4963869458396343,0.7124605252222751,0.0,0.9314504817756016,14.430869689661812,hard,0.11831623873123974,0.12646047615126155,0.11260057743206354,0.13519675573689416
0.0,0.0,13.178386816364155,0.08713736393203551,0.9806365351739327,0.7124605252222751,0.7124605252222751,0.8863407922464136,0.7124605252222751,0.0,1.5497096502248415,14.430869689661812,hard,0.11831623873123974,0.12646047615126155,0.11261426591638433,0.13521749727657623
0.0,0.0,12.450826940901763,0.08714494808693181,0.8280324537825712,0.7124605252222751,0.7124605252222751,0.8345058418010026,0.7124605252222751,0.0,3.9322258327822417,14.430869689661812,hard,0.11831623873123974,0.12646047615126155,0.11265615084284046,0.13529734347804018
0.0,0.0,7.16685991438808,0.08711464775731106,0.8402260885768971,0.7124605252222751,0.7124605252222751,0.8447484832777151,0.7124605252222751,0.0,5.508139431786381,14.430869689661812,hard,0.11831623873123974,0.12646047615126155,0.11273659989946619,0.13534763962192123
0.0,0.0,7.469153240473021,0.08708066553454145,0.8489510372246339,0.7124605252222751,0.7124605252222751,0.8447484832777151,0.7124605252222751,0.0,6.337475838218241,14.430869689661812,hard,0.11831623873123974,0.12646047615126155,0.11288440957473558,0.13539663245965142
0.0,0.0,8.882684542125013,0.08704751008309577,0.8363341011068124,0.7124605252222751,0.7124605252222751,0.8306623862918074,0.7124605252222751,0.0,7.22772439983706,14.430869689661812,hard,0.11831623873123974,0.12646047615126155,0.11299917117246008,0.13554188618072135
0.0,0.0,9.18689001574731,0.08706745503215234,0.8454589766765285,0.7124605252222751,0.7124605252222751,0.8306623862918074,0.7124605252222751,0.0,8.340167864018087,14.430869689661812,hard,0.11831623873123974,0.12646047615126155,0.11316660956789627,0.13572574098363718
0.0,0.0,8.437342083403186,0.08718041780533313,0.8552777406700796,0.7124605252222751,0.7124605252222751,0.8306623862918074,0.7124605252222751,0.0,7.596551849359023,14.430869689661812,hard,0.11831623873123974,0.12646047615126155,0.11340312788424636,0.13609761296823578
0.0,0.0,8.381463719459154,0.08729753697292356,0.8657040912437892,0.7124605252222751,0.7124605252222751,0.8306623862918074,0.7124605252222751,0.0,7.694699474313469,14.430869689661812,hard,0.11831623873123974,0.12646047615126155,0.11372841743760338,0.13620581178342
0.0,0.0,3.2326231732289905,0.08728171209395684,0.8757518493461434,0.7124605252222751,0.7124605252222751,0.8306623862918074,0.7124605252222751,0.0,2.2415173432298046,14.430869689661812,hard,0.11831623873123974,0.12646047615126155,0.1137378713182981,0.13634194576350453
0.0,0.0,4.922843023766652,0.08727937082246352,0.8759800124439603,0.7124605252222751,0.7124605252222751,0.84,0.7124605252222751,0.0,0.27999999999999997,14.430869689661812,hard,0.11831623873123974,0.12646047615126155,0.11374111307299659,0.13635441032411688
0.0,0.0,6.514242851369276,0.08729942725997027,0.8860461739897232,0.7124605252222751,0.7124605252222751,0.84,0.7124605252222751,0.0,0.9937806599043877,14.430869689661812,hard,0.11831623873123974,0.12646047615126155,0.11377811174158269,0.1363880350203687
0.0,0.0,4.814008548438536,0.08730190501728115,0.8888947604944243,0.7124605252222751,0.7124605252222751,0.8487638069569178,0.7124605252222751,0.0,0.8799999999999998,14.430869689661812,hard,0.11831623873123974,0.12646047615126155,0.11377811174158269,0.136459607733353
0.0,0.0,3.9528208421529833,0.08730075810445827,0.8945275408239933,0.7124605252222751,0.7124605252222751,0.856971411425142,0.7124605252222751,0.0,0.13999999999999999,14.430869689661812,hard,0.11831623873123974,0.12646047615126155,0.11377811174158269,0.1364722692119393
0.0,0.0,2.4916630276038325,0.08730075810445827,0.9108228048816621,0.7124605252222751,0.7124605252222751,0.856971411425142,0.7124605252222751,0.0,0.0,14.430869689661812,hard,0.11831623873123974,0.12646047615126155,0.11377811174158269,0.1364722692119393
0.0,0.0,2.427102040472745,0.08730075810445827,0.9305067955161347,0.7124605252222751,0.7124605252222751,0.856971411425142,0.7124605252222751,0.0,0.0,14.430869689661812,hard,0.11831623873123974,0.12646047615126155,0.11377811174158269,0.1364722692119393
0.0,0.0,2.3271591402894054,0.08730075810445827,0.9499244073050755,0.7124605252222751,0.7124605252222751,0.856971411425142,0.7124605252222751,0.0,0.13999999999999999,14.430869689661812,hard,0.11831623873123974,0.12646047615126155,0.11377811174158269,0.1364722692119393
0.0,0.0,2.6881319845970193,0.08730075810445827,0.9707262808550432,0.7124605252222751,0.7124605252222751,0.856971411425142,0.7124605252222751,0.0,0.0,14.430869689661812,hard,0.11831623873123974,0.12646047615126155,0.11377811174158269,0.1364722692119393
0.0,0.0,2.7030697398556964,0.08730363686290343,0.9933670642278475,0.7124605252222751,0.7124605252222751,0.856971411425142,0.7124605252222751,0.0,0.27999999999999997,14.430869689661812,hard,0.11831623873123974,0.12646047615126155,0.11377811174158269,0.136483538832763
0.0,0.0,2.8610431563651555,0.08731229467295258,1.0157950112616438,0.7124605252222751,0.7124605252222751,0.856971411425142,0.7124605252222751,0.0,0.7000000000000002,14.430869689661812,hard,0.11831623873123974,0.12646047615126155,0.11377811174158269,0.13651755512089433
0.0,0.0,2.678153195038875,0.08731984031944634,1.0405990759613606,0.7124605252222751,0.7124605252222751,0.856971411425142,0.7124605252222751,0.0,0.42000000000000004,14.430869689661812,hard,0.11831623873123974,0.12646047615126155,0.11382764836743837,0.13651755512089433
0.0,0.0,13.16513555523145,0.08731984031944634,0.9302401529515174,0.7124605252222751,0.7124605252222751,1.1859173664298874,0.7124605252222751,0.0,0.0,14.430869689661812,hard,0.11831623873123974,0.12646047615126155,0.11382764836743837,0.13651755512089433
0.0,0.0,10.060270495762445,0.08731984031944634,0.8121120205268317,0.7124605252222751,0.7124605252222751,1.2419339757008019,0.7124605252222751,0.0,0.0,14.430869689661812,hard,0.11831623873123974,0.12646047615126155,0.11382764836743837,0.13651755512089433
0.0,0.0,1.8259191238227226,0.08731984031944634,0.8220883539672044,0.7124605252222751,0.7124605252222751,1.2419339757008019,0.7124605252222751,0.0,0.0,14.430869689661812,hard,0.11831623873123974,0.12646047615126155,0.11382764836743837,0.13651755512089433
0.0,0.0,7.6930998492704195,0.08731984031944634,0.8302194205791428,0.7124605252222751,0.7124605252222751,1.2419339757008019,0.7124605252222751,0.0,0.0,14.430869689661812,hard,0.11831623873123974,0.12646047615126155,0.11382764836743837,0.13651755512089433
0.0,0.0,4.52117271690625,0.08731959401472278,0.8367422702594405,0.7124605252222751,0.7124605252222751,1.2419339757008019,0.7124605252222751,0.0,0.13999999999999999,14.430869689661812,hard,0.11831623873123974,0.12646047615126155,0.11383383922877231,0.13651755512089433
0.0,0.0,3.5394662472775082,0.08731960024210146,0.8448640351170049,0.7124605252222751,0.7124605252222751,1.2419339757008019,0.7124605252222751,0.0,0.49999999999999994,14.430869689661812,hard,0.11831623873123974,0.12646047615126155,0.1138438084568774,0.13653708364060346
0.0,0.0,4.483080912471676,0.08731935723630976,0.8510959930908985,0.7124605252222751,0.7124605252222751,1.2419339757008019,0.7124605252222751,0.0,0.13999999999999999,14.430869689661812,hard,0.11831623873123974,0.12646047615126155,0.1138438084568774,0.13655042614920113
0.0,0.0,5.822661506401174,0.08731935723630976,0.8370267928987799,0.7124605252222751,0.7124605252222751,1.2213107712617621,0.7124605252222751,0.0,0.0,14.430869689661812,hard,0.11831623873123974,0.12646047615126155,0.1138438084568774,0.13655042614920113
0.0,0.0,3.0396833928154883,0.0873186502722379,0.8450999751654055,0.7124605252222751,0.7124605252222751,1.2213107712617621,0.7124605252222751,0.0,0.42000000000000004,14.430869689661812,hard,0.11831623873123974,0.12646047615126155,0.1138438084568774,0.13659065540090992
0.0,0.0,2.9257060719127796,0.0873186502722379,0.8524716082489964,0.7124605252222751,0.7124605252222751,1.2213107712617621,0.7124605252222751,0.0,0.0,14.430869689661812,hard,0.11831623873123974,0.12646047615126155,0.1138438084568774,0.13659065540090992
0.0,0.0,4.063702688552605,0.0873186502722379,0.8590501546169178,0.7124605252222751,0.7124605252222751,1.2328828005937953,0.7124605252222751,0.0,0.13999999999999999,14.430869689661812,hard,0.11831623873123974,0.12646047615126155,0.1138438084568774,0.13659065540090992
0.0,0.0,2.5693089324302423,0.0873255447054871,0.8681241159487122,0.7124605252222751,0.7124605252222751,1.2328828005937953,0.7124605252222751,0.0,0.84,14.430869689661812,hard,0.11831623873123974,0.12646047615126155,0.1138438084568774,0.13663012014502995
0.0,0.0,2.4948042711680625,0.0873255447054871,0.8777663502069446,0.7124605252222751,0.7124605252222751,1.2328828005937953,0.7124605252222751,0.0,0.0,14.430869689661812,hard,0.11831623873123974,0.12646047615126155,0.1138438084568774,0.13663012014502995
0.0,0.0,2.74206469578495,0.0873255447054871,0.8904614648128301,0.7124605252222751,0.7124605252222751,1.2328828005937953,0.7124605252222751,0.0,0.0,14.430869689661812,hard,0.11831623873123974,0.12646047615126155,0.1138438084568774,0.13663012014502995
0.0,0.0,2.3802383157706335,0.0873255447054871,0.9039319929051903,0.7124605252222751,0.7124605252222751,1.2328828005937953,0.7124605252222751,0.0,0.0,14.430869689661812,hard,0.11831623873123974,0.12646047615126155,0.1138438084568774,0.13663012014502995
0.0,0.0,4.091613359525129,0.0873255447054871,0.9195464836743654,0.7124605252222751,0.7124605252222751,1.2328828005937953,0.7124605252222751,0.0,0.0,14.430869689661812,hard,0.11831623873123974,0.12646047615126155,0.1138438084568774,0.13663012014502995
0.0,0.0,2.439928303289144,0.0873255447054871,0.9364300472557242,0.7124605252222751,0.7124605252222751,1.2328828005937953,0.7124605252222751,0.0,0.0,14.430869689661812,hard,0.11831623873123974,0.12646047615126155,0.1138438084568774,0.13663012014502995
0.0,0.0,2.325218870650784,0.0873255447054871,0.952631152201601,0.7124605252222751,0.7124605252222751,1.2328828005937953,0.7124605252222751,0.0,0.0,14.430869689661812,hard,0.11831623873123974,0.12646047615126155,0.1138438084568774,0.13663012014502995
0.0,0.0,2.6887862647298113,0.0873255447054871,0.9720544083145095,0.7124605252222751,0.7124605252222751,1.2328828005937953,0.7124605252222751,0.0,0.0,14.430869689661812,hard,0.11831623873123974,0.12646047615126155,0.1138438084568774,0.13663012014502995
0.0,0.0,2.7835222617758806,0.0873255447054871,0.9952241822051058,0.7124605252222751,0.7124605252222751,1.2328828005937953,0.7124605252222751,0.0,0.0,14.430869689661812,hard,0.11831623873123974,0.12646047615126155,0.1138438084568774,0.13663012014502995
0.0,0.0,12.949803740345098,0.08732486997032603,0.9667850577981691,0.7124605252222751,0.7124605252222751,1.5,0.7124605252222751,0.0,0.42000000000000004,14.430869689661812,hard,0.11831623873123974,0.12646047615126155,0.1138438084568774,0.13667063128288945
0.0,0.0,11.687660968167416,0.08732323239669587,0.7997908519047616,0.7124605252222751,0.7124605252222751,1.6370705543744901,0.7124605252222751,0.0,1.2599999999999998,14.430869689661812,hard,0.11831623873123974,0.12646047615126155,0.11385631606855187,0.13675255939838618
0.0,0.0,5.391592726191899,0.08731521006652185,0.8083096002486985,0.7124605252222751,0.7124605252222751,1.6381697103780182,0.7124605252222751,0.0,3.6926413310799635,14.430869689661812,hard,0.11831623873123974,0.12646047615126155,0.11399829527651233,0.1368447662339197
0.0,0.0,5.608011723512998,0.08730853897306633,0.7880529354642606,0.7124605252222751,0.7124605252222751,1.6396341055247663,0.7124605252222751,0.0,1.68,14.430869689661812,hard,0.11831623873123974,0.12646047615126155,0.11399829527651233,0.13692196584338384
0.0,0.0,4.494912066584433,0.08728318166045906,0.7969364861901712,0.7124605252222751,0.7124605252222751,1.6396341055247663,0.7124605252222751,0.0,4.2,14.430869689661812,hard,0.11831623873123974,0.12646047615126155,0.11402295686589169,0.13714728914672414
0.0,0.0,2.382823887177009,0.08727324308374124,0.8093784643250167,0.7124605252222751,0.7124605252222751,1.6396341055247663,0.7124605252222751,0.0,1.82,14.430869689661812,hard,0.11831623873123974,0.12646047615126155,0.11402295686589169,0.13728436911137107
0.0,0.0,1.9100999382255268,0.08727324308374124,0.8220522035742328,0.7124605252222751,0.7124605252222751,1.6396341055247663,0.7124605252222751,0.0,0.0,14.430869689661812,hard,0.11831623873123974,0.12646047615126155,0.11402295686589169,0.13728436911137107
0.0,0.0,3.6030086238779684,0.08727324308374124,0.8381173878673431,0.7124605252222751,0.7124605252222751,1.64,0.7124605252222751,0.0,0.0,14.430869689661812,hard,0.11831623873123974,0.12646047615126155,0.11402295686589169,0.13728436911137107
0.0,0.0,7.3926738416733935,0.08727324308374124,0.847959548334272,0.7124605252222751,0.7124605252222751,1.64,0.7124605252222751,0.0,0.0,14.430869689661812,hard,0.11831623873123974,0.12646047615126155,0.11402295686589169,0.13728436911137107
0.0,0.0,4.358638009215973,0.08727324308374124,0.8551949138088041,0.7124605252222751,0.7124605252222751,1.64,0.7124605252222751,0.0,0.0,14.430869689661812,hard,0.11831623873123974,0.12646047615126155,0.11402295686589169,0.13728436911137107
0.0,0.0,4.028373802252962,0.08727324308374124,0.8611751101435914,0.7124605252222751,0.7124605252222751,1.64,0.7124605252222751,0.0,0.0,14.430869689661812,hard,0.11831623873123974,0.12646047615126155,0.11402295686589169,0.13728436911137107
0.0,0.0,5.985675519270451,0.08727324308374124,0.8455761573455428,0.7124605252222751,0.7124605252222751,1.6401219466856725,0.7124605252222751,0.0,0.0,14.430869689661812,hard,0.11831623873123974,0.12646047615126155,0.11402295686589169,0.13728436911137107
0.0,0.0,4.254434580782113,0.08727324308374124,0.8526195232181385,0.7124605252222751,0.7124605252222751,1.6401219466856725,0.7124605252222751,0.0,0.0,14.430869689661812,hard,0.11831623873123974,0.12646047615126155,0.11402295686589169,0.13728436911137107
0.0,0.0,2.9832089284365684,0.08727324308374124,0.8618439351377865,0.7124605252222751,0.7124605252222751,1.6401219466856725,0.7124605252222751,0.0,0.0,14.430869689661812,hard,0.11831623873123974,0.12646047615126155,0.11402295686589169,0.13728436911137107
0.0,0.0,3.7385783082118,0.08727324308374124,0.8748632327400063,0.7124605252222751,0.7124605252222751,1.6401219466856725,0.7124605252222751,0.0,0.0,14.430869689661812,hard,0.11831623873123974,0.12646047615126155,0.11402295686589169,0.13728436911137107
0.0,0.0,2.239422903407809,0.08727324308374124,0.8909522473489978,0.7124605252222751,0.7124605252222751,1.6401219466856725,0.7124605252222751,0.0,0.0,14.430869689661812,hard,0.11831623873123974,0.12646047615126155,0.11402295686589169,0.13728436911137107
0.0,0.0,2.280484924949908,0.08727324308374124,0.9099884572087,0.7124605252222751,0.7124605252222751,1.6401219466856725,0.7124605252222751,0.0,0.0,14.430869689661812,hard,0.11831623873123974,0.12646047615126155,0.11402295686589169,0.13728436911137107
0.0,0.0,4.372611098071531,0.08727324308374124,0.9221210145534123,0.7124605252222751,0.7124605252222751,1.6521501142450707,0.7124605252222751,0.0,0.0,14.430869689661812,hard,0.11831623873123974,0.12646047615126155,0.11402295686589169,0.13728436911137107
0.0,0.0,2.3439076444418117,0.08727324308374124,0.9428915774812587,0.7124605252222751,0.7124605252222751,1.6521501142450707,0.7124605252222751,0.0,0.0,14.430869689661812,hard,0.11831623873123974,0.12646047615126155,0.11402295686589169,0.13728436911137107
0.0,0.0,2.7480691086668143,0.08727324308374124,0.9642388954592152,0.7124605252222751,0.7124605252222751,1.6521501142450707,0.7124605252222751,0.0,0.0,14.430869689661812,hard,0.11831623873123974,0.12646047615126155,0.11402295686589169,0.13728436911137107
0.0,0.0,13.739721020247618,0.08727324308374124,0.9352435564092263,0.7124605252222751,0.7124605252222751,1.8728587773775152,0.7124605252222751,0.0,0.0,14.430869689661812,hard,0.11831623873123974,0.12646047615126155,0.11402295686589169,0.13728436911137107
0.0,0.0,12.084761588360156,0.08727324308374124,0.7441242888360015,0.7124605252222751,0.7124605252222751,2.0431348462595413,0.7124605252222751,0.0,0.0,14.430869689661812,hard,0.11831623873123974,0.12646047615126155,0.11402295686589169,0.13728436911137107
0.0,0.0,2.636654811352808,0.08727324308374124,0.7558121849542174,0.7124605252222751,0.7124605252222751,2.0431348462595413,0.7124605252222751,0.0,0.0,14.430869689661812,hard,0.11831623873123974,0.12646047615126155,0.11402295686589169,0.13728436911137107
0.0,0.0,2.611597779803929,0.08727324308374124,0.7681180226161257,0.7124605252222751,0.7124605252222751,2.0431348462595413,0.7124605252222751,0.0,0.0,14.430869689661812,hard,0.11831623873123974,0.12646047615126155,0.11402295686589169,0.13728436911137107
0.0,0.0,4.127721687573792,0.08727324308374124,0.7769827588817977,0.7124605252222751,0.7124605252222751,2.0365657367244494,0.7124605252222751,0.0,0.0,14.430869689661812,hard,0.11831623873123974,0.12646047615126155,0.11402295686589169,0.13728436911137107
0.0,0.0,4.100562942226734,0.08727324308374124,0.7825696729529454,0.7124605252222751,0.7124605252222751,2.04939015319192,0.7124605252222751,0.0,0.0,14.430869689661812,hard,0.11831623873123974,0.12646047615126155,0.11402295686589169,0.13728436911137107
0.0,0.0,2.007010648620446,0.08727324308374124,0.7959734404991096,0.7124605252222751,0.7124605252222751,2.04939015319192,0.7124605252222751,0.0,0.0,14.430869689661812,hard,0.11831623873123974,0.12646047615126155,0.11402295686589169,0.13728436911137107
0.0,0.0,1.6873053086159266,0.08727324308374124,0.8078247957768832,0.7124605252222751,0.7124605252222751,2.04939015319192,0.7124605252222751,0.0,0.0,14.430869689661812,hard,0.11831623873123974,0.12646047615126155,0.11402295686589169,0.13728436911137107
0.0,0.0,1.7177371452268002,0.08727324308374124,0.8149889414675762,0.7124605252222751,0.7124605252222751,2.04939015319192,0.7124605252222751,0.0,0.0,14.430869689661812,hard,0.11831623873123974,0.12646047615126155,0.11402295686589169,0.13728436911137107
0.0,0.0,1.5781708628669358,0.08727324308374124,0.8245014826425368,0.7124605252222751,0.7124605252222751,2.04939015319192,0.7124605252222751,0.0,0.0,14.430869689661812,hard,0.11831623873123974,0.12646047615126155,0.11402295686589169,0.13728436911137107
0.0,0.0,1.4356729556667935,0.08727324308374124,0.8348141055523058,0.7124605252222751,0.7124605252222751,2.04939015319192,0.7124605252222751,0.0,0.0,14.430869689661812,hard,0.11831623873123974,0.12646047615126155,0.11402295686589169,0.13728436911137107
0.0,0.0,2.246935775739046,0.08727324308374124,0.8465878010249847,0.7124605252222751,0.7124605252222751,2.04939015319192,0.7124605252222751,0.0,0.0,14.430869689661812,hard,0.11831623873123974,0.12646047615126155,0.11402295686589169,0.13728436911137107
0.0,0.0,4.288962353208299,0.08727324308374124,0.8524222510034597,0.7124605252222751,0.7124605252222751,2.06194083329275,0.7124605252222751,0.0,0.0,14.430869689661812,hard,0.11831623873123974,0.12646047615126155,0.11402295686589169,0.13728436911137107
0.0,0.0,7.773815391020345,0.08727324308374124,0.8592451408381693,0.7124605252222751,0.7124605252222751,2.06194083329275,0.7124605252222751,0.0,0.0,14.430869689661812,hard,0.11831623873123974,0.12646047615126155,0.11402295686589169,0.13728436911137107
0.0,0.0,4.192489406675413,0.08727324308374124,0.8689596353353443,0.7124605252222751,0.7124605252222751,2.06194083329275,0.7124605252222751,0.0,0.0,14.430869689661812,hard,0.11831623873123974,0.12646047615126155,0.11402295686589169,0.13728436911137107
0.0,0.0,3.8975182119602065,0.08727324308374124,0.8809414949133605,0.7124605252222751,0.7124605252222751,2.06194083329275,0.7124605252222751,0.0,0.0,14.430869689661812,hard,0.11831623873123974,0.12646047615126155,0.11402295686589169,0.13728436911137107
0.0,0.0,5.155562693404292,0.08727324308374124,0.8961660680335407,0.7124605252222751,0.7124605252222751,2.06194083329275,0.7124605252222751,0.0,0.0,14.430869689661812,hard,0.11831623873123974,0.12646047615126155,0.11402295686589169,0.13728436911137107
0.0,0.0,4.616124738867796,0.08727324308374124,0.9166819101086437,0.7124605252222751,0.7124605252222751,2.06194083329275,0.7124605252222751,0.0,0.0,14.430869689661812,hard,0.11831623873123974,0.12646047615126155,0.11402295686589169,0.13728436911137107
0.0,0.0,3.341951837224313,0.08727324308374124,0.9362341420816526,0.7124605252222751,0.7124605252222751,2.06194083329275,0.7124605252222751,0.0,0.0,14.430869689661812,hard,0.11831623873123974,0.12646047615126155,0.11402295686589169,0.13728436911137107
0.0,0.0,3.254294721990855,0.08727324308374124,0.9559664704176434,0.7124605252222751,0.7124605252222751,2.06194083329275,0.7124605252222751,0.0,0.0,14.430869689661812,hard,0.11831623873123974,0.12646047615126155,0.11402295686589169,0.13728436911137107
0.0,0.0,10.095589807964199,0.08727324308374124,0.9735829069900187,0.7124605252222751,0.7124605252222751,2.181742422927143,0.7124605252222751,0.0,0.0,14.430869689661812,hard,0.11831623873123974,0.12646047615126155,0.11402295686589169,0.13728436911137107
0.0,0.0,13.602964197362843,0.08727324308374124,0.6761411633698879,0.7124605252222751,0.7124605252222751,2.4596747752497685,0.7124605252222751,0.0,0.0,14.430869689661812,hard,0.11831623873123974,0.12646047615126155,0.11402295686589169,0.13728436911137107
0.0,0.0,2.7470357792430167,0.08727324308374124,0.6956403754491343,0.7124605252222751,0.7124605252222751,2.4596747752497685,0.7124605252222751,0.0,0.0,14.430869689661812,hard,0.11831623873123974,0.12646047615126155,0.11402295686589169,0.13728436911137107
0.0,0.0,2.420569956644979,0.08727324308374124,0.7118205999173948,0.7124605252222751,0.7124605252222751,2.4596747752497685,0.7124605252222751,0.0,0.0,14.430869689661812,hard,0.11831623873123974,0.12646047615126155,0.11402295686589169,0.13728436911137107
0.0,0.0,5.481421844538444,0.08727324308374124,0.7429376772970566,0.7124605252222751,0.7124605252222751,2.4609754163745725,0.7124605252222751,0.0,0.0,14.430869689661812,hard,0.11831623873123974,0.12646047615126155,0.11402295686589169,0.13728436911137107
0.0,0.0,4.155378048644573,0.08727324308374124,0.75388689385848,0.7124605252222751,0.7124605252222751,2.4609754163745725,0.7124605252222751,0.0,0.0,14.430869689661812,hard,0.11831623873123974,0.12646047615126155,0.11402295686589169,0.13728436911137107
0.0,0.0,2.305587929858031,0.08727324308374124,0.7690945157692608,0.7124605252222751,0.7124605252222751,2.4609754163745725,0.7124605252222751,0.0,0.0,14.430869689661812,hard,0.11831623873123974,0.12646047615126155,0.11402295686589169,0.13728436911137107
0.0,0.0,2.0057998331192626,0.08727324308374124,0.783955866448025,0.7124605252222751,0.7124605252222751,2.4609754163745725,0.7124605252222751,0.0,0.0,14.430869689661812,hard,0.11831623873123974,0.12646047615126155,0.11402295686589169,0.13728436911137107
0.0,0.0,1.8122421956930277,0.08727324308374124,0.7981874219024916,0.7124605252222751,0.7124605252222751,2.4609754163745725,0.7124605252222751,0.0,0.0,14.430869689661812,hard,0.11831623873123974,0.12646047615126155,0.11402295686589169,0.13728436911137107
0.0,0.0,1.779845155726852,0.08727324308374124,0.8093057721170506,0.7124605252222751,0.7124605252222751,2.4609754163745725,0.7124605252222751,0.0,0.0,14.430869689661812,hard,0.11831623873123974,0.12646047615126155,0.11402295686589169,0.13728436911137107
0.0,0.0,1.9318406626280706,0.08727324308374124,0.8220726154386435,0.7124605252222751,0.7124605252222751,2.4609754163745725,0.7124605252222751,0.0,0.0,14.430869689661812,hard,0.11831623873123974,0.12646047615126155,0.11402295686589169,0.13728436911137107
0.0,0.0,1.5751272753222632,0.08727324308374124,0.8330095800723472,0.7124605252222751,0.7124605252222751,2.4609754163745725,0.7124605252222751,0.0,0.0,14.430869689661812,hard,0.11831623873123974,0.12646047615126155,0.11402295686589169,0.13728436911137107
0.0,0.0,2.286976504053924,0.08727324308374124,0.8420424317714673,0.7124605252222751,0.7124605252222751,2.4609754163745725,0.7124605252222751,0.0,0.0,14.430869689661812,hard,0.11831623873123974,0.12646047615126155,0.11402295686589169,0.13728436911137107
0.0,0.0,2.281808605729388,0.08727324308374124,0.8518391124341331,0.7124605252222751,0.7124605252222751,2.4609754163745725,0.7124605252222751,0.0,0.0,14.430869689661812,hard,0.11831623873123974,0.12646047615126155,0.11402295686589169,0.13728436911137107
0.0,0.0,1.948925754448935,0.08727324308374124,0.8612863210102152,0.7124605252222751,0.7124605252222751,2.4609754163745725,0.7124605252222751,0.0,0.0,14.430869689661812,hard,0.11831623873123974,0.12646047615126155,0.11402295686589169,0.13728436911137107
0.0,0.0,2.0262641660602614,0.08727324308374124,0.8680997099190879,0.7124605252222751,0.7124605252222751,2.4609754163745725,0.7124605252222751,0.0,0.0,14.430869689661812,hard,0.11831623873123974,0.12646047615126155,0.11402295686589169,0.13728436911137107
0.0,0.0,2.601904193029807,0.08727324308374124,0.8781276767457211,0.7124605252222751,0.7124605252222751,2.4609754163745725,0.7124605252222751,0.0,0.0,14.430869689661812,hard,0.11831623873123974,0.12646047615126155,0.11402295686589169,0.13728436911137107
0.0,0.0,4.586162911212491,0.08727324308374124,0.8964348977773028,0.7124605252222751,0.7124605252222751,2.473539973398449,0.7124605252222751,0.0,0.0,14.430869689661812,hard,0.11831623873123974,0.12646047615126155,0.11402295686589169,0.13728436911137107
0.0,0.0,7.622783894842656,0.08727324308374124,0.9153449323783879,0.7124605252222751,0.7124605252222751,2.473539973398449,0.7124605252222751,0.0,0.0,14.430869689661812,hard,0.11831623873123974,0.12646047615126155,0.11402295686589169,0.13728436911137107
0.0,0.0,4.680753444508047,0.08727324308374124,0.9360380144157289,0.7124605252222751,0.7124605252222751,2.473539973398449,0.7124605252222751,0.0,0.0,14.430869689661812,hard,0.11831623873123974,0.12646047615126155,0.11402295686589169,0.13728436911137107
0.0,0.0,11.207274361945265,0.08727324308374124,0.9389347738164284,0.7124605252222751,0.7124605252222751,2.584646977828887,0.7124605252222751,0.0,0.0,14.430869689661812,hard,0.11831623873123974,0.12646047615126155,0.11402295686589169,0.13728436911137107
0.0,0.0,13.269781443638967,0.08727324308374124,0.679034260927319,0.7124605252222751,0.7124605252222751,2.862795836241208,0.7124605252222751,0.0,0.0,14.430869689661812,hard,0.11831623873123974,0.12646047615126155,0.11402295686589169,0.13728436911137107
0.0,0.0,6.00367428360766,0.08727324308374124,0.6975399401483869,0.7124605252222751,0.7124605252222751,2.868867372326577,0.7124605252222751,0.0,0.0,14.430869689661812,hard,0.11831623873123974,0.12646047615126155,0.11402295686589169,0.13728436911137107
0.0,0.0,3.6929607020036266,0.08727324308374124,0.718426725170424,0.7124605252222751,0.7124605252222751,2.868867372326577,0.7124605252222751,0.0,0.0,14.430869689661812,hard,0.11831623873123974,0.12646047615126155,0.11402295686589169,0.13728436911137107
0.0,0.0,3.327619719212766,0.08727324308374124,0.7348688266764091,0.7124605252222751,0.7124605252222751,2.868867372326577,0.7124605252222751,0.0,0.0,14.430869689661812,hard,0.11831623873123974,0.12646047615126155,0.11402295686589169,0.13728436911137107
0.0,0.0,2.503070109863991,0.08727324308374124,0.7518978166038378,0.7124605252222751,0.7124605252222751,2.868867372326577,0.7124605252222751,0.0,0.0,14.430869689661812,hard,0.11831623873123974,0.12646047615126155,0.11402295686589169,0.13728436911137107
0.0,0.0,2.2458228905461897,0.08727324308374124,0.7655557153245371,0.7124605252222751,0.7124605252222751,2.868867372326577,0.7124605252222751,0.0,0.0,14.430869689661812,hard,0.11831623873123974,0.12646047615126155,0.11402295686589169,0.13728436911137107
0.0,0.0,2.390280778097876,0.08727324308374124,0.7812786189392991,0.7124605252222751,0.7124605252222751,2.868867372326577,0.7124605252222751,0.0,0.0,14.430869689661812,hard,0.11831623873123974,0.12646047615126155,0.11402295686589169,0.13728436911137107
0.0,0.0,1.9667213310974194,0.08727324308374124,0.7967636293027254,0.7124605252222751,0.7124605252222751,2.868867372326577,0.7124605252222751,0.0,0.0,14.430869689661812,hard,0.11831623873123974,0.12646047615126155,0.11402295686589169,0.13728436911137107
0.0,0.0,3.9978591512102475,0.08727324308374124,0.8196714154250356,0.7124605252222751,0.7124605252222751,2.8678214728256712,0.7124605252222751,0.0,0.0,14.430869689661812,hard,0.11831623873123974,0.12646047615126155,0.11402295686589169,0.13728436911137107
0.0,0.0,3.5740712665885632,0.08727324308374124,0.8279399917169848,0.7124605252222751,0.7124605252222751,2.8678214728256712,0.7124605252222751,0.0,0.0,14.430869689661812,hard,0.11831623873123974,0.12646047615126155,0.11402295686589169,0.13728436911137107
0.0,0.0,1.3793379149197436,0.08727324308374124,0.8379835369022753,0.7124605252222751,0.7124605252222751,2.8678214728256712,0.7124605252222751,0.0,0.0,14.430869689661812,hard,0.11831623873123974,0.12646047615126155,0.11402295686589169,0.13728436911137107
0.0,0.0,1.4118907267360674,0.08727324308374124,0.8455207507730301,0.7124605252222751,0.7124605252222751,2.8678214728256712,0.7124605252222751,0.0,0.0,14.430869689661812,hard,0.11831623873123974,0.12646047615126155,0.11402295686589169,0.13728436911137107
0.0,0.0,2.2326849306796923,0.08727324308374124,0.8550625127847375,0.7124605252222751,0.7124605252222751,2.8678214728256712,0.7124605252222751,0.0,0.0,14.430869689661812,hard,0.11831623873123974,0.12646047615126155,0.11402295686589169,0.13728436911137107
0.0,0.0,2.198119093661661,0.08727324308374124,0.8668883475529898,0.7124605252222751,0.7124605252222751,2.8678214728256712,0.7124605252222751,0.0,0.0,14.430869689661812,hard,0.11831623873123974,0.12646047615126155,0.11402295686589169,0.13728436911137107
0.0,0.0,1.8291558200834948,0.08727324308374124,0.8758662965630637,0.7124605252222751,0.7124605252222751,2.8678214728256712,0.7124605252222751,0.0,0.0,14.430869689661812,hard,0.11831623873123974,0.12646047615126155,0.11402295686589169,0.13728436911137107
0.0,0.0,2.0100900116229035,0.08727324308374124,0.8844094342291761,0.7124605252222751,0.7124605252222751,2.8678214728256712,0.7124605252222751,0.0,0.0,14.430869689661812,hard,0.11831623873123974,0.12646047615126155,0.11402295686589169,0.13728436911137107
0.0,0.0,5.754170954919767,0.08727324308374124,0.8946813984989782,0.7124605252222751,0.7124605252222751,2.8930952282978866,0.7124605252222751,0.0,0.0,14.430869689661812,hard,0.11831623873123974,0.12646047615126155,0.11402295686589169,0.13728436911137107
0.0,0.0,2.5484108781694066,0.08727324308374124,0.9087438399846008,0.7124605252222751,0.7124605252222751,2.8930952282978866,0.7124605252222751,0.0,0.0,14.430869689661812,hard,0.11831623873123974,0.12646047615126155,0.11402295686589169,0.13728436911137107
0.0,0.0,2.533518122087261,0.08727324308374124,0.9284776676664462,0.7124605252222751,0.7124605252222751,2.8930952282978866,0.7124605252222751,0.0,0.0,14.430869689661812,hard,0.11831623873123974,0.12646047615126155,0.11402295686589169,0.13728436911137107
0.0,0.0,9.679860855280277,0.08727324308374124,0.9110546402363348,0.7124605252222751,0.7124605252222751,2.9933927239839413,0.7124605252222751,0.0,0.0,14.430869689661812,hard,0.11831623873123974,0.12646047615126155,0.11402295686589169,0.13728436911137107
0.0,0.0,12.845585289141066,0.08727324308374124,0.6771928104071347,0.7124605252222751,0.7124605252222751,3.2768277342576315,0.7124605252222751,0.0,0.0,14.430869689661812,hard,0.11831623873123974,0.12646047615126155,0.11402295686589169,0.13728436911137107
0.0,0.0,3.0138649119760994,0.08727324308374124,0.6955480100496819,0.7124605252222751,0.7124605252222751,3.2768277342576315,0.7124605252222751,0.0,0.0,14.430869689661812,hard,0.11831623873123974,0.12646047615126155,0.11402295686589169,0.13728436911137107
0.0,0.0,9.195612842903282,0.08727324308374124,0.7098918487714545,0.7124605252222751,0.7124605252222751,3.2900455923892604,0.7124605252222751,0.0,0.0,14.430869689661812,hard,0.11831623873123974,0.12646047615126155,0.11402295686589169,0.13728436911137107
0.0,0.0,5.100711716625115,0.08727324308374124,0.7343894804528741,0.7124605252222751,0.7124605252222751,3.2900455923892604,0.7124605252222751,0.0,0.0,14.430869689661812,hard,0.11831623873123974,0.12646047615126155,0.11402295686589169,0.13728436911137107
0.0,0.0,4.368533686712033,0.08727324308374124,0.7536749067410792,0.7124605252222751,0.7124605252222751,3.2900455923892604,0.7124605252222751,0.0,0.0,14.430869689661812,hard,0.11831623873123974,0.12646047615126155,0.11402295686589169,0.13728436911137107
0.0,0.0,5.760979165282254,0.08727324308374124,0.7834954678705743,0.7124605252222751,0.7124605252222751,3.2909573075322633,0.7124605252222751,0.0,0.0,14.430869689661812,hard,0.11831623873123974,0.12646047615126155,0.11402295686589169,0.13728436911137107
0.0,0.0,7.21513556992943,0.08727324308374124,0.7824465661675688,0.7124605252222751,0.7124605252222751,3.304542328371661,0.7124605252222751,0.0,0.0,14.430869689661812,hard,0.11831623873123974,0.12646047615126155,0.11402295686589169,0.13728436911137107
0.0,0.0,2.629939167330311,0.08727324308374124,0.7966743072418879,0.7124605252222751,0.7124605252222751,3.304542328371661,0.7124605252222751,0.0,0.0,14.430869689661812,hard,0.11831623873123974,0.12646047615126155,0.11402295686589169,0.13728436911137107
0.0,0.0,4.581709815947845,0.08727324308374124,0.8224736298883509,0.7124605252222751,0.7124605252222751,3.3050869882652103,0.7124605252222751,0.0,0.0,14.430869689661812,hard,0.11831623873123974,0.12646047615126155,0.11402295686589169,0.13728436911137107
0.0,0.0,4.025929967843582,0.08727324308374124,0.835245369281249,0.7124605252222751,0.7124605252222751,3.3175894863590343,0.7124605252222751,0.0,0.0,14.430869689661812,hard,0.11831623873123974,0.12646047615126155,0.11402295686589169,0.13728436911137107
0.0,0.0,1.349443961572128,0.08727324308374124,0.8448698571621166,0.7124605252222751,0.7124605252222751,3.3175894863590343,0.7124605252222751,0.0,0.0,14.430869689661812,hard,0.11831623873123974,0.12646047615126155,0.11402295686589169,0.13728436911137107
0.0,0.0,1.5249795522041663,0.08727324308374124,0.8512594362464924,0.7124605252222751,0.7124605252222751,3.3175894863590343,0.7124605252222751,0.0,0.0,14.430869689661812,hard,0.11831623873123974,0.12646047615126155,0.11402295686589169,0.13728436911137107
0.0,0.0,1.4941193571610836,0.08727324308374124,0.8572410770823509,0.7124605252222751,0.7124605252222751,3.3175894863590343,0.7124605252222751,0.0,0.0,14.430869689661812,hard,0.11831623873123974,0.12646047615126155,0.11402295686589169,0.13728436911137107
0.0,0.0,2.013371332568774,0.08727324308374124,0.8680086132716756,0.7124605252222751,0.7124605252222751,3.3175894863590343,0.7124605252222751,0.0,0.0,14.430869689661812,hard,0.11831623873123974,0.12646047615126155,0.11402295686589169,0.13728436911137107
0.0,0.0,3.8595365310983536,0.08727324308374124,0.8762126033337413,0.7124605252222751,0.7124605252222751,3.3175894863590343,0.7124605252222751,0.0,0.0,14.430869689661812,hard,0.11831623873123974,0.12646047615126155,0.11402295686589169,0.13728436911137107
0.0,0.0,2.0835347310218957,0.08727324308374124,0.8832267239906489,0.7124605252222751,0.7124605252222751,3.3175894863590343,0.7124605252222751,0.0,0.0,14.430869689661812,hard,0.11831623873123974,0.12646047615126155,0.11402295686589169,0.13728436911137107
0.0,0.0,2.028874760097416,0.08727324308374124,0.8955829039346311,0.7124605252222751,0.7124605252222751,3.3175894863590343,0.7124605252222751,0.0,0.0,14.430869689661812,hard,0.11831623873123974,0.12646047615126155,0.11402295686589169,0.13728436911137107
0.0,0.0,2.404691282482445,0.08727324308374124,0.9120016599566555,0.7124605252222751,0.7124605252222751,3.3175894863590343,0.7124605252222751,0.0,0.0,14.430869689661812,hard,0.11831623873123974,0.12646047615126155,0.11402295686589169,0.13728436911137107
0.0,0.0,2.2727398489096995,0.08727324308374124,0.9319703995780225,0.7124605252222751,0.7124605252222751,3.3175894863590343,0.7124605252222751,0.0,0.0,14.430869689661812,hard,0.11831623873123974,0.12646047615126155,0.11402295686589169,0.13728436911137107
0.0,0.0,11.99696698809151,0.08727324308374124,0.915911774583375,0.7124605252222751,0.7124605252222751,3.4974848105460015,0.7124605252222751,0.0,0.0,14.430869689661812,hard,0.11831623873123974,0.12646047615126155,0.11402295686589169,0.13728436911137107
0.0,0.0,11.89120060355127,0.08727324308374124,0.693797756407171,0.7124605252222751,0.7124605252222751,3.7107950630558943,0.7124605252222751,0.0,0.0,14.430869689661812,hard,0.11831623873123974,0.12646047615126155,0.11402295686589169,0.13728436911137107
0.0,0.0,2.409121953780285,0.08727324308374124,0.7125837520067555,0.7124605252222751,0.7124605252222751,3.7107950630558943,0.7124605252222751,0.0,0.0,14.430869689661812,hard,0.11831623873123974,0.12646047615126155,0.11402295686589169,0.13728436911137107
0.0,0.0,2.806271426710609,0.08727324308374124,0.7292131905228367,0.7124605252222751,0.7124605252222751,3.7107950630558943,0.7124605252222751,0.0,0.0,14.430869689661812,hard,0.11831623873123974,0.12646047615126155,0.11402295686589169,0.13728436911137107
0.0,0.0,2.9485230373558933,0.08727324308374124,0.7483292537877605,0.7124605252222751,0.7124605252222751,3.7107950630558943,0.7124605252222751,0.0,0.0,14.430869689661812,hard,0.11831623873123974,0.12646047615126155,0.11402295686589169,0.13728436911137107
0.0,0.0,4.649058543469324,0.08727324308374124,0.7566295967494358,0.7124605252222751,0.7124605252222751,3.7182791718750754,0.7124605252222751,0.0,0.0,14.430869689661812,hard,0.11831623873123974,0.12646047615126155,0.11402295686589169,0.13728436911137107
0.0,0.0,4.291232956712961,0.08727324308374124,0.7869668546575761,0.7124605252222751,0.7124605252222751,3.720268807492276,0.7124605252222751,0.0,0.0,14.430869689661812,hard,0.11831623873123974,0.12646047615126155,0.11402295686589169,0.13728436911137107
0.0,0.0,2.853935912905689,0.08727324308374124,0.8032830634885741,0.7124605252222751,0.7124605252222751,3.720268807492276,0.7124605252222751,0.0,0.0,14.430869689661812,hard,0.11831623873123974,0.12646047615126155,0.11402295686589169,0.13728436911137107
0.0,0.0,8.12579607444866,0.08727324308374124,0.8157781540637055,0.7124605252222751,0.7124605252222751,3.720268807492276,0.7124605252222751,0.0,0.0,14.430869689661812,hard,0.11831623873123974,0.12646047615126155,0.11402295686589169,0.13728436911137107
0.0,0.0,4.776361586840519,0.08727324308374124,0.8267265199276971,0.7124605252222751,0.7124605252222751,3.720268807492276,0.7124605252222751,0.0,0.0,14.430869689661812,hard,0.11831623873123974,0.12646047615126155,0.11402295686589169,0.13728436911137107
0.0,0.0,3.781210666961973,0.08727324308374124,0.8397774205670404,0.7124605252222751,0.7124605252222751,3.720268807492276,0.7124605252222751,0.0,0.0,14.430869689661812,hard,0.11831623873123974,0.12646047615126155,0.11402295686589169,0.13728436911137107
0.0,0.0,5.474041383663937,0.08727324308374124,0.8471728161288493,0.7124605252222751,0.7124605252222751,3.732880924969346,0.7124605252222751,0.0,0.0,14.430869689661812,hard,0.11831623873123974,0.12646047615126155,0.11402295686589169,0.13728436911137107
0.0,0.0,3.77937275635102,0.08727324308374124,0.8541084684858057,0.7124605252222751,0.7124605252222751,3.732880924969346,0.7124605252222751,0.0,0.0,14.430869689661812,hard,0.11831623873123974,0.12646047615126155,0.11402295686589169,0.13728436911137107
0.0,0.0,2.4943428233563885,0.08727324308374124,0.862835013961312,0.7124605252222751,0.7124605252222751,3.732880924969346,0.7124605252222751,0.0,0.0,14.430869689661812,hard,0.11831623873123974,0.12646047615126155,0.11402295686589169,0.13728436911137107
0.0,0.0,2.4080097702196226,0.08727324308374124,0.8719365270648318,0.7124605252222751,0.7124605252222751,3.732880924969346,0.7124605252222751,0.0,0.0,14.430869689661812,hard,0.11831623873123974,0.12646047615126155,0.11402295686589169,0.13728436911137107
0.0,0.0,2.0180636942589385,0.08727324308374124,0.8825764389612057,0.7124605252222751,0.7124605252222751,3.732880924969346,0.7124605252222751,0.0,0.0,14.430869689661812,hard,0.11831623873123974,0.12646047615126155,0.11402295686589169,0.13728436911137107
0.0,0.0,2.0701840184254072,0.08727324308374124,0.8938928732686285,0.7124605252222751,0.7124605252222751,3.732880924969346,0.7124605252222751,0.0,0.0,14.430869689661812,hard,0.11831623873123974,0.12646047615126155,0.11402295686589169,0.13728436911137107
0.0,0.0,3.67373143165587,0.08727324308374124,0.9069367556447718,0.7124605252222751,0.7124605252222751,3.7453437759436716,0.7124605252222751,0.0,0.0,14.430869689661812,hard,0.11831623873123974,0.12646047615126155,0.11402295686589169,0.13728436911137107
0.0,0.0,2.0398388263729776,0.08727324308374124,0.9200095599607714,0.7124605252222751,0.7124605252222751,3.7453437759436716,0.7124605252222751,0.0,0.0,14.430869689661812,hard,0.11831623873123974,0.12646047615126155,0.11402295686589169,0.13728436911137107
0.0,0.0,2.397382774849601,0.08727324308374124,0.9343740313430756,0.7124605252222751,0.7124605252222751,3.7453437759436716,0.7124605252222751,0.0,0.0,14.430869689661812,hard,0.11831623873123974,0.12646047615126155,0.11402295686589169,0.13728436911137107
0.0,0.0,11.552960909796433,0.08727324308374124,0.9250266148579913,0.7124605252222751,0.7124605252222751,3.862641583165593,0.7124605252222751,0.0,0.0,14.430869689661812,hard,0.11831623873123974,0.12646047615126155,0.11402295686589169,0.13728436911137107
0.0,0.0,12.37937159138751,0.08727324308374124,0.68791030841868,0.7124605252222751,0.7124605252222751,4.126451259859978,0.7124605252222751,0.0,0.0,14.430869689661812,hard,0.11831623873123974,0.12646047615126155,0.11402295686589169,0.13728436911137107
0.0,0.0,3.8516779807693005,0.08727324308374124,0.7083751830488008,0.7124605252222751,0.7124605252222751,4.134537459015216,0.7124605252222751,0.0,0.0,14.430869689661812,hard,0.11831623873123974,0.12646047615126155,0.11402295686589169,0.13728436911137107
0.0,0.0,3.6357699322041896,0.08727324308374124,0.7078646358950867,0.7124605252222751,0.7124605252222751,4.142511315615203,0.7124605252222751,0.0,0.0,14.430869689661812,hard,0.11831623873123974,0.12646047615126155,0.11402295686589169,0.13728436911137107
0.0,0.0,4.995076749684701,0.08727324308374124,0.7353278067363139,0.7124605252222751,0.7124605252222751,4.150373477170458,0.7124605252222751,0.0,0.0,14.430869689661812,hard,0.11831623873123974,0.12646047615126155,0.11402295686589169,0.13728436911137107
0.0,0.0,2.9321769186887083,0.08727324308374124,0.7564870954533494,0.7124605252222751,0.7124605252222751,4.150373477170458,0.7124605252222751,0.0,0.0,14.430869689661812,hard,0.11831623873123974,0.12646047615126155,0.11402295686589169,0.13728436911137107
0.0,0.0,2.7093144004200367,0.08727324308374124,0.7799450126206781,0.7124605252222751,0.7124605252222751,4.150373477170458,0.7124605252222751,0.0,0.0,14.430869689661812,hard,0.11831623873123974,0.12646047615126155,0.11402295686589169,0.13728436911137107
0.0,0.0,2.4078298874036173,0.08727324308374124,0.7965938825751815,0.7124605252222751,0.7124605252222751,4.150373477170458,0.7124605252222751,0.0,0.0,14.430869689661812,hard,0.11831623873123974,0.12646047615126155,0.11402295686589169,0.13728436911137107
0.0,0.0,2.4022721180508424,0.08727324308374124,0.8158919550803363,0.7124605252222751,0.7124605252222751,4.150373477170458,0.7124605252222751,0.0,0.0,14.430869689661812,hard,0.11831623873123974,0.12646047615126155,0.11402295686589169,0.13728436911137107
0.0,0.0,2.1574352437639974,0.08727324308374124,0.829135095549295,0.7124605252222751,0.7124605252222751,4.150373477170458,0.7124605252222751,0.0,0.0,14.430869689661812,hard,0.11831623873123974,0.12646047615126155,0.11402295686589169,0.13728436911137107
0.0,0.0,2.338766874801542,0.08727324308374124,0.842935529922232,0.7124605252222751,0.7124605252222751,4.150373477170458,0.7124605252222751,0.0,0.0,14.430869689661812,hard,0.11831623873123974,0.12646047615126155,0.11402295686589169,0.13728436911137107
0.0,0.0,1.87439992509247,0.08727324308374124,0.8582984608730909,0.7124605252222751,0.7124605252222751,4.150373477170458,0.7124605252222751,0.0,0.0,14.430869689661812,hard,0.11831623873123974,0.12646047615126155,0.11402295686589169,0.13728436911137107
0.0,0.0,1.4701275052192795,0.08727324308374124,0.8722336228164486,0.7124605252222751,0.7124605252222751,4.150373477170458,0.7124605252222751,0.0,0.0,14.430869689661812,hard,0.11831623873123974,0.12646047615126155,0.11402295686589169,0.13728436911137107
0.0,0.0,7.446966627758995,0.08727324308374124,0.8814425428659753,0.7124605252222751,0.7124605252222751,4.150373477170458,0.7124605252222751,0.0,0.0,14.430869689661812,hard,0.11831623873123974,0.12646047615126155,0.11402295686589169,0.13728436911137107
0.0,0.0,4.130742697693295,0.08727324308374124,0.8917778308906223,0.7124605252222751,0.7124605252222751,4.150373477170458,0.7124605252222751,0.0,0.0,14.430869689661812,hard,0.11831623873123974,0.12646047615126155,0.11402295686589169,0.13728436911137107
0.0,0.0,3.849492029244817,0.08727324308374124,0.8984690551016177,0.7124605252222751,0.7124605252222751,4.150373477170458,0.7124605252222751,0.0,0.0,14.430869689661812,hard,0.11831623873123974,0.12646047615126155,0.11402295686589169,0.13728436911137107
0.0,0.0,4.685971181906405,0.08727324308374124,0.9073813792773158,0.7124605252222751,0.7124605252222751,4.150373477170458,0.7124605252222751,0.0,0.0,14.430869689661812,hard,0.11831623873123974,0.12646047615126155,0.11402295686589169,0.13728436911137107
0.0,0.0,6.21653208902327,0.08727324308374124,0.9191045564133802,0.7124605252222751,0.7124605252222751,4.175356272223965,0.7124605252222751,0.0,0.0,14.430869689661812,hard,0.11831623873123974,0.12646047615126155,0.11402295686589169,0.13728436911137107
0.0,0.0,2.8338797833296443,0.08727324308374124,0.9268667433264798,0.7124605252222751,0.7124605252222751,4.175356272223965,0.7124605252222751,0.0,0.0,14.430869689661812,hard,0.11831623873123974,0.12646047615126155,0.11402295686589169,0.13728436911137107
0.0,0.0,3.3776582212349493,0.08727324308374124,0.9395124123274183,0.7124605252222751,0.7124605252222751,4.175356272223965,0.7124605252222751,0.0,0.0,14.430869689661812,hard,0.11831623873123974,0.12646047615126155,0.11402295686589169,0.13728436911137107
0.0,0.0,12.835555621534496,0.08727324308374124,0.8628109032505883,0.7124605252222751,0.7124605252222751,4.401136216933078,0.7124605252222751,0.0,0.0,14.430869689661812,hard,0.11831623873123974,0.12646047615126155,0.11402295686589169,0.13728436911137107
0.0,0.0,11.510388454043488,0.08727324308374124,0.6754684211265012,0.7124605252222751,0.7124605252222751,4.578209256903839,0.7124605252222751,0.0,0.0,14.430869689661812,hard,0.11831623873123974,0.12646047615126155,0.11402295686589169,0.13728436911137107
0.0,0.0,2.481530703496919,0.08727324308374124,0.690942841746108,0.7124605252222751,0.7124605252222751,4.578209256903839,0.7124605252222751,0.0,0.0,14.430869689661812,hard,0.11831623873123974,0.12646047615126155,0.11402295686589169,0.13728436911137107
0.0,0.0,4.27600664802948,0.08727324308374124,0.7191846271300603,0.7124605252222751,0.7124605252222751,4.582095590447673,0.7124605252222751,0.0,0.0,14.430869689661812,hard,0.11831623873123974,0.12646047615126155,0.11402295686589169,0.13728436911137107
0.0,0.0,2.4259639123412455,0.08727324308374124,0.7374983716776797,0.7124605252222751,0.7124605252222751,4.582095590447673,0.7124605252222751,0.0,0.0,14.430869689661812,hard,0.11831623873123974,0.12646047615126155,0.11402295686589169,0.13728436911137107
0.0,0.0,4.505909602960407,0.08727324308374124,0.760747515882098,0.7124605252222751,0.7124605252222751,4.582095590447673,0.7124605252222751,0.0,0.0,14.430869689661812,hard,0.11831623873123974,0.12646047615126155,0.11402295686589169,0.13728436911137107
0.0,0.0,2.9355340151890754,0.08727324308374124,0.7830569754168928,0.7124605252222751,0.7124605252222751,4.582095590447673,0.7124605252222751,0.0,0.0,14.430869689661812,hard,0.11831623873123974,0.12646047615126155,0.11402295686589169,0.13728436911137107
0.0,0.0,2.704753715917247,0.08727324308374124,0.8079698612659743,0.7124605252222751,0.7124605252222751,4.582095590447673,0.7124605252222751,0.0,0.0,14.430869689661812,hard,0.11831623873123974,0.12646047615126155,0.11402295686589169,0.13728436911137107
0.0,0.0,4.275361084017052,0.08727324308374124,0.8314977204971675,0.7124605252222751,0.7124605252222751,4.594605532578396,0.7124605252222751,0.0,0.0,14.430869689661812,hard,0.11831623873123974,0.12646047615126155,0.11402295686589169,0.13728436911137107
0.0,0.0,2.389734730869226,0.08727324308374124,0.8500742761528142,0.7124605252222751,0.7124605252222751,4.594605532578396,0.7124605252222751,0.0,0.0,14.430869689661812,hard,0.11831623873123974,0.12646047615126155,0.11402295686589169,0.13728436911137107
0.0,0.0,1.9550819714465988,0.08727324308374124,0.8660541251770391,0.7124605252222751,0.7124605252222751,4.594605532578396,0.7124605252222751,0.0,0.0,14.430869689661812,hard,0.11831623873123974,0.12646047615126155,0.11402295686589169,0.13728436911137107
0.0,0.0,2.2396248373523995,0.08727324308374124,0.8795977143835143,0.7124605252222751,0.7124605252222751,4.594605532578396,0.7124605252222751,0.0,0.0,14.430869689661812,hard,0.11831623873123974,0.12646047615126155,0.11402295686589169,0.13728436911137107
0.0,0.0,1.8596163078979016,0.08727324308374124,0.8898048875143039,0.7124605252222751,0.7124605252222751,4.594605532578396,0.7124605252222751,0.0,0.0,14.430869689661812,hard,0.11831623873123974,0.12646047615126155,0.11402295686589169,0.13728436911137107
0.0,0.0,1.463211158862808,0.08727324308374124,0.9008707455992091,0.7124605252222751,0.7124605252222751,4.594605532578396,0.7124605252222751,0.0,0.0,14.430869689661812,hard,0.11831623873123974,0.12646047615126155,0.11402295686589169,0.13728436911137107
0.0,0.0,4.2656880348531425,0.08727324308374124,0.909824062246405,0.7124605252222751,0.7124605252222751,4.606994682002574,0.7124605252222751,0.0,0.0,14.430869689661812,hard,0.11831623873123974,0.12646047615126155,0.11402295686589169,0.13728436911137107
0.0,0.0,1.376834087706916,0.08727324308374124,0.9159625549133762,0.7124605252222751,0.7124605252222751,4.606994682002574,0.7124605252222751,0.0,0.0,14.430869689661812,hard,0.11831623873123974,0.12646047615126155,0.11402295686589169,0.13728436911137107
0.0,0.0,1.6259597395255132,0.08727324308374124,0.9214218610850187,0.7124605252222751,0.7124605252222751,4.606994682002574,0.7124605252222751,0.0,0.0,14.430869689661812,hard,0.11831623873123974,0.12646047615126155,0.11402295686589169,0.13728436911137107
0.0,0.0,2.237167102008905,0.08727324308374124,0.9280737263059552,0.7124605252222751,0.7124605252222751,4.606994682002574,0.7124605252222751,0.0,0.0,14.430869689661812,hard,0.11831623873123974,0.12646047615126155,0.11402295686589169,0.13728436911137107
0.0,0.0,7.9803967700259815,0.08727324308374124,0.9372348750968249,0.7124605252222751,0.7124605252222751,4.606994682002574,0.7124605252222751,0.0,0.0,14.430869689661812,hard,0.11831623873123974,0.12646047615126155,0.11402295686589169,0.13728436911137107
0.0,0.0,4.244934969975547,0.08727324308374124,0.949874303735143,0.7124605252222751,0.7124605252222751,4.606994682002574,0.7124605252222751,0.0,0.0,14.430869689661812,hard,0.11831623873123974,0.12646047615126155,0.11402295686589169,0.13728436911137107
0.0,0.0,11.915659400424948,0.08727324308374124,0.9149122263686372,0.7124605252222751,0.7124605252222751,4.762184372743247,0.7124605252222751,0.0,0.0,14.430869689661812,hard,0.11831623873123974,0.12646047615126155,0.11402295686589169,0.13728436911137107
0.0,0.0,13.641171504150956,0.08727324308374124,0.6726894190765117,0.7124605252222751,0.7124605252222751,5.014419208642213,0.7124605252222751,0.0,0.0,14.430869689661812,hard,0.11831623873123974,0.12646047615126155,0.11402295686589169,0.13728436911137107
0.0,0.0,5.009589699516481,0.08727324308374124,0.6884998114419361,0.7124605252222751,0.7124605252222751,5.014419208642213,0.7124605252222751,0.0,0.0,14.430869689661812,hard,0.11831623873123974,0.12646047615126155,0.11402295686589169,0.13728436911137107
0.0,0.0,4.555614227919818,0.08727324308374124,0.7183101481259662,0.7124605252222751,0.7124605252222751,5.019003885234599,0.7124605252222751,0.0,0.0,14.430869689661812,hard,0.11831623873123974,0.12646047615126155,0.11402295686589169,0.13728436911137107
0.0,0.0,2.8334748901758693,0.08727324308374124,0.7364349328952512,0.7124605252222751,0.7124605252222751,5.019003885234599,0.7124605252222751,0.0,0.0,14.430869689661812,hard,0.11831623873123974,0.12646047615126155,0.11402295686589169,0.13728436911137107
0.0,0.0,2.426777760341888,0.08727324308374124,0.7580852291293867,0.7124605252222751,0.7124605252222751,5.019003885234599,0.7124605252222751,0.0,0.0,14.430869689661812,hard,0.11831623873123974,0.12646047615126155,0.11402295686589169,0.13728436911137107
0.0,0.0,2.8834221745941773,0.08727324308374124,0.7819321553453389,0.7124605252222751,0.7124605252222751,5.019003885234599,0.7124605252222751,0.0,0.0,14.430869689661812,hard,0.11831623873123974,0.12646047615126155,0.11402295686589169,0.13728436911137107
0.0,0.0,4.2041563057142275,0.08727324308374124,0.8166786651922434,0.7124605252222751,0.7124605252222751,5.0274844604434135,0.7124605252222751,0.0,0.0,14.430869689661812,hard,0.11831623873123974,0.12646047615126155,0.11402295686589169,0.13728436911137107
0.0,0.0,2.8175205325477775,0.08727324308374124,0.8410720934103592,0.7124605252222751,0.7124605252222751,5.0274844604434135,0.7124605252222751,0.0,0.0,14.430869689661812,hard,0.11831623873123974,0.12646047615126155,0.11402295686589169,0.13728436911137107
0.0,0.0,3.647339606095739,0.08727324308374124,0.8581986410836937,0.7124605252222751,0.7124605252222751,5.039841267341661,0.7124605252222751,0.0,0.0,14.430869689661812,hard,0.11831623873123974,0.12646047615126155,0.11402295686589169,0.13728436911137107
0.0,0.0,4.297616970416059,0.08727324308374124,0.8758202843822126,0.7124605252222751,0.7124605252222751,5.039841267341661,0.7124605252222751,0.0,0.0,14.430869689661812,hard,0.11831623873123974,0.12646047615126155,0.11402295686589169,0.13728436911137107
0.0,0.0,2.0443112453594092,0.08727324308374124,0.8875388687391432,0.7124605252222751,0.7124605252222751,5.039841267341661,0.7124605252222751,0.0,0.0,14.430869689661812,hard,0.11831623873123974,0.12646047615126155,0.11402295686589169,0.13728436911137107
0.0,0.0,2.31127662284979,0.08727324308374124,0.8970077009520859,0.7124605252222751,0.7124605252222751,5.039841267341661,0.7124605252222751,0.0,0.0,14.430869689661812,hard,0.11831623873123974,0.12646047615126155,0.11402295686589169,0.13728436911137107
0.0,0.0,1.9252208128179433,0.08727324308374124,0.9071561085879972,0.7124605252222751,0.7124605252222751,5.039841267341661,0.7124605252222751,0.0,0.0,14.430869689661812,hard,0.11831623873123974,0.12646047615126155,0.11402295686589169,0.13728436911137107
0.0,0.0,1.4215505149115217,0.08727324308374124,0.9152449168733822,0.7124605252222751,0.7124605252222751,5.039841267341661,0.7124605252222751,0.0,0.0,14.430869689661812,hard,0.11831623873123974,0.12646047615126155,0.11402295686589169,0.13728436911137107
0.0,0.0,1.7121047370146578,0.08727324308374124,0.9196256105604207,0.7124605252222751,0.7124605252222751,5.039841267341661,0.7124605252222751,0.0,0.0,14.430869689661812,hard,0.11831623873123974,0.12646047615126155,0.11402295686589169,0.13728436911137107
0.0,0.0,1.3181631583764222,0.08727324308374124,0.9277309593950837,0.7124605252222751,0.7124605252222751,5.039841267341661,0.7124605252222751,0.0,0.0,14.430869689661812,hard,0.11831623873123974,0.12646047615126155,0.11402295686589169,0.13728436911137107
0.0,0.0,1.4058333899571926,0.08727324308374124,0.9327761699439837,0.7124605252222751,0.7124605252222751,5.039841267341661,0.7124605252222751,0.0,0.0,14.430869689661812,hard,0.11831623873123974,0.12646047615126155,0.11402295686589169,0.13728436911137107
0.0,0.0,2.2249523323427303,0.08727324308374124,0.9419630345269006,0.7124605252222751,0.7124605252222751,5.039841267341661,0.7124605252222751,0.0,0.0,14.430869689661812,hard,0.11831623873123974,0.12646047615126155,0.11402295686589169,0.13728436911137107
0.0,0.0,2.1676089475875147,0.08727324308374124,0.9550067251357274,0.7124605252222751,0.7124605252222751,5.039841267341661,0.7124605252222751,0.0,0.0,14.430869689661812,hard,0.11831623873123974,0.12646047615126155,0.11402295686589169,0.13728436911137107
0.0,0.0,12.074106719057074,0.08727324308374124,0.9069179489197599,0.7124605252222751,0.7124605252222751,5.207840243325442,0.7124605252222751,0.0,0.0,14.430869689661812,hard,0.11831623873123974,0.12646047615126155,0.11402295686589169,0.13728436911137107
0.0,0.0,11.961180468097638,0.08727324308374124,0.7026505707060414,0.7124605252222751,0.7124605252222751,5.438418887875408,0.7124605252222751,0.0,0.0,14.430869689661812,hard,0.11831623873123974,0.12646047615126155,0.11402295686589169,0.13728436911137107
0.0,0.0,3.955187696997772,0.08727324308374124,0.7204575636006965,0.7124605252222751,0.7124605252222751,5.4473479786039,0.7124605252222751,0.0,0.0,14.430869689661812,hard,0.11831623873123974,0.12646047615126155,0.11402295686589169,0.13728436911137107
0.0,0.0,7.891607188762803,0.08727324308374124,0.7330920294784636,0.7124605252222751,0.7124605252222751,5.4473479786039,0.7124605252222751,0.0,0.0,14.430869689661812,hard,0.11831623873123974,0.12646047615126155,0.11402295686589169,0.13728436911137107
0.0,0.0,4.459936050754775,0.08727324308374124,0.74839016636317,0.7124605252222751,0.7124605252222751,5.4473479786039,0.7124605252222751,0.0,0.0,14.430869689661812,hard,0.11831623873123974,0.12646047615126155,0.11402295686589169,0.13728436911137107
0.0,0.0,4.117547419140519,0.08727324308374124,0.7685334649488285,0.7124605252222751,0.7124605252222751,5.4473479786039,0.7124605252222751,0.0,0.0,14.430869689661812,hard,0.11831623873123974,0.12646047615126155,0.11402295686589169,0.13728436911137107
0.0,0.0,4.332632330554366,0.08727324308374124,0.7901737776062623,0.7124605252222751,0.7124605252222751,5.4473479786039,0.7124605252222751,0.0,0.0,14.430869689661812,hard,0.11831623873123974,0.12646047615126155,0.11402295686589169,0.13728436911137107
0.0,0.0,4.906932106818146,0.08727324308374124,0.8121024878167467,0.7124605252222751,0.7124605252222751,5.4473479786039,0.7124605252222751,0.0,0.0,14.430869689661812,hard,0.11831623873123974,0.12646047615126155,0.11402295686589169,0.13728436911137107
0.0,0.0,4.973767783959676,0.08727324308374124,0.8445006455465097,0.7124605252222751,0.7124605252222751,5.452522352086234,0.7124605252222751,0.0,0.0,14.430869689661812,hard,0.11831623873123974,0.12646047615126155,0.11402295686589169,0.13728436911137107
0.0,0.0,3.5953624773066872,0.08727324308374124,0.8661190536061348,0.7124605252222751,0.7124605252222751,5.452522352086234,0.7124605252222751,0.0,0.0,14.430869689661812,hard,0.11831623873123974,0.12646047615126155,0.11402295686589169,0.13728436911137107
0.0,0.0,2.2746605465751837,0.08727324308374124,0.8838627629277673,0.7124605252222751,0.7124605252222751,5.452522352086234,0.7124605252222751,0.0,0.0,14.430869689661812,hard,0.11831623873123974,0.12646047615126155,0.11402295686589169,0.13728436911137107
0.0,0.0,2.3642404903890575,0.08727324308374124,0.8981406908191901,0.7124605252222751,0.7124605252222751,5.452522352086234,0.7124605252222751,0.0,0.0,14.430869689661812,hard,0.11831623873123974,0.12646047615126155,0.11402295686589169,0.13728436911137107
0.0,0.0,2.0711802124251197,0.08727324308374124,0.9088269249229441,0.7124605252222751,0.7124605252222751,5.452522352086234,0.7124605252222751,0.0,0.0,14.430869689661812,hard,0.11831623873123974,0.12646047615126155,0.11402295686589169,0.13728436911137107
0.0,0.0,2.359469720470602,0.08727324308374124,0.9238499566410941,0.7124605252222751,0.7124605252222751,5.452522352086234,0.7124605252222751,0.0,0.0,14.430869689661812,hard,0.11831623873123974,0.12646047615126155,0.11402295686589169,0.13728436911137107
0.0,0.0,2.094499473978794,0.08727324308374124,0.9346874499989942,0.7124605252222751,0.7124605252222751,5.452522352086234,0.7124605252222751,0.0,0.0,14.430869689661812,hard,0.11831623873123974,0.12646047615126155,0.11402295686589169,0.13728436911137107
0.0,0.0,3.719965186204698,0.08727324308374124,0.9441853614397513,0.7124605252222751,0.7124605252222751,5.452522352086234,0.7124605252222751,0.0,0.0,14.430869689661812,hard,0.11831623873123974,0.12646047615126155,0.11402295686589169,0.13728436911137107
0.0,0.0,4.713374645931883,0.08727324308374124,0.9398038860989387,0.7124605252222751,0.7124605252222751,5.461281900799481,0.7124605252222751,0.0,0.0,14.430869689661812,hard,0.11831623873123974,0.12646047615126155,0.11402295686589169,0.13728436911137107
0.0,0.0,4.643996898085982,0.08727324308374124,0.9469266441605866,0.7124605252222751,0.7124605252222751,5.473609412444406,0.7124605252222751,0.0,0.0,14.430869689661812,hard,0.11831623873123974,0.12646047615126155,0.11402295686589169,0.13728436911137107
0.0,0.0,1.674036749767426,0.08727324308374124,0.949999123033583,0.7124605252222751,0.7124605252222751,5.473609412444406,0.7124605252222751,0.0,0.0,14.430869689661812,hard,0.11831623873123974,0.12646047615126155,0.11402295686589169,0.13728436911137107
0.0,0.0,2.226407305452526,0.08727324308374124,0.9584275501314041,0.7124605252222751,0.7124605252222751,5.473609412444406,0.7124605252222751,0.0,0.0,14.430869689661812,hard,0.11831623873123974,0.12646047615126155,0.11402295686589169,0.13728436911137107
0.0,0.0,11.745115900410651,0.08727324308374124,0.8805937494048908,0.7124605252222751,0.7124605252222751,5.618149161423182,0.7124605252222751,0.0,0.0,14.430869689661812,hard,0.11831623873123974,0.12646047615126155,0.11402295686589169,0.13728436911137107
0.0,0.0,11.17568470750362,0.08727324308374124,0.7093988610897098,0.7124605252222751,0.7124605252222751,5.846571644989908,0.7124605252222751,0.0,0.0,14.430869689661812,hard,0.11831623873123974,0.12646047615126155,0.11402295686589169,0.13728436911137107
0.0,0.0,2.2682556658509427,0.08727324308374124,0.7217868230534353,0.7124605252222751,0.7124605252222751,5.846571644989908,0.7124605252222751,0.0,0.0,14.430869689661812,hard,0.11831623873123974,0.12646047615126155,0.11402295686589169,0.13728436911137107
0.0,0.0,2.406011593687083,0.08727324308374124,0.7359261103613198,0.7124605252222751,0.7124605252222751,5.846571644989908,0.7124605252222751,0.0,0.0,14.430869689661812,hard,0.11831623873123974,0.12646047615126155,0.11402295686589169,0.13728436911137107
0.0,0.0,4.75051303991952,0.08727324308374124,0.7631382666312876,0.7124605252222751,0.7124605252222751,5.855903004661194,0.7124605252222751,0.0,0.0,14.430869689661812,hard,0.11831623873123974,0.12646047615126155,0.11402295686589169,0.13728436911137107
0.0,0.0,2.431316070552962,0.08727324308374124,0.778673371462239,0.7124605252222751,0.7124605252222751,5.855903004661194,0.7124605252222751,0.0,0.0,14.430869689661812,hard,0.11831623873123974,0.12646047615126155,0.11402295686589169,0.13728436911137107
0.0,0.0,4.240071312939787,0.08727324308374124,0.7997486312057291,0.7124605252222751,0.7124605252222751,5.868560300448483,0.7124605252222751,0.0,0.0,14.430869689661812,hard,0.11831623873123974,0.12646047615126155,0.11402295686589169,0.13728436911137107
0.0,0.0,4.671522833328625,0.08727324308374124,0.7994553678610802,0.7124605252222751,0.7124605252222751,5.881122341866389,0.7124605252222751,0.0,0.0,14.430869689661812,hard,0.11831623873123974,0.12646047615126155,0.11402295686589169,0.13728436911137107
0.0,0.0,8.313730502319206,0.08727324308374124,0.8348178236875765,0.7124605252222751,0.7124605252222751,5.886798790514247,0.7124605252222751,0.0,0.0,14.430869689661812,hard,0.11831623873123974,0.12646047615126155,0.11402295686589169,0.13728436911137107
0.0,0.0,5.255139682539736,0.08727324308374124,0.8583813180168222,0.7124605252222751,0.7124605252222751,5.886798790514247,0.7124605252222751,0.0,0.0,14.430869689661812,hard,0.11831623873123974,0.12646047615126155,0.11402295686589169,0.13728436911137107
0.0,0.0,4.488649533385093,0.08727324308374124,0.8864448727819905,0.7124605252222751,0.7124605252222751,5.886798790514247,0.7124605252222751,0.0,0.0,14.430869689661812,hard,0.11831623873123974,0.12646047615126155,0.11402295686589169,0.13728436911137107
0.0,0.0,4.324108024603635,0.08727324308374124,0.9030880834838874,0.7124605252222751,0.7124605252222751,5.886798790514247,0.7124605252222751,0.0,0.0,14.430869689661812,hard,0.11831623873123974,0.12646047615126155,0.11402295686589169,0.13728436911137107
0.0,0.0,4.9162022284496985,0.08727324308374124,0.9193343639612179,0.7124605252222751,0.7124605252222751,5.886798790514247,0.7124605252222751,0.0,0.0,14.430869689661812,hard,0.11831623873123974,0.12646047615126155,0.11402295686589169,0.13728436911137107
0.0,0.0,2.5702163966194305,0.08727324308374124,0.9334838575995789,0.7124605252222751,0.7124605252222751,5.886798790514247,0.7124605252222751,0.0,0.0,14.430869689661812,hard,0.11831623873123974,0.12646047615126155,0.11402295686589169,0.13728436911137107
0.0,0.0,4.578536100120734,0.08727324308374124,0.93825614847888,0.7124605252222751,0.7124605252222751,5.895795111772457,0.7124605252222751,0.0,0.0,14.430869689661812,hard,0.11831623873123974,0.12646047615126155,0.11402295686589169,0.13728436911137107
0.0,0.0,2.063176817059954,0.08727324308374124,0.9442172498248232,0.7124605252222751,0.7124605252222751,5.895795111772457,0.7124605252222751,0.0,0.0,14.430869689661812,hard,0.11831623873123974,0.12646047615126155,0.11402295686589169,0.13728436911137107
0.0,0.0,1.9808556765157663,0.08727324308374124,0.9518084330341248,0.7124605252222751,0.7124605252222751,5.895795111772457,0.7124605252222751,0.0,0.0,14.430869689661812,hard,0.11831623873123974,0.12646047615126155,0.11402295686589169,0.13728436911137107
0.0,0.0,3.201016518787699,0.08727324308374124,0.9596553649065817,0.7124605252222751,0.7124605252222751,5.908096140043763,0.7124605252222751,0.0,0.0,14.430869689661812,hard,0.11831623873123974,0.12646047615126155,0.11402295686589169,0.13728436911137107
0.0,0.0,1.4482856582807901,0.08727324308374124,0.9667204131505199,0.7124605252222751,0.7124605252222751,5.908096140043763,0.7124605252222751,0.0,0.0,14.430869689661812,hard,0.11831623873123974,0.12646047615126155,0.11402295686589169,0.13728436911137107
0.0,0.0,1.275263881352155,0.08727324308374124,0.9733672118829383,0.7124605252222751,0.7124605252222751,5.908096140043763,0.7124605252222751,0.0,0.0,14.430869689661812,hard,0.11831623873123974,0.12646047615126155,0.11402295686589169,0.13728436911137107
0.0,0.0,36.85182413778821,0.08727324308374124,0.8781867290787678,0.7124605252222751,0.7124605252222751,6.166392786710882,0.7124605252222751,0.0,0.0,14.430869689661812,hard,0.11831623873123974,0.12646047615126155,0.11402295686589169,0.13728436911137107
