step,timestamp,reward,coverage,cov_trace,altitude,alt_idx,loop_closures,altitude_changes,frontier_count,new_cells,map_seed,difficulty,cov_alt0,cov_alt1,cov_alt2,cov_alt3
0.0,0.0,31.972473407953185,0.007028454454886656,0.013349837912319572,0.0,0.0,0.0,0.0,0.0,31.90529109724592,14.430869689661812,hard,0.023495221693192098,0.013577261293165725,0.0,0.0
0.0,0.0,32.498282502585035,0.008138615563419958,0.022815991607840678,0.0,0.0,0.0,0.0,0.0,32.53551905226041,14.430869689661812,hard,0.02651648741196516,0.015040548690397894,0.0,0.0
0.0,0.0,42.48108299675759,0.009263690578936152,0.04634285674210552,0.0,0.0,0.0,0.0,0.0,42.130634934688565,14.430869689661812,hard,0.029065191470304255,0.01658499786249619,0.0,0.0
0.0,0.0,36.9410358058934,0.010994673396252442,0.0740961195697524,0.0,0.0,0.0,0.0,0.0,36.97218413889014,14.430869689661812,hard,0.03136300042474337,0.02049148961307257,0.0,0.0
0.0,0.0,40.02273490350496,0.013430102970172025,0.09895395703663387,0.0,0.0,0.0,0.0,0.0,40.097261751895225,14.430869689661812,hard,0.03642446232409384,0.024782658573931433,0.0,0.0
0.0,0.0,43.044309009757875,0.01588110676640673,0.12899811567326508,0.0,0.0,0.0,0.0,0.0,42.453098826822995,14.430869689661812,hard,0.042514291341079744,0.02806953511007273,0.0,0.0
0.0,0.0,41.8880387396187,0.017669035372265555,0.16015475621337621,0.0,0.0,0.0,0.0,0.0,41.53841595439094,14.430869689661812,hard,0.04714619094702908,0.030700742111512046,0.0,0.0
0.0,0.0,51.65950434831393,0.021091115120396683,0.19325274186867622,0.0,0.0,0.0,0.0,0.0,51.31002241278014,14.430869689661812,hard,0.05576573135728491,0.03662960414848487,0.0,0.0
0.0,0.0,39.08859841941301,0.023678309664417994,0.2247924004934932,0.0,0.0,0.0,0.0,0.0,39.38024377781326,14.430869689661812,hard,0.0613170289165891,0.04096824931610652,0.0,0.0
0.0,0.0,38.554387794440395,0.026494166423640747,0.2546307802500081,0.0,0.0,0.0,0.0,0.0,38.28234057630228,14.430869689661812,hard,0.06775816193951538,0.0456062594025953,0.0,0.0
0.0,0.0,49.32010815422715,0.030183219067250106,0.28454882538724613,0.0,0.0,0.0,0.0,0.0,48.2788773688867,14.430869689661812,hard,0.07696812627542204,0.051280174218810586,0.0,0.0
0.0,0.0,48.01607059724239,0.033758491496783005,0.31680806990296145,0.0,0.0,0.0,0.0,0.0,48.126603869377696,14.430869689661812,hard,0.08537776843288385,0.05710963921658767,0.0,0.0
0.0,0.0,38.11671956241671,0.035929669586211944,0.34681312982521617,0.0,0.0,0.0,0.0,0.0,37.16297081773738,14.430869689661812,hard,0.08959654565409046,0.06150395406767956,0.0,0.0
0.0,0.0,45.12165292782385,0.038330368623167584,0.3742602572652227,0.0,0.0,0.0,0.0,0.0,45.248509367712884,14.430869689661812,hard,0.09515700529716735,0.06574854671762426,0.0,0.0
0.0,0.0,42.87172617550291,0.04109448571930284,0.4043420901734408,0.0,0.0,0.0,0.0,0.0,42.474858445908914,14.430869689661812,hard,0.10234462435235961,0.07003664558487786,0.0,0.0
0.0,0.0,38.148035662175204,0.04372986359958862,0.4328554025702832,0.0,0.0,0.0,0.0,0.0,37.52610291517093,14.430869689661812,hard,0.10846833262622597,0.07461506182585335,0.0,0.0
0.0,0.0,46.687230914432064,0.04684909119094768,0.4624070812422388,0.0,0.0,0.0,0.0,0.0,46.03105038992702,14.430869689661812,hard,0.11481014148765649,0.08065647260392873,0.0,0.0
0.0,0.0,42.062702785347916,0.049734613744414215,0.4940680208830217,0.0,0.0,0.0,0.0,0.0,41.51967726271484,14.430869689661812,hard,0.12132342817299895,0.08580300534069306,0.0,0.0
0.0,0.0,39.86710619845995,0.0521914851839679,0.5255308575132718,0.0,0.0,0.0,0.0,0.0,39.49667834134917,14.430869689661812,hard,0.12724109024650496,0.09006306218103786,0.0,0.0
0.0,0.0,43.41471583492802,0.05500269935882949,0.5561100928644904,0.0,0.0,0.0,0.0,0.0,43.06764911160116,14.430869689661812,hard,0.13323414142996146,0.09547843311182722,0.0,0.0
0.0,0.0,50.214745587708784,0.05835064572074002,0.5864574655376634,0.0,0.0,0.0,0.0,0.0,49.703364071257795,14.430869689661812,hard,0.14011404861898585,0.10202393436947381,0.0,0.0
0.0,0.0,43.31732674827484,0.061387332592188794,0.6183803047620913,0.0,0.0,0.0,0.0,0.0,43.7812791042016,14.430869689661812,hard,0.14642236607831896,0.1080575059498541,0.0,0.0
0.0,0.0,52.33394499447644,0.06357792447038622,0.6444757298985185,0.13999999999999999,0.13999999999999999,0.0,0.13999999999999999,0.0,50.36515065002785,14.430869689661812,hard,0.15268541928241045,0.11221737043933448,0.007588652482269504,0.0
0.0,0.0,43.83480216971876,0.06534126341185259,0.6680397211793793,0.19595917942265428,0.19595917942265428,0.0,0.19595917942265428,0.0,41.5910759658848,14.430869689661812,hard,0.15793029352369684,0.11551219964469393,0.011474471017771954,0.0
0.0,0.0,36.102816499094864,0.0680029679399207,0.6997905530068986,0.19595917942265428,0.19595917942265428,0.0,0.19595917942265428,0.0,35.841478764135836,14.430869689661812,hard,0.16436456379646072,0.12022455156568256,0.012661232624657503,0.0
0.0,0.0,46.46863375087919,0.07107707669262571,0.7285824646232142,0.19595917942265428,0.19595917942265428,0.0,0.19595917942265428,0.0,46.192570831249476,14.430869689661812,hard,0.17088421617737756,0.12615546191856322,0.014526776409696962,0.0
0.0,0.0,45.65785245502583,0.0737906623401355,0.7537152568495269,0.19595917942265428,0.19595917942265428,0.0,0.19595917942265428,0.0,45.54374161177362,14.430869689661812,hard,0.1766661578687542,0.13126876979038551,0.016105925072022822,0.0
0.0,0.0,41.040970159550646,0.07582139761147802,0.7770082306975497,0.19595917942265428,0.19595917942265428,0.0,0.19595917942265428,0.0,40.997019403854225,14.430869689661812,hard,0.1812437498144491,0.13492516241062788,0.016904453440938938,0.0
0.0,0.0,65.28472970682317,0.07757217081086273,0.8039337454240787,0.19595917942265428,0.19595917942265428,0.0,0.19595917942265428,0.0,64.7079005995404,14.430869689661812,hard,0.18362223726482674,0.1394119826420691,0.022945061642283163,0.0
0.0,0.0,46.29816933287491,0.07967745105455037,0.8317328275700017,0.19595917942265428,0.19595917942265428,0.0,0.19595917942265428,0.0,45.66884714988983,14.430869689661812,hard,0.18729085276185498,0.14415824003920996,0.025633322910638266,0.0
0.0,0.0,44.44623913200863,0.08272778992537011,0.8608198312407992,0.19595917942265428,0.19595917942265428,0.0,0.19595917942265428,0.0,44.44547221033882,14.430869689661812,hard,0.19359088402852406,0.15016207580525603,0.027711624089597046,0.0
0.0,0.0,40.14203019746138,0.08544763536104598,0.8861410706605227,0.19595917942265428,0.19595917942265428,0.0,0.19595917942265428,0.0,39.789465942633605,14.430869689661812,hard,0.19838256613451397,0.15631223018037552,0.029866505187542344,0.0
0.0,0.0,42.561388590484384,0.0880370649743516,0.9124488968283598,0.19595917942265428,0.19595917942265428,0.0,0.19595917942265428,0.0,41.75316035942669,14.430869689661812,hard,0.20326579442993464,0.1613839822169181,0.032306513889308615,0.0
0.0,0.0,41.96338391969916,0.09013912619374562,0.9348886021651768,0.19595917942265428,0.19595917942265428,0.0,0.19595917942265428,0.0,41.81439465064633,14.430869689661812,hard,0.20739790635423766,0.165350523139753,0.034542649345547675,0.0
0.0,0.0,40.51117937009461,0.09173881003891159,0.9576131434063453,0.19595917942265428,0.19595917942265428,0.0,0.19595917942265428,0.0,39.986017556140794,14.430869689661812,hard,0.2105165103309224,0.16851872505110252,0.03524231655467823,0.0
0.0,0.0,53.01804802819433,0.09364369265980428,0.9813314031091867,0.19595917942265428,0.19595917942265428,0.0,0.19595917942265428,0.0,52.665833326740405,14.430869689661812,hard,0.2138941980271001,0.17274506372078116,0.039096639968370664,0.0
0.0,0.0,43.1070296794679,0.09534539997564147,1.0029258392427465,0.19595917942265428,0.19595917942265428,0.0,0.19595917942265428,0.0,42.696552554041176,14.430869689661812,hard,0.21697720738832854,0.17629666715445386,0.04113244106267717,0.0
0.0,0.0,44.420117659633476,0.09772178712231995,1.0222753755498817,0.19595917942265428,0.19595917942265428,0.0,0.19595917942265428,0.0,44.083325645872044,14.430869689661812,hard,0.2207112816521988,0.18192779573921297,0.04331082998487096,0.0
0.0,0.0,38.127165919177195,0.10006258707036968,1.04782158284938,0.19595917942265428,0.19595917942265428,0.0,0.19595917942265428,0.0,37.560452606431674,14.430869689661812,hard,0.2249328163636033,0.18714666584830877,0.04577262211004585,0.0
0.0,0.0,39.53926337268525,0.10190293773537269,1.0728609501696864,0.19595917942265428,0.19595917942265428,0.0,0.19595917942265428,0.0,39.4360444263874,14.430869689661812,hard,0.22833974946345276,0.19069056353300312,0.047250725864817766,0.0
0.0,0.0,43.42457406051109,0.1038630597689584,1.0929896664868035,0.19595917942265428,0.19595917942265428,0.0,0.19595917942265428,0.0,42.89367785583325,14.430869689661812,hard,0.23119752179377032,0.19488754951436263,0.050420322244577306,0.0
0.0,0.0,46.9288577650759,0.10603720603303615,1.1138932282094516,0.19595917942265428,0.19595917942265428,0.0,0.19595917942265428,0.0,44.077277592882254,14.430869689661812,hard,0.23499615167886345,0.1996246369299756,0.05267586593214893,0.0
0.0,0.0,42.627370324100745,0.10786734082803275,1.136168119768276,0.19595917942265428,0.19595917942265428,0.0,0.19595917942265428,0.0,42.63108724862644,14.430869689661812,hard,0.23944004916114422,0.20228132736939283,0.05542635074549248,0.0
0.0,0.0,40.199616479820406,0.10922705933470993,1.147683782058527,0.19595917942265428,0.19595917942265428,0.0,0.19595917942265428,0.0,38.268545830747215,14.430869689661812,hard,0.24232308265157887,0.20515320138043389,0.05577908767002038,0.0
0.0,0.0,45.2107019467619,0.11069766762542171,1.1578749648221824,0.19595917942265428,0.19595917942265428,0.0,0.19595917942265428,0.0,44.956939397605794,14.430869689661812,hard,0.2453654349435923,0.20775523292189657,0.057049132886806554,0.0
0.0,0.0,46.643009566046516,0.11162016494942019,1.1603558574949662,0.31048349392520047,0.31048349392520047,0.0,0.31048349392520047,0.0,44.61266636281674,14.430869689661812,hard,0.2477834714134144,0.210783234316085,0.05983956084196884,0.006470009832841692
0.0,0.0,44.25938146591671,0.11268827271581212,1.1551371711542842,0.33704599092705434,0.3370459909270544,0.0,0.3370459909270544,0.0,41.784667044263976,14.430869689661812,hard,0.25019200330889824,0.21350106312130218,0.06155546660374078,0.006470009832841692
0.0,0.0,42.16388741629704,0.11336638582044392,1.1507417688561683,0.33704599092705434,0.3370459909270544,0.0,0.3370459909270544,0.0,40.371554342135504,14.430869689661812,hard,0.25126861531487876,0.21493072073108377,0.06373239289902036,0.006470009832841692
0.0,0.0,33.422307372410415,0.11416948168791063,1.1462621660002055,0.33704599092705434,0.3370459909270544,0.0,0.3370459909270544,0.0,33.521700434196354,14.430869689661812,hard,0.25227307902524976,0.2169081111571075,0.06583129945373942,0.006470009832841692
0.0,0.0,54.022165222231216,0.114036694132504,1.1387077479877095,0.3815756805667783,0.3815756805667783,0.0,0.3815756805667783,0.0,48.94277883406294,14.430869689661812,hard,0.25329953612459366,0.21670671250284287,0.06823913413175474,0.006470009832841692
0.0,0.0,40.39378057790169,0.11398511529878852,1.1328414868659833,0.3815756805667783,0.3815756805667783,0.0,0.3815756805667783,0.0,39.325431974741235,14.430869689661812,hard,0.25308376440975044,0.2167151660235495,0.07191002234378688,0.006470009832841692
0.0,0.0,36.97397702017263,0.1140926388452579,1.1301179924515796,0.3815756805667783,0.3815756805667783,0.0,0.3815756805667783,0.0,36.57052911840353,14.430869689661812,hard,0.25321937372484055,0.21700869345869958,0.07435715881175053,0.006470009832841692
0.0,0.0,37.3795441614998,0.11383118300955393,1.1289451609059489,0.3815756805667783,0.3815756805667783,0.0,0.3815756805667783,0.0,36.30601052167533,14.430869689661812,hard,0.252302604639598,0.21720887545255899,0.0762449014769441,0.006470009832841692
0.0,0.0,49.5032207474204,0.11337544201965913,1.1255344806298038,0.3815756805667783,0.3815756805667783,0.0,0.3815756805667783,0.0,48.97151825296006,14.430869689661812,hard,0.25173002542621276,0.21597908444130728,0.07889852125750042,0.006470009832841692
0.0,0.0,45.121787518773104,0.11332307156511998,1.1236963923859111,0.3815756805667783,0.3815756805667783,0.0,0.3815756805667783,0.0,44.83759137152664,14.430869689661812,hard,0.2525212582106257,0.21557499989359719,0.08046946651284673,0.006470009832841692
0.0,0.0,34.740632026868894,0.11348804868407966,1.1238649559448157,0.3815756805667783,0.3815756805667783,0.0,0.3815756805667783,0.0,34.07781683148144,14.430869689661812,hard,0.25254022575036283,0.21566619674213733,0.0828675512229109,0.006470009832841692
0.0,0.0,37.2222597545231,0.11294984313703929,1.1245472839255366,0.3815756805667783,0.3815756805667783,0.0,0.3815756805667783,0.0,37.0327476701365,14.430869689661812,hard,0.25132104587633586,0.2148693099982298,0.08457132926314934,0.006470009832841692
0.0,0.0,35.5799971461425,0.11296739550712719,1.1242912724693026,0.3815756805667783,0.3815756805667783,0.0,0.3815756805667783,0.0,35.24840421919835,14.430869689661812,hard,0.2504596728189692,0.21465323159081906,0.08768507219385738,0.006470009832841692
0.0,0.0,42.05757976316696,0.11337480308379846,1.1254623737426162,0.3815756805667783,0.3815756805667783,0.0,0.3815756805667783,0.0,40.5524647832903,14.430869689661812,hard,0.25016892922758593,0.21560081132166645,0.09147696406675007,0.006470009832841692
0.0,0.0,49.308854896020016,0.11401756910443217,1.129317655217403,0.3815756805667783,0.3815756805667783,0.0,0.3815756805667783,0.0,48.33642518846423,14.430869689661812,hard,0.25091744255898135,0.21664451765015053,0.09488068390815318,0.006470009832841692
0.0,0.0,42.162314787962146,0.11439219619471787,1.1310076933769229,0.3815756805667783,0.3815756805667783,0.0,0.3815756805667783,0.0,42.23907669445439,14.430869689661812,hard,0.2513034491575883,0.2173225273573493,0.09765635731947926,0.006470009832841692
0.0,0.0,46.56089432288277,0.11541129240646457,1.1337755290969944,0.3815756805667783,0.3815756805667783,0.0,0.3815756805667783,0.0,46.57170385545283,14.430869689661812,hard,0.25084710356710055,0.21846905554479432,0.10313784863864875,0.006470009832841692
0.0,0.0,32.84458253119915,0.1161315035438502,1.1376880420545563,0.3815756805667783,0.3815756805667783,0.0,0.3815756805667783,0.0,32.25293164969659,14.430869689661812,hard,0.2506689558012071,0.2198821602403572,0.10667403081347726,0.006470009832841692
0.0,0.0,34.38398676653551,0.1165605019340774,1.1432035239388514,0.3815756805667783,0.3815756805667783,0.0,0.3815756805667783,0.0,32.31975247429967,14.430869689661812,hard,0.2503978650503978,0.22066371106417854,0.10925548740238052,0.006470009832841692
0.0,0.0,40.8287993465603,0.11695142833313805,1.1431632453439835,0.3815756805667783,0.3815756805667783,0.0,0.3815756805667783,0.0,39.89564387248312,14.430869689661812,hard,0.24918804242611198,0.22133178463243547,0.11314147890662274,0.006470009832841692
0.0,0.0,34.20100561983646,0.11745011559356719,1.1490407320595664,0.3815756805667783,0.3815756805667783,0.0,0.3815756805667783,0.0,34.13303971227877,14.430869689661812,hard,0.24842774737062742,0.22245206721790883,0.11603632014148507,0.006470009832841692
0.0,0.0,31.69421588594731,0.11828808245059105,1.155415728238788,0.3815756805667783,0.3815756805667783,0.0,0.3815756805667783,0.0,31.707311459661792,14.430869689661812,hard,0.24829091343117363,0.22380629586268644,0.11864983258525293,0.006470009832841692
0.0,0.0,38.89223597066808,0.11845399000607837,1.1535601514283427,0.4903060268852506,0.49030602688525055,0.0,0.49030602688525055,0.0,36.90010298088611,14.430869689661812,hard,0.24807943165341614,0.22513745454311798,0.12107167883954303,0.014178957718780725
0.0,0.0,47.576638768038684,0.11882248819036419,1.1562132655140833,0.4903060268852506,0.49030602688525055,0.0,0.49030602688525055,0.0,47.33543704245267,14.430869689661812,hard,0.24972547428258907,0.22565958555108262,0.12336458831189927,0.020029498525073748
0.0,0.0,38.003584548214384,0.11945361312358108,1.1575174038659921,0.4903060268852506,0.49030602688525055,0.0,0.49030602688525055,0.0,37.41861034298307,14.430869689661812,hard,0.2515555185390907,0.22688584049493313,0.1243636275931073,0.021474926253687313
0.0,0.0,50.26468422690056,0.12006996546418557,1.155472142741873,0.529150262212918,0.529150262212918,0.0,0.529150262212918,0.0,45.81353948343219,14.430869689661812,hard,0.2526975966131109,0.22858405240334065,0.12535809969773465,0.02787610619469026
0.0,0.0,58.238938281499784,0.12091089259597945,1.1543134169143563,0.5499090833947008,0.5499090833947008,0.0,0.5499090833947008,0.0,53.301335818157504,14.430869689661812,hard,0.2536583632597051,0.23084090187535963,0.1275182013185949,0.031592920353982305
0.0,0.0,46.36599212265685,0.12209104593111418,1.1535102851704855,0.5589275444992848,0.5589275444992848,0.0,0.5589275444992848,0.0,43.50290105268843,14.430869689661812,hard,0.2546675409384093,0.2327045787785933,0.12919507098319719,0.03434611602753196
0.0,0.0,58.94936736491022,0.12223023368345466,1.145703387381474,0.5744562646538028,0.5744562646538028,0.0,0.5744562646538028,0.0,55.96082915754555,14.430869689661812,hard,0.25535603368939264,0.23269832143790245,0.13255185890093385,0.038338249754178946
0.0,0.0,62.26790084280689,0.1221977038630426,1.13595249658762,0.581033561853358,0.581033561853358,0.0,0.581033561853358,0.0,57.75987880873712,14.430869689661812,hard,0.255127245215843,0.23313031921046337,0.13614887185049385,0.04226155358898722
0.0,0.0,54.02123404136319,0.12177460204610224,1.1301124063120878,0.581033561853358,0.581033561853358,0.0,0.581033561853358,0.0,52.8925552417351,14.430869689661812,hard,0.25397927805902015,0.23228737201830066,0.13851985155403262,0.0432251720747296
0.0,0.0,51.683096180825096,0.12205028146625178,1.115847125400694,0.581033561853358,0.581033561853358,0.13999999999999999,0.581033561853358,0.0,50.48857692587503,14.430869689661812,hard,0.2530968694280577,0.23311116195939927,0.1413457775509303,0.04453294001966568
0.0,0.0,41.422737083476335,0.12225427179308397,1.1090817878288015,0.581033561853358,0.581033561853358,0.13999999999999999,0.581033561853358,0.0,41.35292492678118,14.430869689661812,hard,0.252823241422131,0.2342960421779765,0.14328751674867038,0.05065880039331365
0.0,0.0,36.41369426703202,0.1227088888061017,1.1055746076732074,0.581033561853358,0.581033561853358,0.13999999999999999,0.581033561853358,0.0,36.022665087414055,14.430869689661812,hard,0.2524362480330466,0.23515537835895428,0.14569085871633936,0.05065880039331365
0.0,0.0,34.33330681197895,0.12308314644568946,1.1021231123847417,0.581033561853358,0.581033561853358,0.13999999999999999,0.581033561853358,0.0,32.834128585969815,14.430869689661812,hard,0.2520837111133413,0.23554951324411538,0.14740942251162348,0.05065880039331365
0.0,0.0,31.489068101465985,0.12336096101885637,1.0991246727886468,0.581033561853358,0.581033561853358,0.13999999999999999,0.581033561853358,0.0,31.270362965594117,14.430869689661812,hard,0.25121456035091005,0.23639871774942456,0.14917627139831885,0.05065880039331365
0.0,0.0,44.40686789424351,0.12376451119402612,1.0962593201818298,0.581033561853358,0.581033561853358,0.13999999999999999,0.581033561853358,0.0,44.035785447746925,14.430869689661812,hard,0.25080709899880355,0.23678134989258012,0.1522224428981351,0.05065880039331365
0.0,0.0,41.31769083002452,0.1245638800997957,1.092485493207178,0.581033561853358,0.581033561853358,0.13999999999999999,0.581033561853358,0.0,38.67402228886983,14.430869689661812,hard,0.25124485165550586,0.23744458080020428,0.1558773029426657,0.05065880039331365
0.0,0.0,39.9737025136534,0.12474368456455795,1.0907263552196484,0.581033561853358,0.581033561853358,0.13999999999999999,0.581033561853358,0.0,37.2057844965,14.430869689661812,hard,0.2502801195846457,0.23719132243515223,0.15903945826486168,0.05065880039331365
0.0,0.0,39.46553243533927,0.12474974252944024,1.0880252084793027,0.581033561853358,0.581033561853358,0.13999999999999999,0.581033561853358,0.0,39.1818784644126,14.430869689661812,hard,0.24938621242833625,0.2366247850709938,0.16171227538984348,0.05065880039331365
0.0,0.0,41.08270700602412,0.12523900173991204,1.0862190721274616,0.581033561853358,0.581033561853358,0.13999999999999999,0.581033561853358,0.0,41.514122898117456,14.430869689661812,hard,0.24804813353297328,0.23721015306714194,0.16515881700473686,0.05065880039331365
0.0,0.0,26.25030257497223,0.12573398537927338,1.0833916877482284,0.581033561853358,0.581033561853358,0.13999999999999999,0.581033561853358,0.0,25.949982658953743,14.430869689661812,hard,0.24785470173243446,0.23765848992233218,0.16786705675871902,0.05065880039331365
0.0,0.0,28.61292741711306,0.12614018797137083,1.0796127482877382,0.581033561853358,0.581033561853358,0.13999999999999999,0.581033561853358,0.0,28.00392115400985,14.430869689661812,hard,0.24765616236818097,0.2380899069868899,0.17005232315067179,0.05065880039331365
0.0,0.0,32.894343610721556,0.12653298618240452,1.0771366539542464,0.581033561853358,0.581033561853358,0.13999999999999999,0.581033561853358,0.0,32.63512831290846,14.430869689661812,hard,0.24732649517784516,0.23814322835708615,0.1727295255848204,0.05065880039331365
0.0,0.0,25.953688240074523,0.1268245462827492,1.0746392346363098,0.581033561853358,0.581033561853358,0.13999999999999999,0.581033561853358,0.0,26.017717040509147,14.430869689661812,hard,0.24708255239706509,0.238190483998473,0.17458611973131247,0.05065880039331365
0.0,0.0,32.20349900628293,0.12673150146972945,1.070435748409373,0.581033561853358,0.581033561853358,0.13999999999999999,0.581033561853358,0.0,31.515386718236538,14.430869689661812,hard,0.24682416093752765,0.23760777314732356,0.17573188167959017,0.05065880039331365
0.0,0.0,24.635182734517645,0.12681937923576525,1.062211325365382,0.581033561853358,0.581033561853358,0.13999999999999999,0.581033561853358,0.0,24.30443580912752,14.430869689661812,hard,0.2466008455637073,0.23691720738249109,0.1775127997755191,0.05065880039331365
0.0,0.0,35.99446619302348,0.12770978615427514,1.0580752085318843,0.581033561853358,0.581033561853358,0.13999999999999999,0.581033561853358,0.0,35.93265367322597,14.430869689661812,hard,0.24639637717969987,0.23753865482826686,0.1813561493817737,0.05065880039331365
0.0,0.0,29.753642621070803,0.1282155458774915,1.0499300941981622,0.6200000000000001,0.62,0.13999999999999999,0.62,0.0,27.455046894878908,14.430869689661812,hard,0.2459831081367483,0.2371668877781054,0.18420454037659403,0.051112349331837455
0.0,0.0,30.038896773530933,0.12865567058741834,1.047538862111814,0.6200000000000001,0.62,0.13999999999999999,0.62,0.0,29.61127487968054,14.430869689661812,hard,0.24573725163007487,0.23704844150200138,0.1864145518169502,0.051112349331837455
0.0,0.0,40.189015891943484,0.12948882112569432,1.045814429995175,0.6560487786742689,0.656048778674269,0.13999999999999999,0.656048778674269,0.0,38.30548785748591,14.430869689661812,hard,0.2455245955433388,0.23677754740851625,0.18930086915861696,0.05117431189543303
0.0,0.0,40.10976813536584,0.12968700637354003,1.0378102340227664,0.66,0.66,0.13999999999999999,0.66,0.0,38.142936436514695,14.430869689661812,hard,0.2453306304734531,0.2356548820001948,0.1916607011019319,0.051324522693363975
0.0,0.0,31.76659125490843,0.13047335705021304,1.039655205115029,0.6633249580710799,0.66332495807108,0.13999999999999999,0.66332495807108,0.0,29.82917363924117,14.430869689661812,hard,0.24526947028358034,0.23583032783200486,0.19396877774618868,0.05164113585204777
0.0,0.0,44.75960504018597,0.13088842093145608,1.0378799784446204,0.6696267617113283,0.6696267617113284,0.13999999999999999,0.6696267617113284,0.0,40.99096973724822,14.430869689661812,hard,0.24505346665072536,0.2357636098939995,0.19460952499613068,0.052246047826840177
0.0,0.0,34.722938890772035,0.13156813014294091,1.0355224338728382,0.6696267617113283,0.6696267617113284,0.19595917942265426,0.6696267617113284,0.0,28.96441955227137,14.430869689661812,hard,0.24521291545598167,0.23595029679813992,0.19640077595482033,0.05268853613759645
0.0,0.0,28.543158372085074,0.13233852584821937,1.0372484289287767,0.6696267617113283,0.6696267617113284,0.19595917942265426,0.6696267617113284,0.0,26.906504789734395,14.430869689661812,hard,0.2454741307033385,0.23646553469668125,0.19791625973140778,0.053297561082088586
0.0,0.0,37.530679065644534,0.13269075871612096,1.0378479261744462,0.6696267617113283,0.6696267617113284,0.19595917942265426,0.6696267617113284,0.0,37.06043172981124,14.430869689661812,hard,0.2452259268413684,0.23657536921877645,0.19923853942717445,0.05388630615308313
0.0,0.0,33.61682077934491,0.1327910496245059,1.0349032417347757,0.6696267617113283,0.6696267617113284,0.19595917942265426,0.6696267617113284,0.0,33.69427844605075,14.430869689661812,hard,0.24481068489147026,0.23645241060624073,0.2004723087147023,0.05411215850906428
0.0,0.0,27.62108361808812,0.1332812228125353,1.0332945909497278,0.6696267617113283,0.6696267617113284,0.19595917942265426,0.6696267617113284,0.0,27.609302780041364,14.430869689661812,hard,0.24455264408106733,0.23642876120385903,0.20227498421439324,0.05488841862837026
0.0,0.0,29.6250223798857,0.1340141421299273,1.032389834699962,0.6696267617113283,0.6696267617113284,0.19595917942265426,0.6696267617113284,0.0,28.85636844788339,14.430869689661812,hard,0.24477930546695661,0.23658609429350022,0.20445197750894603,0.055969279267140584
0.0,0.0,32.32856982442974,0.13437940452114888,1.0322878391666337,0.6696267617113283,0.6696267617113284,0.19595917942265426,0.6696267617113284,0.0,29.896381051893226,14.430869689661812,hard,0.24526755760950494,0.23681479343466158,0.2055861676416295,0.055969279267140584
0.0,0.0,32.474233322879414,0.1346315415729232,1.0328466970905954,0.6696267617113283,0.6696267617113284,0.19595917942265426,0.6696267617113284,0.0,31.827541532452678,14.430869689661812,hard,0.24530568708754186,0.2368016433105934,0.20712303372917287,0.055969279267140584
0.0,0.0,34.52751956943763,0.13448278818717407,1.026090123141398,0.6696267617113283,0.6696267617113284,0.19595917942265426,0.6696267617113284,0.0,33.960541809576604,14.430869689661812,hard,0.24312717803642897,0.23671055492253423,0.20862020346177326,0.055969279267140584
0.0,0.0,30.11759720952939,0.13439441342967148,1.014560383751299,0.6696267617113283,0.6696267617113284,0.19595917942265426,0.6696267617113284,0.0,30.01506954847848,14.430869689661812,hard,0.2421034646931987,0.23641348950633276,0.2101251330994774,0.055969279267140584
0.0,0.0,35.05570979054549,0.13432704054147906,1.0036749295462206,0.6696267617113283,0.6696267617113284,0.19595917942265426,0.6696267617113284,0.0,34.91065166965521,14.430869689661812,hard,0.24065595326013106,0.2367550791072105,0.21161570176585826,0.055969279267140584
0.0,0.0,27.3201393505457,0.13425324643221154,0.9929063301657939,0.6696267617113283,0.6696267617113284,0.19595917942265426,0.6696267617113284,0.0,24.934546316305816,14.430869689661812,hard,0.23954041701086304,0.23681812557494678,0.21299236004487357,0.055969279267140584
0.0,0.0,39.91977800270924,0.13381603445682194,0.9864118540764208,0.6696267617113283,0.6696267617113284,0.19595917942265426,0.6696267617113284,0.0,39.78365996235138,14.430869689661812,hard,0.23754672939407773,0.23549915082356443,0.2150794077879953,0.055969279267140584
0.0,0.0,31.338217281829756,0.1340862937168154,0.9795804890348845,0.6696267617113283,0.6696267617113284,0.19595917942265426,0.6696267617113284,0.0,31.613471811871598,14.430869689661812,hard,0.23690689084310446,0.23583721182322773,0.2163016303523183,0.055969279267140584
0.0,0.0,30.222719820905894,0.13465682271379623,0.9720635325977871,0.6696267617113283,0.6696267617113284,0.23748684174075835,0.6696267617113284,0.0,29.609025650973386,14.430869689661812,hard,0.23665108006527757,0.236560932464925,0.2177114282372958,0.055969279267140584
0.0,0.0,35.10632727366942,0.13566473351688993,0.9671104094305744,0.6696267617113283,0.6696267617113284,0.23748684174075835,0.6696267617113284,0.0,34.93671993762436,14.430869689661812,hard,0.23684345757386752,0.2377069642171953,0.22034834971478873,0.055969279267140584
0.0,0.0,27.88186415998829,0.13642819421557617,0.9613438936156463,0.72773621594641,0.72773621594641,0.23748684174075835,0.72773621594641,0.0,26.073864308920534,14.430869689661812,hard,0.23700206442804161,0.23851847700969722,0.22219913492954868,0.05687995009718125
0.0,0.0,24.306966049045858,0.1369396911149695,0.9587260221320043,0.72773621594641,0.72773621594641,0.23748684174075835,0.72773621594641,0.0,24.11025507952995,14.430869689661812,hard,0.2370419516453847,0.2386828615581132,0.2232893127782948,0.05875288261763909
0.0,0.0,29.734114209587098,0.13726336813091639,0.9522654195540314,0.72773621594641,0.72773621594641,0.23748684174075835,0.72773621594641,0.0,29.44891169466199,14.430869689661812,hard,0.236425415500512,0.2380490247569066,0.22588489029394992,0.060375270791160465
0.0,0.0,50.357186176549234,0.13727877194787985,0.9384208143954653,0.7807688518377254,0.7807688518377254,0.23748684174075835,0.7807688518377254,0.0,46.85159975923981,14.430869689661812,hard,0.23628343682840836,0.23790969677621263,0.22896014049811927,0.06286908182644657
0.0,0.0,32.535578940977494,0.13742282942109296,0.932387552254589,0.8052328855678959,0.8052328855678959,0.23748684174075835,0.8052328855678959,0.0,30.001306638211602,14.430869689661812,hard,0.23584365524581438,0.23787977732962326,0.23040067594183472,0.0637311602872958
0.0,0.0,48.91478088575524,0.13696107252762194,0.9239415257301726,0.8506468127254695,0.8506468127254694,0.23748684174075835,0.8506468127254694,0.0,46.055709743744046,14.430869689661812,hard,0.2350702596969783,0.23773942794948125,0.23098205108024406,0.06632640242813789
0.0,0.0,56.64355814073255,0.13677285387872776,0.9184570960772346,0.8352245207128441,0.835224520712844,0.23748684174075835,0.835224520712844,0.0,51.87139481448325,14.430869689661812,hard,0.23406198600258213,0.23788868640125696,0.22995643262819626,0.06772851272288948
0.0,0.0,42.93793492886673,0.13721914628456203,0.913766203488836,0.8352245207128441,0.835224520712844,0.23748684174075835,0.835224520712844,0.0,42.81648747854032,14.430869689661812,hard,0.2340662620373741,0.23840301977046416,0.23162951844930232,0.07087239701810223
0.0,0.0,41.81193620685656,0.1373692617464235,0.9082074693517307,0.8255906976220118,0.8255906976220118,0.23748684174075835,0.8255906976220118,0.0,39.97639803684169,14.430869689661812,hard,0.23384108923081054,0.238137588017554,0.23220823538622806,0.07452611895903828
0.0,0.0,40.51864985681189,0.13818088429467595,0.904412536710201,0.8200000000000001,0.8200000000000001,0.23748684174075835,0.8200000000000001,0.0,36.16949543468916,14.430869689661812,hard,0.23363982393653873,0.23817530160819916,0.23356133556532954,0.07760058873629792
0.0,0.0,48.36919838467049,0.13875031477741837,0.8994978137044137,0.8200000000000001,0.8200000000000001,0.23748684174075835,0.8200000000000001,0.0,45.81264454274606,14.430869689661812,hard,0.23263118446807093,0.23799937514846636,0.2362737798246016,0.08038719510824736
0.0,0.0,33.799887667228006,0.1393531247571986,0.895054909720771,0.8200000000000001,0.8200000000000001,0.23748684174075835,0.8200000000000001,0.0,33.931200980808214,14.430869689661812,hard,0.23227209886312578,0.23851418185654394,0.2382263331858189,0.08396935739694537
0.0,0.0,45.83922904085265,0.1396841752109104,0.8910667160207316,0.8200000000000001,0.8200000000000001,0.23748684174075835,0.8200000000000001,0.0,43.0975451737103,14.430869689661812,hard,0.23217112217172095,0.23827924239640458,0.2400225070339223,0.08869216612835618
0.0,0.0,35.06446111233172,0.14023527116435178,0.8855222893077083,0.8200000000000001,0.8200000000000001,0.23748684174075835,0.8200000000000001,0.0,34.93088032099964,14.430869689661812,hard,0.23208767730379048,0.23757391697505953,0.24221946397414829,0.09156760656321102
0.0,0.0,39.903799816255656,0.14028184039723463,0.8794629444723969,0.8200000000000001,0.8200000000000001,0.23748684174075835,0.8200000000000001,0.0,39.574314902471784,14.430869689661812,hard,0.23095047843443453,0.23654420017416886,0.24441169902633084,0.09582709581496311
0.0,0.0,31.345358753007464,0.14057615121306138,0.8770691127850827,0.8200000000000001,0.8200000000000001,0.23748684174075835,0.8200000000000001,0.0,31.15391468178598,14.430869689661812,hard,0.23052516566689452,0.23638013263734073,0.24579843326608877,0.10193277397574224
0.0,0.0,36.37046872605617,0.14166498331986577,0.8748528416828282,0.8200000000000001,0.8200000000000001,0.23748684174075835,0.8200000000000001,0.0,36.18079601114381,14.430869689661812,hard,0.2305574069489116,0.23611804809077272,0.24797095594652624,0.10812836620565378
0.0,0.0,26.17527381258845,0.14247726243067013,0.8727624753772537,0.8200000000000001,0.8200000000000001,0.23748684174075835,0.8200000000000001,0.0,26.012620014139287,14.430869689661812,hard,0.23058270534346156,0.23587720418746064,0.2497707958555012,0.11200178866246993
0.0,0.0,28.889752501674142,0.14345997516601944,0.8712507537331243,0.8200000000000001,0.8200000000000001,0.23748684174075835,0.8200000000000001,0.0,28.285374312531207,14.430869689661812,hard,0.23070436247561102,0.23601309232182244,0.25196504316764945,0.11553891410999281
0.0,0.0,31.301495462305127,0.14440157855501276,0.8700366320958697,0.8200000000000001,0.8200000000000001,0.23748684174075835,0.8200000000000001,0.0,30.724251007957864,14.430869689661812,hard,0.23090613320145056,0.2358547084920032,0.2548841369899365,0.11802441510771221
0.0,0.0,28.55172246469456,0.14522867907583017,0.8692998646531629,0.8200000000000001,0.8200000000000001,0.23748684174075835,0.8200000000000001,0.0,28.737160611306052,14.430869689661812,hard,0.2309018464444055,0.23556897129391757,0.2569050931297249,0.12283580926125699
0.0,0.0,33.922498951494,0.14629379256919237,0.8675420999889655,0.8200000000000001,0.8200000000000001,0.23748684174075835,0.8200000000000001,0.0,33.90604075972304,14.430869689661812,hard,0.23110674314186608,0.2356184787108765,0.2599968121483625,0.12622484852348656
0.0,0.0,23.0647205946067,0.1471376567071848,0.8655801015585478,0.8200000000000001,0.8200000000000001,0.23748684174075835,0.8200000000000001,0.0,23.053294775367796,14.430869689661812,hard,0.23125476937574233,0.23578468921149384,0.2624061293189139,0.12907422028286997
0.0,0.0,26.949940651253076,0.14848388406039492,0.8656096873488145,0.8200000000000001,0.8200000000000001,0.23748684174075835,0.8200000000000001,0.0,26.854787282717396,14.430869689661812,hard,0.23147588143838224,0.23633427216426864,0.2649750845908813,0.1323589579543295
0.0,0.0,31.70902452889956,0.14961266734765907,0.8670966331769481,0.8200000000000001,0.8200000000000001,0.2712931993250107,0.8200000000000001,0.0,31.34272483368349,14.430869689661812,hard,0.23150359745678986,0.23639362992670343,0.2679613949873226,0.13518649291389975
0.0,0.0,37.50693513698483,0.15008856232615533,0.8592697017994944,0.8616263691415206,0.8616263691415206,0.2712931993250107,0.8616263691415206,0.0,35.34515525499923,14.430869689661812,hard,0.23157129478914498,0.23665958268678494,0.27021012542773243,0.13945084962683474
0.0,0.0,40.660403931325824,0.15004173290150008,0.8476843455729851,0.8200000000000001,0.8200000000000001,0.2712931993250107,0.9228217596047461,0.0,40.722912469517695,14.430869689661812,hard,0.23157129478914498,0.2348307914054895,0.2721176576088014,0.14325400639834718
0.0,0.0,36.66505997031546,0.1501561433306165,0.8363410623252174,0.87840765023991,0.87840765023991,0.2712931993250107,0.9734474818910367,0.0,33.39418512256288,14.430869689661812,hard,0.23162044115127606,0.2345036096470826,0.2735050261411258,0.1462501217016266
0.0,0.0,38.97119318736478,0.15060705740147115,0.8281082701708449,0.8944271909999159,0.8944271909999159,0.2712931993250107,0.9871170143402452,0.0,37.707192947765286,14.430869689661812,hard,0.23162044115127606,0.23396982840278857,0.274224006258615,0.15173280906043438
0.0,0.0,43.85525394203245,0.15072690648320544,0.8228992179857112,0.8944271909999159,0.8944271909999159,0.3,0.9871170143402452,0.0,43.74250107161227,14.430869689661812,hard,0.23163472264776166,0.23345249532796458,0.2759764048639478,0.15861409104075996
0.0,0.0,52.63410062585232,0.15032703283931015,0.8145497830459665,0.9243376006633074,0.9243376006633073,0.3,1.012719112093773,0.0,49.12667707061002,14.430869689661812,hard,0.2316411860192841,0.23276446131418405,0.2766808971969589,0.16361931364242563
0.0,0.0,36.75662958273687,0.1506251282896839,0.8079199988870761,0.9303762679690406,0.9303762679690406,0.3,1.0166612021711068,0.0,33.53625500857244,14.430869689661812,hard,0.2317191925531609,0.23248045704603937,0.2763507593584888,0.16680882291774787
0.0,0.0,36.563842957634876,0.15067037039863124,0.8022975301928347,0.9219544457292888,0.9219544457292888,0.3,1.0081666528902848,0.0,34.6167358368752,14.430869689661812,hard,0.23172188757547202,0.2320243797748456,0.2754506847793111,0.17011394546011577
0.0,0.0,34.59037332249684,0.15068484169810276,0.7960331693556507,0.9130169768410663,0.9130169768410663,0.3,0.9991996797437437,0.0,33.32159059828927,14.430869689661812,hard,0.23178049950275237,0.23185532551683352,0.27495474048834806,0.17333568527842477
0.0,0.0,50.582282834956665,0.15045622970208725,0.7821529218550429,0.8829496021857646,0.8829496021857646,0.3,0.9676776322722356,0.0,41.86884283091665,14.430869689661812,hard,0.2318201528068714,0.23060916415894203,0.2728239677577715,0.1769768410367933
0.0,0.0,32.78165361730598,0.1502159279680401,0.7707007865141074,0.8829496021857646,0.8829496021857646,0.3,0.9676776322722356,0.0,32.66278616407364,14.430869689661812,hard,0.23111015902069537,0.229557400731979,0.2726913529614073,0.1801357790918041
0.0,0.0,50.721510279855565,0.1497806504680027,0.7573947757542229,0.8829496021857646,0.8829496021857646,0.3,0.9676776322722356,0.0,50.42645734136,14.430869689661812,hard,0.23006174714801136,0.22684559688897718,0.27334371161803844,0.18486244384084424
0.0,0.0,54.20384832993373,0.14998064406949074,0.7449367636711888,0.8829496021857646,0.8829496021857646,0.3,0.9676776322722356,0.0,50.755196778261045,14.430869689661812,hard,0.22827100042111886,0.22546169267579233,0.27505311342671995,0.1888118663758766
0.0,0.0,40.54421017173973,0.1503038921854815,0.7336926451393053,0.8829496021857646,0.8829496021857646,0.3,0.9676776322722356,0.0,39.533054524030895,14.430869689661812,hard,0.22754932509757073,0.22464108636781835,0.2763286720757542,0.1927280886515559
0.0,0.0,45.012086922997625,0.15074649940904178,0.7231667309080074,0.8829496021857646,0.8829496021857646,0.3,0.9676776322722356,0.0,45.07133900828774,14.430869689661812,hard,0.22636697356792201,0.22363252873418585,0.27778737146313687,0.1971056025501231
0.0,0.0,49.76621656372344,0.15172027580422956,0.7123877482077015,0.8829496021857646,0.8829496021857646,0.3,0.9676776322722356,0.0,50.16995515246152,14.430869689661812,hard,0.22605091805191213,0.22277549182166687,0.27911203096207815,0.20067163047144
0.0,0.0,40.990636057988716,0.15265942990896111,0.7032745167812833,0.8829496021857646,0.8829496021857646,0.3,0.9676776322722356,0.0,38.954414383995044,14.430869689661812,hard,0.22592101028410586,0.22226816076657083,0.281110056115512,0.2041109084196188
0.0,0.0,45.73263302192178,0.15339210697886854,0.6945268918732906,0.8829496021857646,0.8829496021857646,0.3,0.9676776322722356,0.0,45.33230194905174,14.430869689661812,hard,0.2258885595768296,0.22122239817040001,0.2834350658353447,0.20880273302437546
0.0,0.0,40.22424491127445,0.15457966769203824,0.6871911384022125,0.8829496021857646,0.8829496021857646,0.3,0.9676776322722356,0.0,39.68891532909409,14.430869689661812,hard,0.22579430903383016,0.22027390857259732,0.2866765725807592,0.2124283886344842
0.0,0.0,38.57198574698084,0.15572988586902248,0.6810667798146897,0.8829496021857646,0.8829496021857646,0.3,0.9676776322722356,0.0,38.298699716831116,14.430869689661812,hard,0.22560381849033123,0.21925307408630568,0.28992119120384996,0.21690338553724195
0.0,0.0,39.18951574677796,0.1565948176992254,0.6761548740067257,0.8829496021857646,0.8829496021857646,0.3,0.9676776322722356,0.0,39.23673788683254,14.430869689661812,hard,0.22516167915731577,0.21836156401717652,0.2922521650962036,0.22146913899684098
0.0,0.0,41.441821573029536,0.15768876010025576,0.6720087876624372,0.8829496021857646,0.8829496021857646,0.3,0.9676776322722356,0.0,41.588055977648196,14.430869689661812,hard,0.22473129765270783,0.21775894661700343,0.29486076613062645,0.22693853218586954
0.0,0.0,38.52296748652666,0.15900088171525334,0.6676472092203249,0.8829496021857646,0.8829496021857646,0.3,0.9676776322722356,0.0,38.44851622624727,14.430869689661812,hard,0.2246077056629753,0.21751893936678235,0.2980276379441938,0.2316461671079805
0.0,0.0,40.2499037504265,0.1603720404473102,0.6639567695821509,0.8829496021857646,0.8829496021857646,0.3,0.9676776322722356,0.0,40.1518368197521,14.430869689661812,hard,0.22451732823407475,0.21691622282183792,0.30128714109623816,0.23688876697358718
0.0,0.0,50.21129127898984,0.161549487978299,0.6596236004050186,0.8829496021857646,0.8829496021857646,0.3,0.9676776322722356,0.0,49.889622167340576,14.430869689661812,hard,0.22419982676079916,0.21598544543556958,0.3038682074705381,0.2417421561532597
0.0,0.0,33.969308083449576,0.1625648570323327,0.656194673608633,0.8829496021857646,0.8829496021857646,0.3,0.9676776322722356,0.0,34.29122919931568,14.430869689661812,hard,0.22416769225229485,0.2155748935319615,0.30603157259230945,0.2455512391662395
0.0,0.0,37.99313102405179,0.1636807369126085,0.6531701110547113,0.8829496021857646,0.8829496021857646,0.3,0.9676776322722356,0.0,37.484295378198055,14.430869689661812,hard,0.22442442574422372,0.21545141473777865,0.30864385817745865,0.24936503228627835
0.0,0.0,35.41318833468208,0.16504973365243403,0.6513980457832159,0.893532316147547,0.893532316147547,0.3,0.9765244492586963,0.0,34.44197439172151,14.430869689661812,hard,0.2245673405928321,0.2153322093009057,0.31152520267964134,0.25349946433599974
0.0,0.0,47.102238671431685,0.16650867149390775,0.6501206475723542,0.9035485598461214,0.9035485598461214,0.3,0.9848857801796106,0.0,45.030727287042566,14.430869689661812,hard,0.2245502517147229,0.2146551260136605,0.31442921783087363,0.25672212281658213
0.0,0.0,37.21874093293169,0.16803842471052508,0.6498108906825054,0.9035485598461214,0.9035485598461214,0.3,0.9848857801796106,0.0,36.153456266310144,14.430869689661812,hard,0.22456303331084504,0.21458044901159498,0.31692679784335315,0.26107453615338866
0.0,0.0,53.47002887152204,0.169420153319134,0.649872568201747,0.9,0.9,0.3,0.98,0.0,49.119140871965584,14.430869689661812,hard,0.224351556727367,0.2138198278160479,0.31963150068025276,0.26567625633845887
0.0,0.0,56.00877699782312,0.17020236320974266,0.6456397292272886,0.8944271909999157,0.894427190999916,0.3,0.9707728879609279,0.0,51.44416779383257,14.430869689661812,hard,0.22430906686907498,0.21364567816490632,0.3198585196971444,0.26839212867305606
0.0,0.0,58.61480654649313,0.1700277583345392,0.6459364266586387,0.8845337754998392,0.8845337754998392,0.3,0.96,0.0,56.28480789698051,14.430869689661812,hard,0.22443465291538242,0.21274589491119933,0.31946366140364224,0.2698451932131591
0.0,0.0,46.83245716753582,0.1707318517271882,0.6464919891623246,0.8901685233707155,0.8901685233707155,0.3,0.9643650760992956,0.0,45.05862847446647,14.430869689661812,hard,0.22444041316987282,0.21270692078176112,0.3202902831002994,0.27230447723455914
0.0,0.0,48.39212855218875,0.17122624876777084,0.6603611516345511,0.9000000000000001,0.9,0.32496153618543844,0.9718024490605074,0.0,42.749764911634315,14.430869689661812,hard,0.22439552941948104,0.2126387882053849,0.31989624369707187,0.2745680647269083
0.0,0.0,40.76876099025359,0.17185675539606454,0.6596157065628058,0.9000000000000001,0.9,0.32496153618543844,0.9718024490605074,0.0,40.59509329956023,14.430869689661812,hard,0.22444125070616228,0.21225591840432856,0.3201322441438754,0.2771419266658316
0.0,0.0,40.234187703093,0.17242117550052988,0.6589891573278553,0.9000000000000001,0.9,0.32496153618543844,0.9718024490605074,0.0,40.344099940387814,14.430869689661812,hard,0.22448022878660878,0.2123318880813137,0.32078330547092404,0.28004751907247916
0.0,0.0,42.55231544185277,0.17292381570354215,0.6594621624591361,0.9000000000000001,0.9,0.32496153618543844,0.9718024490605074,0.0,41.572226305551645,14.430869689661812,hard,0.224500571831848,0.21194060053765604,0.32165503337165313,0.2823625357873194
0.0,0.0,40.16277167666716,0.1738009876796824,0.6592462104851249,0.9000000000000001,0.9,0.32496153618543844,0.9718024490605074,0.0,39.109737917812744,14.430869689661812,hard,0.2245233832684676,0.21191781012558933,0.3225346838828492,0.28463501212695674
0.0,0.0,41.879419744010626,0.17499411497799094,0.6586359519510048,0.9000000000000001,0.9,0.32496153618543844,0.9718024490605074,0.0,41.42811122897109,14.430869689661812,hard,0.22456603153180638,0.2119171882439764,0.3239028982779918,0.2877040864293716
0.0,0.0,50.48286185835831,0.175037195000242,0.6706459181269621,0.9000000000000001,0.9,0.3469870314579494,0.9718024490605074,0.0,49.5533692093686,14.430869689661812,hard,0.22462829995773545,0.2108613879761762,0.32460090310081674,0.28931264726308703
0.0,0.0,51.36507715369353,0.17551577911322158,0.667742626268445,0.9000000000000001,0.9,0.3469870314579494,0.9718024490605074,0.0,51.845728850118405,14.430869689661812,hard,0.22468909976778034,0.21075679303274075,0.32598995846903434,0.2906529107082562
0.0,0.0,52.17197570757144,0.17568724783485612,0.665397290241586,0.9000000000000001,0.9,0.3469870314579494,0.9718024490605074,0.0,52.08132486794091,14.430869689661812,hard,0.2251024124318701,0.2101184642249207,0.32736262777446834,0.2919460652987224
0.0,0.0,42.594562145972084,0.17605324575071601,0.6626304881824968,0.9000000000000001,0.9,0.3469870314579494,0.9718024490605074,0.0,40.295290047349205,14.430869689661812,hard,0.22526917661198198,0.20969739116063385,0.32869234595223495,0.2933741214081015
0.0,0.0,50.24365240102878,0.17620456296080436,0.6600759211525482,0.9000000000000001,0.9,0.3469870314579494,0.9718024490605074,0.0,48.99112164464088,14.430869689661812,hard,0.22545437064557755,0.20854453292893618,0.3296262483170989,0.2946391869512188
0.0,0.0,45.18391169749459,0.17652626465013754,0.6584132121774224,0.9000000000000001,0.9,0.3469870314579494,0.9718024490605074,0.0,44.84014272947846,14.430869689661812,hard,0.22563665740737704,0.20759747735747563,0.3306544639048551,0.29626438485793277
0.0,0.0,52.90390195846745,0.17711268349227344,0.656422976133298,0.9000000000000001,0.9,0.3469870314579494,0.9718024490605074,0.0,52.464940674702,14.430869689661812,hard,0.22573696144578453,0.20696485566101075,0.3319539531914775,0.2980293020398447
0.0,0.0,50.90636888308506,0.1778928611803399,0.6550565145188194,0.9000000000000001,0.9,0.3469870314579494,0.9718024490605074,0.0,50.301988032283575,14.430869689661812,hard,0.22583789684749542,0.20631855480099975,0.3333883508612478,0.3000176234051064
0.0,0.0,43.14705711672173,0.17855848463665452,0.6539299251063321,0.9000000000000001,0.9,0.3469870314579494,0.9718024490605074,0.0,42.45927931559838,14.430869689661812,hard,0.2262059781579284,0.2055509258672901,0.3346011695535759,0.30217714149344094
0.0,0.0,47.28552485798452,0.17942498341425886,0.6526737149438704,0.9000000000000001,0.9,0.3469870314579494,0.9718024490605074,0.0,46.49692032812496,14.430869689661812,hard,0.2267644863741973,0.20497763447740505,0.3368571385731522,0.30410178966257234
0.0,0.0,51.261339753424885,0.18049814987970536,0.6517085443763069,0.9000000000000001,0.9,0.3469870314579494,0.9718024490605074,0.0,51.416013069859865,14.430869689661812,hard,0.22715137830806018,0.20434484909954817,0.3397768244825155,0.30649092605680744
0.0,0.0,47.46194435030947,0.1818073837013711,0.6633385416713129,0.9000000000000001,0.9,0.36660605559646714,0.9718024490605074,0.0,47.77922561113773,14.430869689661812,hard,0.22749745082374828,0.20397863900878024,0.3426427591137684,0.30914081617862205
0.0,0.0,45.14656867590152,0.18269240786781696,0.6596415845518079,0.9042123644365854,0.9042123644365854,0.36660605559646714,0.9748846085563152,0.0,43.13977283203981,14.430869689661812,hard,0.2274838394843342,0.2034149371322442,0.3446451312671915,0.3108786701603133
0.0,0.0,53.71297059324292,0.18321743662208242,0.6478663302108354,0.9079647570252932,0.9079647570252934,0.36660605559646714,0.977547952787995,0.0,51.738712778730786,14.430869689661812,hard,0.22724428890877776,0.20009842574730352,0.34615174381731756,0.31424145215734445
0.0,0.0,43.406448549885035,0.18387812289951488,0.6381151200955099,0.9112628599915613,0.9112628599915613,0.36660605559646714,0.9797958971132712,0.0,42.31796308897677,14.430869689661812,hard,0.22711755264885372,0.1990569234251303,0.3469334188945615,0.31671745075580593
0.0,0.0,42.79333295891473,0.18420397114062703,0.6338379378511202,0.916515138991168,0.916515138991168,0.36660605559646714,0.9830564581955606,0.0,39.57498704990312,14.430869689661812,hard,0.2271681591674166,0.19907042481640003,0.34699337292506616,0.3168502468803001
0.0,0.0,49.20396035412514,0.18451125740158467,0.6333255675569592,0.9431860898041278,0.9431860898041278,0.36660605559646714,1.0047885349664376,0.0,45.81130428180363,14.430869689661812,hard,0.2271952736651876,0.19892827868952864,0.34643381251539185,0.3167675446376238
0.0,0.0,45.962535958854744,0.18487205788362443,0.632383258273629,0.9219544457292888,0.9219544457292888,0.36660605559646714,0.9840731680114034,0.0,45.103631782817665,14.430869689661812,hard,0.22725939423900893,0.19880423734079547,0.3444607301365148,0.31821654147162665
0.0,0.0,36.806463217224305,0.18548805302216043,0.6299424755284114,0.9219544457292888,0.9219544457292888,0.36660605559646714,0.9840731680114034,0.0,35.34003961514475,14.430869689661812,hard,0.22731882214753027,0.19868467177926494,0.3449856032601139,0.3185614637403906
0.0,0.0,42.723252913914195,0.18654738631153198,0.6279255623525918,0.9219544457292888,0.9219544457292888,0.36660605559646714,0.9840731680114034,0.0,40.031067934792844,14.430869689661812,hard,0.22735658043215898,0.19845400799597313,0.3459593434994212,0.31945976955295774
0.0,0.0,37.23113266925169,0.18782292723752214,0.6267923670115539,0.9219544457292888,0.9219544457292888,0.36660605559646714,0.9840731680114034,0.0,37.28069205366231,14.430869689661812,hard,0.22735658043215898,0.19821791001526412,0.34732593679126217,0.3220948078862538
0.0,0.0,37.459734819984654,0.18897847700925496,0.6243744913514335,0.9219544457292888,0.9219544457292888,0.36660605559646714,0.9840731680114034,0.27999999999999997,37.42258676254222,14.430869689661812,hard,0.22735658043215898,0.1980672667903848,0.349009049511194,0.32394085196880645
0.0,0.0,39.34866734381317,0.19009592039990408,0.6227497730965017,0.9219544457292888,0.9219544457292888,0.36660605559646714,0.9840731680114034,0.5599999999999999,39.66227930918747,14.430869689661812,hard,0.22735658043215898,0.19778299175736078,0.3509705780359495,0.3257789507427728
0.0,0.0,38.98222324405785,0.19138879592039462,0.6211646296925616,0.9219544457292888,0.9219544457292888,0.36660605559646714,0.9840731680114034,0.8400000000000001,38.91644896441606,14.430869689661812,hard,0.22735658043215898,0.19762711972722335,0.3523718654530324,0.32811562616295437
0.0,0.0,50.562878827847896,0.19301698811862822,0.6200496828211782,0.9219544457292888,0.9219544457292888,0.36660605559646714,0.9840731680114034,0.8400000000000001,49.61796448868091,14.430869689661812,hard,0.22736608085107787,0.19812654905252144,0.353902547297868,0.33077593792453486
0.0,0.0,42.44554261545818,0.19386579608515184,0.6188673426036123,0.9219544457292888,0.9219544457292888,0.36660605559646714,0.9840731680114034,1.1199999999999999,42.188927457331744,14.430869689661812,hard,0.22736608085107787,0.19806816651137124,0.35377013708401056,0.333086712272212
0.0,0.0,35.00532706250027,0.19474231485640384,0.6185798745250746,0.9219544457292888,0.9219544457292888,0.36660605559646714,0.9840731680114034,1.2599999999999998,35.161433417879884,14.430869689661812,hard,0.22736608085107787,0.1983429514321083,0.3542519756424655,0.3351696426822726
0.0,0.0,34.07639326876172,0.19546842990415003,0.618378312093792,0.9219544457292888,0.9219544457292888,0.36660605559646714,0.9840731680114034,1.4000000000000001,33.776850060359386,14.430869689661812,hard,0.22737330716188112,0.19849848539293874,0.3549253062579955,0.3363725431485265
0.0,0.0,27.964781588476846,0.19598832012589232,0.618421241196934,0.9219544457292888,0.9219544457292888,0.36660605559646714,0.9840731680114034,1.4000000000000001,27.778956063898445,14.430869689661812,hard,0.22737927185926837,0.1986793294067812,0.35563438355072685,0.33783629653475783
0.0,0.0,33.18138853870334,0.19655435175462052,0.6177832862693466,0.9219544457292888,0.9219544457292888,0.36660605559646714,0.9840731680114034,1.4000000000000001,33.44786988733363,14.430869689661812,hard,0.22740349546941818,0.1988078432719602,0.35614233554729496,0.3385295958704179
0.0,0.0,29.850167027625464,0.1970300643328927,0.6148227477842136,0.9219544457292888,0.9219544457292888,0.36660605559646714,0.9840731680114034,1.4000000000000001,29.155692411602917,14.430869689661812,hard,0.22743190101861938,0.19855041444779906,0.3568830754952027,0.33985204856822027
0.0,0.0,34.47850516157099,0.19748495460195248,0.6476002211226815,0.9219544457292888,0.9219544457292888,0.38418745424597095,0.9840731680114034,1.4000000000000001,34.79016527698597,14.430869689661812,hard,0.2274807898604558,0.19859080666960374,0.3573814224823288,0.34017471515813796
0.0,0.0,28.01608869082672,0.198012881989977,0.6472478917604196,0.9219544457292888,0.9219544457292888,0.38418745424597095,0.9840731680114034,1.4000000000000001,27.467100320201254,14.430869689661812,hard,0.22750894082172002,0.19871525245254382,0.357977454868562,0.3406772087500464
0.0,0.0,28.52149786128232,0.19857038702039473,0.6464175623167712,0.9219544457292888,0.9219544457292888,0.38418745424597095,0.9840731680114034,1.4000000000000001,28.513884337283827,14.430869689661812,hard,0.22752541987512614,0.19875866427695238,0.35862013052091446,0.3414067207473284
0.0,0.0,25.21016580391303,0.19896941628235354,0.6459705503154982,0.9219544457292888,0.9219544457292888,0.38418745424597095,0.9840731680114034,1.54,24.820870250658018,14.430869689661812,hard,0.22752541987512614,0.1988443941111422,0.35916718726019814,0.34195487328757596
0.0,0.0,25.36815614619373,0.19929783742214993,0.6456752081716577,0.9219544457292888,0.9219544457292888,0.38418745424597095,0.9840731680114034,1.54,23.834000923051086,14.430869689661812,hard,0.22752541987512614,0.19893687414805292,0.359758735567727,0.3421238886055537
0.0,0.0,23.625535896374615,0.19973553276702607,0.657599143802121,0.9635351576356723,0.9635351576356723,0.4,1.0215674231297707,1.54,22.201765695547735,14.430869689661812,hard,0.22752541987512614,0.19899087276583521,0.3604164716700459,0.34272126269933173
0.0,0.0,29.957002183362253,0.2003981817247227,0.6701749084442864,0.9830564581955606,0.9830564581955606,0.41424630354415964,1.0392304845413265,1.54,29.59411427970096,14.430869689661812,hard,0.22752541987512614,0.19906227253349443,0.3614053034500301,0.3433407234485634
0.0,0.0,26.47717994736755,0.20098905701693878,0.669556437478209,1.0017983829094554,1.0017983829094554,0.41424630354415964,1.0562196741208714,1.54,25.857617833048735,14.430869689661812,hard,0.22752541987512614,0.199127373774467,0.3621988421461052,0.3442658453996373
0.0,0.0,33.42135692146257,0.2014779411916907,0.6690287822317329,1.0,1.0,0.41424630354415964,1.0537551897855593,1.54,31.460222503981118,14.430869689661812,hard,0.2275325462579528,0.19919482364717211,0.3625400653908724,0.34478226643112925
0.0,0.0,38.20773444845035,0.2019793742618224,0.6791505467225616,0.9977975746613138,0.9977975746613138,0.4270831300812525,1.050904372433572,1.54,35.87812704141619,14.430869689661812,hard,0.2275325462579528,0.19922273913113314,0.3630164448205642,0.34508023826550005
0.0,0.0,48.45075413642331,0.20151365754910558,0.6610914689397601,0.9123595782365636,0.9123595782365637,0.4270831300812525,0.9651942809610923,1.54,43.02661966736406,14.430869689661812,hard,0.2275325462579528,0.19942843894156148,0.35878396966367415,0.3452628735420645
0.0,0.0,39.90160355893099,0.20185489037528606,0.6532769922594881,0.9123595782365636,0.9123595782365637,0.4270831300812525,0.9651942809610923,1.54,39.09957033012,14.430869689661812,hard,0.2275325462579528,0.19962269070862426,0.3576719026506899,0.3456081546171141
0.0,0.0,36.44642505697278,0.2023333665973738,0.6457633351303246,0.9068627239003707,0.9068627239003707,0.4270831300812525,0.9591663046625439,1.54,35.17431449225415,14.430869689661812,hard,0.2275420524075775,0.19967866033028153,0.3577885577801901,0.34559794404155203
0.0,0.0,37.550690031954154,0.20294544926878275,0.6383714770414893,0.9008884503644167,0.9008884503644167,0.4270831300812525,0.9526804291051644,0.0,34.50802225570165,14.430869689661812,hard,0.2275420524075775,0.19972968777528916,0.3572790330657609,0.3464906473901432
0.0,0.0,31.283027971794073,0.2035542867597886,0.6323121524871885,0.9008884503644167,0.9008884503644167,0.4270831300812525,0.9526804291051644,0.0,30.691112720134473,14.430869689661812,hard,0.2275420524075775,0.1997798489182781,0.35711269371956933,0.3478824998189232
0.0,0.0,30.279513874452558,0.2041010471328897,0.6267470918844562,0.9008884503644167,0.9008884503644167,0.4270831300812525,0.9526804291051644,0.0,30.395104869041,14.430869689661812,hard,0.22755033983761236,0.19987931254306593,0.3572658255971879,0.34879335827877733
0.0,0.0,30.16262566755875,0.20473942009673587,0.6171362736670855,0.9008884503644167,0.9008884503644167,0.4270831300812525,0.9526804291051644,0.0,29.881157942757174,14.430869689661812,hard,0.22734354526522457,0.1995899695450775,0.3581217376361653,0.35042649917507734
0.0,0.0,28.89708420981567,0.20517248084893278,0.614061783548114,0.9008884503644167,0.9008884503644167,0.4270831300812525,0.9526804291051644,0.0,28.654465620562533,14.430869689661812,hard,0.22735188422405614,0.1993725996620196,0.35838642864068393,0.3512106794373269
0.0,0.0,29.68567893017488,0.20531580040684178,0.6111060369309186,0.9008884503644167,0.9008884503644167,0.4270831300812525,0.9526804291051644,0.0,29.544738956369205,14.430869689661812,hard,0.2274044761819425,0.19908849101968806,0.3576845087756556,0.35222351714094574
0.0,0.0,28.885758348351864,0.20535639677119763,0.6087779564135262,0.9008884503644167,0.9008884503644167,0.4270831300812525,0.9526804291051644,0.0,28.912896776352245,14.430869689661812,hard,0.22747730020475432,0.19890096846266475,0.3571656062556362,0.3527162899137763
0.0,0.0,29.999432069517592,0.20564972583775462,0.6066145099984487,0.9008884503644167,0.9008884503644167,0.4270831300812525,0.9526804291051644,0.0,29.631064780058107,14.430869689661812,hard,0.2275032155637299,0.1988569530403694,0.35710624188551465,0.3539306617304371
0.0,0.0,37.47507290586728,0.20565156407830185,0.6047530834845651,0.9008884503644167,0.9008884503644167,0.4270831300812525,0.9526804291051644,0.0,37.59494114904292,14.430869689661812,hard,0.2275135903101698,0.19884510497186075,0.3553521977066939,0.3552116814771593
0.0,0.0,26.863012915256373,0.20526128287342582,0.6031656374629638,0.9008884503644167,0.9008884503644167,0.4270831300812525,0.9526804291051644,0.0,26.396211849430212,14.430869689661812,hard,0.22741978429436824,0.1982509858855959,0.3536800594193312,0.3559462434356422
0.0,0.0,30.55849872072901,0.2049680306788157,0.6019252328641265,0.9008884503644167,0.9008884503644167,0.4270831300812525,0.9526804291051644,0.0,30.73718269458019,14.430869689661812,hard,0.22709699093432917,0.19763508897484497,0.3518720087847837,0.35695619717984817
0.0,0.0,26.69305738111635,0.20446784570581206,0.601159555603421,0.9008884503644167,0.9008884503644167,0.4270831300812525,0.9526804291051644,0.0,26.804186240212555,14.430869689661812,hard,0.22668197837044857,0.19692270121898034,0.3505126419149119,0.35734313408069046
0.0,0.0,32.182655244494015,0.2043253988390263,0.6006428204920297,0.9008884503644167,0.9008884503644167,0.4270831300812525,0.9526804291051644,0.0,20.008008396639582,14.430869689661812,hard,0.22641201396386457,0.1967805210885213,0.3496584748271362,0.3579241993935221
0.0,0.0,36.52634739037964,0.2043428088939382,0.6001664681670167,0.9008884503644167,0.9008884503644167,0.4270831300812525,0.9526804291051644,0.0,26.97006488683333,14.430869689661812,hard,0.2262443392960165,0.196659985659563,0.3492541704922168,0.3580770933771485
0.0,0.0,33.220909630165835,0.20442290248192657,0.600063759141253,0.9008884503644167,0.9008884503644167,0.4270831300812525,0.9526804291051644,0.0,22.078369505015534,14.430869689661812,hard,0.2261800310076937,0.1965653815922188,0.34898443858079353,0.3584237905964009
0.0,0.0,32.77883498479909,0.20458999522393131,0.6001383684324407,0.8845337754998391,0.8845337754998392,0.4270831300812525,0.9871170143402452,0.0,20.99162690217221,14.430869689661812,hard,0.22609418736036438,0.19653586202749618,0.3489003324228496,0.3586959854125556
0.0,0.0,36.724003231255644,0.2046903423301929,0.599872642639759,0.8845337754998391,0.8845337754998392,0.4270831300812525,0.9871170143402452,0.0,26.538583232719866,14.430869689661812,hard,0.22601133445739371,0.19642067558469112,0.3483972942409697,0.3595478152231192
0.0,0.0,38.95038114100028,0.20438394807183777,0.5995992612299388,0.8845337754998391,0.8845337754998392,0.4270831300812525,0.9871170143402452,0.0,29.686528931486748,14.430869689661812,hard,0.22578734316008553,0.1956159280959774,0.3478416632649097,0.3602642063608225
0.0,0.0,34.81711364590067,0.2043532427024514,0.5991920406737896,0.8845337754998391,0.8845337754998392,0.4270831300812525,0.9871170143402452,0.0,20.448960853794013,14.430869689661812,hard,0.22565661476579774,0.1952278184034286,0.3475360642022843,0.3610429784100559
0.0,0.0,33.55171755803918,0.20450285566447604,0.613265779364121,0.8845337754998391,0.8845337754998392,0.4386342439892262,0.9871170143402452,0.0,22.166966414013444,14.430869689661812,hard,0.22553724151656554,0.19502042566981817,0.34724786520410045,0.3619286863240852
0.0,0.0,40.091357845845934,0.20462993717142666,0.6103827373675493,0.87840765023991,0.87840765023991,0.4386342439892262,0.98,0.0,29.127862949416663,14.430869689661812,hard,0.22553640047619064,0.1948457783297197,0.3471829480021083,0.3617631445619362
0.0,0.0,34.86501777137622,0.20456743922108658,0.6061975434953942,0.9097252332435327,0.9097252332435328,0.4386342439892262,1.0049875621120892,0.0,23.002643326365778,14.430869689661812,hard,0.22545975403191615,0.1945912627122017,0.3474007973157648,0.3615957293226331
0.0,0.0,44.79307379238271,0.20358648060480755,0.6013307417041267,0.9219544457292888,0.9219544457292888,0.4386342439892262,1.0097524449091468,0.0,33.82510310405572,14.430869689661812,hard,0.22538134866009354,0.19407533699720225,0.34640844961005246,0.3595222245450705
0.0,0.0,38.20968655142996,0.20287868233299464,0.5982452419410429,0.9219544457292888,0.9219544457292888,0.4386342439892262,1.0097524449091468,0.0,29.471077347121195,14.430869689661812,hard,0.22527391240221745,0.19382624260895706,0.3451972805430142,0.35851307994897513
0.0,0.0,39.69292030026888,0.2023994463288219,0.5959261079840369,0.9219544457292888,0.9219544457292888,0.4386342439892262,1.0097524449091468,0.0,30.98087151776076,14.430869689661812,hard,0.22520127251186794,0.19360679003509845,0.3437502349746452,0.3571420347493336
0.0,0.0,44.434397003493025,0.20174459091988792,0.5947368085443018,0.9219544457292888,0.9219544457292888,0.4386342439892262,1.0097524449091468,0.0,36.0462203289055,14.430869689661812,hard,0.22512129713257167,0.19331298750177908,0.34245272680032773,0.3560352345813152
0.0,0.0,38.14358464911794,0.20126351506850443,0.5943715365189157,0.9219544457292888,0.9219544457292888,0.4386342439892262,1.0097524449091468,0.0,29.16453325530858,14.430869689661812,hard,0.22508786481109502,0.19304428846696564,0.34158847742030835,0.3549121347214569
0.0,0.0,39.56766714562233,0.2007622446102269,0.5943334527600709,0.9219544457292888,0.9219544457292888,0.4386342439892262,1.0097524449091468,0.0,31.573666242614273,14.430869689661812,hard,0.2250510515545586,0.19264576124546728,0.340534006238644,0.3540359712595096
0.0,0.0,42.91875424757916,0.20074309664514986,0.5944980207800238,0.9219544457292888,0.9219544457292888,0.4386342439892262,1.0097524449091468,0.0,27.6736408880364,14.430869689661812,hard,0.2250306492230121,0.19266346148574906,0.3403229825168796,0.3541127171248231
0.0,0.0,47.48076008362671,0.20077856970515243,0.5943246307243207,0.9219544457292888,0.9219544457292888,0.4386342439892262,1.0097524449091468,0.0,34.51260639244738,14.430869689661812,hard,0.22501930500668652,0.19269196016237602,0.3403408546230097,0.35431245667849576
0.0,0.0,41.286329490625434,0.20089378221351015,0.6137313768987573,0.9219544457292888,0.9219544457292888,0.4915282290977803,1.0097524449091468,0.0,25.851584090728366,14.430869689661812,hard,0.22502127964558602,0.19282802892575912,0.3404105884544321,0.35428360403999265
0.0,0.0,40.56861614585625,0.20095611902912014,0.6136776556299166,0.9219544457292888,0.9219544457292888,0.4915282290977803,1.0097524449091468,0.0,23.21810500450026,14.430869689661812,hard,0.2250297769795942,0.19293124339243883,0.3405026412133704,0.35430505056077727
0.0,0.0,42.01958611091321,0.20088789661071724,0.6133840391297197,0.9219544457292888,0.9219544457292888,0.4915282290977803,1.0097524449091468,0.0,25.63001365586839,14.430869689661812,hard,0.2250297769795942,0.19289547744372454,0.3403888825457979,0.3542109262287338
0.0,0.0,45.27706876906846,0.20103401231783283,0.6131995467762246,0.9219544457292888,0.9219544457292888,0.4915282290977803,1.0097524449091468,0.0,31.14754564969767,14.430869689661812,hard,0.2250297769795942,0.19292150024008686,0.34056910766867565,0.35425684739200436
0.0,0.0,39.92348114039745,0.2009467069766511,0.6100763798606341,0.9219544457292888,0.9219544457292888,0.4915282290977803,1.0097524449091468,0.0,22.095212151052092,14.430869689661812,hard,0.22467597728584324,0.19259016033035053,0.3405191452856507,0.3542413700599037
0.0,0.0,40.69820139176758,0.20115757560551384,0.609443061948769,0.9219544457292888,0.9219544457292888,0.4915282290977803,1.0097524449091468,0.0,22.248199927185123,14.430869689661812,hard,0.22467597728584324,0.1927128881143119,0.34084885309084456,0.354231078245224
0.0,0.0,42.876694647569934,0.20128137316628267,0.6089248498309096,0.9219544457292888,0.9219544457292888,0.4915282290977803,1.0097524449091468,0.0,27.765885543234525,14.430869689661812,hard,0.22467597728584324,0.19286344842682848,0.3409775956117926,0.3539973975731549
0.0,0.0,53.115153704138706,0.20109827779321365,0.6086034106711707,0.9219544457292888,0.9219544457292888,0.4915282290977803,1.0097524449091468,0.0,42.013278853238766,14.430869689661812,hard,0.22467597728584324,0.1931131868433879,0.3405813763449276,0.35391296149388496
0.0,0.0,44.62274406361885,0.2010280328143105,0.6084450955082631,0.9219544457292888,0.9219544457292888,0.4915282290977803,1.0097524449091468,0.0,30.250289254815403,14.430869689661812,hard,0.22467597728584324,0.19315614719819799,0.3406208626103155,0.35359064175423355
0.0,0.0,49.49855323853214,0.20083162195271426,0.6080890239418102,0.9219544457292888,0.9219544457292888,0.4915282290977803,1.0097524449091468,0.0,37.52899678914959,14.430869689661812,hard,0.22467597728584324,0.19316708266671787,0.34021892696357875,0.35367973668927155
0.0,0.0,40.732477560212715,0.20081948858961718,0.6079168708612939,0.9219544457292888,0.9219544457292888,0.4915282290977803,1.0097524449091468,0.0,23.145841959194314,14.430869689661812,hard,0.22467597728584324,0.19316052247573406,0.3401429520140575,0.353745166030725
0.0,0.0,41.48073163267685,0.20122544832649827,0.6075522774323336,0.9219544457292888,0.9219544457292888,0.4915282290977803,1.0097524449091468,0.0,25.52567335057001,14.430869689661812,hard,0.22467597728584324,0.1932866845606435,0.3403784693306618,0.354138730127492
0.0,0.0,44.38130924135358,0.20120403304306453,0.6073227209139818,0.9086253353280438,0.9086253353280438,0.4915282290977803,1.0392304845413265,0.0,29.89113580980154,14.430869689661812,hard,0.22467597728584324,0.19254677133553005,0.33987343794647207,0.35426781516690176
0.0,0.0,39.04714110347592,0.20123829523561865,0.6053045867232167,0.9167333309092672,0.9167333309092672,0.4915282290977803,1.0486181383134663,0.0,19.681554816629706,14.430869689661812,hard,0.22411370128773886,0.19196386854643407,0.33979891729688577,0.3541507507106614
0.0,0.0,42.109321949654635,0.20127936128346066,0.620216838681008,0.9303762679690405,0.9303762679690405,0.5,1.0575443253121828,0.0,24.733143754888907,14.430869689661812,hard,0.22352014480657922,0.19134586158094627,0.3397571099728242,0.35399316362622973
0.0,0.0,43.57996999189201,0.20107663061118197,0.6198351000558986,0.9676776322722356,0.9676776322722356,0.5,1.0816653826391969,0.0,27.35283531921325,14.430869689661812,hard,0.222796202512721,0.19116088524135766,0.3395562951488956,0.3531624470153237
0.0,0.0,40.453240268040545,0.20089743179083705,0.6170397534060625,0.9676776322722356,0.9676776322722356,0.5,1.0816653826391969,0.0,22.04668682591559,14.430869689661812,hard,0.22226820061127486,0.19078768007954275,0.33935151298495997,0.3531826268815069
0.0,0.0,44.12877766476698,0.20024023659937748,0.6103235736473301,0.9676776322722356,0.9676776322722356,0.5,1.0816653826391969,0.0,28.674790321814037,14.430869689661812,hard,0.22116732916027695,0.1886135030589478,0.33920574220337035,0.35345749144736377
0.0,0.0,46.593233482120404,0.19976947998772518,0.6042059104271466,0.9676776322722356,0.9676776322722356,0.5,1.0816653826391969,0.0,33.780491411464105,14.430869689661812,hard,0.21996844923985057,0.18776119236425456,0.3396188435828249,0.3530810570041084
0.0,0.0,46.582291061263774,0.19893350386634953,0.5984850236677127,0.9693296652842106,0.9693296652842106,0.5,1.0772186407596185,0.0,31.573406531446683,14.430869689661812,hard,0.21855598828993075,0.18642119478372027,0.33941126018028783,0.35212988916300964
0.0,0.0,47.41348682746184,0.19823422031407004,0.5876140417028078,0.938083151964686,0.938083151964686,0.5,1.0461357464497614,0.0,32.07301669628225,14.430869689661812,hard,0.218115675269511,0.1855039776263024,0.3375843057635341,0.3524844763817714
0.0,0.0,38.93961487815087,0.19789201424727654,0.5798410516315391,0.938083151964686,0.938083151964686,0.5,1.0461357464497614,0.0,19.808977762620664,14.430869689661812,hard,0.21792681420774973,0.18457805448354478,0.33694380661545353,0.35308928639401854
0.0,0.0,39.32615258777698,0.19730725219350076,0.5727393409606084,0.938083151964686,0.938083151964686,0.5,1.0461357464497614,0.0,21.075113285579274,14.430869689661812,hard,0.21747594394607161,0.1832302841675241,0.33635838089759396,0.3535202809426059
0.0,0.0,39.35831057500178,0.19679762274501023,0.5658495683962826,0.938083151964686,0.938083151964686,0.5,1.0461357464497614,0.0,21.53398244635673,14.430869689661812,hard,0.21670409085271716,0.18239489560500993,0.3355144374373151,0.3538384760538505
0.0,0.0,51.84757711228291,0.1959536956716158,0.5586213062523251,0.938083151964686,0.938083151964686,0.5,1.0461357464497614,0.0,39.55929220802617,14.430869689661812,hard,0.21593720357758134,0.18075986627575022,0.33545014431150455,0.35382438638209834
0.0,0.0,39.54427716955719,0.19559192431246475,0.55271700889445,0.938083151964686,0.938083151964686,0.5,1.0461357464497614,0.0,20.71085705614328,14.430869689661812,hard,0.21560019446807868,0.17987014612112734,0.3356923516150705,0.35377598146983436
0.0,0.0,43.87939285791131,0.1959418602099201,0.5442905726436338,0.938083151964686,0.938083151964686,0.5,1.0461357464497614,0.0,29.082015060858488,14.430869689661812,hard,0.21560019446807868,0.17962871298261468,0.336049306965661,0.3543326288697675
0.0,0.0,45.01293248846577,0.19630830359896484,0.5416433708425493,0.938083151964686,0.938083151964686,0.5,1.0461357464497614,0.0,31.02530580026569,14.430869689661812,hard,0.21560019446807868,0.17939090558123671,0.33641134630701097,0.35468278017837235
0.0,0.0,43.88601782454145,0.1964189055919374,0.5351660785060663,0.938083151964686,0.938083151964686,0.5,1.0461357464497614,0.0,29.27294997092025,14.430869689661812,hard,0.21508207479744362,0.17862213281052283,0.33698376648562317,0.35550522982932264
0.0,0.0,39.377633576935175,0.196370102227812,0.5281478823839397,0.938083151964686,0.938083151964686,0.5,1.0461357464497614,0.0,20.477509614208465,14.430869689661812,hard,0.21466277051515992,0.17813372947184442,0.33730568822663703,0.35592270778419166
0.0,0.0,39.57773663667229,0.19642567658255589,0.5228960155288286,0.938083151964686,0.938083151964686,0.5,1.0461357464497614,0.0,20.292855885754477,14.430869689661812,hard,0.21438077648864587,0.17786524154769456,0.33770448728525654,0.356344264000324
0.0,0.0,49.80021247037271,0.1965196448971907,0.5176606540479908,0.938083151964686,0.938083151964686,0.5,1.0461357464497614,0.0,20.989149577817578,14.430869689661812,hard,0.21412618224288624,0.17764796830574392,0.33818895361291806,0.3568286558648385
0.0,0.0,50.38135456175021,0.1961501256048426,0.513372196986359,0.938083151964686,0.938083151964686,0.5,1.0461357464497614,0.0,22.415744466780485,14.430869689661812,hard,0.21384217421204985,0.17660554826820699,0.3384734914909309,0.3567265563476059
0.0,0.0,48.86022991308578,0.19594238252093793,0.5093318269533854,0.938083151964686,0.938083151964686,0.5,1.0461357464497614,0.0,17.664982309642994,14.430869689661812,hard,0.21363191821172242,0.1760869448279672,0.33867073415545756,0.3568028338997762
0.0,0.0,50.59638739674575,0.19538780677438375,0.5062294204850808,0.94847245611035,0.94847245611035,0.5,1.0897706180660223,0.0,23.514795342507234,14.430869689661812,hard,0.21151675063981895,0.1752123882099372,0.3388744938334759,0.3568950627029842
0.0,0.0,49.91767315924148,0.19528748677841873,0.5035012699987492,0.94847245611035,0.94847245611035,0.5,1.0897706180660223,0.0,21.434551546510136,14.430869689661812,hard,0.21083291549662878,0.17486124089183103,0.33910760168515625,0.3571643402680535
0.0,0.0,49.444129464214534,0.19532807621066525,0.501415255240081,0.9591663046625439,0.9591663046625439,0.5,1.0954451150103321,0.0,18.9943570567682,14.430869689661812,hard,0.21072138503470636,0.17455693791045251,0.33933189790701523,0.3574788020271844
0.0,0.0,52.16947871010797,0.1949997488777485,0.4998797353149934,0.9591663046625439,0.9591663046625439,0.5,1.123565752415051,0.0,26.44478020328397,14.430869689661812,hard,0.2104957030747352,0.17336761980645912,0.3396137616136801,0.35767229188885774
0.0,0.0,50.205735021880066,0.1950815317267587,0.49850150811081084,0.9591663046625439,0.9591663046625439,0.5,1.123565752415051,0.0,21.917116598676934,14.430869689661812,hard,0.21041825944407513,0.17303189083252785,0.33971369348631475,0.3579243749735434
0.0,0.0,48.691450446226675,0.19524567200519444,0.4976649170060279,0.9591663046625439,0.9591663046625439,0.5,1.123565752415051,0.0,16.687911792671965,14.430869689661812,hard,0.2104032988615156,0.17280514207582112,0.33980853794583593,0.35816127998195957
0.0,0.0,48.38247115835318,0.1955078541451967,0.49715065715177276,0.9591663046625439,0.9591663046625439,0.5,1.123565752415051,0.0,15.157691117053414,14.430869689661812,hard,0.21032244529114671,0.17276396503327016,0.33987068576614243,0.3587544345354282
0.0,0.0,50.6894324227129,0.19586795888951883,0.49675938689859794,0.9881295461628501,0.9881295461628501,0.5,1.1357816691600546,0.0,19.806756422998692,14.430869689661812,hard,0.2102293229033506,0.1726851251886647,0.3399535792702094,0.35860814673249003
0.0,0.0,55.7430552758751,0.19600450354667004,0.49675985665817696,0.9643650760992956,0.9643650760992956,0.5,1.1065260954898444,0.0,29.213804955876597,14.430869689661812,hard,0.20976178906248122,0.1725911559332728,0.3400359554174292,0.3568449012689401
0.0,0.0,52.79283559454746,0.19596541361028966,0.4966044323815869,0.9303762679690406,0.9303762679690406,0.5,1.0725670142233537,0.0,27.064042565736553,14.430869689661812,hard,0.2089720319527717,0.17261171336532002,0.33844527265811053,0.35678214869192754
0.0,0.0,49.75959888879337,0.1960481886630777,0.4964758294035565,0.9303762679690406,0.9303762679690406,0.5,1.0725670142233537,0.0,22.530867715203513,14.430869689661812,hard,0.2089720319527717,0.1726259557900875,0.33752002301927186,0.35672350366034516
0.0,0.0,53.208646368254435,0.19581073341151456,0.49497989889098065,0.8799999999999999,0.8799999999999999,0.5,1.019803902718557,0.0,27.382300852923226,14.430869689661812,hard,0.2089720319527717,0.17265880053241536,0.3355344076212803,0.35606831564706726
0.0,0.0,60.06987281295744,0.19594495997261874,0.4945104098472791,0.8799999999999999,0.8799999999999999,0.5,1.019803902718557,0.0,26.45600876927584,14.430869689661812,hard,0.2089720319527717,0.17270984897550762,0.3353249555999894,0.3551642357634557
0.0,0.0,60.88478717427518,0.1957112770520924,0.49444428775792815,0.8799999999999999,0.8799999999999999,0.5,1.019803902718557,0.0,29.492704182560136,14.430869689661812,hard,0.2089720319527717,0.17272805656382603,0.3337333783419479,0.3542873909357935
0.0,0.0,59.58406587564938,0.19578219055145607,0.49452882508137713,0.8799999999999999,0.8799999999999999,0.5,1.019803902718557,0.0,25.213718488156402,14.430869689661812,hard,0.2089720319527717,0.1727313513555404,0.33299378703665866,0.354379422793862
0.0,0.0,67.03723998805161,0.1958694405275071,0.49449646984887596,0.8799999999999999,0.8799999999999999,0.5,1.019803902718557,0.0,26.0239043957666,14.430869689661812,hard,0.2089720319527717,0.1727313513555404,0.33251694340429067,0.3535156001173629
0.0,0.0,66.6560116174834,0.19553609287967574,0.4944413583246078,0.8799999999999999,0.8799999999999999,0.5,1.019803902718557,0.0,25.551954915426727,14.430869689661812,hard,0.2089720319527717,0.17273911961543212,0.3309378069914385,0.3524198715777179
0.0,0.0,66.52798470714362,0.19537161187769814,0.49442011794164803,0.8799999999999999,0.8799999999999999,0.5,1.019803902718557,0.0,22.42007136473923,14.430869689661812,hard,0.2089720319527717,0.17274712867116343,0.32994711148102324,0.3519118596615936
0.0,0.0,66.37391552029149,0.19514285894097005,0.4943403963888975,0.8799999999999999,0.8799999999999999,0.5,1.019803902718557,0.0,22.259101509270312,14.430869689661812,hard,0.2089720319527717,0.1727823113370357,0.32886793543118387,0.35143989103224377
0.0,0.0,66.67648190635126,0.19482776255658832,0.4943269029283789,0.8799999999999999,0.8799999999999999,0.5,1.019803902718557,0.0,23.31609744361179,14.430869689661812,hard,0.2089720319527717,0.1728265641460314,0.32775029759125235,0.3507227013115558
0.0,0.0,69.59957550461317,0.19462320870845187,0.51785527255674,0.8799999999999999,0.8799999999999999,0.5075431016179808,1.019803902718557,0.0,33.17683529211308,14.430869689661812,hard,0.2070656521007167,0.17290491526416205,0.3271080701442028,0.34997779602194246
0.0,0.0,67.16061216841001,0.19434992347354688,0.5178296378336709,0.8799999999999999,0.8799999999999999,0.5075431016179808,1.019803902718557,0.0,25.82017815585322,14.430869689661812,hard,0.20610785969873163,0.17295869519353488,0.3260273299276604,0.34911107300531263
0.0,0.0,67.86599106443495,0.1942369725986998,0.5171457159361761,0.8799999999999999,0.8799999999999999,0.5075431016179808,1.019803902718557,0.0,27.612468198261446,14.430869689661812,hard,0.2055027705364616,0.17310975941879564,0.32579179790059043,0.34857089102337574
0.0,0.0,67.14696881254324,0.194024673928763,0.5165936629122979,0.8799999999999999,0.8799999999999999,0.5075431016179808,1.019803902718557,0.0,26.46117155380691,14.430869689661812,hard,0.20470435116917665,0.17337170373673336,0.32494278623375467,0.3482369175676735
0.0,0.0,67.57998050975375,0.19394540203357652,0.5161523743820062,0.8946507698538017,0.8946507698538017,0.5075431016179808,1.06,0.0,26.694186633048034,14.430869689661812,hard,0.20429833402622286,0.17341195477363816,0.32360443610814305,0.3488056368253925
0.0,0.0,69.32742249993952,0.19375974329434226,0.5125873684819464,0.9,0.9,0.5075431016179808,1.1173182178770737,0.0,32.88859376744467,14.430869689661812,hard,0.20327273259781678,0.17146318698200771,0.3229071548985042,0.3486896436961381
0.0,0.0,67.23983438617422,0.19364914269068795,0.5093273269594553,0.9,0.9,0.5075431016179808,1.1173182178770737,0.0,25.563450471327222,14.430869689661812,hard,0.2030786179292447,0.1705072540517238,0.32224053899818866,0.34868781129765564
0.0,0.0,67.23446898891098,0.19372704190936088,0.5069709123718624,0.9,0.9,0.5075431016179808,1.1173182178770737,0.0,25.791169031278905,14.430869689661812,hard,0.20221946024968634,0.16947087907369393,0.3221450340800633,0.3487875604090234
0.0,0.0,67.75909173167665,0.1936017543641409,0.5050852370554643,0.9130169768410663,0.9130169768410663,0.5075431016179808,1.1178550889985697,0.0,27.164867016055865,14.430869689661812,hard,0.20163690032146958,0.16865925930550138,0.32126871292212256,0.3484711502375495
0.0,0.0,68.30667286470539,0.19325498095118923,0.5048587775610466,0.9219544457292886,0.9219544457292886,0.5075431016179808,1.118033988749895,0.0,28.563865284656412,14.430869689661812,hard,0.2012305524434932,0.16808518470182107,0.31948649018643693,0.3477723873250379
0.0,0.0,74.59203859681864,0.19225590681117477,0.5044618044621829,0.9167333309092671,0.9167333309092671,0.5075431016179808,1.0992724866929036,0.0,40.999165845173,14.430869689661812,hard,0.20088038069433517,0.16807055968441417,0.3176765944997345,0.34491355633365345
0.0,0.0,67.5513991095153,0.1922193980642789,0.5042484010649497,0.9303762679690406,0.9303762679690406,0.5075431016179808,1.0983624174196784,0.0,24.443436746906112,14.430869689661812,hard,0.2007156815679936,0.16800913670641773,0.31715096269974213,0.344777951649282
0.0,0.0,67.64517431842077,0.19209696938891752,0.5040090982203368,0.9346657156438339,0.9346657156438339,0.5075431016179808,1.1135528725660044,0.0,26.123774612410052,14.430869689661812,hard,0.20041145622408732,0.16791941242773392,0.3160042889865572,0.34439130057730377
0.0,0.0,68.70272193699596,0.19179094058867555,0.5037698065209316,0.9219544457292886,0.9219544457292886,0.5075431016179808,1.0934349546269317,0.0,26.662520511009458,14.430869689661812,hard,0.20010014983853897,0.16786561109752082,0.3150639860461891,0.34291229815742685
0.0,0.0,75.10754080182673,0.18940224579614828,0.4796337637326988,0.8863407922464136,0.8863407922464136,0.5075431016179808,1.0537551897855593,0.0,42.31795836285111,14.430869689661812,hard,0.1995970800928589,0.16324355896143208,0.31034826250874253,0.3422725752990269
0.0,0.0,73.69755569327485,0.18746074576775018,0.49179144137068426,0.8863407922464136,0.8863407922464136,0.5517245689653488,1.0537551897855593,0.0,42.15647518472103,14.430869689661812,hard,0.19720943110106856,0.15988220820677945,0.3072956932302696,0.34169778133295853
0.0,0.0,78.11206131601233,0.18497735446212854,0.4799994515260412,0.8863407922464136,0.8863407922464136,0.5517245689653488,1.0537551897855593,0.0,50.59693666616587,14.430869689661812,hard,0.19670109434525643,0.15652413386487835,0.3033859332163034,0.3391411629213991
0.0,0.0,73.78433320512156,0.18290040603172023,0.4682419553718007,0.8863407922464136,0.8863407922464136,0.5517245689653488,1.0537551897855593,0.0,43.411634385265884,14.430869689661812,hard,0.1947516205075307,0.15409720835211912,0.30029664259502264,0.3375044625891288
0.0,0.0,68.45995915521414,0.18177030873957745,0.4566337916776428,0.8863407922464136,0.8863407922464136,0.5517245689653488,1.0537551897855593,0.0,30.081223379377374,14.430869689661812,hard,0.19462348674261923,0.151882880237621,0.29890818305681827,0.33653060531852724
0.0,0.0,70.07880934531046,0.18019988010912666,0.44508817451683697,0.8863407922464136,0.8863407922464136,0.5517245689653488,1.0537551897855593,0.0,34.789078746066274,14.430869689661812,hard,0.19304187710151227,0.149914365570219,0.2971070118078784,0.3356524935576368
0.0,0.0,69.55822765859064,0.1790514732623781,0.4345414072906596,0.8863407922464136,0.8863407922464136,0.5517245689653488,1.0537551897855593,0.0,33.58347808074679,14.430869689661812,hard,0.19252875517822116,0.14899934168490256,0.29453157380025613,0.3348915890384004
0.0,0.0,74.90258823658026,0.177384248642001,0.4221369843303152,0.8863407922464136,0.8863407922464136,0.5517245689653488,1.0537551897855593,0.0,44.87923350504106,14.430869689661812,hard,0.1910086594862186,0.14700686839553034,0.2926491525607833,0.3339403598534124
0.0,0.0,73.6671896074119,0.1756892475659054,0.4100631478021862,0.8863407922464136,0.8863407922464136,0.5517245689653488,1.0537551897855593,0.0,43.52854695484332,14.430869689661812,hard,0.1893042141352713,0.14489513822198088,0.2902920453539167,0.3329675006948993
0.0,0.0,70.29594021624766,0.17447687723772745,0.39821509299941654,0.8863407922464136,0.8863407922464136,0.5517245689653488,1.0537551897855593,0.0,35.576396669702234,14.430869689661812,hard,0.18789905091514075,0.14289329405557688,0.28832760841351435,0.3321248385693987
0.0,0.0,68.86308341218894,0.17362052566695493,0.3868709366788481,0.8863407922464136,0.8863407922464136,0.5517245689653488,1.0537551897855593,0.0,32.30975704025024,14.430869689661812,hard,0.18704749431020098,0.14040102896999462,0.2865236899115905,0.33184085364632093
0.0,0.0,69.96610122508962,0.1726442887899308,0.37515089092395343,0.8863407922464136,0.8863407922464136,0.5517245689653488,1.0537551897855593,0.0,35.843554511236746,14.430869689661812,hard,0.1859263660406412,0.13820353874473898,0.28534735497009717,0.33083967016927346
0.0,0.0,68.27118303626006,0.17184912775837766,0.3636253431965721,0.8863407922464136,0.8863407922464136,0.5517245689653488,1.0537551897855593,0.0,29.50050847019421,14.430869689661812,hard,0.18501636329525548,0.13663911239714674,0.2844702393048594,0.3304192100957421
0.0,0.0,68.37335156927416,0.17109723765901286,0.3516661645260919,0.8863407922464136,0.8863407922464136,0.5517245689653488,1.0537551897855593,0.0,29.849951423746074,14.430869689661812,hard,0.1844088089188441,0.1354819731533584,0.2838109135739556,0.3297337281631046
0.0,0.0,68.44448243268809,0.17025963723824164,0.33842739707878855,0.8863407922464136,0.8863407922464136,0.5517245689653488,1.0537551897855593,0.0,29.911843808097156,14.430869689661812,hard,0.18353710979558957,0.1346955441666799,0.2828535785764536,0.32928132952967626
0.0,0.0,67.94975192803184,0.16938263520984764,0.36306021014047,0.8863407922464136,0.8863407922464136,0.5571355310873648,1.0537551897855593,0.0,27.798856091573267,14.430869689661812,hard,0.18283216531377275,0.1338428690146844,0.2819192812714626,0.3291222831422955
0.0,0.0,71.5988068735141,0.1691136866939567,0.3622128509043072,0.8863407922464136,0.8863407922464136,0.5571355310873648,1.0537551897855593,0.0,35.471458949414526,14.430869689661812,hard,0.18283216531377275,0.13369761027369143,0.2812334171413376,0.32828037458642745
0.0,0.0,69.40792251788724,0.16879397709960814,0.36137606938546063,0.9219544457292886,0.9219544457292886,0.5571355310873648,1.0697663296253066,0.0,30.80158437483371,14.430869689661812,hard,0.1824558225801997,0.13325674239358473,0.28060004903678304,0.32822252608486757
0.0,0.0,70.51330604099572,0.1682495809596112,0.36048969991126745,0.9303762679690406,0.9303762679690406,0.5571355310873648,1.0665833300778707,0.0,32.81115054367951,14.430869689661812,hard,0.18144005586659118,0.133011107125762,0.28026069644088425,0.3264928026894754
0.0,0.0,68.12657282267062,0.16793591722505188,0.359198919171942,0.9724196624914575,0.9724196624914575,0.5571355310873648,1.0777754868245986,0.0,27.599717389857457,14.430869689661812,hard,0.18032097715294854,0.1329693851614649,0.28003740875526206,0.32553266856340407
0.0,0.0,72.95572304589244,0.1677023371469643,0.35825306168231724,0.9724196624914575,0.9724196624914575,0.5571355310873648,1.0777754868245986,0.0,31.53743806969742,14.430869689661812,hard,0.17946631322177645,0.13296017119633718,0.27969620096605813,0.32468055671817425
0.0,0.0,73.42387839713535,0.16756018540384948,0.34981360660692695,0.98,0.98,0.5571355310873648,1.0734989520255713,0.0,33.71908065176155,14.430869689661812,hard,0.1787789490440491,0.13275566747781967,0.2794868794532416,0.32414270893005026
0.0,0.0,71.65451566341592,0.167515136928699,0.34547106259540344,0.9871170143402452,0.9871170143402452,0.5571355310873648,1.068831137270991,0.0,27.55544229367404,14.430869689661812,hard,0.17818827643908963,0.13259187433022304,0.2794731715975163,0.32353727538455657
0.0,0.0,73.01326720284219,0.1673828869957586,0.34176104970472876,0.9871170143402452,0.9871170143402452,0.5571355310873648,1.068831137270991,0.0,29.99602640350885,14.430869689661812,hard,0.1779580791247508,0.1324768231457311,0.2794966403097767,0.32255326502987175
0.0,0.0,72.88217899029816,0.1670592508128099,0.3385293343738676,0.9871170143402452,0.9871170143402452,0.5571355310873648,1.068831137270991,0.0,30.168168655057602,14.430869689661812,hard,0.1776360233770496,0.13247181867577215,0.2792471157234924,0.3208580029849141
0.0,0.0,77.1098001402463,0.16522451750702977,0.3264998432152218,0.9734474818910367,0.9734474818910367,0.5571355310873648,1.0447966309287182,0.0,44.11495891418239,14.430869689661812,hard,0.17605759305142277,0.13080787537178581,0.27815598600427816,0.3174208156478871
0.0,0.0,72.41769179080885,0.16438169360399654,0.3140460304159535,0.9734474818910367,0.9734474818910367,0.5571355310873648,1.0447966309287182,0.0,31.955750656180804,14.430869689661812,hard,0.17496888831406882,0.13031168057361783,0.277374817091628,0.3160141704039221
0.0,0.0,73.66509237002664,0.16397305333925166,0.30120130306274895,0.9734474818910367,0.9734474818910367,0.5571355310873648,1.0447966309287182,0.0,36.095700574999235,14.430869689661812,hard,0.17373591860525825,0.13021059382073294,0.2767160426732296,0.31488617861990514
0.0,0.0,71.63370056272267,0.16321830749890226,0.2900318804357499,0.9734474818910367,0.9734474818910367,0.5571355310873648,1.0447966309287182,0.0,30.982420822137186,14.430869689661812,hard,0.17271980795760108,0.1297035701507842,0.2759774906977948,0.3136485242550346
0.0,0.0,71.1882997091649,0.16246346801580758,0.2793306704004262,0.9734474818910367,0.9734474818910367,0.5571355310873648,1.0447966309287182,0.0,29.900474912616357,14.430869689661812,hard,0.17190067733197045,0.12919505660742367,0.2752364874055464,0.312373770259314
0.0,0.0,73.68791003247298,0.16115535450520654,0.2682646919574814,0.9734474818910367,0.9734474818910367,0.5571355310873648,1.0447966309287182,0.0,35.78406908108691,14.430869689661812,hard,0.17043486797737223,0.1281196515218577,0.27429938877301113,0.3112193208830584
0.0,0.0,72.25783065803586,0.16052451303160647,0.30187380373207584,0.9734474818910367,0.9734474818910367,0.5617828762075255,1.0447966309287182,0.0,29.9739887235583,14.430869689661812,hard,0.16951907943912972,0.12781084464984635,0.2732278455087242,0.3106804368736125
0.0,0.0,71.79983837993447,0.1599650380820609,0.2947740591431165,0.9734474818910367,0.9734474818910367,0.5617828762075255,1.0447966309287182,0.0,29.208635709324046,14.430869689661812,hard,0.1690138887988838,0.12762324130046268,0.27204292207867153,0.3097497965149755
0.0,0.0,70.94323132579389,0.1593467938139087,0.28758630382857714,0.9734474818910367,0.9734474818910367,0.5617828762075255,1.0447966309287182,0.0,27.287132498670502,14.430869689661812,hard,0.16834662789542393,0.12745443583060068,0.27074589225989937,0.30883702620718984
0.0,0.0,72.9255783506176,0.15873352503389637,0.280839431310649,0.9734474818910367,0.9734474818910367,0.5617828762075255,1.0447966309287182,0.0,32.96762654483941,14.430869689661812,hard,0.16778790221199558,0.12700937977026128,0.2696141489433968,0.30779427070229387
0.0,0.0,76.99286465874152,0.1574357317667973,0.2733106709482703,0.9734474818910367,0.9734474818910367,0.5617828762075255,1.0447966309287182,0.0,42.469640921486494,14.430869689661812,hard,0.1665826019360724,0.1255645927648825,0.2686006437127807,0.3072696837197073
0.0,0.0,73.6483948770956,0.15657619494871305,0.26563771276834386,0.9734474818910367,0.9734474818910367,0.5617828762075255,1.0447966309287182,0.0,33.81003401358833,14.430869689661812,hard,0.16598995288856241,0.12503329064315982,0.26772848952122513,0.30680892112779534
0.0,0.0,73.51755818425866,0.15555072856949098,0.2598108752074677,0.9871170143402452,0.9871170143402452,0.5617828762075255,1.0770329614269007,0.0,35.28004535144477,14.430869689661812,hard,0.16241948425802175,0.12384087917425607,0.266782834686782,0.30657381130761885
0.0,0.0,72.4404438885255,0.1547723101455643,0.25464396787569404,0.9871170143402452,0.9871170143402452,0.5617828762075255,1.0770329614269007,0.0,32.03295802763148,14.430869689661812,hard,0.1604325372986334,0.12248027854784752,0.26570496919267544,0.3057585382890016
0.0,0.0,72.0823387732668,0.15414431746553486,0.24767338913768708,1.02,1.02,0.5617828762075255,1.1258774356030057,0.0,31.60878991673044,14.430869689661812,hard,0.15891049533728513,0.12056239617203685,0.2646551987615248,0.30541386717821584
0.0,0.0,73.99404202495342,0.15355971488826864,0.2420080559103084,1.02,1.02,0.5617828762075255,1.1258774356030057,0.0,36.53737264774248,14.430869689661812,hard,0.15752494230111455,0.11893139591836425,0.2634896671870112,0.3050969715235387
0.0,0.0,72.55137974595345,0.15297001796464213,0.23122733886346186,1.02,1.02,0.5617828762075255,1.1258774356030057,0.0,32.08556684866265,14.430869689661812,hard,0.156228925348925,0.11809801387245114,0.2627303954297561,0.30453651416484867
0.0,0.0,70.88246590806298,0.15258459316224168,0.2712931792209112,1.02,1.02,0.6000000000000001,1.1258774356030057,0.0,27.38542678141058,14.430869689661812,hard,0.15521516640837763,0.117309726387281,0.26210572454715525,0.30448694870703247
0.0,0.0,73.58858680998274,0.1520387666144421,0.2644262445582601,1.02,1.02,0.6000000000000001,1.1258774356030057,0.0,34.34589349543843,14.430869689661812,hard,0.15443623641413565,0.11642621610340316,0.26150182033889735,0.3037310121423497
0.0,0.0,72.62031614299225,0.1516296677592868,0.2577659807400038,1.02,1.02,0.6000000000000001,1.1258774356030057,0.0,30.605228311515663,14.430869689661812,hard,0.15383271484625763,0.11584569080235477,0.2610243674378002,0.3036698515481003
0.0,0.0,75.58604536349785,0.15105337500197957,0.2549291387068469,1.02,1.02,0.6000000000000001,1.1258774356030057,0.0,38.41887556917823,14.430869689661812,hard,0.15262989659322876,0.11382621267730056,0.26045697354143,0.3036535365928776
0.0,0.0,74.67767371364889,0.15058004239369233,0.2534695098556803,1.012719112093773,1.012719112093773,0.6000000000000001,1.1377170122662312,0.0,35.61442965990049,14.430869689661812,hard,0.15134517356315305,0.1112056081460381,0.26007793163622706,0.30386277301527176
0.0,0.0,71.8754103839362,0.15024008617662224,0.2528471851108784,1.02,1.02,0.6000000000000001,1.1315476127852506,0.0,29.196773794376664,14.430869689661812,hard,0.15058797844937413,0.1104613713172603,0.259862019989089,0.30383795279803494
0.0,0.0,72.5635873477288,0.14979650479735707,0.2514728587759358,1.02,1.02,0.6000000000000001,1.1315476127852506,0.0,28.38097954616789,14.430869689661812,hard,0.15006311746944692,0.11006858690155054,0.2595865611945008,0.3037954985825891
0.0,0.0,71.36070384505429,0.14955351648509344,0.2492878441918885,1.02,1.02,0.6000000000000001,1.1315476127852506,0.0,24.534261757794955,14.430869689661812,hard,0.14948404620709788,0.1098744461742484,0.25955837612598287,0.3034639001402089
0.0,0.0,70.98981389011833,0.14928253818082504,0.24265375953927396,1.02,1.02,0.6000000000000001,1.1315476127852506,0.0,25.40091336940465,14.430869689661812,hard,0.14886779805067374,0.10972067018468078,0.2595503649140108,0.303146275913523
0.0,0.0,72.7124472666253,0.14893097133898073,0.23780926665045177,1.0071742649611337,1.0071742649611337,0.6000000000000001,1.1070682002478438,0.0,29.264066703040438,14.430869689661812,hard,0.14834213691299006,0.1096893000835954,0.2595282830222312,0.30089115412737066
0.0,0.0,72.95429515806073,0.14811435493188224,0.22069714662657208,0.9734474818910366,0.9734474818910366,0.6000000000000001,1.0630145812734648,0.0,30.154270012719596,14.430869689661812,hard,0.14817414924451225,0.10963901178520585,0.25631331116208256,0.30033945459962214
0.0,0.0,70.73967438845773,0.1477644901506021,0.21173185065282574,0.9734474818910366,0.9734474818910366,0.6000000000000001,1.0630145812734648,0.0,24.061263474722185,14.430869689661812,hard,0.14817414924451225,0.10961801042756732,0.255124167911553,0.30028866819809696
0.0,0.0,71.56888981206586,0.14739590969764949,0.20366507114482002,0.9734474818910366,0.9734474818910366,0.6000000000000001,1.0630145812734648,0.0,27.65320234620215,14.430869689661812,hard,0.14814632869274408,0.10961062311033623,0.2540526276807219,0.299521721986228
0.0,0.0,71.49011670912698,0.14706331861860236,0.19492173573631416,0.9734474818910366,0.9734474818910366,0.6000000000000001,1.0630145812734648,0.0,27.249337606628163,14.430869689661812,hard,0.14813946783565146,0.10956882141999165,0.2528139714314243,0.29866543467297346
0.0,0.0,70.51389858978523,0.14681536660602074,0.18878560880392695,0.9734474818910366,0.9734474818910366,0.6000000000000001,1.0630145812734648,0.0,22.53491513185705,14.430869689661812,hard,0.14813264470142187,0.10958420271045748,0.2519621003067201,0.2980044947051425
0.0,0.0,70.21107062756414,0.14657114487669176,0.2845810845294579,0.9734474818910366,0.9734474818910366,0.6374950980203691,1.0630145812734648,0.0,22.19491833731316,14.430869689661812,hard,0.14813264470142187,0.10957924302217809,0.25108708693953347,0.29749315558967765
0.0,0.0,71.44118266058777,0.1461983937715729,0.2806746012406863,0.9734474818910366,0.9734474818910366,0.6374950980203691,1.0630145812734648,0.0,25.379716310471245,14.430869689661812,hard,0.14813264470142187,0.1095682954399211,0.24973708476848056,0.29724196870767855
0.0,0.0,70.97131990622486,0.14585991219775313,0.2774188124228472,0.9734474818910366,0.9734474818910366,0.6374950980203691,1.0630145812734648,0.0,24.36342340476806,14.430869689661812,hard,0.14813264470142187,0.10953384387679349,0.24877251812148093,0.2970797783651411
0.0,0.0,71.02485926018589,0.14544054462507428,0.2750986212862596,0.9734474818910366,0.9734474818910366,0.6374950980203691,1.0630145812734648,0.0,24.741261083461367,14.430869689661812,hard,0.14814062904601064,0.10942476390497631,0.2476495430238956,0.29704719064641916
0.0,0.0,75.67523718167942,0.1451002948630603,0.2730501531255402,0.9734474818910366,0.9734474818910366,0.6374950980203691,1.0630145812734648,0.0,37.208257148111635,14.430869689661812,hard,0.14818111904572365,0.10946277156570604,0.2463236982460483,0.29721468341705387
0.0,0.0,72.0896613151652,0.1447951097530492,0.27049705596509355,0.9734474818910366,0.9734474818910366,0.6374950980203691,1.0630145812734648,0.0,28.465143597038118,14.430869689661812,hard,0.1482908209401432,0.10951667276544062,0.24559563086777594,0.2975930567858628
0.0,0.0,71.12794295173408,0.14452272726732007,0.2689940431954288,1.0071742649611335,1.0071742649611335,0.6374950980203691,1.1106754701531856,0.0,24.92331438633313,14.430869689661812,hard,0.1479170855923268,0.10953616314603741,0.2448719977666844,0.297972846284384
0.0,0.0,72.87050214034281,0.14426497479083425,0.26814670380728844,1.0071742649611335,1.0071742649611335,0.6374950980203691,1.1106754701531856,0.0,31.340223355936693,14.430869689661812,hard,0.14743056764826676,0.10942336370716994,0.2432531157369269,0.2983914369703053
0.0,0.0,72.54349459037839,0.14435616143354693,0.26714422584630704,1.0071742649611335,1.0071742649611335,0.6374950980203691,1.1106754701531856,0.0,28.0839883207496,14.430869689661812,hard,0.14731899204969173,0.10942336370716994,0.2429934043352277,0.29894580916843133
0.0,0.0,72.22361128772762,0.14439433889711922,0.3362720877406835,0.9734474818910366,0.9734474818910366,0.698856208386246,1.1385956261992227,0.0,28.98772843808221,14.430869689661812,hard,0.1471336172878253,0.10942721959472111,0.24247696590059814,0.2996695242863706
0.0,0.0,71.15447792623543,0.14446633042652943,0.33530001365731565,0.9734474818910366,0.9734474818910366,0.698856208386246,1.1385956261992227,0.0,24.050580034585447,14.430869689661812,hard,0.14709663021980005,0.10933064304651388,0.24233400795974985,0.30018371956747986
0.0,0.0,71.51134749592043,0.14460472255401813,0.3673143801853918,0.9734474818910366,0.9734474818910366,0.72773621594641,1.1385956261992227,0.0,24.71618902662787,14.430869689661812,hard,0.14705967249817395,0.10932741069862058,0.24229807529880912,0.3007291179461147
0.0,0.0,71.99632103852838,0.14472304061628263,0.36610906118067577,0.9734474818910366,0.9734474818910366,0.72773621594641,1.1385956261992227,0.0,23.4706284534522,14.430869689661812,hard,0.14705967249817395,0.10932741069862058,0.24230832110756798,0.30117365920598244
0.0,0.0,71.38895328034789,0.14483395016913883,0.3646303513785484,1.0071742649611335,1.0071742649611335,0.72773621594641,1.1482160075525858,0.0,22.135663531956748,14.430869689661812,hard,0.14705967249817395,0.10932741069862058,0.24233107563780648,0.3016627930200334
0.0,0.0,71.14253030032457,0.14494321381841774,0.36374809978317163,1.000199980003999,1.000199980003999,0.72773621594641,1.157410903698423,0.0,21.705298892206024,14.430869689661812,hard,0.14705967249817395,0.10932741069862058,0.2423554785036322,0.3021278668599887
0.0,0.0,71.1032853754177,0.1450340225152411,0.36193371050103473,1.000199980003999,1.000199980003999,0.72773621594641,1.157410903698423,0.0,21.456942932300493,14.430869689661812,hard,0.14705967249817395,0.10932741069862058,0.24233766522015898,0.30247101562242534
0.0,0.0,71.45634465477535,0.14510519212478162,0.3596999318359475,1.000199980003999,1.000199980003999,0.72773621594641,1.157410903698423,0.0,20.613597454107808,14.430869689661812,hard,0.14705967249817395,0.10932741069862058,0.242343384606836,0.30277691803993556
0.0,0.0,71.91495937021502,0.14492173777616,0.35756609846375514,0.9871170143402451,0.9871170143402451,0.72773621594641,1.131370849898476,0.0,22.125722587070463,14.430869689661812,hard,0.14705967249817395,0.10932741069862058,0.24232125100388888,0.3018671546034099
0.0,0.0,70.97378370085393,0.14470824207537758,0.3546315390133183,0.9871170143402451,0.9871170143402451,0.72773621594641,1.131370849898476,0.0,23.022458600245113,14.430869689661812,hard,0.14705967249817395,0.10932741069862058,0.24186187485559787,0.30122766964795383
0.0,0.0,71.23333466414003,0.14443098864379655,0.3528583201266646,0.9871170143402451,0.9871170143402451,0.72773621594641,1.131370849898476,0.0,23.08229624625765,14.430869689661812,hard,0.14705967249817395,0.10932741069862058,0.24091470912307691,0.30083332245282024
0.0,0.0,57.96942976355929,0.14389362496094052,0.3523444251440903,0.9526804291051644,0.9526804291051644,0.72773621594641,1.0860939185908371,0.0,21.903506568583943,14.430869689661812,hard,0.14705967249817395,0.10932741069862058,0.23903792636580906,0.30036803725388717
