step,timestamp,reward,coverage,cov_trace,altitude,alt_idx,loop_closures,altitude_changes,frontier_count,new_cells,map_seed,difficulty,cov_alt0,cov_alt1,cov_alt2,cov_alt3
0.0,0.0,44.2613279977188,0.00834418055831906,0.02762775328354078,0.0,0.0,0.0,0.0,0.0,44.03010333851148,14.430869689661812,hard,0.027956069042062933,0.014533040488282035,0.0,0.0
0.0,0.0,39.76318304830221,0.010743915928392944,0.055769512970411425,0.0,0.0,0.0,0.0,0.0,40.12123627207915,14.430869689661812,hard,0.033978683807224554,0.016878813668410222,0.0,0.0
0.0,0.0,38.56946145298211,0.013468472740096573,0.09130019185576999,0.0,0.0,0.0,0.0,0.0,38.19592124821707,14.430869689661812,hard,0.04011982583683257,0.020285360006637547,0.0,0.0
0.0,0.0,35.37107073300686,0.01541225503372483,0.12332930102139922,0.0,0.0,0.0,0.0,0.0,34.71774186205088,14.430869689661812,hard,0.04481799716082541,0.023327299192880725,0.0,0.0
0.0,0.0,46.54941093922532,0.018041668642738932,0.15288162778892536,0.0,0.0,0.0,0.0,0.0,46.1564123389156,14.430869689661812,hard,0.050538082719285685,0.027611473792463873,0.0,0.0
0.0,0.0,50.24241047265833,0.020585575050571847,0.1820852796055086,0.0,0.0,0.0,0.0,0.0,50.147179382294276,14.430869689661812,hard,0.056379603724676326,0.032351209106666064,0.0,0.0
0.0,0.0,45.30286860163772,0.023901169574596388,0.2151572099093547,0.0,0.0,0.0,0.0,0.0,44.597493203093826,14.430869689661812,hard,0.06456892476303125,0.037728681869899965,0.0,0.0
0.0,0.0,54.42909800407836,0.02766237918355181,0.24848126341830418,0.0,0.0,0.0,0.0,0.0,53.82912222951439,14.430869689661812,hard,0.07368266209284886,0.04367691800837618,0.0,0.0
0.0,0.0,51.47729250841659,0.03146734563888499,0.28173624958741744,0.0,0.0,0.0,0.0,0.0,51.053838249440176,14.430869689661812,hard,0.0817620285081559,0.050958148584533375,0.0,0.0
0.0,0.0,40.46731874216741,0.03415096291839517,0.3152332142431263,0.0,0.0,0.0,0.0,0.0,40.17330456907921,14.430869689661812,hard,0.08756802346455549,0.055938137842589344,0.0,0.0
0.0,0.0,38.30806574971457,0.036470040150739805,0.34541623697123003,0.0,0.0,0.0,0.0,0.0,37.64140805017794,14.430869689661812,hard,0.09305989039244175,0.05986245340700487,0.0,0.0
0.0,0.0,43.577437211636635,0.038609042829180776,0.37506596032398604,0.0,0.0,0.0,0.0,0.0,43.149790266002455,14.430869689661812,hard,0.09648917118667606,0.0650216246303218,0.0,0.0
0.0,0.0,49.184856203265795,0.04086087408614932,0.40199441141268866,0.0,0.0,0.0,0.0,0.0,48.88895171713134,14.430869689661812,hard,0.10012477068506591,0.07039021968852341,0.0,0.0
0.0,0.0,48.06969831629534,0.04370606344687393,0.4276840178232006,0.0,0.0,0.0,0.0,0.0,47.55182856631278,14.430869689661812,hard,0.10575513758166911,0.07630342667715379,0.0,0.0
0.0,0.0,42.77671178827149,0.046552288201695914,0.45229393518827893,0.0,0.0,0.0,0.0,0.0,42.316072596591475,14.430869689661812,hard,0.11214789513606675,0.08120232450694077,0.0,0.0
0.0,0.0,36.97214986539899,0.0492791813168009,0.48096446313300995,0.0,0.0,0.0,0.0,0.0,36.68950803703969,14.430869689661812,hard,0.11792350122395023,0.08657560019899117,0.0,0.0
0.0,0.0,34.48389931132381,0.05182587154177175,0.5093408749927274,0.0,0.0,0.0,0.0,0.0,34.12820534396733,14.430869689661812,hard,0.1242324167216325,0.09059644374595194,0.0,0.0
0.0,0.0,35.47720962156453,0.05380585637997524,0.5385799534276701,0.0,0.0,0.0,0.0,0.0,35.175337951468215,14.430869689661812,hard,0.12881140425981816,0.09400086558818611,0.0,0.0
0.0,0.0,38.186882241246316,0.05561625892564011,0.5670617764514997,0.0,0.0,0.0,0.0,0.0,37.53716025487277,14.430869689661812,hard,0.1328212754788583,0.09741783807514527,0.0,0.0
0.0,0.0,35.78511816047596,0.05800526692521482,0.5967728463361763,0.0,0.0,0.0,0.0,0.0,35.31656268664888,14.430869689661812,hard,0.13773715836486525,0.10231046234363289,0.0,0.0
0.0,0.0,124.05343378569215,0.06820421565125506,0.6872591060600612,0.4935585071701226,0.4935585071701226,0.0,0.4935585071701226,0.0,113.83280546485709,14.430869689661812,hard,0.13889130318223314,0.11741391577545236,0.02993295619034738,0.0
0.0,0.0,67.7040655869993,0.07357153037042859,0.7203709752142473,0.4935585071701226,0.4935585071701226,0.0,0.4935585071701226,0.0,67.2835224999405,14.430869689661812,hard,0.14086434285801044,0.12865923608840005,0.03935696467898427,0.0
0.0,0.0,55.83859183942561,0.07790710268480368,0.7534551690326068,0.4935585071701226,0.4935585071701226,0.0,0.4935585071701226,0.0,55.359682080011986,14.430869689661812,hard,0.14251982526339035,0.13757494241838134,0.04740304413247847,0.0
0.0,0.0,43.417172818077304,0.08093272515171565,0.782710991989542,0.4935585071701226,0.4935585071701226,0.0,0.4935585071701226,0.0,43.51654398042198,14.430869689661812,hard,0.14485749262848358,0.14360034846265565,0.05211940161730258,0.0
0.0,0.0,49.63710212884184,0.08459014981904085,0.8151379297500967,0.4935585071701226,0.4935585071701226,0.0,0.4935585071701226,0.0,49.959283421602436,14.430869689661812,hard,0.14707904979755218,0.15063403125310962,0.05762902929725742,0.0
0.0,0.0,65.6001784175746,0.08955354724760806,0.8476389294576033,0.4935585071701226,0.4935585071701226,0.0,0.4935585071701226,0.0,65.0604518889932,14.430869689661812,hard,0.15093603041215964,0.15904361980834256,0.06609626832394969,0.0
0.0,0.0,50.186699378067175,0.09346891846713648,0.8780391181392935,0.4935585071701226,0.4935585071701226,0.0,0.4935585071701226,0.0,49.71745769847851,14.430869689661812,hard,0.15338373446600165,0.16704318365213897,0.07214936097568231,0.0
0.0,0.0,50.68556741900036,0.09723297895802074,0.9074569088450745,0.4935585071701226,0.4935585071701226,0.0,0.4935585071701226,0.0,50.438080851673966,14.430869689661812,hard,0.15665977192200636,0.17369868446081455,0.0779795471380111,0.0
0.0,0.0,50.27618863168823,0.1009090542588834,0.9382890819529797,0.4935585071701226,0.4935585071701226,0.0,0.4935585071701226,0.0,50.06885259320409,14.430869689661812,hard,0.1594824254338057,0.180073805183205,0.08386347819518562,0.0
0.0,0.0,54.52100270537469,0.10525034868861011,0.967310010511027,0.4935585071701226,0.4935585071701226,0.0,0.4935585071701226,0.0,53.87524849130628,14.430869689661812,hard,0.1637752227753719,0.18771851872257767,0.08974838367461344,0.0
0.0,0.0,50.85830934115388,0.10941476197106964,0.9973225698932094,0.4935585071701226,0.4935585071701226,0.0,0.4935585071701226,0.0,50.83912273043271,14.430869689661812,hard,0.16818994592824138,0.19447018410869013,0.09552442195933726,0.0
0.0,0.0,60.91184104167917,0.11459311338788383,1.030802584379214,0.4935585071701226,0.4935585071701226,0.0,0.4935585071701226,0.0,59.65098825669194,14.430869689661812,hard,0.17294833381363728,0.2035219441025991,0.10263854172595059,0.0
0.0,0.0,48.32456062025411,0.11854321401393692,1.0628368733887683,0.4935585071701226,0.4935585071701226,0.0,0.4935585071701226,0.0,48.45782083420591,14.430869689661812,hard,0.17683990877768627,0.2103749129248676,0.10856234015017456,0.0
0.0,0.0,51.55930845961377,0.12255822198154921,1.0943076002852994,0.4935585071701226,0.4935585071701226,0.0,0.4935585071701226,0.0,50.10622316638922,14.430869689661812,hard,0.1800055640124782,0.21761620336234855,0.11510907314202969,0.0
0.0,0.0,50.20342350234913,0.12618660738100942,1.1261099026541779,0.4935585071701226,0.4935585071701226,0.0,0.4935585071701226,0.0,48.14619818843436,14.430869689661812,hard,0.18417278731995376,0.22341985161696024,0.12032572295139618,0.0
0.0,0.0,49.283186793167474,0.13034367829629362,1.160012679948671,0.4935585071701226,0.4935585071701226,0.0,0.4935585071701226,0.0,49.650780457108624,14.430869689661812,hard,0.18959737544117508,0.2286922341956668,0.1257286250584228,0.0
0.0,0.0,57.20519367635354,0.13496466797178885,1.1923825297378374,0.4935585071701226,0.4935585071701226,0.0,0.4935585071701226,0.0,54.48986694790142,14.430869689661812,hard,0.19440920713232301,0.2357496627380337,0.13270718876024815,0.0
0.0,0.0,58.093247813305915,0.13954450936492896,1.2247861258707196,0.4935585071701226,0.4935585071701226,0.0,0.4935585071701226,0.0,56.02035701421404,14.430869689661812,hard,0.19936273135205307,0.24261212504649335,0.13912279096312694,0.0
0.0,0.0,52.72229410443412,0.14344728236014825,1.2575030228565085,0.4935585071701226,0.4935585071701226,0.0,0.4935585071701226,0.0,49.27623768105678,14.430869689661812,hard,0.20350057621273707,0.24862751176048903,0.14523777581052424,0.0
0.0,0.0,49.09154987749285,0.14716558966617438,1.2902183896384596,0.4935585071701226,0.4935585071701226,0.0,0.4935585071701226,0.0,45.07757313786979,14.430869689661812,hard,0.20780933459343198,0.25360232848616554,0.15101259218197002,0.0
0.0,0.0,36.3214580473704,0.15008668484420326,1.3218819156653465,0.4935585071701226,0.4935585071701226,0.0,0.4935585071701226,0.0,35.98004446912205,14.430869689661812,hard,0.21058020202530744,0.25774018288894573,0.15608246478955684,0.0
0.0,0.0,111.20980328464665,0.16016884635380088,1.3982990362048464,0.9442457307290301,0.9442457307290301,0.0,0.9442457307290301,0.0,100.27630627421415,14.430869689661812,hard,0.21077836276591919,0.25876069402939245,0.17138070501131036,0.02759156140807779
0.0,0.0,44.513548120837825,0.1641928307308966,1.4150333517120737,0.9442457307290301,0.9442457307290301,0.0,0.9442457307290301,0.0,44.17809864627494,14.430869689661812,hard,0.21114983000721338,0.25997870849991334,0.18047709581942806,0.03318839484565372
0.0,0.0,31.13818795062294,0.1668784140345887,1.4216012198555505,0.9442457307290301,0.9442457307290301,0.0,0.9442457307290301,0.0,31.278721201481368,14.430869689661812,hard,0.21165949745211718,0.261320165464193,0.185604241793845,0.037597714249679545
0.0,0.0,50.37737489536817,0.17098264571194066,1.428151405871519,0.9442457307290301,0.9442457307290301,0.0,0.9442457307290301,0.0,50.54949653557392,14.430869689661812,hard,0.21210629192754243,0.264821429355107,0.1923680888486356,0.044219133058737384
0.0,0.0,58.819091781369785,0.17498403714947672,1.4382369882021944,0.9314504817756015,0.9314504817756014,0.0,0.9314504817756014,0.0,55.33136542685351,14.430869689661812,hard,0.2121928696568736,0.2681281556405425,0.19655245227221266,0.051394176028351855
0.0,0.0,39.041334997506866,0.17816342732063734,1.4456456774778568,0.9314504817756015,0.9314504817756014,0.0,0.9314504817756014,0.0,39.22042325115832,14.430869689661812,hard,0.2122869031597508,0.2700449047313125,0.20042416425420623,0.058479806639166056
0.0,0.0,49.78656929189523,0.1823612737878731,1.4535004618289746,0.9314504817756015,0.9314504817756014,0.0,0.9314504817756014,0.0,49.811167422577036,14.430869689661812,hard,0.2122951039816336,0.27257143764197916,0.20759648669035707,0.06651141150737479
0.0,0.0,48.686959253952814,0.18635922783449252,1.458910770736913,0.9314504817756015,0.9314504817756014,0.0,0.9314504817756014,0.0,48.543654580181745,14.430869689661812,hard,0.21326680577005624,0.27479756941856254,0.21506536045272304,0.0728176938384398
0.0,0.0,49.9200935649249,0.19014093612718788,1.4634344534407917,0.9314504817756015,0.9314504817756014,0.0,0.9314504817756014,0.0,44.86882659486428,14.430869689661812,hard,0.21374083286900017,0.2767283596766377,0.22369853090773567,0.07786026608755835
0.0,0.0,38.722814705806115,0.192964044799452,1.4668139550392805,0.9314504817756015,0.9314504817756014,0.0,0.9314504817756014,0.0,37.908816916385035,14.430869689661812,hard,0.2144616763898558,0.2774682313176268,0.22953253142484809,0.08266483131707406
0.0,0.0,36.04661806111107,0.19512893236680265,1.4702153626758083,0.9314504817756015,0.9314504817756014,0.0,0.9314504817756014,0.0,35.42693325705741,14.430869689661812,hard,0.2150897685187445,0.27793728241471294,0.23424917325313804,0.0863566484908686
0.0,0.0,42.27353633331518,0.19799993519386358,1.4737927048509392,0.9314504817756015,0.9314504817756014,0.0,0.9314504817756014,0.0,42.30559773836082,14.430869689661812,hard,0.21554032867395978,0.2792920987119489,0.2407129293395871,0.0904606816391979
0.0,0.0,41.67272222844803,0.20109468298964525,1.4771711633340256,0.9314504817756015,0.9314504817756014,0.0,0.9314504817756014,0.0,41.59194633579919,14.430869689661812,hard,0.21572886939479366,0.2799852591048964,0.24761677533916895,0.09554576517948542
0.0,0.0,42.046307384325225,0.20445857097838563,1.4786858791528195,0.9314504817756015,0.9314504817756014,0.0,0.9314504817756014,0.0,41.83969407153929,14.430869689661812,hard,0.21599109175817943,0.2815255756403999,0.25373616341489197,0.10191671163677664
0.0,0.0,33.90176543697402,0.20695010586030338,1.4800913377400746,0.9314504817756015,0.9314504817756014,0.0,0.9314504817756014,0.0,34.157189579940564,14.430869689661812,hard,0.2162492484460089,0.2834776696821236,0.2571975124742117,0.10654124262766385
0.0,0.0,25.206216718448598,0.20876629873195104,1.481750614301291,0.9314504817756015,0.9314504817756014,0.0,0.9314504817756014,0.0,24.68735708819395,14.430869689661812,hard,0.21629050743503173,0.28464492352858817,0.2600522428420172,0.10996008655108155
0.0,0.0,46.2992626513776,0.21091459945191515,1.4836527820258805,0.9314504817756015,0.9314504817756014,0.0,0.9314504817756014,0.0,45.698179394807404,14.430869689661812,hard,0.21666901578427575,0.28676111232441825,0.2630558170283006,0.1138742433065926
0.0,0.0,38.08785941383819,0.21312731469160093,1.4857667101070053,0.9314504817756015,0.9314504817756014,0.0,0.9314504817756014,0.0,37.908394848634785,14.430869689661812,hard,0.21668029072179465,0.28844345164630425,0.26667094137421293,0.11788991096989478
0.0,0.0,42.07879805349603,0.21628054755739246,1.4879750795491433,0.9314504817756015,0.9314504817756014,0.0,0.9314504817756014,0.0,41.70414367901588,14.430869689661812,hard,0.21712174340563256,0.2905784178633319,0.270830938062612,0.1250122602594327
0.0,0.0,44.55941754215855,0.21890139008109927,1.4904089626788288,0.9314504817756015,0.9314504817756014,0.0,0.9314504817756014,0.0,43.067964892713476,14.430869689661812,hard,0.21728920288527173,0.29289907272294113,0.2748975009832063,0.12993952863679542
0.0,0.0,35.60125935559351,0.22088669023955898,1.493122860817138,0.9314504817756015,0.9314504817756014,0.0,0.9314504817756014,0.0,35.90166569951874,14.430869689661812,hard,0.2177377506245797,0.2948465074560119,0.2782275224069797,0.13292574236841753
0.0,0.0,69.49450037872197,0.22557349326978784,1.5011462583229123,1.2245815611873307,1.2245815611873307,0.0,1.2245815611873307,0.0,62.083414854532606,14.430869689661812,hard,0.21893528241722365,0.29553197074420734,0.2805857974531928,0.14681886786363585
0.0,0.0,40.97613521947345,0.2289501695331775,1.5065292880773011,1.2245815611873307,1.2245815611873307,0.0,1.2245815611873307,0.0,40.625391075040746,14.430869689661812,hard,0.2197070305140587,0.2966599988744322,0.2831072900421206,0.15702817137140157
0.0,0.0,32.91450843991937,0.23153064788822705,1.512178798973792,1.2245815611873307,1.2245815611873307,0.0,1.2245815611873307,0.0,32.49861535511936,14.430869689661812,hard,0.22045828336512965,0.2975250132112386,0.28576897816110497,0.16423033342948307
0.0,0.0,36.35391901925378,0.23379830517758077,1.5142460569195912,1.2245815611873307,1.2245815611873307,0.0,1.2245815611873307,0.0,35.9950496596407,14.430869689661812,hard,0.220137121179089,0.29809905529251585,0.28874527955276086,0.17136861098085723
0.0,0.0,58.944563427162535,0.2367736100679251,1.5155895923669052,1.2395160345876934,1.2395160345876934,0.0,1.2395160345876934,0.0,54.77042997822822,14.430869689661812,hard,0.220137121179089,0.29820408796992076,0.292436785893298,0.17610492615376114
0.0,0.0,37.48489030908308,0.23967753511218426,1.5170009244222036,1.2395160345876934,1.2395160345876934,0.0,1.2395160345876934,0.0,37.42004275785906,14.430869689661812,hard,0.220137121179089,0.29828088753189197,0.29574272717715294,0.1848505740029121
0.0,0.0,35.33285686922707,0.24243573770938606,1.518548696632996,1.2395160345876934,1.2395160345876934,0.0,1.2395160345876934,0.0,34.97173716016979,14.430869689661812,hard,0.220137121179089,0.2984035865158808,0.2998117734462541,0.1914170157297178
0.0,0.0,35.27785707498166,0.2450909686497734,1.5184182587879274,1.2395160345876934,1.2395160345876934,0.0,1.2395160345876934,0.0,35.288094309554324,14.430869689661812,hard,0.21977984973904072,0.2981702038055601,0.3039998580796308,0.1985560762477998
0.0,0.0,36.29464799840528,0.24752803193393771,1.518708926355773,1.2395160345876934,1.2395160345876934,0.0,1.2395160345876934,0.0,33.964122246865145,14.430869689661812,hard,0.21957288237217876,0.2980596503566507,0.3074046310704102,0.2053362632485415
0.0,0.0,35.75071318463066,0.24971034531027858,1.51859697219321,1.2395160345876934,1.2395160345876934,0.0,1.2395160345876934,0.0,35.33117037404789,14.430869689661812,hard,0.21864537484327456,0.29788956326365007,0.3114570011902279,0.21061385216996187
0.0,0.0,38.79015569733308,0.252004258547481,1.5169795362868757,1.2395160345876934,1.2395160345876934,0.0,1.2395160345876934,0.0,39.05106400599092,14.430869689661812,hard,0.2178414166780369,0.2986206142796108,0.31456909836949454,0.21633695090754732
0.0,0.0,45.08220342155063,0.25474003847287435,1.5154577801955393,1.2395160345876934,1.2395160345876934,0.0,1.2395160345876934,0.0,44.3124767983014,14.430869689661812,hard,0.2171681220828754,0.2991210487628814,0.32013318187537465,0.22104026946422733
0.0,0.0,35.70034215457897,0.2566576579646702,1.5138942686768302,1.2395160345876934,1.2395160345876934,0.0,1.2395160345876934,0.0,32.01197276020333,14.430869689661812,hard,0.21687476509125653,0.3001009738396875,0.32320882119780237,0.2248461063474076
0.0,0.0,41.74771985761057,0.25911544633620687,1.5124994059933587,1.2395160345876934,1.2395160345876934,0.0,1.2395160345876934,0.0,41.62741404411281,14.430869689661812,hard,0.2166694300632554,0.30114851296274575,0.32689007436102635,0.23025793741666056
0.0,0.0,30.611754829655695,0.2608185387530017,1.5112207444084527,1.2395160345876934,1.2395160345876934,0.0,1.2395160345876934,0.0,30.05547537471334,14.430869689661812,hard,0.21644625448430643,0.3020047439690046,0.32916772658795534,0.23426155165225557
0.0,0.0,25.27674203807736,0.2621971353251938,1.5101028572520496,1.2395160345876934,1.2395160345876934,0.0,1.2395160345876934,0.0,25.058683125814888,14.430869689661812,hard,0.21626658082670305,0.3028997116101285,0.33089664123045764,0.23733344602577813
0.0,0.0,38.23737783174297,0.26358122419020746,1.50912453668377,1.2395160345876934,1.2395160345876934,0.0,1.2395160345876934,0.0,37.839603592003975,14.430869689661812,hard,0.21599414127962646,0.3034385547953224,0.33396737326384635,0.2395087747345906
0.0,0.0,34.266125608034834,0.265440279796883,1.5081349298245832,1.2395160345876934,1.2395160345876934,0.0,1.2395160345876934,0.0,33.450476827692604,14.430869689661812,hard,0.21595745162571464,0.3038018107952908,0.33655550286737923,0.24444003699214412
0.0,0.0,27.282002180654104,0.2666750973407587,1.507236699605636,1.2395160345876934,1.2395160345876934,0.0,1.2395160345876934,0.0,26.755403192626343,14.430869689661812,hard,0.2159209674838519,0.30400503512276605,0.33882773295297675,0.2472325933915731
0.0,0.0,24.31153392522307,0.2676871239112174,1.5065299582584606,1.2395160345876934,1.2395160345876934,0.0,1.2395160345876934,0.0,23.796310638416198,14.430869689661812,hard,0.21592490238046172,0.30448926325605236,0.3403537443181191,0.24900203389371722
0.0,0.0,36.08592680159781,0.2690424248623297,1.5059250029069018,1.2395160345876934,1.2395160345876934,0.0,1.2395160345876934,0.0,36.01624633411983,14.430869689661812,hard,0.21594247739454286,0.30565001826985766,0.3427415754659204,0.2510175071627734
0.0,0.0,31.91166737402096,0.2703908891439382,1.5053894114062187,1.2395160345876934,1.2395160345876934,0.0,1.2395160345876934,0.0,32.09236669365474,14.430869689661812,hard,0.21611704224388173,0.3062026163816784,0.3443317450566565,0.25484520406129957
0.0,0.0,24.50110209531131,0.2716026671176947,1.5049825141178022,1.2395160345876934,1.2395160345876934,0.0,1.2395160345876934,0.0,23.999374991861764,14.430869689661812,hard,0.21625295267495606,0.3068304190569036,0.3451073152376163,0.25840123753214
0.0,0.0,27.90428589361897,0.2733602250872259,1.5047086674112669,1.2395160345876934,1.2395160345876934,0.0,1.2395160345876934,0.0,27.784772808140794,14.430869689661812,hard,0.21639908591111406,0.30712774989027974,0.3467850166871879,0.26386494806364724
0.0,0.0,25.57218737967577,0.2746733057302665,1.5045322729689075,1.2395160345876934,1.2395160345876934,0.0,1.2395160345876934,0.0,25.739121974146666,14.430869689661812,hard,0.216750898098314,0.3075469262486974,0.3470182422899805,0.2691423485145165
0.0,0.0,24.52109341129792,0.27601804732514357,1.504477356465354,1.26237870704476,1.26237870704476,0.0,1.26237870704476,0.0,23.82235084956982,14.430869689661812,hard,0.21687301802761685,0.3076444845308354,0.34836668568849405,0.27349373503741276
0.0,0.0,19.94256972657284,0.27692811129828143,1.5045174642499566,1.26237870704476,1.26237870704476,0.0,1.26237870704476,0.0,19.051509126575773,14.430869689661812,hard,0.21704878104484365,0.3077025393224895,0.3494591377962085,0.2762419352874612
0.0,0.0,20.289554458733715,0.2778063024627735,1.5046634739292273,1.26237870704476,1.26237870704476,0.0,1.26237870704476,0.0,20.543261668975546,14.430869689661812,hard,0.21757101640879123,0.307746597946998,0.3502423041948443,0.27960100589956927
0.0,0.0,15.389779730440424,0.2784155923237982,1.5049230705084906,1.26237870704476,1.26237870704476,0.0,1.26237870704476,0.0,15.171499596282498,14.430869689661812,hard,0.21789894561308687,0.307806595572143,0.3508268069494691,0.28191590054516524
0.0,0.0,16.877542712779256,0.27896290484571706,1.5052615974214958,1.26237870704476,1.26237870704476,0.0,1.26237870704476,0.0,14.971973817770321,14.430869689661812,hard,0.2181694651283735,0.3079088241403162,0.35141447306821705,0.28396921320668606
0.0,0.0,14.987397723148382,0.2795156464092221,1.5056691954943453,1.26237870704476,1.26237870704476,0.0,1.26237870704476,0.0,14.89710038900188,14.430869689661812,hard,0.21841168372825817,0.3080029439744277,0.35149893506790647,0.2860662576682602
0.0,0.0,10.311831611983596,0.27981162947862676,1.5062022257486676,1.26237870704476,1.26237870704476,0.0,1.26237870704476,0.0,10.862780491200215,14.430869689661812,hard,0.21873755006777412,0.30817056486650724,0.3515693127490015,0.28744011535666886
0.0,0.0,11.873074770279429,0.2801015537858603,1.5068526741783717,1.26237870704476,1.26237870704476,0.0,1.26237870704476,0.0,11.641803983919331,14.430869689661812,hard,0.21917245837620072,0.30841791279152697,0.3518041081706919,0.2884406434031525
0.0,0.0,41.49490365447333,0.28058621356127084,1.5091388870296856,1.2529964086141667,1.2529964086141667,0.0,1.2529964086141667,0.0,38.04471053904865,14.430869689661812,hard,0.21939470490626534,0.3091871308723888,0.35158955337393993,0.28971474728576846
0.0,0.0,19.023649628468476,0.2811584346742571,1.5102155535851225,1.2529964086141667,1.2529964086141667,0.0,1.2529964086141667,0.0,18.973128366192014,14.430869689661812,hard,0.21956949484345667,0.30987427652623517,0.352064394431931,0.29116608440195213
0.0,0.0,15.889141110585557,0.2818377792401499,1.511309889876242,1.2529964086141667,1.2529964086141667,0.0,1.2529964086141667,0.0,15.437940277122465,14.430869689661812,hard,0.21970679409919655,0.31028154080988407,0.35284596490481823,0.2930535087516509
0.0,0.0,17.235241782376598,0.28250800558871664,1.5125950305706042,1.2529964086141667,1.2529964086141667,0.0,1.2529964086141667,0.0,17.87311948150071,14.430869689661812,hard,0.2199887955604809,0.31092587974659625,0.35332006092924323,0.29485606988170976
0.0,0.0,22.376044022062032,0.2832182339378249,1.5139593939736964,1.2529964086141667,1.2529964086141667,0.0,1.2529964086141667,0.0,18.405694770912614,14.430869689661812,hard,0.22043023347464918,0.31160413846504165,0.3539935689892678,0.29642846326826944
0.0,0.0,29.32159043357482,0.28356292017792917,1.5145070600528705,1.2529964086141667,1.2529964086141667,0.0,1.2529964086141667,0.0,28.887367481305738,14.430869689661812,hard,0.2209092010083114,0.3118479891630022,0.35424944818523446,0.2971245706374525
0.0,0.0,42.943103044731735,0.28368800028317204,1.5151135113317369,1.2529964086141667,1.2529964086141667,0.0,1.2529964086141667,0.0,43.29397648634277,14.430869689661812,hard,0.22140348883166439,0.31183485640516034,0.35426294376392253,0.29744572642773975
0.0,0.0,31.56693091388029,0.2837816222577925,1.516323790599968,1.2529964086141667,1.2529964086141667,0.0,1.2529964086141667,0.0,29.310066530118966,14.430869689661812,hard,0.2218223722900175,0.31182798035560594,0.3544488439335961,0.2975989018518464
0.0,0.0,26.78113789983726,0.2839720877677814,1.5177131521182299,1.2529964086141667,1.2529964086141667,0.0,1.2529964086141667,0.0,26.280791464489802,14.430869689661812,hard,0.2221031979094784,0.3119018067726617,0.35528865505192603,0.2976458476430353
0.0,0.0,25.3285298456508,0.28419374339743225,1.5195293614181218,1.2529964086141667,1.2529964086141667,0.0,1.2529964086141667,0.0,24.990630244153508,14.430869689661812,hard,0.2227056576861313,0.3122496914697967,0.35525122884447285,0.2980063430074225
0.0,0.0,33.017132333942484,0.2846694035318798,1.5216843207232886,1.2529964086141667,1.2529964086141667,0.0,1.2529964086141667,0.0,32.74461787836285,14.430869689661812,hard,0.2234960406337781,0.3130365623065719,0.3554389537532312,0.29885983693036816
0.0,0.0,36.8392349929357,0.28513064121235404,1.5240597628170485,1.2529964086141667,1.2529964086141667,0.0,1.2529964086141667,0.0,36.90244436348356,14.430869689661812,hard,0.2241263111848101,0.3137590767154387,0.3556930396045588,0.2994650376093695
0.0,0.0,32.44475457982683,0.2855158695305365,1.5267683587633807,1.2529964086141667,1.2529964086141667,0.0,1.2529964086141667,0.0,31.66401743304219,14.430869689661812,hard,0.22452703406241964,0.31396943034332403,0.35612338343911903,0.30024965800785464
0.0,0.0,30.442881948321833,0.28603233876838036,1.5299021026371282,1.2529964086141667,1.2529964086141667,0.0,1.2529964086141667,0.0,27.211938556449812,14.430869689661812,hard,0.2248659793168641,0.31450894711962124,0.3564582376068091,0.3011906519623298
0.0,0.0,30.714323705446674,0.28660562623107305,1.5315401872706675,1.2529964086141667,1.2529964086141667,0.0,1.2529964086141667,0.0,30.04540563879942,14.430869689661812,hard,0.2251751441556465,0.315085399338189,0.35697181360911495,0.3022926469701794
0.0,0.0,23.05866170655768,0.28704898895650593,1.5324006801879644,1.2529964086141667,1.2529964086141667,0.0,1.2529964086141667,0.0,23.225641002994944,14.430869689661812,hard,0.22558101165346683,0.315538180698175,0.3574461952617156,0.30316506492716744
0.0,0.0,24.914166429258213,0.2875682864511795,1.5334677888495207,1.2529964086141667,1.2529964086141667,0.0,1.2529964086141667,0.0,24.87700946657375,14.430869689661812,hard,0.22610388247599947,0.31621972668751164,0.3578976208946028,0.30418488722746445
0.0,0.0,29.306431878626896,0.28812825020425564,1.5346894629221894,1.2529964086141667,1.2529964086141667,0.0,1.2529964086141667,0.0,27.402109407853988,14.430869689661812,hard,0.22662592287094815,0.316797381921827,0.3583134957819527,0.30538790792574283
0.0,0.0,28.567997045072502,0.2887408222522619,1.5361138873998186,1.2529964086141667,1.2529964086141667,0.0,1.2529964086141667,0.0,28.360599429490197,14.430869689661812,hard,0.2273718223088022,0.317579689288396,0.35894044952057946,0.3063155587974984
0.0,0.0,27.373320670344132,0.28930133919920803,1.537638206813525,1.2529964086141667,1.2529964086141667,0.0,1.2529964086141667,0.0,26.669053226539557,14.430869689661812,hard,0.22772931625430481,0.3181354513609301,0.3596285836951547,0.3072192997495642
0.0,0.0,28.31553008163163,0.28973058957018527,1.539190841112025,1.2529964086141667,1.2529964086141667,0.0,1.2529964086141667,0.0,28.35195936791671,14.430869689661812,hard,0.22799370157715523,0.3185247932755778,0.3604646353005655,0.30813211101659177
0.0,0.0,37.380793018002606,0.29043431268858755,1.5407956324201095,1.2592060990957756,1.2592060990957756,0.0,1.2592060990957756,0.0,33.76661665017684,14.430869689661812,hard,0.22799370157715523,0.3187324535166499,0.3614053145265504,0.30811192009663046
0.0,0.0,17.792909150954504,0.2908098065526085,1.542608925603806,1.2592060990957756,1.2592060990957756,0.0,1.2592060990957756,0.0,17.8280228853342,14.430869689661812,hard,0.22799370157715523,0.31877118748877076,0.3620560689407153,0.3083075874484374
0.0,0.0,28.654188515221083,0.29144535489416834,1.5445224806803386,1.2592060990957756,1.2592060990957756,0.0,1.2592060990957756,0.0,28.679609481302215,14.430869689661812,hard,0.22799370157715523,0.31942646705355004,0.3627160380031984,0.30894228497585347
0.0,0.0,25.72472366484217,0.29204948405791276,1.5255248426709507,1.2592060990957756,1.2592060990957756,0.13999999999999999,1.2592060990957756,0.0,25.433647005492542,14.430869689661812,hard,0.22799370157715523,0.3196154998738496,0.36362712796454943,0.30932032325628406
0.0,0.0,35.74718636294315,0.2929994536494241,1.5289982930457011,1.2491597175701752,1.2491597175701754,0.13999999999999999,1.2491597175701754,0.0,33.01272481937836,14.430869689661812,hard,0.22799370157715523,0.31980526063104947,0.3636940750304627,0.31212431323101614
0.0,0.0,15.582596957226261,0.29353737416957304,1.5323656904736445,1.2491597175701752,1.2491597175701754,0.13999999999999999,1.2491597175701754,0.0,15.475089660483391,14.430869689661812,hard,0.22799370157715523,0.32010365008214475,0.3643346293797482,0.3129686497563824
0.0,0.0,12.500341035199964,0.29402476036921044,1.5340507017855802,1.2491597175701752,1.2491597175701754,0.13999999999999999,1.2491597175701754,0.0,12.472754306888275,14.430869689661812,hard,0.22799370157715523,0.3202333399161677,0.3649567879178874,0.3138373296262557
0.0,0.0,19.761915265859955,0.2946301935717384,1.5352277445848224,1.2491597175701752,1.2491597175701754,0.13999999999999999,1.2491597175701754,0.0,19.873842104635933,14.430869689661812,hard,0.22799370157715523,0.3202333399161677,0.3662616787237701,0.31504100570656546
0.0,0.0,19.616181155821955,0.2951411224895204,1.5365926664924972,1.2491597175701752,1.2491597175701754,0.13999999999999999,1.2491597175701754,0.0,16.221763159410262,14.430869689661812,hard,0.22799370157715523,0.3202636503400451,0.36704808829111557,0.3159309132345646
0.0,0.0,19.56266729500505,0.2955776155759039,1.5377956017546515,1.2491597175701752,1.2491597175701754,0.13999999999999999,1.2491597175701754,0.0,18.668304690035463,14.430869689661812,hard,0.22799370157715523,0.3202636503400451,0.36793013342307923,0.31615839438633786
0.0,0.0,23.725589540313486,0.29608192759776303,1.5383318390668237,1.2491597175701752,1.2491597175701754,0.13999999999999999,1.2491597175701754,0.0,23.667834712960115,14.430869689661812,hard,0.22799370157715523,0.3202636503400451,0.36891148139764324,0.31630730181558897
0.0,0.0,15.690165743723208,0.29638530135899216,1.5397209849556637,1.2491597175701752,1.2491597175701754,0.13999999999999999,1.2491597175701754,0.0,14.986407174503164,14.430869689661812,hard,0.22799370157715523,0.3202957368882319,0.36976288423947357,0.31640938468955204
0.0,0.0,16.888661924779466,0.29677580425888583,1.541183552505098,1.2491597175701752,1.2491597175701754,0.13999999999999999,1.2491597175701754,0.0,17.357603521223773,14.430869689661812,hard,0.22799370157715523,0.3202957368882319,0.3707008819629171,0.31650642217896785
0.0,0.0,16.534990667528962,0.297155126895685,1.5426438358702605,1.2491597175701752,1.2491597175701754,0.13999999999999999,1.2491597175701754,0.0,16.09690653510792,14.430869689661812,hard,0.22799370157715523,0.3202957368882319,0.37148092442881303,0.3166714685358112
0.0,0.0,14.586330733640812,0.2974816539151256,1.5441704776021867,1.2491597175701752,1.2491597175701754,0.13999999999999999,1.2491597175701754,0.0,13.859884559403802,14.430869689661812,hard,0.22799370157715523,0.3202957368882319,0.3720919726171405,0.31688254928280146
0.0,0.0,14.577150650677469,0.2979034764081799,1.5459918439423237,1.2491597175701752,1.2491597175701754,0.13999999999999999,1.2491597175701754,0.0,14.334573589751457,14.430869689661812,hard,0.22799370157715523,0.3202957368882319,0.3729813541736103,0.3173832324046476
0.0,0.0,13.373460429589578,0.2982392937736792,1.547891653366882,1.2491597175701752,1.2491597175701754,0.13999999999999999,1.2491597175701754,0.0,13.297879530210823,14.430869689661812,hard,0.22799370157715523,0.3202957368882319,0.37371314812522055,0.31757184274662126
0.0,0.0,10.30756795174425,0.2984733619582472,1.5499159896650534,1.2491597175701752,1.2491597175701754,0.13999999999999999,1.2491597175701754,0.0,10.92,14.430869689661812,hard,0.22799370157715523,0.3202957368882319,0.37420133163315017,0.3177134425840659
0.0,0.0,9.189890046771147,0.2986962721260035,1.5516249786104102,1.2491597175701752,1.2491597175701754,0.13999999999999999,1.2491597175701754,0.0,9.1,14.430869689661812,hard,0.22799370157715523,0.32031180289837147,0.37444191808387545,0.3179283721951263
0.0,0.0,9.557479981554614,0.2988841178253882,1.5516249786104102,1.2491597175701752,1.2491597175701754,0.13999999999999999,1.2491597175701754,0.0,9.519999999999998,14.430869689661812,hard,0.22799370157715523,0.3203600918456036,0.37457139314258575,0.31814179905126966
0.0,0.0,5.8467201089241785,0.29901201290852786,1.5516249786104102,1.2491597175701752,1.2491597175701754,0.13999999999999999,1.2491597175701754,0.0,5.739999999999999,14.430869689661812,hard,0.22799370157715523,0.3203600918456036,0.3746038881064797,0.3183322017352171
0.0,0.0,14.363191586188274,0.29921580575807627,1.5516249786104102,1.2705904139414872,1.2705904139414872,0.13999999999999999,1.2705904139414872,0.0,9.380000000000003,14.430869689661812,hard,0.22799370157715523,0.3203600918456036,0.3746038881064797,0.3186843815808506
0.0,0.0,5.218044360984311,0.2993266846237075,1.5516249786104102,1.2705904139414872,1.2705904139414872,0.13999999999999999,1.2705904139414872,0.0,5.04,14.430869689661812,hard,0.22799370157715523,0.3203600918456036,0.3746201545092905,0.3188834138023923
0.0,0.0,6.0581287880064805,0.29941436488646733,1.5087896390608857,1.2705904139414872,1.2705904139414872,0.31048349392520047,1.2705904139414872,0.0,3.36,14.430869689661812,hard,0.22799370157715523,0.3203600918456036,0.3746201545092905,0.3190537414121744
0.0,0.0,12.417884512130861,0.29974551595099785,1.487586869834666,1.2705904139414872,1.2705904139414872,0.33704599092705434,1.2705904139414872,0.0,11.76,14.430869689661812,hard,0.22799370157715523,0.3203600918456036,0.3746201545092905,0.3197528883669393
0.0,0.0,42.95178197483764,0.29997044283449403,1.490414210042902,1.2757742747053649,1.2757742747053649,0.33704599092705434,1.2757742747053649,0.0,39.069169430639285,14.430869689661812,hard,0.22799370157715523,0.3203600918456036,0.3738665291278483,0.3199562349997963
0.0,0.0,29.463937230715924,0.3000912385744611,1.4932146069783145,1.2757742747053649,1.2757742747053649,0.33704599092705434,1.2757742747053649,0.0,29.326909145015605,14.430869689661812,hard,0.22799370157715523,0.3203825415649987,0.3734053431535777,0.3201976199978223
0.0,0.0,20.58318831034135,0.3002212754772337,1.4962989450711244,1.2757742747053649,1.2757742747053649,0.33704599092705434,1.2757742747053649,0.0,20.615954986369168,14.430869689661812,hard,0.22799370157715523,0.32043447909740375,0.3732521587795034,0.3204428119808824
0.0,0.0,5.1594143929489675,0.3003531552452941,1.4989514269093163,1.2757742747053649,1.2757742747053649,0.33704599092705434,1.2757742747053649,0.0,5.32,14.430869689661812,hard,0.22799370157715523,0.32043447909740375,0.3732521587795034,0.32080835930887003
0.0,0.0,7.765210354241885,0.3005032166231743,1.5015902741892226,1.2757742747053649,1.2757742747053649,0.33704599092705434,1.2757742747053649,0.0,6.159999999999999,14.430869689661812,hard,0.22799370157715523,0.32043447909740375,0.3732521587795034,0.32123812205718205
0.0,0.0,6.958382266614609,0.3006675371767035,1.5045336308316217,1.2757742747053649,1.2757742747053649,0.33704599092705434,1.2757742747053649,0.0,6.4399999999999995,14.430869689661812,hard,0.22799370157715523,0.32043447909740375,0.3732521587795034,0.3217251125694047
0.0,0.0,7.041566199269673,0.3008245485625444,1.5076751434147118,1.2757742747053649,1.2757742747053649,0.33704599092705434,1.2757742747053649,0.0,6.4399999999999995,14.430869689661812,hard,0.22799370157715523,0.32043447909740375,0.3733009994926932,0.3221651755897396
0.0,0.0,4.926361603478209,0.3009740317276122,1.5110154035140704,1.2757742747053649,1.2757742747053649,0.33704599092705434,1.2757742747053649,0.0,5.46,14.430869689661812,hard,0.22799370157715523,0.32043447909740375,0.37331730504057675,0.32262111261767284
0.0,0.0,9.360273492524547,0.3011024478064349,1.514259539646053,1.2757742747053649,1.2757742747053649,0.33704599092705434,1.2757742747053649,0.0,4.759999999999999,14.430869689661812,hard,0.22799370157715523,0.32043447909740375,0.37331730504057675,0.32303483579977227
0.0,0.0,4.1829005723721275,0.30119596439345026,1.51783142605639,1.2757742747053649,1.2757742747053649,0.33704599092705434,1.2757742747053649,0.0,3.36,14.430869689661812,hard,0.22799370157715523,0.32043447909740375,0.37331730504057675,0.32334202231964737
0.0,0.0,8.655754138022155,0.30145201728801413,1.5217022290112219,1.2757742747053649,1.2757742747053649,0.33704599092705434,1.2757742747053649,0.0,8.540000000000001,14.430869689661812,hard,0.22799370157715523,0.32043447909740375,0.37331730504057675,0.32420781261233356
0.0,0.0,0.738886800159499,0.30145201728801413,1.5258011703530707,1.2757742747053649,1.2757742747053649,0.33704599092705434,1.2757742747053649,0.0,0.0,14.430869689661812,hard,0.22799370157715523,0.32043447909740375,0.37331730504057675,0.32420781261233356
0.0,0.0,9.447344802134287,0.30130749864570444,1.5276427928483531,1.2757742747053649,1.2757742747053649,0.33704599092705434,1.2757742747053649,0.0,9.660000000000002,14.430869689661812,hard,0.2278554890610328,0.31990058970203256,0.37331730504057675,0.32420781261233356
0.0,0.0,8.711403235807577,0.3011805328651703,1.5275545083421622,1.2757742747053649,1.2757742747053649,0.33704599092705434,1.2757742747053649,0.0,8.680000000000001,14.430869689661812,hard,0.2278183041039883,0.3193865068629126,0.37331730504057675,0.32420781261233356
0.0,0.0,9.558650409194739,0.30128781908246116,1.5261747151269272,1.2757742747053649,1.2757742747053649,0.33704599092705434,1.2757742747053649,0.0,9.212252710385227,14.430869689661812,hard,0.22778133764919223,0.3190552945924166,0.37331730504057675,0.3248917242091611
0.0,0.0,4.664680136014423,0.30140685999265376,1.5261747151269272,1.2757742747053649,1.2757742747053649,0.33704599092705434,1.2757742747053649,0.0,4.4799999999999995,14.430869689661812,hard,0.22778133764919223,0.3190552945924166,0.37331730504057675,0.3253180117949158
0.0,0.0,3.759659879641392,0.3014804505159471,1.5261747151269272,1.2757742747053649,1.2757742747053649,0.33704599092705434,1.2757742747053649,0.0,3.2199999999999998,14.430869689661812,hard,0.22778133764919223,0.3190552945924166,0.3733336232407746,0.3255683026745318
0.0,0.0,2.209679459563291,0.3015081126349003,1.5261747151269272,1.2757742747053649,1.2757742747053649,0.33704599092705434,1.2757742747053649,0.0,1.5399999999999998,14.430869689661812,hard,0.22778133764919223,0.3190552945924166,0.3733336232407746,0.32566930928080406
0.0,0.0,14.71697618799945,0.30137025511452104,1.4816808093271996,1.2757742747053649,1.2757742747053649,0.5153639490690051,1.2757742747053649,0.0,13.868309197591465,14.430869689661812,hard,0.22754361829991065,0.3187896328386124,0.3733336232407746,0.3257200031167102
0.0,0.0,11.235652236536579,0.3012648987918584,1.4824791990523691,1.2757742747053649,1.2757742747053649,0.5153639490690051,1.2757742747053649,0.0,10.5164442660055,14.430869689661812,hard,0.22738164365872546,0.3185953551959324,0.37336629759147616,0.3257369292744614
0.0,0.0,20.607062063600573,0.3009485076097974,1.4817797112215676,1.2757742747053649,1.2757742747053649,0.5153639490690051,1.2757742747053649,0.0,19.96045089671073,14.430869689661812,hard,0.22666381089960194,0.3181306032460393,0.37336629759147616,0.3257538695347739
0.0,0.0,13.839482910012254,0.300730667947391,1.4817949315937482,1.2757742747053649,1.2757742747053649,0.5153639490690051,1.2757742747053649,0.0,12.542982101557827,14.430869689661812,hard,0.22611134718476694,0.31782187224902464,0.37336629759147616,0.3257538695347739
0.0,0.0,13.895001024535466,0.3005774214865659,1.4827474171261532,1.2757742747053649,1.2757742747053649,0.5153639490690051,1.2757742747053649,0.0,13.020614424826505,14.430869689661812,hard,0.22560386410642252,0.31758299721054334,0.37336629759147616,0.3258217715576166
0.0,0.0,16.424427980603802,0.30034086676789173,1.4832467300212668,1.2757742747053649,1.2757742747053649,0.5153639490690051,1.2757742747053649,0.0,16.57858860096359,14.430869689661812,hard,0.22521238796576787,0.31707651224794536,0.37336629759147616,0.32592404729408975
0.0,0.0,15.734959589516627,0.30030632680744285,1.4840455659157006,1.2757742747053649,1.2757742747053649,0.5153639490690051,1.2757742747053649,0.0,15.601230720683542,14.430869689661812,hard,0.22482170602503193,0.3167936856496429,0.37339902253151397,0.3264605351942386
0.0,0.0,15.430204638743074,0.3003690950213054,1.484226141823461,1.2757742747053649,1.2757742747053649,0.5153639490690051,1.2757742747053649,0.0,12.698677096453785,14.430869689661812,hard,0.22456002978590875,0.31660617159175736,0.3734317980475881,0.32724510032393805
0.0,0.0,20.633656642687576,0.3005376772201261,1.4857417288511119,1.2757742747053649,1.2757742747053649,0.5153639490690051,1.2757742747053649,0.0,20.747973395008973,14.430869689661812,hard,0.2244346291747059,0.3163680178143663,0.37361296683680045,0.3285295866707504
0.0,0.0,14.906905021899917,0.30088446067845354,1.488471669885164,1.2757742747053649,1.2757742747053649,0.5153639490690051,1.2757742747053649,0.0,14.20378822708928,14.430869689661812,hard,0.22446511223583174,0.31635901824445556,0.3738959582708603,0.3297795123185649
0.0,0.0,15.03708506799185,0.3012052433653105,1.4903559220101783,1.2757742747053649,1.2757742747053649,0.5153639490690051,1.2757742747053649,0.0,15.426224424660756,14.430869689661812,hard,0.22444752470636115,0.3161547482008329,0.3744728514661564,0.3308154307308969
0.0,0.0,49.12775064964303,0.30094475551797617,1.4920000017236719,1.2536347155371856,1.2536347155371856,0.5153639490690051,1.2536347155371856,0.0,44.45204607214386,14.430869689661812,hard,0.22445658137863744,0.3156564012834129,0.3728311482842542,0.3317160740569794
0.0,0.0,31.730135899460404,0.3008764923151176,1.4952266211236191,1.2536347155371856,1.2536347155371856,0.5153639490690051,1.2536347155371856,0.0,32.003599797522774,14.430869689661812,hard,0.22426130144687487,0.3152939832831915,0.37275750331917806,0.33225106746827854
0.0,0.0,17.70582093384236,0.30086396766447787,1.4986282710698013,1.2536347155371856,1.2536347155371856,0.5153639490690051,1.2536347155371856,0.0,17.484896339412483,14.430869689661812,hard,0.22421665521974596,0.31514049138598726,0.37269601787043233,0.3325978246533541
0.0,0.0,15.698090443560325,0.30079048882999404,1.5015738041201445,1.2536347155371856,1.2536347155371856,0.5153639490690051,1.2536347155371856,0.0,15.735310610216754,14.430869689661812,hard,0.22421665521974596,0.3150505207446958,0.3723703811951615,0.33283818814472615
0.0,0.0,36.46481156208921,0.3007687536715826,1.5037882572322847,1.2536347155371856,1.2536347155371856,0.5153639490690051,1.2536347155371856,0.0,34.20715714583719,14.430869689661812,hard,0.22422039222179557,0.3151387880487674,0.37216916176936987,0.3327110923797768
0.0,0.0,17.475927084328934,0.30070536887438326,1.5050221810598028,1.2536347155371856,1.2536347155371856,0.5153639490690051,1.2536347155371856,0.0,16.917694878440148,14.430869689661812,hard,0.22423844789454825,0.31512134771084604,0.3720367051356362,0.3326288792454116
0.0,0.0,15.589941604932823,0.30065935138390515,1.5055828640584148,1.2536347155371856,1.2536347155371856,0.5153639490690051,1.2536347155371856,0.0,16.244580634784022,14.430869689661812,hard,0.22428322248361976,0.31512752595228544,0.3718847516615494,0.3327171591991441
0.0,0.0,11.200130118161217,0.30064219362070954,1.5062391632161507,1.2536347155371856,1.2536347155371856,0.5153639490690051,1.2536347155371856,0.0,10.525701876834626,14.430869689661812,hard,0.22432793153073616,0.31515169710240537,0.37181525365065915,0.3328278061446341
0.0,0.0,13.7499524237237,0.30062354452822354,1.507068918980807,1.2536347155371856,1.2536347155371856,0.5153639490690051,1.2536347155371856,0.0,14.29362095481757,14.430869689661812,hard,0.2244105997696567,0.3151874599692791,0.37172589982863197,0.33293878278669153
0.0,0.0,10.212991423814795,0.3006278699749598,1.4442429659412979,1.2536347155371856,1.2536347155371856,0.7124605252222751,1.2536347155371856,0.0,7.410290142767691,14.430869689661812,hard,0.22445582529423422,0.3152182543570743,0.3716859734388342,0.33305008879573894
0.0,0.0,11.050705849435978,0.3006353223901223,1.448345536987603,1.2536347155371856,1.2536347155371856,0.7124605252222751,1.2536347155371856,0.0,11.384199576606166,14.430869689661812,hard,0.2245480707407432,0.3152590701130143,0.3716177701727412,0.33320646991630853
0.0,0.0,4.791256233411558,0.3006383687573161,1.4529110181515752,1.2536347155371856,1.2536347155371856,0.7124605252222751,1.2536347155371856,0.0,4.541189271545505,14.430869689661812,hard,0.22459871842240076,0.3152810075192977,0.3716218373093448,0.33322886266938806
0.0,0.0,40.98455243178746,0.30057833699252484,1.4577317594329218,1.2536347155371856,1.2536347155371856,0.7124605252222751,1.2536347155371856,0.0,40.87524434177733,14.430869689661812,hard,0.2250710935862562,0.3155547273805814,0.37142502292174173,0.33322886266938806
0.0,0.0,8.16608829520145,0.30057539636394964,1.4627725574572796,1.2536347155371856,1.2536347155371856,0.7124605252222751,1.2536347155371856,0.0,8.81873006730561,14.430869689661812,hard,0.22517554457137873,0.31561264890510654,0.37140228867706365,0.33322886266938806
0.0,0.0,11.110704487075035,0.3005749098822183,1.4683538490601002,1.2536347155371856,1.2536347155371856,0.7124605252222751,1.2536347155371856,0.0,10.63796973110941,14.430869689661812,hard,0.22533111745026432,0.31569981767400224,0.37137552149676095,0.33322886266938806
0.0,0.0,9.201474493987952,0.3005782066008212,1.47424221253182,1.2536347155371856,1.2536347155371856,0.7124605252222751,1.2536347155371856,0.0,9.098219606054803,14.430869689661812,hard,0.22549756823486858,0.3157709887062212,0.37135465967601256,0.33322886266938806
0.0,0.0,27.82808485287206,0.30061472877820483,1.480627950195686,1.2536347155371856,1.2536347155371856,0.7124605252222751,1.2536347155371856,0.0,28.139999999999997,14.430869689661812,hard,0.22595639091341416,0.31621200937710015,0.3713279054772932,0.33322886266938806
0.0,0.0,26.474268350806124,0.30066186133256745,1.4897629392405043,1.2737346662472526,1.2737346662472526,0.7124605252222751,1.2737346662472526,0.0,22.966836961149006,14.430869689661812,hard,0.226271646775556,0.31644209362520115,0.3713321572367256,0.33295331872024614
0.0,0.0,27.66139336723089,0.3007376200707377,1.4977945823891654,1.2737346662472526,1.2737346662472526,0.7124605252222751,1.2737346662472526,0.0,24.877628504341,14.430869689661812,hard,0.22656796165034132,0.31674413659731593,0.3713536820941162,0.3327502206760634
0.0,0.0,22.737235823633245,0.3008343772027531,1.506014356055808,1.2737346662472526,1.2737346662472526,0.7124605252222751,1.2737346662472526,0.0,21.983411928087964,14.430869689661812,hard,0.22697687965022711,0.31714884970530594,0.3713881388425515,0.3326863099860359
0.0,0.0,12.37089845295247,0.30086765594040993,1.5129661435135364,1.2737346662472526,1.2737346662472526,0.7124605252222751,1.2737346662472526,0.0,12.180000000000003,14.430869689661812,hard,0.22697687965022711,0.31714884970530594,0.3713996739918673,0.33268859475069795
0.0,0.0,53.644370705358206,0.3008168408429435,1.5224088239234883,1.2812493902437574,1.2812493902437574,0.7124605252222751,1.2812493902437574,0.0,47.61238914400327,14.430869689661812,hard,0.22697687965022711,0.31714884970530594,0.37113817914958874,0.33100599257749475
0.0,0.0,17.78644013851474,0.3008878374337398,1.5296500477028394,1.2812493902437574,1.2812493902437574,0.7124605252222751,1.2812493902437574,0.0,17.5,14.430869689661812,hard,0.22697687965022711,0.31714884970530594,0.3711897341011492,0.33113370217994187
0.0,0.0,21.796339438931167,0.3010542881575793,1.5374401495771453,1.2812493902437574,1.2812493902437574,0.7124605252222751,1.2812493902437574,0.0,21.460894669141826,14.430869689661812,hard,0.22697687965022711,0.31730478586011146,0.3713600745795182,0.33115696973236464
0.0,0.0,20.259999356602357,0.3012175258313414,1.538973560501621,1.2812493902437574,1.2812493902437574,0.7124605252222751,1.2812493902437574,0.0,20.314024712006237,14.430869689661812,hard,0.22697687965022711,0.31744053224490704,0.37154047969506904,0.3312461991534841
0.0,0.0,22.808361308685598,0.30142096599064133,1.5408385174984538,1.2812493902437574,1.2812493902437574,0.7124605252222751,1.2812493902437574,0.0,22.511472630638803,14.430869689661812,hard,0.22697687965022711,0.31775157699569334,0.3717199396916965,0.33147588660994937
0.0,0.0,20.05499070951428,0.30162168064904593,1.5427292244087765,1.2812493902437574,1.2812493902437574,0.7124605252222751,1.2812493902437574,0.0,20.0,14.430869689661812,hard,0.22697687965022711,0.31811113925702467,0.371967349392856,0.331878214616147
0.0,0.0,19.344151900084096,0.30183763910409195,1.5447608092746086,1.2812493902437574,1.2812493902437574,0.7124605252222751,1.2812493902437574,0.0,19.243326115825194,14.430869689661812,hard,0.22697687965022711,0.3182493308172647,0.37216505579538817,0.33214547200207883
0.0,0.0,20.970726933547994,0.3020759091972399,1.5467322225005729,1.2812493902437574,1.2812493902437574,0.7124605252222751,1.2812493902437574,0.0,20.884482277518874,14.430869689661812,hard,0.22697687965022711,0.3186399080160429,0.372492735306461,0.33226969901347514
0.0,0.0,41.07705345501837,0.30255419463705296,1.4869818797240781,1.2812493902437574,1.2812493902437574,0.928654941299512,1.2812493902437574,0.0,38.7581268897247,14.430869689661812,hard,0.22697687965022711,0.31930252109598806,0.3734380917372799,0.33230301274222135
0.0,0.0,26.36813400021868,0.30294024666924296,1.4897332292970096,1.2812493902437574,1.2812493902437574,0.928654941299512,1.2812493902437574,0.0,26.96442100249883,14.430869689661812,hard,0.22697687965022711,0.3195595071406025,0.3744063104673069,0.3323581569007905
0.0,0.0,19.834553924329786,0.303268082742917,1.4927647326909,1.2812493902437574,1.2812493902437574,0.928654941299512,1.2812493902437574,0.0,19.797787755201337,14.430869689661812,hard,0.22697687965022711,0.3196189595439543,0.37524536643068074,0.3325750182864114
0.0,0.0,21.17231855670191,0.30363117323491,1.4959542726654786,1.2812493902437574,1.2812493902437574,0.928654941299512,1.2812493902437574,0.0,21.052705289344644,14.430869689661812,hard,0.22697687965022711,0.3196428489132639,0.3761971329836006,0.3329115467501694
0.0,0.0,17.795524968564433,0.3039411957198691,1.4986081174609578,1.2812493902437574,1.2812493902437574,0.928654941299512,1.2812493902437574,0.0,17.138973131433517,14.430869689661812,hard,0.22697687965022711,0.3196428489132639,0.3770844164703266,0.33336882102704013
0.0,0.0,17.082959340707408,0.3042577240515207,1.501391170824593,1.2812493902437574,1.2812493902437574,0.928654941299512,1.2812493902437574,0.0,17.254842798472552,14.430869689661812,hard,0.22697687965022711,0.3196428489132639,0.3780063794331647,0.33391817922108163
0.0,0.0,16.323912813807702,0.30459320280389046,1.505249277178267,1.2812493902437574,1.2812493902437574,0.928654941299512,1.2812493902437574,0.0,16.30804709338307,14.430869689661812,hard,0.22697687965022711,0.3196787990752519,0.37845448286193656,0.33453121380607515
0.0,0.0,12.782305583098266,0.3048590385754463,1.5093760332125028,1.2812493902437574,1.2812493902437574,0.928654941299512,1.2812493902437574,0.0,13.104441994987805,14.430869689661812,hard,0.22697687965022711,0.3196787990752519,0.3789996113776062,0.335045750781629
0.0,0.0,22.397980150166063,0.3049598451753069,1.5119430028985974,1.2812493902437574,1.2812493902437574,0.928654941299512,1.2812493902437574,0.0,22.279398555616353,14.430869689661812,hard,0.22653003718729758,0.3194879825055597,0.3795561543416847,0.3354751317137125
0.0,0.0,16.179408460949325,0.3051691570961312,1.5149202542294102,1.2812493902437574,1.2812493902437574,0.928654941299512,1.2812493902437574,0.0,16.071888501355403,14.430869689661812,hard,0.22635664024218974,0.31950092859167867,0.3799975846884907,0.3360274283615557
0.0,0.0,21.18909143471345,0.3052112400972872,1.518481724980566,1.2812493902437574,1.2812493902437574,0.928654941299512,1.2812493902437574,0.0,21.317044823333273,14.430869689661812,hard,0.22579014055268434,0.31944311121455893,0.3802811031120687,0.3365911371352243
0.0,0.0,22.162656784477942,0.30509391647103956,1.5220557676273656,1.2812493902437574,1.2812493902437574,0.928654941299512,1.2812493902437574,0.0,21.71141635177217,14.430869689661812,hard,0.22537523791151787,0.3191672994302849,0.380506560888504,0.3367254440212437
0.0,0.0,14.799654861669211,0.3050424028569006,1.5261153613846516,1.2812493902437574,1.2812493902437574,0.928654941299512,1.2812493902437574,0.0,14.614089092379313,14.430869689661812,hard,0.2252147543515515,0.31891826219609504,0.3805519893422077,0.3369105165338874
0.0,0.0,13.38331442864129,0.3049517828100031,1.530347938887332,1.2812493902437574,1.2812493902437574,0.928654941299512,1.2812493902437574,0.0,10.858287157742698,14.430869689661812,hard,0.2251174351551792,0.3187964897702332,0.380567157096735,0.33695296863260576
0.0,0.0,14.529060658805056,0.3049556185065794,1.5352285857816805,1.2812493902437574,1.2812493902437574,0.928654941299512,1.2812493902437574,0.0,15.089612321063784,14.430869689661812,hard,0.22507786926160733,0.31855121034587924,0.380567157096735,0.3372562667528433
0.0,0.0,12.160143031275162,0.30494693035829246,1.5362817156426567,1.2812493902437574,1.2812493902437574,0.928654941299512,1.2812493902437574,0.0,12.261223429984465,14.430869689661812,hard,0.22507672129310408,0.3183737012212716,0.3805823373170918,0.33747368491119933
0.0,0.0,12.510365857544734,0.30496301632783007,1.5354200880432498,1.2812493902437574,1.2812493902437574,0.928654941299512,1.2812493902437574,0.0,12.915494570476191,14.430869689661812,hard,0.22509510145621284,0.3181890626796322,0.38064318282696685,0.3377279830850643
0.0,0.0,14.498916483113907,0.3049882991718063,1.534653518654704,1.2812493902437574,1.2812493902437574,0.928654941299512,1.2812493902437574,0.0,12.185236969382252,14.430869689661812,hard,0.22513389856716523,0.31804742270353936,0.38075014205845836,0.337974254444545
0.0,0.0,10.997461126640108,0.30509811782442775,1.534041629567237,1.2812493902437574,1.2812493902437574,0.928654941299512,1.2812493902437574,0.0,10.495732466102591,14.430869689661812,hard,0.22517820066211378,0.3180169582394808,0.38085771123515466,0.33833855634107174
0.0,0.0,12.16093784025356,0.305230453520416,1.5334492059700833,1.2812493902437574,1.2812493902437574,0.928654941299512,1.2812493902437574,0.0,11.42672306481609,14.430869689661812,hard,0.22523465548818222,0.3179841317030944,0.3810279796075662,0.33874796770823457
0.0,0.0,15.545031111498266,0.3054790851318315,1.4741502567891331,1.2812493902437574,1.2812493902437574,1.1532562594670799,1.2812493902437574,0.0,14.419999999999998,14.430869689661812,hard,0.22523465548818222,0.31808791955366894,0.38165979129754984,0.3390073986736823
0.0,0.0,27.722983380658956,0.30546194911145247,1.4760677164014226,1.2688577540449522,1.2688577540449522,1.1532562594670799,1.2688577540449522,0.0,24.49489742783178,14.430869689661812,hard,0.22523465548818222,0.31807435967676645,0.38099269685808856,0.3393179757799824
0.0,0.0,20.68549372720042,0.30546551683519,1.4787593202388205,1.2688577540449522,1.2688577540449522,1.1532562594670799,1.2688577540449522,0.0,21.07723890835799,14.430869689661812,hard,0.22526125129507604,0.31802801714668,0.380708567820129,0.3395995223330588
0.0,0.0,3.4565044041748223,0.3055171975988763,1.4819774692815868,1.2688577540449522,1.2688577540449522,1.1532562594670799,1.2688577540449522,0.0,3.36,14.430869689661812,hard,0.22526125129507604,0.3180411628651858,0.38075751700937727,0.33971716814722536
0.0,0.0,10.849017519830182,0.30548174210953866,1.4854304338580493,1.2688577540449522,1.2688577540449522,1.1532562594670799,1.2688577540449522,0.0,10.703345271456023,14.430869689661812,hard,0.22526125129507604,0.31804667660182345,0.38057472981632234,0.3397279475680957
0.0,0.0,15.63948506942427,0.30566769801439925,1.4890978229896974,1.2688577540449522,1.2688577540449522,1.1532562594670799,1.2688577540449522,0.0,12.495135053291742,14.430869689661812,hard,0.22526125129507604,0.3180536637528416,0.3804475344940749,0.3404003790188777
0.0,0.0,4.178869875199362,0.305665690765833,1.4931256519419815,1.2688577540449522,1.2688577540449522,1.1532562594670799,1.2688577540449522,0.0,4.267505125948883,14.430869689661812,hard,0.22526125129507604,0.31805047762817545,0.38033292689383047,0.34047039302844756
0.0,0.0,2.873953019047744,0.30569837996603655,1.4972213330321713,1.2688577540449522,1.2688577540449522,1.1532562594670799,1.2688577540449522,0.0,2.255748212899658,14.430869689661812,hard,0.22526125129507604,0.31805047762817545,0.38031778737717437,0.3405881997141773
0.0,0.0,3.776515391390168,0.305761399218157,1.5017532759509862,1.2688577540449522,1.2688577540449522,1.1532562594670799,1.2688577540449522,0.0,3.08,14.430869689661812,hard,0.22526125129507604,0.31804972160851647,0.38029778390852803,0.3408158732783303
0.0,0.0,4.424671987307015,0.3058470230998702,1.5066169165345864,1.2688577540449522,1.2688577540449522,1.1532562594670799,1.2688577540449522,0.0,3.7846532205738486,14.430869689661812,hard,0.22526125129507604,0.31804972160851647,0.38029778390852803,0.34111064126303015
0.0,0.0,4.760850069422306,0.3059237310934291,1.5118735040396558,1.2688577540449522,1.2688577540449522,1.1532562594670799,1.2688577540449522,0.0,4.222274268685066,14.430869689661812,hard,0.22526125129507604,0.31804972160851647,0.3802438503851493,0.3414134051477655
0.0,0.0,26.962870674925394,0.305934673365212,1.517381382608014,1.2688577540449522,1.2688577540449522,1.1532562594670799,1.2688577540449522,0.0,27.07120241141867,14.430869689661812,hard,0.22526125129507604,0.3180212595927902,0.3799519049192699,0.3417276644453143
0.0,0.0,16.11539215380277,0.305951674510158,1.5230899842237453,1.2688577540449522,1.2688577540449522,1.1532562594670799,1.2688577540449522,0.0,15.51031914565268,14.430869689661812,hard,0.22526125129507604,0.31801514029327727,0.3798469428577675,0.34186998708011557
0.0,0.0,10.721955511704632,0.30605174980490024,1.5293526450657768,1.2688577540449522,1.2688577540449522,1.1532562594670799,1.2688577540449522,0.0,10.968482119236008,14.430869689661812,hard,0.22526125129507604,0.3180139642562674,0.3801051837726471,0.34201401936576487
0.0,0.0,9.421363213357775,0.3061722743648743,1.533478978772551,1.2688577540449522,1.2688577540449522,1.1532562594670799,1.2688577540449522,0.0,9.022992851598632,14.430869689661812,hard,0.22526125129507604,0.3180668237050618,0.3801846900560532,0.3423347671845447
0.0,0.0,6.2032662298950765,0.3062232079531345,1.5351708056053555,1.2688577540449522,1.2688577540449522,1.1532562594670799,1.2688577540449522,0.0,6.283438549074862,14.430869689661812,hard,0.22526125129507604,0.31808007721328435,0.3802529168828124,0.3424616380802063
0.0,0.0,4.920020259275436,0.3063136967734979,1.5359995742188277,1.2688577540449522,1.2688577540449522,1.1532562594670799,1.2688577540449522,0.0,4.0600000000000005,14.430869689661812,hard,0.22526125129507604,0.31808007721328435,0.3802529168828124,0.3428131541750527
0.0,0.0,5.138066606470898,0.30639715109699134,1.5369412836506227,1.2688577540449522,1.2688577540449522,1.1532562594670799,1.2688577540449522,0.0,4.340000000000001,14.430869689661812,hard,0.22526125129507604,0.31808007721328435,0.3802529168828124,0.34314227214330423
0.0,0.0,6.762384462605493,0.3064161854778806,1.538003199220481,1.2688577540449522,1.2688577540449522,1.1532562594670799,1.2688577540449522,0.0,0.98,14.430869689661812,hard,0.22526125129507604,0.318106630591441,0.3802529168828124,0.3431876617643111
0.0,0.0,0.7907752105173056,0.30641999535253583,1.5391488836648275,1.2688577540449522,1.2688577540449522,1.1532562594670799,1.2688577540449522,0.0,0.13999999999999999,14.430869689661812,hard,0.22526125129507604,0.318106630591441,0.3802696257673054,0.3431876617643111
0.0,0.0,8.742764819323451,0.3064005559870323,1.4833799842376385,1.2688577540449522,1.2688577540449522,1.3821722034536796,1.2688577540449522,0.0,5.88,14.430869689661812,hard,0.22526125129507604,0.318106630591441,0.38025516809130533,0.3431383903739898
0.0,0.0,16.646287600336372,0.3063524990900523,1.4875586576833841,1.2688577540449522,1.2688577540449522,1.3821722034536796,1.2688577540449522,0.0,16.520000000000003,14.430869689661812,hard,0.22526125129507604,0.318106630591441,0.38025310189652956,0.3430144714665039
0.0,0.0,28.254063925397876,0.30622509573008383,1.4951428094480157,1.2718490476467716,1.2718490476467716,1.3821722034536796,1.2718490476467716,0.0,24.60283723475811,14.430869689661812,hard,0.22526125129507604,0.3181020780550249,0.3801406569893323,0.3423823352010788
0.0,0.0,28.89435603855491,0.3061429278168474,1.5004377696452673,1.2718490476467716,1.2718490476467716,1.3821722034536796,1.2718490476467716,0.0,29.228178184758622,14.430869689661812,hard,0.22526125129507604,0.3180701184260851,0.3801565940503479,0.3420542081538957
0.0,0.0,20.803523322540695,0.30610197499771674,1.5062123568640169,1.2718490476467716,1.2718490476467716,1.3821722034536796,1.2718490476467716,0.0,20.460938394902616,14.430869689661812,hard,0.22526125129507604,0.31806374478006566,0.38013397951970546,0.3418657808388185
0.0,0.0,16.986099602990695,0.306091175463511,1.5116203569178175,1.2718490476467716,1.2718490476467716,1.3821722034536796,1.2718490476467716,0.0,16.932808390813378,14.430869689661812,hard,0.22526125129507604,0.3180702129165382,0.38016090095860033,0.3417901909429895
0.0,0.0,15.225762939589885,0.30609056821532693,1.516079152543827,1.2718490476467716,1.2718490476467716,1.3821722034536796,1.2718490476467716,0.0,14.784261902442067,14.430869689661812,hard,0.22526125129507604,0.3180874578884578,0.38018457707981035,0.341759359007199
0.0,0.0,22.956002508590252,0.30606499386144925,1.5208290674369944,1.2718490476467716,1.2718490476467716,1.3821722034536796,1.2718490476467716,0.0,19.59743860814469,14.430869689661812,hard,0.22526125129507604,0.3181068742493191,0.38017667872064,0.3415099496549264
0.0,0.0,0.8037408130160655,0.30606499386144925,1.5251142157428583,1.2718490476467716,1.2718490476467716,1.3821722034536796,1.2718490476467716,0.0,0.0,14.430869689661812,hard,0.22526125129507604,0.3181068742493191,0.38017667872064,0.3415099496549264
0.0,0.0,13.30600988174424,0.3060303931726915,1.529551523863906,1.2718490476467716,1.2718490476467716,1.3821722034536796,1.2718490476467716,0.0,13.577864338694802,14.430869689661812,hard,0.22526125129507604,0.3181068742493191,0.3800984901902651,0.34129864083768346
0.0,0.0,24.62570593612194,0.3060010456629682,1.5341308815029124,1.2718490476467716,1.2718490476467716,1.3821722034536796,1.2718490476467716,0.0,23.096320053203282,14.430869689661812,hard,0.22526125129507604,0.3181060755232774,0.3800025591056262,0.3411491179932065
0.0,0.0,0.6032479171713467,0.3060010456629682,1.5388291206731342,1.2718490476467716,1.2718490476467716,1.3821722034536796,1.2718490476467716,0.0,0.0,14.430869689661812,hard,0.22526125129507604,0.3181060755232774,0.3800025591056262,0.3411491179932065
0.0,0.0,0.7536441787307823,0.3060010456629682,1.543813566352504,1.2718490476467716,1.2718490476467716,1.3821722034536796,1.2718490476467716,0.0,0.0,14.430869689661812,hard,0.22526125129507604,0.3181060755232774,0.3800025591056262,0.3411491179932065
0.0,0.0,0.5637551437474081,0.3060010456629682,1.5487610088244879,1.2718490476467716,1.2718490476467716,1.3821722034536796,1.2718490476467716,0.0,0.0,14.430869689661812,hard,0.22526125129507604,0.3181060755232774,0.3800025591056262,0.3411491179932065
0.0,0.0,0.7633064022805843,0.3060010456629682,1.5540996459221663,1.2718490476467716,1.2718490476467716,1.3821722034536796,1.2718490476467716,0.0,0.0,14.430869689661812,hard,0.22526125129507604,0.3181060755232774,0.3800025591056262,0.3411491179932065
0.0,0.0,0.5554192551618443,0.3060010456629682,1.5547236966096412,1.2718490476467716,1.2718490476467716,1.3821722034536796,1.2718490476467716,0.0,0.0,14.430869689661812,hard,0.22526125129507604,0.3181060755232774,0.3800025591056262,0.3411491179932065
0.0,0.0,0.7167956916184784,0.3060010456629682,1.5547236966096412,1.2718490476467716,1.2718490476467716,1.3821722034536796,1.2718490476467716,0.0,0.0,14.430869689661812,hard,0.22526125129507604,0.3181060755232774,0.3800025591056262,0.3411491179932065
0.0,0.0,0.5855108940775473,0.3060010456629682,1.5547236966096412,1.2718490476467716,1.2718490476467716,1.3821722034536796,1.2718490476467716,0.0,0.0,14.430869689661812,hard,0.22526125129507604,0.3181060755232774,0.3800025591056262,0.3411491179932065
0.0,0.0,0.7455691842235457,0.3060010456629682,1.5547236966096412,1.2718490476467716,1.2718490476467716,1.3821722034536796,1.2718490476467716,0.0,0.0,14.430869689661812,hard,0.22526125129507604,0.3181060755232774,0.3800025591056262,0.3411491179932065
0.0,0.0,0.585862911445691,0.3060010456629682,1.5547236966096412,1.2718490476467716,1.2718490476467716,1.3821722034536796,1.2718490476467716,0.0,0.0,14.430869689661812,hard,0.22526125129507604,0.3181060755232774,0.3800025591056262,0.3411491179932065
0.0,0.0,6.532109386245379,0.3060010456629682,1.499358047273798,1.2718490476467716,1.2718490476467716,1.6135674761223964,1.2718490476467716,0.0,0.0,14.430869689661812,hard,0.22526125129507604,0.3181060755232774,0.3800025591056262,0.3411491179932065
0.0,0.0,0.6180316325702678,0.3060010456629682,1.501822210506441,1.2718490476467716,1.2718490476467716,1.6135674761223964,1.2718490476467716,0.0,0.0,14.430869689661812,hard,0.22526125129507604,0.3181060755232774,0.3800025591056262,0.3411491179932065
0.0,0.0,0.8061357097136462,0.3060010456629682,1.5043548478891127,1.2718490476467716,1.2718490476467716,1.6135674761223964,1.2718490476467716,0.0,0.0,14.430869689661812,hard,0.22526125129507604,0.3181060755232774,0.3800025591056262,0.3411491179932065
0.0,0.0,6.662137602805879,0.3060010456629682,1.5072761709872506,1.2718490476467716,1.2718490476467716,1.6135674761223964,1.2718490476467716,0.0,0.0,14.430869689661812,hard,0.22526125129507604,0.3181060755232774,0.3800025591056262,0.3411491179932065
0.0,0.0,0.7722004460158922,0.3060010456629682,1.510294073535045,1.2718490476467716,1.2718490476467716,1.6135674761223964,1.2718490476467716,0.0,0.0,14.430869689661812,hard,0.22526125129507604,0.3181060755232774,0.3800025591056262,0.3411491179932065
0.0,0.0,0.5867258052219482,0.3060010456629682,1.5136643156054748,1.2718490476467716,1.2718490476467716,1.6135674761223964,1.2718490476467716,0.0,0.0,14.430869689661812,hard,0.22526125129507604,0.3181060755232774,0.3800025591056262,0.3411491179932065
0.0,0.0,0.7436578897961522,0.3060010456629682,1.5173790489564105,1.2718490476467716,1.2718490476467716,1.6135674761223964,1.2718490476467716,0.0,0.0,14.430869689661812,hard,0.22526125129507604,0.3181060755232774,0.3800025591056262,0.3411491179932065
0.0,0.0,6.28144003011785,0.3060010456629682,1.521167124232311,1.2718490476467716,1.2718490476467716,1.6135674761223964,1.2718490476467716,0.0,0.0,14.430869689661812,hard,0.22526125129507604,0.3181060755232774,0.3800025591056262,0.3411491179932065
0.0,0.0,0.7863361148234164,0.3060010456629682,1.5254030298511176,1.2718490476467716,1.2718490476467716,1.6135674761223964,1.2718490476467716,0.0,0.0,14.430869689661812,hard,0.22526125129507604,0.3181060755232774,0.3800025591056262,0.3411491179932065
0.0,0.0,0.5737267213459769,0.3060010456629682,1.5298850523028387,1.2718490476467716,1.2718490476467716,1.6135674761223964,1.2718490476467716,0.0,0.0,14.430869689661812,hard,0.22526125129507604,0.3181060755232774,0.3800025591056262,0.3411491179932065
0.0,0.0,0.7946671281320474,0.3060010456629682,1.5345108309215676,1.2718490476467716,1.2718490476467716,1.6135674761223964,1.2718490476467716,0.0,0.0,14.430869689661812,hard,0.22526125129507604,0.3181060755232774,0.3800025591056262,0.3411491179932065
0.0,0.0,3.577551715328861,0.3060010456629682,1.5381940704418853,1.2718490476467716,1.2718490476467716,1.6135674761223964,1.2718490476467716,0.0,0.0,14.430869689661812,hard,0.22526125129507604,0.3181060755232774,0.3800025591056262,0.3411491179932065
0.0,0.0,0.7456316466993962,0.3060010456629682,1.543206520408511,1.2718490476467716,1.2718490476467716,1.6135674761223964,1.2718490476467716,0.0,0.0,14.430869689661812,hard,0.22526125129507604,0.3181060755232774,0.3800025591056262,0.3411491179932065
0.0,0.0,0.6428142345533472,0.3060010456629682,1.5486498456803022,1.2718490476467716,1.2718490476467716,1.6135674761223964,1.2718490476467716,0.0,0.0,14.430869689661812,hard,0.22526125129507604,0.3181060755232774,0.3800025591056262,0.3411491179932065
0.0,0.0,0.7460331698944794,0.3060010456629682,1.553647512582868,1.2718490476467716,1.2718490476467716,1.6135674761223964,1.2718490476467716,0.0,0.0,14.430869689661812,hard,0.22526125129507604,0.3181060755232774,0.3800025591056262,0.3411491179932065
0.0,0.0,7.202753344657726,0.3060010456629682,1.5547236966096412,1.2718490476467716,1.2718490476467716,1.6135674761223964,1.2718490476467716,0.0,0.0,14.430869689661812,hard,0.22526125129507604,0.3181060755232774,0.3800025591056262,0.3411491179932065
0.0,0.0,0.7822731086840038,0.3060010456629682,1.5547236966096412,1.2718490476467716,1.2718490476467716,1.6135674761223964,1.2718490476467716,0.0,0.0,14.430869689661812,hard,0.22526125129507604,0.3181060755232774,0.3800025591056262,0.3411491179932065
0.0,0.0,0.5846033143923633,0.3060010456629682,1.5547236966096412,1.2718490476467716,1.2718490476467716,1.6135674761223964,1.2718490476467716,0.0,0.0,14.430869689661812,hard,0.22526125129507604,0.3181060755232774,0.3800025591056262,0.3411491179932065
0.0,0.0,0.7260152685145919,0.3060010456629682,1.5547236966096412,1.2718490476467716,1.2718490476467716,1.6135674761223964,1.2718490476467716,0.0,0.0,14.430869689661812,hard,0.22526125129507604,0.3181060755232774,0.3800025591056262,0.3411491179932065
0.0,0.0,0.5840743992950664,0.3060010456629682,1.5547236966096412,1.2718490476467716,1.2718490476467716,1.6135674761223964,1.2718490476467716,0.0,0.0,14.430869689661812,hard,0.22526125129507604,0.3181060755232774,0.3800025591056262,0.3411491179932065
0.0,0.0,6.485128407262769,0.3060010456629682,1.4994270609973193,1.2718490476467716,1.2718490476467716,1.8465102220134064,1.2718490476467716,0.0,0.0,14.430869689661812,hard,0.22526125129507604,0.3181060755232774,0.3800025591056262,0.3411491179932065
0.0,0.0,0.650890527962326,0.3060010456629682,1.501906768572514,1.2718490476467716,1.2718490476467716,1.8465102220134064,1.2718490476467716,0.0,0.0,14.430869689661812,hard,0.22526125129507604,0.3181060755232774,0.3800025591056262,0.3411491179932065
0.0,0.0,0.7765867410256424,0.3060010456629682,1.5047433879519225,1.2718490476467716,1.2718490476467716,1.8465102220134064,1.2718490476467716,0.0,0.0,14.430869689661812,hard,0.22526125129507604,0.3181060755232774,0.3800025591056262,0.3411491179932065
0.0,0.0,0.585612500526269,0.3060010456629682,1.5076700170319521,1.2718490476467716,1.2718490476467716,1.8465102220134064,1.2718490476467716,0.0,0.0,14.430869689661812,hard,0.22526125129507604,0.3181060755232774,0.3800025591056262,0.3411491179932065
0.0,0.0,0.7671971951525085,0.3060010456629682,1.5109571764753695,1.2718490476467716,1.2718490476467716,1.8465102220134064,1.2718490476467716,0.0,0.0,14.430869689661812,hard,0.22526125129507604,0.3181060755232774,0.3800025591056262,0.3411491179932065
0.0,0.0,0.6294945079260706,0.3060010456629682,1.5144690862812726,1.2718490476467716,1.2718490476467716,1.8465102220134064,1.2718490476467716,0.0,0.0,14.430869689661812,hard,0.22526125129507604,0.3181060755232774,0.3800025591056262,0.3411491179932065
0.0,0.0,0.76095367550818,0.3060010456629682,1.51818829215717,1.2718490476467716,1.2718490476467716,1.8465102220134064,1.2718490476467716,0.0,0.0,14.430869689661812,hard,0.22526125129507604,0.3181060755232774,0.3800025591056262,0.3411491179932065
0.0,0.0,0.5998544534347874,0.3060010456629682,1.5220342841898056,1.2718490476467716,1.2718490476467716,1.8465102220134064,1.2718490476467716,0.0,0.0,14.430869689661812,hard,0.22526125129507604,0.3181060755232774,0.3800025591056262,0.3411491179932065
0.0,0.0,6.682953073827189,0.3060010456629682,1.5252105400310094,1.2718490476467716,1.2718490476467716,1.8465102220134064,1.2718490476467716,0.0,0.0,14.430869689661812,hard,0.22526125129507604,0.3181060755232774,0.3800025591056262,0.3411491179932065
0.0,0.0,0.7754161363225565,0.3060010456629682,1.5295622509581646,1.2718490476467716,1.2718490476467716,1.8465102220134064,1.2718490476467716,0.0,0.0,14.430869689661812,hard,0.22526125129507604,0.3181060755232774,0.3800025591056262,0.3411491179932065
0.0,0.0,0.600413189326172,0.3060010456629682,1.5331301849115795,1.2718490476467716,1.2718490476467716,1.8465102220134064,1.2718490476467716,0.0,0.0,14.430869689661812,hard,0.22526125129507604,0.3181060755232774,0.3800025591056262,0.3411491179932065
0.0,0.0,0.7415837962123909,0.3060010456629682,1.5377975884127142,1.2718490476467716,1.2718490476467716,1.8465102220134064,1.2718490476467716,0.0,0.0,14.430869689661812,hard,0.22526125129507604,0.3181060755232774,0.3800025591056262,0.3411491179932065
0.0,0.0,6.700567162607845,0.3060010456629682,1.5426501966315052,1.2718490476467716,1.2718490476467716,1.8465102220134064,1.2718490476467716,0.0,0.0,14.430869689661812,hard,0.22526125129507604,0.3181060755232774,0.3800025591056262,0.3411491179932065
0.0,0.0,0.7422239790159986,0.3060010456629682,1.5478282364424896,1.2718490476467716,1.2718490476467716,1.8465102220134064,1.2718490476467716,0.0,0.0,14.430869689661812,hard,0.22526125129507604,0.3181060755232774,0.3800025591056262,0.3411491179932065
0.0,0.0,0.587813011507552,0.3060010456629682,1.5529904709470062,1.2718490476467716,1.2718490476467716,1.8465102220134064,1.2718490476467716,0.0,0.0,14.430869689661812,hard,0.22526125129507604,0.3181060755232774,0.3800025591056262,0.3411491179932065
0.0,0.0,0.7860551462178442,0.3060010456629682,1.5547236966096412,1.2718490476467716,1.2718490476467716,1.8465102220134064,1.2718490476467716,0.0,0.0,14.430869689661812,hard,0.22526125129507604,0.3181060755232774,0.3800025591056262,0.3411491179932065
0.0,0.0,3.577474188387071,0.3060010456629682,1.5547236966096412,1.2718490476467716,1.2718490476467716,1.8465102220134064,1.2718490476467716,0.0,0.0,14.430869689661812,hard,0.22526125129507604,0.3181060755232774,0.3800025591056262,0.3411491179932065
0.0,0.0,0.7672404522460131,0.3060010456629682,1.5547236966096412,1.2718490476467716,1.2718490476467716,1.8465102220134064,1.2718490476467716,0.0,0.0,14.430869689661812,hard,0.22526125129507604,0.3181060755232774,0.3800025591056262,0.3411491179932065
0.0,0.0,0.6207098208481971,0.3060010456629682,1.5547236966096412,1.2718490476467716,1.2718490476467716,1.8465102220134064,1.2718490476467716,0.0,0.0,14.430869689661812,hard,0.22526125129507604,0.3181060755232774,0.3800025591056262,0.3411491179932065
0.0,0.0,0.7211416180221403,0.3060010456629682,1.5547236966096412,1.2718490476467716,1.2718490476467716,1.8465102220134064,1.2718490476467716,0.0,0.0,14.430869689661812,hard,0.22526125129507604,0.3181060755232774,0.3800025591056262,0.3411491179932065
0.0,0.0,10.27518536488596,0.3060010456629682,1.4994304666373233,1.2718490476467716,1.2718490476467716,2.080480713681336,1.2718490476467716,0.0,0.0,14.430869689661812,hard,0.22526125129507604,0.3181060755232774,0.3800025591056262,0.3411491179932065
0.0,0.0,15.309879162059811,0.30581850037228053,1.5004650160635757,1.2718490476467716,1.2718490476467716,2.080480713681336,1.2718490476467716,0.0,15.120000000000001,14.430869689661812,hard,0.22491874388287197,0.3178409697669324,0.3800025591056262,0.3411491179932065
0.0,0.0,0.5804217041697086,0.30581850037228053,1.5031646425524199,1.2718490476467716,1.2718490476467716,2.080480713681336,1.2718490476467716,0.0,0.0,14.430869689661812,hard,0.22491874388287197,0.3178409697669324,0.3800025591056262,0.3411491179932065
0.0,0.0,0.7750915737699942,0.30581850037228053,1.5061850762481939,1.2718490476467716,1.2718490476467716,2.080480713681336,1.2718490476467716,0.0,0.0,14.430869689661812,hard,0.22491874388287197,0.3178409697669324,0.3800025591056262,0.3411491179932065
0.0,0.0,0.5880824482282598,0.30581850037228053,1.5094549461014537,1.2718490476467716,1.2718490476467716,2.080480713681336,1.2718490476467716,0.0,0.0,14.430869689661812,hard,0.22491874388287197,0.3178409697669324,0.3800025591056262,0.3411491179932065
0.0,0.0,0.771409514724491,0.30581850037228053,1.5128768710624974,1.2718490476467716,1.2718490476467716,2.080480713681336,1.2718490476467716,0.0,0.0,14.430869689661812,hard,0.22491874388287197,0.3178409697669324,0.3800025591056262,0.3411491179932065
0.0,0.0,0.5885074742352484,0.30581850037228053,1.5164886961047197,1.2718490476467716,1.2718490476467716,2.080480713681336,1.2718490476467716,0.0,0.0,14.430869689661812,hard,0.22491874388287197,0.3178409697669324,0.3800025591056262,0.3411491179932065
0.0,0.0,0.7989924686582899,0.30581850037228053,1.5204672771906838,1.2718490476467716,1.2718490476467716,2.080480713681336,1.2718490476467716,0.0,0.0,14.430869689661812,hard,0.22491874388287197,0.3178409697669324,0.3800025591056262,0.3411491179932065
0.0,0.0,0.5666194803364819,0.30581850037228053,1.5246631986220442,1.2718490476467716,1.2718490476467716,2.080480713681336,1.2718490476467716,0.0,0.0,14.430869689661812,hard,0.22491874388287197,0.3178409697669324,0.3800025591056262,0.3411491179932065
0.0,0.0,0.7873144177120412,0.30581850037228053,1.5292260154664543,1.2718490476467716,1.2718490476467716,2.080480713681336,1.2718490476467716,0.0,0.0,14.430869689661812,hard,0.22491874388287197,0.3178409697669324,0.3800025591056262,0.3411491179932065
0.0,0.0,0.6159882822989099,0.30581850037228053,1.5337770783743367,1.2718490476467716,1.2718490476467716,2.080480713681336,1.2718490476467716,0.0,0.0,14.430869689661812,hard,0.22491874388287197,0.3178409697669324,0.3800025591056262,0.3411491179932065
0.0,0.0,0.7391417865211937,0.30581850037228053,1.5384332340733062,1.2718490476467716,1.2718490476467716,2.080480713681336,1.2718490476467716,0.0,0.0,14.430869689661812,hard,0.22491874388287197,0.3178409697669324,0.3800025591056262,0.3411491179932065
0.0,0.0,1.337963829326731,0.30582485055065767,1.5442901237804596,1.2718490476467716,1.2718490476467716,2.080480713681336,1.2718490476467716,0.0,0.27999999999999997,14.430869689661812,hard,0.22491874388287197,0.3178409697669324,0.3800025591056262,0.34116270607360405
0.0,0.0,6.739430238027958,0.30582485055065767,1.5504089118129867,1.2718490476467716,1.2718490476467716,2.080480713681336,1.2718490476467716,0.0,0.0,14.430869689661812,hard,0.22491874388287197,0.3178409697669324,0.3800025591056262,0.34116270607360405
0.0,0.0,1.090832361396903,0.30582485055065767,1.5555840728673043,1.2718490476467716,1.2718490476467716,2.080480713681336,1.2718490476467716,0.0,0.0,14.430869689661812,hard,0.22491874388287197,0.3178409697669324,0.3800025591056262,0.34116270607360405
0.0,0.0,0.9907001753367535,0.30582485055065767,1.5564856333237607,1.2718490476467716,1.2718490476467716,2.080480713681336,1.2718490476467716,0.0,0.0,14.430869689661812,hard,0.22491874388287197,0.3178409697669324,0.3800025591056262,0.34116270607360405
0.0,0.0,1.021139056562993,0.30582485055065767,1.5575916502777194,1.2718490476467716,1.2718490476467716,2.080480713681336,1.2718490476467716,0.0,0.0,14.430869689661812,hard,0.22491874388287197,0.3178409697669324,0.3800025591056262,0.34116270607360405
0.0,0.0,6.650320856130705,0.30582485055065767,1.5587897887298705,1.2718490476467716,1.2718490476467716,2.080480713681336,1.2718490476467716,0.0,0.0,14.430869689661812,hard,0.22491874388287197,0.3178409697669324,0.3800025591056262,0.34116270607360405
0.0,0.0,1.1063293068831248,0.30582485055065767,1.5600905756668575,1.2718490476467716,1.2718490476467716,2.080480713681336,1.2718490476467716,0.0,0.0,14.430869689661812,hard,0.22491874388287197,0.3178409697669324,0.3800025591056262,0.34116270607360405
0.0,0.0,1.0013582469791122,0.30582485055065767,1.5613841461999294,1.2718490476467716,1.2718490476467716,2.080480713681336,1.2718490476467716,0.0,0.0,14.430869689661812,hard,0.22491874388287197,0.3178409697669324,0.3800025591056262,0.34116270607360405
0.0,0.0,7.15535129970521,0.30582485055065767,1.4961304526422323,1.2718490476467716,1.2718490476467716,2.3228430855311775,1.2718490476467716,0.0,0.0,14.430869689661812,hard,0.22491874388287197,0.3178409697669324,0.3800025591056262,0.34116270607360405
0.0,0.0,3.6745208189571454,0.30582485055065767,1.4989566879655498,1.2718490476467716,1.2718490476467716,2.3228430855311775,1.2718490476467716,0.0,0.0,14.430869689661812,hard,0.22491874388287197,0.3178409697669324,0.3800025591056262,0.34116270607360405
0.0,0.0,1.095278737188755,0.30582485055065767,1.502215056391499,1.2718490476467716,1.2718490476467716,2.3228430855311775,1.2718490476467716,0.0,0.0,14.430869689661812,hard,0.22491874388287197,0.3178409697669324,0.3800025591056262,0.34116270607360405
0.0,0.0,1.0783305956894529,0.30582485055065767,1.5059106672217464,1.2718490476467716,1.2718490476467716,2.3228430855311775,1.2718490476467716,0.0,0.0,14.430869689661812,hard,0.22491874388287197,0.3178409697669324,0.3800025591056262,0.34116270607360405
0.0,0.0,1.126198776009455,0.30582485055065767,1.5099144844544452,1.2718490476467716,1.2718490476467716,2.3228430855311775,1.2718490476467716,0.0,0.0,14.430869689661812,hard,0.22491874388287197,0.3178409697669324,0.3800025591056262,0.34116270607360405
0.0,0.0,7.28631233385415,0.30582485055065767,1.5142653668969859,1.2718490476467716,1.2718490476467716,2.3228430855311775,1.2718490476467716,0.0,0.0,14.430869689661812,hard,0.22491874388287197,0.3178409697669324,0.3800025591056262,0.34116270607360405
0.0,0.0,0.9963581100324835,0.30582485055065767,1.5187084590089415,1.2718490476467716,1.2718490476467716,2.3228430855311775,1.2718490476467716,0.0,0.0,14.430869689661812,hard,0.22491874388287197,0.3178409697669324,0.3800025591056262,0.34116270607360405
0.0,0.0,1.0327391997337743,0.30582485055065767,1.5234710352617553,1.2718490476467716,1.2718490476467716,2.3228430855311775,1.2718490476467716,0.0,0.0,14.430869689661812,hard,0.22491874388287197,0.3178409697669324,0.3800025591056262,0.34116270607360405
0.0,0.0,1.0398772767188338,0.30582485055065767,1.528520046835077,1.2718490476467716,1.2718490476467716,2.3228430855311775,1.2718490476467716,0.0,0.0,14.430869689661812,hard,0.22491874388287197,0.3178409697669324,0.3800025591056262,0.34116270607360405
0.0,0.0,0.7950278273837175,0.30582485055065767,1.5331966116183815,1.2718490476467716,1.2718490476467716,2.3228430855311775,1.2718490476467716,0.0,0.0,14.430869689661812,hard,0.22491874388287197,0.3178409697669324,0.3800025591056262,0.34116270607360405
0.0,0.0,1.131580041895891,0.30582485055065767,1.538907320069123,1.2718490476467716,1.2718490476467716,2.3228430855311775,1.2718490476467716,0.0,0.0,14.430869689661812,hard,0.22491874388287197,0.3178409697669324,0.3800025591056262,0.34116270607360405
0.0,0.0,0.8947002328785066,0.30582485055065767,1.5450058130105988,1.2718490476467716,1.2718490476467716,2.3228430855311775,1.2718490476467716,0.0,0.0,14.430869689661812,hard,0.22491874388287197,0.3178409697669324,0.3800025591056262,0.34116270607360405
0.0,0.0,1.0957588327535321,0.30582485055065767,1.551471553113772,1.2718490476467716,1.2718490476467716,2.3228430855311775,1.2718490476467716,0.0,0.0,14.430869689661812,hard,0.22491874388287197,0.3178409697669324,0.3800025591056262,0.34116270607360405
0.0,0.0,0.6530348699791402,0.30582485055065767,1.55665051676469,1.2718490476467716,1.2718490476467716,2.3228430855311775,1.2718490476467716,0.0,0.0,14.430869689661812,hard,0.22491874388287197,0.3178409697669324,0.3800025591056262,0.34116270607360405
0.0,0.0,0.7781862582580235,0.30582485055065767,1.5610789941413237,1.2718490476467716,1.2718490476467716,2.3228430855311775,1.2718490476467716,0.0,0.0,14.430869689661812,hard,0.22491874388287197,0.3178409697669324,0.3800025591056262,0.34116270607360405
0.0,0.0,0.6468094342615045,0.30582485055065767,1.5621292953807642,1.2718490476467716,1.2718490476467716,2.3228430855311775,1.2718490476467716,0.0,0.0,14.430869689661812,hard,0.22491874388287197,0.3178409697669324,0.3800025591056262,0.34116270607360405
0.0,0.0,0.7384621999971126,0.30582485055065767,1.5621292953807642,1.2718490476467716,1.2718490476467716,2.3228430855311775,1.2718490476467716,0.0,0.0,14.430869689661812,hard,0.22491874388287197,0.3178409697669324,0.3800025591056262,0.34116270607360405
0.0,0.0,0.6077828496173808,0.30582485055065767,1.5621292953807642,1.2718490476467716,1.2718490476467716,2.3228430855311775,1.2718490476467716,0.0,0.0,14.430869689661812,hard,0.22491874388287197,0.3178409697669324,0.3800025591056262,0.34116270607360405
0.0,0.0,6.775365499098165,0.30582485055065767,1.5621292953807642,1.2718490476467716,1.2718490476467716,2.3228430855311775,1.2718490476467716,0.0,0.0,14.430869689661812,hard,0.22491874388287197,0.3178409697669324,0.3800025591056262,0.34116270607360405
0.0,0.0,0.6137487735301993,0.30582485055065767,1.5621292953807642,1.2718490476467716,1.2718490476467716,2.3228430855311775,1.2718490476467716,0.0,0.0,14.430869689661812,hard,0.22491874388287197,0.3178409697669324,0.3800025591056262,0.34116270607360405
0.0,0.0,6.508225494191717,0.30582485055065767,1.5078717571785747,1.2718490476467716,1.2718490476467716,2.5568730903195025,1.2718490476467716,0.0,0.0,14.430869689661812,hard,0.22491874388287197,0.3178409697669324,0.3800025591056262,0.34116270607360405
0.0,0.0,0.6344805390129863,0.30582485055065767,1.5102722508608581,1.2718490476467716,1.2718490476467716,2.5568730903195025,1.2718490476467716,0.0,0.0,14.430869689661812,hard,0.22491874388287197,0.3178409697669324,0.3800025591056262,0.34116270607360405
0.0,0.0,6.4365214552846455,0.30582485055065767,1.5129538950286685,1.2718490476467716,1.2718490476467716,2.5568730903195025,1.2718490476467716,0.0,0.0,14.430869689661812,hard,0.22491874388287197,0.3178409697669324,0.3800025591056262,0.34116270607360405
0.0,0.0,0.5925346322480556,0.30582485055065767,1.5157236971525017,1.2718490476467716,1.2718490476467716,2.5568730903195025,1.2718490476467716,0.0,0.0,14.430869689661812,hard,0.22491874388287197,0.3178409697669324,0.3800025591056262,0.34116270607360405
0.0,0.0,0.7482346208774342,0.30582485055065767,1.518886311003624,1.2718490476467716,1.2718490476467716,2.5568730903195025,1.2718490476467716,0.0,0.0,14.430869689661812,hard,0.22491874388287197,0.3178409697669324,0.3800025591056262,0.34116270607360405
0.0,0.0,0.6076686492192473,0.30582485055065767,1.522200176040969,1.2718490476467716,1.2718490476467716,2.5568730903195025,1.2718490476467716,0.0,0.0,14.430869689661812,hard,0.22491874388287197,0.3178409697669324,0.3800025591056262,0.34116270607360405
0.0,0.0,3.6464702010717933,0.30582485055065767,1.525810229720128,1.2718490476467716,1.2718490476467716,2.5568730903195025,1.2718490476467716,0.0,0.0,14.430869689661812,hard,0.22491874388287197,0.3178409697669324,0.3800025591056262,0.34116270607360405
0.0,0.0,0.6211099919598848,0.30582485055065767,1.5297614298528983,1.2718490476467716,1.2718490476467716,2.5568730903195025,1.2718490476467716,0.0,0.0,14.430869689661812,hard,0.22491874388287197,0.3178409697669324,0.3800025591056262,0.34116270607360405
0.0,0.0,0.7500547747004921,0.30582485055065767,1.5337506013899653,1.2718490476467716,1.2718490476467716,2.5568730903195025,1.2718490476467716,0.0,0.0,14.430869689661812,hard,0.22491874388287197,0.3178409697669324,0.3800025591056262,0.34116270607360405
0.0,0.0,0.6257071888141451,0.30582485055065767,1.5380655734900863,1.2718490476467716,1.2718490476467716,2.5568730903195025,1.2718490476467716,0.0,0.0,14.430869689661812,hard,0.22491874388287197,0.3178409697669324,0.3800025591056262,0.34116270607360405
0.0,0.0,7.350238562231027,0.30582485055065767,1.5425916553569325,1.2718490476467716,1.2718490476467716,2.5568730903195025,1.2718490476467716,0.0,0.0,14.430869689661812,hard,0.22491874388287197,0.3178409697669324,0.3800025591056262,0.34116270607360405
0.0,0.0,0.6575683842507583,0.30582485055065767,1.546506639906375,1.2718490476467716,1.2718490476467716,2.5568730903195025,1.2718490476467716,0.0,0.0,14.430869689661812,hard,0.22491874388287197,0.3178409697669324,0.3800025591056262,0.34116270607360405
0.0,0.0,0.788777938198225,0.30582485055065767,1.5515111389423182,1.2718490476467716,1.2718490476467716,2.5568730903195025,1.2718490476467716,0.0,0.0,14.430869689661812,hard,0.22491874388287197,0.3178409697669324,0.3800025591056262,0.34116270607360405
0.0,0.0,0.633636291321229,0.30582485055065767,1.5566929537385774,1.2718490476467716,1.2718490476467716,2.5568730903195025,1.2718490476467716,0.0,0.0,14.430869689661812,hard,0.22491874388287197,0.3178409697669324,0.3800025591056262,0.34116270607360405
0.0,0.0,0.733299129633244,0.30582485055065767,1.56105077117845,1.2718490476467716,1.2718490476467716,2.5568730903195025,1.2718490476467716,0.0,0.0,14.430869689661812,hard,0.22491874388287197,0.3178409697669324,0.3800025591056262,0.34116270607360405
0.0,0.0,0.6379115402076748,0.30582485055065767,1.5621292953807642,1.2718490476467716,1.2718490476467716,2.5568730903195025,1.2718490476467716,0.0,0.0,14.430869689661812,hard,0.22491874388287197,0.3178409697669324,0.3800025591056262,0.34116270607360405
0.0,0.0,7.3844968810662825,0.3058181337249251,1.5621292953807642,1.2718490476467716,1.2718490476467716,2.5568730903195025,1.2718490476467716,0.0,7.5600000000000005,14.430869689661812,hard,0.22491874388287197,0.3178409697669324,0.3799985913543802,0.34108418125379886
0.0,0.0,8.284008595106581,0.3058141088244087,1.5621292953807642,1.2718490476467716,1.2718490476467716,2.5568730903195025,1.2718490476467716,0.0,7.42,14.430869689661812,hard,0.22491874388287197,0.3178409697669324,0.38000109848037045,0.3410467919016738
0.0,0.0,10.492148118212954,0.3058115709100588,1.5621292953807642,1.2718490476467716,1.2718490476467716,2.5568730903195025,1.2718490476467716,0.0,10.22,14.430869689661812,hard,0.22491874388287197,0.3178409697669324,0.3800328674519752,0.34102144794352146
0.0,0.0,22.166616575292156,0.3058218319373808,1.56361181952259,1.2718490476467716,1.2718490476467716,2.5568730903195025,1.2718490476467716,0.0,22.12,14.430869689661812,hard,0.22491874388287197,0.3178409697669324,0.3801353878084463,0.3408966134938134
0.0,0.0,18.131251459056436,0.30584552276406135,1.496588977152398,1.2718490476467716,1.2718490476467716,2.8039971469315015,1.2718490476467716,0.0,16.66,14.430869689661812,hard,0.22491874388287197,0.3178371564323221,0.3802594651782229,0.34085572598939945
0.0,0.0,20.216411096398843,0.30587799602140947,1.499596044042103,1.2718490476467716,1.2718490476467716,2.8039971469315015,1.2718490476467716,0.0,15.120000000000001,14.430869689661812,hard,0.22491874388287197,0.3178272235221174,0.38041649330738153,0.3408514019989911
0.0,0.0,11.895336038434788,0.30591091391126,1.5030040049102251,1.2718490476467716,1.2718490476467716,2.8039971469315015,1.2718490476467716,0.0,11.620000000000001,14.430869689661812,hard,0.22491874388287197,0.3178221562510727,0.3805290857965833,0.34086104618505664
0.0,0.0,6.606348999874966,0.30591091391126,1.5066770605900988,1.2718490476467716,1.2718490476467716,2.8039971469315015,1.2718490476467716,0.0,0.0,14.430869689661812,hard,0.22491874388287197,0.3178221562510727,0.3805290857965833,0.34086104618505664
0.0,0.0,1.1761222227704025,0.30591091391126,1.5106462580156288,1.2718490476467716,1.2718490476467716,2.8039971469315015,1.2718490476467716,0.0,0.0,14.430869689661812,hard,0.22491874388287197,0.3178221562510727,0.3805290857965833,0.34086104618505664
0.0,0.0,0.8653082372926977,0.30591091391126,1.5150868081513742,1.2718490476467716,1.2718490476467716,2.8039971469315015,1.2718490476467716,0.0,0.0,14.430869689661812,hard,0.22491874388287197,0.3178221562510727,0.3805290857965833,0.34086104618505664
0.0,0.0,1.1094247921057376,0.30591091391126,1.519757374832034,1.2718490476467716,1.2718490476467716,2.8039971469315015,1.2718490476467716,0.0,0.0,14.430869689661812,hard,0.22491874388287197,0.3178221562510727,0.3805290857965833,0.34086104618505664
0.0,0.0,6.720058994672769,0.30591091391126,1.5247104612991575,1.2718490476467716,1.2718490476467716,2.8039971469315015,1.2718490476467716,0.0,0.0,14.430869689661812,hard,0.22491874388287197,0.3178221562510727,0.3805290857965833,0.34086104618505664
0.0,0.0,1.1825242983425786,0.30591091391126,1.5302016652421284,1.2718490476467716,1.2718490476467716,2.8039971469315015,1.2718490476467716,0.0,0.0,14.430869689661812,hard,0.22491874388287197,0.3178221562510727,0.3805290857965833,0.34086104618505664
0.0,0.0,0.9439766495690545,0.30591091391126,1.536036526590296,1.2718490476467716,1.2718490476467716,2.8039971469315015,1.2718490476467716,0.0,0.0,14.430869689661812,hard,0.22491874388287197,0.3178221562510727,0.3805290857965833,0.34086104618505664
0.0,0.0,1.1241544484360657,0.30591091391126,1.541959763541418,1.2718490476467716,1.2718490476467716,2.8039971469315015,1.2718490476467716,0.0,0.0,14.430869689661812,hard,0.22491874388287197,0.3178221562510727,0.3805290857965833,0.34086104618505664
0.0,0.0,3.6225811474885043,0.30591091391126,1.5483001035939434,1.2718490476467716,1.2718490476467716,2.8039971469315015,1.2718490476467716,0.0,0.0,14.430869689661812,hard,0.22491874388287197,0.3178221562510727,0.3805290857965833,0.34086104618505664
0.0,0.0,1.0936224764966396,0.30591091391126,1.5546155838353393,1.2718490476467716,1.2718490476467716,2.8039971469315015,1.2718490476467716,0.0,0.0,14.430869689661812,hard,0.22491874388287197,0.3178221562510727,0.3805290857965833,0.34086104618505664
0.0,0.0,0.9218684898701138,0.30591091391126,1.5615134664066932,1.2718490476467716,1.2718490476467716,2.8039971469315015,1.2718490476467716,0.0,0.0,14.430869689661812,hard,0.22491874388287197,0.3178221562510727,0.3805290857965833,0.34086104618505664
0.0,0.0,0.7661656641952551,0.30591091391126,1.5657945072644117,1.2718490476467716,1.2718490476467716,2.8039971469315015,1.2718490476467716,0.0,0.0,14.430869689661812,hard,0.22491874388287197,0.3178221562510727,0.3805290857965833,0.34086104618505664
0.0,0.0,7.202192472293385,0.30591091391126,1.5657945072644117,1.2718490476467716,1.2718490476467716,2.8039971469315015,1.2718490476467716,0.0,0.0,14.430869689661812,hard,0.22491874388287197,0.3178221562510727,0.3805290857965833,0.34086104618505664
0.0,0.0,0.7633986005135015,0.30591091391126,1.5657945072644117,1.2718490476467716,1.2718490476467716,2.8039971469315015,1.2718490476467716,0.0,0.0,14.430869689661812,hard,0.22491874388287197,0.3178221562510727,0.3805290857965833,0.34086104618505664
0.0,0.0,1.0684116267034538,0.30591091391126,1.5674382077239877,1.2718490476467716,1.2718490476467716,2.8039971469315015,1.2718490476467716,0.0,0.0,14.430869689661812,hard,0.22491874388287197,0.3178221562510727,0.3805290857965833,0.34086104618505664
0.0,0.0,1.0094770396066148,0.30591091391126,1.5692683746226845,1.2718490476467716,1.2718490476467716,2.8039971469315015,1.2718490476467716,0.0,0.0,14.430869689661812,hard,0.22491874388287197,0.3178221562510727,0.3805290857965833,0.34086104618505664
0.0,0.0,1.0655598806241429,0.30591091391126,1.5709806535650488,1.2718490476467716,1.2718490476467716,2.8039971469315015,1.2718490476467716,0.0,0.0,14.430869689661812,hard,0.22491874388287197,0.3178221562510727,0.3805290857965833,0.34086104618505664
0.0,0.0,6.991592033691723,0.30591091391126,1.4986028143508021,1.2718490476467716,1.2718490476467716,3.0552250326285297,1.2718490476467716,0.0,0.0,14.430869689661812,hard,0.22491874388287197,0.3178221562510727,0.3805290857965833,0.34086104618505664
0.0,0.0,1.1050027437581607,0.30591091391126,1.5018247576508843,1.2718490476467716,1.2718490476467716,3.0552250326285297,1.2718490476467716,0.0,0.0,14.430869689661812,hard,0.22491874388287197,0.3178221562510727,0.3805290857965833,0.34086104618505664
0.0,0.0,1.0253269859819372,0.30591091391126,1.505364561718321,1.2718490476467716,1.2718490476467716,3.0552250326285297,1.2718490476467716,0.0,0.0,14.430869689661812,hard,0.22491874388287197,0.3178221562510727,0.3805290857965833,0.34086104618505664
0.0,0.0,1.0701737478289035,0.30591091391126,1.50929959232057,1.2718490476467716,1.2718490476467716,3.0552250326285297,1.2718490476467716,0.0,0.0,14.430869689661812,hard,0.22491874388287197,0.3178221562510727,0.3805290857965833,0.34086104618505664
0.0,0.0,0.9762487620341338,0.30591091391126,1.5135209916489214,1.2718490476467716,1.2718490476467716,3.0552250326285297,1.2718490476467716,0.0,0.0,14.430869689661812,hard,0.22491874388287197,0.3178221562510727,0.3805290857965833,0.34086104618505664
0.0,0.0,0.5910341197048603,0.30591091391126,1.5168564463073253,1.2718490476467716,1.2718490476467716,3.0552250326285297,1.2718490476467716,0.0,0.0,14.430869689661812,hard,0.22491874388287197,0.3178221562510727,0.3805290857965833,0.34086104618505664
0.0,0.0,0.7483619553934537,0.30591091391126,1.5205139766926372,1.2718490476467716,1.2718490476467716,3.0552250326285297,1.2718490476467716,0.0,0.0,14.430869689661812,hard,0.22491874388287197,0.3178221562510727,0.3805290857965833,0.34086104618505664
0.0,0.0,0.6004891911293582,0.30591091391126,1.5243463065760685,1.2718490476467716,1.2718490476467716,3.0552250326285297,1.2718490476467716,0.0,0.0,14.430869689661812,hard,0.22491874388287197,0.3178221562510727,0.3805290857965833,0.34086104618505664
0.0,0.0,6.778988744121065,0.30591091391126,1.5285085559625036,1.2718490476467716,1.2718490476467716,3.0552250326285297,1.2718490476467716,0.0,0.0,14.430869689661812,hard,0.22491874388287197,0.3178221562510727,0.3805290857965833,0.34086104618505664
0.0,0.0,1.0366182082321154,0.30591091391126,1.534107527073946,1.2718490476467716,1.2718490476467716,3.0552250326285297,1.2718490476467716,0.0,0.0,14.430869689661812,hard,0.22491874388287197,0.3178221562510727,0.3805290857965833,0.34086104618505664
0.0,0.0,0.9899668100910066,0.30591091391126,1.540139235221925,1.2718490476467716,1.2718490476467716,3.0552250326285297,1.2718490476467716,0.0,0.0,14.430869689661812,hard,0.22491874388287197,0.3178221562510727,0.3805290857965833,0.34086104618505664
0.0,0.0,1.0474017338466193,0.30591091391126,1.5464760486570075,1.2718490476467716,1.2718490476467716,3.0552250326285297,1.2718490476467716,0.0,0.0,14.430869689661812,hard,0.22491874388287197,0.3178221562510727,0.3805290857965833,0.34086104618505664
0.0,0.0,6.621427297137799,0.30591091391126,1.553140051155748,1.2718490476467716,1.2718490476467716,3.0552250326285297,1.2718490476467716,0.0,0.0,14.430869689661812,hard,0.22491874388287197,0.3178221562510727,0.3805290857965833,0.34086104618505664
0.0,0.0,1.0407119604924409,0.30591091391126,1.5599608293537155,1.2718490476467716,1.2718490476467716,3.0552250326285297,1.2718490476467716,0.0,0.0,14.430869689661812,hard,0.22491874388287197,0.3178221562510727,0.3805290857965833,0.34086104618505664
0.0,0.0,0.7535461883025399,0.30591091391126,1.5650045963926424,1.2718490476467716,1.2718490476467716,3.0552250326285297,1.2718490476467716,0.0,0.0,14.430869689661812,hard,0.22491874388287197,0.3178221562510727,0.3805290857965833,0.34086104618505664
0.0,0.0,1.136608142563186,0.30591091391126,1.5677157612296981,1.2718490476467716,1.2718490476467716,3.0552250326285297,1.2718490476467716,0.0,0.0,14.430869689661812,hard,0.22491874388287197,0.3178221562510727,0.3805290857965833,0.34086104618505664
0.0,0.0,3.571237031040419,0.30591091391126,1.5677157612296981,1.2718490476467716,1.2718490476467716,3.0552250326285297,1.2718490476467716,0.0,0.0,14.430869689661812,hard,0.22491874388287197,0.3178221562510727,0.3805290857965833,0.34086104618505664
0.0,0.0,1.0261294237687622,0.30591091391126,1.5695933795534767,1.2718490476467716,1.2718490476467716,3.0552250326285297,1.2718490476467716,0.0,0.0,14.430869689661812,hard,0.22491874388287197,0.3178221562510727,0.3805290857965833,0.34086104618505664
0.0,0.0,0.9693192889134618,0.30591091391126,1.5709806535650488,1.2718490476467716,1.2718490476467716,3.0552250326285297,1.2718490476467716,0.0,0.0,14.430869689661812,hard,0.22491874388287197,0.3178221562510727,0.3805290857965833,0.34086104618505664
0.0,0.0,0.8001456681244634,0.30591091391126,1.5709806535650488,1.2718490476467716,1.2718490476467716,3.0552250326285297,1.2718490476467716,0.0,0.0,14.430869689661812,hard,0.22491874388287197,0.3178221562510727,0.3805290857965833,0.34086104618505664
0.0,0.0,68.92291445109977,0.30591091391126,1.5174155612693558,1.2718490476467716,1.2718490476467716,3.2878564445547194,1.2718490476467716,0.0,0.0,14.430869689661812,hard,0.22491874388287197,0.3178221562510727,0.3805290857965833,0.34086104618505664
