step,timestamp,reward,coverage,cov_trace,altitude,alt_idx,loop_closures,altitude_changes,frontier_count,new_cells,map_seed,difficulty,cov_alt0,cov_alt1,cov_alt2,cov_alt3
0.0,0.0,49.837787507816294,0.009526435178165994,0.03274719157550582,0.0,0.0,0.0,0.0,0.0,49.581484447321664,14.430869689661812,hard,0.028686386322330913,0.01595483477789094,0.0,0.0
0.0,0.0,34.839979419933975,0.010170370508333425,0.04450365311136319,0.0,0.0,0.0,0.0,0.0,34.889110048839015,14.430869689661812,hard,0.03130479245475818,0.01584651189287051,0.0,0.0
0.0,0.0,27.38145006261553,0.0107637183969489,0.05994123500656371,0.0,0.0,0.0,0.0,0.0,27.531981403451514,14.430869689661812,hard,0.03289219312838037,0.016903538959332852,0.0,0.0
0.0,0.0,23.40997398599565,0.010997007577488976,0.07267520035491852,0.0,0.0,0.0,0.0,0.0,22.56648842864126,14.430869689661812,hard,0.03311579478043523,0.017453760493308917,0.0,0.0
0.0,0.0,26.5629562810866,0.011834951858703688,0.07681364891747175,0.0,0.0,0.0,0.0,0.0,26.15060993552541,14.430869689661812,hard,0.03535754096434633,0.018198238291884883,0.0,0.0
0.0,0.0,19.901680831915588,0.012517745606045532,0.09512907079088995,0.0,0.0,0.0,0.0,0.0,19.55480503610302,14.430869689661812,hard,0.03663636677568631,0.019674379072005112,0.0,0.0
0.0,0.0,18.614010743122606,0.012754941173270622,0.09434477698115748,0.0,0.0,0.0,0.0,0.0,18.234308322500198,14.430869689661812,hard,0.03699431755309037,0.02031585080511605,0.0,0.0
0.0,0.0,18.233949686661944,0.012778843022004684,0.10549124036592276,0.0,0.0,0.0,0.0,0.0,17.31335900395992,14.430869689661812,hard,0.03697119631020088,0.020644556413343108,0.0,0.0
0.0,0.0,25.479337605203884,0.012864980265657848,0.11527982567025831,0.0,0.0,0.0,0.0,0.0,25.687008389456334,14.430869689661812,hard,0.03720466605079473,0.021077423136841245,0.0,0.0
0.0,0.0,22.37923968830208,0.012386052995153005,0.12465800394382717,0.0,0.0,0.0,0.0,0.0,22.007498722026543,14.430869689661812,hard,0.036934985170511005,0.019612204444452434,0.0,0.0
0.0,0.0,24.329178764605082,0.012728494959667333,0.12981969013383768,0.0,0.0,0.0,0.0,0.0,22.93895376864429,14.430869689661812,hard,0.037805557660687675,0.01991466310807568,0.0,0.0
0.0,0.0,29.915316309504192,0.01295996050436791,0.13065572742264495,0.0,0.0,0.0,0.0,0.0,28.848077925574177,14.430869689661812,hard,0.03861304825375743,0.019817476040518114,0.0,0.0
0.0,0.0,16.891594299448123,0.013437333537390517,0.1384313180443184,0.0,0.0,0.0,0.0,0.0,15.959962405970762,14.430869689661812,hard,0.039656608725155335,0.02060717264213516,0.0,0.0
0.0,0.0,21.326508973475892,0.014238124910990576,0.1384489144588446,0.0,0.0,0.0,0.0,0.0,20.861447696648476,14.430869689661812,hard,0.04080256462050153,0.022500669403475778,0.0,0.0
0.0,0.0,15.627908138077778,0.014570113453638019,0.14628815764289252,0.0,0.0,0.0,0.0,0.0,15.079045062602606,14.430869689661812,hard,0.041373077795136895,0.022977431732254184,0.0,0.0
0.0,0.0,16.813460606100904,0.014307755596702018,0.15245881717583784,0.0,0.0,0.0,0.0,0.0,16.094719630984567,14.430869689661812,hard,0.040962628471409225,0.022302248167810006,0.0,0.0
0.0,0.0,17.24539594389556,0.014283050495455238,0.1645589741174476,0.0,0.0,0.0,0.0,0.0,16.20498688675804,14.430869689661812,hard,0.040651668938063844,0.022370596951241266,0.0,0.0
0.0,0.0,17.07428891215101,0.014530490174936378,0.17804757986821698,0.0,0.0,0.0,0.0,0.0,15.928904544883181,14.430869689661812,hard,0.04075500067941175,0.02317207875949773,0.0,0.0
0.0,0.0,15.169994371952754,0.015101654405324134,0.18545361446443467,0.0,0.0,0.0,0.0,0.0,14.883023886294074,14.430869689661812,hard,0.04200677000647588,0.02412196798192612,0.0,0.0
0.0,0.0,14.89557304847298,0.015264557600716244,0.19459168513099506,0.0,0.0,0.0,0.0,0.0,14.961617559608987,14.430869689661812,hard,0.04238838722249353,0.024411584624283878,0.0,0.0
0.0,0.0,85.40217369101994,0.01953457763170666,0.22310467522515762,0.45825756949558405,0.45825756949558394,0.0,0.45825756949558394,0.0,76.07161099911058,14.430869689661812,hard,0.042362703830317754,0.02993064934933602,0.02569021990553818,0.0
0.0,0.0,90.82330835194175,0.02104570532391174,0.23507600626170203,0.49839743177508455,0.49839743177508455,0.0,0.49839743177508455,0.0,82.35588382137611,14.430869689661812,hard,0.042921917995143014,0.03350966148570539,0.03330483557900732,0.0
0.0,0.0,64.59120082431974,0.02177031182586144,0.22992203981927323,0.458257569495584,0.458257569495584,0.0,0.458257569495584,0.0,58.13892327864354,14.430869689661812,hard,0.04457928060446576,0.03536824593279725,0.03488554468267649,0.0
0.0,0.0,46.616063789939304,0.021897679020057098,0.23867590647300813,0.4,0.4,0.0,0.4,0.0,42.24121210382108,14.430869689661812,hard,0.04538878751213696,0.037309980956547334,0.03445887749867243,0.0
0.0,0.0,52.39093014943494,0.022588646570664138,0.24833103129058776,0.34698703145794946,0.3469870314579494,0.0,0.3469870314579494,0.0,48.298608675613,14.430869689661812,hard,0.04682609601378493,0.040990598244919914,0.0336440519105992,0.0
0.0,0.0,39.6480557775656,0.024246482182303828,0.2564919368727489,0.34698703145794946,0.3469870314579494,0.0,0.3469870314579494,0.0,39.61468919479238,14.430869689661812,hard,0.04596604366290001,0.045677684967849096,0.03676799722807436,0.0
0.0,0.0,34.83878541100322,0.025955815986240995,0.26053519558230137,0.34698703145794946,0.3469870314579494,0.0,0.3469870314579494,0.0,34.94238114382018,14.430869689661812,hard,0.0465456198061314,0.050289800980399514,0.03976301855154381,0.0
0.0,0.0,24.245571581615884,0.026444219850437403,0.2674851591629743,0.34698703145794946,0.3469870314579494,0.0,0.3469870314579494,0.0,24.156522928600467,14.430869689661812,hard,0.04662452062116338,0.0513036506361152,0.04168982751803528,0.0
0.0,0.0,27.680746263472077,0.02711077711272861,0.261124638274089,0.34698703145794946,0.3469870314579494,0.0,0.3469870314579494,0.0,27.14995395944531,14.430869689661812,hard,0.046088785737714896,0.05304564538578973,0.04345552066289692,0.0
0.0,0.0,32.812767683666536,0.027528978295576982,0.27065806255438063,0.34698703145794946,0.3469870314579494,0.0,0.3469870314579494,0.0,32.47786323020651,14.430869689661812,hard,0.04585383394859056,0.054211074329315184,0.04472140499193714,0.0
0.0,0.0,27.8597908899337,0.028181531463339977,0.2763995667964476,0.34698703145794946,0.3469870314579494,0.0,0.3469870314579494,0.0,28.104206090903904,14.430869689661812,hard,0.04596583964714362,0.05521546642521596,0.04611389976157875,0.0
0.0,0.0,25.290847299279903,0.02894456851894322,0.28867846645956236,0.34698703145794946,0.3469870314579494,0.0,0.3469870314579494,0.0,25.17259621095925,14.430869689661812,hard,0.04649090296934838,0.05699161655685797,0.04733755779365359,0.0
0.0,0.0,25.13514760374353,0.029558208609022578,0.28720291715418744,0.34698703145794946,0.3469870314579494,0.0,0.3469870314579494,0.0,24.658540102771696,14.430869689661812,hard,0.047062532441725174,0.058052494274584095,0.048720236353369015,0.0
0.0,0.0,25.638297159640143,0.03003323300216247,0.29637078446829146,0.34698703145794946,0.3469870314579494,0.0,0.3469870314579494,0.0,25.359621448278755,14.430869689661812,hard,0.04729197234709128,0.05884289558264461,0.04962158284621316,0.0
0.0,0.0,17.138247646496428,0.03039963766428954,0.2903663026077555,0.34698703145794946,0.3469870314579494,0.0,0.3469870314579494,0.0,15.785512345185378,14.430869689661812,hard,0.04767365549507609,0.05927804882471596,0.050083871813477586,0.0
0.0,0.0,32.215218174338276,0.031214094176830305,0.30060391418006827,0.34698703145794946,0.3469870314579494,0.0,0.3469870314579494,0.0,31.324501592204147,14.430869689661812,hard,0.04805298709878847,0.06116135574163675,0.05108594894632711,0.0
0.0,0.0,23.466664906379282,0.03211971800596936,0.30232704507214714,0.34698703145794946,0.3469870314579494,0.0,0.3469870314579494,0.0,22.969545054266966,14.430869689661812,hard,0.048400965859171585,0.06252061389824161,0.05238015499632972,0.0
0.0,0.0,26.627467679104743,0.03297106475100524,0.302135786992868,0.34698703145794946,0.3469870314579494,0.0,0.3469870314579494,0.0,26.110105323418367,14.430869689661812,hard,0.0487849417253328,0.06394340369813015,0.0536563416773191,0.0
0.0,0.0,20.642267680671605,0.033462923231055756,0.30506538427090063,0.34698703145794946,0.3469870314579494,0.0,0.3469870314579494,0.0,19.9824322843842,14.430869689661812,hard,0.04917995292824442,0.0649294500474547,0.05469793902677054,0.0
0.0,0.0,15.600980458352302,0.03391143481916312,0.3168415165703125,0.34698703145794946,0.3469870314579494,0.0,0.3469870314579494,0.0,15.702853243917172,14.430869689661812,hard,0.04990776627021038,0.06610539033726592,0.05505969825142099,0.0
0.0,0.0,18.594235593208477,0.03454241231431944,0.3193654211088763,0.34698703145794946,0.3469870314579494,0.0,0.3469870314579494,0.0,18.112768976608738,14.430869689661812,hard,0.052229519828887926,0.06680447267789041,0.055947232675856835,0.0
0.0,0.0,64.37481400875271,0.03718337364614301,0.3397020948071057,0.5660388679233963,0.5660388679233963,0.0,0.5800000000000001,0.0,58.46927740275229,14.430869689661812,hard,0.05428594453137955,0.06743971639379116,0.05907768435375562,0.0190518494700678
0.0,0.0,79.73535776594336,0.040555534865324976,0.34677089756267077,0.7472616676907762,0.7472616676907762,0.0,0.6939740629158989,0.0,71.99958055433378,14.430869689661812,hard,0.0554962667480389,0.0682449255697938,0.06505759840131325,0.029920612896411413
0.0,0.0,55.78597572486905,0.04229799314551336,0.3586172669208043,0.8811356308764277,0.8811356308764277,0.0,0.7280109889280518,0.0,50.27382619216485,14.430869689661812,hard,0.056179610433558076,0.06846710046112371,0.06898252856230179,0.03594577199159441
0.0,0.0,59.70345623652505,0.04410768862040901,0.3771911846233361,0.938083151964686,0.938083151964686,0.0,0.7211102550927979,0.0,54.565688852977935,14.430869689661812,hard,0.05625716102562365,0.06842446303242393,0.07358850514029229,0.03921515261782011
0.0,0.0,45.155923995272396,0.04482055461139176,0.38182438612946146,0.9789790600416334,0.9789790600416334,0.0,0.705407683541936,0.0,40.99409225729971,14.430869689661812,hard,0.0565434862022933,0.06847322989539459,0.07661443574317066,0.04154990555070521
0.0,0.0,47.083971225191924,0.04461453715422604,0.37794210086106095,0.9643650760992956,0.9643650760992956,0.0,0.5758472019555188,0.0,42.564135137460504,14.430869689661812,hard,0.05687187596747673,0.06771962457034464,0.07374418908076807,0.044154267975235466
0.0,0.0,31.528885262699852,0.044309965740386384,0.38090224323196575,0.9516301802696255,0.9516301802696255,0.0,0.5291502622129182,0.0,30.068993997139312,14.430869689661812,hard,0.05714648359391382,0.06708550107517873,0.07311103057762376,0.04653889929614599
0.0,0.0,34.31092006192544,0.046327874748439204,0.37967284266922513,0.9516301802696255,0.9516301802696255,0.0,0.5291502622129182,0.0,34.322639758619964,14.430869689661812,hard,0.05746797512630474,0.06865453558026813,0.07603752835223976,0.05029925568933209
0.0,0.0,23.979731005026203,0.04714334160577575,0.38258401952966514,0.9516301802696255,0.9516301802696255,0.0,0.5291502622129182,0.0,23.98085903382112,14.430869689661812,hard,0.058156289141256104,0.06861828945777526,0.07878897245866491,0.05242351276708617
0.0,0.0,23.103137505861945,0.04759951941234259,0.38092427091540876,0.9516301802696255,0.9516301802696255,0.0,0.5291502622129182,0.0,22.041969059047332,14.430869689661812,hard,0.05852500277697142,0.06852877062720443,0.07950618937855868,0.054415784693160704
0.0,0.0,19.67714630419839,0.048280740910952365,0.3872785862756176,0.9516301802696255,0.9516301802696255,0.0,0.5291502622129182,0.0,18.997357711008128,14.430869689661812,hard,0.05929929166208053,0.06890090784616693,0.0812337123930463,0.0568818469194886
0.0,0.0,22.254367065745804,0.04859818402266389,0.389401336271481,0.9516301802696255,0.9516301802696255,0.0,0.5291502622129182,0.0,21.479674112984117,14.430869689661812,hard,0.060262216983484586,0.0692631380237467,0.08247402730588262,0.05835032030603864
0.0,0.0,18.56893634839168,0.04874712997603275,0.3823721241209623,0.9516301802696255,0.9516301802696255,0.0,0.5291502622129182,0.0,18.05127142336517,14.430869689661812,hard,0.06188633764941136,0.06938415232704519,0.08363744719059002,0.05914478297570795
0.0,0.0,24.05443928895773,0.048981705901575266,0.37945941700370805,0.9516301802696255,0.9516301802696255,0.0,0.5291502622129182,0.0,23.942940504457678,14.430869689661812,hard,0.06242139461061182,0.06962269519168687,0.08519917838621492,0.06054517312117529
0.0,0.0,16.69650480291257,0.04941660199382603,0.3745912313621947,0.9516301802696255,0.9516301802696255,0.0,0.5291502622129182,0.0,15.678533094648875,14.430869689661812,hard,0.06351603806985566,0.07015054675253436,0.08693922829074574,0.06187349443582156
0.0,0.0,20.95638807604846,0.049757884169761867,0.3687911988317844,0.9516301802696255,0.9516301802696255,0.0,0.5291502622129182,0.0,20.723175432351095,14.430869689661812,hard,0.06491077133922224,0.07025136258502804,0.08876915106216432,0.06337410905403264
0.0,0.0,20.162636838871446,0.05038637659221594,0.35850042245541125,0.9516301802696255,0.9516301802696255,0.0,0.5291502622129182,0.0,19.48821182150892,14.430869689661812,hard,0.06600243575441998,0.07116483818910485,0.09001698573986774,0.06534342680580461
0.0,0.0,15.272337252492427,0.05051384200816856,0.3512798334930425,0.9516301802696255,0.9516301802696255,0.0,0.5291502622129182,0.0,14.773503308288118,14.430869689661812,hard,0.06705200160688189,0.07086847915707385,0.09085502810650226,0.06639016321477549
0.0,0.0,12.25437629013993,0.05068678698038425,0.333287377962162,0.9516301802696255,0.9516301802696255,0.0,0.5291502622129182,0.0,11.547744368490324,14.430869689661812,hard,0.0676568261557662,0.07096745800705974,0.09151268835159669,0.0674162939948548
0.0,0.0,16.186538551116676,0.0508853719209114,0.47665284723367785,0.9516301802696255,0.9516301802696255,0.3249615361854384,0.5291502622129182,0.0,14.221800167348716,14.430869689661812,hard,0.06776279041518905,0.07074972145751238,0.09199409028780836,0.06887837193592795
0.0,0.0,16.50677291209617,0.051203008507601434,0.4547820081468744,0.9516301802696255,0.9516301802696255,0.3249615361854384,0.5291502622129182,0.0,15.865950964250455,14.430869689661812,hard,0.06790295682900131,0.0710460000183735,0.09268408767231688,0.07058373242866331
0.0,0.0,23.26846988754465,0.05183170652220926,0.46831380036273784,0.98,0.98,0.36660605559646714,0.6403124237432849,0.0,20.498780451529303,14.430869689661812,hard,0.0678111131263254,0.07114551474000777,0.09345737651924513,0.07289785872332942
0.0,0.0,31.741611379092998,0.05309206974750597,0.4465310584282542,1.0688311372709909,1.0688311372709909,0.36660605559646714,0.7704544113703289,0.0,26.887684913357642,14.430869689661812,hard,0.06799061058829052,0.0715802467729365,0.09374224712288873,0.07818213686002135
0.0,0.0,42.770369033191336,0.054218232382035395,0.4327252680873993,1.12942463227964,1.12942463227964,0.36660605559646714,0.8440379138403677,0.0,38.70194310367375,14.430869689661812,hard,0.06836422617243779,0.07235992487646564,0.09330585784145334,0.08608764479248418
0.0,0.0,40.02869532824559,0.054781457187088614,0.41475467939388116,1.06226173799116,1.06226173799116,0.36660605559646714,0.873842090998139,0.0,40.05776329252545,14.430869689661812,hard,0.06870401774809017,0.07370821900276754,0.09208777445031663,0.09252632141725035
0.0,0.0,45.57991464474104,0.056383730099213006,0.3928284643686477,1.0998181667894016,1.0998181667894016,0.36660605559646714,0.8772684879784524,0.0,44.55558326405345,14.430869689661812,hard,0.06897294647899238,0.0747465897487716,0.09203280242534573,0.09958729702472187
0.0,0.0,29.499237141715927,0.057074614436277385,0.39564752504304873,1.118033988749895,1.118033988749895,0.38418745424597095,0.79724525711979,0.0,28.309581416898414,14.430869689661812,hard,0.06950355819302553,0.07515293598154056,0.0911798012954549,0.1024456435110452
0.0,0.0,34.22396140372626,0.057111228455474075,0.3733259130459288,1.116422858956229,1.116422858956229,0.38418745424597095,0.76,0.0,30.894763310308758,14.430869689661812,hard,0.0705909696560512,0.0760322030453348,0.09068903566431501,0.10473827113229583
0.0,0.0,21.78929157449842,0.057511094853391904,0.3493718407810722,1.0970870521521983,1.0970870521521983,0.38418745424597095,0.7549834435270749,0.0,21.84212443879945,14.430869689661812,hard,0.07097802952083962,0.07701596478192883,0.09045126624765418,0.10785266920838352
0.0,0.0,38.21559244387032,0.058095229920102825,0.33528642945606635,1.0770329614269007,1.0770329614269007,0.38418745424597095,0.6939740629158989,0.0,35.05974329626502,14.430869689661812,hard,0.0709688979123162,0.07816641461294037,0.08837362011938127,0.10990264394467508
0.0,0.0,41.01836286374872,0.058054528432947755,0.30462704185214873,1.034601372510205,1.034601372510205,0.38418745424597095,0.5499090833947009,0.0,37.48706443561565,14.430869689661812,hard,0.07115128430843126,0.07784930992263597,0.08439900871568173,0.11378412382022728
0.0,0.0,29.015025459212982,0.0582155405041773,0.2915202681242942,1.034601372510205,1.034601372510205,0.38418745424597095,0.5499090833947009,0.0,28.542851994851535,14.430869689661812,hard,0.07168119089205556,0.07882318882791443,0.08348434556810054,0.11588730377402656
0.0,0.0,18.448829185326858,0.05842910952583106,0.2702385124543465,1.034601372510205,1.034601372510205,0.38418745424597095,0.5499090833947009,0.0,18.008897800809464,14.430869689661812,hard,0.07169625073249654,0.07924657643380964,0.0825688934615819,0.11907653890165378
0.0,0.0,19.93568766092813,0.05873129075710081,0.2512374795530131,1.034601372510205,1.034601372510205,0.38418745424597095,0.5499090833947009,0.0,20.018751209803273,14.430869689661812,hard,0.07190243303744846,0.07930143242385547,0.08225855498811997,0.1221573852483121
0.0,0.0,17.19438014202967,0.05865280862571152,0.23362644395138246,1.034601372510205,1.034601372510205,0.38418745424597095,0.5499090833947009,0.0,16.782717300842556,14.430869689661812,hard,0.07208204944970933,0.07980417119591074,0.08164452731371047,0.12328531179436511
0.0,0.0,15.318295808432394,0.058728932588706415,0.2162065683856222,1.034601372510205,1.034601372510205,0.38418745424597095,0.5499090833947009,0.0,14.533767577610424,14.430869689661812,hard,0.07222464435348805,0.08023316764388598,0.08156597914971542,0.12436541655710813
0.0,0.0,29.367799906373207,0.05898432312938537,0.20174426208911955,1.034601372510205,1.034601372510205,0.38418745424597095,0.5499090833947009,0.0,29.78569455292255,14.430869689661812,hard,0.07297828275194032,0.08183338259668839,0.08166834011208729,0.12624416425121487
0.0,0.0,25.77710092130421,0.058426198361908196,0.1948169690835744,1.034601372510205,1.034601372510205,0.38418745424597095,0.5499090833947009,0.0,25.119912420229497,14.430869689661812,hard,0.0730025455396638,0.08163234482497436,0.08132161893312272,0.12752073382137125
0.0,0.0,23.08907504853733,0.05826108875102125,0.1771845257089657,1.034601372510205,1.034601372510205,0.38418745424597095,0.5499090833947009,0.0,22.570742123377336,14.430869689661812,hard,0.07316922782216659,0.0820686053210851,0.08129665556477815,0.1286538822217206
0.0,0.0,17.127296246885045,0.05781279662550374,0.2247124616147272,1.034601372510205,1.034601372510205,0.4472135954999579,0.5499090833947009,0.0,16.394889447629712,14.430869689661812,hard,0.07312706314388197,0.08228432339519819,0.08083506531084683,0.12942845832757033
0.0,0.0,26.243847807218415,0.05836308661188967,0.2611506245668988,1.034601372510205,1.034601372510205,0.46,0.5499090833947009,0.0,25.486223729693656,14.430869689661812,hard,0.0742491182187139,0.08402242732037653,0.08079286051205256,0.1302710102609939
0.0,0.0,23.6875744775558,0.059079582728283085,0.24289822002117095,1.034601372510205,1.034601372510205,0.46,0.5499090833947009,0.0,23.315582772043253,14.430869689661812,hard,0.0749274280591209,0.0852023977085823,0.08182082208985002,0.13116389019270447
0.0,0.0,32.60615765410405,0.06016660004611857,0.21045773523872613,1.034601372510205,1.0346013725102052,0.46,0.6437390775772432,0.0,29.98466941622002,14.430869689661812,hard,0.07576232906155743,0.08665724005606087,0.08311905868440814,0.13160586216167358
0.0,0.0,50.024741145409,0.06050943938649498,0.2452885934396693,1.0,1.0,0.512249938994628,0.7472616676907762,0.0,46.64848979334701,14.430869689661812,hard,0.07642430927127064,0.08874148637478352,0.08343860419018308,0.13091931641017107
0.0,0.0,45.92803262590512,0.06146133516315007,0.22479955484431643,0.9610411021387171,0.9610411021387171,0.512249938994628,0.7871467461661771,0.0,46.46289272096605,14.430869689661812,hard,0.07665941615910116,0.08956991318572927,0.08578515318994608,0.1318073138893022
0.0,0.0,37.80014576048303,0.06211456821822029,0.2120578240406025,1.043264108459598,1.043264108459598,0.512249938994628,0.8487638069569178,0.0,35.079087787455364,14.430869689661812,hard,0.07719028774505732,0.09035219707079846,0.08843869329239432,0.13088996244317594
0.0,0.0,14.534282193341207,0.062156413742605957,0.18572334621052078,1.0809255293497328,1.0809255293497328,0.512249938994628,0.87840765023991,0.0,14.072668545801822,14.430869689661812,hard,0.07847263127780078,0.09033818845940787,0.08871171461670553,0.1307624526571312
0.0,0.0,39.54753807076679,0.06219817503613386,0.1724431050726644,1.0392304845413265,1.0392304845413265,0.512249938994628,0.8717797887081347,0.0,35.86463996752233,14.430869689661812,hard,0.079790152934847,0.09058825946097017,0.0892877441756465,0.12866898838602756
0.0,0.0,49.20522467308258,0.06095448831917767,0.1415224142917448,1.0438390680559912,1.0438390680559912,0.512249938994628,0.8304215796810679,0.0,45.11996897162054,14.430869689661812,hard,0.08163131852533458,0.09062417985775575,0.08843649287668569,0.12581331555435263
0.0,0.0,36.30809523030486,0.06026579475512713,0.1305111013586302,1.0438390680559912,1.0438390680559912,0.512249938994628,0.8304215796810679,0.0,34.41920394198564,14.430869689661812,hard,0.08404750161684461,0.09070465935308587,0.08755734380488919,0.12466500696910061
0.0,0.0,34.647905499700286,0.0598002797698747,0.10931605821283115,1.02469507659596,1.02469507659596,0.512249938994628,0.7507329751649384,0.0,34.43201417285954,14.430869689661812,hard,0.08481248806825954,0.09125948556486581,0.08566274645257602,0.12447168281743354
0.0,0.0,61.79294904105167,0.05914324362094744,0.18387449331743633,1.0239140588936162,1.0239140588936162,0.5589275444992848,0.6289674077406555,0.0,57.54219669077642,14.430869689661812,hard,0.08582556583447747,0.09196219989644179,0.08425890142587308,0.12173395964902615
0.0,0.0,23.773937163857358,0.05950661846866579,0.17470323317741038,1.0047885349664378,1.0047885349664378,0.5589275444992848,0.6248199740725324,0.0,23.683487918801152,14.430869689661812,hard,0.08683398446200774,0.09258521048360654,0.08453586973440569,0.12161867158388538
0.0,0.0,19.383978164319714,0.05984784845654816,0.1655057528658762,1.0047885349664378,1.0047885349664378,0.5589275444992848,0.6248199740725324,0.0,18.959419822346884,14.430869689661812,hard,0.08744276398009282,0.09287397103887372,0.08480065111124527,0.12145024784037456
0.0,0.0,19.588102071961558,0.060225616693074635,0.15672425992656216,1.0047885349664378,1.0047885349664378,0.5589275444992848,0.6248199740725324,0.0,19.75850196750756,14.430869689661812,hard,0.0879265170236155,0.09287013588261567,0.08571516598659737,0.12179611838325187
0.0,0.0,22.058662477294156,0.059986798581358185,0.15031802932897972,1.0047885349664378,1.0047885349664378,0.5589275444992848,0.6248199740725324,0.0,22.197198021371978,14.430869689661812,hard,0.08803190093720992,0.09258127662878186,0.08611163100277885,0.12189504921367694
0.0,0.0,18.54494188589968,0.060170839905582134,0.1390130991771586,1.0047885349664378,1.0047885349664378,0.5589275444992848,0.6248199740725324,0.0,18.01736939733434,14.430869689661812,hard,0.08811884755983215,0.09277466133258049,0.08651201027603449,0.12263384486953449
0.0,0.0,18.018476782301054,0.06048933094503702,0.20035938669050146,1.0047885349664378,1.0047885349664378,0.567097875150313,0.6248199740725324,0.0,17.605953538505094,14.430869689661812,hard,0.08864160590364446,0.09269553701485483,0.0868923038419257,0.12354665641289526
0.0,0.0,23.548045730814014,0.06073835729283845,0.35515253240561623,1.0047885349664378,1.0047885349664378,0.5919459434779497,0.6248199740725324,0.0,23.70165395072673,14.430869689661812,hard,0.08867705066593802,0.09289905782866564,0.08761678355201494,0.12422746347910431
0.0,0.0,19.645691720375172,0.06072044097068268,0.3791541928760952,1.0047885349664378,1.0047885349664378,0.66,0.6248199740725324,0.0,19.52050204272421,14.430869689661812,hard,0.08922975230675335,0.09250516156788645,0.08800799006254065,0.12470554814088852
0.0,0.0,25.235475696462846,0.060549202563391503,0.36639465314561614,1.0047885349664378,1.0047885349664378,0.66,0.6248199740725324,0.0,24.476927911811156,14.430869689661812,hard,0.08936322387417255,0.09195737461805419,0.08857788041345728,0.12519934130792862
0.0,0.0,17.05227442428327,0.06042744395405713,0.34377858530897415,1.0047885349664378,1.0047885349664378,0.66,0.6248199740725324,0.0,16.547821608900673,14.430869689661812,hard,0.09007455977683632,0.09189085375797244,0.08901902835570472,0.1253779895869124
0.0,0.0,12.925154291144944,0.060581003188176566,0.31437789192113885,1.0047885349664378,1.0047885349664378,0.66,0.6248199740725324,0.0,12.376170651699987,14.430869689661812,hard,0.09106090251351162,0.09225196369630642,0.08955111173944552,0.1253982715624166
0.0,0.0,25.726713901948067,0.06120110262748754,0.2955610069907738,0.9848857801796105,0.9848857801796105,0.66,0.7,0.0,25.154633767956152,14.430869689661812,hard,0.09179334817257537,0.09313587485923568,0.09021379025855289,0.1265296672761657
0.0,0.0,33.2482316391535,0.061603656752424206,0.27626116249961036,1.0229369482035537,1.0229369482035537,0.66,0.7999999999999999,0.0,30.64673555209429,14.430869689661812,hard,0.0925048673274096,0.09378195735724433,0.09044759376304116,0.12785732647463807
0.0,0.0,29.358006749902984,0.062158383267213,0.26132927694508656,1.0438390680559912,1.0438390680559912,0.66,0.8634813257969162,0.0,29.705225129596304,14.430869689661812,hard,0.09230172452036432,0.09418113731275023,0.09011340548212675,0.1300561277598032
0.0,0.0,36.225624674738,0.0628560131611958,0.30765568100000834,1.0047885349664376,1.0047885349664376,0.6660330322138686,0.9156418513807678,0.0,36.865295333144964,14.430869689661812,hard,0.09223184244721892,0.09526377895503013,0.08999181795262418,0.13189060777314984
0.0,0.0,25.066431994394577,0.06379076150829024,0.3858698105748018,0.9635351576356722,0.9635351576356722,0.699714227381436,0.94847245611035,0.0,24.189262080518294,14.430869689661812,hard,0.09243537656140917,0.09632679094131812,0.0900593749973186,0.13317218101271502
0.0,0.0,42.277166472803714,0.06404577643187773,0.3609802343574469,0.977547952787995,0.977547952787995,0.699714227381436,0.9937806599043876,0.0,37.256945661178406,14.430869689661812,hard,0.09230466377319145,0.09734080174647233,0.09126003345306133,0.13248553243652425
0.0,0.0,44.6991265171457,0.06297164219014999,0.3504574681475873,0.977547952787995,0.977547952787995,0.699714227381436,0.9759098319004681,0.0,42.306826872267315,14.430869689661812,hard,0.09234971024629042,0.09718493957992166,0.08939713017614584,0.13162878370985234
0.0,0.0,29.798875253569125,0.06321872562511231,0.35758791049908945,0.9643650760992954,0.9643650760992954,0.7,0.9921693403849969,0.0,28.32119347767675,14.430869689661812,hard,0.09236857684305466,0.09855899291334896,0.08946322451790617,0.13215387805618992
0.0,0.0,22.672484137539733,0.06288204517157796,0.3343528821770808,0.9707728879609276,0.9707728879609278,0.7,0.9591663046625439,0.0,20.285009243281106,14.430869689661812,hard,0.09247396043686713,0.09921872135436188,0.0891202927463992,0.13256898104766043
0.0,0.0,30.436757335447215,0.062478840805402724,0.3087537195703543,0.9123595782365636,0.9123595782365637,0.7,0.8544003745317531,0.0,27.81076050740073,14.430869689661812,hard,0.09254446678349652,0.09944506798199432,0.08778643107856007,0.13183739119730498
0.0,0.0,32.48028054541072,0.062408397397541074,0.2897951536714233,0.8901685233707155,0.8901685233707155,0.7,0.7539230729988305,0.0,32.26788496322621,14.430869689661812,hard,0.09258301099935863,0.10109538930372318,0.08582745155891588,0.13203951665320393
0.0,0.0,29.380425647206277,0.06196789937046118,0.30242316570753314,0.9068627239003706,0.9068627239003707,0.699714227381436,0.7525955088890712,0.0,28.26198152996353,14.430869689661812,hard,0.09250047733870105,0.10173856206099414,0.08424122182437505,0.13262983008642495
0.0,0.0,22.239683508059738,0.061854369637347806,0.281596803847505,0.8901685233707155,0.8901685233707155,0.699714227381436,0.7236021006050218,0.0,22.263773265104906,14.430869689661812,hard,0.09222096204254057,0.10373291267954003,0.08334351195732513,0.1334723335124362
0.0,0.0,20.142748222778312,0.06197766364052599,0.2602781222449988,0.8901685233707155,0.8901685233707155,0.699714227381436,0.7236021006050218,0.0,17.52205467403866,14.430869689661812,hard,0.09237350739962359,0.10512791341301159,0.08297113913447766,0.1339314604410022
0.0,0.0,15.761056072159114,0.061690382487417435,0.2385771623862059,0.8901685233707155,0.8901685233707155,0.699714227381436,0.7236021006050218,0.0,15.261716810372285,14.430869689661812,hard,0.09213268735048596,0.10575304049802157,0.08226560317659443,0.13447518122747554
0.0,0.0,14.913715453912015,0.061492771483272146,0.2652661349971645,0.8901685233707155,0.8901685233707155,0.72691127381545,0.7236021006050218,0.0,13.103526242962236,14.430869689661812,hard,0.0920358776328931,0.10623327137311618,0.08167634012141022,0.13487414286251215
0.0,0.0,20.257465192986203,0.06134850815880949,0.2454464647722942,0.8901685233707155,0.8901685233707155,0.72691127381545,0.7236021006050218,0.0,20.068492718687168,14.430869689661812,hard,0.0920439497205131,0.10678817599870351,0.08151431137476892,0.13543970500006366
0.0,0.0,11.53919171702323,0.06145374424343103,0.22881615801916283,0.8901685233707155,0.8901685233707155,0.72691127381545,0.7236021006050218,0.0,10.721940122944167,14.430869689661812,hard,0.09254501343989209,0.10758342666519671,0.08145264691588498,0.13630141762885845
0.0,0.0,27.02780106772064,0.062012237936772754,0.21017252573917677,0.8901685233707155,0.8901685233707155,0.72691127381545,0.7236021006050218,0.0,27.11799402610746,14.430869689661812,hard,0.09386458431077813,0.10860920122717928,0.08070474486402335,0.1365665900043575
0.0,0.0,16.869373050963272,0.06209969331786919,0.19229176880274,0.8901685233707155,0.8901685233707155,0.72691127381545,0.7236021006050218,0.0,15.970172196942649,14.430869689661812,hard,0.09424673982905754,0.10913006380088491,0.08019975829312176,0.1378128387451773
0.0,0.0,11.87017085087713,0.06232535336966563,0.1724377656601985,0.8901685233707155,0.8901685233707155,0.72691127381545,0.7236021006050218,0.0,11.841030360572512,14.430869689661812,hard,0.0947561347363991,0.10980950648149675,0.08027176334570224,0.13820859439652955
0.0,0.0,10.406300049472595,0.0624267147426799,0.2579610160097947,0.9068627239003706,0.9068627239003707,0.8268010643437754,0.7939773296511683,0.0,9.022837691103614,14.430869689661812,hard,0.09497967576008905,0.11008390600323933,0.08037561189203625,0.13897529701123312
0.0,0.0,17.31834318369017,0.0623183348476844,0.23800328181309677,0.8616263691415206,0.8616263691415206,0.8268010643437754,0.8726969691708573,0.0,17.199953488309205,14.430869689661812,hard,0.09516514908364977,0.11036035109700211,0.08034998076255158,0.13870335861097605
0.0,0.0,17.147251129110472,0.06255178989615172,0.22437563349389267,0.8485281374238569,0.8485281374238569,0.8268010643437754,0.9068627239003708,0.0,17.138272958498472,14.430869689661812,hard,0.09569505460771006,0.11059271386125404,0.08038889549032097,0.13950415795583043
0.0,0.0,21.12322312409161,0.06230571947138632,0.2962207302985991,0.8944271909999157,0.8944271909999157,0.8692525524840291,0.9666436778875658,0.0,18.15688299240814,14.430869689661812,hard,0.09628132671278065,0.11091162540335228,0.0800663249597989,0.13868673034901355
0.0,0.0,31.138447558952976,0.06276833803800458,0.36425586588899606,0.9551963149007643,0.9551963149007643,0.9042123644365851,1.0278132126023678,0.0,28.039179731226092,14.430869689661812,hard,0.09728289953157444,0.11169911430657317,0.08031293139734105,0.1383939405908645
0.0,0.0,21.383982216387874,0.06285842921772426,0.4443377154118648,1.0121264743103995,1.0121264743103995,0.9340235543068494,1.0660206376989143,0.0,21.110196588378802,14.430869689661812,hard,0.0986306682957098,0.11206520757145802,0.08022735254094392,0.13860051683025515
0.0,0.0,23.192943214583266,0.06315754531151935,0.4492609725482688,1.0031948963187562,1.0031948963187562,0.928654941299512,1.065082156455548,0.0,22.980374235420967,14.430869689661812,hard,0.0986328873635174,0.1120755407382816,0.08037939197440289,0.13899215196244757
0.0,0.0,15.310333048389223,0.0633614372044872,0.43525510532425193,1.02469507659596,1.02469507659596,0.928654941299512,1.0824047302187847,0.0,15.538609976442551,14.430869689661812,hard,0.10034213259656921,0.11173932140098858,0.0799590984595352,0.13887250898800732
0.0,0.0,13.179598302299212,0.06343584569002653,0.4762684972549297,1.02469507659596,1.02469507659596,0.9591663046625439,1.0824047302187847,0.0,12.26970252288131,14.430869689661812,hard,0.10114646072518571,0.11185619264623468,0.07976363789800872,0.1389496424992446
0.0,0.0,47.45492328417065,0.06309700315051463,0.44632964380788515,1.0239140588936164,1.0239140588936164,0.9591663046625439,0.9775479527879949,0.0,43.04918582273073,14.430869689661812,hard,0.10177803158462505,0.11088690427145095,0.07879775336485802,0.13577813325798596
0.0,0.0,19.960658964002914,0.06294919242500609,0.4249587543319702,1.0047885349664378,1.0047885349664378,0.9591663046625439,0.8979977728257459,0.0,19.932887397464523,14.430869689661812,hard,0.10270713269351014,0.1107393481331587,0.07795269910507494,0.13530138663588565
0.0,0.0,28.832801444251377,0.06336176319751392,0.39908829213107644,0.9635351576356723,0.9635351576356723,0.9591663046625439,0.8544003745317531,0.0,26.986107537027273,14.430869689661812,hard,0.10396525310203975,0.11053696268896639,0.07755275450553557,0.13339153091398176
0.0,0.0,18.720939803089543,0.06354494380464083,0.3654271772414129,0.9846826900072937,0.9846826900072937,0.9591663046625439,0.8304215796810679,0.0,16.384980927666653,14.430869689661812,hard,0.10411684028280353,0.10991787588072496,0.07806272094322422,0.13300855237089937
0.0,0.0,13.143122558435806,0.06377171032579035,0.3402532251109466,0.9846826900072937,0.9846826900072937,0.9591663046625439,0.8304215796810679,0.0,12.395160345876933,14.430869689661812,hard,0.10469397974222792,0.10991959512846416,0.07849012359358301,0.13234467545210338
0.0,0.0,17.10346415409762,0.06393927284897756,0.4351718096275883,0.9846826900072937,0.9846826900072937,0.9724196624914575,0.8304215796810679,0.0,15.739237592717124,14.430869689661812,hard,0.10460151552095902,0.10947613012048979,0.07873987593743255,0.13146084149250595
0.0,0.0,13.78495849714649,0.06409522998746814,0.40961792718651785,0.9635351576356723,0.9635351576356723,0.9724196624914575,0.78,0.0,13.549553498178456,14.430869689661812,hard,0.10518976884811777,0.10865875655275084,0.07909543965176503,0.13082198627634026
0.0,0.0,17.347788974115748,0.06449460091901776,0.3832093979393314,0.9635351576356723,0.9635351576356723,0.9724196624914575,0.78,0.0,14.826206527632078,14.430869689661812,hard,0.10545347004263862,0.10850267549932119,0.07999221500384612,0.13024549459102672
0.0,0.0,14.430108003478976,0.06466193150425323,0.40732918043003996,0.9635351576356723,0.9635351576356723,0.9558242516278818,0.78,0.0,13.25980392011888,14.430869689661812,hard,0.10583570684942496,0.10809723338178744,0.08045266490585194,0.1300239151747103
0.0,0.0,13.966625990122651,0.06483486768956055,0.38893855723986764,0.9635351576356723,0.9635351576356723,0.9558242516278818,0.78,0.0,14.036823002374861,14.430869689661812,hard,0.10645900201677662,0.10797793303649343,0.08096401963681907,0.13000533969493755
0.0,0.0,14.490520428269594,0.06512654973872384,0.364998201177005,0.9635351576356723,0.9635351576356723,0.9558242516278818,0.78,0.0,13.86253944989878,14.430869689661812,hard,0.10720611529646479,0.10815594717042518,0.08119959598316488,0.13016515215913227
0.0,0.0,19.220753242939175,0.06543781570576523,0.33672083424246996,0.9635351576356723,0.9635351576356723,0.9558242516278818,0.78,0.0,18.472693360741957,14.430869689661812,hard,0.10742345613335348,0.10794394325898884,0.08205239804889106,0.13002599110853247
0.0,0.0,15.662125632612895,0.06565427671897033,0.32126463910422354,0.9624967532412773,0.9624967532412773,0.9558242516278818,0.8039900496896712,0.0,14.796769917789492,14.430869689661812,hard,0.10757678892777754,0.10833516746796147,0.08215146208905355,0.1301025503722106
0.0,0.0,31.92558396794537,0.06564753898297389,0.33047546224164315,0.9816312953446422,0.9816312953446422,0.9467840302835699,0.8692525524840292,0.0,31.32118133148876,14.430869689661812,hard,0.10666499349792119,0.10851271416415027,0.08306574264777118,0.13019194035487455
0.0,0.0,19.04626469909126,0.0659487702909694,0.3011896566755427,1.043264108459598,1.043264108459598,0.9467840302835699,0.9433981132056604,0.0,18.117350799716828,14.430869689661812,hard,0.10658905532877179,0.10879234938681888,0.083553620813304,0.1303416488706924
0.0,0.0,14.179757050754484,0.06611380830942575,0.27909971244967713,1.0229369482035537,1.0229369482035537,0.9467840302835699,0.9911609354691094,0.0,13.145706523424295,14.430869689661812,hard,0.1067178303626259,0.10885621378782456,0.08390124374140541,0.13068849905237684
0.0,0.0,21.77082499630771,0.06594274106856134,0.25535382601065293,1.0041912168506553,1.0041912168506553,0.9467840302835699,1.0584894897919392,0.0,21.50642694638047,14.430869689661812,hard,0.10682176918975732,0.10861180067744858,0.08310593248374851,0.1310468282860454
0.0,0.0,17.455645559066646,0.06605958937880473,0.22623242628053566,0.9797958971132713,0.9797958971132713,0.9467840302835699,1.0925200226998129,0.0,16.87555628712725,14.430869689661812,hard,0.10685038922188964,0.10859338937572502,0.08325650736135037,0.13146061735214862
0.0,0.0,20.03415574783461,0.06634001164458114,0.23393090814129688,0.9951884243699783,0.9951884243699783,0.9372299611087984,1.1285388783732706,0.0,18.61745417612193,14.430869689661812,hard,0.10682257829322682,0.1089428484472432,0.08315660612426427,0.13159974380970638
0.0,0.0,16.782025081845383,0.06675257479981099,0.22174512857470313,0.9474175425861608,0.947417542586161,0.9372299611087984,1.1426285485668561,0.0,16.73516059080402,14.430869689661812,hard,0.10665049570103537,0.10931963913133559,0.08362205489955443,0.13273596667189985
0.0,0.0,22.82121115267948,0.06730558092336249,0.20717252414931436,0.9042123644365851,0.9042123644365854,0.9372299611087984,1.1377170122662315,0.0,22.917975477777265,14.430869689661812,hard,0.1066072118492482,0.10938628082456411,0.08460430224248462,0.13335124382174893
0.0,0.0,24.30701615397801,0.06696977339450307,0.2845768176207406,0.9389355675444401,0.9389355675444401,0.9591663046625439,1.0590561835898982,0.0,20.78749624173147,14.430869689661812,hard,0.10642214524903265,0.10982904022694116,0.08457996100404458,0.13231986737711843
0.0,0.0,24.753987441877893,0.06662572102079029,0.26480253131010284,0.9499473669630334,0.9499473669630334,0.9591663046625439,1.0476640682967036,0.0,24.257856459299944,14.430869689661812,hard,0.10641791221177452,0.10992085401988465,0.08445913019588994,0.1315897240666702
0.0,0.0,23.7418016773242,0.06690864723479266,0.29819944234351287,1.0057832768544126,1.0057832768544126,1.0097524449091468,0.9816312953446421,0.0,22.98407274614314,14.430869689661812,hard,0.10660945176812034,0.11014679918903615,0.0848495147932224,0.13185207833322168
0.0,0.0,17.126240809084287,0.06725328713782938,0.2749141562356436,1.0111379727811631,1.0111379727811631,1.0097524449091468,0.921737489744233,0.0,17.077716474985756,14.430869689661812,hard,0.10658285144357359,0.1110378466903638,0.08535524131720508,0.13223500828811854
0.0,0.0,19.959868813484732,0.06734746284007438,0.4324448114630731,1.0111379727811631,1.0111379727811631,1.095627673984187,0.921737489744233,0.0,18.443817392286228,14.430869689661812,hard,0.1067267867137015,0.1117467831120568,0.08546292586384513,0.13188775281830153
0.0,0.0,20.110563995663462,0.06743344173119473,0.4508741995497685,1.0111379727811631,1.0111379727811631,1.1079711187571635,0.921737489744233,0.0,19.00569388367602,14.430869689661812,hard,0.10696782149722589,0.11261566407923136,0.08568963175488817,0.1322404068026601
0.0,0.0,15.70339135090537,0.06752359900227294,0.42981368216015603,1.0111379727811631,1.0111379727811631,1.1079711187571635,0.921737489744233,0.0,15.33525350295847,14.430869689661812,hard,0.10708185783494903,0.11338972599876986,0.08601918994355302,0.13244719270963745
0.0,0.0,18.509278255193106,0.0675833420047929,0.4450248386402197,0.9961927524329818,0.9961927524329818,1.100727032465361,0.8544003745317531,0.0,17.695976943927114,14.430869689661812,hard,0.1070378471306714,0.11381997685925441,0.08591992130177621,0.13238518474085204
0.0,0.0,29.9712438798808,0.06712272459098131,0.43980990396035335,0.9961927524329818,0.9961927524329818,1.0873821775254549,0.8544003745317531,0.0,30.16037798171634,14.430869689661812,hard,0.10683093546144715,0.11379020153441397,0.08491811078170933,0.13286073210931484
0.0,0.0,23.78684092131585,0.0671915932535629,0.4118805718328557,0.9961927524329818,0.9961927524329818,1.0873821775254549,0.8544003745317531,0.0,22.895204738110554,14.430869689661812,hard,0.10706402671882301,0.11390575487353714,0.08481867674853152,0.13325831683233572
0.0,0.0,21.9166303844176,0.06758997692432432,0.40546648736032126,0.9961927524329818,0.9961927524329818,1.091970695577496,0.8544003745317531,0.0,21.962841346237514,14.430869689661812,hard,0.10762450628378349,0.11470598516608964,0.08531886503949061,0.133250932498424
0.0,0.0,18.613067759242345,0.06792591669149525,0.40215363201008103,0.9961927524329818,0.9961927524329818,1.1142710621747294,0.8544003745317531,0.0,13.397552015200388,14.430869689661812,hard,0.10788546353260044,0.11496559303712511,0.08567009893791411,0.1339933409144581
0.0,0.0,16.368019852172736,0.06822925696734271,0.37516399184251076,0.9911609354691093,0.9911609354691093,1.1142710621747294,0.8772684879784524,0.0,16.346363509967592,14.430869689661812,hard,0.1080295166493258,0.11577598173022165,0.08618520538154156,0.13464343063615702
0.0,0.0,26.878772730999863,0.06864734839221694,0.34792761788658216,0.9961927524329818,0.9961927524329818,1.1142710621747294,0.9400000000000001,0.0,25.332982453710418,14.430869689661812,hard,0.10869838305456656,0.11627865768833873,0.08663447896989225,0.1347588929167993
0.0,0.0,26.62417798966965,0.06911274212568849,0.34420711153371947,0.980612053770501,0.980612053770501,1.1180339887498947,0.9591663046625439,0.0,23.345372132394893,14.430869689661812,hard,0.10955520935566278,0.11731718971809904,0.0875073555925318,0.1347802588440993
0.0,0.0,18.968727722878732,0.06922497688557523,0.37061261232953735,0.9682974749528164,0.9682974749528164,1.1391224692718513,1.0283968105745953,0.0,19.171478816199862,14.430869689661812,hard,0.10950160540252414,0.118391618625482,0.08829719855693441,0.1339352747908745
0.0,0.0,20.416861168107193,0.06965847329223238,0.3681545283603012,0.988736567544662,0.988736567544662,1.1421033228215387,1.0590561835898982,0.0,19.311136683271652,14.430869689661812,hard,0.10993757772254367,0.11869752781347233,0.08892854929424093,0.13325035570886287
0.0,0.0,27.623801251444085,0.07017486295143062,0.34694471851014924,0.9643650760992956,0.9643650760992956,1.1421033228215387,1.100727032465361,0.0,26.15229244253742,14.430869689661812,hard,0.11000115144932605,0.11905903788321935,0.09072297442022223,0.13346912169300665
0.0,0.0,29.6180821395294,0.07105597473336028,0.366340841729776,0.9509994742374992,0.9509994742374993,1.12942463227964,1.1532562594670797,0.0,29.04132228394568,14.430869689661812,hard,0.11122372550423112,0.11959222690479437,0.09286997433919529,0.13293354728372808
0.0,0.0,14.670665989631205,0.07160513564520198,0.3607650645622204,0.9682974749528165,0.9682974749528164,1.131370849898476,1.1825396399275583,0.0,14.717730803354161,14.430869689661812,hard,0.11169673168799764,0.12016356977614451,0.09385902891093534,0.13287288619940815
0.0,0.0,25.048774155586326,0.07225787960999913,0.3662913655771337,1.0049875621120892,1.0049875621120892,1.1329607230614838,1.1914696806885183,0.0,25.32383067389292,14.430869689661812,hard,0.11194574608415532,0.12020602395436092,0.09433630995976956,0.1314664938455036
0.0,0.0,17.437022868798657,0.07274766827877666,0.34458418657247536,1.0283968105745953,1.0283968105745953,1.1329607230614838,1.1634431657799191,0.0,17.743731287415283,14.430869689661812,hard,0.11205081883631078,0.119976559032651,0.09548050739097848,0.1306377657921015
0.0,0.0,33.32556692761514,0.07318132007271042,0.3433810826759718,0.9748846085563152,0.9748846085563152,1.1859173664298874,1.1892854997854805,0.0,30.39532200849335,14.430869689661812,hard,0.1122922135348093,0.12006424183925297,0.09655193054220078,0.12764329632251795
0.0,0.0,14.591186504765368,0.0735549513088417,0.37331536034038576,1.021567423129771,1.021567423129771,1.1872657663724664,1.1881077392223316,0.0,14.030310046467255,14.430869689661812,hard,0.11251323634151908,0.1201754042090483,0.09716758391892659,0.12718413080649335
0.0,0.0,47.45136272471698,0.07356062642845611,0.4738591099972901,1.0047885349664376,1.0047885349664376,1.2026637102698328,1.1565465835840767,0.0,47.78654203852796,14.430869689661812,hard,0.11348396376083132,0.1194731113581422,0.09715943175137655,0.12734077200821065
0.0,0.0,30.602604436397502,0.07410924718550871,0.4905870983100136,1.02469507659596,1.02469507659596,1.218031198286809,1.074988372030135,0.0,30.31317205440565,14.430869689661812,hard,0.11385523293377388,0.11914522149140812,0.09831122653392842,0.12761496495924113
0.0,0.0,22.871313994629645,0.0743855191084732,0.5405012358348451,1.0047885349664376,1.0047885349664376,1.2611106216347556,1.0392304845413263,0.0,17.899955307206774,14.430869689661812,hard,0.1139930417643325,0.11880389831921559,0.09866256712651843,0.12801315681305467
0.0,0.0,20.055829600113544,0.07505384632784658,0.5396176832601108,0.9840731680114034,0.9840731680114034,1.2745195173083854,1.0409610943738483,0.0,19.943078999993958,14.430869689661812,hard,0.11414906751898513,0.11983813013897227,0.09904843419697686,0.1278834144979945
0.0,0.0,27.169817627810577,0.07569294383524885,0.5231438897748238,0.9840731680114034,0.9840731680114034,1.2718490476467716,1.0409610943738483,0.0,22.943966527172236,14.430869689661812,hard,0.11493914021107125,0.12058151006678776,0.09977021021339066,0.12785461795294184
0.0,0.0,18.273442440206548,0.07661970590187359,0.5002668991648169,1.0047885349664376,1.0047885349664376,1.2718490476467716,0.9830564581955606,0.0,17.72415301220343,14.430869689661812,hard,0.11527109233783482,0.12141093385777578,0.10072387723886154,0.12786177316656647
0.0,0.0,10.388101884507833,0.07689493392442916,0.48941492310737705,1.0047885349664376,1.0047885349664376,1.2529964086141667,0.9830564581955606,0.0,9.738254463711657,14.430869689661812,hard,0.11566938932896137,0.1215823324911805,0.10102604479130547,0.12757771405606183
0.0,0.0,21.768651933728176,0.07729820691764688,0.4853934294198412,1.0047885349664376,1.0047885349664376,1.2655433615645102,0.9830564581955606,0.0,21.537910762188613,14.430869689661812,hard,0.11628397484832416,0.12200977534812811,0.1008721648757632,0.12791245902817147
0.0,0.0,11.75867238050491,0.07720460772564992,0.45922106465479345,1.02469507659596,1.02469507659596,1.2655433615645102,0.9210863151735564,0.0,11.657375347821652,14.430869689661812,hard,0.11639845592500504,0.12199084108845289,0.10022359107950059,0.1286917647414922
0.0,0.0,16.955876151221826,0.077192018907772,0.43686847668341255,1.0244998779892558,1.0244998779892558,1.2655433615645102,0.9431860898041277,0.0,16.664033125267125,14.430869689661812,hard,0.11678578207498852,0.1221181203931869,0.09988144362018768,0.12909110991680928
0.0,0.0,13.991293424660533,0.07737410376397395,0.43196854163463533,1.0239140588936164,1.0239140588936164,1.277654100294755,0.9643650760992956,0.0,13.505924625881784,14.430869689661812,hard,0.11702401579106558,0.12223626670452963,0.09987928543603054,0.1304361317933931
0.0,0.0,14.382211936996157,0.07746606805259502,0.4048861334439201,1.0438390680559912,1.0438390680559912,1.277654100294755,0.9846826900072938,0.0,14.035668847618197,14.430869689661812,hard,0.11731565199460844,0.122245473646805,0.10006080438008289,0.13059423099843262
0.0,0.0,28.512935645861297,0.07836449595598166,0.37941937263639886,1.0630145812734648,1.0630145812734648,1.277654100294755,1.074988372030135,0.0,28.04183303566299,14.430869689661812,hard,0.11781397754357086,0.1233742095288014,0.10055497735981905,0.13051642593504095
0.0,0.0,14.379236099511647,0.07884483178404816,0.39580553432673615,1.0628264204469138,1.0628264204469138,1.3006152390311285,1.0910545357588683,0.0,13.437618836683825,14.430869689661812,hard,0.11801117135137407,0.12399246000330888,0.10087553676344753,0.13005822973863346
0.0,0.0,20.747026488812992,0.07870052041569853,0.3941276136552375,1.043264108459598,1.043264108459598,1.296148139681572,1.1357816691600546,0.0,20.635164162177144,14.430869689661812,hard,0.11836681105452879,0.1241170657822348,0.10000252207998549,0.13021890246933696
0.0,0.0,21.1854955499637,0.07865025904835378,0.41770607063443527,1.0628264204469138,1.0628264204469138,1.3169662106523463,1.1832159566199234,0.0,19.365701639754754,14.430869689661812,hard,0.11882519117018041,0.1241598638127042,0.09968349840163405,0.1301444871893064
0.0,0.0,12.380096361728862,0.07861129666856445,0.39694734339029814,1.0983624174196784,1.0983624174196784,1.3169662106523463,1.2059850745345069,0.0,11.975575142764544,14.430869689661812,hard,0.11865761142371478,0.12448805619485764,0.09961817699986389,0.13006582471656625
0.0,0.0,11.459892045782713,0.07839333871161097,0.3748075557936791,1.078702924812944,1.078702924812944,1.3169662106523463,1.2167168939404105,0.0,10.507216567673858,14.430869689661812,hard,0.11851201335603082,0.12472027427996177,0.099366751405737,0.13014118467704003
0.0,0.0,18.396742638587288,0.07877180382435257,0.37410986013968844,1.0583005244258363,1.0583005244258363,1.2963024338479041,1.197330363767661,0.0,17.80225828371221,14.430869689661812,hard,0.11802103264703556,0.12518415703861527,0.09995788417851668,0.13019196491439386
0.0,0.0,21.383964363642008,0.07896469981912634,0.4427385341867658,1.1034491379306977,1.1034491379306977,1.3304134695650072,1.2483589227461787,0.0,17.56688930915203,14.430869689661812,hard,0.11797974084938082,0.12505198606842347,0.09982102132466632,0.13008739713283093
0.0,0.0,23.24224255470702,0.07949537900300516,0.5325910587296119,1.0816653826391966,1.0816653826391969,1.3856406460551018,1.2529964086141667,0.0,22.417528855786045,14.430869689661812,hard,0.11783620106299593,0.12537464673769322,0.10058529358528574,0.13049286001964208
0.0,0.0,37.14387793998226,0.08042284954308544,0.5117105068027649,1.0697663296253066,1.0697663296253066,1.3856406460551018,1.244025723206719,0.0,33.09552235575079,14.430869689661812,hard,0.1183991708860019,0.12612333899389505,0.10067030242878229,0.13080659289569768
0.0,0.0,28.960709787857585,0.08127871532009787,0.5696477949613205,1.0392304845413265,1.0392304845413265,1.434015341619468,1.192644121270046,0.0,29.44840233357321,14.430869689661812,hard,0.1178449630870219,0.12610303623819,0.10095388919087417,0.13122776529123584
0.0,0.0,20.679893649395247,0.08169943657842932,0.5496755097051852,1.019803902718557,1.019803902718557,1.434015341619468,1.1320777358467924,0.0,20.11144947536104,14.430869689661812,hard,0.11833211935407685,0.12653428818922374,0.10084869978155041,0.13154673920327903
0.0,0.0,16.271167065129966,0.08215286154748289,0.5404245962048245,1.037111372997134,1.037111372997134,1.426043477598071,1.1357816691600546,0.0,15.15637159745036,14.430869689661812,hard,0.11892092457560928,0.12681827558136372,0.10102384789495823,0.13190187481772997
0.0,0.0,22.19065114235759,0.08260672273767332,0.5314838717814183,1.0176443386566842,1.0176443386566842,1.40356688476182,1.0697663296253066,0.0,22.133964850428402,14.430869689661812,hard,0.11871997950235699,0.12729616493595186,0.10159457884598923,0.13191169651289023
0.0,0.0,13.969488661329828,0.08300126388438418,0.5147729832337693,1.0176443386566842,1.0176443386566842,1.40356688476182,1.0697663296253066,0.0,12.816801473066516,14.430869689661812,hard,0.11862393144911912,0.1275164367511635,0.10184283710450855,0.13188373876924783
0.0,0.0,12.77715081129122,0.08330541433813436,0.5098060432609236,1.0176443386566842,1.0176443386566842,1.3948476619330155,1.0697663296253066,0.0,12.534576179512412,14.430869689661812,hard,0.11862218933002379,0.12769934038305383,0.10211611455337889,0.13214047011146018
0.0,0.0,19.254434671407598,0.08389516322638037,0.5010886991964338,1.0176443386566842,1.0176443386566842,1.3712767773137557,1.0697663296253066,0.0,18.61316738225926,14.430869689661812,hard,0.11887023418389893,0.12824120496227367,0.1030657398847402,0.13218901119844464
0.0,0.0,10.882057832174286,0.08391589620270273,0.5104758890327205,1.0,1.0,1.3811589336495638,1.0150862032359615,0.0,10.0972075347593,14.430869689661812,hard,0.11883312623854675,0.12854773255183688,0.10322548567178198,0.13223714607985146
0.0,0.0,23.71114221143243,0.08390638257457933,0.48805031413422295,1.0,1.0,1.3811589336495638,1.0150862032359615,0.0,23.087009334255487,14.430869689661812,hard,0.11861914332564232,0.12883597686446527,0.10345142404627555,0.13303140682078973
0.0,0.0,16.949836893070536,0.08429111081638371,0.4715193121211426,1.0423051376636308,1.0423051376636308,1.3711309200802089,1.058300524425836,0.0,16.629323497965874,14.430869689661812,hard,0.11901057440383969,0.12891565561646598,0.10373642716845641,0.1331999431120258
0.0,0.0,12.308484223753739,0.08456945768877698,0.4878803015514991,1.0423051376636308,1.0423051376636308,1.404136745477448,1.058300524425836,0.0,11.509665503393226,14.430869689661812,hard,0.11919795086477497,0.12895417293833236,0.10388612697711123,0.13337585268855287
0.0,0.0,15.304317373185155,0.08475989679603761,0.4738908736237477,1.0409610943738483,1.0409610943738483,1.3937001112147476,1.078702924812944,0.0,11.496242864518827,14.430869689661812,hard,0.11927106314094807,0.1290874838716031,0.1039381161579622,0.13341596334613187
0.0,0.0,10.114113756661663,0.08494487994016896,0.47830007226441595,1.037111372997134,1.037111372997134,1.411523999087511,1.1173182178770737,0.0,8.574287142380992,14.430869689661812,hard,0.11936032018760034,0.12923470218834085,0.10396862469455,0.13348965488009937
0.0,0.0,34.71022070292974,0.08448662103006006,0.4723754997999259,1.034601372510205,1.034601372510205,1.3862178760930766,1.2026637102698328,0.0,32.30681042752441,14.430869689661812,hard,0.11908641381732403,0.12932482442137735,0.10338437461416441,0.13116747371326462
0.0,0.0,17.540052789238633,0.08447073156656182,0.45150241487284276,1.0229369482035537,1.0229369482035537,1.3862178760930766,1.2560254774486066,0.0,17.597829411606423,14.430869689661812,hard,0.1188375759300365,0.12954771844514096,0.1032950896583106,0.1300502650276756
0.0,0.0,14.081956080056884,0.08457601529639648,0.43527483442714765,1.0229369482035537,1.0229369482035537,1.3862178760930766,1.2560254774486066,0.0,13.492056922500735,14.430869689661812,hard,0.11882567105217018,0.129778825242221,0.10344820601418077,0.13017087073813552
0.0,0.0,20.087661923594,0.08481256069557476,0.4182175547873875,1.0041912168506553,1.0041912168506553,1.3862178760930766,1.2688577540449522,0.0,19.79766652916449,14.430869689661812,hard,0.11857646488382409,0.13012245101624614,0.10372623306526822,0.12927979102335535
0.0,0.0,17.46014359460489,0.08502077425211124,0.4041312732273907,1.0244998779892558,1.0244998779892558,1.3862178760930766,1.2812493902437574,0.0,17.337543078533358,14.430869689661812,hard,0.1185667163070697,0.1303788595784308,0.10416394936938614,0.12909597866876873
0.0,0.0,20.34930542798356,0.08529617516354722,0.4475134221342439,0.9846826900072936,0.9846826900072936,1.3944174410842687,1.3114877048604001,0.0,20.43730902051442,14.430869689661812,hard,0.11856532879159942,0.13062230769519945,0.10450252699012204,0.12929026040018649
0.0,0.0,20.94589996137569,0.08581391044716682,0.45459156737248324,0.9797958971132713,0.9797958971132713,1.3695254652615994,1.351147660324363,0.0,20.849019161581676,14.430869689661812,hard,0.11853077706142405,0.1313033552092605,0.10533315722656365,0.12929916222155038
0.0,0.0,26.22409674400883,0.08667066466085264,0.476086449250602,1.0031948963187562,1.0031948963187562,1.4022838514366485,1.3266499161421599,0.0,26.25947448065174,14.430869689661812,hard,0.11883544907436287,0.13218870545033404,0.10647461289988885,0.12889907696051173
0.0,0.0,25.472362228499076,0.08701859446872785,0.5097737176151488,1.0041912168506553,1.0041912168506553,1.445683229480096,1.3304134695650072,0.0,25.42896773366941,14.430869689661812,hard,0.11896654883264425,0.1318282170029293,0.10700918030703059,0.1277313239476816
0.0,0.0,16.472303525769814,0.0873450820756915,0.5094672349250102,1.0239140588936162,1.0239140588936162,1.4312232530251876,1.244025723206719,0.0,16.093178679179577,14.430869689661812,hard,0.11900578487054865,0.13168321172996061,0.10792180689789403,0.12723612822909058
0.0,0.0,24.74863641934864,0.08771771948359852,0.4780339988605486,1.0031948963187562,1.0031948963187562,1.4312232530251876,1.2165525060596438,0.0,21.453615079981276,14.430869689661812,hard,0.11901433430033953,0.1313957288030503,0.1092404118325411,0.12763906835722835
0.0,0.0,16.305770616422222,0.0879582263387165,0.45818441621568795,1.0392304845413265,1.0392304845413265,1.4022838514366482,1.1586198686368192,0.0,16.176328384401696,14.430869689661812,hard,0.11924984669166469,0.1310936615633482,0.10968734938511583,0.12810311722654824
0.0,0.0,14.992768600167512,0.08829062864212525,0.4249044852814728,1.0176443386566842,1.0176443386566842,1.4022838514366482,1.1629273408085303,0.0,14.392720382193213,14.430869689661812,hard,0.11969183134691942,0.1316253792497968,0.10992001570718746,0.1284418176090069
0.0,0.0,11.778482854225306,0.088416876774193,0.40306718329202484,1.0176443386566842,1.0176443386566842,1.4022838514366482,1.1629273408085303,0.0,11.63486140871476,14.430869689661812,hard,0.12032089108513966,0.1315742751608318,0.11018620653093804,0.12822640082181788
0.0,0.0,13.65554286066169,0.08847770222512383,0.3738520000004234,0.9951884243699782,0.9951884243699783,1.4022838514366482,1.1320777358467924,0.0,12.961620269086731,14.430869689661812,hard,0.12077061122311668,0.1313416401680152,0.11030645935723758,0.12780641519975575
0.0,0.0,14.228978481008618,0.08884318488495586,0.3516541459988711,0.9921693403849969,0.9921693403849969,1.4022838514366482,1.0816653826391966,0.0,14.279005567615696,14.430869689661812,hard,0.12122468265086814,0.131314854659623,0.1105615984501914,0.12780377468965318
0.0,0.0,12.381589489833427,0.08917065575343656,0.39787409815826086,0.9921693403849969,0.9921693403849969,1.385640646055102,1.0816653826391966,0.0,11.080361004949252,14.430869689661812,hard,0.12193981784311937,0.13145304341900024,0.11071165630631133,0.12796843352196505
0.0,0.0,11.029426021453993,0.08926759550863743,0.4082251776830249,0.9682974749528163,0.9682974749528165,1.3676256797823005,1.0087616170334794,0.0,9.48643241687833,14.430869689661812,hard,0.1224337512202248,0.13137783223076427,0.11079592823495038,0.12798867979564818
0.0,0.0,9.280092196624347,0.08946921016322709,0.39062680250177556,0.9509994742374992,0.9509994742374992,1.3676256797823005,1.0316976301223144,0.0,8.462363735978263,14.430869689661812,hard,0.12344530261052847,0.13137652082194587,0.110915404226358,0.1278768125675253
0.0,0.0,13.49138261011918,0.08942655194844853,0.3834198572918745,0.9297311439335567,0.9297311439335567,1.38,1.0749883720301352,0.0,9.100527457241148,14.430869689661812,hard,0.12361404986375996,0.1311897909012184,0.11091268717367707,0.12766220713870163
0.0,0.0,19.185449978931096,0.08921109992276495,0.3597391388506602,0.9509994742374992,0.9509994742374992,1.38,1.1151681487560519,0.0,16.262841080204897,14.430869689661812,hard,0.12373432709105027,0.13104607097480764,0.11089410257831755,0.12661602385702717
0.0,0.0,25.409595591459734,0.08941781350935529,0.3817283624697302,0.9718024490605074,0.9718024490605074,1.40356688476182,1.1525623627379127,0.0,20.048301673707922,14.430869689661812,hard,0.12401984074409679,0.13197398381638015,0.11093603815678363,0.12523212178482496
0.0,0.0,13.459653678244061,0.08950039843020911,0.4402270095784454,0.9748846085563152,0.9748846085563152,1.3937001112147478,1.1859173664298877,0.0,11.169046512572145,14.430869689661812,hard,0.12455452517116355,0.1322522473060347,0.11100505214949034,0.12432421821912891
0.0,0.0,16.182450395304365,0.0895086642594953,0.4775296806310711,0.9951884243699783,0.9951884243699783,1.385640646055102,1.2165525060596438,0.0,15.252226067036903,14.430869689661812,hard,0.12489907099995656,0.1318100489261344,0.11073257664063692,0.12410387125105615
0.0,0.0,14.760542619657189,0.08955533103138931,0.47234640853428034,0.9816312953446422,0.9816312953446422,1.3666016244685208,1.258729518204765,0.0,14.448529336925608,14.430869689661812,hard,0.12528097208144842,0.1317849289674174,0.11081030933141996,0.12432006227295885
0.0,0.0,32.11414528612549,0.08945742030309607,0.5112441566867887,0.9816312953446422,0.9816312953446422,1.3687950905814938,1.258729518204765,0.0,31.098070679706158,14.430869689661812,hard,0.12516774322025975,0.1313820355932932,0.11093513918402215,0.12480060878625189
0.0,0.0,8.325566672643387,0.0894155907420363,0.5101536486299937,0.9816312953446422,0.9816312953446422,1.4211263138792416,1.2688577540449522,0.0,6.095112796331171,14.430869689661812,hard,0.12516756494865314,0.1313159933130344,0.1111264986417672,0.12483682517891159
0.0,0.0,10.942639745440758,0.0893886218202119,0.5587725009183451,0.92,0.92,1.482700239428051,1.3266499161421599,0.0,9.050988896247746,14.430869689661812,hard,0.12525184590821464,0.13120267170626387,0.11137906274075421,0.12502266027277817
0.0,0.0,18.673488792421878,0.08958025760687562,0.5311740213107562,0.9431860898041277,0.9431860898041277,1.4999999999999998,1.3108775686539151,0.0,17.566741302814247,14.430869689661812,hard,0.12500673022793093,0.1309610754358139,0.11190377306720184,0.1261293698337389
0.0,0.0,11.692324140690475,0.08961404388070028,0.595960225245156,0.9433981132056604,0.9433981132056604,1.4925146565444507,1.3036870790185813,0.0,8.27294385330881,14.430869689661812,hard,0.1250685591557873,0.1309705418561818,0.11192936089590684,0.12639821082329544
0.0,0.0,13.122039717479854,0.08998431324395109,0.575054260394144,0.9635351576356723,0.9635351576356723,1.4925146565444507,1.2688577540449522,0.0,13.342038824707414,14.430869689661812,hard,0.1250783155316955,0.13102030278515983,0.11201762441565716,0.128185217539221
0.0,0.0,18.87455131805037,0.0904247492028829,0.5599324882684816,0.9433981132056604,0.9433981132056604,1.46,1.2330450113438682,0.0,19.048191515206895,14.430869689661812,hard,0.12477898121540094,0.1308198692334694,0.11181679110416576,0.1287214013946128
0.0,0.0,21.593428015354412,0.0912789157618018,0.5377038244074402,0.8991106717195608,0.8991106717195608,1.46,1.1779643458101776,0.0,21.789217516927955,14.430869689661812,hard,0.12477898121540094,0.13133635768166538,0.11247894993043478,0.12951062089446438
0.0,0.0,11.02940261633838,0.09150689722171211,0.5180167157540643,0.8991106717195608,0.8991106717195608,1.453409783921933,1.1779643458101776,0.0,9.603520187931089,14.430869689661812,hard,0.12513666034719323,0.1313653054671172,0.11246272247374092,0.12954566380075536
0.0,0.0,7.609297819065771,0.09174029253577237,0.4893225267051333,0.94,0.94,1.453409783921933,1.1539497389401328,0.0,7.438171818397314,14.430869689661812,hard,0.12520989554745868,0.13152869722074084,0.1126790877338589,0.12958972819847936
0.0,0.0,8.1886736138221,0.09196082782243764,0.5111403268990533,0.9414881836751856,0.9414881836751856,1.4317821063276353,1.123565752415051,0.0,6.6772449408419945,14.430869689661812,hard,0.1252354996676842,0.13191106729930296,0.11265969528431281,0.12962516122922946
0.0,0.0,5.012532551148672,0.0919378408829895,0.48727194883172076,0.9414881836751856,0.9414881836751856,1.4317821063276353,1.123565752415051,0.0,3.956008088970496,14.430869689661812,hard,0.12525023688214043,0.13164995476972824,0.11268606600155015,0.1295619306078797
0.0,0.0,22.62918333743128,0.0920060406148544,0.5241705620106194,0.9635351576356723,0.9635351576356723,1.422814112946593,1.0734989520255713,0.0,21.669333169250965,14.430869689661812,hard,0.1249617445634369,0.13141284830937186,0.11253083610302084,0.1304382868573933
0.0,0.0,8.15119102073339,0.09221552228783873,0.4969575414274479,0.9635351576356723,0.9635351576356723,1.422814112946593,1.0734989520255713,0.0,7.5588623482637916,14.430869689661812,hard,0.12491880056010952,0.13157799936117257,0.11251394070232634,0.13066213206679617
0.0,0.0,8.090357804774355,0.0923084587455791,0.5064116092645274,0.9635351576356723,0.9635351576356723,1.4545102268461365,1.0734989520255713,0.0,5.851529714527646,14.430869689661812,hard,0.1248744860066425,0.13151471884526234,0.11272412132988127,0.13081712013029967
0.0,0.0,9.263092220136063,0.09254822086993796,0.48300222312896013,0.9816312953446421,0.9816312953446421,1.4560219778561034,1.02469507659596,0.0,8.332130579869714,14.430869689661812,hard,0.12486495713921912,0.13163358420307267,0.11294796504499159,0.13091527835673347
0.0,0.0,6.634064312981666,0.09249353369122915,0.46455113592215513,1.0,1.0,1.4560219778561034,1.0910545357588686,0.0,6.358647654965638,14.430869689661812,hard,0.12483996431683743,0.13167123609774609,0.11284365913219015,0.13075408235232605
0.0,0.0,16.34449959142916,0.09256479770969177,0.5109457345082468,0.9797958971132713,0.9797958971132713,1.4455448799674122,1.131370849898476,0.0,15.18757386813312,14.430869689661812,hard,0.12484085489666939,0.1315932123575994,0.11289570725810008,0.13107826496279334
0.0,0.0,19.304088178329074,0.09313874082440726,0.5500230956335735,1.0121264743103997,1.0121264743103997,1.4176036117335482,1.1525623627379127,0.0,18.18025302354178,14.430869689661812,hard,0.1248685750187393,0.1325466407118272,0.11323179057364872,0.13134303136836684
0.0,0.0,14.795492976998466,0.09355451819879478,0.5332262701851478,0.9921693403849969,0.992169340384997,1.4029967925836466,1.1874342087037917,0.0,14.934738029172124,14.430869689661812,hard,0.12482734800910493,0.1323650977033123,0.1134628434462432,0.13232805522743682
0.0,0.0,22.970696500876123,0.09391882722325415,0.5764696709757325,0.977547952787995,0.977547952787995,1.410815367083872,1.2034949106664308,0.0,18.21564163020342,14.430869689661812,hard,0.12479545044629459,0.132435757552519,0.11395521522844679,0.13266500021241875
0.0,0.0,16.987332856664395,0.09383121813747654,0.5812731291758992,0.9748846085563152,0.9748846085563152,1.3919770113044254,1.2328828005937953,0.0,16.915744145617712,14.430869689661812,hard,0.12451170530161906,0.132013241512966,0.11400740851742128,0.1322419384850115
0.0,0.0,12.637352052122935,0.09414549333108092,0.5999102151168041,1.0,1.0,1.3792751719653336,1.2451505933018705,0.0,11.934303498738414,14.430869689661812,hard,0.12494237816817076,0.1322008607179398,0.11432779887420577,0.13224486165165267
0.0,0.0,8.576247477050027,0.09411340230232614,0.5728850886020874,1.061319932913728,1.061319932913728,1.3607350954539241,1.2967652061957864,0.0,8.131420540102448,14.430869689661812,hard,0.12488546222675284,0.13204031628837787,0.11414144151736672,0.1323782254839237
0.0,0.0,9.997126695733627,0.09440273161350007,0.5528639961341486,1.0423051376636308,1.0423051376636308,1.395564401953561,1.296148139681572,0.0,8.459881795864527,14.430869689661812,hard,0.12484056124821016,0.13189613327423183,0.11466635241459767,0.13249133987792355
0.0,0.0,27.02922494380631,0.0948194188540998,0.5826281808606514,1.0239140588936164,1.0239140588936164,1.4001428498549708,1.284523257866513,0.0,24.919999999999998,14.430869689661812,hard,0.12498816044375952,0.1323641214143071,0.11505080489682219,0.1327413801646966
0.0,0.0,30.29319879434357,0.09521560177210334,0.605060946304831,1.0628264204469138,1.0628264204469138,1.4119490075778232,1.2483589227461787,0.0,28.224811779709,14.430869689661812,hard,0.12499584320803964,0.13233680892084515,0.11507755402868337,0.13138434869324578
0.0,0.0,34.86657550166775,0.09587458836384975,0.5897370842920908,1.0244998779892558,1.0244998779892558,1.3915459029439166,1.2642784503423286,0.0,35.7122051965431,14.430869689661812,hard,0.12462917102965114,0.13270533610922217,0.1163742636616312,0.13126285101997548
0.0,0.0,20.3047583354766,0.09637774340588166,0.6051654840931896,1.0628264204469138,1.0628264204469138,1.4069825869569246,1.16,0.0,19.893878455444533,14.430869689661812,hard,0.12482059027368246,0.13299435549116745,0.11754675745449267,0.13141232139206707
0.0,0.0,24.145818706515055,0.09666447998173398,0.5903993370571219,1.0628264204469138,1.0628264204469138,1.3108775686539151,1.16,0.0,24.364433094164124,14.430869689661812,hard,0.1252674771799618,0.13283832245515342,0.11769449823660415,0.131563321009021
0.0,0.0,20.950295281271504,0.09692745313073828,0.5677274557501386,1.043264108459598,1.043264108459598,1.3108775686539151,1.1663618649458667,0.0,20.491568998005008,14.430869689661812,hard,0.12576937419034656,0.13256167060483537,0.11811762330258534,0.13220087421659424
0.0,0.0,14.853855717046141,0.09700841356789854,0.5317299249691699,1.0239140588936164,1.0239140588936164,1.3108775686539151,1.1079711187571633,0.0,14.12896316082677,14.430869689661812,hard,0.1258099271258456,0.13295691342810084,0.11786338502433837,0.13225315499622653
0.0,0.0,24.04067741636048,0.0973618582097001,0.5102754429193979,1.0239140588936164,1.0239140588936164,1.3108775686539151,1.1079711187571633,0.0,24.369948707373183,14.430869689661812,hard,0.12570498631443824,0.13372956065116073,0.11825783494553252,0.13277048887439533
0.0,0.0,21.017231711391208,0.09754009232501194,0.4788594273832688,1.0047885349664376,1.0047885349664376,1.3108775686539151,1.058300524425836,0.0,18.957520934974596,14.430869689661812,hard,0.12567242048231406,0.13402865642967635,0.11859099740909658,0.13328774726430936
0.0,0.0,15.742029213174998,0.0977341920522039,0.45892926777748394,1.0047885349664376,1.0047885349664376,1.3108775686539151,1.058300524425836,0.0,15.644756310022856,14.430869689661812,hard,0.1254868467990681,0.13412821220757487,0.11880360526724332,0.1339105645951346
0.0,0.0,21.72467068462191,0.0977674798151671,0.49601566510304207,1.0047885349664376,1.0047885349664376,1.26237870704476,1.058300524425836,0.0,21.14612021151871,14.430869689661812,hard,0.12504656524132574,0.1339756980575504,0.11907435213408264,0.13413515879349522
0.0,0.0,12.376877013648043,0.09799081537361104,0.48676281653824766,1.02469507659596,1.02469507659596,1.2529964086141667,1.0824047302187847,0.0,12.299284532036813,14.430869689661812,hard,0.12484180915531125,0.13389808630298097,0.11947804274264145,0.13481822239943073
0.0,0.0,19.328675204081353,0.09830870793479413,0.46521087111723836,1.0244998779892558,1.0244998779892558,1.2529964086141667,1.1056219968868204,0.0,19.344756395468,14.430869689661812,hard,0.124879176024526,0.13407663553928695,0.11958589782985987,0.13524857623094827
0.0,0.0,17.22341055489071,0.09904754165033136,0.4379074691850423,1.0041912168506553,1.0041912168506553,1.2529964086141667,1.1704699910719625,0.0,16.607179170467212,14.430869689661812,hard,0.12498104969258665,0.13419398710551889,0.12072686083816844,0.13603806153365777
0.0,0.0,25.48429797087233,0.09994100932932053,0.4089161166719719,1.0031948963187562,1.0031948963187562,1.2529964086141667,1.1447270417003348,0.0,24.656431209727007,14.430869689661812,hard,0.1253368215454805,0.13416863370476623,0.12146936634306615,0.13665316446150147
0.0,0.0,15.71493570398957,0.10030372212838036,0.5238257490356528,0.9797958971132713,0.9797958971132713,1.331014650557987,1.16619037896906,0.0,13.937704258592946,14.430869689661812,hard,0.12548949216482935,0.13396170868252705,0.12178399620794259,0.13708871393772717
0.0,0.0,20.91927369332616,0.10034705872738683,0.52752155186875,0.9921693403849969,0.992169340384997,1.338805437694365,1.2034949106664308,0.0,20.084381991985715,14.430869689661812,hard,0.12475975824379078,0.1336812433851715,0.12181729609244452,0.13727152055411576
0.0,0.0,20.30366680889352,0.10025431804203966,0.6032132736117434,0.9951884243699783,0.9951884243699783,1.3944174410842687,1.2039933554633928,0.0,19.749845569016482,14.430869689661812,hard,0.12467822524222308,0.13350418134672995,0.12151401080104063,0.13650395245040123
0.0,0.0,18.220227652168457,0.10014342367854655,0.6119854919455862,0.9509994742374992,0.9509994742374993,1.398427688513067,1.2034949106664308,0.0,17.887973613576246,14.430869689661812,hard,0.12448455724104464,0.13324120630903852,0.12116594556671001,0.13649915238480914
0.0,0.0,27.215961453130735,0.10033145013589777,0.5820862125075188,0.9112628599915614,0.9112628599915614,1.398427688513067,1.2489995996796794,0.0,27.315753696356246,14.430869689661812,hard,0.12370393455120797,0.13304601803479033,0.12119490116668898,0.13658222052348018
0.0,0.0,19.99535518734823,0.10021074536552314,0.5482225199863029,0.9624967532412771,0.9624967532412771,1.398427688513067,1.2812493902437574,0.0,18.818246464535424,14.430869689661812,hard,0.12351652308227087,0.13212645508089615,0.12102892099339921,0.13668912255052398
0.0,0.0,27.325163382258694,0.09998313299916532,0.5390966482709343,0.9846826900072937,0.9846826900072937,1.372443077143821,1.2649110640673518,0.0,23.109859367810962,14.430869689661812,hard,0.12259068814496536,0.13184771632884548,0.12077413128057105,0.13653008381203036
0.0,0.0,27.989987256625998,0.10053490805584032,0.5516807766367566,0.9624967532412771,0.9624967532412771,1.3879481258317978,1.2592060990957756,0.0,26.073741580371625,14.430869689661812,hard,0.12251718268922572,0.13182694396239109,0.12077863080094663,0.13476855617592767
0.0,0.0,30.669060809075944,0.10152701590087546,0.5484811406601204,0.9624967532412771,0.9624967532412771,1.41718029904455,1.26237870704476,0.0,30.837801478056118,14.430869689661812,hard,0.12253955784513518,0.1321709841883741,0.12124314749056972,0.13395595431510338
0.0,0.0,22.86878831724612,0.10193374068788247,0.5194932379915942,0.9635351576356723,0.9635351576356723,1.41718029904455,1.240806189539688,0.0,22.251121320059358,14.430869689661812,hard,0.12202935064949252,0.1320541938963178,0.1219268187439923,0.13373204948051953
0.0,0.0,11.813597529677159,0.10240643743492986,0.49818888577023346,0.9184770002564028,0.9184770002564028,1.41718029904455,1.2245815611873307,0.0,11.284608987466068,14.430869689661812,hard,0.12201662429081919,0.13238745405083385,0.12255306621374341,0.13374362471292922
0.0,0.0,13.655766097934022,0.10266735277467327,0.5128520169177537,0.8944271909999159,0.8944271909999159,1.4312232530251874,1.163443165779919,0.0,11.713308670055612,14.430869689661812,hard,0.12197637322559537,0.13253385618174904,0.12315100833810191,0.13367690633688267
0.0,0.0,14.469329766489734,0.10301197822217127,0.5147101886469267,0.9141115905621151,0.9141115905621151,1.4305243793798132,1.1357816691600549,0.0,13.538626222774596,14.430869689661812,hard,0.1219015195908945,0.13261517359901767,0.12354928446559356,0.13365914089790173
0.0,0.0,17.55506254190515,0.10358006966314393,0.49277128052017,0.932952303175248,0.9329523031752481,1.4305243793798132,1.1070682002478438,0.0,15.57897300851375,14.430869689661812,hard,0.12178792227689475,0.13342882833295058,0.12449369530840303,0.13384679914289113
0.0,0.0,17.250143782838286,0.10406674668692122,0.48224396602223546,0.938083151964686,0.938083151964686,1.4154857823376397,1.0461357464497616,0.0,16.129674516244897,14.430869689661812,hard,0.12172390433651886,0.1340340213802959,0.1253565021433886,0.1337991181722502
0.0,0.0,14.209928972702013,0.10442419756550525,0.47783859615386653,0.938083151964686,0.938083151964686,1.4422205101855958,1.0461357464497616,0.0,13.882881545270061,14.430869689661812,hard,0.121801412217368,0.13463602520999934,0.12601839640750534,0.13375438908370035
0.0,0.0,17.68672475908327,0.10485820616756515,0.4523685541181069,0.938083151964686,0.938083151964686,1.4422205101855958,1.0461357464497616,0.0,16.796725871431015,14.430869689661812,hard,0.12191013340325824,0.13507202659339015,0.12683234993173667,0.13378943989940434
0.0,0.0,11.932231424261813,0.10513308211189878,0.42657883969443317,0.938083151964686,0.938083151964686,1.4422205101855958,1.0461357464497616,0.0,9.675453477744597,14.430869689661812,hard,0.1218645591666339,0.1352755350614513,0.12710754801163143,0.13377013244135794
0.0,0.0,24.641114419699885,0.10558098686439779,0.39957783666911234,0.9357350052231668,0.9357350052231668,1.4422205101855958,1.0712609392673664,0.0,24.893573467865156,14.430869689661812,hard,0.12169267066041178,0.13508800819433023,0.12755375344548303,0.13464189161538026
0.0,0.0,15.531054678804491,0.10580734129469013,0.4178709155171265,1.0031948963187562,1.0031948963187562,1.4527215837867902,1.1412274094149684,0.0,15.361523361958604,14.430869689661812,hard,0.12153371260455059,0.13511954316208805,0.12804425711800316,0.13460366479730515
0.0,0.0,28.200346889333733,0.10609964096763728,0.4493852278297292,1.0017983829094554,1.0017983829094554,1.4891608375189027,1.118033988749895,0.0,27.761383250839643,14.430869689661812,hard,0.12127335022630256,0.13576600969826344,0.12852119392973319,0.1347016293433064
0.0,0.0,14.18844484167894,0.1062738376556155,0.4239366866893589,1.0409610943738483,1.0409610943738483,1.4891608375189027,1.1421033228215387,0.0,13.739228508180508,14.430869689661812,hard,0.1211320338506438,0.13598148402286345,0.1288459346263343,0.13455367157787912
0.0,0.0,17.718569361516337,0.10662762020877097,0.4164803628072271,1.061319932913728,1.061319932913728,1.4866068747318506,1.1620671237067162,0.0,17.221625939498278,14.430869689661812,hard,0.12092899779463417,0.13625302517802187,0.12947141467599363,0.13461629159032673
0.0,0.0,9.934590238468317,0.10688195604990419,0.45228445714191123,1.043264108459598,1.043264108459598,1.5435025105259792,1.2014990636700473,0.0,8.555606349055571,14.430869689661812,hard,0.12099535065904331,0.1368683476161448,0.12962254842388637,0.13465470282657677
0.0,0.0,10.360226179606798,0.1071743271168806,0.49863177257200203,1.0244998779892558,1.0244998779892558,1.600124995117569,1.2039933554633928,0.0,8.325406896963054,14.430869689661812,hard,0.12124495382484235,0.1371886562365893,0.12997175760455204,0.1346314710544785
0.0,0.0,12.98103754905175,0.10747287739115229,0.5211019328663633,1.044030650891055,1.044030650891055,1.6031219541881396,1.2362847568420472,0.0,11.706135143590304,14.430869689661812,hard,0.12144605896853433,0.13746870192637972,0.13009760724116642,0.13468464447061007
0.0,0.0,8.725226539413349,0.10766342492551731,0.491749056805912,1.0409610943738483,1.0409610943738483,1.6031219541881396,1.305526713629407,0.0,8.656119222838834,14.430869689661812,hard,0.1214349815331226,0.1375524941538331,0.13049628157231896,0.13486312522215974
0.0,0.0,21.392645673694926,0.10797785497454693,0.47653077883208655,1.0392304845413265,1.0392304845413265,1.5979987484350542,1.312097557348538,0.0,21.572436116489023,14.430869689661812,hard,0.1209696900160229,0.1379242797496863,0.1302617453675991,0.13486942877716337
0.0,0.0,15.240608522743104,0.10835124365081156,0.48331067558069013,1.0392304845413265,1.0392304845413265,1.5926079241294764,1.2893409169028958,0.0,14.714360332681812,14.430869689661812,hard,0.12155503152006565,0.13896434767275492,0.13011263637449647,0.1347743027190553
0.0,0.0,23.815640370995308,0.10896805612570029,0.5129035793032289,1.0392304845413265,1.0392304845413265,1.6430459518832696,1.2705904139414872,0.0,22.515274815111628,14.430869689661812,hard,0.12105786681721831,0.13986414659046875,0.13004915281095514,0.13482565291473603
0.0,0.0,28.40164652006559,0.10947264672238306,0.49540025818078814,1.0229369482035537,1.0229369482035537,1.6430459518832696,1.2464349160706305,0.0,28.23346241607642,14.430869689661812,hard,0.12114451999256887,0.14016250310593178,0.130104961229903,0.13345067342479627
0.0,0.0,9.96981567217999,0.10972032022714731,0.5259895973188032,1.0041912168506553,1.0041912168506553,1.6492422502470643,1.2395160345876934,0.0,8.687024807147727,14.430869689661812,hard,0.12124239548686491,0.1402291122116365,0.13014054791494045,0.1332665826478516
0.0,0.0,12.807077849971206,0.11007253944661319,0.498702757384918,1.0409610943738483,1.0409610943738483,1.630828010551695,1.157410903698423,0.0,12.19435935176588,14.430869689661812,hard,0.12115973035896274,0.1405873981893833,0.13038426396076533,0.13345472463483926
0.0,0.0,14.549380920058296,0.1105519167719137,0.5254536815037318,0.9977975746613138,0.9977975746613138,1.6900887550658397,1.1385956261992225,0.0,13.601117601138519,14.430869689661812,hard,0.12127640334835323,0.14133097227211086,0.13063805635110604,0.13364082599830224
0.0,0.0,16.0677495346401,0.1111100191235795,0.515681587405378,0.9748846085563152,0.9748846085563154,1.6951696080333674,1.1070682002478438,0.0,16.152721132985615,14.430869689661812,hard,0.12143534704917805,0.14197319462537167,0.13136478341786212,0.13366692299050426
0.0,0.0,8.851276063629648,0.11128244391685962,0.5587886022818871,0.9748846085563152,0.9748846085563154,1.716275036233995,1.1070682002478438,0.0,6.806614430096654,14.430869689661812,hard,0.1214835815725464,0.14233127897722045,0.1314174728129692,0.13363784959500172
0.0,0.0,15.09567932171173,0.11172730331355839,0.5364879731070407,0.9718024490605074,0.9718024490605074,1.716275036233995,1.095627673984187,0.0,14.328377437798041,14.430869689661812,hard,0.121918779559932,0.14278697149005848,0.13169403991459458,0.13337760699946855
0.0,0.0,11.804013098793652,0.11215325383582535,0.5481277549130628,0.9718024490605074,0.9718024490605074,1.7362027531368565,1.095627673984187,0.0,11.030883917438349,14.430869689661812,hard,0.12193283846353316,0.14350350498585523,0.1317020727353951,0.13325326889881728
0.0,0.0,10.496452496504391,0.11239426768883516,0.537389665280507,0.9541488353501251,0.9541488353501252,1.751456536714514,1.0461357464497616,0.0,9.857464176957478,14.430869689661812,hard,0.12198991780812744,0.1436654306913578,0.13180239233075633,0.1333238929812109
0.0,0.0,17.27653870479266,0.11273202806244541,0.5320883300727177,0.977547952787995,0.977547952787995,1.7549928774784245,1.0712609392673664,0.0,17.163228134590533,14.430869689661812,hard,0.12206944549605046,0.14378990088800353,0.13167615738642097,0.13475859516000502
0.0,0.0,16.345761617559276,0.11288279118093857,0.5203336794946241,0.977547952787995,0.977547952787995,1.792093747547823,1.0712609392673664,0.0,13.314067748062573,14.430869689661812,hard,0.12206115363768515,0.1440208375234256,0.13168791983887243,0.13526308297519712
0.0,0.0,15.55289672920528,0.11334962805757988,0.5114689809852354,0.9797958971132713,0.9797958971132713,1.7754999295972953,1.1412274094149684,0.0,14.84076817418829,14.430869689661812,hard,0.12229227962550392,0.14432034109714692,0.13203803649828283,0.13596421490550675
0.0,0.0,21.094865608452107,0.1136535650964463,0.5362178462984849,0.9414881836751855,0.9414881836751855,1.7916472867168918,1.1838918869558994,0.0,19.811471424404598,14.430869689661812,hard,0.12355110763846383,0.14437702124758095,0.13238243731891008,0.136195283333209
0.0,0.0,10.395571676399346,0.11384518177015729,0.5730606012168767,0.9184770002564028,0.9184770002564028,1.8505134422640652,1.118033988749895,0.0,8.86947574549928,14.430869689661812,hard,0.12371101897419506,0.14448204315416585,0.13248916560181614,0.13639559733021825
0.0,0.0,8.60921777139527,0.11389072036648085,0.5493890869460736,0.9830564581955606,0.9830564581955606,1.8505134422640652,1.1620671237067162,0.0,7.633321688491845,14.430869689661812,hard,0.12410416973664308,0.14453409058698813,0.1325633633598522,0.13640562936805894
0.0,0.0,7.355092386651365,0.1139994433568547,0.5765343211319548,1.0017983829094554,1.0017983829094554,1.8856298682403183,1.1643023662262308,0.0,4.616015597893924,14.430869689661812,hard,0.12425056287085857,0.14468839493142416,0.13263561166612775,0.13646593567645768
0.0,0.0,8.410721756460786,0.11402319602416222,0.5523229530037044,1.0041912168506553,1.0041912168506553,1.8856298682403183,1.1677328461596,0.0,7.599052572525077,14.430869689661812,hard,0.1242909185258778,0.1446903755464436,0.132723818182179,0.13659956292720649
0.0,0.0,13.116750580465903,0.11404647326689485,0.5288598514836568,1.0438390680559912,1.0438390680559912,1.8856298682403183,1.2515590277729614,0.0,13.118307817702709,14.430869689661812,hard,0.12435102603777183,0.14475111879897495,0.13276444480185862,0.13654268710084264
0.0,0.0,9.795784351784647,0.11439078047087581,0.530843932053058,1.0423051376636308,1.0423051376636308,1.9183326093250879,1.292439553712281,0.0,9.2078444817449,14.430869689661812,hard,0.12457732509797213,0.14490640848823705,0.13314360763729463,0.1367302447559549
0.0,0.0,10.612348054001572,0.11462248807031931,0.5072382123597272,1.0409610943738483,1.0409610943738483,1.9183326093250879,1.2745195173083854,0.0,9.818268686484394,14.430869689661812,hard,0.12488846999081211,0.1450031122734814,0.13339353578943558,0.13701828076812383
0.0,0.0,16.29376644317782,0.11489629319190416,0.4879695164831225,1.043264108459598,1.043264108459598,1.9183326093250879,1.2688577540449522,0.0,16.446872043036024,14.430869689661812,hard,0.12497890798416626,0.14509647657894828,0.13367398344390455,0.1375086364259981
0.0,0.0,12.12643941152877,0.11524362804177649,0.5564873890144605,1.0438390680559912,1.0438390680559912,1.9915822855207364,1.2737346662472526,0.0,10.3573934945043,14.430869689661812,hard,0.12508468810913545,0.14543991364892206,0.13405425340373198,0.13787189543107456
0.0,0.0,16.01455204334395,0.11559284144487793,0.5544964248105588,1.0229369482035537,1.0229369482035537,2.002098898656108,1.2806248474865698,0.0,15.63667483834079,14.430869689661812,hard,0.12521122173345817,0.14560305820032787,0.13467139293350006,0.13799282705598773
0.0,0.0,11.712677718435083,0.11591609073567204,0.5436685880038663,1.0423051376636308,1.0423051376636308,1.9923855048659636,1.2432216214336043,0.0,10.8634432847049,14.430869689661812,hard,0.12524903541994306,0.14597220733423236,0.13526393419303914,0.13818385991420637
0.0,0.0,18.670151633845595,0.11636233318481852,0.5984751887151926,1.043264108459598,1.043264108459598,2.0614557962760203,1.1732007500849972,0.0,15.779277550002092,14.430869689661812,hard,0.12521548173619493,0.1461343409253411,0.13558263721076202,0.13838855480465592
0.0,0.0,26.295109076911842,0.11732753913125392,0.61310845834709,1.0215674231297707,1.0215674231297707,2.1079848196796864,1.1043550153822819,0.0,26.128115125282193,14.430869689661812,hard,0.12504555614699592,0.14604197855716353,0.13629605114935173,0.14083567457230528
0.0,0.0,24.819613088955457,0.11789090629114567,0.5945078659591576,1.0031948963187562,1.0031948963187562,2.1079848196796864,1.1128342194594845,0.0,24.885827291854294,14.430869689661812,hard,0.12431740868623095,0.14577638541309726,0.1371958739717417,0.14206834130497548
0.0,0.0,27.40343948198871,0.11914929326517591,0.5732851341853737,1.0215674231297707,1.0215674231297707,2.1079848196796864,1.1029052543169788,0.0,27.465585739248308,14.430869689661812,hard,0.12453201341642021,0.1469862106852712,0.1389154233442545,0.14313709710431266
0.0,0.0,16.83872671830295,0.1195547517859225,0.5626478770307682,1.0215674231297707,1.0215674231297707,2.097617696340303,1.1029052543169788,0.0,16.32911510156016,14.430869689661812,hard,0.12415577986024334,0.14703329020771572,0.1396481700153427,0.14395542427503974
0.0,0.0,13.035659609831022,0.11981241426013911,0.5418683833897749,1.0392304845413265,1.0392304845413265,2.097617696340303,1.0552724766618335,0.0,12.275895079382197,14.430869689661812,hard,0.12368256879292945,0.1468212043869263,0.1401468182106603,0.1447700665783123
0.0,0.0,15.067078215746072,0.11983900820939196,0.6578909360866718,1.0392304845413265,1.0392304845413265,2.0658170296519485,1.0552724766618335,0.0,13.63479372781268,14.430869689661812,hard,0.12324368854681304,0.1466814536234101,0.1404673502240249,0.14514243486431397
0.0,0.0,9.808020056675907,0.12006082061275851,0.6600731824477177,1.0392304845413265,1.0392304845413265,2.0529003872570146,1.0552724766618335,0.0,8.589668212451514,14.430869689661812,hard,0.123004966102849,0.14671881292676842,0.14082850725787235,0.1454571536057829
0.0,0.0,9.598837177318236,0.12024733146587364,0.6343696806294516,1.0283968105745953,1.0283968105745953,2.0529003872570146,1.1551623262554922,0.0,8.852140983965404,14.430869689661812,hard,0.12283016467287575,0.1467006491574804,0.14110076815058625,0.14586366395897052
0.0,0.0,7.1474683146265425,0.12033898986769732,0.6116835404551543,1.0283968105745953,1.0283968105745953,2.0494877408757537,1.1551623262554922,0.0,6.01268658754138,14.430869689661812,hard,0.12270598260085135,0.14693267231119303,0.14134200605863287,0.14604388203190694
0.0,0.0,12.779180492779286,0.12045742632921344,0.5901241402305734,1.04,1.04,2.0494877408757537,1.1135528725660044,0.0,12.576104325267027,14.430869689661812,hard,0.12215605581447077,0.1469556316802585,0.14164578055696025,0.1464478020446944
0.0,0.0,17.240507043147066,0.12057086802854497,0.5764135252932683,1.044030650891055,1.044030650891055,2.042057785666214,1.13648581161403,0.0,17.30115603073968,14.430869689661812,hard,0.12103781478062361,0.14703988813640895,0.14201231174972231,0.14645931705440457
0.0,0.0,12.663804261882836,0.12052605160126562,0.5486245029294579,1.0205880657738458,1.0205880657738458,2.042057785666214,1.1586198686368192,0.0,11.977913006863925,14.430869689661812,hard,0.12086676762048959,0.14707397655809173,0.14209570436563282,0.14629788741712552
0.0,0.0,17.947964617198398,0.12056794209881076,0.516353134409541,0.9911609354691093,0.9911609354691093,2.042057785666214,1.1737120600896969,0.0,17.279629625660384,14.430869689661812,hard,0.12037473396988348,0.14669477856015573,0.14210139811900546,0.14635541993571635
0.0,0.0,17.325972847789288,0.12058192650218916,0.5527698337714902,0.9848857801796105,0.9848857801796105,2.0919847035769648,1.214742771124817,0.0,17.538540418176197,14.430869689661812,hard,0.12049899334980013,0.146726576238933,0.1418008216489291,0.1465268567062187
0.0,0.0,14.5886096479711,0.120699017048216,0.532824817256131,0.9759098319004682,0.9759098319004682,2.0919847035769648,1.2682271089990151,0.0,14.719021706621673,14.430869689661812,hard,0.1209711212447904,0.1467969771686882,0.141989301001905,0.14638397711076884
0.0,0.0,11.378144521394619,0.12076142172088535,0.5207201640533998,0.9759098319004682,0.9759098319004682,2.1067510531621907,1.284523257866513,0.0,7.811171487043413,14.430869689661812,hard,0.12115117967179143,0.14653976263512916,0.14215665773962596,0.14636223561158437
0.0,0.0,9.222640209381368,0.1208429817596101,0.5574236988137078,1.04,1.04,2.1908902300206643,1.267438361420389,0.0,7.093208018943192,14.430869689661812,hard,0.1212066513595659,0.14653465831444967,0.14236980937837193,0.14643889246406694
0.0,0.0,13.806088049720115,0.12069280787917418,0.550234652979175,1.044796630928718,1.0447966309287182,2.195358740616212,1.2789057822998533,0.0,12.416521251944927,14.430869689661812,hard,0.12140067955486815,0.14597820525863114,0.14227765244133966,0.14632122134723496
0.0,0.0,6.809142797523278,0.1205976980313667,0.5452721709414888,1.0873821775254549,1.0873821775254549,2.181375712709757,1.3029197979921865,0.0,5.323758071137341,14.430869689661812,hard,0.1215099453427782,0.14571882928589802,0.14227377551151288,0.14630646436229364
0.0,0.0,27.357944318397823,0.12141858671625286,0.5661818126456281,1.0961751684835777,1.0961751684835777,2.17632718128502,1.2967652061957864,0.0,27.56163275279605,14.430869689661812,hard,0.121387099669639,0.14575116432438856,0.14300086404924103,0.14683620648063386
0.0,0.0,21.71477822641325,0.121990264518945,0.5724975786221651,1.0777754868245983,1.0777754868245983,2.180275211985863,1.2328828005937953,0.0,21.675802176620824,14.430869689661812,hard,0.12168521009136722,0.14616961711063178,0.14358707342186297,0.1471493088388323
0.0,0.0,14.268971259640336,0.12246755520159588,0.5517894494660347,1.0777754868245986,1.0777754868245983,2.180275211985863,1.1771151175649728,0.0,14.638155621525547,14.430869689661812,hard,0.122367055136095,0.1465761278604837,0.14361276191625022,0.14721688283032683
0.0,0.0,19.549556857258004,0.12274634207112477,0.5907571296258851,1.0816653826391969,1.0816653826391969,2.2058105086339577,1.1532562594670797,0.0,19.42720772524966,14.430869689661812,hard,0.12272884652656352,0.14682402171048703,0.14386256023671692,0.14734787578977587
0.0,0.0,11.916461902555954,0.12266207866698182,0.5753344230272351,1.0816653826391969,1.0816653826391969,2.2058105086339577,1.156027681329474,0.0,11.535059601059718,14.430869689661812,hard,0.12285931066622062,0.14681645532049156,0.14371742831624432,0.14733978624874952
0.0,0.0,15.824236806306173,0.12287880219694987,0.5682903653884364,1.0816653826391969,1.0816653826391969,2.2000909072126995,1.156027681329474,0.0,15.02165104108067,14.430869689661812,hard,0.12322240176226969,0.14717693130049786,0.1438471413906987,0.1473145957585281
0.0,0.0,7.81069207554683,0.12304348735151553,0.5552499775578049,1.0816653826391969,1.0816653826391969,2.1758676430334636,1.156027681329474,0.0,6.341135544995077,14.430869689661812,hard,0.12335108764642796,0.14728917688216875,0.14387559243461484,0.14741593730534885
0.0,0.0,10.174575587247753,0.12343181469635635,0.5561021975652869,1.0816653826391969,1.0816653826391969,2.1971800108320667,1.156027681329474,0.0,8.852208763918753,14.430869689661812,hard,0.12349048620946934,0.14767656044982497,0.1439284749052128,0.14783457665451963
0.0,0.0,9.910782695386605,0.1234968101860802,0.5733906981929366,1.0816653826391969,1.0816653826391969,2.238660313669763,1.156027681329474,0.0,8.14164602522119,14.430869689661812,hard,0.12369367653928563,0.14789435518164631,0.14402593599992364,0.1478011073094323
0.0,0.0,7.13033601888139,0.12370597147711883,0.551712425255022,1.0883014288330233,1.0883014288330233,2.238660313669763,1.14,0.0,6.3655321851358195,14.430869689661812,hard,0.12386788577357531,0.1480744895220743,0.1440817035228798,0.14794104133810007
0.0,0.0,12.281682747691711,0.12395956789632083,0.5283292692063788,1.1092339699089637,1.109233969908964,2.238660313669763,1.1661903789690602,0.0,11.451392928373387,14.430869689661812,hard,0.12394840010720791,0.1481090333330141,0.14436072906877584,0.14844469384523687
0.0,0.0,12.00228227023095,0.12416730128473943,0.5600302070946106,1.0934349546269315,1.0934349546269315,2.2698898651696737,1.1914696806885183,0.0,11.11145355027865,14.430869689661812,hard,0.12425787140899912,0.14812696810024828,0.1447961874037118,0.14863262236925748
0.0,0.0,11.803133623655627,0.12437831783366145,0.5430760621211281,1.0934349546269315,1.0934349546269315,2.271915491386068,1.1560276813294743,0.0,11.473604490307308,14.430869689661812,hard,0.12468603346376413,0.14830011094340267,0.14481155558600162,0.14875188892095714
0.0,0.0,20.763239563575855,0.12455239882988549,0.531322419255603,1.0934349546269315,1.0934349546269315,2.2561028345356955,1.1560276813294743,0.0,16.778605424766386,14.430869689661812,hard,0.12501473727367296,0.14817006877174632,0.1450081908108407,0.14893971111631288
0.0,0.0,19.916272744982194,0.12475922034245959,0.5477565332885189,1.0954451150103321,1.0954451150103321,2.2489108474992956,1.22245654319489,0.0,19.717697634358835,14.430869689661812,hard,0.12507174099719837,0.14823548511255674,0.14547500264966437,0.1488463704223434
0.0,0.0,26.273165649074677,0.12476121449611659,0.5216948721932377,1.116422858956229,1.116422858956229,2.2489108474992956,1.2489995996796797,0.0,25.649803118152782,14.430869689661812,hard,0.1251564574022227,0.1484090115304962,0.1457746690787771,0.14860340279356116
0.0,0.0,21.27735783696134,0.12473640456472898,0.5274909420997747,1.0809255293497326,1.0809255293497326,2.2694492724006854,1.277654100294755,0.0,20.705062182954194,14.430869689661812,hard,0.12485941543373182,0.14862839027961006,0.14576343972659062,0.1483986619250817
0.0,0.0,23.781553053590113,0.12549266584653,0.5061501949599231,1.081480466767662,1.081480466767662,2.2694492724006854,1.2812493902437574,0.0,24.006907339347148,14.430869689661812,hard,0.12530480529362278,0.14877468012192574,0.14629536948914837,0.14963452300476873
0.0,0.0,9.942187851856476,0.1256284007066305,0.4977213027520992,1.06226173799116,1.06226173799116,2.2705946357727527,1.2944496900227525,0.0,9.222494239629537,14.430869689661812,hard,0.12522565922096868,0.14881608430531912,0.14650158099845817,0.14995405708233717
0.0,0.0,19.019108454602023,0.12595446326269166,0.4679739833709363,1.0244998779892558,1.0244998779892558,2.2705946357727527,1.2831211945876353,0.0,18.926056113200133,14.430869689661812,hard,0.1272304081318758,0.1488463333098641,0.14647433590006947,0.1502488029412386
0.0,0.0,15.064462545861193,0.12652272028780245,0.494642767300203,0.9846826900072937,0.9846826900072937,2.28114006584427,1.2998461447417538,0.0,14.858546362279185,14.430869689661812,hard,0.12751501768682766,0.14957419601353109,0.14760149794933328,0.15032702932218367
0.0,0.0,10.397569832948786,0.12682066191927335,0.471039918353857,0.9210863151735564,0.9210863151735564,2.325166660693379,1.3098091464026353,0.0,8.2516664983505,14.430869689661812,hard,0.12768273007200964,0.15009512685148305,0.14788281826600966,0.15051481028739905
0.0,0.0,19.262831447467157,0.1269716916566712,0.4539924571389803,0.9217374897442331,0.9217374897442331,2.325166660693379,1.3078226179417451,0.0,16.29577859447041,14.430869689661812,hard,0.12775600006562274,0.15072323193979634,0.1480490012438425,0.14824700788371745
0.0,0.0,27.559100355394136,0.12703049660678123,0.4193905239576396,0.9,0.9,2.325166660693379,1.2536347155371854,0.0,28.103672357896574,14.430869689661812,hard,0.12890245420461713,0.15107657223617757,0.1472740153615644,0.1479449541740124
0.0,0.0,18.74064874252494,0.1276479226186525,0.47392910036097363,0.9425497334358541,0.9425497334358541,2.360084744241189,1.2114454176726244,0.0,18.353375711296273,14.430869689661812,hard,0.1299631428588941,0.15130479042176256,0.14726076596863732,0.14905634226113454
0.0,0.0,9.712412975390917,0.12772709379970537,0.45605112018494354,0.9425497334358542,0.9425497334358542,2.360084744241189,1.2167168939404105,0.0,9.860649065857686,14.430869689661812,hard,0.13011669630901235,0.15138681607227483,0.14723362820520283,0.1495244259423503
0.0,0.0,14.926542579354015,0.12790823960089243,0.5175271058879449,0.9,0.9,2.3846173697262207,1.1357816691600549,0.0,14.287952967447788,14.430869689661812,hard,0.13070338376384963,0.1514458668147362,0.14705458260233994,0.1499869140684088
0.0,0.0,17.21921953626781,0.12834662995589038,0.5651146052006887,0.9,0.9,2.422890835345249,1.1357816691600549,0.0,15.6791453848735,14.430869689661812,hard,0.1308817514035054,0.15170545536200244,0.14801312292115684,0.15064278783340995
0.0,0.0,9.343017203197729,0.12852939382707912,0.5409044355853272,0.9,0.9,2.422890835345249,1.1357816691600549,0.0,8.731002233420858,14.430869689661812,hard,0.1311917537309656,0.15184669581122598,0.14826863114839253,0.15063328683754706
0.0,0.0,11.594831169041614,0.12867803988491222,0.5909147351582333,0.9,0.9,2.4919871588754225,1.1357816691600549,0.0,9.410292237757549,14.430869689661812,hard,0.13129302573171348,0.1518852986756707,0.1484582676895189,0.15111820394998193
0.0,0.0,12.955241996588972,0.1288880750766868,0.5798928674168339,0.9,0.9,2.490301186603741,1.1357816691600549,0.0,12.015007282561255,14.430869689661812,hard,0.1316470512589375,0.1522539164368236,0.1487502465911856,0.15144087146537705
0.0,0.0,16.096357682067136,0.1291948625266398,0.5884432650552166,0.8774964387392122,0.8774964387392122,2.4944738924270182,1.1208925015361642,0.0,16.46476237301954,14.430869689661812,hard,0.13180330143785077,0.15288098796375899,0.14948369832462813,0.15190625414873712
0.0,0.0,11.593698059908089,0.12930719835603327,0.5644631600101966,0.8997777503361595,0.8997777503361595,2.4762067765031257,1.1482160075525858,0.0,10.797573801553755,14.430869689661812,hard,0.13185000119224008,0.1529369981286361,0.149887976663142,0.1522681931462491
0.0,0.0,11.0570832943855,0.1294169385744503,0.5452066480575503,0.9431860898041277,0.9431860898041277,2.497999199359359,1.1135528725660044,0.0,10.713748176992029,14.430869689661812,hard,0.1319117911781886,0.1528792228881629,0.15001082306949828,0.15317120740166942
0.0,0.0,14.261040460640402,0.12976947475837267,0.5149075896568122,0.9219544457292888,0.9219544457292888,2.497999199359359,1.1223190277278559,0.0,14.020499277843141,14.430869689661812,hard,0.1321491163602621,0.15284070969795266,0.1513479628458056,0.1539205130027466
0.0,0.0,18.54691129607698,0.12992427899009196,0.48894020880939787,0.964157663455516,0.964157663455516,2.497999199359359,1.1805083650698964,0.0,18.773555869893162,14.430869689661812,hard,0.13210759612278114,0.15243062639324503,0.15184555582791803,0.1548508817737684
0.0,0.0,9.645038363113207,0.12997130218405778,0.4656872064765911,0.9635351576356722,0.9635351576356722,2.497999199359359,1.1704699910719627,0.0,8.990239151435294,14.430869689661812,hard,0.13219512108083284,0.15242435822360778,0.1520350753269286,0.15544658187605262
0.0,0.0,9.134099358494957,0.12999276076410105,0.4829817845175746,0.9840731680114033,0.9840731680114033,2.5273701747072983,1.1833849753989614,0.0,7.891995945259983,14.430869689661812,hard,0.13241997390405782,0.15222605940066083,0.1519455893147526,0.15596060899771882
0.0,0.0,14.405740601258572,0.129938610535769,0.4703923836849115,1.019803902718557,1.019803902718557,2.5273701747072983,1.2165525060596438,0.0,14.255174499107333,14.430869689661812,hard,0.1324326973038413,0.1521833579736046,0.1519686282995094,0.15628223628743246
0.0,0.0,9.142656427622047,0.1299349889833769,0.46966690707632236,1.0316976301223144,1.0316976301223144,2.532666578924277,1.2297967311714568,0.0,7.30479294709987,14.430869689661812,hard,0.1324377008463812,0.1520933897922786,0.1520198433862984,0.15665078809161712
0.0,0.0,23.111891033436983,0.12958858904625,0.4427322559121626,1.037111372997134,1.037111372997134,2.532666578924277,1.2688577540449522,0.0,22.77037549097511,14.430869689661812,hard,0.1325173392383877,0.15179950467069142,0.15128791493068713,0.15654261637765515
0.0,0.0,23.22235826002361,0.13011753849533256,0.4230433679910237,1.0725670142233537,1.0725670142233539,2.532666578924277,1.2768711759609894,0.0,23.82120903732638,14.430869689661812,hard,0.13258534331477267,0.15166680416220116,0.15109916612685684,0.15859909986220502
0.0,0.0,10.605569913595955,0.13032363926362733,0.42983415349058646,1.074988372030135,1.074988372030135,2.521983346495373,1.3146862743635837,0.0,9.561778077324322,14.430869689661812,hard,0.13261702669795009,0.15173403545091121,0.15125021097024177,0.15896050367277378
0.0,0.0,16.169313970134557,0.1299323827866606,0.3922637998056023,1.1447270417003348,1.1447270417003348,2.521983346495373,1.2674383614203888,0.0,14.277254638059798,14.430869689661812,hard,0.13237406310134034,0.15147476111888436,0.15101240570790989,0.1578587900641698
0.0,0.0,37.46512597997249,0.12938026409704242,0.4052989399621971,1.1142710621747296,1.1142710621747296,2.5506077707087775,1.2237646832622684,0.0,33.86358516164525,14.430869689661812,hard,0.13243869068541853,0.151478938596202,0.1505039211433463,0.15384942416614536
0.0,0.0,17.469669442290648,0.12954517487623382,0.41259990424652004,1.1,1.1,2.5475478405713994,1.2041594578792296,0.0,17.887749998252996,14.430869689661812,hard,0.13273396810542026,0.15121488348768333,0.1505207804727609,0.15428842689232802
0.0,0.0,57.10149641975074,0.12951217721820257,0.5415805500967733,1.1214276615100949,1.1214276615100949,2.588358553214759,1.2172099243762353,0.0,18.415211103867367,14.430869689661812,hard,0.13344482689140655,0.15102478898755528,0.15050957996492212,0.15308881329468632
