step,timestamp,coverage,known_cells,total_cells,cov_trace,pos_x,pos_y,altitude,frontier_count,nearest_frontier_dist,loop_closures,tracking_lost_events,new_cells,note
1,1776030131.4015627,0.1004,1070,10659,0.078604,-0.04,0.104,1.13,0,-1,0,0,0,
2,1776030133.405852,0.1004,1070,10659,0.080349,-0.125,0.309,1.162,0,-1,0,0,0,
3,1776030135.4100943,0.1286,1395,10846,0.083288,-0.305,0.211,1.14,12,1.762,0,0,325,
4,1776030137.4163575,0.1327,1439,10846,0.086479,-0.424,0.227,1.144,12,1.883,0,0,44,
5,1776030139.4246001,0.1327,1439,10846,0.086479,-0.456,0.298,1.157,12,1.928,0,0,0,
6,1776030141.4317718,0.1327,1439,10846,0.090308,-0.41,0.058,1.131,12,1.844,0,0,0,
7,1776030143.4364848,0.1327,1439,10846,0.092235,-0.149,0.156,1.166,12,1.599,0,0,0,
8,1776030145.448238,0.1327,1439,10846,0.093936,-0.059,0.272,1.152,12,1.536,0,0,0,
9,1776030147.4539356,0.1344,1458,10846,0.102835,0.071,0.148,1.215,15,1.372,0,0,19,
10,1776030149.4579237,0.1365,1481,10846,0.103771,-0.021,0.249,1.165,15,1.481,0,0,23,
11,1776030151.4648805,0.1467,1591,10846,0.108646,-0.05,0.487,1.197,13,1.325,0,0,110,
12,1776030153.470213,0.1511,1667,11033,0.111915,-0.339,0.55,1.238,7,2.048,0,0,76,
13,1776030155.4763646,0.1586,1750,11033,0.114882,-0.415,0.667,1.23,5,2.402,0,0,83,
14,1776030157.4826965,0.1638,1807,11033,0.139807,-0.345,0.787,1.241,2,2.612,0,0,57,
15,1776030159.4889545,0.1652,1823,11033,0.144848,-0.47,0.631,1.258,2,2.698,0,0,16,
16,1776030161.4972296,0.1638,1807,11033,0.126928,-0.511,0.799,1.245,6,2.253,1,0,0,
17,1776030163.5042927,0.1642,1812,11033,0.130346,-0.376,0.879,1.238,7,1.806,1,0,5,
18,1776030165.5099237,0.1645,1815,11033,0.143887,-0.277,0.724,1.246,7,1.639,1,0,3,
19,1776030167.5186305,0.1655,1826,11033,0.142013,-0.357,0.675,1.253,5,1.684,1,0,11,
20,1776030169.52926,0.1655,1826,11033,0.118676,-0.364,0.43,1.268,5,1.589,1,0,0,
21,1776030171.5364518,0.165,1820,11033,0.109536,-0.189,0.257,1.243,4,1.377,2,0,0,
22,1776030173.544318,0.165,1820,11033,0.11116,0.018,0.38,1.204,4,1.223,2,0,0,
23,1776030175.5606992,0.165,1820,11033,0.116497,-0.101,0.635,1.215,4,1.447,2,0,0,
24,1776030177.5702474,0.1651,1822,11033,0.120468,-0.059,0.62,1.188,4,1.424,2,0,2,
25,1776030179.5780904,0.1651,1822,11033,0.119786,0.063,0.605,1.191,4,1.315,2,0,0,
26,1776030181.5871084,0.1654,1825,11033,0.127822,0.023,0.641,1.146,4,1.369,2,0,3,
27,1776030183.5917957,0.1654,1825,11033,0.124247,0.02,0.857,1.182,4,1.507,2,0,0,
28,1776030185.6030247,0.1651,1821,11033,0.139635,0.087,1.137,1.187,4,1.632,3,0,0,
29,1776030187.6089485,0.1672,1845,11033,0.158159,0.201,1.245,1.181,4,1.65,4,0,24,
30,1776030189.6152587,0.1712,1889,11033,0.156493,0.25,1.194,1.197,6,1.579,4,0,44,
31,1776030191.620502,0.1712,1889,11033,0.156493,0.227,1.201,1.153,6,1.598,4,0,0,
32,1776030193.6258569,0.172,1898,11033,0.15666,0.38,1.289,1.184,5,1.593,4,0,9,
33,1776030195.6311052,0.1837,2027,11033,0.175879,0.542,1.394,1.188,8,1.62,4,0,129,
34,1776030197.637308,0.1837,2027,11033,0.175879,0.65,1.499,1.206,8,1.683,4,0,0,
35,1776030199.6456926,0.1921,2154,11210,0.199649,0.68,1.506,1.224,15,1.682,4,0,127,
36,1776030201.6552105,0.1921,2154,11210,0.199649,0.556,1.467,1.148,15,1.683,4,0,0,
37,1776030203.6616213,0.1951,2187,11210,0.201795,0.486,1.458,1.146,14,1.701,4,0,33,
38,1776030205.668756,0.1951,2187,11210,0.201795,0.411,1.534,1.14,14,1.8,4,0,0,
39,1776030207.6756952,0.2055,2304,11210,0.203931,0.403,1.433,1.137,15,1.724,4,0,117,
40,1776030209.6901774,0.2068,2318,11210,0.207426,0.504,1.393,1.158,16,1.652,4,0,14,
41,1776030211.6985054,0.2068,2318,11210,0.207426,0.617,1.571,1.221,16,1.793,4,0,0,
42,1776030213.707717,0.2091,2344,11210,0.211914,0.627,1.73,1.197,16,1.946,4,0,26,
43,1776030215.7203894,0.2166,2428,11210,0.214616,0.609,1.741,1.194,13,1.924,4,0,84,
44,1776030217.7300391,0.2232,2502,11210,0.216436,0.554,1.761,1.195,11,2.321,4,0,74,
45,1776030219.740184,0.2232,2502,11210,0.216436,0.51,1.793,1.228,11,2.374,4,0,0,
46,1776030221.7523723,0.2519,2872,11400,0.220886,0.363,1.598,1.239,17,1.797,4,0,370,
47,1776030223.7640648,0.256,2964,11580,0.225606,0.373,1.516,1.248,18,1.792,4,0,92,
48,1776030225.7869174,0.2576,2983,11580,0.235783,0.484,1.447,1.306,17,1.698,4,0,19,
49,1776030227.7952302,0.2576,2983,11580,0.235783,0.488,1.285,1.286,17,1.54,4,0,0,
50,1776030229.8065383,0.2662,3098,11640,0.20471,0.458,1.197,1.305,18,2.037,4,0,115,
51,1776030231.818281,0.2685,3125,11640,0.208954,0.219,1.101,1.297,19,1.809,4,0,27,
52,1776030233.8259492,0.2685,3125,11640,0.208954,0.172,1.089,1.253,19,1.765,4,0,0,
53,1776030235.8342621,0.2677,3116,11640,0.189338,0.239,0.986,1.267,20,1.256,4,0,0,
54,1776030237.843612,0.2685,3125,11640,0.187009,0.267,1.137,1.285,20,1.382,4,0,9,
55,1776030239.851954,0.2684,3124,11640,0.192362,0.135,0.981,1.238,20,1.301,4,0,0,
56,1776030241.8673544,0.2634,3117,11834,0.16119,0.076,0.897,1.261,21,1.328,4,0,0,
57,1776030243.8861408,0.2631,3114,11834,0.162809,0.301,0.72,1.263,21,1.059,4,0,0,
58,1776030245.8932536,0.2663,3100,11640,0.149264,0.154,0.506,1.291,21,1.269,4,0,0,
59,1776030247.900738,0.2674,3096,11580,0.128314,0.037,0.625,1.235,14,1.14,4,0,0,
60,1776030249.9143608,0.267,3092,11580,0.137915,0.274,0.734,1.213,15,1.084,4,0,0,
61,1776030251.9255533,0.2671,3093,11580,0.136655,0.406,0.672,1.26,15,0.968,4,0,1,
62,1776030253.9365115,0.2671,3093,11580,0.136655,0.408,0.722,1.283,15,1.012,4,0,0,
63,1776030255.9445496,0.2679,3102,11580,0.147235,0.22,0.6,1.254,15,1.003,4,0,9,
64,1776030257.9525514,0.2676,3099,11580,0.141548,0.252,0.567,1.26,14,0.957,4,0,0,
65,1776030259.9609423,0.2676,3099,11580,0.141353,0.182,0.445,1.285,14,0.911,4,0,0,
66,1776030261.971838,0.2679,3102,11580,0.136995,0.012,0.235,1.292,17,0.922,4,0,3,
67,1776030263.9844172,0.2674,3097,11580,0.122915,0.009,0.183,1.286,16,0.901,5,0,0,
68,1776030265.9964426,0.2678,3101,11580,0.121823,0.16,0.299,1.298,16,0.831,5,0,4,
69,1776030268.0081315,0.2677,3100,11580,0.12501,0.063,0.358,1.288,16,0.944,6,0,0,
70,1776030270.0283387,0.2678,3101,11580,0.127396,-0.078,0.499,1.308,16,1.142,6,0,1,
71,1776030272.0443428,0.2679,3102,11580,0.129547,0.066,0.477,1.348,16,1.017,6,0,1,
72,1776030274.0553246,0.2679,3102,11580,0.133575,0.056,0.464,1.278,16,1.016,6,0,0,
73,1776030276.0626073,0.2679,3102,11580,0.133575,0.025,0.539,1.285,16,1.089,7,0,0,
74,1776030278.0703638,0.2679,3102,11580,0.13797,0.233,0.436,1.276,16,0.869,8,0,0,
75,1776030280.0796468,0.2669,3107,11640,0.137188,0.317,0.35,1.29,19,1.588,9,0,5,
76,1776030282.091049,0.2645,3079,11640,0.140457,0.357,0.602,1.295,24,0.901,9,0,0,
77,1776030284.0997329,0.265,3085,11640,0.152131,0.212,0.675,1.302,22,1.037,9,0,6,
78,1776030286.11384,0.2649,3083,11640,0.141399,0.024,0.473,1.333,22,1.009,9,0,0,
79,1776030288.1264057,0.2637,3069,11640,0.132333,0.009,0.367,1.301,24,0.954,9,0,0,
80,1776030290.138966,0.2639,3072,11640,0.123898,0.087,0.421,1.247,22,0.928,10,0,3,
81,1776030292.1516328,0.2639,3072,11640,0.130089,-0.102,0.448,1.285,22,1.092,10,0,0,
82,1776030294.1690686,0.2643,3076,11640,0.116577,-0.181,0.261,1.219,25,1.066,11,0,4,
83,1776030296.1754313,0.2643,3076,11640,0.116577,0.027,0.375,1.236,25,0.945,11,0,0,
84,1776030298.184623,0.2643,3076,11640,0.122046,-0.045,0.593,1.215,25,1.141,11,0,0,
85,1776030300.192799,0.2654,3089,11640,0.129237,0.053,0.444,1.227,22,0.969,12,0,13,
86,1776030302.200207,0.2655,3090,11640,0.120319,0.19,0.176,1.224,24,0.698,13,0,1,
87,1776030304.2133515,0.2655,3090,11640,0.11641,0.23,-0.038,1.234,24,0.575,13,0,0,
88,1776030306.2231789,0.2799,3258,11640,0.114351,0.185,-0.237,1.272,24,0.6,14,0,168,
89,1776030308.233002,0.2897,3372,11640,0.118442,0.342,-0.324,1.219,22,0.461,14,0,114,
90,1776030310.241635,0.2905,3381,11640,0.116369,0.371,-0.289,1.174,22,0.424,14,0,9,
91,1776030312.2487438,0.2905,3416,11760,0.117056,0.101,-0.025,1.191,21,0.702,14,0,35,
92,1776030314.2606218,0.2933,3449,11760,0.105034,0.122,0.054,1.218,21,0.711,15,0,33,
93,1776030316.2720282,0.2962,3483,11760,0.107394,0.233,0.253,1.172,17,0.704,16,0,34,
94,1776030318.2812693,0.2962,3483,11760,0.111859,0.263,0.328,1.181,17,0.732,16,0,0,
95,1776030320.2889178,0.2926,3441,11760,0.110788,0.275,0.459,1.14,20,0.842,17,0,0,
96,1776030322.2989633,0.2924,3439,11760,0.115846,0.14,0.628,1.131,20,1.059,18,0,0,
97,1776030324.3067367,0.2923,3437,11760,0.117356,-0.116,0.454,1.152,20,1.125,19,0,0,
98,1776030326.31768,0.2923,3437,11760,0.109276,-0.208,0.341,1.123,20,1.086,20,0,0,
99,1776030328.3249488,0.2923,3437,11760,0.105076,-0.101,0.45,1.07,20,1.112,20,0,0,
100,1776030330.3332057,0.2927,3442,11760,0.10821,-0.075,0.423,1.043,19,1.074,20,0,5,
101,1776030332.3447213,0.2927,3442,11760,0.108306,-0.137,0.605,1.049,19,1.236,21,0,0,
102,1776030334.3550167,0.2901,3411,11760,0.111627,-0.083,0.827,1.079,20,1.28,21,0,0,
103,1776030336.3652887,0.2901,3411,11760,0.124009,-0.172,0.765,1.07,20,1.3,21,0,0,
104,1776030338.372118,0.2915,3428,11760,0.127531,-0.339,0.697,1.031,18,1.174,22,0,17,
105,1776030340.3816283,0.2921,3435,11760,0.122295,-0.589,0.593,1.05,17,0.924,22,0,7,
106,1776030342.391967,0.2921,3435,11760,0.124105,-0.571,0.779,1.011,17,1.081,22,0,0,
107,1776030344.4020505,0.2922,3436,11760,0.125529,-0.635,0.674,1.011,17,0.958,22,0,1,
108,1776030346.4091978,0.2922,3436,11760,0.130843,-0.606,0.77,1.045,17,1.053,22,0,0,
109,1776030348.419699,0.2922,3436,11760,0.133694,-0.66,0.838,1.082,17,1.082,22,0,0,
110,1776030350.4273393,0.2922,3436,11760,0.136536,-0.821,0.803,1.074,17,0.98,22,0,0,
111,1776030352.4445848,0.2922,3436,11760,0.139527,-0.762,0.749,1.078,17,0.955,22,0,0,
112,1776030354.4521282,0.2922,3436,11760,0.141661,-0.613,0.908,1.097,17,1.166,22,0,0,
113,1776030356.4628417,0.2923,3437,11760,0.132713,-0.532,0.724,1.105,18,1.06,22,0,1,
114,1776030358.4698973,0.2923,3437,11760,0.116801,-0.699,0.553,1.104,18,0.823,23,0,0,
115,1776030360.478935,0.2927,3442,11760,0.113072,-0.702,0.669,1.125,18,0.916,23,0,5,
116,1776030362.4860039,0.2927,3442,11760,0.116636,-0.67,0.603,1.14,18,0.881,24,0,0,
117,1776030364.4936683,0.2927,3442,11760,0.116636,-0.834,0.531,1.114,18,0.73,24,0,0,
118,1776030366.5047247,0.2945,3463,11760,0.118876,-0.993,0.602,1.119,18,0.731,24,0,21,
119,1776030368.5142312,0.2949,3468,11760,0.122697,-1.028,0.599,1.177,18,0.72,24,0,5,
120,1776030370.5236797,0.2949,3468,11760,0.122697,-0.883,0.528,1.162,18,0.704,24,0,0,
121,1776030372.5302365,0.297,3493,11760,0.097715,-0.982,0.583,1.141,22,0.702,25,0,25,
122,1776030374.5389807,0.297,3493,11760,0.105162,-1.023,0.679,1.183,22,0.783,25,0,0,
123,1776030376.550756,0.297,3493,11760,0.105162,-0.935,0.611,1.206,22,0.743,25,0,0,
124,1776030378.558111,0.2976,3482,11700,0.099124,-0.754,0.763,1.204,15,0.971,25,0,0,
125,1776030380.5675013,0.2976,3482,11700,0.099124,-0.654,0.807,1.183,15,1.058,25,0,0,
126,1776030382.5762384,0.2976,3482,11700,0.104381,-0.563,0.781,1.207,15,1.087,25,0,0,
127,1776030384.5830078,0.2976,3482,11700,0.108659,-0.434,0.887,1.195,15,1.25,25,0,0,
128,1776030386.5897698,0.2976,3482,11700,0.108659,-0.391,0.773,1.188,15,1.19,25,0,0,
129,1776030388.5976205,0.2935,3434,11700,0.103019,-0.438,0.7,1.205,18,1.09,25,0,0,
130,1776030390.6042714,0.2914,3409,11700,0.09827,-0.451,0.72,1.225,16,1.096,25,0,0,
131,1776030392.613323,0.2914,3409,11700,0.09827,-0.58,0.647,1.236,16,0.956,25,0,0,
132,1776030394.6238713,0.2914,3409,11700,0.102471,-0.687,0.529,1.203,16,0.797,25,0,0,
133,1776030396.6302798,0.2914,3409,11700,0.102471,-0.683,0.486,1.223,16,0.767,25,0,0,
134,1776030398.63811,0.3049,3567,11700,0.073957,-0.739,0.509,1.232,19,0.744,26,0,158,
135,1776030400.6479766,0.308,3543,11505,0.065032,-0.711,0.392,1.194,18,1.021,26,0,0,
136,1776030402.6568916,0.308,3543,11505,0.065032,-0.8,0.264,1.214,18,0.874,26,0,0,
137,1776030404.6682422,0.2835,3529,12449,0.063997,-0.936,0.186,1.229,18,0.308,26,0,0,
138,1776030406.6768856,0.2699,3599,13334,0.066163,-1.021,0.126,1.235,18,0.205,26,0,70,
139,1776030408.686367,0.2699,3599,13334,0.066163,-0.921,0.069,1.239,18,0.288,26,0,0,
140,1776030410.6948164,0.2706,3592,13275,0.06559,-1.026,0.007,1.22,17,0.185,27,0,0,
141,1776030412.70208,0.271,3598,13275,0.069323,-1.176,0.121,1.186,17,0.085,27,0,6,
142,1776030414.7100792,0.2694,3608,13393,0.075188,-1.186,0.011,1.176,17,0.038,27,0,10,
143,1776030416.7192895,0.2694,3608,13393,0.075188,-1.112,-0.118,1.159,17,0.187,27,0,0,
144,1776030418.7292874,0.2706,3608,13334,0.067035,-1.1,-0.073,1.185,16,0.178,28,0,0,
145,1776030420.7395337,0.271,3613,13334,0.06713,-1.16,-0.062,1.196,19,0.411,28,0,5,
146,1776030422.7564738,0.271,3613,13334,0.06713,-1.065,-0.043,1.137,19,0.504,28,0,0,
147,1776030424.7637067,0.271,3613,13334,0.06713,-1.112,0.026,1.088,19,0.497,28,0,0,
148,1776030426.7701797,0.2633,3620,13747,0.070795,-1.182,0.101,1.121,19,0.491,28,0,7,
149,1776030428.787458,0.2471,3645,14750,0.073937,-1.361,0.231,1.154,19,0.508,28,0,25,
150,1776030430.795328,0.2471,3645,14750,0.073937,-1.527,0.312,1.138,19,0.456,28,0,0,
151,1776030432.8031752,0.2396,3661,15281,0.076472,-1.559,0.488,1.112,19,0.492,28,0,16,
152,1776030434.8205588,0.2407,3678,15281,0.078903,-1.498,0.543,1.092,19,0.573,28,0,17,
153,1776030436.8272276,0.2407,3678,15281,0.078903,-1.447,0.532,1.099,19,0.611,28,0,0,
154,1776030438.8343084,0.2407,3678,15281,0.078903,-1.517,0.509,1.103,19,0.539,28,0,0,
155,1776030440.840564,0.241,3683,15281,0.080044,-1.429,0.357,1.067,19,0.562,28,0,5,
156,1776030442.853444,0.241,3683,15281,0.080044,-1.42,0.307,1.034,19,0.561,28,0,0,
157,1776030444.8611238,0.2423,3703,15281,0.091995,-1.348,0.235,1.042,19,0.516,28,0,20,
158,1776030446.8712904,0.2423,3703,15281,0.082836,-1.4,0.101,1.11,19,0.372,29,0,0,
159,1776030448.881971,0.2423,3703,15281,0.082836,-1.22,0.03,1.135,19,0.414,29,0,0,
160,1776030450.894078,0.236,3667,15540,0.065778,-1.065,-0.125,1.113,17,0.22,30,0,0,
161,1776030452.9009328,0.2361,3669,15540,0.06143,-1.024,-0.25,1.116,17,0.294,31,0,2,
162,1776030454.9106078,0.2361,3669,15540,0.060217,-1.023,-0.234,1.112,17,0.288,31,0,0,
163,1776030456.9176495,0.2364,3674,15540,0.060217,-0.893,-0.286,1.136,17,0.428,31,0,5,
164,1776030458.9249902,0.2364,3674,15540,0.060217,-0.952,-0.06,1.119,17,0.337,31,0,0,
165,1776030460.9361992,0.2364,3674,15540,0.058647,-0.906,0.058,1.14,17,0.417,31,0,0,
166,1776030462.9454951,0.2362,3671,15540,0.058647,-0.773,0.179,1.17,20,0.59,32,0,0,
167,1776030464.9527452,0.2362,3671,15540,0.057649,-0.691,0.334,1.168,20,0.745,33,0,0,
168,1776030466.9610713,0.2366,3677,15540,0.061307,-0.654,0.433,1.158,20,0.835,34,0,6,
169,1776030468.9685876,0.2366,3677,15540,0.061307,-0.842,0.282,1.15,20,0.595,34,0,0,
170,1776030470.9760172,0.2363,3672,15540,0.059501,-0.974,0.168,1.155,20,0.421,35,0,0,
171,1776030472.9828763,0.2363,3672,15540,0.063859,-1.218,0.048,1.133,13,0.198,36,0,0,
172,1776030474.991146,0.2363,3672,15540,0.063859,-1.33,0.037,1.12,13,0.18,36,0,0,
173,1776030477.00111,0.2369,3681,15540,0.070329,-1.367,0.23,1.105,12,0.329,36,0,9,
174,1776030479.0085223,0.2369,3681,15540,0.075543,-1.472,0.354,1.145,12,0.393,37,0,0,
175,1776030481.0213099,0.2369,3681,15540,0.082484,-1.505,0.381,1.15,12,0.412,37,0,0,
176,1776030483.031979,0.2358,3665,15540,0.082484,-1.447,0.424,1.193,14,0.467,38,0,0,
177,1776030485.043878,0.2359,3666,15540,0.079985,-1.392,0.48,1.167,14,0.538,39,0,1,
178,1776030487.0561228,0.2359,3666,15540,0.076956,-1.285,0.463,1.167,14,0.567,39,0,0,
179,1776030489.0708153,0.2361,3669,15540,0.076956,-1.213,0.491,1.182,15,0.63,40,0,3,
180,1776030491.0820398,0.2361,3669,15540,0.078312,-1.17,0.585,1.167,15,0.732,41,0,0,
181,1776030493.0892828,0.2361,3669,15540,0.078356,-1.099,0.572,1.139,15,0.764,41,0,0,
182,1776030495.1037424,0.2361,3669,15540,0.078356,-1.172,0.605,1.107,15,0.748,41,0,0,
183,1776030497.1178098,0.2361,3669,15540,0.080258,-1.127,0.633,1.119,15,0.796,42,0,0,
184,1776030499.1254666,0.2361,3669,15540,0.080556,-1.135,0.766,1.094,15,0.905,43,0,0,
185,1776030501.1323671,0.2361,3669,15540,0.080556,-1.151,0.771,1.116,15,0.902,43,0,0,
186,1776030503.1450617,0.2361,3669,15540,0.083887,-1.066,0.66,1.095,15,0.854,43,0,0,
187,1776030505.1575112,0.2362,3670,15540,0.083251,-0.997,0.731,1.131,15,0.952,43,0,1,
188,1776030507.165404,0.2362,3670,15540,0.083251,-0.971,0.644,1.126,15,0.901,43,0,0,
189,1776030509.1722515,0.2362,3670,15540,0.083251,-1.107,0.658,1.089,15,0.828,43,0,0,
190,1776030511.1795783,0.2379,3697,15540,0.083417,-1.079,0.694,1.111,15,0.874,44,0,27,
191,1776030513.18645,0.2379,3697,15540,0.079539,-0.897,0.674,1.113,15,0.973,45,0,0,
192,1776030515.1967041,0.2379,3697,15540,0.079539,-0.819,0.792,1.152,15,1.113,45,0,0,
193,1776030517.206238,0.238,3698,15540,0.081467,-0.8,0.823,1.151,15,1.148,45,0,1,
194,1776030519.2172847,0.2385,3707,15540,0.081736,-0.644,0.791,1.172,15,1.238,46,0,9,
195,1776030521.2249184,0.2385,3707,15540,0.081736,-0.659,0.971,1.142,15,1.353,46,0,0,
196,1776030523.2345314,0.2385,3707,15540,0.088348,-0.713,0.892,1.133,15,1.259,46,0,0,
197,1776030525.2458901,0.2385,3707,15540,0.088348,-0.643,0.964,1.129,15,1.359,46,0,0,
198,1776030527.2533226,0.238,3699,15540,0.096689,-0.612,1.04,1.128,15,1.436,47,0,0,
199,1776030529.2601311,0.2385,3706,15540,0.101121,-0.746,1.033,1.145,15,1.344,47,0,7,
200,1776030531.2674565,0.2385,3706,15540,0.101121,-0.733,1.089,1.124,15,1.396,47,0,0,
201,1776030533.2761164,0.2385,3706,15540,0.101121,-0.647,0.981,1.113,15,1.369,47,0,0,
202,1776030535.2860975,0.2385,3706,15540,0.101121,-0.618,0.839,1.126,15,1.289,47,0,0,
203,1776030537.2952287,0.2387,3709,15540,0.095941,-0.731,0.885,1.106,15,1.242,48,0,3,
204,1776030539.3022985,0.2396,3724,15540,0.099918,-0.858,0.749,1.109,15,1.055,49,0,15,
205,1776030541.3093789,0.2396,3724,15540,0.084396,-0.866,0.548,1.064,15,0.912,49,0,0,
206,1776030543.3190513,0.2392,3717,15540,0.084396,-1.026,0.561,1.082,15,0.803,49,0,0,
207,1776030545.327214,0.2392,3717,15540,0.085714,-1.065,0.661,1.123,15,0.854,50,0,0,
208,1776030547.3347476,0.2392,3717,15540,0.087785,-1.25,0.6,1.107,15,0.704,50,0,0,
209,1776030549.34976,0.2397,3725,15540,0.087785,-1.366,0.56,1.1,15,0.621,51,0,8,
210,1776030551.3568428,0.2397,3725,15540,0.088215,-1.488,0.313,1.1,15,0.349,51,0,0,
211,1776030553.3653724,0.2397,3725,15540,0.085924,-1.542,0.195,1.124,15,0.222,52,0,0,
212,1776030555.3727925,0.2397,3725,15540,0.085924,-1.582,0.262,1.113,15,0.288,52,0,0,
213,1776030557.3832214,0.2396,3738,15600,0.087064,-1.553,0.318,1.103,15,0.344,53,0,13,
214,1776030559.3934665,0.2403,3749,15600,0.086318,-1.406,0.376,1.089,15,0.435,53,0,11,
215,1776030561.4002366,0.2403,3749,15600,0.086318,-1.499,0.15,1.103,15,0.191,53,0,0,
216,1776030563.4076467,0.2403,3749,15600,0.084093,-1.733,0.158,1.155,15,0.242,54,0,0,
217,1776030565.4160995,0.2373,3759,15840,0.097317,-1.867,0.318,1.142,15,0.451,54,0,10,
218,1776030567.422985,0.2373,3759,15840,0.105132,-1.843,0.461,1.134,15,0.555,54,0,0,
219,1776030569.4305317,0.2377,3780,15900,0.105132,-1.988,0.448,1.192,15,0.628,54,0,21,
220,1776030571.443192,0.2352,3782,16080,0.107552,-2.087,0.502,1.157,15,0.734,54,0,2,
221,1776030573.4520302,0.2351,3794,16140,0.110215,-2.069,0.695,1.168,15,0.873,54,0,12,
222,1776030575.4598527,0.2351,3794,16140,0.110215,-2.162,0.707,1.165,15,0.939,54,0,0,
223,1776030577.4699488,0.2372,3857,16260,0.112265,-2.158,0.69,1.144,15,0.922,54,0,63,
224,1776030579.4782894,0.2377,3865,16260,0.114306,-2.263,0.581,1.12,15,0.903,54,0,8,
225,1776030581.4858127,0.2377,3865,16260,0.114306,-2.47,0.54,1.158,15,1.018,54,0,0,
226,1776030583.494103,0.2339,3873,16560,0.115679,-2.665,0.501,1.143,15,1.151,54,0,8,
227,1776030585.502244,0.2307,3890,16860,0.118348,-2.774,0.546,1.134,15,1.266,54,0,17,
228,1776030587.5106993,0.2297,3900,16980,0.120227,-2.766,0.533,1.152,15,1.253,54,0,10,
229,1776030589.5205586,0.2297,3900,16980,0.120227,-2.899,0.486,1.15,15,1.346,54,0,0,
230,1776030591.5293343,0.2285,3907,17100,0.123367,-3.038,0.595,1.137,15,1.519,54,0,7,
231,1776030593.5384662,0.2287,3952,17280,0.125604,-3.076,0.731,1.109,15,1.62,54,0,45,
232,1776030595.54576,0.2287,3952,17280,0.125604,-3.032,0.767,1.138,15,1.603,54,0,0,
233,1776030597.55389,0.2288,3953,17280,0.128558,-3.011,0.83,1.128,15,1.622,54,0,1,
234,1776030599.5622404,0.2325,4017,17280,0.131076,-2.866,0.951,1.156,15,1.587,54,0,64,
235,1776030601.5691586,0.2325,4017,17280,0.131076,-2.827,0.978,1.181,15,1.577,54,0,0,
236,1776030603.5796087,0.2343,4048,17280,0.133762,-2.844,0.875,1.152,15,1.519,54,0,31,
237,1776030605.5878732,0.2342,4047,17280,0.190058,-2.801,0.834,1.111,15,1.46,54,0,0,
238,1776030607.6020703,0.2342,4047,17280,0.173929,-2.798,0.69,1.143,15,1.368,55,0,0,
239,1776030609.6175656,0.2342,4047,17280,0.160919,-2.627,0.519,1.08,15,1.129,55,0,0,
240,1776030611.625861,0.2342,4047,17280,0.150977,-2.491,0.535,1.11,15,1.03,56,0,0,
241,1776030613.635352,0.2342,4047,17280,0.150977,-2.408,0.482,1.174,15,0.932,56,0,0,
242,1776030615.6422982,0.2342,4047,17280,0.137797,-2.326,0.475,1.108,15,0.868,57,0,0,
243,1776030617.6494024,0.2342,4047,17280,0.127912,-2.36,0.467,1.143,15,0.887,57,0,0,
244,1776030619.6571364,0.2342,4047,17280,0.132534,-2.359,0.358,1.142,15,0.817,58,0,0,
245,1776030621.6652145,0.2343,4049,17280,0.121762,-2.143,0.395,1.117,15,0.682,59,0,2,
246,1776030623.6731043,0.2343,4049,17280,0.112635,-2.023,0.605,1.092,15,0.773,59,0,0,
247,1776030625.6818686,0.2343,4049,17280,0.114998,-1.93,0.75,1.079,15,0.853,60,0,0,
248,1776030627.6904924,0.2344,4050,17280,0.118024,-1.913,0.918,1.061,15,1.002,60,0,1,
249,1776030629.6981905,0.2344,4050,17280,0.131841,-1.827,0.985,1.093,15,1.041,61,0,0,
250,1776030631.711884,0.2344,4050,17280,0.126152,-1.635,0.918,1.092,15,0.945,62,0,0,
251,1776030633.7260625,0.2344,4050,17280,0.110549,-1.588,1.075,1.091,15,1.1,63,0,0,
252,1776030635.7334108,0.2347,4056,17280,0.111978,-1.647,1.278,1.11,15,1.305,63,0,6,
253,1776030637.7451644,0.2354,4068,17280,0.114437,-1.65,1.251,1.113,15,1.278,63,0,12,
254,1776030639.7569702,0.2376,4105,17280,0.117124,-1.353,1.128,1.097,15,1.174,63,0,37,
255,1776030641.7665272,0.238,4112,17280,0.118388,-1.256,0.979,1.129,15,1.054,63,0,7,
256,1776030643.7739367,0.238,4112,17280,0.118388,-1.399,0.911,1.124,15,0.952,63,0,0,
257,1776030645.7831755,0.238,4112,17280,0.119781,-1.629,0.853,1.129,15,0.88,63,0,0,
258,1776030647.795646,0.238,4112,17280,0.112226,-1.607,0.731,1.164,15,0.757,64,0,0,
259,1776030649.8049786,0.2377,4108,17280,0.099248,-1.523,0.454,1.103,15,0.482,65,0,0,
260,1776030651.812786,0.2378,4109,17280,0.089774,-1.672,0.369,1.11,15,0.406,65,0,1,
261,1776030653.828677,0.2378,4109,17280,0.099886,-1.885,0.495,1.051,15,0.606,66,0,0,
262,1776030655.8406258,0.2378,4109,17280,0.104877,-1.975,0.333,1.094,15,0.534,66,0,0,
263,1776030657.8490114,0.2378,4109,17280,0.104816,-2.085,0.164,1.091,15,0.482,67,0,0,
264,1776030659.8577664,0.2378,4109,17280,0.113462,-2.41,0.162,1.09,15,0.766,67,0,0,
265,1776030661.8654842,0.2378,4109,17280,0.129536,-2.583,0.258,1.077,15,0.962,67,0,0,
266,1776030663.8741817,0.2378,4109,17280,0.132344,-2.509,0.415,1.053,15,0.973,68,0,0,
267,1776030665.8876758,0.238,4113,17280,0.129566,-2.325,0.411,1.061,15,0.824,68,0,4,
268,1776030667.9003325,0.238,4113,17280,0.118231,-2.383,0.31,1.053,15,0.809,69,0,0,
269,1776030669.9113178,0.238,4113,17280,0.118231,-2.366,0.324,1.104,15,0.803,69,0,0,
270,1776030671.9218771,0.238,4113,17280,0.120663,-2.396,0.096,1.107,15,0.73,70,0,0,
271,1776030673.9294035,0.238,4113,17280,0.117694,-2.628,0.064,1.143,15,0.947,71,0,0,
272,1776030675.9400005,0.238,4113,17280,0.117694,-2.778,0.354,1.111,15,1.179,71,0,0,
273,1776030677.949689,0.238,4113,17280,0.150665,-2.955,0.345,1.115,15,1.34,72,0,0,
274,1776030679.9566734,0.238,4113,17280,0.160097,-2.926,0.185,1.114,15,1.265,73,0,0,
275,1776030681.966812,0.2374,4102,17280,0.154331,-2.873,0.257,1.155,15,1.234,73,0,0,
276,1776030683.9848375,0.2374,4102,17280,0.154064,-2.8,0.284,1.131,15,1.174,73,0,0,
277,1776030685.9951236,0.2374,4102,17280,0.148155,-2.819,0.066,1.085,15,1.135,74,0,0,
278,1776030688.0042255,0.2374,4102,17280,0.14599,-3.014,-0.107,1.071,15,1.314,75,0,0,
279,1776030690.0113542,0.2374,4103,17280,0.156999,-3.02,-0.282,1.078,15,1.329,75,0,1,
280,1776030692.0241044,0.2374,4103,17280,0.153273,-2.777,-0.331,1.058,15,1.097,76,0,0,
281,1776030694.0323231,0.2375,4104,17280,0.143385,-2.826,-0.294,1.039,15,1.139,77,0,1,
282,1776030696.042742,0.2375,4104,17280,0.144619,-2.927,-0.222,1.017,15,1.231,78,0,0,
283,1776030698.0527055,0.2375,4104,17280,0.152004,-2.828,0.028,1.016,15,1.139,79,0,0,
284,1776030700.0628827,0.2375,4104,17280,0.148659,-2.715,0.185,1.044,15,1.061,80,0,0,
285,1776030702.072497,0.2375,4104,17280,0.14591,-2.673,0.131,1.09,15,1.006,80,0,0,
286,1776030704.0831287,0.2375,4104,17280,0.140686,-2.498,-0.195,1.075,15,0.802,80,0,0,
287,1776030706.091163,0.2375,4104,17280,0.127795,-2.283,-0.304,1.059,15,0.609,81,0,0,
288,1776030708.0997171,0.2375,4104,17280,0.113092,-2.273,-0.174,1.098,15,0.575,81,0,0,
289,1776030710.1102607,0.2359,4076,17280,0.106931,-2.489,-0.036,1.054,15,0.794,82,0,0,
290,1776030712.1185417,0.2359,4076,17280,0.125244,-2.624,0.088,1.011,15,0.948,83,0,0,
291,1776030714.1261613,0.2359,4076,17280,0.124932,-2.45,0.124,1.077,15,0.79,84,0,0,
292,1776030716.134453,0.2359,4076,17280,0.118619,-2.43,0.052,1.108,15,0.751,84,0,0,
293,1776030718.1425536,0.2359,4076,17280,0.128409,-2.671,0.12,1.063,15,1.001,84,0,0,
294,1776030720.1514468,0.2359,4076,17280,0.136952,-2.758,0.125,1.098,15,1.087,84,0,0,
295,1776030722.1647463,0.2372,4098,17280,0.136952,-2.724,0.016,1.076,15,1.034,85,0,22,
296,1776030724.1772,0.2371,4097,17280,0.136134,-2.805,0.094,1.1,15,1.127,86,0,0,
297,1776030726.1896138,0.2372,4098,17280,0.142199,-2.863,-0.017,1.057,15,1.168,87,0,1,
298,1776030728.1975658,0.2372,4098,17280,0.143964,-2.86,-0.14,1.075,15,1.16,88,0,0,
299,1776030730.2053466,0.2372,4098,17280,0.143964,-2.915,0.07,1.1,15,1.231,88,0,0,
300,1776030732.2185807,0.2373,4100,17280,0.150358,-3.007,0.147,1.052,15,1.335,89,0,2,
301,1776030734.2259445,0.2364,4113,17400,0.160734,-2.962,0.09,1.035,15,1.28,90,0,13,
302,1776030736.2398963,0.2364,4114,17400,0.153407,-2.89,0.14,1.032,15,1.219,91,0,1,
303,1776030738.247802,0.2364,4114,17400,0.168776,-3.212,0.299,1.05,15,1.57,91,0,0,
304,1776030740.2579386,0.236,4120,17460,0.168776,-3.344,0.323,1.055,15,1.704,92,0,6,
305,1776030742.2672105,0.2353,4165,17700,0.184634,-3.345,0.408,1.061,15,1.729,92,0,45,
306,1776030744.2773056,0.2356,4170,17700,0.186556,-3.126,0.54,1.056,15,1.573,92,0,5,
307,1776030746.287101,0.2374,4202,17700,0.1745,-3.212,0.607,1.099,15,1.68,92,0,32,
308,1776030748.3014128,0.2375,4203,17700,0.183971,-3.328,0.418,1.084,15,1.716,92,0,1,
309,1776030750.3081322,0.2376,4205,17700,0.179277,-3.19,0.376,1.089,15,1.572,93,0,2,
310,1776030752.316735,0.2376,4206,17700,0.170386,-3.175,0.433,1.035,15,1.577,93,0,1,
311,1776030754.3250275,0.2376,4206,17700,0.172769,-3.153,0.507,1.128,15,1.585,93,0,0,
312,1776030756.3335128,0.2376,4206,17700,0.183407,-3.307,0.62,1.108,15,1.772,94,0,0,
313,1776030758.3617716,0.2377,4208,17700,0.201217,-3.567,0.603,1.107,15,2.004,95,0,2,
314,1776030760.377853,0.2353,4222,17940,0.218841,-3.618,0.707,1.136,15,2.091,96,0,14,
315,1776030762.3856893,0.2345,4235,18060,0.230525,-3.485,0.816,1.121,15,2.018,96,0,13,
316,1776030764.3937314,0.2345,4235,18060,0.222001,-3.613,0.861,1.085,15,2.153,97,0,0,
317,1776030766.4128256,0.2339,4238,18120,0.244824,-3.869,0.89,1.091,15,2.395,98,0,3,
318,1776030768.4258614,0.2322,4249,18300,0.245927,-4.019,0.755,1.125,15,2.481,98,0,11,
319,1776030770.4384398,0.2322,4249,18300,0.245927,-3.951,0.914,1.133,15,2.479,98,0,0,
320,1776030772.4472795,0.2322,4249,18300,0.266379,-3.905,1.131,1.132,15,2.538,98,0,0,
321,1776030774.4565363,0.2335,4273,18300,0.267946,-3.933,1.399,1.13,15,2.704,98,0,24,
322,1776030776.4657283,0.2335,4273,18300,0.267946,-3.992,1.494,1.093,15,2.807,98,0,0,
323,1776030778.4730604,0.2338,4279,18300,0.268921,-3.899,1.559,1.097,15,2.77,98,0,6,
324,1776030780.4828215,0.2338,4279,18300,0.270318,-3.817,1.687,1.11,15,2.787,98,0,0,
325,1776030782.492721,0.2343,4287,18300,0.273324,-3.913,1.723,1.102,15,2.883,98,0,8,
326,1776030784.5018563,0.2362,4323,18300,0.276428,-3.707,1.671,1.105,15,2.693,98,0,36,
327,1776030786.5141819,0.2369,4335,18300,0.27841,-3.589,1.593,1.101,15,2.554,98,0,12,
328,1776030788.5310082,0.2374,4345,18300,0.280051,-3.599,1.829,1.081,15,2.725,98,0,10,
329,1776030790.5445902,0.2374,4345,18300,0.280051,-3.666,1.88,1.059,15,2.808,98,0,0,
330,1776030792.560097,0.2374,4345,18300,0.280051,-3.577,1.982,1.051,15,2.821,98,0,0,
331,1776030794.5688515,0.2396,4385,18300,0.281695,-3.436,1.802,1.023,15,2.594,98,0,40,
332,1776030796.5772762,0.2402,4395,18300,0.286131,-3.447,1.594,1.003,15,2.451,99,0,10,
333,1776030798.5901525,0.2402,4395,18300,0.268899,-3.347,1.507,1.021,15,2.319,99,0,0,
334,1776030800.5989482,0.2402,4395,18300,0.248403,-3.262,1.559,1.049,15,2.297,100,0,0,
335,1776030802.611001,0.2402,4395,18300,0.273756,-3.35,1.649,1.024,15,2.423,101,0,0,
336,1776030804.6248071,0.2402,4395,18300,0.273756,-3.429,1.377,1.025,15,2.29,101,0,0,
337,1776030806.6387553,0.2388,4370,18300,0.254593,-3.691,1.34,1.024,15,2.472,102,0,0,
338,1776030808.6500156,0.2388,4370,18300,0.26144,-3.712,1.418,1.033,15,2.536,102,0,0,
339,1776030810.6607006,0.2388,4370,18300,0.269876,-3.796,1.411,1.044,15,2.599,102,0,0,
340,1776030812.6720896,0.2388,4370,18300,0.27257,-3.956,1.327,1.053,15,2.683,102,0,0,
341,1776030814.6841323,0.2391,4375,18300,0.281552,-3.989,1.193,1.075,15,2.641,103,0,5,
342,1776030816.697571,0.2385,4378,18360,0.297117,-4.194,1.156,1.122,15,2.804,104,0,3,
343,1776030818.711474,0.236,4390,18600,0.29986,-4.189,1.254,1.153,15,2.845,104,0,12,
344,1776030820.7243514,0.236,4390,18600,0.301445,-3.932,1.225,1.19,15,2.609,104,0,0,
345,1776030822.7352965,0.2367,4402,18600,0.275098,-3.866,1.27,1.202,15,2.576,104,0,12,
346,1776030824.747798,0.2367,4402,18600,0.279213,-3.835,1.152,1.257,15,2.488,104,0,0,
347,1776030826.7587018,0.2367,4402,18600,0.281924,-3.797,0.923,1.308,15,2.344,104,0,0,
348,1776030828.7663329,0.2367,4402,18600,0.285058,-3.946,1.046,1.335,15,2.532,104,0,0,
349,1776030830.7746704,0.2368,4405,18600,0.289903,-4.001,1.213,1.334,15,2.661,104,0,3,
350,1776030832.785569,0.2368,4405,18600,0.294593,-3.967,1.452,1.358,15,2.762,104,0,0,
351,1776030834.7971084,0.2368,4405,18600,0.297235,-3.969,1.362,1.317,15,2.713,104,0,0,
352,1776030836.8149073,0.2368,4405,18600,0.300507,-4.094,1.171,1.357,15,2.722,104,0,0,
353,1776030838.8273304,0.2368,4405,18600,0.304909,-4.187,0.951,1.368,15,2.71,104,0,0,
354,1776030840.8353326,0.237,4408,18600,0.313398,-4.145,1.104,1.39,15,2.736,104,0,3,
355,1776030842.8458498,0.237,4408,18600,0.320264,-4.046,1.153,1.384,15,2.672,104,0,0,
356,1776030844.8634682,0.237,4408,18600,0.324865,-4.172,1.118,1.405,15,2.767,104,0,0,
357,1776030848.4765227,0.2367,4402,18600,0.369679,-4.403,1.43,1.383,15,3.118,104,0,0,
358,1776030850.4855416,0.2368,4404,18600,0.371851,-4.442,1.641,1.356,15,3.262,104,0,2,
359,1776030852.4959333,0.2368,4404,18600,0.377148,-4.327,1.648,1.384,15,3.169,104,0,0,
360,1776030854.50506,0.2368,4405,18600,0.419882,-4.074,1.862,1.403,15,3.096,104,0,1,
361,1776030858.519388,0.2368,4405,18600,0.422997,-3.726,1.973,1.428,15,2.917,104,0,0,
362,1776030862.3359728,0.2368,4405,18600,0.427964,-3.859,1.991,1.385,15,3.022,104,0,0,
363,1776030864.3447175,0.2368,4405,18600,0.43223,-4.002,1.852,1.431,15,3.035,104,0,0,
364,1776030868.3633673,0.2368,4405,18600,0.437756,-4.014,1.783,1.472,15,2.999,104,0,0,
365,1776030872.3808324,0.2368,4405,18600,0.443619,-3.871,1.671,1.467,15,2.818,104,0,0,
366,1776030876.4042997,0.2368,4405,18600,0.416379,-3.965,1.559,1.411,15,2.822,104,0,0,
367,1776030880.4223366,0.2368,4405,18600,0.405451,-4.153,1.452,1.492,15,2.916,104,0,0,
368,1776030884.4423175,0.2368,4405,18600,0.401001,-4.297,1.267,1.461,15,2.946,104,0,0,
369,1776030888.4659264,0.2368,4405,18600,0.424761,-4.412,1.088,1.477,15,2.971,105,0,0,
370,1776030892.479744,0.2368,4405,18600,0.429433,-4.353,0.935,1.467,15,2.857,105,0,0,
371,1776030896.493644,0.2368,4405,18600,0.37931,-4.413,0.851,1.418,15,2.884,106,0,0,
372,1776030900.5092146,0.2368,4405,18600,0.391284,-4.479,0.987,1.481,15,2.993,106,0,0,
373,1776030904.5337698,0.2368,4405,18600,0.391284,-4.391,1.056,1.397,15,2.939,106,0,0,
374,1776030906.542197,0.2368,4405,18600,0.376127,-4.238,0.956,1.426,15,2.758,107,0,0,
375,1776030910.5663865,0.2368,4405,18600,0.360589,-4.234,1.113,1.465,15,2.82,108,0,0,
376,1776030914.583417,0.2368,4405,18600,0.376525,-4.231,1.081,1.42,15,2.803,108,0,0,
377,1776030918.6031604,0.2368,4405,18600,0.349493,-4.182,0.892,1.397,15,2.682,108,0,0,
378,1776030920.6104987,0.2368,4405,18600,0.340142,-4.143,0.824,1.415,15,2.621,109,0,0,
379,1776030924.6272087,0.2368,4405,18600,0.337442,-4.115,0.659,1.416,15,2.539,109,0,0,
380,1776030928.6471152,0.2368,4405,18600,0.317866,-4.161,0.521,1.411,15,2.544,110,0,0,
381,1776030931.664468,0.2368,4405,18600,0.334298,-4.233,0.518,1.368,15,2.613,110,0,0,
382,1776030933.6731641,0.2368,4405,18600,0.339984,-4.309,0.509,1.346,15,2.685,111,0,0,
383,1776030935.6855845,0.2368,4405,18600,0.339984,-4.444,0.54,1.351,15,2.823,111,0,0,
384,1776030937.6934507,0.2368,4405,18600,0.360792,-4.431,0.448,1.367,15,2.791,112,0,0,
385,1776030939.7027194,0.2368,4405,18600,0.355312,-4.571,0.311,1.36,15,2.904,113,0,0,
386,1776030941.7112138,0.2368,4405,18600,0.36045,-4.633,0.117,1.349,15,2.943,113,0,0,
387,1776030943.724146,0.2369,4406,18600,0.37713,-4.495,0.208,1.354,15,2.815,114,0,1,
388,1776030945.7333708,0.2369,4406,18600,0.358815,-4.584,0.344,1.378,15,2.922,114,0,0,
389,1776030947.7428484,0.2369,4406,18600,0.370865,-4.669,0.379,1.348,15,3.012,114,0,0,
390,1776030949.7550097,0.2369,4406,18600,0.387703,-4.622,0.641,1.379,15,3.021,115,0,0,
391,1776030951.7638147,0.2369,4406,18600,0.401157,-4.729,0.587,1.396,15,3.112,116,0,0,
392,1776030953.771894,0.2369,4406,18600,0.408964,-4.647,0.404,1.415,15,2.994,116,0,0,
393,1776030957.3877115,0.2369,4406,18600,0.380641,-4.607,0.479,1.406,15,2.969,117,0,0,
394,1776030961.4100087,0.2369,4406,18600,0.36941,-4.621,0.512,1.413,15,2.99,117,0,0,
395,1776030964.026528,0.2369,4406,18600,0.374703,-4.622,0.636,1.378,15,3.02,118,0,0,
396,1776030966.0397904,0.2369,4406,18600,0.391107,-4.68,0.686,1.391,15,3.088,119,0,0,
397,1776030968.0508604,0.2369,4406,18600,0.385751,-4.687,0.503,1.371,15,3.052,120,0,0,
398,1776030970.062076,0.2369,4406,18600,0.385751,-4.755,0.49,1.373,15,3.117,120,0,0,
399,1776030972.0691593,0.2369,4406,18600,0.385751,-4.889,0.466,1.334,15,3.243,120,0,0,
400,1776030974.0854104,0.2369,4406,18600,0.405531,-4.936,0.62,1.303,15,3.321,121,0,0,
401,1776030976.0931153,0.2369,4406,18600,0.417512,-4.849,0.843,1.372,15,3.294,121,0,0,
402,1776030978.1015391,0.2369,4407,18600,0.41978,-4.971,0.994,1.368,15,3.457,121,0,1,
403,1776030980.1099563,0.2368,4405,18600,0.439749,-5.085,1.024,1.346,15,3.575,122,0,0,
404,1776030982.1177673,0.2368,4405,18600,0.458385,-5.076,1.004,1.358,15,3.56,123,0,0,
405,1776030984.1298678,0.2372,4411,18600,0.462198,-4.881,1.082,1.327,15,3.402,124,0,6,
406,1776030986.1381283,0.2372,4411,18600,0.45209,-4.805,1.069,1.346,15,3.327,125,0,0,
407,1776030988.1599727,0.2338,4418,18900,0.440605,-5.101,1.122,1.274,15,3.622,126,0,7,
408,1776030990.171184,0.2318,4436,19140,0.459331,-5.322,0.956,1.321,15,3.78,127,0,18,
409,1776030992.1853328,0.2292,4442,19380,0.476263,-5.457,1.025,1.294,15,3.929,128,0,6,
410,1776030994.1922615,0.2277,4453,19560,0.491673,-5.371,1.167,1.276,15,3.892,128,0,11,
411,1776030996.1990309,0.2278,4456,19560,0.505085,-5.495,1.211,1.322,15,4.023,128,0,3,
412,1776030998.21376,0.2275,4463,19620,0.503798,-5.45,0.996,1.272,15,3.914,129,0,7,
413,1776031000.2269073,0.2277,4467,19620,0.489837,-5.415,0.992,1.303,15,3.88,130,0,4,
414,1776031002.2393951,0.2277,4467,19620,0.495063,-5.36,1.101,1.281,15,3.86,130,0,0,
415,1776031004.2475936,0.2286,4486,19620,0.485318,-5.347,1.195,1.214,15,3.878,131,0,19,
416,1776031006.2597678,0.2291,4494,19620,0.503068,-5.293,1.368,1.242,15,3.891,132,0,8,
417,1776031008.271257,0.2313,4525,19560,0.47906,-5.069,1.265,1.223,15,3.644,132,0,31,
418,1776031010.2791953,0.2341,4593,19620,0.460372,-5.026,1.351,1.259,15,3.639,132,0,68,
419,1776031012.287794,0.2352,4615,19620,0.466149,-5.119,1.762,1.26,15,3.905,132,0,22,
420,1776031014.3000917,0.238,4670,19620,0.475609,-4.997,1.839,1.275,15,3.838,132,0,55,
421,1776031016.3136191,0.238,4670,19620,0.483205,-5.126,1.79,1.244,15,3.925,132,0,0,
422,1776031018.324342,0.238,4670,19620,0.486247,-5.112,1.875,1.181,15,3.955,132,0,0,
423,1776031020.3318212,0.238,4670,19620,0.495685,-5.102,1.795,1.287,15,3.907,132,0,0,
424,1776031022.3420672,0.238,4670,19620,0.500406,-5.163,1.574,1.238,15,3.858,132,0,0,
425,1776031024.3521626,0.238,4670,19620,0.507275,-5.14,1.41,1.263,15,3.767,132,0,0,
426,1776031026.363363,0.238,4669,19620,0.485782,-5.283,1.173,1.321,15,3.811,132,0,0,
427,1776031028.3732316,0.238,4669,19620,0.485865,-5.385,1.292,1.244,15,3.948,133,0,0,
428,1776031030.3835325,0.2388,4685,19620,0.540171,-5.514,1.233,1.263,15,4.048,133,0,16,
429,1776031032.3959017,0.2386,4682,19620,0.534838,-5.483,1.296,1.255,15,4.041,134,0,0,
430,1776031034.410358,0.2392,4693,19620,0.526602,-5.344,1.38,1.3,15,3.943,135,0,11,
431,1776031036.4274006,0.2392,4693,19620,0.494866,-5.235,1.405,1.294,15,3.852,136,0,0,
432,1776031038.4374154,0.2392,4694,19620,0.489326,-5.295,1.67,1.255,15,4.019,137,0,1,
433,1776031040.4520655,0.2392,4694,19620,0.521784,-5.412,1.578,1.287,15,4.084,137,0,0,
434,1776031042.4650524,0.2392,4694,19620,0.538908,-5.621,1.594,1.278,15,4.282,138,0,0,
435,1776031044.4773505,0.2392,4694,19620,0.578181,-5.719,1.725,1.298,15,4.424,139,0,0,
436,1776031046.5066786,0.2349,4609,19620,0.608542,-5.692,1.681,1.298,15,4.382,139,0,0,
437,1776031048.5183492,0.2349,4609,19620,0.618384,-5.795,1.758,1.343,15,4.507,140,0,0,
438,1776031050.530672,0.2349,4609,19620,0.659534,-5.872,1.905,1.319,15,4.64,140,0,0,
439,1776031052.5453937,0.2344,4599,19620,0.66555,-5.806,1.945,1.316,15,4.598,141,0,0,
440,1776031054.5596,0.2344,4599,19620,0.645538,-5.645,1.852,1.309,15,4.412,141,0,0,
441,1776031056.5756366,0.2339,4590,19620,0.645538,-5.483,1.922,1.32,15,4.301,142,0,0,
442,1776031058.5905955,0.2339,4590,19620,0.623911,-5.599,1.933,1.3,15,4.409,142,0,0,
443,1776031060.6014917,0.2342,4595,19620,0.649833,-5.762,1.826,1.323,15,4.506,142,0,5,
444,1776031062.6153843,0.2343,4596,19620,0.636001,-5.754,1.692,1.333,15,4.442,142,0,1,
445,1776031064.6282308,0.2344,4599,19620,0.618948,-5.767,1.58,1.347,15,4.41,142,0,3,
446,1776031066.6430275,0.2343,4596,19620,0.618471,-5.79,1.267,1.315,15,4.321,143,0,0,
447,1776031068.6558695,0.2343,4596,19620,0.582473,-5.738,1.106,1.318,15,4.222,144,0,0,
448,1776031070.6696327,0.2343,4596,19620,0.57966,-5.776,1.352,1.284,15,4.335,145,0,0,
449,1776031072.6772337,0.2343,4596,19620,0.594862,-5.756,1.357,1.321,15,4.318,146,0,0,
450,1776031074.6856947,0.2343,4596,19620,0.583069,-5.836,1.119,1.342,15,4.319,147,0,0,
451,1776031076.6989937,0.2343,4596,19620,0.583146,-5.724,1.036,1.352,15,4.188,147,0,0,
452,1776031078.706077,0.2343,4596,19620,0.559406,-5.796,1.015,1.297,15,4.252,148,0,0,
453,1776031080.7140164,0.2349,4594,19560,0.586937,-6.115,1.062,1.335,15,4.572,148,0,0,
454,1776031082.7221003,0.2349,4594,19560,0.63376,-6.087,1.085,1.297,15,4.551,149,0,0,
455,1776031084.7307303,0.2349,4594,19560,0.626781,-5.988,0.992,1.322,15,4.431,150,0,0,
456,1776031086.7422075,0.2299,4607,20040,0.608846,-6.039,1.172,1.302,15,4.529,151,0,13,
457,1776031088.7514648,0.2298,4606,20040,0.614768,-6.231,1.446,1.281,15,4.796,152,0,0,
458,1776031090.7636316,0.2276,4616,20280,0.659952,-6.529,1.539,1.218,15,5.108,153,0,10,
459,1776031092.7724009,0.2224,4643,20880,0.728017,-6.695,1.473,1.156,15,5.245,153,0,27,
460,1776031094.785096,0.2199,4658,21180,0.775239,-6.608,1.316,1.198,15,5.115,153,0,15,
461,1776031096.7972467,0.2205,4670,21180,0.779532,-6.744,1.107,1.219,15,5.192,153,0,12,
462,1776031098.8063445,0.2199,4684,21300,0.791458,-6.632,1.177,1.233,15,5.101,153,0,14,
463,1776031100.820009,0.2203,4693,21300,0.793795,-6.59,1.154,1.187,15,5.054,153,0,9,
464,1776031102.8365622,0.2204,4695,21300,0.794938,-6.703,0.969,1.223,15,5.121,153,0,2,
465,1776031104.8493383,0.2205,4696,21300,0.801531,-6.566,0.951,1.186,15,4.984,153,0,1,
466,1776031106.856134,0.2208,4704,21300,0.804719,-6.383,0.88,1.176,15,4.79,153,0,8,
467,1776031108.8663194,0.2208,4704,21300,0.807634,-6.242,0.681,1.146,15,4.613,153,0,0,
468,1776031110.8761907,0.221,4708,21300,0.809255,-6.118,0.747,1.17,15,4.504,153,0,4,
469,1776031112.8882632,0.2191,4667,21300,0.613505,-6.233,0.88,1.236,15,4.643,153,0,0,
470,1776031114.8972406,0.2191,4667,21300,0.617391,-6.329,0.906,1.187,15,4.743,153,0,0,
471,1776031116.9067638,0.2188,4661,21300,0.663423,-6.336,0.648,1.22,15,4.7,153,0,0,
472,1776031118.919017,0.2188,4661,21300,0.637349,-6.358,0.377,1.187,15,4.685,153,0,0,
473,1776031120.9262528,0.2184,4652,21300,0.623489,-6.327,0.291,1.167,15,4.645,153,0,0,
474,1776031122.9371538,0.2184,4652,21300,0.627887,-6.194,0.447,1.229,15,4.53,153,0,0,
475,1776031124.9467502,0.2184,4652,21300,0.604895,-6.228,0.633,1.196,15,4.591,153,0,0,
476,1776031126.9555779,0.2185,4654,21300,0.620002,-6.191,0.632,1.189,15,4.555,153,0,2,
477,1776031128.965664,0.2181,4646,21300,0.604192,-6.126,0.532,1.195,15,4.474,153,0,0,
478,1776031130.9753969,0.2181,4646,21300,0.576407,-6.34,0.56,1.194,15,4.69,153,0,0,
479,1776031132.9879737,0.2181,4645,21300,0.60946,-6.454,0.739,1.165,15,4.832,153,0,0,
480,1776031134.9991555,0.2182,4647,21300,0.649683,-6.253,0.773,1.177,15,4.641,153,0,2,
481,1776031137.006596,0.2182,4647,21300,0.634234,-6.053,0.754,1.198,15,4.441,153,0,0,
482,1776031139.0274568,0.219,4664,21300,0.585984,-6.013,0.694,1.222,15,4.39,153,0,17,
483,1776031141.0419261,0.2188,4661,21300,0.586429,-6.245,0.699,1.22,15,4.62,153,0,0,
484,1776031143.052378,0.2189,4650,21240,0.629413,-6.409,0.721,1.196,15,4.785,153,0,0,
485,1776031145.0603502,0.219,4651,21240,0.661117,-6.336,0.78,1.196,15,4.723,153,0,1,
486,1776031147.0797248,0.219,4651,21240,0.651239,-6.248,0.749,1.226,15,4.631,153,0,0,
487,1776031149.0880709,0.2199,4670,21240,0.625371,-6.391,0.629,1.316,15,4.751,154,0,19,
488,1776031151.0992568,0.2207,4688,21240,0.633774,-6.408,0.438,1.234,15,4.742,154,0,18,
489,1776031153.1066608,0.2207,4688,21240,0.63236,-6.192,0.343,1.278,15,4.516,155,0,0,
490,1776031155.1183388,0.2207,4688,21240,0.583326,-6.002,0.383,1.294,15,4.331,156,0,0,
491,1776031157.1336474,0.2226,4727,21240,0.55466,-6.16,0.475,1.312,15,4.501,157,0,39,
492,1776031159.1450818,0.2232,4740,21240,0.574362,-6.28,0.601,1.321,15,4.637,158,0,13,
493,1776031161.1540806,0.2232,4740,21240,0.609224,-6.312,0.568,1.316,15,4.664,159,0,0,
494,1776031163.1637383,0.223,4737,21240,0.60644,-6.356,0.376,1.317,15,4.683,160,0,0,
495,1776031165.171294,0.223,4737,21240,0.608717,-6.137,0.285,1.311,15,4.455,160,0,0,
496,1776031167.1856062,0.223,4737,21240,0.584921,-5.992,0.341,1.28,15,4.318,160,0,0,
497,1776031169.198341,0.223,4737,21240,0.558133,-5.92,0.59,1.282,15,4.28,160,0,0,
498,1776031171.215409,0.2232,4740,21240,0.549388,-6.06,0.686,1.28,15,4.435,160,0,3,
499,1776031173.2234662,0.2228,4746,21300,0.576901,-6.083,0.758,1.296,15,4.471,161,0,6,
500,1776031175.2317324,0.2231,4738,21240,0.586484,-6.179,0.719,1.201,15,4.557,161,0,0,
501,1776031177.2460783,0.2231,4738,21240,0.592611,-6.352,0.638,1.187,15,4.715,161,0,0,
502,1776031179.2594483,0.2232,4741,21240,0.609359,-6.406,0.494,1.193,15,4.746,162,0,3,
503,1776031181.2714932,0.2232,4741,21240,0.609826,-6.281,0.585,1.213,15,4.635,162,0,0,
504,1776031183.2896585,0.2232,4741,21240,0.621516,-6.425,0.717,1.256,15,4.799,162,0,0,
505,1776031185.299432,0.2232,4741,21240,0.643584,-6.416,0.873,1.223,15,4.821,163,0,0,
506,1776031187.3122597,0.2232,4741,21240,0.63763,-6.236,1.086,1.199,15,4.695,163,0,0,
507,1776031189.3196306,0.225,4780,21240,0.623049,-6.021,1.076,1.166,15,4.485,164,0,39,
508,1776031191.3318014,0.225,4780,21240,0.572675,-5.853,0.921,1.173,15,4.283,164,0,0,
509,1776031193.3459496,0.2232,4754,21300,0.572675,-5.805,1.037,1.16,15,4.266,164,0,0,
510,1776031195.3561687,0.2232,4754,21300,0.572675,-5.886,1.152,1.192,15,4.376,164,0,0,
511,1776031197.3668861,0.2232,4754,21300,0.561021,-6.133,1.178,1.117,15,4.621,165,0,0,
512,1776031199.3772657,0.2232,4754,21300,0.604582,-6.362,1.298,1.172,15,4.874,166,0,0,
513,1776031201.3851044,0.2232,4754,21300,0.649924,-6.312,1.324,1.134,15,4.834,166,0,0,
514,1776031203.3954403,0.2232,4755,21300,0.660619,-6.377,1.454,1.118,15,4.936,167,0,1,
515,1776031205.4048483,0.2233,4756,21300,0.678226,-6.445,1.565,1.1,15,5.037,168,0,1,
516,1776031207.4173312,0.2233,4757,21300,0.68226,-6.286,1.719,1.078,15,4.943,168,0,1,
517,1776031209.4299512,0.2235,4761,21300,0.689509,-5.969,1.685,1.079,15,4.637,168,0,4,
518,1776031211.4381838,0.2253,4798,21300,0.691182,-5.723,1.613,1.093,15,4.383,168,0,37,
519,1776031213.4462616,0.2254,4801,21300,0.694471,-5.619,1.389,1.037,15,4.201,168,0,3,
520,1776031215.4556453,0.2254,4801,21300,0.695704,-5.586,1.312,1.058,15,4.144,168,0,0,
521,1776031217.465853,0.2254,4801,21300,0.697363,-5.788,1.171,1.02,15,4.289,168,0,0,
522,1776031219.478412,0.2254,4801,21300,0.69909,-5.809,1.235,1.047,15,4.328,168,0,0,
523,1776031221.4995925,0.2254,4801,21300,0.701951,-5.838,1.283,1.017,15,4.371,168,0,0,
524,1776031223.5083213,0.2254,4801,21300,0.70464,-5.941,0.951,1.005,15,4.375,168,0,0,
525,1776031225.5169163,0.2254,4801,21300,0.708425,-5.989,0.987,1.023,15,4.431,168,0,0,
526,1776031227.5295544,0.2254,4801,21300,0.708425,-6.034,1.122,1.0,15,4.51,168,0,0,
527,1776031229.5456872,0.2258,4810,21300,0.712019,-6.01,1.047,1.026,15,4.466,168,0,9,
528,1776031231.55912,0.2258,4810,21300,0.715087,-5.914,0.857,1.025,15,4.327,168,0,0,
529,1776031233.5723395,0.2258,4810,21300,0.719006,-5.959,0.829,1.057,15,4.364,168,0,0,
530,1776031235.581312,0.2258,4810,21300,0.720254,-5.848,0.956,1.063,15,4.287,168,0,0,
531,1776031237.5907495,0.2258,4810,21300,0.722686,-5.843,1.07,1.02,15,4.311,168,0,0,
532,1776031239.5998104,0.2258,4810,21300,0.72355,-5.938,0.921,1.015,15,4.365,168,0,0,
533,1776031241.6120079,0.2259,4812,21300,0.725905,-5.826,0.618,1.002,15,4.192,168,0,2,
534,1776031243.6301503,0.2259,4812,21300,0.727997,-5.56,0.42,1.062,15,3.898,168,0,0,
535,1776031245.6384978,0.2259,4812,21300,0.729053,-5.577,0.393,1.055,15,3.911,168,0,0,
536,1776031247.65284,0.2259,4812,21300,0.730378,-5.758,0.5,1.053,15,4.106,168,0,0,
537,1776031249.6678536,0.2259,4812,21300,0.732323,-5.619,0.485,1.111,15,3.966,168,0,0,
538,1776031251.6826143,0.2259,4812,21300,0.736228,-5.501,0.555,1.117,15,3.862,168,0,0,
539,1776031253.6920967,0.2259,4812,21300,0.739499,-5.44,0.699,1.141,15,3.829,168,0,0,
540,1776031255.7052367,0.2259,4812,21300,0.527691,-5.232,0.784,1.127,15,3.648,168,0,0,
541,1776031257.7214766,0.2262,4817,21300,0.527691,-5.24,0.612,1.108,15,3.616,168,0,5,
542,1776031259.7334187,0.2262,4817,21300,0.512962,-5.487,0.546,1.095,15,3.846,168,0,0,
543,1776031261.7452655,0.2262,4817,21300,0.535687,-5.699,0.703,1.108,15,4.084,169,0,0,
544,1776031263.7536006,0.2263,4820,21300,0.503005,-5.729,0.814,1.162,15,4.137,169,0,3,
545,1776031265.7632055,0.2303,4906,21300,0.505809,-5.599,0.897,1.182,15,4.031,169,0,86,
546,1776031267.773655,0.2303,4906,21300,0.480462,-5.48,0.704,1.176,15,3.87,169,0,0,
547,1776031269.7819812,0.2275,4845,21300,0.475428,-5.452,0.462,1.187,15,3.798,169,0,0,
548,1776031271.7897408,0.2277,4849,21300,0.475428,-5.355,0.531,1.167,15,3.713,169,0,4,
549,1776031273.8034253,0.2277,4849,21300,0.452894,-5.384,0.336,1.182,15,3.713,169,0,0,
550,1776031275.8135629,0.2267,4828,21300,0.452894,-5.438,0.244,1.217,15,3.756,169,0,0,
551,1776031277.8322256,0.2267,4828,21300,0.454303,-5.482,0.361,1.229,15,3.813,169,0,0,
552,1776031279.8473382,0.2267,4828,21300,0.493637,-5.624,0.516,1.219,15,3.976,169,0,0,
553,1776031281.8559918,0.2267,4829,21300,0.493637,-5.739,0.579,1.233,15,4.1,169,0,1,
554,1776031283.8686764,0.2248,4789,21300,0.525302,-5.894,0.316,1.206,15,4.218,169,0,0,
555,1776031285.8771253,0.2254,4800,21300,0.545397,-5.982,0.349,1.157,15,4.309,169,0,11,
556,1776031287.8909614,0.2258,4809,21300,0.56381,-6.068,0.317,1.197,15,4.39,169,0,9,
557,1776031289.902414,0.2265,4825,21300,0.56381,-6.001,0.506,1.245,15,4.347,169,0,16,
558,1776031291.9139132,0.2265,4825,21300,0.549029,-5.944,0.67,1.199,15,4.318,169,0,0,
559,1776031293.9246109,0.2265,4824,21300,0.549029,-6.152,0.473,1.165,15,4.492,169,0,0,
560,1776031295.9351788,0.2265,4824,21300,0.577596,-6.138,0.237,1.181,15,4.453,170,0,0,
561,1776031297.9452646,0.2265,4824,21300,0.568117,-6.085,0.204,1.172,15,4.398,170,0,0,
562,1776031299.9636412,0.226,4814,21300,0.55825,-6.087,0.39,1.152,15,4.418,171,0,0,
563,1776031301.9745746,0.2259,4811,21300,0.569224,-5.931,0.379,1.163,15,4.261,172,0,0,
564,1776031303.9833627,0.2259,4811,21300,0.549406,-5.676,0.328,1.178,15,4.001,172,0,0,
565,1776031305.9922843,0.226,4813,21300,0.498555,-5.476,0.577,1.191,15,3.841,172,0,2,
566,1776031308.0018895,0.226,4813,21300,0.500478,-5.533,0.69,1.149,15,3.919,172,0,0,
567,1776031310.0136147,0.226,4813,21300,0.48917,-5.854,0.53,1.157,15,4.205,173,0,0,
568,1776031312.023259,0.2261,4816,21300,0.522946,-5.997,0.519,1.08,15,4.345,173,0,3,
569,1776031314.033694,0.2261,4816,21300,0.549102,-5.93,0.539,1.108,15,4.282,173,0,0,
570,1776031316.0447333,0.2261,4816,21300,0.545426,-5.965,0.552,1.067,15,4.318,174,0,0,
571,1776031318.0525098,0.2261,4816,21300,0.539711,-6.036,0.382,1.075,15,4.365,174,0,0,
572,1776031320.0617564,0.2261,4816,21300,0.559967,-5.965,0.501,1.054,15,4.31,174,0,0,
573,1776031322.0708864,0.2261,4816,21300,0.549094,-6.022,0.614,1.103,15,4.385,174,0,0,
574,1776031324.0812109,0.2263,4820,21300,0.571442,-5.97,0.733,1.062,15,4.355,174,0,4,
575,1776031326.088472,0.2263,4820,21300,0.55767,-5.742,0.945,1.093,15,4.181,174,0,0,
576,1776031328.0968683,0.2263,4820,21300,0.54025,-5.721,0.75,1.065,15,4.115,174,0,0,
577,1776031330.1072576,0.2263,4820,21300,0.530326,-5.903,0.702,1.078,15,4.284,174,0,0,
578,1776031332.1191535,0.2263,4820,21300,0.561549,-5.885,0.708,1.099,15,4.267,174,0,0,
579,1776031334.1274626,0.2263,4820,21300,0.556243,-5.902,0.746,1.123,15,4.291,174,0,0,
580,1776031336.1368573,0.2269,4832,21300,0.570584,-5.839,0.692,1.142,15,4.219,174,0,12,
581,1776031338.1449287,0.2269,4832,21300,0.533096,-5.893,0.595,1.124,15,4.254,174,0,0,
582,1776031340.1535928,0.2271,4837,21300,0.56054,-6.098,0.658,1.169,15,4.467,174,0,5,
583,1776031342.1651728,0.227,4836,21300,0.58652,-6.164,0.614,1.222,15,4.525,174,0,0,
584,1776031344.1738021,0.2273,4842,21300,0.597128,-6.282,0.535,1.209,15,4.629,174,0,6,
585,1776031346.1840515,0.2273,4842,21300,0.618092,-6.278,0.678,1.174,15,4.648,175,0,0,
586,1776031348.1930933,0.2273,4842,21300,0.618092,-6.198,0.501,1.171,15,4.542,175,0,0,
587,1776031350.2092643,0.2273,4842,21300,0.576062,-6.097,0.232,1.218,15,4.411,176,0,0,
588,1776031352.2200432,0.2273,4842,21300,0.559718,-6.005,0.099,1.211,15,4.31,176,0,0,
589,1776031354.2329822,0.2274,4844,21300,0.559718,-5.747,0.068,1.248,15,4.051,177,0,2,
590,1776031356.2455637,0.2278,4852,21300,0.504384,-5.718,-0.06,1.21,15,4.018,177,0,8,
591,1776031358.2553368,0.2278,4852,21300,0.506647,-5.809,0.07,1.278,15,4.113,177,0,0,
592,1776031360.2657862,0.2277,4849,21300,0.517252,-5.887,0.138,1.27,15,4.195,177,0,0,
593,1776031362.284581,0.2277,4850,21300,0.538024,-6.026,-0.022,1.26,15,4.327,177,0,1,
594,1776031364.294165,0.2277,4850,21300,0.569323,-6.009,-0.243,1.263,15,4.311,177,0,0,
595,1776031366.3056629,0.2277,4850,21300,0.550644,-5.949,-0.419,1.282,15,4.259,177,0,0,
596,1776031368.3143885,0.2276,4848,21300,0.581814,-6.022,-0.509,1.33,15,4.339,177,0,0,
597,1776031370.3302813,0.2283,4862,21300,0.559509,-6.086,-0.382,1.324,15,4.394,177,0,14,
598,1776031372.3451502,0.2283,4862,21300,0.600692,-6.275,-0.128,1.299,15,4.575,177,0,0,
599,1776031374.359424,0.2284,4864,21300,0.611806,-6.236,-0.301,1.351,15,4.54,177,0,2,
600,1776031376.369222,0.2284,4864,21300,0.616608,-6.191,-0.511,1.395,15,4.508,177,0,0,
601,1776031378.3801668,0.2284,4864,21300,0.622718,-6.107,-0.61,1.425,15,4.434,177,0,0,
602,1776031382.3958776,0.2284,4864,21300,0.622718,-6.08,-0.44,1.478,15,4.391,177,0,0,
603,1776031386.4178283,0.2284,4864,21300,0.627156,-6.18,-0.361,1.436,15,4.487,177,0,0,
604,1776031390.4307568,0.2284,4864,21300,0.631924,-6.236,-0.383,1.441,15,4.544,177,0,0,
605,1776031394.444098,0.2284,4864,21300,0.636203,-6.141,-0.389,1.434,15,4.448,177,0,0,
606,1776031398.455979,0.2284,4864,21300,0.644685,-6.167,-0.43,1.395,15,4.478,177,0,0,
607,1776031400.4641645,0.2284,4864,21300,0.62494,-6.177,-0.271,1.368,15,4.479,177,0,0,
608,1776031402.4837272,0.2287,4871,21300,0.62494,-6.095,-0.323,1.361,15,4.4,178,0,7,
609,1776031404.494538,0.2287,4871,21300,0.598292,-6.081,-0.492,1.364,15,4.396,178,0,0,
610,1776031406.5021353,0.2287,4871,21300,0.61343,-6.082,-0.601,1.367,15,4.408,178,0,0,
611,1776031408.5096302,0.2287,4871,21300,0.61343,-6.12,-0.571,1.326,15,4.442,178,0,0,
612,1776031410.5183618,0.2287,4871,21300,0.61912,-6.202,-0.551,1.35,15,4.523,178,0,0,
613,1776031412.5277445,0.2287,4871,21300,0.61912,-6.35,-0.556,1.344,15,4.67,178,0,0,
614,1776031414.5364606,0.2288,4873,21300,0.648167,-6.38,-0.756,1.345,15,4.723,178,0,2,
615,1776031416.5442553,0.2288,4873,21300,0.640629,-6.302,-0.769,1.354,15,4.647,178,0,0,
616,1776031418.5519068,0.2288,4873,21300,0.640629,-6.361,-0.775,1.329,15,4.706,179,0,0,
617,1776031420.5644438,0.2288,4873,21300,0.658701,-6.402,-0.933,1.313,15,4.771,179,0,0,
618,1776031422.5714488,0.2288,4873,21300,0.658701,-6.4,-1.076,1.27,15,4.795,179,0,0,
619,1776031424.579422,0.2288,4873,21300,0.685603,-6.42,-1.158,1.294,15,4.832,179,0,0,
620,1776031426.5928519,0.2288,4873,21300,0.70427,-6.441,-1.238,1.333,15,4.87,179,0,0,
621,1776031428.6042075,0.2288,4873,21300,0.70427,-6.447,-1.24,1.381,15,4.876,179,0,0,
622,1776031430.6160202,0.2288,4873,21300,0.727569,-6.461,-1.181,1.366,15,4.877,180,0,0,
623,1776031432.6256325,0.2288,4873,21300,0.727569,-6.398,-1.225,1.376,15,4.825,180,0,0,
624,1776031434.6362705,0.2288,4873,21300,0.687986,-6.293,-1.262,1.336,15,4.731,181,0,0,
625,1776031436.643302,0.2288,4873,21300,0.640427,-6.275,-1.165,1.329,15,4.692,181,0,0,
626,1776031438.6510105,0.2288,4873,21300,0.640427,-6.384,-1.03,1.3,15,4.771,181,0,0,
627,1776031440.660803,0.2287,4872,21300,0.665159,-6.413,-1.124,1.314,15,4.817,182,0,0,
628,1776031442.6699507,0.2287,4872,21300,0.696059,-6.544,-1.255,1.334,15,4.975,182,0,0,
629,1776031444.6773036,0.2287,4871,21300,0.696059,-6.633,-1.264,1.331,15,5.063,183,0,0,
630,1776031446.6866527,0.2287,4871,21300,0.720654,-6.541,-1.098,1.336,15,4.938,183,0,0,
631,1776031448.705129,0.2287,4871,21300,0.720654,-6.339,-1.074,1.332,15,4.735,183,0,0,
632,1776031450.719973,0.2288,4874,21300,0.665518,-6.372,-1.181,1.328,15,4.79,183,0,3,
633,1776031452.728731,0.2288,4874,21300,0.665518,-6.18,-1.325,1.275,15,4.638,183,0,0,
634,1776031454.7385128,0.2288,4873,21300,0.642605,-6.017,-1.31,1.23,15,4.477,183,0,0,
635,1776031456.7472959,0.2288,4873,21300,0.621423,-6.036,-1.46,1.26,15,4.537,183,0,0,
636,1776031458.7548094,0.2287,4871,21300,0.621423,-5.917,-1.468,1.303,15,4.425,184,0,0,
637,1776031460.7622461,0.2287,4871,21300,0.621423,-5.957,-1.492,1.314,15,4.471,184,0,0,
638,1776031462.7746224,0.2287,4871,21300,0.621423,-5.903,-1.588,1.3,15,4.45,184,0,0,
639,1776031464.78515,0.2287,4871,21300,0.614409,-5.989,-1.642,1.258,15,4.549,185,0,0,
640,1776031466.7963736,0.2287,4871,21300,0.639633,-6.027,-1.634,1.22,15,4.583,185,0,0,
641,1776031468.8057046,0.2287,4871,21300,0.639633,-6.087,-1.615,1.222,15,4.633,186,0,0,
642,1776031470.813849,0.2287,4871,21300,0.639633,-5.999,-1.698,1.216,15,4.578,186,0,0,
643,1776031472.8236952,0.2287,4871,21300,0.639633,-5.972,-1.728,1.229,15,4.563,186,0,0,
644,1776031474.831197,0.2287,4871,21300,0.647231,-6.125,-1.671,1.242,15,4.687,187,0,0,
645,1776031476.8477986,0.2287,4871,21300,0.647231,-6.06,-1.705,1.251,15,4.637,187,0,0,
646,1776031478.8579814,0.2287,4871,21300,0.654378,-5.917,-1.751,1.3,15,4.52,188,0,0,
647,1776031480.8676732,0.2287,4871,21300,0.631051,-5.798,-1.79,1.275,15,4.423,188,0,0,
648,1776031482.876049,0.2287,4871,21300,0.631051,-5.722,-1.807,1.256,15,4.36,189,0,0,
649,1776031484.8848486,0.2287,4871,21300,0.621945,-5.813,-1.92,1.267,15,4.487,189,0,0,
650,1776031486.8956194,0.2288,4873,21300,0.621945,-5.911,-1.97,1.287,15,4.597,190,0,2,
651,1776031488.9032261,0.2287,4872,21300,0.672204,-5.963,-1.979,1.251,15,4.648,190,0,0,
652,1776031490.9143953,0.2287,4872,21300,0.67785,-6.052,-2.118,1.235,15,4.787,190,0,0,
653,1776031492.9263225,0.2287,4872,21300,0.67785,-6.145,-2.039,1.249,15,4.84,190,0,0,
654,1776031494.9375315,0.2299,4897,21300,0.685303,-6.225,-1.905,1.282,15,4.863,190,0,25,
655,1776031496.9469426,0.2299,4897,21300,0.685303,-6.209,-1.888,1.312,15,4.841,190,0,0,
656,1776031498.9553137,0.2299,4897,21300,0.685303,-6.327,-2.005,1.299,15,4.994,190,0,0,
657,1776031500.9619513,0.2299,4897,21300,0.685303,-6.266,-2.156,1.286,15,4.998,190,0,0,
658,1776031502.9705832,0.2301,4901,21300,0.693518,-6.291,-2.178,1.28,15,5.029,190,0,4,
659,1776031504.978416,0.2301,4901,21300,0.693518,-6.435,-2.26,1.271,15,5.194,190,0,0,
660,1776031506.9978137,0.2307,4913,21300,0.704099,-6.441,-2.233,1.274,15,5.188,190,0,12,
661,1776031509.0057027,0.2307,4913,21300,0.704099,-6.404,-2.111,1.249,15,5.106,190,0,0,
662,1776031511.013144,0.2311,4923,21300,0.713796,-6.392,-2.128,1.262,15,5.102,190,0,10,
663,1776031513.021015,0.2311,4923,21300,0.713796,-6.519,-2.173,1.246,15,5.236,190,0,0,
664,1776031515.0289738,0.2284,4945,21655,0.730855,-6.462,-2.331,1.238,15,5.248,190,0,22,
665,1776031517.037329,0.2284,4945,21655,0.730855,-6.383,-2.475,1.271,15,5.239,190,0,0,
666,1776031519.0494835,0.2284,4945,21655,0.745986,-6.377,-2.481,1.341,15,5.237,190,0,0,
667,1776031521.06135,0.2284,4945,21655,0.745986,-6.3,-2.34,1.351,15,5.106,190,0,0,
668,1776031523.0771108,0.2284,4945,21655,0.758171,-6.213,-2.263,1.334,15,4.994,190,0,0,
669,1776031525.0885139,0.2284,4945,21655,0.758171,-6.366,-2.259,1.31,15,5.131,190,0,0,
670,1776031527.1020303,0.231,4920,21300,0.768519,-6.482,-2.294,1.32,15,5.251,190,0,0,
671,1776031529.113509,0.231,4920,21300,0.768519,-6.541,-2.238,1.3,15,5.282,190,0,0,
672,1776031531.12039,0.2276,4928,21655,0.770973,-6.569,-2.258,1.35,15,5.316,191,0,8,
673,1776031533.1323035,0.2276,4928,21655,0.74979,-6.483,-2.177,1.348,15,5.205,191,0,0,
674,1776031535.142243,0.2311,4923,21300,0.74979,-6.534,-2.079,1.341,15,5.214,191,0,0,
675,1776031537.1496832,0.2311,4923,21300,0.733666,-6.385,-2.054,1.312,15,5.067,191,0,0,
676,1776031539.1571932,0.2311,4923,21300,0.733666,-6.312,-1.958,1.31,15,4.963,191,0,0,
677,1776031541.164644,0.2311,4923,21300,0.697588,-6.314,-1.759,1.308,15,4.895,191,0,0,
678,1776031543.1756675,0.2311,4923,21300,0.697588,-6.323,-1.806,1.308,15,4.919,191,0,0,
679,1776031545.1863842,0.2274,4925,21655,0.677632,-6.337,-1.775,1.3,15,4.922,192,0,2,
680,1776031547.1993551,0.2274,4925,21655,0.677632,-6.246,-1.664,1.323,15,4.8,192,0,0,
681,1776031549.2149062,0.2274,4925,21655,0.645814,-6.206,-1.54,1.328,15,4.723,193,0,0,
682,1776031551.2255752,0.2274,4925,21655,0.645814,-6.17,-1.36,1.352,15,4.637,193,0,0,
683,1776031553.2392213,0.2306,4911,21300,0.618991,-6.134,-1.329,1.309,15,4.594,194,0,0,
684,1776031555.2516086,0.2306,4911,21300,0.618991,-5.993,-1.428,1.288,15,4.487,194,0,0,
685,1776031557.264387,0.2307,4914,21300,0.609478,-5.992,-1.55,1.279,15,4.522,194,0,3,
686,1776031559.2763338,0.2307,4914,21300,0.609478,-6.081,-1.662,1.273,15,4.643,194,0,0,
687,1776031561.2964015,0.2308,4915,21300,0.634515,-6.185,-1.82,1.281,15,4.794,195,0,1,
688,1776031563.3073657,0.2308,4915,21300,0.684606,-6.141,-1.932,1.287,15,4.794,195,0,0,
689,1776031565.3187706,0.2308,4917,21300,0.684606,-6.185,-1.931,1.288,15,4.835,196,0,2,
690,1776031567.334426,0.2308,4917,21300,0.684606,-6.118,-1.825,1.248,15,4.733,196,0,0,
691,1776031569.3478665,0.2308,4917,21300,0.684606,-6.031,-1.768,1.223,15,4.632,196,0,0,
692,1776031571.3594234,0.2308,4917,21300,0.630806,-5.944,-1.748,1.232,15,4.543,196,0,0,
693,1776031573.3742318,0.2277,4930,21655,0.630806,-5.812,-1.72,1.216,15,4.411,197,0,13,
694,1776031575.3825605,0.2277,4930,21655,0.605058,-5.845,-1.72,1.23,15,4.441,197,0,0,
695,1776031577.391436,0.2281,4940,21655,0.605058,-5.87,-1.636,1.257,15,4.435,197,0,10,
696,1776031579.3987494,0.2282,4942,21655,0.61775,-5.934,-1.598,1.259,15,4.483,197,0,2,
697,1776031581.4072194,0.2282,4942,21655,0.61775,-6.089,-1.61,1.25,15,4.634,197,0,0,
698,1776031583.4256716,0.2282,4942,21655,0.635749,-6.146,-1.663,1.253,15,4.705,197,0,0,
699,1776031585.4336176,0.2282,4942,21655,0.635749,-6.093,-1.673,1.271,15,4.657,197,0,0,
700,1776031587.444628,0.2282,4942,21655,0.627456,-5.927,-1.641,1.251,15,4.49,197,0,0,
701,1776031589.4560335,0.2282,4942,21655,0.627456,-5.803,-1.609,1.251,15,4.363,197,0,0,
702,1776031591.4670203,0.2285,4948,21655,0.574209,-5.761,-1.682,1.23,15,4.349,197,0,6,
703,1776031593.4751687,0.2285,4948,21655,0.574209,-5.828,-1.746,1.249,15,4.435,197,0,0,
704,1776031595.4832697,0.2285,4948,21655,0.574209,-5.857,-1.849,1.24,15,4.5,197,0,0,
705,1776031597.490161,0.2285,4948,21655,0.574209,-5.943,-1.823,1.261,15,4.57,197,0,0,
706,1776031599.5020235,0.2285,4948,21655,0.59496,-6.035,-1.692,1.275,15,4.61,197,0,0,
707,1776031601.5147495,0.2285,4948,21655,0.608908,-6.157,-1.488,1.254,15,4.661,197,0,0,
708,1776031603.530098,0.2285,4948,21655,0.608908,-6.314,-1.413,1.226,15,4.79,197,0,0,
709,1776031605.5376043,0.2285,4948,21655,0.638115,-6.398,-1.494,1.228,15,4.893,197,0,0,
710,1776031607.5508642,0.2285,4948,21655,0.638115,-6.311,-1.429,1.24,15,4.792,197,0,0,
711,1776031609.564523,0.2285,4948,21655,0.649526,-6.394,-1.288,1.232,15,4.836,197,0,0,
712,1776031611.577277,0.2285,4948,21655,0.649526,-6.329,-1.23,1.203,15,4.759,197,0,0,
713,1776031613.590945,0.2285,4948,21655,0.659635,-6.176,-1.313,1.182,15,4.631,197,0,0,
714,1776031615.6035173,0.2285,4948,21655,0.672536,-6.146,-1.429,1.171,15,4.634,197,0,0,
715,1776031617.6134398,0.2285,4948,21655,0.672536,-6.224,-1.393,1.166,15,4.699,197,0,0,
716,1776031619.6254334,0.2285,4948,21655,0.680895,-6.288,-1.337,1.155,15,4.745,197,0,0,
717,1776031621.6393979,0.2285,4948,21655,0.680895,-6.421,-1.301,1.223,15,4.865,197,0,0,
718,1776031623.6486785,0.2301,4982,21655,0.689945,-6.505,-1.394,1.189,15,4.97,197,0,34,
719,1776031625.66059,0.2301,4982,21655,0.689945,-6.525,-1.605,1.153,15,5.047,197,0,0,
720,1776031627.6727667,0.2314,5011,21655,0.699675,-6.598,-1.687,1.197,15,5.141,197,0,29,
721,1776031629.6803825,0.2314,5011,21655,0.699675,-6.709,-1.619,1.216,15,5.227,197,0,0,
722,1776031631.689355,0.2331,5048,21655,0.704332,-6.697,-1.708,1.257,15,5.242,197,0,37,
723,1776031633.7024295,0.2331,5048,21655,0.707083,-6.716,-1.802,1.255,15,5.289,197,0,0,
724,1776031635.7099648,0.2332,5049,21655,0.707083,-6.762,-1.876,1.233,15,5.356,197,0,1,
725,1776031637.7175794,0.2332,5049,21655,0.707083,-6.825,-1.782,1.243,15,5.387,197,0,0,
726,1776031639.7308052,0.2332,5049,21655,0.707083,-6.768,-1.671,1.225,15,5.299,197,0,0,
727,1776031641.7398639,0.2333,5053,21655,0.710622,-6.786,-1.518,1.213,15,5.273,197,0,4,
728,1776031643.7474053,0.2333,5053,21655,0.710622,-6.825,-1.372,1.187,15,5.274,197,0,0,
729,1776031645.7554247,0.234,5067,21655,0.71843,-6.754,-1.411,1.222,15,5.215,197,0,14,
730,1776031647.7626078,0.234,5067,21655,0.71843,-6.744,-1.491,1.237,15,5.225,197,0,0,
731,1776031649.7773724,0.234,5067,21655,0.721772,-6.805,-1.463,1.213,15,5.277,197,0,0,
732,1776031651.7871122,0.234,5067,21655,0.721772,-6.787,-1.401,1.185,15,5.245,197,0,0,
733,1776031653.7977843,0.2334,5068,21716,0.72383,-6.743,-1.425,1.17,15,5.208,197,0,1,
734,1776031655.8099296,0.2334,5068,21716,0.72383,-6.636,-1.356,1.195,15,5.087,197,0,0,
735,1776031657.8180213,0.2334,5068,21716,0.7261,-6.558,-1.399,1.215,15,5.022,197,0,0,
736,1776031659.8258815,0.2334,5068,21716,0.7261,-6.554,-1.358,1.233,15,5.008,197,0,0,
737,1776031661.8332243,0.2334,5068,21716,0.730405,-6.638,-1.381,1.252,15,5.096,197,0,0,
738,1776031663.8417156,0.2334,5068,21716,0.734876,-6.65,-1.535,1.26,15,5.147,197,0,0,
739,1776031665.8503163,0.2334,5068,21716,0.734876,-6.544,-1.64,1.255,15,5.075,197,0,0,
740,1776031667.8586283,0.2334,5068,21716,0.91929,-6.382,-1.788,1.215,15,4.968,197,0,0,
741,1776031669.8726254,0.2332,5064,21716,0.91929,-6.271,-1.826,1.223,15,4.877,197,0,0,
742,1776031671.8807545,0.2332,5064,21716,0.884635,-6.216,-1.925,1.264,15,4.861,198,0,0,
743,1776031673.8944302,0.2332,5064,21716,0.884635,-6.209,-2.027,1.234,15,4.894,198,0,0,
744,1776031675.9077122,0.235,5103,21716,0.867732,-6.321,-2.137,1.235,15,5.04,199,0,39,
745,1776031677.916936,0.235,5103,21716,0.949781,-6.539,-2.205,1.219,15,5.267,200,0,0,
746,1776031679.9274068,0.235,5103,21716,0.949781,-6.745,-2.3,1.245,15,5.494,200,0,0,
747,1776031681.9393215,0.235,5103,21716,1.092064,-6.912,-2.364,1.185,15,5.673,200,0,0,
748,1776031683.9517353,0.2351,5105,21716,1.092064,-6.816,-2.361,1.2,15,5.584,200,0,2,
749,1776031685.9662895,0.2351,5105,21716,1.09875,-6.793,-2.467,1.25,15,5.605,200,0,0,
750,1776031687.978083,0.2351,5105,21716,1.105708,-6.837,-2.463,1.244,15,5.644,200,0,0,
751,1776031689.9899557,0.2351,5105,21716,1.105708,-6.771,-2.586,1.217,15,5.637,200,0,0,
752,1776031692.0016954,0.2351,5105,21716,1.120033,-6.706,-2.498,1.236,15,5.54,200,0,0,
753,1776031694.011719,0.2351,5105,21716,1.129084,-6.824,-2.428,1.286,15,5.618,200,0,0,
754,1776031696.0182986,0.2351,5105,21716,1.137481,-6.919,-2.157,1.306,15,5.6,200,0,0,
755,1776031698.0263445,0.2351,5105,21716,1.055348,-6.985,-2.409,1.277,15,5.758,200,0,0,
756,1776031700.0406508,0.2343,5089,21716,1.109513,-7.07,-2.511,1.284,15,5.876,200,0,0,
757,1776031702.0495536,0.2343,5089,21716,1.120425,-6.738,-2.186,1.307,15,5.443,200,0,0,
758,1776031704.0629663,0.2343,5089,21716,1.016012,-6.83,-2.058,1.244,15,5.482,201,0,0,
759,1776031706.0759375,0.2343,5089,21716,1.066258,-7.088,-2.336,1.197,15,5.825,202,0,0,
760,1776031708.0869539,0.2324,5104,21960,1.200404,-7.126,-2.42,1.256,15,5.892,202,0,15,
761,1776031710.0963848,0.232,5108,22021,1.209586,-6.948,-2.588,1.218,15,5.797,202,0,4,
762,1776031712.1087153,0.2312,5092,22021,1.209586,-7.166,-2.282,1.25,15,5.876,202,0,0,
763,1776031714.1202729,0.2312,5092,22021,1.181621,-7.074,-2.116,1.304,15,5.731,203,0,0,
764,1776031716.1366088,0.231,5086,22021,1.054399,-6.81,-2.325,1.222,15,5.563,203,0,0,
765,1776031718.1477625,0.2307,5080,22021,1.06484,-6.847,-2.495,1.267,15,5.666,204,0,0,
766,1776031720.158497,0.2307,5080,22021,1.189259,-6.814,-2.672,1.26,15,5.713,204,0,0,
767,1776031722.170253,0.2307,5080,22021,1.158181,-6.49,-2.522,1.22,15,5.357,204,0,0,
768,1776031724.1846209,0.2307,5080,22021,1.024151,-6.705,-2.612,1.237,15,5.588,204,0,0,
769,1776031726.1940157,0.2307,5080,22021,1.08232,-6.786,-2.302,1.205,15,5.532,204,0,0,
770,1776031728.2050915,0.2307,5081,22021,1.057119,-6.877,-2.103,1.136,15,5.542,205,0,1,
771,1776031730.2173254,0.2308,5082,22021,1.08123,-7.034,-2.001,1.126,15,5.654,205,0,1,
772,1776031732.229626,0.2308,5082,22021,1.106786,-6.969,-2.147,1.134,15,5.644,205,0,0,
773,1776031734.2398531,0.2308,5082,22021,1.107822,-6.825,-2.262,1.138,15,5.552,205,0,0,
774,1776031736.25231,0.231,5086,22021,1.065293,-6.822,-2.646,1.163,15,5.708,206,0,4,
775,1776031738.2644343,0.231,5086,22021,1.173856,-6.797,-2.879,1.13,15,5.794,206,0,0,
776,1776031740.2772675,0.231,5086,22021,1.235384,-6.95,-3.081,1.193,15,6.025,206,0,0,
777,1776031742.2847047,0.2309,5085,22021,1.341836,-6.907,-3.301,1.18,15,6.099,206,0,0,
778,1776031744.2924104,0.2309,5085,22021,1.350698,-6.964,-3.699,1.164,15,6.363,206,0,0,
779,1776031746.3003151,0.2309,5085,22021,1.358723,-7.17,-3.566,1.14,15,6.463,206,0,0,
780,1776031748.3083534,0.2309,5085,22021,1.365505,-6.909,-3.232,1.109,15,6.065,206,0,0,
781,1776031750.323562,0.2309,5085,22021,1.368807,-7.184,-3.187,1.101,15,6.281,206,0,0,
782,1776031752.3411446,0.2281,5093,22326,1.373713,-7.458,-2.965,1.065,15,6.42,206,0,8,
783,1776031754.363851,0.2265,5099,22509,1.376732,-7.573,-2.613,1.079,15,6.378,206,0,6,
784,1776031756.3817863,0.2251,5108,22692,1.381468,-7.644,-2.662,0.987,15,6.463,206,0,9,
785,1776031760.4040055,0.2251,5108,22692,1.382905,-7.324,-2.779,0.97,15,6.218,206,0,0,
786,1776031763.4231846,0.2251,5108,22692,1.38442,-7.077,-3.033,0.945,15,6.113,206,0,0,
787,1776031767.4473426,0.2251,5108,22692,1.388026,-6.821,-3.028,0.978,15,5.886,206,0,0,
788,1776031770.058149,0.2251,5108,22692,1.389747,-6.982,-3.195,1.009,15,6.11,206,0,0,
789,1776031772.074201,0.2251,5108,22692,1.389747,-7.074,-2.807,0.976,15,6.006,206,0,0,
790,1776031776.0981753,0.2251,5108,22692,1.390825,-7.408,-2.808,0.994,15,6.307,206,0,0,
791,1776031779.5170336,0.2252,5110,22692,1.589954,-7.562,-2.633,1.009,15,6.376,207,0,2,
792,1776031781.5317352,0.2255,5117,22692,1.574129,-7.336,-2.646,1.064,15,6.175,207,0,7,
793,1776031783.5396883,0.2255,5117,22692,1.394563,-6.972,-2.482,1.055,15,5.774,207,0,0,
794,1776031785.5474834,0.2249,5117,22753,1.262592,-6.886,-2.728,1.068,15,5.803,208,0,0,
795,1776031787.559042,0.2249,5117,22753,1.340335,-6.905,-2.905,1.04,15,5.901,209,0,0,
796,1776031789.5665958,0.2252,5124,22753,1.454666,-7.041,-3.056,1.06,15,6.092,209,0,7,
797,1776031791.5746193,0.2252,5124,22753,1.510097,-7.333,-2.958,1.043,15,6.305,210,0,0,
798,1776031793.5877657,0.2252,5124,22753,1.649864,-7.537,-2.706,1.003,15,6.382,210,0,0,
799,1776031795.596707,0.2252,5124,22753,1.601209,-7.456,-2.799,0.992,15,6.347,210,0,0,
800,1776031797.8108733,0.2252,5124,22753,1.592162,-7.477,-2.575,0.968,15,6.275,211,0,0,
801,1776031801.8363028,0.2252,5124,22753,1.482149,-7.545,-2.374,0.999,15,6.262,212,0,0,
802,1776031805.0509489,0.2252,5124,22753,1.412886,-7.417,-1.917,1.075,15,5.991,212,0,0,
803,1776031807.0598757,0.2255,5130,22753,1.242283,-7.37,-2.023,1.06,15,5.98,213,0,6,
804,1776031809.073455,0.229,5197,22692,1.262026,-7.535,-1.994,1.055,15,6.127,213,0,67,
805,1776031811.0881624,0.2291,5199,22692,1.254798,-7.252,-1.994,1.127,15,5.858,213,0,2,
806,1776031813.0980842,0.2291,5199,22692,1.174161,-7.23,-2.317,1.186,15,5.949,213,0,0,
807,1776031815.1066494,0.2284,5183,22692,1.223676,-7.247,-2.089,1.226,15,5.885,214,0,0,
808,1776031817.1202161,0.2284,5183,22692,1.183744,-7.308,-1.944,1.19,15,5.896,215,0,0,
809,1776031819.1308753,0.2276,5164,22692,1.199743,-7.587,-1.956,1.278,15,6.165,216,0,0,
810,1776031821.1396968,0.2274,5160,22692,1.306097,-7.744,-1.996,1.28,15,6.327,217,0,0,
811,1776031823.1514072,0.2266,5170,22814,1.47415,-7.777,-2.222,1.325,15,6.428,217,0,10,
812,1776031825.1641812,0.2269,5176,22814,1.492969,-7.728,-2.106,1.332,15,6.345,217,0,6,
813,1776031827.1714747,0.2272,5183,22814,1.497725,-7.448,-2.261,1.329,15,6.132,217,0,7,
814,1776031829.1797698,0.2272,5184,22814,1.508002,-7.315,-2.366,1.35,15,6.046,217,0,1,
815,1776031831.1913662,0.2272,5184,22814,1.508002,-7.293,-2.55,1.415,15,6.096,217,0,0,
816,1776031834.4041803,0.2272,5184,22814,1.512737,-6.786,-2.457,1.449,15,5.595,217,0,0,
817,1776031837.8209171,0.2272,5184,22814,1.527169,-6.521,-2.145,1.416,15,5.228,217,0,0,
818,1776031841.837341,0.2264,5164,22814,1.052148,-6.694,-2.209,1.466,15,5.411,217,0,0,
819,1776031845.8561304,0.2264,5164,22814,1.062931,-6.348,-2.57,1.514,15,5.252,217,0,0,
820,1776031849.874267,0.2264,5164,22814,1.073466,-6.239,-2.825,1.52,15,5.281,217,0,0,
821,1776031853.8975132,0.2264,5164,22814,1.078979,-6.207,-2.592,1.569,15,5.138,217,0,0,
822,1776031857.91039,0.2264,5164,22814,1.217599,-6.194,-2.591,1.57,15,5.127,217,0,0,
823,1776031861.9331203,0.2264,5164,22814,1.263447,-6.254,-2.866,1.552,15,5.315,217,0,0,
824,1776031865.9522514,0.2264,5164,22814,1.268672,-6.208,-3.195,1.566,15,5.454,217,0,0,
825,1776031869.984978,0.1274,6289,49368,1.393569,-6.581,-2.856,1.466,15,5.593,217,0,1125,
826,1776031874.0115507,0.1271,6273,49368,1.428702,-6.594,-3.087,1.461,15,5.721,217,0,0,
827,1776031878.0358965,0.127,6272,49368,1.561625,-6.496,-3.203,1.523,15,5.699,217,0,0,
828,1776031882.059078,0.1317,6500,49368,1.563112,-6.638,-3.119,1.528,15,5.775,217,0,228,
829,1776031886.0940878,0.1307,6451,49368,1.608541,-6.652,-3.421,1.526,15,5.949,218,0,0,
830,1776031890.1173098,0.1272,6566,51612,1.782902,-6.538,-3.42,1.57,15,5.853,219,0,115,
831,1776031894.1373227,0.1272,6566,51612,1.782902,-6.697,-3.625,1.559,15,6.101,219,0,0,
832,1776031898.1577065,0.1272,6564,51612,1.896451,-6.746,-3.426,1.554,15,6.03,219,0,0,
833,1776031902.1778493,0.1272,6563,51612,1.896451,-7.132,-3.256,1.573,15,6.27,219,0,0,
834,1776031906.205492,0.1273,6568,51612,1.946828,-7.218,-3.182,1.58,15,6.308,219,0,5,
835,1776031910.2325225,0.1272,6566,51612,1.875508,-7.577,-3.368,1.51,15,6.713,219,0,0,
836,1776031914.2609248,0.1272,6565,51612,2.134796,-7.519,-3.602,1.525,15,6.779,219,0,0,
837,1776031918.2844353,0.1272,6564,51612,2.149493,-7.436,-3.555,1.517,15,6.683,220,0,0,
838,1776031922.3025138,0.1272,6563,51612,2.033699,-7.477,-3.098,1.569,15,6.497,220,0,0,
839,1776031926.3313463,0.127,6553,51612,1.793952,-7.412,-2.829,1.52,15,6.32,220,0,0,
840,1776031930.3463824,0.1271,6560,51612,1.674626,-7.513,-2.609,1.553,15,6.322,221,0,7,
841,1776031934.3687909,0.1271,6561,51612,1.630052,-7.46,-2.264,1.47,15,6.145,221,0,1,
842,1776031938.3950543,0.1271,6561,51612,1.654207,-7.409,-2.164,1.439,15,6.063,221,0,0,
843,1776031942.4299564,0.1281,6565,51238,1.470358,-7.575,-2.287,1.312,15,6.261,222,0,4,
844,1776031944.4484668,0.1282,6567,51238,1.517446,-7.386,-2.316,1.311,15,6.094,222,0,2,
845,1776031946.4616797,0.1281,6564,51238,1.453355,-7.125,-2.189,1.259,15,5.804,222,0,0,
846,1776031948.4733171,0.1281,6566,51238,1.218601,-7.135,-1.83,1.276,15,5.696,222,0,2,
847,1776031950.4875517,0.1281,6566,51238,1.130992,-7.167,-2.01,1.241,15,5.783,222,0,0,
848,1776031952.5065472,0.1282,6568,51238,1.173163,-7.063,-1.842,1.228,15,5.631,222,0,2,
849,1776031954.5295076,0.1285,6583,51238,1.077049,-7.123,-2.036,1.19,15,5.75,223,0,15,
850,1776031956.5573592,0.1285,6583,51238,1.136161,-7.438,-2.006,1.2,15,6.038,223,0,0,
851,1776031958.5739698,0.1286,6590,51238,1.383569,-7.866,-1.755,1.148,15,6.378,224,0,7,
852,1776031960.5891144,0.1257,6614,52608,1.633352,-7.918,-1.93,1.128,15,6.475,225,0,24,
853,1776031962.6020546,0.1257,6614,52608,1.580909,-7.622,-2.017,1.177,15,6.217,226,0,0,
854,1776031964.6131444,0.1257,6614,52608,1.415512,-7.763,-2.21,1.203,15,6.411,226,0,0,
855,1776031966.635971,0.1258,6618,52608,1.48583,-7.917,-2.054,1.149,15,6.509,227,0,4,
856,1776031968.6474445,0.1261,6632,52608,1.481838,-7.881,-1.813,1.128,15,6.408,227,0,14,
857,1776031970.661205,0.1261,6632,52608,1.438874,-7.917,-1.697,1.184,15,6.412,227,0,0,
858,1776031972.6770117,0.1261,6632,52608,1.475371,-7.815,-2.021,1.164,15,6.402,227,0,0,
859,1776031974.6914854,0.1261,6632,52608,1.506702,-7.622,-2.314,1.109,15,6.314,227,0,0,
860,1776031976.7083688,0.1258,6618,52608,1.506702,-7.502,-2.062,1.094,15,6.117,227,0,0,
861,1776031978.7371557,0.1258,6620,52608,1.454592,-7.642,-2.08,1.139,15,6.255,227,0,2,
862,1776031980.7544632,0.1258,6620,52608,1.491314,-7.661,-1.877,1.089,15,6.213,227,0,0,
863,1776031982.779867,0.1258,6620,52608,1.405315,-7.502,-1.85,1.093,15,6.053,227,0,0,
864,1776031984.795156,0.1258,6618,52608,1.271444,-7.168,-2.111,1.058,15,5.818,227,0,0,
865,1776031986.820083,0.1262,6637,52608,1.220911,-7.32,-2.075,1.05,15,5.949,227,0,19,
866,1776031988.8359382,0.1262,6637,52608,1.333321,-7.49,-2.015,1.023,15,6.091,227,0,0,
867,1776031990.849723,0.1262,6637,52608,1.385491,-7.567,-1.822,1.016,15,6.108,227,0,0,
868,1776031992.8649151,0.1262,6637,52608,1.330218,-7.709,-1.562,1.018,15,6.178,228,0,0,
869,1776031994.8835013,0.1262,6637,52608,1.36495,-7.777,-1.483,1.03,15,6.227,229,0,0,
870,1776031996.9017034,0.1262,6637,52608,1.329326,-7.393,-1.41,1.035,15,5.837,229,0,0,
871,1776031998.9284945,0.1262,6637,52608,1.190843,-7.282,-1.606,1.056,15,5.775,229,0,0,
872,1776032000.9453504,0.1265,6655,52608,1.16617,-7.635,-1.791,1.124,15,6.164,230,0,18,
873,1776032002.9583704,0.1265,6655,52608,1.267127,-7.522,-1.449,1.129,15,5.971,230,0,0,
874,1776032004.9764073,0.1264,6652,52608,1.26882,-7.464,-1.205,1.091,15,5.864,231,0,0,
875,1776032006.998036,0.1268,6673,52608,1.223608,-7.316,-1.232,1.157,15,5.724,232,0,21,
876,1776032009.0219753,0.1268,6673,52608,1.140325,-7.196,-1.221,1.155,15,5.604,232,0,0,
877,1776032011.0422769,0.1271,6684,52608,1.077417,-7.408,-1.095,1.201,15,5.79,233,0,11,
878,1776032013.0622814,0.1271,6684,52608,1.162746,-7.281,-1.357,1.215,15,5.716,234,0,0,
879,1776032015.0820103,0.1266,6658,52608,1.139128,-7.506,-1.727,1.164,15,6.023,234,0,0,
880,1776032017.0958397,0.1266,6658,52608,1.196566,-7.882,-1.46,1.223,15,6.324,234,0,0,
881,1776032019.1103845,0.1264,6651,52608,1.389367,-7.866,-1.471,1.231,15,6.311,235,0,0,
882,1776032021.1268222,0.1264,6652,52608,1.419257,-7.882,-1.541,1.225,15,6.342,235,0,1,
883,1776032023.1451452,0.1264,6652,52608,1.460661,-8.056,-1.482,1.188,15,6.499,236,0,0,
884,1776032025.1671739,0.1265,6654,52608,1.547675,-8.105,-1.365,1.211,15,6.524,237,0,2,
885,1776032027.1817124,0.1253,6660,53156,1.660922,-8.117,-1.483,1.22,15,6.559,237,0,6,
886,1776032029.2010179,0.1253,6660,53156,1.69192,-7.892,-1.307,1.184,15,6.304,237,0,0,
887,1776032031.2151742,0.1253,6663,53156,1.558575,-7.647,-1.019,1.221,15,6.014,237,0,3,
888,1776032033.2291062,0.1254,6664,53156,1.449454,-7.493,-0.841,1.243,15,5.837,237,0,1,
889,1776032035.24839,0.1254,6664,53156,1.453852,-7.315,-0.715,1.218,15,5.646,237,0,0,
890,1776032037.2662456,0.1254,6664,53156,1.139315,-7.054,-0.996,1.138,15,5.424,237,0,0,
891,1776032039.2794116,0.1253,6662,53156,0.9959,-7.036,-1.421,1.177,15,5.491,237,0,0,
892,1776032041.2970793,0.1253,6659,53156,1.038844,-6.958,-1.695,1.179,15,5.488,238,0,0,
893,1776032043.3192713,0.1255,6670,53156,1.038844,-6.989,-2.125,1.167,15,5.655,239,0,11,
894,1776032045.3306944,0.1255,6670,53156,1.153278,-6.986,-2.37,1.193,15,5.743,239,0,0,
895,1776032047.3464227,0.1255,6672,53156,1.199025,-7.1,-2.288,1.204,15,5.818,239,0,2,
896,1776032049.3655336,0.1255,6672,53156,1.224757,-7.136,-2.053,1.169,15,5.768,239,0,0,
897,1776032051.3881023,0.1254,6666,53156,1.231929,-7.238,-2.355,1.188,15,5.97,239,0,0,
898,1776032053.4081283,0.1254,6666,53156,1.313356,-7.411,-2.346,1.185,15,6.127,239,0,0,
899,1776032055.4307268,0.1254,6666,53156,1.351807,-7.191,-2.281,1.167,15,5.9,239,0,0,
900,1776032057.4439926,0.1254,6666,53156,1.250148,-6.881,-2.199,1.115,15,5.581,239,0,0,
901,1776032059.46063,0.1254,6666,53156,1.147075,-6.556,-2.115,1.135,15,5.248,239,0,0,
902,1776032061.473946,0.1253,6661,53156,0.983564,-6.611,-2.529,1.142,15,5.468,239,0,0,
903,1776032063.487738,0.1253,6661,53156,1.085501,-6.458,-2.326,1.132,15,5.243,239,0,0,
904,1776032065.5001214,0.1253,6661,53156,1.086258,-6.618,-2.434,1.128,15,5.433,239,0,0,
905,1776032067.5177972,0.1253,6661,53156,1.086967,-6.519,-2.491,1.048,15,5.369,239,0,0,
906,1776032069.5299728,0.1253,6661,53156,1.088125,-6.569,-2.617,1.052,15,5.47,239,0,0,
907,1776032071.5510087,0.1253,6661,53156,1.088984,-6.707,-2.379,1.07,15,5.491,239,0,0,
908,1776032073.5638018,0.1253,6661,53156,1.090979,-6.81,-2.07,1.098,15,5.468,239,0,0,
909,1776032075.5835235,0.1253,6661,53156,1.092418,-6.829,-1.822,1.073,15,5.402,239,0,0,
910,1776032077.604733,0.1253,6661,53156,1.045743,-6.529,-1.796,1.078,15,5.11,240,0,0,
911,1776032079.6318974,0.1253,6661,53156,0.954853,-6.644,-1.739,1.079,15,5.2,240,0,0,
912,1776032081.6494222,0.1253,6661,53156,0.938195,-6.351,-1.69,1.064,15,4.907,240,0,0,
913,1776032083.6678317,0.1253,6661,53156,0.896704,-6.292,-1.618,1.089,15,4.829,240,0,0,
914,1776032085.682387,0.1253,6661,53156,0.897712,-6.054,-1.58,1.11,15,4.591,240,0,0,
915,1776032087.70078,0.1253,6661,53156,0.900163,-6.136,-1.517,1.157,15,4.65,240,0,0,
916,1776032089.7228587,0.1253,6661,53156,0.782162,-5.763,-1.638,1.127,15,4.335,240,0,0,
917,1776032091.7399874,0.1253,6710,53544,0.782162,-5.565,-1.69,1.127,15,4.17,240,0,49,
918,1776032093.7571313,0.1253,6710,53544,0.786761,-5.525,-1.823,1.133,15,4.186,240,0,0,
919,1776032095.7782166,0.1253,6710,53544,0.789275,-5.69,-1.861,1.079,15,4.351,240,0,0,
920,1776032097.7963266,0.1253,6710,53544,0.791383,-5.813,-1.486,1.137,15,4.332,240,0,0,
921,1776032099.8134954,0.1253,6710,53544,0.794612,-6.021,-1.409,1.133,15,4.508,240,0,0,
922,1776032101.829843,0.1253,6710,53544,0.750446,-6.258,-1.647,1.124,15,4.805,240,0,0,
923,1776032103.844428,0.1238,6631,53544,0.81819,-6.379,-1.738,1.078,15,4.949,240,0,0,
924,1776032105.8597255,0.1238,6631,53544,0.854517,-6.288,-1.905,1.122,15,4.921,240,0,0,
925,1776032107.8855562,0.1245,6665,53544,0.874593,-6.128,-1.917,1.107,15,4.777,240,0,34,
926,1776032109.907235,0.1245,6665,53544,0.840421,-6.184,-2.173,1.114,15,4.929,240,0,0,
927,1776032111.9282815,0.1245,6665,53544,0.897622,-5.986,-2.145,1.104,15,4.738,240,0,0,
928,1776032113.9427114,0.1244,6660,53544,0.802132,-6.147,-1.747,1.136,15,4.733,240,0,0,
929,1776032115.9704254,0.1244,6659,53544,0.802132,-6.229,-1.899,1.161,15,4.864,240,0,0,
930,1776032117.985673,0.1243,6658,53544,0.831479,-6.181,-2.127,1.148,15,4.908,240,0,0,
931,1776032119.999861,0.1243,6658,53544,0.860393,-5.87,-1.947,1.09,15,4.551,240,0,0,
932,1776032122.0231354,0.1244,6662,53544,0.860393,-6.07,-1.956,1.174,15,4.738,240,0,4,
933,1776032124.0437205,0.1244,6662,53544,0.841545,-5.841,-1.757,1.159,15,4.451,240,0,0,
934,1776032126.058129,0.1244,6662,53544,0.784673,-5.961,-1.741,1.15,15,4.557,240,0,0,
935,1776032128.077235,0.1244,6662,53544,0.780746,-5.626,-1.724,1.117,15,4.239,240,0,0,
936,1776032130.1008205,0.1244,6662,53544,0.726691,-5.378,-1.99,1.146,15,4.124,240,0,0,
937,1776032132.112211,0.1246,6674,53544,0.745822,-5.752,-2.054,1.123,15,4.488,240,0,12,
938,1776032134.126266,0.1245,6667,53544,0.795137,-6.083,-1.834,1.078,15,4.705,241,0,0,
939,1776032136.1438043,0.1245,6667,53544,0.820622,-6.092,-1.961,1.082,15,4.76,241,0,0,
940,1776032138.162508,0.1245,6667,53544,0.86504,-5.84,-1.92,1.077,15,4.512,242,0,0,
941,1776032140.181914,0.1245,6667,53544,0.820246,-5.505,-1.891,1.089,15,4.195,243,0,0,
942,1776032142.1971982,0.1245,6667,53544,0.780009,-5.199,-2.065,1.051,15,4.001,243,0,0,
943,1776032144.21723,0.1245,6667,53544,0.78487,-4.927,-2.36,1.075,15,3.925,243,0,0,
944,1776032146.2383058,0.1245,6667,53544,0.786409,-4.945,-2.541,1.094,15,4.046,243,0,0,
945,1776032148.2509992,0.1245,6667,53544,0.788095,-5.134,-2.349,1.069,15,4.091,243,0,0,
946,1776032150.2666283,0.1245,6667,53544,0.791367,-5.177,-2.645,1.069,15,4.294,243,0,0,
947,1776032152.2804794,0.1245,6667,53544,0.793647,-5.121,-2.638,1.081,15,4.245,243,0,0,
948,1776032154.2965481,0.1245,6667,53544,0.794656,-5.065,-2.808,1.099,15,4.304,243,0,0,
949,1776032156.3161068,0.1245,6667,53544,0.796286,-4.991,-2.624,1.079,15,4.132,243,0,0,
950,1776032158.3397663,0.1245,6667,53544,0.88335,-5.054,-2.65,1.049,15,4.199,243,0,0,
951,1776032160.359076,0.1243,6658,53544,0.868182,-4.979,-2.583,1.078,15,4.098,243,0,0,
952,1776032162.385462,0.1243,6658,53544,0.868182,-4.961,-2.49,1.053,15,4.028,244,0,0,
953,1776032164.4104533,0.1243,6658,53544,0.817183,-4.728,-2.378,1.162,15,3.774,245,0,0,
954,1776032166.4320495,0.1243,6658,53544,0.821107,-4.599,-2.509,1.135,15,3.753,245,0,0,
955,1776032168.4492602,0.1243,6658,53544,0.852839,-4.584,-2.333,1.119,15,3.632,245,0,0,
956,1776032170.467634,0.1243,6658,53544,0.809256,-4.679,-2.311,1.162,15,3.695,245,0,0,
957,1776032172.4907122,0.1243,6658,53544,0.805387,-4.82,-2.202,1.095,15,3.748,245,0,0,
958,1776032174.507444,0.1243,6658,53544,0.760838,-4.954,-2.217,1.085,15,3.869,246,0,0,
959,1776032176.5318043,0.1244,6659,53544,0.745588,-4.879,-1.865,1.098,15,3.624,247,0,1,
960,1776032178.5548332,0.1244,6659,53544,0.720477,-4.681,-1.532,1.095,15,3.296,247,0,0,
961,1776032180.5724945,0.1244,6659,53544,0.723652,-4.508,-1.496,1.044,15,3.125,247,0,0,
962,1776032182.5901992,0.1244,6659,53544,0.725337,-4.344,-1.525,1.055,15,2.992,247,0,0,
963,1776032184.6063561,0.1244,6659,53544,0.729012,-4.249,-1.666,1.083,15,2.978,247,0,0,
964,1776032186.6317058,0.1244,6659,53544,0.783102,-4.027,-1.965,1.093,15,2.966,247,0,0,
965,1776032188.6488075,0.1244,6660,53544,0.785649,-4.123,-2.027,1.125,15,3.08,247,0,1,
966,1776032190.6640341,0.1244,6660,53544,0.826758,-3.961,-1.809,1.124,15,2.819,247,0,0,
967,1776032192.6798859,0.1244,6660,53544,0.817196,-3.955,-1.405,1.108,15,2.593,247,0,0,
968,1776032194.6945171,0.1244,6660,53544,0.817196,-3.94,-1.273,1.166,15,2.517,247,0,0,
969,1776032196.71681,0.1244,6660,53544,0.817196,-3.626,-1.361,1.199,15,2.288,247,0,0,
970,1776032198.7332802,0.1244,6660,53544,0.817196,-3.595,-1.575,1.221,15,2.386,247,0,0,
971,1776032200.758144,0.1244,6660,53544,0.822752,-3.605,-1.785,1.194,15,2.527,247,0,0,
972,1776032202.7864816,0.1252,6704,53544,0.829403,-3.537,-2.001,1.226,15,2.626,247,0,44,
973,1776032204.8101354,0.1252,6704,53544,0.840916,-3.634,-1.823,1.207,15,2.573,247,0,0,
974,1776032206.828693,0.1252,6704,53544,0.848804,-3.774,-2.107,1.231,15,2.869,247,0,0,
975,1776032208.847241,0.1252,6704,53544,0.871592,-4.152,-2.255,1.254,15,3.248,247,0,0,
976,1776032210.8666165,0.1252,6704,53544,0.879115,-4.277,-2.187,1.24,15,3.301,247,0,0,
977,1776032212.8818407,0.1252,6704,53544,0.809068,-4.269,-1.733,1.19,15,3.031,247,0,0,
978,1776032214.8995883,0.1253,6708,53544,0.819889,-4.553,-1.316,1.177,15,3.092,247,0,4,
979,1776032216.9194982,0.1253,6708,53544,0.825319,-4.468,-1.125,1.211,15,2.943,247,0,0,
980,1776032218.955901,0.1253,6708,53544,0.828933,-4.592,-0.825,1.217,15,2.975,247,0,0,
981,1776032220.9716861,0.1253,6708,53544,0.833742,-4.47,-0.596,1.166,15,2.81,247,0,0,
982,1776032222.98585,0.1257,6730,53544,0.838574,-4.319,-0.469,1.141,16,2.642,247,0,22,
983,1776032225.00275,0.1262,6755,53544,0.841181,-4.24,-0.379,1.13,17,2.553,247,0,25,
984,1776032227.019975,0.1269,6797,53544,0.84686,-4.156,-0.065,1.117,16,2.457,247,0,42,
985,1776032229.042018,0.1279,6849,53544,0.852215,-3.922,-0.04,1.115,14,2.249,247,0,52,
986,1776032231.0652575,0.1282,6867,53544,0.854956,-3.776,-0.404,1.099,14,2.12,247,0,18,
987,1776032233.0845256,0.1288,6894,53544,0.862107,-3.767,-0.307,1.121,15,2.101,247,0,27,
988,1776032235.1063557,0.1288,6896,53544,0.866782,-3.816,-0.341,1.118,15,2.152,247,0,2,
989,1776032237.135364,0.1289,6901,53544,1.0628,-3.431,-0.436,1.159,15,1.775,247,0,5,
990,1776032239.1505423,0.129,6907,53544,1.0628,-3.331,-0.262,1.143,16,1.662,247,0,6,
991,1776032241.1725416,0.1291,6915,53544,1.19489,-3.492,-0.085,1.129,16,1.818,247,0,8,
992,1776032243.1922493,0.1295,6936,53544,1.220763,-3.556,0.057,1.119,15,2.548,247,0,21,
993,1776032245.2124877,0.1295,6936,53544,1.222461,-3.274,0.466,1.147,15,2.514,247,0,0,
994,1776032247.2320752,0.1319,7064,53544,1.228235,-3.186,0.308,1.181,16,1.638,247,0,128,
995,1776032249.2523246,0.1319,7064,53544,1.230985,-3.29,0.29,1.163,16,1.72,247,0,0,
996,1776032251.2739465,0.1319,7064,53544,1.237067,-3.58,0.248,1.17,16,1.963,247,0,0,
997,1776032253.2883596,0.1319,7064,53544,1.240384,-3.551,0.157,1.21,16,1.903,247,0,0,
998,1776032255.3029995,0.1319,7064,53544,1.24273,-3.322,0.218,1.21,16,1.716,247,0,0,
999,1776032257.3157127,0.1319,7064,53544,1.245643,-3.318,0.037,1.23,16,1.642,247,0,0,
1000,1776032259.3306613,0.1319,7064,53544,1.250564,-3.504,0.227,1.238,16,1.886,247,0,0,
1001,1776032261.3629751,0.1317,7054,53544,1.250564,-3.661,0.465,1.235,16,2.107,247,0,0,
1002,1776032263.379992,0.1317,7054,53544,1.252886,-3.821,0.542,1.204,16,2.285,247,0,0,
1003,1776032265.3962617,0.1317,7054,53544,1.257122,-4.053,0.269,1.21,16,2.396,247,0,0,
1004,1776032267.4089978,0.1317,7054,53544,1.258718,-3.944,0.195,1.197,16,2.27,247,0,0,
1005,1776032269.427704,0.1317,7054,53544,1.2614,-4.073,0.018,1.15,16,2.35,247,0,0,
1006,1776032271.449751,0.1317,7050,53544,1.117555,-4.289,-0.119,1.091,15,3.171,247,0,0,
1007,1776032273.4687543,0.1317,7050,53544,1.119574,-4.431,-0.272,1.031,15,3.269,247,0,0,
1008,1776032275.4804077,0.1317,7050,53544,1.121387,-4.206,-0.373,0.966,15,3.027,247,0,0,
1009,1776032279.508729,0.1317,7050,53544,1.122285,-4.242,-0.378,0.978,15,3.061,247,0,0,
1010,1776032283.531585,0.1317,7050,53544,1.123432,-4.054,-0.094,0.937,15,2.954,247,0,0,
1011,1776032287.5559514,0.1317,7050,53544,1.124572,-3.865,0.096,0.896,15,2.845,247,0,0,
1012,1776032291.5859935,0.1317,7050,53544,1.125253,-3.745,0.205,0.886,15,2.782,247,0,0,
1013,1776032295.6109529,0.1317,7050,53544,1.125691,-3.525,0.15,0.926,15,2.56,247,0,0,
1014,1776032299.6477978,0.1317,7050,53544,1.398195,-3.613,0.465,0.94,15,2.794,247,0,0,
1015,1776032303.6748657,0.1317,7050,53544,1.398443,-3.48,0.505,0.899,15,2.704,247,0,0,
1016,1776032307.7052362,0.1317,7050,53544,1.399234,-3.505,0.493,0.974,15,2.718,247,0,0,
1017,1776032311.7242932,0.1317,7050,53544,1.400753,-3.462,0.521,0.976,15,2.699,247,0,0,
1018,1776032315.7504058,0.1317,7050,53544,1.402513,-3.655,0.493,0.974,15,2.844,247,0,0,
1019,1776032318.5729792,0.1317,7050,53544,1.405362,-3.568,0.355,0.948,15,2.698,247,0,0,
1020,1776032322.2000098,0.1317,7050,53544,1.383473,-3.726,0.241,0.95,15,2.781,247,0,0,
1021,1776032326.233306,0.1317,7050,53544,1.383473,-3.775,0.252,0.838,15,2.829,247,0,0,
1022,1776032330.2566,0.1317,7050,53544,1.385426,-3.252,0.302,0.848,15,2.402,248,0,0,
1023,1776032334.2821178,0.1317,7050,53544,1.452215,-3.302,0.309,1.016,15,2.447,249,0,0,
1024,1776032336.3000593,0.1316,7048,53544,1.453116,-3.093,0.22,1.101,14,2.521,249,0,0,
1025,1776032338.3253164,0.1316,7048,53544,1.454327,-3.227,0.029,1.138,14,2.555,249,0,0,
1026,1776032340.3436222,0.1316,7048,53544,0.1851,-3.423,0.021,1.139,14,2.731,249,0,0,
1027,1776032342.3650527,0.127,6990,55020,0.1851,-3.114,-0.083,1.124,21,1.415,250,0,0,
1028,1776032344.3869498,0.127,6990,55020,0.159638,-2.963,-0.219,1.176,21,1.267,250,0,0,
1029,1776032346.407284,0.127,6990,55020,0.158837,-3.248,-0.247,1.147,21,1.553,251,0,0,
1030,1776032348.4339054,0.127,6990,55020,0.182546,-3.389,-0.268,1.132,21,1.695,252,0,0,
1031,1776032350.4518595,0.131,7157,54627,0.182546,-3.632,-0.276,1.193,23,1.938,252,0,167,
1032,1776032352.4660044,0.131,7157,54627,0.195249,-3.532,-0.24,1.114,23,1.836,252,0,0,
1033,1776032354.4786985,0.1308,7216,55160,0.191619,-3.189,-0.478,1.168,21,1.531,253,0,59,
1034,1776032356.4983816,0.1308,7216,55160,0.18183,-2.768,-0.52,1.17,21,1.139,253,0,0,
1035,1776032358.5247264,0.1308,7216,55160,0.148489,-2.778,-0.767,1.172,21,1.255,253,0,0,
1036,1776032360.5459316,0.1308,7216,55160,0.163095,-3.021,-0.676,1.142,21,1.431,253,0,0,
1037,1776032362.5656118,0.1308,7216,55160,0.175933,-2.938,-1.06,1.148,21,1.551,253,0,0,
1038,1776032364.5899098,0.131,7224,55160,0.182851,-2.799,-1.277,1.157,21,1.592,253,0,8,
1039,1776032366.6054683,0.1311,7233,55160,0.188731,-2.926,-1.363,1.182,21,1.742,253,0,9,
1040,1776032368.6242352,0.1311,7233,55160,0.188731,-2.823,-1.447,1.166,21,1.734,253,0,0,
1041,1776032370.6418164,0.1311,7233,55160,0.192918,-2.75,-1.572,1.215,21,1.788,253,0,0,
1042,1776032372.6602545,0.1311,7233,55160,0.200266,-2.605,-1.437,1.198,21,1.594,253,0,0,
1043,1776032374.6778672,0.1311,7233,55160,0.200266,-2.567,-1.235,1.205,21,1.409,253,0,0,
1044,1776032376.6921585,0.1318,7268,55160,0.210826,-2.351,-1.461,1.181,21,1.486,253,0,35,
1045,1776032378.7158232,0.1318,7270,55160,0.214504,-2.242,-1.273,1.186,21,1.269,253,0,2,
1046,1776032380.7335854,0.132,7279,55160,0.220655,-2.01,-1.573,1.269,21,1.453,253,0,9,
1047,1776032382.754478,0.1321,7286,55160,0.225225,-1.903,-1.57,1.222,21,1.412,253,0,7,
1048,1776032384.774155,0.1323,7295,55160,0.233948,-2.042,-1.482,1.193,21,1.384,253,0,9,
1049,1776032386.7895577,0.1323,7295,55160,0.239386,-2.407,-1.575,1.178,21,1.613,253,0,0,
1050,1776032388.8037474,0.1323,7295,55160,0.24593,-2.647,-1.619,1.185,21,1.769,253,0,0,
1051,1776032390.8235917,0.1323,7297,55160,0.228995,-2.767,-1.411,1.188,21,1.671,254,0,2,
1052,1776032392.8436186,0.1324,7305,55160,0.220507,-2.986,-0.985,1.145,21,1.547,255,0,8,
1053,1776032394.857972,0.1328,7326,55160,0.209283,-2.8,-0.741,1.168,21,1.26,255,0,21,
1054,1776032396.8738549,0.1328,7327,55160,0.214825,-2.612,-0.312,1.133,21,0.931,255,0,1,
1055,1776032398.8879488,0.1329,7331,55160,0.224812,-2.478,-0.338,1.133,21,0.807,255,0,4,
1056,1776032400.9130752,0.1329,7332,55160,0.231278,-2.188,-0.376,1.096,21,0.549,255,0,1,
1057,1776032402.9449818,0.133,7335,55160,0.241212,-2.224,-0.637,1.144,20,0.733,255,0,3,
1058,1776032404.9651027,0.133,7335,55160,0.247345,-2.728,-0.716,1.135,20,1.186,255,0,0,
1059,1776032406.9927351,0.133,7336,55160,0.21434,-2.888,-0.79,1.136,20,1.361,255,0,1,
1060,1776032409.0052252,0.1337,7374,55160,0.21434,-3.11,-0.877,1.101,20,1.598,255,0,38,
1061,1776032411.0213964,0.1338,7382,55160,0.249375,-3.224,-0.982,1.082,20,1.749,255,0,8,
1062,1776032413.0414088,0.1338,7382,55160,0.249375,-3.326,-1.016,1.099,20,1.854,255,0,0,
1063,1776032415.0632265,0.134,7389,55160,0.252801,-3.149,-1.15,1.165,20,1.774,255,0,7,
1064,1776032417.078714,0.134,7389,55160,0.253361,-3.077,-1.381,1.068,20,1.864,255,0,0,
1065,1776032419.0936332,0.134,7389,55160,0.251481,-3.084,-1.471,1.1,20,1.931,255,0,0,
1066,1776032421.114435,0.134,7389,55160,0.253299,-3.107,-1.808,1.076,20,2.193,255,0,0,
1067,1776032423.1331418,0.134,7389,55160,0.243114,-3.526,-1.804,1.116,20,2.481,255,0,0,
1068,1776032425.1501684,0.1346,7478,55554,0.246716,-3.295,-1.704,1.086,21,2.244,255,0,89,
1069,1776032427.1647966,0.1346,7478,55554,0.251567,-3.136,-1.967,1.059,21,2.336,255,0,0,
1070,1776032429.1816232,0.1346,7478,55554,0.255572,-3.137,-1.644,1.087,21,2.091,255,0,0,
1071,1776032431.1985009,0.1346,7478,55554,0.257089,-3.377,-1.421,1.066,21,2.119,255,0,0,
1072,1776032433.216643,0.1346,7478,55554,0.266827,-3.463,-1.118,1.081,21,2.023,255,0,0,
1073,1776032435.2316983,0.1346,7478,55554,0.253516,-3.288,-1.554,1.073,21,2.136,255,0,0,
1074,1776032437.2535565,0.1345,7474,55554,0.25692,-3.582,-1.731,1.029,21,2.474,255,0,0,
1075,1776032439.265451,0.1345,7474,55554,0.296518,-3.7,-1.657,1.07,21,2.519,255,0,0,
1076,1776032441.2799819,0.1346,7479,55554,0.309972,-3.722,-1.495,1.012,21,2.442,255,0,5,
1077,1776032443.2954018,0.1346,7479,55554,0.323182,-3.737,-1.113,1.038,21,2.264,255,0,0,
1078,1776032445.315229,0.1346,7479,55554,0.331668,-3.468,-0.846,1.027,21,1.91,255,0,0,
1079,1776032447.3399966,0.1346,7479,55554,0.339255,-3.475,-0.959,1.042,21,1.961,255,0,0,
1080,1776032449.3574567,0.1346,7479,55554,0.247028,-3.45,-1.019,0.999,21,1.965,255,0,0,
1081,1776032453.3900325,0.1352,7509,55554,0.255566,-3.141,-0.951,0.938,21,1.661,255,0,30,
1082,1776032457.4149697,0.1352,7511,55554,0.262703,-2.991,-1.174,0.924,21,1.663,255,0,2,
1083,1776032461.443347,0.1352,7512,55554,0.269022,-3.2,-1.044,0.85,21,1.759,255,0,1,
1084,1776032465.4645622,0.1352,7513,55554,0.278672,-3.509,-0.817,0.935,21,1.936,255,0,1,
1085,1776032469.4903436,0.1353,7514,55554,0.283517,-3.416,-1.041,0.989,21,1.945,255,0,1,
1086,1776032472.7171574,0.1355,7530,55554,0.258208,-3.265,-1.223,1.015,21,1.912,255,0,16,
1087,1776032474.7416723,0.1355,7530,55554,0.258208,-3.165,-1.206,1.016,21,1.82,255,0,0,
1088,1776032476.7585764,0.1355,7530,55554,0.245692,-3.022,-1.317,1.044,21,1.78,255,0,0,
1089,1776032478.7768915,0.1355,7530,55554,0.240795,-2.739,-1.457,1.075,21,1.69,256,0,0,
1090,1776032480.7972457,0.1355,7530,55554,0.243095,-2.725,-1.8,1.061,21,1.963,256,0,0,
1091,1776032482.8274355,0.1353,7514,55554,0.248468,-2.867,-1.45,0.977,21,1.766,256,0,0,
1092,1776032485.651367,0.1353,7514,55554,0.246295,-2.939,-1.27,1.078,21,1.687,256,0,0,
1093,1776032487.6719615,0.1353,7514,55554,0.231001,-2.871,-1.178,1.143,21,1.575,256,0,0,
1094,1776032489.695318,0.1353,7514,55554,0.222359,-2.89,-0.918,1.075,21,1.43,256,0,0,
1095,1776032491.710723,0.1353,7514,55554,0.22866,-2.876,-1.206,1.102,21,1.597,256,0,0,
1096,1776032493.7401414,0.1353,7514,55554,0.203801,-2.998,-1.416,1.134,21,1.831,256,0,0,
1097,1776032495.7550073,0.1355,7580,55948,0.231071,-3.023,-1.336,1.14,21,1.793,256,0,66,
1098,1776032497.7741437,0.1355,7580,55948,0.23823,-2.746,-1.195,1.17,21,1.496,256,0,0,
1099,1776032499.8006227,0.1355,7580,55948,0.208822,-2.91,-1.29,1.136,21,1.679,256,0,0,
1100,1776032501.8201935,0.1355,7525,55554,0.211213,-2.896,-1.636,1.194,21,1.927,256,0,0,
1101,1776032503.8441994,0.1361,7613,55948,0.211213,-3.152,-1.889,1.191,21,2.285,256,0,88,
1102,1776032505.871744,0.1361,7616,55948,0.274124,-3.395,-1.835,1.155,21,2.408,256,0,3,
1103,1776032507.8862638,0.1362,7619,55948,0.28578,-3.334,-2.107,1.172,20,2.569,256,0,3,
1104,1776032509.9075654,0.1362,7622,55948,0.294203,-3.365,-1.912,1.188,20,2.443,256,0,3,
1105,1776032511.9250252,0.1362,7622,55948,0.308498,-3.435,-1.967,1.087,20,2.531,256,0,0,
1106,1776032513.9512928,0.1357,7591,55948,0.308498,-3.604,-1.969,1.09,20,2.651,256,0,0,
1107,1776032515.9754684,0.1357,7591,55948,0.311892,-3.813,-1.798,1.087,20,2.695,256,0,0,
1108,1776032518.0009995,0.136,7608,55948,0.317034,-3.839,-1.774,1.061,21,2.701,256,0,17,
1109,1776032520.0154984,0.136,7608,55948,0.317034,-4.224,-2.0,1.11,21,3.144,256,0,0,
1110,1776032522.0374498,0.1363,7623,55948,0.354445,-4.444,-1.942,1.103,21,3.291,256,0,15,
1111,1776032524.0555243,0.1363,7623,55948,0.407989,-4.283,-2.074,1.062,21,3.236,256,0,0,
1112,1776032526.0775158,0.1363,7623,55948,0.40166,-4.241,-2.149,1.056,21,3.249,256,0,0,
1113,1776032528.0915596,0.1363,7623,55948,0.414597,-4.314,-2.095,1.064,21,3.273,256,0,0,
1114,1776032530.1056566,0.1363,7623,55948,0.429741,-4.31,-2.012,1.069,21,3.221,256,0,0,
1115,1776032532.127499,0.1363,7623,55948,0.429741,-4.533,-2.144,1.057,21,3.479,256,0,0,
1116,1776032534.1405509,0.1363,7623,55948,0.450299,-4.381,-2.416,1.023,21,3.526,256,0,0,
1117,1776032536.1603217,0.1363,7624,55948,0.473055,-4.63,-2.643,1.026,21,3.864,256,0,1,
1118,1776032538.1765869,0.1363,7627,55948,0.483791,-4.66,-2.238,1.007,21,3.637,256,0,3,
1119,1776032540.1957128,0.1363,7627,55948,0.491437,-4.811,-2.351,1.017,21,3.825,256,0,0,
1120,1776032542.2217462,0.1366,7640,55948,0.491437,-4.712,-2.592,1.047,21,3.893,256,0,13,
1121,1776032544.2483275,0.1366,7640,55948,0.495672,-4.614,-2.672,1.036,21,3.871,256,0,0,
1122,1776032546.2627351,0.1366,7640,55948,0.527408,-4.508,-2.791,0.991,21,3.872,256,0,0,
1123,1776032548.8863602,0.1366,7640,55948,0.553653,-4.37,-2.932,1.04,21,3.874,256,0,0,
1124,1776032550.9301474,0.1366,7640,55948,0.548441,-4.328,-3.309,1.091,21,4.129,256,0,0,
1125,1776032552.954166,0.1366,7640,55948,0.553312,-4.164,-3.442,1.102,21,4.132,256,0,0,
1126,1776032554.978182,0.1366,7640,55948,0.61774,-3.84,-3.364,1.077,21,3.882,256,0,0,
1127,1776032556.999846,0.1366,7640,55948,0.623338,-3.616,-3.546,1.072,21,3.921,256,0,0,
1128,1776032559.0138783,0.1375,7692,55948,0.629928,-3.82,-3.551,1.083,20,4.028,256,0,52,
1129,1776032561.0351286,0.1375,7695,55948,0.632881,-4.19,-3.354,1.117,20,4.077,256,0,3,
1130,1776032563.0495918,0.1375,7695,55948,0.643137,-4.388,-3.414,1.117,20,4.248,256,0,0,
1131,1776032565.0631866,0.1376,7701,55948,0.646198,-4.306,-2.947,1.156,20,3.841,256,0,6,
1132,1776032567.087665,0.1376,7701,55948,0.516202,-4.145,-2.871,1.178,20,3.676,257,0,0,
1133,1776032569.1082819,0.1376,7701,55948,0.514352,-4.087,-2.861,1.158,20,3.631,257,0,0,
1134,1776032571.1324408,0.1376,7701,55948,0.513008,-4.097,-2.649,1.219,20,3.481,257,0,0,
1135,1776032573.1562479,0.1376,7701,55948,0.464096,-4.007,-2.404,1.194,20,3.243,258,0,0,
1136,1776032575.1758926,0.1376,7701,55948,0.431868,-3.824,-2.267,1.197,20,3.017,258,0,0,
1137,1776032577.1965263,0.1409,7992,56736,0.431868,-3.737,-2.078,1.157,20,2.822,258,0,291,
1138,1776032579.2245898,0.1409,7992,56736,0.358922,-3.715,-2.035,1.2,20,2.777,258,0,0,
1139,1776032581.2473633,0.1406,8030,57130,0.318922,-3.602,-2.214,1.18,20,2.825,258,0,38,
1140,1776032583.265246,0.1406,8030,57130,0.318922,-3.636,-2.106,1.236,20,2.77,258,0,0,
1141,1776032585.2975261,0.141,7721,54740,0.293125,-3.518,-2.144,1.24,17,3.473,258,0,0,
1142,1776032587.3184614,0.1382,7618,55131,0.293125,-3.255,-2.409,1.187,16,3.357,259,0,0,
1143,1776032589.3361223,0.1382,7620,55131,0.310686,-3.351,-2.543,1.23,16,3.507,259,0,2,
1144,1776032591.353562,0.1382,7621,55131,0.310686,-3.647,-2.269,1.209,16,3.641,259,0,1,
1145,1776032593.3691287,0.1382,7621,55131,0.302333,-3.725,-2.334,1.188,16,3.739,259,0,0,
1146,1776032595.383305,0.1391,7671,55131,0.302333,-4.084,-2.312,1.204,17,4.058,259,0,50,
1147,1776032597.4005876,0.1391,7671,55131,0.34226,-4.092,-2.156,1.157,17,4.008,259,0,0,
1148,1776032599.428438,0.139,7682,55272,0.344774,-4.05,-2.274,1.195,17,4.23,259,0,11,
1149,1776032601.4413216,0.139,7682,55272,0.344774,-4.114,-2.193,1.174,17,4.265,259,0,0,
1150,1776032603.4586852,0.139,7682,55272,0.335728,-4.29,-2.13,1.209,17,4.414,259,0,0,
1151,1776032605.4832106,0.139,7685,55272,0.335728,-4.661,-2.011,1.237,17,4.735,259,0,3,
1152,1776032607.4985373,0.139,7685,55272,0.369999,-4.459,-2.041,1.224,17,4.552,259,0,0,
1153,1776032609.517518,0.138,7684,55664,0.35055,-4.2,-2.085,1.266,15,4.453,260,0,0,
1154,1776032611.5335243,0.137,7625,55664,0.35055,-4.021,-2.096,1.27,16,4.271,261,0,0,
1155,1776032613.5528238,0.137,7625,55664,0.326189,-3.763,-1.909,1.335,16,3.966,262,0,0,
1156,1776032615.575566,0.137,7625,55664,0.30392,-3.867,-1.746,1.337,16,4.019,262,0,0,
1157,1776032617.5982075,0.1369,7621,55664,0.30392,-3.794,-1.821,1.34,16,3.983,263,0,0,
1158,1776032619.6166358,0.1369,7621,55664,0.286388,-3.627,-1.934,1.342,16,3.86,263,0,0,
1159,1776032621.6360133,0.1366,7603,55664,0.286388,-3.775,-2.267,1.37,16,4.102,263,0,0,
1160,1776032623.6526763,0.1366,7603,55664,0.332516,-3.58,-2.279,1.303,16,3.927,263,0,0,
1161,1776032625.6777587,0.1365,7597,55664,0.318889,-3.652,-2.179,1.312,16,3.955,264,0,0,
1162,1776032627.691755,0.1365,7597,55664,0.328199,-3.637,-2.191,1.358,16,3.945,264,0,0,
1163,1776032629.7147846,0.1365,7597,55664,0.33161,-3.637,-2.476,1.345,16,4.063,264,0,0,
1164,1776032631.7317073,0.1368,7617,55664,0.33161,-3.686,-2.54,1.308,16,4.135,264,0,20,
1165,1776032633.7531586,0.137,7626,55664,0.371215,-3.542,-2.353,1.261,16,3.924,264,0,9,
1166,1776032635.7698286,0.137,7626,55664,0.381715,-3.36,-2.161,1.311,16,3.68,264,0,0,
1167,1776032637.789397,0.137,7626,55664,0.391524,-3.42,-2.044,1.304,16,3.689,264,0,0,
1168,1776032639.8117988,0.137,7626,55664,0.297614,-3.248,-2.25,1.289,16,3.615,264,0,0,
1169,1776032641.8252473,0.1371,7634,55664,0.305126,-3.207,-2.276,1.283,17,3.559,264,0,8,
1170,1776032643.846186,0.1371,7634,55664,0.309253,-3.1,-2.331,1.249,17,3.501,264,0,0,
1171,1776032645.8673403,0.1371,7634,55664,0.309253,-3.049,-2.486,1.23,17,3.553,264,0,0,
1172,1776032647.881863,0.1371,7634,55664,0.327616,-2.933,-2.379,1.223,17,3.396,264,0,0,
1173,1776032649.8972101,0.1371,7634,55664,0.315681,-2.927,-2.367,1.224,17,3.384,264,0,0,
1174,1776032651.9112453,0.1372,7635,55664,0.315681,-3.089,-2.182,1.226,17,3.409,264,0,1,
1175,1776032653.937009,0.1372,7635,55664,0.300638,-3.122,-2.289,1.192,17,3.495,264,0,0,
1176,1776032655.953134,0.1372,7635,55664,0.313244,-3.361,-2.491,1.249,17,3.808,264,0,0,
1177,1776032657.977486,0.1372,7635,55664,0.332599,-3.373,-2.692,1.207,17,3.935,265,0,0,
1178,1776032660.0008032,0.1372,7635,55664,0.359344,-3.08,-2.825,1.231,17,3.775,265,0,0,
1179,1776032662.022089,0.1372,7635,55664,0.360378,-2.923,-2.663,1.2,17,3.554,265,0,0,
1180,1776032664.0374491,0.1372,7635,55664,0.334573,-3.015,-2.55,1.27,17,3.566,266,0,0,
1181,1776032666.052625,0.1372,7635,55664,0.326788,-3.131,-2.402,1.236,17,3.568,267,0,0,
1182,1776032668.077266,0.1372,7635,55664,0.319455,-2.878,-2.5,1.228,17,3.427,267,0,0,
1183,1776032670.1010103,0.1372,7639,55664,0.319455,-2.645,-2.28,1.226,17,3.109,267,0,4,
1184,1776032672.1201746,0.1372,7639,55664,0.299663,-2.617,-2.531,1.258,17,3.227,267,0,0,
1185,1776032674.1389873,0.1372,7638,55664,0.299663,-2.397,-2.85,1.246,17,3.255,268,0,0,
1186,1776032676.1551268,0.1372,7638,55664,0.352472,-2.194,-2.827,1.244,17,3.091,269,0,0,
1187,1776032678.1802266,0.1372,7638,55664,0.346413,-2.092,-2.957,1.249,17,3.113,270,0,0,
1188,1776032680.202173,0.1372,7638,55664,0.351727,-2.05,-2.998,1.226,17,3.115,270,0,0,
1189,1776032682.2219536,0.1436,7995,55664,0.351727,-2.228,-2.739,1.188,17,3.055,270,0,357,
1190,1776032684.2405612,0.1436,7995,55664,0.328771,-2.454,-2.87,1.18,17,3.311,270,0,0,
1191,1776032686.2582548,0.1436,7994,55664,0.3501,-2.562,-2.702,1.13,17,3.285,270,0,0,
1192,1776032688.2737358,0.1437,7999,55664,0.328894,-2.585,-2.751,1.153,17,3.334,271,0,5,
1193,1776032690.29055,0.1437,8000,55664,0.339394,-2.921,-2.868,1.134,17,3.672,271,0,1,
1194,1776032692.3116727,0.1437,8001,55664,0.342373,-2.994,-2.845,1.094,17,3.717,271,0,1,
1195,1776032694.331572,0.144,8016,55664,0.349029,-2.967,-2.68,1.121,17,3.6,271,0,15,
1196,1776032696.3477452,0.144,8016,55664,0.35913,-2.747,-2.52,1.12,17,3.328,271,0,0,
1197,1776032698.366122,0.1442,8026,55664,0.35913,-2.688,-2.596,1.107,17,3.323,271,0,10,
1198,1776032700.3815956,0.1443,8030,55664,0.325689,-2.429,-2.448,1.045,17,3.026,271,0,4,
1199,1776032702.4024725,0.1443,8030,55664,0.33136,-2.346,-2.642,1.054,17,3.08,271,0,0,
1200,1776032704.4305124,0.1443,8032,55664,0.338853,-2.547,-2.947,1.002,17,3.431,271,0,2,
1201,1776032706.4488964,0.1443,8034,55664,0.342791,-2.304,-2.871,1.001,17,3.201,271,0,2,
1202,1776032708.4623017,0.1444,8036,55664,0.352892,-2.307,-2.525,1.011,17,2.976,271,0,2,
1203,1776032710.4778905,0.1444,8036,55664,0.358348,-2.427,-2.379,0.997,17,2.985,271,0,0,
1204,1776032714.5040522,0.1444,8036,55664,0.367743,-2.278,-2.449,0.939,17,2.906,271,0,0,
1205,1776032718.5268998,0.1444,8036,55664,0.377783,-2.066,-2.953,0.97,17,3.092,271,0,0,
1206,1776032722.551443,0.1444,8036,55664,0.384618,-1.915,-2.654,0.91,17,2.771,271,0,0,
1207,1776032726.5786994,0.1444,8038,55664,0.388013,-1.8,-2.659,0.945,17,2.696,271,0,2,
1208,1776032730.202958,0.1444,8040,55664,0.397867,-1.897,-2.688,1.101,17,2.784,271,0,2,
1209,1776032732.2247076,0.1444,8040,55664,0.398592,-1.92,-2.729,1.233,17,2.829,271,0,0,
1210,1776032734.2404907,0.1444,8040,55664,0.400834,-1.901,-2.677,1.311,17,2.778,271,0,0,
1211,1776032736.2630785,0.1444,8040,55664,0.403318,-1.878,-2.682,1.417,17,2.766,271,0,0,
1212,1776032739.4898667,0.1444,8040,55664,0.407037,-1.818,-2.66,1.42,17,2.709,271,0,0,
1213,1776032743.5116446,0.1444,8040,55664,0.410983,-1.916,-2.683,1.563,17,2.792,271,0,0,
1214,1776032747.5424526,0.1444,8040,55664,0.415401,-1.925,-2.671,1.679,17,2.791,271,0,0,
1215,1776032751.5681207,0.1444,8040,55664,0.419448,-1.882,-2.604,1.471,17,2.713,271,0,0,
1216,1776032754.3886278,0.1444,8040,55664,0.421096,-1.823,-2.624,1.244,17,2.686,271,0,0,
1217,1776032756.4055023,0.1444,8040,55664,0.423807,-1.823,-2.664,1.097,17,2.715,271,0,0,
1218,1776032758.4245548,0.1444,8040,55664,0.424778,-1.867,-2.691,1.023,17,2.766,271,0,0,
1219,1776032760.4489636,0.1444,8040,55664,0.426983,-1.877,-2.722,0.95,17,2.794,271,0,0,
1220,1776032764.467059,0.1444,8040,55664,0.430177,-1.843,-2.685,0.834,17,2.744,271,0,0,
1221,1776032768.4878404,0.1444,8040,55664,0.432613,-1.842,-2.749,0.828,17,2.791,271,0,0,
1222,1776032772.5072966,0.1444,8040,55664,0.435671,-1.86,-2.699,0.85,17,2.766,271,0,0,
1223,1776032776.536085,0.145,8069,55664,0.447055,-1.978,-2.672,1.007,17,2.829,271,0,29,
1224,1776032778.5645962,0.145,8072,55664,0.461364,-1.862,-2.725,0.931,17,2.786,271,0,3,
1225,1776032782.5898664,0.145,8072,55664,0.474605,-1.875,-2.724,0.93,17,2.795,271,0,0,
1226,1776032786.61952,0.145,8072,55664,0.488084,-1.891,-2.714,0.836,17,2.799,271,0,0,
1227,1776032790.6400707,0.145,8072,55664,0.501935,-1.92,-2.678,0.819,17,2.793,271,0,0,
1228,1776032794.6648502,0.145,8072,55664,0.515692,-1.891,-2.692,0.819,17,2.782,271,0,0,
1229,1776032798.683834,0.145,8072,55664,0.530546,-1.867,-2.754,0.92,17,2.811,271,0,0,
1230,1776032802.7060697,0.145,8072,55664,0.541479,-1.924,-2.338,0.907,17,2.562,271,0,0,
1231,1776032805.3213735,0.145,8072,55664,0.546505,-1.142,-1.892,0.634,17,1.686,271,0,0,
1232,1776032809.3394525,0.145,8072,55664,0.546505,-1.316,-1.92,0.947,17,1.829,271,0,0,
1233,1776032813.1555243,0.145,8072,55664,0.546505,-1.312,-2.466,1.139,17,2.237,271,0,0,
1234,1776032815.172089,0.145,8072,55664,0.546505,-1.175,-2.56,1.105,17,2.236,271,0,0,
1235,1776032817.1841555,0.145,8072,55664,0.546505,-1.413,-2.629,1.165,17,2.428,271,0,0,
1236,1776032819.2048726,0.145,8072,55664,0.546505,-1.41,-2.689,1.215,17,2.474,271,0,0,
1237,1776032821.2232842,0.145,8072,55664,0.546505,-1.348,-2.685,1.189,17,2.435,271,0,0,
1238,1776032823.2471337,0.145,8072,55664,0.546505,-1.367,-2.679,1.174,17,2.441,271,0,0,
1239,1776032825.265994,0.145,8072,55664,0.546505,-1.419,-2.688,1.201,17,2.479,271,0,0,
1240,1776032827.2893143,0.145,8072,55664,0.546505,-1.383,-2.667,1.162,17,2.441,271,0,0,
1241,1776032829.3074448,0.145,8072,55664,0.546505,-1.328,-2.656,1.235,17,2.401,271,0,0,
1242,1776032831.3292146,0.145,8072,55664,0.546505,-1.289,-2.692,1.189,17,2.409,271,0,0,
1243,1776032833.3529396,0.145,8072,55664,0.546505,-1.15,-2.661,1.21,17,2.31,271,0,0,
1244,1776032835.377589,0.145,8072,55664,0.546505,-1.13,-2.704,1.21,17,2.337,271,0,0,
1245,1776032837.3995616,0.145,8072,55664,0.546505,-1.073,-2.721,1.266,17,2.325,271,0,0,
1246,1776032839.4230072,0.145,8072,55664,0.546505,-1.086,-2.732,1.179,17,2.34,271,0,0,
1247,1776032841.4430342,0.145,8072,55664,0.546505,-1.018,-2.753,1.319,17,2.328,271,0,0,
1248,1776032843.4741359,0.145,8072,55664,0.546505,-1.041,-2.78,1.323,17,2.363,271,0,0,
1249,1776032845.4886925,0.145,8072,55664,0.546505,-1.372,-2.508,1.303,17,2.306,271,0,0,
1250,1776032847.5011654,0.145,8072,55664,0.546505,-1.559,-2.427,1.318,17,2.362,271,0,0,
1251,1776032849.5126188,0.145,8072,55664,0.546505,-1.609,-2.333,1.308,17,2.328,271,0,0,
1252,1776032851.5272706,0.145,8072,55664,0.546505,-1.322,-2.706,1.274,17,2.439,271,0,0,
1253,1776032853.5416498,0.145,8072,55664,0.546505,-1.184,-2.449,1.286,17,2.148,271,0,0,
1254,1776032855.5620165,0.145,8072,55664,0.546505,-0.864,-2.727,1.318,17,2.239,271,0,0,
1255,1776032857.5744011,0.145,8072,55664,0.546505,-0.75,-2.509,1.349,17,1.994,271,0,0,
1256,1776032859.5884044,0.145,8072,55664,0.546505,-0.889,-2.408,1.341,17,1.962,271,0,0,
1257,1776032861.601556,0.145,8072,55664,0.546505,-1.068,-2.762,1.336,17,2.359,271,0,0,
1258,1776032863.6153817,0.145,8072,55664,0.546505,-1.246,-2.71,1.276,17,2.401,271,0,0,
1259,1776032865.6279895,0.145,8072,55664,0.546505,-1.352,-2.845,1.271,17,2.572,271,0,0,
1260,1776032867.6387308,0.145,8072,55664,0.546505,-1.461,-2.699,1.247,17,2.512,271,0,0,
1261,1776032869.6550984,0.145,8072,55664,0.546505,-1.002,-2.612,1.183,17,2.194,271,0,0,
1262,1776032871.6710613,0.145,8072,55664,0.546505,-1.315,-2.665,1.206,17,2.4,271,0,0,
1263,1776032873.688433,0.145,8072,55664,0.546505,-0.958,-2.576,1.189,17,2.143,271,0,0,
1264,1776032875.7057192,0.145,8072,55664,0.546505,-0.774,-2.76,1.134,17,2.236,271,0,0,
1265,1776032877.7292945,0.145,8072,55664,0.546505,-2.419,-1.701,0.183,17,2.584,271,0,0,
1266,1776032881.7491436,0.145,8072,55664,0.546505,-2.068,-1.675,1.051,17,2.281,271,0,0,
1267,1776032883.764251,0.145,8072,55664,0.546505,-1.759,-1.971,1.073,17,2.204,271,0,0,
1268,1776032885.7774272,0.145,8072,55664,0.546505,-1.874,-1.967,0.971,17,2.295,271,0,0,
1269,1776032888.3916397,0.145,8072,55664,0.546505,-1.67,-1.909,0.979,17,2.095,271,0,0,
1270,1776032892.4059215,0.145,8072,55664,0.546505,-1.663,-2.204,0.884,17,2.277,271,0,0,
1271,1776032896.4307601,0.145,8072,55664,0.546505,-1.705,-2.123,1.062,17,2.255,271,0,0,
1272,1776032898.446104,0.145,8072,55664,0.546505,-1.669,-2.16,1.1,17,2.252,271,0,0,
1273,1776032900.4576738,0.145,8072,55664,0.546505,-1.625,-2.146,1.173,17,2.21,271,0,0,
1274,1776032902.468561,0.145,8072,55664,0.546505,-1.57,-2.173,1.05,17,2.188,271,0,0,
1275,1776032904.4829292,0.145,8072,55664,0.546505,-1.551,-2.213,1.021,17,2.202,271,0,0,
1276,1776032906.4964175,0.145,8072,55664,0.546505,-1.552,-2.184,1.06,17,2.183,271,0,0,
1277,1776032908.5111086,0.145,8072,55664,0.546505,-1.584,-2.211,0.989,17,2.224,271,0,0,
1278,1776032912.5303755,0.145,8072,55664,0.546505,-1.581,-2.247,0.894,17,2.247,271,0,0,
1279,1776032916.5473304,0.145,8072,55664,0.546505,-1.528,-2.164,0.683,17,2.151,271,0,0,
1280,1776032920.5659769,0.145,8072,55664,0.546505,-2.237,-2.097,0.697,17,2.67,271,0,0,
1281,1776032924.583313,0.145,8072,55664,0.546505,-2.183,-1.6,1.007,17,2.332,271,0,0,
1282,1776032926.597231,0.145,8072,55664,0.546505,-1.902,-1.352,1.019,17,1.961,271,0,0,
1283,1776032928.6112256,0.145,8072,55664,0.546505,-1.58,-0.918,0.994,17,1.471,271,0,0,
1284,1776032932.6279619,0.145,8072,55664,0.546505,-1.857,-1.025,1.02,17,1.767,271,0,0,
1285,1776032934.6486645,0.145,8072,55664,0.546505,-2.271,-1.199,0.991,17,2.216,271,0,0,
1286,1776032938.6746202,0.145,8072,55664,0.546505,-1.921,-1.25,0.988,17,1.925,271,0,0,
1287,1776032942.0894754,0.145,8072,55664,0.546505,-2.154,-0.894,1.032,17,2.0,271,0,0,
1288,1776032944.1022706,0.145,8072,55664,0.546505,-2.384,-1.254,1.041,17,2.342,271,0,0,
1289,1776032946.1131454,0.145,8072,55664,0.546505,-2.465,-1.167,1.069,17,2.383,271,0,0,
1290,1776032948.1252623,0.145,8072,55664,0.546505,-2.499,-1.0,1.057,17,2.361,271,0,0,
1291,1776032950.1404767,0.145,8072,55664,0.546505,-2.354,-0.801,1.165,17,2.169,271,0,0,
1292,1776032952.1497586,0.145,8072,55664,0.546505,-2.28,-0.925,1.16,17,2.129,271,0,0,
1293,1776032954.1604815,0.145,8072,55664,0.546505,-2.409,-1.057,1.194,17,2.293,271,0,0,
1294,1776032956.1728215,0.145,8072,55664,0.546505,-2.265,-0.945,1.266,17,2.121,271,0,0,
1295,1776032958.1831007,0.145,8072,55664,0.546505,-2.348,-1.297,1.196,17,2.327,271,0,0,
1296,1776032960.1997523,0.145,8072,55664,0.546505,-2.221,-1.065,1.258,17,2.119,271,0,0,
1297,1776032962.213737,0.145,8072,55664,0.546505,-2.404,-0.923,1.231,17,2.248,271,0,0,
1298,1776032964.2263384,0.145,8072,55664,0.546505,-2.424,-0.83,1.231,17,2.244,271,0,0,
1299,1776032966.2376926,0.145,8072,55664,0.546505,-2.388,-0.372,1.281,17,2.147,271,0,0,
1300,1776032968.2503018,0.145,8072,55664,0.546505,-2.501,-0.14,1.227,17,2.266,271,0,0,
1301,1776032970.262115,0.145,8072,55664,0.546505,-2.305,-0.035,1.204,17,2.081,271,0,0,
1302,1776032972.2745318,0.145,8072,55664,0.546505,-2.149,0.27,1.171,17,1.993,271,0,0,
1303,1776032974.2869184,0.145,8072,55664,0.546505,-2.413,0.262,1.231,17,2.245,271,0,0,
1304,1776032976.302784,0.145,8072,55664,0.546505,-2.737,0.115,1.236,17,2.531,271,0,0,
1305,1776032978.3144925,0.145,8072,55664,0.546505,-2.949,0.115,1.256,17,2.74,271,0,0,
1306,1776032980.3304176,0.145,8072,55664,0.546505,-2.799,-0.209,1.221,17,2.559,271,0,0,
1307,1776032982.3405943,0.145,8072,55664,0.546505,-2.946,-0.303,1.199,17,2.704,271,0,0,
1308,1776032984.3528745,0.145,8072,55664,0.546505,-3.381,-0.402,1.238,17,3.141,271,0,0,
1309,1776032986.3630662,0.145,8072,55664,0.546505,-3.371,-0.287,1.236,17,3.13,271,0,0,
1310,1776032988.3754745,0.145,8072,55664,0.546505,-3.723,-0.308,1.21,17,3.482,271,0,0,
1311,1776032990.3910437,0.145,8072,55664,0.546505,-3.641,-0.667,1.265,17,3.418,271,0,0,
1312,1776032992.4011848,0.145,8072,55664,0.546505,-3.261,-0.863,1.256,17,3.07,271,0,0,
1313,1776032994.4106727,0.145,8072,55664,0.546505,-3.231,-1.218,1.241,17,3.125,271,0,0,
1314,1776032996.420182,0.145,8072,55664,0.546505,-3.683,-1.411,1.244,17,3.614,271,0,0,
1315,1776032998.4331365,0.145,8072,55664,0.546505,-4.006,-1.385,1.216,17,3.915,271,0,0,
1316,1776033000.4441493,0.145,8072,55664,0.546505,-3.846,-1.426,1.225,17,3.774,271,0,0,
1317,1776033002.4557195,0.145,8072,55664,0.546505,-4.016,-1.121,1.189,17,3.861,271,0,0,
1318,1776033004.4682882,0.145,8072,55664,0.546505,-3.951,-1.372,1.281,17,3.859,271,0,0,
1319,1776033006.4819994,0.145,8072,55664,0.546505,-3.646,-1.457,1.274,17,3.593,271,0,0,
1320,1776033008.494038,0.145,8072,55664,0.546505,-3.429,-1.151,1.237,17,3.296,271,0,0,
1321,1776033010.5042048,0.145,8072,55664,0.546505,-3.302,-0.974,1.222,17,3.132,271,0,0,
1322,1776033012.519463,0.145,8072,55664,0.546505,-3.197,-0.953,1.319,17,3.025,271,0,0,
1323,1776033014.5305846,0.145,8072,55664,0.546505,-3.23,-0.695,1.296,17,3.013,271,0,0,
1324,1776033016.540861,0.145,8072,55664,0.546505,-3.05,-0.781,1.304,17,2.848,271,0,0,
1325,1776033018.5535529,0.145,8072,55664,0.546505,-3.199,-1.062,1.273,17,3.052,271,0,0,
1326,1776033020.564403,0.145,8072,55664,0.546505,-3.212,-1.197,1.294,17,3.101,271,0,0,
1327,1776033022.5741212,0.145,8072,55664,0.546505,-3.242,-0.904,1.306,17,3.059,271,0,0,
1328,1776033024.5866988,0.145,8072,55664,0.546505,-3.057,-1.043,1.339,17,2.909,271,0,0,
1329,1776033026.598173,0.145,8072,55664,0.546505,-3.119,-0.873,1.401,17,2.932,271,0,0,
1330,1776033028.8110309,0.145,8072,55664,0.546505,-3.15,-0.388,1.361,17,2.91,271,0,0,
1331,1776033030.8280916,0.145,8072,55664,0.546505,-2.995,-0.208,1.334,17,2.755,271,0,0,
1332,1776033032.841182,0.145,8072,55664,0.546505,-3.002,0.045,1.397,17,2.783,271,0,0,
1333,1776033034.8518064,0.145,8072,55664,0.546505,-2.693,-0.097,1.357,17,2.461,271,0,0,
1334,1776033036.8675487,0.145,8072,55664,0.546505,-2.645,-0.255,1.418,17,2.404,271,0,0,
1335,1776033040.8871949,0.145,8072,55664,0.546505,-2.593,-0.232,1.414,17,2.353,271,0,0,
1336,1776033044.9060779,0.145,8072,55664,0.546505,-2.375,-0.347,1.445,17,2.133,271,0,0,
1337,1776033048.9300542,0.145,8072,55664,0.546505,-2.58,-0.232,1.38,17,2.339,271,0,0,
1338,1776033050.942786,0.145,8072,55664,0.546505,-2.4,-0.058,1.404,17,2.173,271,0,0,
1339,1776033053.1550562,0.145,8072,55664,0.546505,-2.568,-0.084,1.418,17,2.338,271,0,0,
1340,1776033056.3718238,0.145,8072,55664,0.546505,-2.719,-0.288,1.457,17,2.477,271,0,0,
1341,1776033060.389123,0.145,8072,55664,0.546505,-2.653,-0.55,1.452,17,2.423,271,0,0,
1342,1776033064.4123194,0.145,8072,55664,0.546505,-2.532,-0.446,1.458,17,2.295,271,0,0,
1343,1776033068.4277995,0.145,8072,55664,0.546505,-2.542,-0.614,1.496,17,2.32,271,0,0,
1344,1776033072.445713,0.145,8072,55664,0.546505,-2.361,-0.647,1.514,17,2.146,271,0,0,
1345,1776033076.4638865,0.145,8072,55664,0.546505,-2.298,-0.573,1.586,17,2.074,271,0,0,
1346,1776033080.4809098,0.145,8072,55664,0.546505,-2.732,-0.513,1.601,17,2.499,271,0,0,
1347,1776033084.4974275,0.145,8072,55664,0.546505,-2.856,-0.647,1.624,17,2.636,271,0,0,
1348,1776033088.5145757,0.145,8072,55664,0.546505,-3.099,-1.05,1.61,17,2.952,271,0,0,
1349,1776033092.5335894,0.145,8072,55664,0.546505,-2.848,-0.827,1.583,17,2.658,271,0,0,
1350,1776033096.5499942,0.145,8072,55664,0.546505,-2.915,-0.846,1.548,17,2.727,271,0,0,
1351,1776033100.5661364,0.145,8072,55664,0.546505,-3.047,-0.83,1.475,17,2.854,271,0,0,
1352,1776033104.5839918,0.145,8072,55664,0.546505,-2.882,-0.698,1.425,17,2.669,271,0,0,
1353,1776033107.0045328,0.145,8072,55664,0.546505,-2.547,-1.015,1.335,17,2.412,271,0,0,
1354,1776033109.0172167,0.145,8072,55664,0.546505,-2.835,-1.393,1.299,17,2.811,271,0,0,
1355,1776033111.031531,0.145,8072,55664,0.546505,-2.599,-1.655,1.264,17,2.715,271,0,0,
1356,1776033113.0432935,0.145,8072,55664,0.546505,-2.703,-1.7,1.253,17,2.828,271,0,0,
1357,1776033115.0589666,0.145,8072,55664,0.546505,-2.989,-1.532,1.3,17,3.007,271,0,0,
1358,1776033117.0782552,0.145,8072,55664,0.546505,-2.946,-1.358,1.257,17,2.901,271,0,0,
1359,1776033119.0915337,0.145,8072,55664,0.546505,-2.615,-1.296,1.246,17,2.571,271,0,0,
1360,1776033121.1036413,0.145,8072,55664,0.546505,-2.507,-1.274,1.333,17,2.463,271,0,0,
1361,1776033123.1145089,0.145,8072,55664,0.546505,-2.514,-1.666,1.372,17,2.647,271,0,0,
1362,1776033125.1293056,0.145,8072,55664,0.546505,-2.833,-1.742,1.361,17,2.962,271,0,0,
1363,1776033127.142146,0.145,8072,55664,0.546505,-2.956,-1.716,1.419,17,3.058,271,0,0,
1364,1776033131.1626918,0.145,8072,55664,0.546505,-3.191,-2.117,1.422,17,3.46,271,0,0,
1365,1776033134.580252,0.145,8072,55664,0.546505,-3.487,-2.193,1.371,17,3.753,271,0,0,
1366,1776033136.5915008,0.145,8072,55664,0.546505,-3.39,-1.928,1.391,17,3.54,271,0,0,
1367,1776033138.605849,0.145,8072,55664,0.546505,-3.171,-2.149,1.383,17,3.459,271,0,0,
1368,1776033140.6175637,0.145,8072,55664,0.546505,-3.018,-2.069,1.306,17,3.287,271,0,0,
1369,1776033142.6296318,0.145,8072,55664,0.546505,-2.605,-1.88,1.338,17,2.838,271,0,0,
1370,1776033144.6426153,0.145,8072,55664,0.546505,-2.447,-1.648,1.322,17,2.58,271,0,0,
1371,1776033146.6561413,0.145,8072,55664,0.546505,-2.333,-1.778,1.353,17,2.556,271,0,0,
1372,1776033148.6678493,0.145,8072,55664,0.546505,-2.303,-1.908,1.307,17,2.609,271,0,0,
1373,1776033150.678845,0.145,8072,55664,0.546505,-2.495,-1.886,1.321,17,2.751,271,0,0,
1374,1776033152.6902747,0.145,8072,55664,0.546505,-2.54,-1.747,1.293,17,2.711,271,0,0,
1375,1776033154.7018251,0.145,8072,55664,0.546505,-2.528,-2.065,1.296,17,2.883,271,0,0,
1376,1776033156.7136226,0.145,8072,55664,0.546505,-2.31,-2.463,1.3,17,2.94,271,0,0,
1377,1776033158.727153,0.145,8072,55664,0.546505,-2.743,-2.374,1.249,17,3.244,271,0,0,
1378,1776033160.73745,0.145,8072,55664,0.546505,-2.938,-2.682,1.267,17,3.577,271,0,0,
1379,1776033162.7496097,0.145,8072,55664,0.546505,-3.248,-3.049,1.235,17,4.042,271,0,0,
1380,1776033164.75912,0.145,8072,55664,0.546505,-3.107,-3.003,1.252,17,3.901,271,0,0,
1381,1776033166.7723734,0.145,8072,55664,0.546505,-3.146,-3.091,1.266,17,3.985,271,0,0,
1382,1776033168.7839785,0.145,8072,55664,0.546505,-3.157,-3.585,1.293,17,4.312,271,0,0,
1383,1776033170.7948194,0.145,8072,55664,0.546505,-3.187,-3.091,1.243,17,4.018,271,0,0,
1384,1776033172.8080652,0.145,8072,55664,0.546505,-3.439,-3.265,1.232,17,4.324,271,0,0,
1385,1776033174.8211055,0.145,8072,55664,0.546505,-3.41,-3.521,1.26,17,4.46,271,0,0,
1386,1776033176.832891,0.145,8072,55664,0.546505,-3.321,-3.671,1.238,17,4.491,271,0,0,
1387,1776033178.8459651,0.145,8072,55664,0.546505,-3.112,-3.536,1.193,17,4.245,271,0,0,
1388,1776033180.8586586,0.145,8072,55664,0.546505,-2.761,-3.598,1.201,17,4.038,271,0,0,
1389,1776033182.871455,0.145,8072,55664,0.546505,-2.989,-3.867,1.19,17,4.39,271,0,0,
1390,1776033184.8841708,0.145,8072,55664,0.546505,-2.522,-3.797,1.176,17,4.03,271,0,0,
1391,1776033186.9015648,0.145,8072,55664,0.546505,-2.279,-3.404,1.171,17,3.572,271,0,0,
1392,1776033188.9153962,0.145,8072,55664,0.546505,-2.124,-2.927,1.123,17,3.113,271,0,0,
1393,1776033190.9290762,0.145,8072,55664,0.546505,-1.971,-2.725,1.115,17,2.861,271,0,0,
1394,1776033192.9436772,0.145,8072,55664,0.546505,-2.178,-2.89,1.142,17,3.124,271,0,0,
1395,1776033194.9584072,0.145,8072,55664,0.546505,-2.331,-3.009,1.164,17,3.316,271,0,0,
1396,1776033196.971983,0.145,8072,55664,0.546505,-2.623,-3.199,1.185,17,3.658,271,0,0,
1397,1776033198.9853313,0.145,8072,55664,0.546505,-2.817,-3.495,1.137,17,4.004,271,0,0,
1398,1776033200.9955044,0.145,8072,55664,0.546505,-2.899,-3.165,1.207,17,3.84,271,0,0,
1399,1776033203.0089054,0.145,8072,55664,0.546505,-2.841,-3.502,1.13,17,4.025,271,0,0,
1400,1776033205.0223007,0.145,8072,55664,0.546505,-2.563,-3.459,1.125,17,3.801,271,0,0,
1401,1776033207.0342722,0.145,8072,55664,0.546505,-2.396,-3.201,1.121,17,3.499,271,0,0,
1402,1776033209.04524,0.145,8072,55664,0.546505,-2.449,-3.111,1.131,17,3.472,271,0,0,
1403,1776033211.0560305,0.145,8072,55664,0.546505,-2.652,-2.79,1.151,17,3.41,271,0,0,
1404,1776033213.0779016,0.145,8072,55664,0.546505,-2.705,-3.14,1.152,17,3.677,271,0,0,
1405,1776033215.0929723,0.145,8072,55664,0.546505,-3.097,-3.29,1.047,17,4.072,271,0,0,
1406,1776033217.1046455,0.145,8072,55664,0.546505,-3.003,-3.228,1.108,17,3.961,271,0,0,
1407,1776033219.122109,0.145,8072,55664,0.546505,-3.361,-3.427,1.161,17,4.363,271,0,0,
1408,1776033221.1440744,0.145,8072,55664,0.546505,-3.226,-3.907,1.114,17,4.584,271,0,0,
1409,1776033223.159477,0.145,8072,55664,0.546505,-3.204,-3.59,1.172,17,4.35,271,0,0,
1410,1776033225.1738794,0.145,8072,55664,0.546505,-3.146,-3.939,1.191,17,4.551,271,0,0,
1411,1776033227.1913424,0.145,8072,55664,0.546505,-3.255,-3.867,1.116,17,4.577,271,0,0,
1412,1776033229.2026021,0.145,8072,55664,0.546505,-3.192,-4.028,1.231,17,4.646,271,0,0,
1413,1776033231.214191,0.145,8072,55664,0.546505,-2.861,-4.247,1.122,17,4.593,271,0,0,
1414,1776033233.2305727,0.145,8072,55664,0.546505,-2.58,-4.158,1.183,17,4.351,271,0,0,
1415,1776033235.2436113,0.145,8072,55664,0.546505,-2.522,-4.227,1.229,17,4.372,271,0,0,
1416,1776033237.2566288,0.145,8072,55664,0.546505,-2.487,-4.612,1.203,17,4.672,271,0,0,
1417,1776033239.2681715,0.145,8072,55664,0.546505,-2.276,-4.493,1.142,17,4.46,271,0,0,
1418,1776033241.2820442,0.145,8072,55664,0.546505,-2.327,-4.41,1.14,17,4.415,271,0,0,
1419,1776033243.2960544,0.145,8072,55664,0.546505,-2.343,-4.565,1.076,17,4.556,271,0,0,
1420,1776033245.3098612,0.145,8072,55664,0.546505,-2.638,-4.493,1.176,17,4.656,271,0,0,
1421,1776033247.3241277,0.145,8072,55664,0.546505,-2.642,-4.515,1.112,17,4.677,271,0,0,
1422,1776033249.337462,0.145,8072,55664,0.546505,-2.844,-4.878,1.141,17,5.09,271,0,0,
1423,1776033251.3503628,0.145,8072,55664,0.546505,-2.568,-5.126,1.219,17,5.153,271,0,0,
1424,1776033253.362076,0.145,8072,55664,0.546505,-2.59,-4.85,1.192,17,4.928,271,0,0,
1425,1776033255.373966,0.145,8072,55664,0.546505,-2.573,-4.391,1.225,17,4.535,271,0,0,
1426,1776033257.3841004,0.145,8072,55664,0.546505,-2.233,-4.419,1.235,17,4.375,271,0,0,
1427,1776033259.3967614,0.145,8072,55664,0.546505,-2.309,-4.262,1.243,17,4.281,271,0,0,
1428,1776033261.4092073,0.145,8072,55664,0.546505,-2.368,-4.147,1.231,17,4.218,271,0,0,
1429,1776033263.4265904,0.145,8072,55664,0.546505,-2.173,-3.843,1.282,17,3.858,271,0,0,
1430,1776033265.4402008,0.145,8072,55664,0.546505,-1.867,-3.694,1.241,17,3.564,271,0,0,
1431,1776033267.4664602,0.145,8072,55664,0.546505,-1.797,-3.661,1.242,17,3.5,271,0,0,
1432,1776033269.4905982,0.145,8072,55664,0.546505,-1.769,-3.629,1.26,17,3.458,271,0,0,
1433,1776033271.5110748,0.145,8072,55664,0.546505,-1.735,-3.616,1.277,17,3.429,271,0,0,
1434,1776033273.5358415,0.145,8072,55664,0.546505,-1.671,-3.689,1.262,17,3.46,271,0,0,
1435,1776033275.5535247,0.145,8072,55664,0.546505,-1.664,-3.69,1.284,17,3.458,271,0,0,
1436,1776033277.5772305,0.145,8072,55664,0.546505,-1.612,-3.643,1.21,17,3.392,271,0,0,
1437,1776033279.5998693,0.145,8072,55664,0.546505,-1.584,-3.677,1.268,17,3.409,271,0,0,
1438,1776033281.6256444,0.145,8072,55664,0.546505,-3.838,-5.437,-0.063,17,6.132,271,0,0,
1438,1776033281.6450832,0.145,8072,55664,0.546505,-3.838,-5.437,-0.063,17,6.132,271,0,0,final
