step,timestamp,coverage,known_cells,total_cells,cov_trace,pos_x,pos_y,altitude,frontier_count,nearest_frontier_dist,loop_closures,tracking_lost_events,new_cells,note
1,1776100855.4768705,0.0964,983,10192,0.012616,0.131,0.077,1.032,0,-1,0,0,0,search(x1)
2,1776100857.483507,0.0964,983,10192,0.016395,0.341,0.193,1.063,0,-1,0,0,0,search(x2)
3,1776100859.4925294,0.1076,1141,10602,0.019524,0.453,0.356,1.083,6,1.334,0,0,158,search(x3)
4,1776100861.50837,0.1087,1165,10716,0.022153,0.602,0.35,1.021,8,1.193,0,0,24,"go(1.7,-0.5)d=1.5"
5,1776100863.5206234,0.1087,1165,10716,0.022153,0.9,0.088,1.079,8,0.823,0,0,0,"go(1.7,-0.5)d=1.4"
6,1776100865.532302,0.105,1173,11172,0.023322,1.155,-0.181,1.11,8,0.541,0,0,8,"go(1.7,-0.5)d=1.0"
7,1776100867.547396,0.1108,1276,11514,0.025414,1.528,-0.417,1.076,8,0.204,0,0,103,"go(1.7,-0.5)d=0.6"
8,1776100869.5721242,0.1289,1550,12027,0.027201,1.62,-0.699,1.129,8,0.185,0,0,274,"go(1.7,-1.2)d=0.8"
9,1776100871.588256,0.1302,1588,12198,0.02944,1.739,-1.043,1.086,8,0.102,0,0,38,"go(1.7,-1.2)d=0.5"
10,1776100873.6071174,0.1349,1645,12198,0.031919,1.72,-0.869,1.129,8,0.159,0,0,57,"go(1.7,-0.5)d=0.5"
11,1776100875.6161072,0.1372,1673,12198,0.034989,1.629,-0.397,1.156,8,0.15,0,0,28,"go(1.7,-0.1)d=0.7"
12,1776100877.6305342,0.1372,1674,12198,0.038331,1.608,-0.677,1.147,8,0.171,0,0,1,"go(1.7,-1.2)d=0.8"
13,1776100879.6558304,0.1376,1679,12198,0.041122,1.656,-1.061,1.187,8,0.17,0,0,5,"go(1.7,-1.2)d=0.6"
14,1776100881.667154,0.1413,1724,12198,0.043074,1.683,-0.874,1.194,8,0.181,0,0,45,"go(1.7,-0.5)d=0.5"
15,1776100883.6782897,0.1414,1725,12198,0.051019,1.745,-0.423,1.144,8,0.118,0,0,1,"go(1.7,-0.1)d=0.7"
16,1776100885.6929843,0.1416,1727,12198,0.054185,1.66,-0.671,1.14,8,0.145,0,0,2,"go(1.7,-1.2)d=0.8"
17,1776100887.7085536,0.1424,1737,12198,0.164328,1.688,-1.028,1.125,8,0.143,0,0,10,"go(1.7,-1.2)d=0.6"
18,1776100889.7162173,0.1424,1737,12198,0.176088,1.689,-1.33,1.141,8,0.106,0,0,0,"go(1.7,-1.6)d=0.5"
19,1776100891.7374728,0.1601,1953,12198,0.192571,1.645,-1.22,1.097,8,0.057,1,0,216,"go(1.7,-0.5)d=0.8"
20,1776100893.7550416,0.1604,1956,12198,0.194565,1.671,-0.735,1.081,8,0.206,2,0,3,"go(1.7,-0.5)d=0.7"
21,1776100895.7724633,0.1596,1947,12198,0.15498,1.718,-0.368,1.044,8,0.165,3,0,0,"go(1.7,-0.1)d=0.6"
22,1776100897.7875257,0.1596,1947,12198,0.156021,1.714,-0.469,1.051,8,0.065,3,0,0,"go(1.7,-1.2)d=0.9"
23,1776100899.8121457,0.1567,1963,12528,0.168944,1.709,-0.87,1.051,8,0.165,4,0,16,"go(1.7,-1.2)d=0.8"
24,1776100901.841003,0.1562,1966,12586,0.174392,1.734,-0.615,1.128,8,0.092,4,0,3,"go(1.7,-0.1)d=0.7"
25,1776100903.8516748,0.1572,1979,12586,0.16901,1.756,-0.67,1.084,8,0.151,5,0,13,"go(1.7,-1.2)d=0.6"
26,1776100905.8617065,0.1587,1998,12586,0.185404,1.764,-1.087,1.063,8,0.117,6,0,19,"go(1.7,-1.2)d=0.6"
27,1776100907.8736994,0.1581,1999,12644,0.187091,1.789,-1.023,1.053,8,0.051,7,0,1,"go(1.7,-0.5)d=0.6"
28,1776100909.887202,0.1581,1999,12644,0.158432,1.704,-0.529,1.054,8,0.008,8,0,0,"go(1.7,-0.1)d=0.9"
29,1776100911.8967783,0.1581,1999,12644,0.158432,1.668,-0.713,1.04,8,0.184,8,0,0,"go(1.7,-1.2)d=0.7"
30,1776100913.9061403,0.1594,2016,12644,0.157892,1.651,-1.085,1.072,8,0.148,9,0,17,"go(1.7,-1.2)d=0.5"
31,1776100915.9184926,0.1606,2031,12644,0.175461,1.663,-0.831,1.048,8,0.225,10,0,15,"go(1.7,-0.5)d=0.6"
32,1776100917.9350085,0.1606,2031,12644,0.166088,1.647,-0.401,1.025,8,0.139,11,0,0,"go(1.7,-0.1)d=0.7"
33,1776100919.9465182,0.1606,2031,12644,0.155265,1.653,-0.61,1.025,8,0.09,12,0,0,"go(1.7,-1.2)d=0.8"
34,1776100921.9562733,0.1606,2031,12644,0.166555,1.722,-1.003,1.017,8,0.104,12,0,0,"go(1.7,-1.2)d=0.6"
35,1776100923.9648519,0.1609,2035,12644,0.181968,1.67,-0.795,1.069,8,0.247,12,0,4,"go(1.7,-0.1)d=0.9"
36,1776100925.9775984,0.1609,2035,12644,0.169635,1.72,-0.382,1.032,8,0.151,13,0,0,"go(1.7,-0.1)d=0.7"
37,1776100927.9933875,0.1615,2042,12644,0.152485,1.664,-0.6,1.051,8,0.076,14,0,7,"go(1.7,-1.2)d=0.8"
38,1776100930.004128,0.1622,2051,12644,0.154205,1.599,-1.031,1.058,8,0.219,15,0,9,"go(1.7,-1.2)d=0.6"
39,1776100932.014422,0.1658,2096,12644,0.168138,1.631,-0.819,1.054,8,0.258,15,0,45,"go(1.7,-0.5)d=0.5"
40,1776100934.0234914,0.1658,2096,12644,0.160843,1.643,-0.339,1.106,8,0.2,15,0,0,"go(1.7,-0.1)d=0.7"
41,1776100936.0409358,0.1658,2096,12644,0.149557,1.663,-0.572,1.102,8,0.053,16,0,0,"go(1.7,-1.2)d=0.9"
42,1776100938.056674,0.1658,2097,12644,0.165734,1.697,-0.988,1.12,8,0.128,17,0,1,"go(1.7,-1.2)d=0.7"
43,1776100940.0657876,0.166,2099,12644,0.16941,1.69,-0.708,1.086,8,0.177,18,0,2,"go(1.7,-0.1)d=0.9"
44,1776100942.074947,0.167,2112,12644,0.163447,1.648,-0.819,1.112,8,0.244,19,0,13,"go(1.7,-1.2)d=0.5"
45,1776100944.083669,0.167,2112,12644,0.187291,1.667,-0.729,1.161,8,0.2,19,0,0,"go(1.7,-0.1)d=0.7"
46,1776100946.092554,0.167,2112,12644,0.170486,1.734,-0.289,1.128,8,0.163,20,0,0,"go(1.7,-0.1)d=0.6"
47,1776100948.1050909,0.167,2112,12644,0.17164,1.763,-0.496,1.152,8,0.075,20,0,0,"go(1.7,-1.2)d=0.9"
48,1776100950.1160324,0.167,2112,12644,0.188768,1.79,-0.989,1.217,8,0.035,20,0,0,"go(1.7,-1.2)d=0.7"
49,1776100952.1281004,0.1673,2115,12644,0.205341,1.742,-0.748,1.215,8,0.222,20,0,3,"go(1.7,-0.1)d=0.9"
50,1776100954.1416283,0.1673,2115,12644,0.199224,1.759,-0.303,1.235,8,0.184,20,0,0,"go(1.7,-0.1)d=0.6"
51,1776100956.1511254,0.1673,2115,12644,0.194098,1.786,-0.514,1.269,8,0.091,20,0,0,"go(1.7,-1.2)d=0.9"
52,1776100958.1644633,0.1673,2115,12644,0.198571,1.732,-0.867,1.273,8,0.152,20,0,0,"go(1.7,-1.2)d=0.7"
53,1776100960.174557,0.167,2112,12644,0.200531,1.711,-0.651,1.266,8,0.121,20,0,0,"go(1.7,-0.1)d=0.7"
54,1776100962.188785,0.167,2112,12644,0.192232,1.703,-0.738,1.196,8,0.206,20,0,0,"go(1.7,-1.2)d=0.6"
55,1776100964.2084775,0.1658,2132,12862,0.205161,1.715,-0.521,1.218,8,0.021,21,0,20,"go(1.7,-0.1)d=0.6"
56,1776100966.217942,0.1677,2121,12644,0.196097,1.735,-0.628,1.226,8,0.104,22,0,0,"go(1.7,-1.2)d=0.7"
57,1776100968.2281458,0.1712,2165,12644,0.199021,1.755,-1.062,1.202,8,0.103,22,0,44,"go(1.7,-1.2)d=0.6"
58,1776100970.239396,0.1746,2208,12644,0.206381,1.736,-0.792,1.158,8,0.215,23,0,43,"go(1.7,-0.5)d=0.5"
59,1776100972.2594283,0.1695,2180,12862,0.184734,1.672,-0.362,1.145,8,0.171,24,0,0,"go(1.7,-0.1)d=0.7"
60,1776100974.271047,0.1695,2180,12862,0.170236,1.677,-0.515,1.107,8,0.026,24,0,0,"go(1.7,-1.2)d=0.9"
61,1776100976.2807598,0.1696,2182,12862,0.172624,1.71,-0.951,1.161,8,0.12,24,0,2,"go(1.7,-1.2)d=0.7"
62,1776100978.2931406,0.1719,2211,12862,0.185477,1.729,-0.682,1.159,8,0.154,24,0,29,"go(1.7,-0.1)d=0.8"
63,1776100980.3031852,0.1728,2223,12862,0.175129,1.67,-0.81,1.111,8,0.235,24,0,12,"go(1.7,-1.2)d=0.5"
64,1776100982.3121672,0.1728,2223,12862,0.184108,1.709,-0.668,1.111,8,0.137,25,0,0,"go(1.7,-0.1)d=0.7"
65,1776100984.321001,0.1738,2236,12862,0.176749,1.751,-0.69,1.155,8,0.168,25,0,13,"go(1.7,-1.2)d=0.6"
66,1776100986.3322225,0.1757,2260,12862,0.185492,1.739,-1.146,1.121,7,0.088,25,0,24,"go(1.7,-1.2)d=0.5"
67,1776100988.3416986,0.176,2264,12862,0.190515,1.703,-0.818,1.118,7,0.209,26,0,4,"go(1.7,-0.5)d=0.6"
68,1776100990.3571334,0.1757,2260,12862,0.172171,1.688,-0.362,1.161,7,0.169,27,0,0,"go(1.7,-0.1)d=0.7"
69,1776100992.3694847,0.1757,2260,12862,0.166556,1.715,-0.614,1.143,7,0.085,28,0,0,"go(1.7,-1.2)d=0.9"
70,1776100994.377232,0.1757,2260,12862,0.170704,1.7,-1.044,1.097,7,0.137,29,0,0,"go(1.7,-1.2)d=0.6"
71,1776100996.3866787,0.1766,2272,12862,0.18888,1.736,-0.828,1.111,7,0.182,30,0,12,"go(1.7,-0.5)d=0.5"
72,1776100998.398312,0.1766,2272,12862,0.16973,1.707,-0.41,1.144,7,0.122,31,0,0,"go(1.7,-0.1)d=0.7"
73,1776101000.4145718,0.1771,2278,12862,0.158024,1.61,-0.634,1.14,7,0.134,32,0,6,"go(1.7,-1.2)d=0.8"
74,1776101002.423539,0.1771,2278,12862,0.167082,1.66,-1.029,1.103,7,0.171,32,0,0,"go(1.7,-1.2)d=0.6"
75,1776101004.4384189,0.1779,2288,12862,0.185516,1.68,-0.81,1.184,7,0.229,33,0,10,"go(1.7,-0.5)d=0.5"
76,1776101006.450254,0.1772,2279,12862,0.178011,1.752,-0.366,1.169,7,0.174,34,0,0,"go(1.7,-0.1)d=0.7"
77,1776101008.4649203,0.1773,2281,12862,0.166762,1.663,-0.556,1.155,7,0.042,35,0,2,"go(1.7,-1.2)d=0.9"
78,1776101010.480711,0.1773,2281,12862,0.178393,1.669,-0.931,1.219,7,0.166,35,0,0,"go(1.7,-1.2)d=0.7"
79,1776101012.4893656,0.1773,2281,12862,0.190713,1.688,-0.724,1.235,7,0.193,36,0,0,"go(1.7,-0.1)d=0.8"
80,1776101014.4991086,0.1773,2281,12862,0.192845,1.733,-0.807,1.239,7,0.203,37,0,0,"go(1.7,-1.2)d=0.5"
81,1776101016.5126324,0.1773,2280,12862,0.206961,1.769,-0.656,1.268,7,0.144,38,0,0,"go(1.7,-0.1)d=0.7"
82,1776101018.5285544,0.1773,2280,12862,0.200949,1.75,-0.731,1.206,7,0.206,39,0,0,"go(1.7,-1.2)d=0.6"
83,1776101020.5359328,0.1775,2283,12862,0.214487,1.778,-0.621,1.26,7,0.121,40,0,3,"go(1.7,-0.1)d=0.6"
84,1776101022.5443234,0.1773,2281,12862,0.204547,1.737,-0.728,1.29,7,0.201,41,0,0,"go(1.7,-1.2)d=0.6"
85,1776101024.553226,0.1778,2287,12862,0.213275,1.616,-0.668,1.301,7,0.159,42,0,6,"go(1.7,-0.1)d=0.6"
86,1776101026.5620036,0.178,2289,12862,0.197056,1.596,-0.773,1.284,7,0.262,43,0,2,"go(1.7,-1.2)d=0.6"
87,1776101028.5794065,0.1786,2297,12862,0.198353,1.624,-0.74,1.237,7,0.221,44,0,8,"go(1.7,-0.1)d=0.7"
88,1776101030.5909605,0.1786,2297,12862,0.197976,1.662,-0.303,1.248,7,0.175,45,0,0,"go(1.7,-0.1)d=0.6"
89,1776101032.605626,0.1786,2297,12862,0.184123,1.659,-0.537,1.245,7,0.038,46,0,0,"go(1.7,-1.2)d=0.9"
90,1776101034.6184273,0.1786,2297,12862,0.189687,1.608,-0.884,1.247,7,0.241,46,0,0,"go(1.7,-1.2)d=0.7"
91,1776101036.6319368,0.1784,2295,12862,0.189687,1.601,-0.691,1.26,7,0.186,47,0,0,"go(1.7,-0.1)d=0.8"
92,1776101038.6514673,0.1787,2298,12862,0.196158,1.676,-0.782,1.272,7,0.251,48,0,3,"go(1.7,-1.2)d=0.5"
93,1776101040.6673381,0.179,2302,12862,0.211823,1.704,-0.724,1.222,7,0.193,49,0,4,"go(1.7,-0.1)d=0.7"
94,1776101042.6768272,0.1788,2300,12862,0.203494,1.709,-0.78,1.234,7,0.237,50,0,0,"go(1.7,-1.2)d=0.5"
95,1776101044.685436,0.1767,2311,13080,0.229006,1.714,-0.726,1.313,7,0.196,51,0,11,"go(1.7,-0.1)d=0.6"
96,1776101046.6929834,0.1765,2309,13080,0.221466,1.712,-0.265,1.303,7,0.135,52,0,0,"go(1.7,-0.1)d=0.6"
97,1776101048.7057707,0.1768,2313,13080,0.215427,1.711,-0.587,1.31,7,0.057,52,0,4,"go(1.7,-1.2)d=1.0"
98,1776101050.7155607,0.1768,2313,13080,0.212418,1.635,-1.001,1.307,7,0.191,53,0,0,"go(1.7,-1.2)d=0.6"
99,1776101052.7250795,0.1768,2313,13080,0.222981,1.634,-0.833,1.312,7,0.246,54,0,0,"go(1.7,-0.1)d=0.9"
100,1776101054.7397192,0.177,2315,13080,0.21152,1.67,-0.457,1.304,7,0.079,55,0,2,"go(1.7,-0.1)d=0.7"
101,1776101056.765802,0.1771,2317,13080,0.20805,1.688,-0.741,1.318,7,0.21,56,0,2,"go(1.7,-1.2)d=0.8"
102,1776101058.8023775,0.1774,2321,13080,0.219034,1.748,-0.557,1.321,7,0.058,56,0,4,"go(1.7,-0.1)d=0.6"
103,1776101060.8191338,0.1778,2325,13080,0.202249,1.686,-0.694,1.245,7,0.163,57,0,4,"go(1.7,-1.2)d=0.7"
104,1776101062.8383236,0.1778,2326,13080,0.215666,1.696,-1.113,1.288,7,0.112,58,0,1,"go(1.7,-1.2)d=0.5"
105,1776101064.8496768,0.1778,2326,13080,0.23211,1.705,-0.828,1.271,7,0.199,59,0,0,"go(1.7,-0.5)d=0.6"
106,1776101066.8610601,0.1779,2327,13080,0.223268,1.735,-0.46,1.297,7,0.081,60,0,1,"go(1.7,-0.1)d=0.7"
107,1776101068.8730433,0.1778,2326,13080,0.215135,1.736,-0.632,1.281,7,0.108,61,0,0,"go(1.7,-1.2)d=0.8"
108,1776101070.892352,0.1779,2327,13080,0.218159,1.729,-1.072,1.269,7,0.128,62,0,1,"go(1.7,-1.2)d=0.6"
109,1776101072.9127407,0.1781,2329,13080,0.232115,1.719,-0.834,1.331,7,0.187,63,0,2,"go(1.7,-0.5)d=0.5"
110,1776101074.9268143,0.1781,2329,13080,0.212761,1.734,-0.352,1.301,7,0.183,64,0,0,"go(1.7,-0.1)d=0.7"
111,1776101076.937506,0.1777,2324,13080,0.201057,1.713,-0.627,1.315,7,0.098,65,0,0,"go(1.7,-1.2)d=0.9"
112,1776101078.9536195,0.1808,2325,12862,0.204133,1.689,-1.005,1.219,7,0.137,66,0,1,"go(1.7,-1.2)d=0.6"
113,1776101080.9636016,0.1808,2325,12862,0.216413,1.653,-0.843,1.178,7,0.225,67,0,0,"go(1.7,-0.1)d=0.9"
114,1776101082.9798877,0.1808,2325,12862,0.200567,1.698,-0.381,1.215,7,0.15,68,0,0,"go(1.7,-0.1)d=0.7"
115,1776101084.9975498,0.1778,2326,13080,0.191043,1.691,-0.601,1.221,7,0.07,69,0,1,"go(1.7,-1.2)d=0.8"
116,1776101087.0103104,0.1808,2325,12862,0.191911,1.595,-1.084,1.235,7,0.176,70,0,0,"go(1.7,-1.2)d=0.6"
117,1776101089.0256727,0.1808,2325,12862,0.201286,1.707,-0.808,1.209,7,0.215,71,0,0,"go(1.7,-0.5)d=0.6"
118,1776101091.0385034,0.1808,2325,12862,0.188166,1.699,-0.35,1.179,7,0.181,72,0,0,"go(1.7,-0.1)d=0.7"
119,1776101093.0479865,0.1805,2321,12862,0.170547,1.608,-0.575,1.161,8,0.099,73,0,0,"go(1.7,-1.2)d=0.9"
120,1776101095.0573554,0.1805,2321,12862,0.167527,1.594,-1.04,1.174,8,0.214,73,0,0,"go(1.7,-1.2)d=0.7"
121,1776101097.0709047,0.1803,2319,12862,0.185272,1.708,-0.849,1.155,8,0.181,74,0,0,"go(1.7,-0.5)d=0.5"
122,1776101099.0825708,0.1823,2345,12862,0.188777,1.759,-0.482,1.141,8,0.079,74,0,26,"go(1.7,-0.1)d=0.7"
123,1776101101.095982,0.1823,2345,12862,0.182024,1.72,-0.765,1.175,8,0.235,75,0,0,"go(1.7,-1.2)d=0.7"
124,1776101103.1059031,0.1822,2344,12862,0.191263,1.697,-0.629,1.178,8,0.097,76,0,0,"go(1.7,-0.1)d=0.6"
125,1776101105.116401,0.1822,2344,12862,0.18079,1.706,-0.723,1.165,8,0.192,77,0,0,"go(1.7,-1.2)d=0.6"
126,1776101107.1327593,0.1816,2336,12862,0.187049,1.704,-1.245,1.123,7,0.02,77,0,0,"go(1.7,-1.2)d=0.5"
127,1776101109.145924,0.1816,2336,12862,0.216824,1.712,-1.133,1.145,7,0.092,78,0,0,"go(1.7,-0.5)d=0.7"
128,1776101111.1575854,0.1816,2336,12862,0.200575,1.736,-0.732,1.139,7,0.205,79,0,0,"go(1.7,-0.5)d=0.6"
129,1776101113.1664894,0.1811,2329,12862,0.180744,1.707,-0.429,1.203,7,0.103,79,0,0,"go(1.7,-0.1)d=0.6"
130,1776101115.1771677,0.1811,2329,12862,0.167932,1.679,-0.659,1.152,7,0.129,80,0,0,"go(1.7,-1.2)d=0.8"
131,1776101117.1887426,0.1812,2331,12862,0.166479,1.561,-1.068,1.143,7,0.211,80,0,2,"go(1.7,-1.2)d=0.6"
132,1776101119.204556,0.1815,2335,12862,0.187782,1.698,-0.892,1.153,7,0.159,81,0,4,"go(1.7,-0.5)d=0.6"
133,1776101121.214016,0.1815,2335,12862,0.187994,1.735,-0.483,1.165,7,0.061,82,0,0,"go(1.7,-0.1)d=0.8"
134,1776101123.224482,0.1822,2343,12862,0.169784,1.73,-0.691,1.142,7,0.163,83,0,8,"go(1.7,-1.2)d=0.7"
135,1776101125.2375987,0.1822,2343,12862,0.168244,1.627,-1.147,1.16,7,0.108,84,0,0,"go(1.7,-1.2)d=0.5"
136,1776101127.2574506,0.1822,2343,12862,0.190452,1.653,-0.836,1.153,7,0.229,85,0,0,"go(1.7,-0.5)d=0.6"
137,1776101129.2705314,0.1822,2343,12862,0.179149,1.731,-0.432,1.111,7,0.153,85,0,0,"go(1.7,-0.1)d=0.7"
138,1776101131.289279,0.1796,2349,13080,0.176899,1.731,-0.645,1.142,7,0.119,86,0,6,"go(1.7,-1.2)d=0.8"
139,1776101133.3039694,0.1796,2349,13080,0.185702,1.67,-1.011,1.213,7,0.157,87,0,0,"go(1.7,-1.2)d=0.6"
140,1776101135.3143232,0.1797,2350,13080,0.203476,1.745,-0.783,1.243,7,0.219,88,0,1,"go(1.7,-0.1)d=0.9"
141,1776101137.323686,0.1798,2352,13080,0.187098,1.722,-0.341,1.2,7,0.192,88,0,2,"go(1.7,-0.1)d=0.7"
142,1776101139.3375614,0.1798,2352,13080,0.175542,1.654,-0.61,1.23,7,0.09,89,0,0,"go(1.7,-1.2)d=0.9"
143,1776101141.3554916,0.1798,2352,13080,0.181578,1.661,-1.042,1.192,7,0.173,89,0,0,"go(1.7,-1.2)d=0.6"
144,1776101143.3682761,0.1798,2352,13080,0.197246,1.757,-0.778,1.2,7,0.22,90,0,0,"go(1.7,-0.5)d=0.5"
145,1776101145.3785336,0.1798,2352,13080,0.186458,1.747,-0.361,1.187,7,0.177,91,0,0,"go(1.7,-0.1)d=0.7"
146,1776101147.3899696,0.1798,2352,13080,0.168846,1.644,-0.592,1.178,7,0.081,92,0,0,"go(1.7,-1.2)d=0.9"
147,1776101149.4046264,0.1828,2351,12862,0.167169,1.646,-0.983,1.156,7,0.179,93,0,0,"go(1.7,-1.2)d=0.6"
148,1776101151.4147894,0.1828,2351,12862,0.18593,1.721,-0.757,1.186,7,0.227,94,0,0,"go(1.7,-0.1)d=0.9"
149,1776101153.4276018,0.1828,2351,12862,0.183864,1.697,-0.365,1.164,7,0.166,95,0,0,"go(1.7,-0.1)d=0.6"
150,1776101155.4461925,0.1828,2351,12862,0.174063,1.81,-0.558,1.125,7,0.116,96,0,0,"go(1.7,-1.2)d=0.9"
151,1776101157.4560714,0.1829,2352,12862,0.178514,1.647,-0.999,1.134,7,0.178,97,0,1,"go(1.7,-1.2)d=0.7"
152,1776101159.466111,0.1829,2352,12862,0.183824,1.678,-0.734,1.096,7,0.204,97,0,0,"go(1.7,-0.1)d=0.9"
153,1776101161.474006,0.1798,2352,13080,0.172801,1.708,-0.336,1.085,7,0.195,98,0,0,"go(1.7,-0.1)d=0.6"
154,1776101163.4891248,0.1798,2352,13080,0.167099,1.698,-0.618,1.106,7,0.086,99,0,0,"go(1.7,-1.2)d=0.9"
155,1776101165.4983168,0.1798,2352,13080,0.170366,1.7,-1.002,1.074,7,0.126,100,0,0,"go(1.7,-1.2)d=0.6"
156,1776101167.50812,0.18,2354,13080,0.186929,1.745,-0.79,1.085,7,0.213,101,0,2,"go(1.7,-0.1)d=0.9"
157,1776101169.5238748,0.18,2354,13080,0.171078,1.756,-0.346,1.078,7,0.194,102,0,0,"go(1.7,-0.1)d=0.7"
158,1776101171.5376368,0.18,2354,13080,0.158663,1.705,-0.568,1.086,7,0.037,103,0,0,"go(1.7,-1.2)d=0.9"
159,1776101173.5531664,0.18,2354,13080,0.157266,1.604,-1.014,1.108,7,0.223,104,0,0,"go(1.7,-1.2)d=0.7"
160,1776101175.5617185,0.1799,2353,13080,0.171756,1.721,-0.763,1.094,8,0.233,105,0,0,"go(1.7,-0.1)d=0.9"
161,1776101177.5703084,0.1799,2353,13080,0.172516,1.718,-0.37,1.091,8,0.163,106,0,0,"go(1.7,-0.1)d=0.6"
162,1776101179.5825593,0.1817,2377,13080,0.153726,1.645,-0.585,1.024,8,0.074,107,0,24,"go(1.7,-1.2)d=0.9"
163,1776101181.5956626,0.1819,2379,13080,0.171227,1.717,-1.089,1.028,8,0.137,108,0,2,"go(1.7,-1.2)d=0.6"
164,1776101183.6087205,0.1819,2379,13080,0.181754,1.698,-0.763,1.068,8,0.231,108,0,0,"go(1.7,-0.5)d=0.6"
165,1776101185.6215408,0.1817,2376,13080,0.169375,1.745,-0.309,1.11,8,0.185,109,0,0,"go(1.7,-0.1)d=0.6"
166,1776101187.6319637,0.1817,2376,13080,0.164302,1.729,-0.556,1.096,8,0.04,110,0,0,"go(1.7,-1.2)d=0.9"
167,1776101189.6494446,0.1817,2376,13080,0.167586,1.683,-0.964,1.116,8,0.144,111,0,0,"go(1.7,-1.2)d=0.7"
168,1776101191.6646879,0.1816,2364,13020,0.180926,1.674,-0.714,1.111,7,0.184,112,0,0,"go(1.7,-0.1)d=0.8"
169,1776101193.6752844,0.1816,2364,13020,0.175815,1.763,-0.914,1.129,7,0.096,113,0,0,"go(1.7,-1.2)d=0.5"
170,1776101195.6929395,0.1816,2364,13020,0.180834,1.721,-0.76,1.119,7,0.23,114,0,0,"go(1.7,-0.1)d=0.8"
171,1776101197.7119288,0.1816,2364,13020,0.168814,1.719,-0.34,1.104,7,0.193,115,0,0,"go(1.7,-0.1)d=0.6"
172,1776101199.7325926,0.1816,2364,13020,0.165726,1.74,-0.585,1.096,7,0.069,116,0,0,"go(1.7,-1.2)d=0.9"
173,1776101201.743531,0.1816,2364,13020,0.172351,1.711,-0.985,1.132,7,0.114,117,0,0,"go(1.7,-1.2)d=0.6"
174,1776101203.7536268,0.1816,2364,13020,0.181536,1.71,-0.72,1.168,7,0.189,118,0,0,"go(1.7,-0.1)d=0.9"
175,1776101205.7650063,0.1816,2364,13020,0.169182,1.717,-0.882,1.13,7,0.151,119,0,0,"go(1.7,-1.2)d=0.5"
176,1776101207.7763672,0.1816,2364,13020,0.176648,1.739,-0.786,1.126,7,0.219,120,0,0,"go(1.7,-0.1)d=0.8"
177,1776101209.791948,0.1816,2364,13020,0.173368,1.661,-0.302,1.123,7,0.174,121,0,0,"go(1.7,-0.1)d=0.7"
178,1776101211.8064933,0.1816,2364,13020,0.155949,1.596,-0.588,1.067,7,0.116,121,0,0,"go(1.7,-1.2)d=0.9"
179,1776101213.8210142,0.1824,2375,13020,0.159219,1.701,-1.027,1.089,8,0.131,122,0,11,"go(1.7,-1.2)d=0.6"
180,1776101215.8351226,0.1824,2375,13020,0.180535,1.645,-1.442,1.056,8,0.138,123,0,0,"go(1.7,-1.6)d=0.5"
181,1776101217.8504114,0.1826,2377,13020,0.21004,1.693,-1.275,1.034,8,0.051,124,0,2,"go(1.7,-0.5)d=0.9"
182,1776101219.8630807,0.1826,2377,13020,0.181419,1.736,-0.752,1.077,8,0.224,125,0,0,"go(1.7,-0.5)d=0.7"
183,1776101221.8725162,0.1826,2377,13020,0.165494,1.674,-0.408,1.071,8,0.125,125,0,0,"go(1.7,-0.1)d=0.6"
184,1776101223.8893993,0.1826,2377,13020,0.150427,1.61,-0.586,1.088,8,0.103,126,0,0,"go(1.7,-1.2)d=0.8"
185,1776101225.9002507,0.1826,2377,13020,0.1521,1.622,-0.966,1.105,8,0.204,127,0,0,"go(1.7,-1.2)d=0.6"
186,1776101227.910012,0.1826,2377,13020,0.163507,1.607,-0.671,1.015,8,0.166,128,0,0,"go(1.7,-0.1)d=0.8"
187,1776101229.9200788,0.1826,2377,13020,0.153964,1.655,-0.818,1.074,8,0.24,129,0,0,"go(1.7,-1.2)d=0.6"
188,1776101231.9346452,0.1826,2377,13020,0.162531,1.746,-0.687,1.083,8,0.164,130,0,0,"go(1.7,-0.1)d=0.7"
189,1776101233.9438832,0.1826,2377,13020,0.160043,1.613,-0.768,1.092,8,0.251,131,0,0,"go(1.7,-1.2)d=0.5"
190,1776101235.9594905,0.1825,2376,13020,0.149433,1.64,-0.63,0.995,8,0.114,132,0,0,"go(1.7,-0.1)d=0.6"
191,1776101239.9818602,0.1828,2380,13020,0.148983,1.638,-0.87,1.018,8,0.221,132,0,4,"go(1.7,-1.2)d=0.8"
192,1776101241.99105,0.1829,2381,13020,0.161329,1.659,-0.649,0.969,8,0.124,132,0,1,"go(1.7,-0.1)d=0.7"
193,1776101246.005932,0.1829,2381,13020,0.153499,1.611,-0.895,0.909,8,0.233,132,0,0,"go(1.7,-1.2)d=0.7"
194,1776101250.0237503,0.1849,2408,13020,0.166238,1.626,-0.627,0.91,8,0.119,132,0,27,"go(1.7,-0.1)d=0.8"
195,1776101254.042135,0.1849,2408,13020,0.157111,1.648,-0.772,0.951,8,0.246,132,0,0,"go(1.7,-1.2)d=0.7"
196,1776101258.061895,0.1849,2408,13020,0.170389,1.721,-0.564,0.959,8,0.041,132,0,0,"go(1.7,-0.1)d=0.7"
197,1776101262.081304,0.1849,2408,13020,0.160264,1.721,-0.809,1.021,8,0.207,132,0,0,"go(1.7,-1.2)d=0.7"
198,1776101264.0957427,0.1849,2407,13020,0.164818,1.736,-0.633,1.061,8,0.109,133,0,0,"go(1.7,-0.1)d=0.7"
199,1776101266.1110554,0.1849,2407,13020,0.162001,1.74,-0.75,1.037,8,0.223,133,0,0,"go(1.7,-1.2)d=0.6"
200,1776101268.125551,0.1849,2407,13020,0.175318,1.76,-0.609,1.014,8,0.1,134,0,0,"go(1.7,-0.1)d=0.6"
201,1776101270.1415687,0.1849,2407,13020,0.159948,1.714,-0.736,1.032,8,0.205,135,0,0,"go(1.7,-1.2)d=0.6"
202,1776101272.1515486,0.1849,2407,13020,0.167009,1.685,-0.697,1.031,8,0.166,135,0,0,"go(1.7,-0.1)d=0.6"
203,1776101274.164055,0.1849,2407,13020,0.156586,1.717,-0.727,1.06,8,0.197,136,0,0,"go(1.7,-1.2)d=0.5"
204,1776101276.182279,0.1865,2388,12803,0.157438,1.638,-0.604,1.017,8,0.093,137,0,0,"go(1.7,-0.1)d=0.6"
205,1776101278.1920414,0.1865,2388,12803,0.154893,1.661,-0.657,1.045,8,0.131,138,0,0,"go(1.7,-1.2)d=0.6"
206,1776101280.206614,0.1865,2388,12803,0.150483,1.651,-1.126,1.057,8,0.111,139,0,0,"go(1.7,-1.2)d=0.6"
207,1776101282.2221725,0.1865,2388,12803,0.171289,1.677,-0.878,1.041,8,0.184,140,0,0,"go(1.7,-0.5)d=0.6"
208,1776101284.2301657,0.1862,2384,12803,0.157726,1.665,-0.448,1.051,8,0.089,140,0,0,"go(1.7,-0.1)d=0.7"
209,1776101286.2471516,0.1867,2390,12803,0.151217,1.669,-0.683,1.059,7,0.154,141,0,6,"go(1.7,-1.2)d=0.8"
210,1776101288.2563825,0.1867,2390,12803,0.158622,1.654,-1.032,1.056,7,0.176,142,0,0,"go(1.7,-1.2)d=0.5"
211,1776101290.2698946,0.1867,2390,12803,0.172669,1.668,-0.859,1.069,7,0.203,143,0,0,"go(1.7,-0.5)d=0.5"
212,1776101292.2808673,0.1867,2390,12803,0.165277,1.71,-0.427,1.075,7,0.105,144,0,0,"go(1.7,-0.1)d=0.7"
213,1776101294.2911222,0.1867,2390,12803,0.155819,1.679,-0.689,1.052,7,0.159,145,0,0,"go(1.7,-1.2)d=0.8"
214,1776101296.3028946,0.1867,2390,12803,0.160747,1.639,-1.119,1.033,7,0.123,146,0,0,"go(1.7,-1.2)d=0.5"
215,1776101298.316991,0.1866,2389,12803,0.181317,1.695,-1.002,1.027,7,0.131,147,0,0,"go(1.7,-0.5)d=0.6"
216,1776101300.3303168,0.1866,2389,12803,0.179316,1.677,-0.582,1.016,7,0.054,148,0,0,"go(1.7,-0.1)d=0.9"
217,1776101302.3421865,0.1866,2389,12803,0.162391,1.669,-0.858,1.07,7,0.203,149,0,0,"go(1.7,-1.2)d=0.6"
218,1776101304.3500357,0.1866,2389,12803,0.164999,1.679,-0.728,1.068,7,0.198,150,0,0,"go(1.7,-0.1)d=0.7"
219,1776101306.3610325,0.1866,2389,12803,0.167107,1.697,-0.249,1.098,7,0.117,151,0,0,"go(1.7,-0.1)d=0.6"
220,1776101308.3709316,0.1864,2387,12803,0.150413,1.66,-0.411,1.035,7,0.125,152,0,0,"go(1.7,-1.2)d=1.0"
221,1776101310.387998,0.1864,2387,12803,0.155212,1.608,-0.837,1.147,7,0.264,153,0,0,"go(1.7,-1.2)d=0.8"
222,1776101312.3971736,0.1864,2387,12803,0.165656,1.64,-0.623,1.136,7,0.108,153,0,0,"go(1.7,-0.1)d=0.7"
223,1776101314.4076703,0.1867,2390,12803,0.157433,1.686,-0.733,1.087,7,0.202,154,0,3,"go(1.7,-1.2)d=0.6"
224,1776101316.427166,0.1867,2390,12803,0.167537,1.723,-0.588,1.113,7,0.062,155,0,0,"go(1.7,-0.1)d=0.6"
225,1776101318.440253,0.1867,2390,12803,0.165827,1.743,-0.638,1.138,7,0.116,156,0,0,"go(1.7,-1.2)d=0.6"
226,1776101320.4483256,0.186,2392,12862,0.173817,1.769,-1.1,1.119,7,0.126,157,0,2,"go(1.7,-1.2)d=0.6"
227,1776101322.4600203,0.186,2392,12862,0.193768,1.727,-1.003,1.116,7,0.099,158,0,0,"go(1.7,-0.5)d=0.6"
228,1776101324.4698803,0.186,2392,12862,0.183874,1.682,-0.497,1.162,7,0.037,158,0,0,"go(1.7,-0.1)d=0.9"
229,1776101326.4792686,0.186,2392,12862,0.175632,1.708,-0.729,1.216,7,0.198,159,0,0,"go(1.7,-1.2)d=0.7"
230,1776101328.494365,0.1858,2390,12862,0.192995,1.712,-0.667,1.253,7,0.136,160,0,0,"go(1.7,-0.1)d=0.6"
231,1776101330.509039,0.186,2392,12862,0.192132,1.733,-0.628,1.269,7,0.103,161,0,2,"go(1.7,-1.2)d=0.6"
232,1776101332.5197961,0.186,2392,12862,0.2027,1.75,-1.018,1.236,7,0.081,162,0,0,"go(1.7,-1.2)d=0.6"
233,1776101334.528607,0.186,2392,12862,0.2027,1.721,-0.984,1.305,7,0.104,162,0,0,"go(1.7,-0.1)d=0.9"
234,1776101336.542807,0.186,2392,12862,0.216288,1.667,-0.609,1.346,7,0.083,163,0,0,"go(1.7,-0.1)d=0.9"
235,1776101338.553278,0.1861,2394,12862,0.20572,1.664,-0.655,1.362,7,0.129,164,0,2,"go(1.7,-1.2)d=0.6"
236,1776101340.562796,0.1861,2394,12862,0.20572,1.716,-1.014,1.362,7,0.113,164,0,0,"go(1.7,-1.2)d=0.6"
237,1776101342.5735795,0.1861,2394,12862,0.218295,1.731,-1.022,1.368,7,0.101,165,0,0,"go(1.7,-0.1)d=0.9"
238,1776101344.5892458,0.1861,2394,12862,0.22533,1.687,-0.731,1.349,7,0.2,166,0,0,"go(1.7,-0.1)d=0.9"
239,1776101346.6047516,0.1861,2394,12862,0.22533,1.652,-0.662,1.376,7,0.138,166,0,0,"go(1.7,-1.2)d=0.5"
240,1776101348.6184123,0.1862,2395,12862,0.216376,1.714,-0.945,1.369,7,0.118,167,0,1,"go(1.7,-1.2)d=0.6"
241,1776101350.630595,0.1864,2397,12862,0.237959,1.747,-0.994,1.376,7,0.078,168,0,2,"go(1.7,-0.1)d=0.8"
242,1776101352.6430488,0.1864,2397,12862,0.237959,1.77,-0.647,1.38,7,0.137,168,0,0,"go(1.7,-0.1)d=0.9"
243,1776101354.6528926,0.1864,2398,12862,0.238542,1.741,-0.548,1.423,7,0.048,169,0,1,"go(1.7,-1.2)d=0.6"
244,1776101358.6738806,0.1865,2399,12862,0.236465,1.711,-0.388,1.433,7,0.143,170,0,1,"go(1.7,-0.1)d=0.6"
245,1776101362.097033,0.1868,2403,12862,0.225327,1.645,-0.569,1.403,7,0.064,171,0,4,"go(1.7,-1.2)d=0.9"
246,1776101365.1097977,0.1846,2414,13080,0.236069,1.654,-0.425,1.407,7,0.114,172,0,11,"go(1.7,-0.1)d=0.6"
247,1776101368.9348252,0.1846,2414,13080,0.23202,1.63,-0.638,1.404,7,0.126,173,0,0,"go(1.7,-1.2)d=1.0"
248,1776101371.346094,0.1845,2413,13080,0.240195,1.646,-0.99,1.393,7,0.179,174,0,0,"go(1.7,-1.2)d=0.5"
249,1776101373.3568559,0.1845,2413,13080,0.264021,1.706,-0.913,1.423,7,0.14,175,0,0,"go(1.7,-0.1)d=0.9"
250,1776101377.3709636,0.1846,2415,13080,0.253406,1.702,-0.479,1.417,7,0.052,175,0,2,"go(1.7,-0.1)d=0.6"
251,1776101380.3939219,0.1846,2415,13080,0.247453,1.673,-0.518,1.384,7,0.027,176,0,0,"go(1.7,-1.2)d=0.9"
252,1776101382.4173095,0.1846,2415,13080,0.246255,1.705,-0.827,1.369,7,0.201,176,0,0,"go(1.7,-1.2)d=0.7"
253,1776101384.4331162,0.1846,2415,13080,0.258056,1.715,-0.737,1.432,7,0.206,177,0,0,"go(1.7,-0.1)d=0.7"
254,1776101388.4628413,0.1847,2416,13080,0.261317,1.58,-0.796,1.433,7,0.289,178,0,1,"go(1.7,-1.2)d=0.7"
255,1776101392.4856825,0.1847,2416,13080,0.26634,1.669,-0.646,1.438,7,0.118,178,0,0,"go(1.7,-0.1)d=0.8"
256,1776101396.5191157,0.1847,2416,13080,0.253394,1.686,-0.761,1.406,7,0.23,179,0,0,"go(1.7,-1.2)d=0.7"
257,1776101400.5463843,0.1847,2416,13080,0.266787,1.664,-0.541,1.451,7,0.034,179,0,0,"go(1.7,-0.1)d=0.7"
258,1776101404.5626435,0.1847,2416,13080,0.266205,1.686,-0.656,1.456,7,0.126,180,0,0,"go(1.7,-1.2)d=0.8"
259,1776101408.5886488,0.1847,2416,13080,0.27624,1.678,-0.545,1.471,7,0.023,181,0,0,"go(1.7,-0.1)d=0.6"
260,1776101412.6200693,0.1848,2417,13080,0.259304,1.732,-0.541,1.433,7,0.036,182,0,1,"go(1.7,-1.2)d=0.9"
261,1776101416.6494935,0.1848,2417,13080,0.261114,1.743,-0.769,1.425,7,0.233,183,0,0,"go(1.7,-1.2)d=0.5"
262,1776101420.6707556,0.185,2420,13080,0.265406,1.726,-0.781,1.379,7,0.229,183,0,3,"go(1.7,-0.1)d=0.8"
263,1776101422.6832201,0.185,2420,13080,0.265406,1.713,-0.416,1.372,7,0.116,183,0,0,"go(1.7,-0.1)d=0.7"
264,1776101424.695677,0.1846,2414,13080,0.252822,1.694,-0.443,1.392,7,0.088,184,0,0,"go(1.7,-1.2)d=0.8"
265,1776101426.7248378,0.1846,2414,13080,0.252089,1.74,-0.83,1.361,7,0.179,184,0,0,"go(1.7,-1.2)d=0.8"
266,1776101428.7408645,0.1846,2414,13080,0.269763,1.827,-0.637,1.379,7,0.168,185,0,0,"go(1.7,-0.1)d=0.7"
267,1776101430.7531528,0.1846,2414,13080,0.258355,1.76,-0.637,1.399,7,0.123,186,0,0,"go(1.7,-1.2)d=0.6"
268,1776101432.7631795,0.1851,2421,13080,0.250121,1.715,-1.093,1.364,7,0.133,187,0,7,"go(1.7,-1.2)d=0.6"
269,1776101434.7764108,0.1924,2517,13080,0.26798,1.744,-0.944,1.334,7,0.092,188,0,96,"go(1.7,-0.5)d=0.6"
270,1776101436.7880566,0.1968,2574,13080,0.258514,1.742,-0.554,1.383,7,0.05,188,0,57,"go(1.7,-0.1)d=0.8"
271,1776101438.7980914,0.1982,2593,13080,0.263435,1.683,-0.728,1.383,7,0.197,188,0,19,"go(1.7,-1.2)d=0.7"
272,1776101440.8150527,0.1984,2595,13080,0.2557,1.678,-0.64,1.43,7,0.11,188,0,2,"go(1.7,-0.1)d=0.6"
273,1776101443.6283658,0.1991,2604,13080,0.266583,1.71,-0.7,1.345,7,0.169,188,0,9,"go(1.7,-1.2)d=0.7"
274,1776101445.6419005,0.1991,2604,13080,0.275696,1.699,-1.213,1.384,7,0.012,188,0,0,"go(1.7,-1.2)d=0.5"
275,1776101447.672205,0.2018,2639,13080,0.290816,1.716,-1.026,1.337,7,0.116,189,0,35,"go(1.7,-0.5)d=0.7"
276,1776101449.6867235,0.2018,2639,13080,0.26138,1.704,-0.662,1.346,7,0.131,189,0,0,"go(1.7,-0.1)d=0.9"
277,1776101451.698778,0.2014,2634,13080,0.260311,1.705,-0.772,1.402,7,0.241,189,0,0,"go(1.7,-1.2)d=0.6"
278,1776101454.7107286,0.2016,2637,13080,0.260847,1.66,-0.736,1.36,7,0.208,190,0,3,"go(1.7,-0.1)d=0.8"
279,1776101456.7219453,0.2019,2641,13080,0.242451,1.601,-0.363,1.337,7,0.194,191,0,4,"go(1.7,-0.1)d=0.6"
280,1776101458.7378213,0.2021,2643,13080,0.226692,1.619,-0.453,1.357,7,0.11,192,0,2,"go(1.7,-1.2)d=0.9"
281,1776101460.7460954,0.2018,2639,13080,0.222967,1.682,-0.851,1.316,7,0.198,192,0,0,"go(1.7,-1.2)d=0.8"
282,1776101462.7572677,0.202,2642,13080,0.237615,1.654,-0.661,1.322,7,0.136,193,0,3,"go(1.7,-0.1)d=0.7"
283,1776101464.7667418,0.2024,2648,13080,0.222136,1.633,-0.636,1.293,7,0.123,193,0,6,"go(1.7,-1.2)d=0.6"
284,1776101466.7770967,0.2027,2651,13080,0.228192,1.654,-1.11,1.273,7,0.124,194,0,3,"go(1.7,-1.2)d=0.6"
285,1776101468.7886407,0.203,2655,13080,0.244032,1.677,-0.918,1.302,7,0.164,195,0,4,"go(1.7,-0.5)d=0.6"
286,1776101470.798649,0.203,2655,13080,0.226158,1.663,-0.468,1.256,7,0.072,196,0,0,"go(1.7,-0.1)d=0.8"
287,1776101472.8089356,0.206,2694,13080,0.198478,1.653,-0.686,1.259,7,0.161,197,0,39,"go(1.7,-1.2)d=0.8"
288,1776101474.8201706,0.207,2707,13080,0.19536,1.733,-1.129,1.264,7,0.101,198,0,13,"go(1.7,-1.2)d=0.5"
289,1776101476.8304265,0.2075,2714,13080,0.214341,1.662,-0.901,1.236,7,0.184,199,0,7,"go(1.7,-0.5)d=0.6"
290,1776101478.846852,0.2075,2714,13080,0.206496,1.666,-0.471,1.182,7,0.067,200,0,0,"go(1.7,-0.1)d=0.8"
291,1776101480.8604546,0.2075,2714,13080,0.1847,1.594,-0.627,1.189,7,0.141,201,0,0,"go(1.7,-1.2)d=0.8"
292,1776101482.877463,0.208,2720,13080,0.181006,1.666,-1.03,1.166,7,0.165,202,0,6,"go(1.7,-1.2)d=0.6"
293,1776101484.8869455,0.208,2720,13080,0.203971,1.695,-1.378,1.233,7,0.127,203,0,0,"go(1.7,-1.6)d=0.5"
294,1776101486.8979511,0.208,2720,13080,0.23017,1.724,-1.174,1.268,7,0.056,204,0,0,"go(1.7,-0.5)d=0.8"
295,1776101488.9074142,0.208,2720,13080,0.239374,1.751,-0.782,1.209,7,0.218,204,0,0,"go(1.7,-0.5)d=0.6"
296,1776101490.9218352,0.208,2720,13080,0.211948,1.768,-0.455,1.198,7,0.104,205,0,0,"go(1.7,-0.1)d=0.7"
297,1776101492.937752,0.208,2720,13080,0.197442,1.732,-0.55,1.218,7,0.039,206,0,0,"go(1.7,-1.2)d=0.8"
298,1776101494.9489288,0.208,2721,13080,0.189023,1.713,-1.0,1.222,7,0.112,207,0,1,"go(1.7,-1.2)d=0.7"
299,1776101496.964429,0.208,2721,13080,0.195999,1.703,-0.748,1.181,7,0.217,208,0,0,"go(1.7,-0.1)d=0.9"
300,1776101498.982554,0.208,2721,13080,0.194672,1.701,-0.362,1.151,7,0.17,209,0,0,"go(1.7,-0.1)d=0.6"
301,1776101500.9942102,0.2079,2719,13080,0.179352,1.752,-0.454,1.169,7,0.095,210,0,0,"go(1.7,-1.2)d=0.9"
302,1776101503.0066614,0.2079,2719,13080,0.174367,1.669,-0.905,1.15,7,0.177,211,0,0,"go(1.7,-1.2)d=0.8"
303,1776101505.0231383,0.2079,2719,13080,0.185256,1.657,-0.682,1.161,7,0.156,211,0,0,"go(1.7,-0.1)d=0.8"
304,1776101507.0419288,0.2079,2719,13080,0.185256,1.768,-0.772,1.137,7,0.223,211,0,0,"go(1.7,-1.2)d=0.5"
305,1776101509.0588522,0.2079,2719,13080,0.178946,1.7,-0.873,1.136,7,0.169,212,0,0,"go(1.7,-0.1)d=0.6"
306,1776101511.075011,0.2079,2719,13080,0.188759,1.754,-0.393,1.127,7,0.149,213,0,0,"go(1.7,-0.1)d=0.7"
307,1776101513.086348,0.2079,2719,13080,0.173833,1.708,-0.527,1.149,7,0.011,214,0,0,"go(1.7,-1.2)d=0.8"
308,1776101515.1036952,0.2079,2719,13080,0.16818,1.714,-0.983,1.135,7,0.111,214,0,0,"go(1.7,-1.2)d=0.7"
309,1776101517.117117,0.2079,2719,13080,0.174946,1.681,-0.829,1.129,7,0.214,215,0,0,"go(1.7,-0.1)d=0.9"
310,1776101519.1306658,0.2079,2719,13080,0.179977,1.692,-0.447,1.161,7,0.085,216,0,0,"go(1.7,-0.1)d=0.7"
311,1776101521.1481578,0.2079,2719,13080,0.169092,1.72,-0.519,1.123,7,0.027,217,0,0,"go(1.7,-1.2)d=0.8"
312,1776101523.1597266,0.2073,2711,13080,0.168648,1.733,-0.932,1.137,7,0.107,218,0,0,"go(1.7,-1.2)d=0.7"
313,1776101525.171273,0.2073,2711,13080,0.180372,1.764,-0.733,1.167,7,0.212,219,0,0,"go(1.7,-0.1)d=0.8"
314,1776101527.1813526,0.2073,2711,13080,0.182548,1.775,-0.312,1.129,7,0.199,220,0,0,"go(1.7,-0.1)d=0.6"
315,1776101529.1951973,0.2073,2711,13080,0.173228,1.725,-0.545,1.168,7,0.031,221,0,0,"go(1.7,-1.2)d=0.9"
316,1776101531.204861,0.2073,2711,13080,0.180928,1.747,-0.951,1.163,7,0.087,222,0,0,"go(1.7,-1.2)d=0.7"
317,1776101533.2167604,0.2073,2711,13080,0.180928,1.724,-0.757,1.199,7,0.227,223,0,0,"go(1.7,-0.1)d=0.8"
318,1776101535.2262359,0.2073,2711,13080,0.190212,1.73,-0.381,1.156,7,0.154,224,0,0,"go(1.7,-0.1)d=0.6"
319,1776101537.2349277,0.2073,2711,13080,0.180534,1.742,-0.423,1.199,7,0.117,225,0,0,"go(1.7,-1.2)d=0.8"
320,1776101539.24321,0.2073,2711,13080,0.183931,1.703,-0.731,1.223,7,0.2,226,0,0,"go(1.7,-1.2)d=0.8"
321,1776101541.2528143,0.2073,2711,13080,0.196848,1.737,-0.791,1.244,7,0.215,227,0,0,"go(1.7,-0.1)d=0.6"
322,1776101543.2627323,0.2073,2711,13080,0.196848,1.735,-0.437,1.286,7,0.102,227,0,0,"go(1.7,-0.1)d=0.7"
323,1776101545.2720451,0.207,2708,13080,0.189957,1.691,-0.522,1.255,7,0.011,228,0,0,"go(1.7,-1.2)d=0.8"
324,1776101547.2804325,0.207,2708,13080,0.189492,1.688,-0.933,1.279,7,0.147,229,0,0,"go(1.7,-1.2)d=0.7"
325,1776101549.2972665,0.207,2708,13080,0.206233,1.662,-0.79,1.306,7,0.256,230,0,0,"go(1.7,-0.1)d=0.8"
326,1776101551.3212824,0.207,2708,13080,0.193961,1.685,-0.408,1.279,7,0.124,231,0,0,"go(1.7,-0.1)d=0.7"
327,1776101553.337401,0.207,2708,13080,0.193961,1.648,-0.464,1.266,7,0.083,231,0,0,"go(1.7,-1.2)d=0.8"
328,1776101555.3545265,0.207,2708,13080,0.190352,1.719,-0.798,1.267,7,0.217,232,0,0,"go(1.7,-1.2)d=0.8"
329,1776101557.3638947,0.207,2708,13080,0.206376,1.791,-0.76,1.286,7,0.23,233,0,0,"go(1.7,-0.1)d=0.7"
330,1776101559.3759062,0.207,2708,13080,0.210195,1.784,-0.422,1.288,7,0.14,234,0,0,"go(1.7,-0.1)d=0.6"
331,1776101561.3983083,0.207,2708,13080,0.210195,1.764,-0.507,1.301,7,0.072,234,0,0,"go(1.7,-1.2)d=0.8"
332,1776101563.4191816,0.207,2708,13080,0.201054,1.746,-0.901,1.312,7,0.117,235,0,0,"go(1.7,-1.2)d=0.7"
333,1776101565.4351315,0.207,2708,13080,0.207227,1.741,-0.804,1.305,7,0.202,236,0,0,"go(1.7,-0.1)d=0.8"
334,1776101567.4481869,0.207,2708,13080,0.20799,1.674,-0.451,1.318,7,0.083,237,0,0,"go(1.7,-0.1)d=0.7"
335,1776101569.4584017,0.207,2708,13080,0.193892,1.66,-0.487,1.265,7,0.058,238,0,0,"go(1.7,-1.2)d=0.8"
336,1776101571.4692178,0.207,2708,13080,0.20152,1.725,-0.941,1.278,7,0.11,239,0,0,"go(1.7,-1.2)d=0.7"
337,1776101573.4865184,0.207,2708,13080,0.221202,1.758,-0.859,1.272,7,0.145,240,0,0,"go(1.7,-0.1)d=0.8"
338,1776101575.519318,0.207,2708,13080,0.208825,1.725,-0.49,1.258,7,0.049,241,0,0,"go(1.7,-0.1)d=0.7"
339,1776101577.5380116,0.207,2708,13080,0.197546,1.741,-0.626,1.284,7,0.104,241,0,0,"go(1.7,-1.2)d=0.7"
340,1776101579.548384,0.207,2708,13080,0.207875,1.702,-1.116,1.2,7,0.109,242,0,0,"go(1.7,-1.2)d=0.6"
341,1776101581.5631325,0.207,2708,13080,0.207875,1.667,-0.957,1.302,7,0.161,243,0,0,"go(1.7,-0.5)d=0.6"
342,1776101583.5777938,0.207,2708,13080,0.202578,1.725,-0.489,1.334,7,0.051,244,0,0,"go(1.7,-0.1)d=0.8"
343,1776101585.5958986,0.207,2708,13080,0.202578,1.661,-0.683,1.282,7,0.156,244,0,0,"go(1.7,-1.2)d=0.7"
344,1776101587.6055224,0.207,2708,13080,0.188545,1.681,-1.113,1.28,7,0.114,245,0,0,"go(1.7,-1.2)d=0.5"
345,1776101589.6205897,0.207,2708,13080,0.215572,1.717,-0.915,1.209,7,0.13,246,0,0,"go(1.7,-0.5)d=0.6"
346,1776101591.6381705,0.207,2708,13080,0.215572,1.796,-0.447,1.251,7,0.13,246,0,0,"go(1.7,-0.1)d=0.8"
347,1776101593.662624,0.2072,2710,13080,0.204653,1.807,-0.607,1.254,7,0.134,247,0,2,"go(1.7,-1.2)d=0.8"
348,1776101595.6718633,0.2072,2710,13080,0.203459,1.774,-1.021,1.244,7,0.061,248,0,0,"go(1.7,-1.2)d=0.6"
349,1776101597.6866357,0.2072,2710,13080,0.227065,1.816,-0.81,1.3,7,0.178,249,0,0,"go(1.7,-0.1)d=0.9"
350,1776101599.7034953,0.2072,2710,13080,0.206332,1.703,-0.364,1.279,7,0.167,250,0,0,"go(1.7,-0.1)d=0.7"
351,1776101601.7123873,0.2072,2710,13080,0.191699,1.696,-0.588,1.257,7,0.056,251,0,0,"go(1.7,-1.2)d=0.9"
352,1776101603.725776,0.2072,2710,13080,0.198166,1.694,-0.964,1.22,7,0.133,252,0,0,"go(1.7,-1.2)d=0.6"
353,1776101605.7371876,0.2072,2710,13080,0.211037,1.683,-0.743,1.278,7,0.212,253,0,0,"go(1.7,-0.1)d=0.8"
354,1776101607.7500699,0.2072,2710,13080,0.202654,1.645,-0.261,1.332,7,0.138,254,0,0,"go(1.7,-0.1)d=0.6"
355,1776101609.7645974,0.2072,2710,13080,0.194605,1.637,-0.407,1.331,7,0.138,255,0,0,"go(1.7,-1.2)d=1.0"
356,1776101611.7764838,0.2072,2710,13080,0.193475,1.663,-0.774,1.285,7,0.245,256,0,0,"go(1.7,-1.2)d=0.8"
357,1776101613.7870018,0.2072,2710,13080,0.207303,1.712,-0.741,1.263,7,0.211,257,0,0,"go(1.7,-0.1)d=0.6"
358,1776101615.801829,0.2072,2710,13080,0.207303,1.712,-0.353,1.321,7,0.179,257,0,0,"go(1.7,-0.1)d=0.6"
359,1776101617.8178215,0.2072,2710,13080,0.205499,1.685,-0.36,1.37,7,0.172,257,0,0,"go(1.7,-1.2)d=0.9"
360,1776101619.829627,0.2072,2710,13080,0.20279,1.696,-0.646,1.358,7,0.115,258,0,0,"go(1.7,-1.2)d=0.9"
361,1776101621.8484828,0.2072,2710,13080,0.210112,1.712,-1.034,1.353,7,0.122,259,0,0,"go(1.7,-1.2)d=0.6"
362,1776101623.8578432,0.2073,2711,13080,0.22408,1.707,-0.917,1.319,7,0.137,260,0,1,"go(1.7,-0.5)d=0.5"
363,1776101625.8662348,0.2073,2711,13080,0.206142,1.61,-0.423,1.315,7,0.139,261,0,0,"go(1.7,-0.1)d=0.8"
364,1776101627.8762512,0.2073,2711,13080,0.196611,1.645,-0.665,1.304,7,0.144,262,0,0,"go(1.7,-1.2)d=0.8"
365,1776101629.8850348,0.2073,2711,13080,0.209299,1.699,-1.034,1.31,7,0.134,263,0,0,"go(1.7,-1.2)d=0.6"
366,1776101631.8950582,0.2073,2712,13080,0.232298,1.684,-0.836,1.297,7,0.207,263,0,1,"go(1.7,-0.5)d=0.5"
367,1776101633.9038074,0.2073,2712,13080,0.2196,1.675,-0.327,1.316,7,0.197,264,0,0,"go(1.7,-0.1)d=0.7"
368,1776101635.9133768,0.2073,2712,13080,0.212046,1.671,-0.534,1.345,7,0.026,265,0,0,"go(1.7,-1.2)d=0.9"
369,1776101637.9242318,0.2073,2712,13080,0.217904,1.646,-0.939,1.368,7,0.185,266,0,0,"go(1.7,-1.2)d=0.7"
370,1776101639.9427905,0.2073,2712,13080,0.230533,1.627,-0.698,1.341,7,0.18,267,0,0,"go(1.7,-0.1)d=0.8"
371,1776101641.9549787,0.2073,2712,13080,0.228378,1.69,-0.771,1.352,7,0.24,268,0,0,"go(1.7,-1.2)d=0.5"
372,1776101643.9666224,0.2073,2712,13080,0.221878,1.698,-0.752,1.31,7,0.221,269,0,0,"go(1.7,-0.1)d=0.6"
373,1776101645.988026,0.2073,2712,13080,0.234806,1.578,-0.283,1.345,7,0.191,270,0,0,"go(1.7,-0.1)d=0.6"
374,1776101647.998683,0.2073,2712,13080,0.220484,1.684,-0.521,1.354,7,0.017,271,0,0,"go(1.7,-1.2)d=0.9"
375,1776101650.0130823,0.2073,2712,13080,0.227461,1.701,-0.911,1.364,7,0.146,272,0,0,"go(1.7,-1.2)d=0.7"
376,1776101652.033312,0.2073,2712,13080,0.242986,1.709,-0.697,1.383,7,0.167,273,0,0,"go(1.7,-0.1)d=0.8"
377,1776101654.0492027,0.2073,2712,13080,0.248149,1.675,-0.849,1.354,7,0.204,274,0,0,"go(1.7,-1.2)d=0.5"
378,1776101656.0674605,0.2073,2712,13080,0.24564,1.681,-0.755,1.332,7,0.224,275,0,0,"go(1.7,-0.1)d=0.7"
379,1776101658.0864584,0.2073,2712,13080,0.222127,1.691,-0.236,1.341,7,0.104,276,0,0,"go(1.7,-0.1)d=0.6"
380,1776101660.095624,0.2073,2712,13080,0.213185,1.67,-0.488,1.262,7,0.05,277,0,0,"go(1.7,-1.2)d=1.0"
381,1776101662.109062,0.2073,2712,13080,0.224939,1.715,-0.965,1.346,7,0.113,278,0,0,"go(1.7,-1.2)d=0.7"
382,1776101664.1221764,0.2073,2712,13080,0.231637,1.645,-0.707,1.298,7,0.183,278,0,0,"go(1.7,-0.1)d=0.8"
383,1776101666.1395802,0.2083,2724,13080,0.209606,1.68,-0.792,1.31,7,0.243,279,0,12,"go(1.7,-1.2)d=0.5"
384,1776101668.1517599,0.2083,2724,13080,0.211772,1.732,-0.747,1.221,7,0.219,280,0,0,"go(1.7,-0.1)d=0.7"
385,1776101670.1687276,0.2083,2724,13080,0.211344,1.698,-0.242,1.256,7,0.111,281,0,0,"go(1.7,-0.1)d=0.6"
386,1776101672.1816745,0.2083,2724,13080,0.194161,1.704,-0.479,1.241,7,0.053,282,0,0,"go(1.7,-1.2)d=1.0"
387,1776101674.1941657,0.2083,2724,13080,0.192378,1.747,-0.931,1.22,7,0.096,283,0,0,"go(1.7,-1.2)d=0.7"
388,1776101676.211919,0.2083,2724,13080,0.203135,1.673,-0.685,1.206,7,0.156,284,0,0,"go(1.7,-0.1)d=0.8"
389,1776101678.2285519,0.2083,2724,13080,0.20743,1.764,-0.822,1.237,7,0.176,285,0,0,"go(1.7,-1.2)d=0.5"
390,1776101680.2416253,0.2083,2724,13080,0.205216,1.794,-0.705,1.252,7,0.2,286,0,0,"go(1.7,-0.1)d=0.7"
391,1776101682.253953,0.2083,2724,13080,0.21406,1.7,-0.733,1.221,7,0.202,287,0,0,"go(1.7,-1.2)d=0.5"
392,1776101684.2655215,0.2083,2724,13080,0.192376,1.656,-0.706,1.232,7,0.179,288,0,0,"go(1.7,-0.1)d=0.6"
393,1776101686.2746563,0.2083,2724,13080,0.20096,1.686,-0.774,1.219,7,0.243,289,0,0,"go(1.7,-1.2)d=0.5"
394,1776101688.2852173,0.2084,2726,13080,0.200196,1.697,-0.676,1.251,7,0.145,290,0,2,"go(1.7,-0.1)d=0.6"
395,1776101690.2937233,0.209,2734,13080,0.18186,1.717,-0.77,1.23,7,0.24,291,0,8,"go(1.7,-1.2)d=0.5"
396,1776101692.305107,0.209,2734,13080,0.19253,1.663,-0.734,1.175,7,0.206,291,0,0,"go(1.7,-0.1)d=0.6"
397,1776101694.3137584,0.2093,2737,13080,0.177854,1.646,-0.284,1.174,7,0.16,292,0,3,"go(1.7,-0.1)d=0.6"
398,1776101696.3261256,0.2093,2737,13080,0.170632,1.654,-0.518,1.19,7,0.044,293,0,0,"go(1.7,-1.2)d=0.9"
399,1776101698.3365295,0.2095,2740,13080,0.173025,1.673,-0.996,1.182,7,0.152,294,0,3,"go(1.7,-1.2)d=0.7"
400,1776101700.3548715,0.2095,2740,13080,0.189123,1.635,-0.795,1.179,7,0.27,295,0,0,"go(1.7,-0.1)d=0.9"
401,1776101702.3633814,0.209,2734,13080,0.185948,1.642,-0.391,1.151,7,0.151,296,0,0,"go(1.7,-0.1)d=0.7"
402,1776101704.3732712,0.209,2734,13080,0.172114,1.733,-0.578,1.136,7,0.059,297,0,0,"go(1.7,-1.2)d=0.8"
403,1776101706.3841667,0.209,2734,13080,0.171945,1.722,-0.975,1.189,7,0.104,298,0,0,"go(1.7,-1.2)d=0.6"
404,1776101708.398824,0.209,2734,13080,0.180746,1.733,-0.794,1.167,7,0.214,299,0,0,"go(1.7,-0.1)d=0.8"
405,1776101710.4170258,0.209,2734,13080,0.182385,1.615,-0.338,1.124,7,0.21,300,0,0,"go(1.7,-0.1)d=0.7"
406,1776101712.4313889,0.209,2734,13080,0.161062,1.675,-0.539,1.141,7,0.023,301,0,0,"go(1.7,-1.2)d=0.9"
407,1776101714.443595,0.209,2734,13080,0.15908,1.742,-0.968,1.126,7,0.086,302,0,0,"go(1.7,-1.2)d=0.7"
408,1776101716.4554193,0.209,2734,13080,0.173758,1.704,-0.816,1.103,7,0.21,303,0,0,"go(1.7,-0.1)d=0.8"
409,1776101718.4645407,0.209,2734,13080,0.17636,1.698,-0.381,1.111,7,0.15,304,0,0,"go(1.7,-0.1)d=0.7"
410,1776101720.4752648,0.209,2734,13080,0.162623,1.702,-0.586,1.074,7,0.055,305,0,0,"go(1.7,-1.2)d=0.8"
411,1776101722.4892652,0.209,2734,13080,0.160081,1.702,-1.022,1.117,7,0.128,306,0,0,"go(1.7,-1.2)d=0.6"
412,1776101724.5053225,0.2097,2743,13080,0.172945,1.715,-0.801,1.137,7,0.216,307,0,9,"go(1.7,-0.1)d=0.9"
413,1776101726.5214963,0.2097,2743,13080,0.182175,1.723,-0.382,1.138,7,0.151,308,0,0,"go(1.7,-0.1)d=0.7"
414,1776101728.54176,0.2097,2743,13080,0.162046,1.719,-0.636,1.121,7,0.107,309,0,0,"go(1.7,-1.2)d=0.8"
415,1776101730.5614727,0.2097,2743,13080,0.17506,1.739,-1.042,1.163,7,0.102,310,0,0,"go(1.7,-1.2)d=0.6"
416,1776101732.57951,0.2097,2743,13080,0.190436,1.756,-0.879,1.118,7,0.129,311,0,0,"go(1.7,-0.5)d=0.5"
417,1776101734.5946834,0.2097,2743,13080,0.17477,1.74,-0.426,1.157,7,0.114,312,0,0,"go(1.7,-0.1)d=0.7"
418,1776101736.605054,0.2097,2743,13080,0.168995,1.706,-0.604,1.149,7,0.073,313,0,0,"go(1.7,-1.2)d=0.8"
419,1776101738.614475,0.2097,2743,13080,0.178324,1.753,-1.036,1.199,7,0.087,314,0,0,"go(1.7,-1.2)d=0.6"
420,1776101740.6269588,0.2097,2743,13080,0.195143,1.748,-0.86,1.224,7,0.149,315,0,0,"go(1.7,-0.5)d=0.5"
421,1776101742.6380866,0.2097,2743,13080,0.189019,1.672,-0.435,1.199,7,0.1,316,0,0,"go(1.7,-0.1)d=0.7"
422,1776101744.6506257,0.2097,2743,13080,0.175246,1.652,-0.58,1.179,7,0.067,317,0,0,"go(1.7,-1.2)d=0.8"
423,1776101746.6676826,0.2097,2743,13080,0.180842,1.717,-0.939,1.267,7,0.119,318,0,0,"go(1.7,-1.2)d=0.6"
424,1776101748.6832545,0.2097,2743,13080,0.202186,1.727,-0.726,1.309,7,0.197,319,0,0,"go(1.7,-0.1)d=0.8"
425,1776101750.7007117,0.2097,2743,13080,0.210878,1.66,-0.834,1.296,7,0.225,320,0,0,"go(1.7,-1.2)d=0.5"
426,1776101752.720676,0.2097,2743,13080,0.20035,1.702,-0.804,1.287,7,0.221,321,0,0,"go(1.7,-0.1)d=0.7"
427,1776101754.7456903,0.2097,2743,13080,0.213356,1.682,-0.316,1.318,7,0.185,322,0,0,"go(1.7,-0.1)d=0.7"
428,1776101756.7675893,0.2097,2743,13080,0.195726,1.674,-0.453,1.288,7,0.082,323,0,0,"go(1.7,-1.2)d=0.9"
429,1776101758.7798095,0.2097,2743,13080,0.193321,1.694,-0.884,1.3,7,0.167,324,0,0,"go(1.7,-1.2)d=0.8"
430,1776101760.7951212,0.2097,2743,13080,0.205618,1.693,-0.689,1.283,7,0.158,325,0,0,"go(1.7,-0.1)d=0.8"
431,1776101762.8118358,0.2097,2743,13080,0.210849,1.71,-0.807,1.279,7,0.214,326,0,0,"go(1.7,-1.2)d=0.5"
432,1776101764.826417,0.2097,2743,13080,0.199319,1.697,-0.777,1.285,7,0.245,327,0,0,"go(1.7,-0.1)d=0.7"
433,1776101766.842381,0.2097,2743,13080,0.215239,1.677,-0.315,1.299,7,0.184,328,0,0,"go(1.7,-0.1)d=0.6"
434,1776101768.8515465,0.2099,2746,13080,0.196452,1.695,-0.47,1.302,7,0.061,329,0,3,"go(1.7,-1.2)d=0.9"
435,1776101770.8612683,0.2099,2746,13080,0.208598,1.67,-0.887,1.32,7,0.185,330,0,0,"go(1.7,-1.2)d=0.8"
436,1776101772.8800511,0.2099,2746,13080,0.227692,1.688,-0.653,1.323,7,0.122,331,0,0,"go(1.7,-0.1)d=0.8"
437,1776101774.890754,0.2099,2746,13080,0.220974,1.739,-0.781,1.354,7,0.224,332,0,0,"go(1.7,-1.2)d=0.6"
438,1776101776.9009511,0.2099,2746,13080,0.22949,1.728,-0.707,1.359,7,0.179,333,0,0,"go(1.7,-0.1)d=0.7"
439,1776101778.9202337,0.2099,2746,13080,0.225295,1.665,-0.769,1.369,7,0.24,334,0,0,"go(1.7,-1.2)d=0.5"
440,1776101780.936975,0.2099,2746,13080,0.219786,1.658,-0.676,1.381,7,0.15,335,0,0,"go(1.7,-0.1)d=0.6"
441,1776101782.953041,0.2099,2746,13080,0.221203,1.689,-0.714,1.365,7,0.183,336,0,0,"go(1.7,-1.2)d=0.6"
442,1776101784.9675229,0.2101,2748,13080,0.216544,1.635,-1.208,1.364,7,0.069,337,0,2,"go(1.7,-1.2)d=0.5"
443,1776101786.9795954,0.2101,2748,13080,0.244994,1.632,-0.898,1.344,7,0.212,338,0,0,"go(1.7,-0.5)d=0.7"
444,1776101788.98927,0.2101,2748,13080,0.244994,1.683,-0.48,1.398,7,0.053,338,0,0,"go(1.7,-0.1)d=0.8"
445,1776101791.009778,0.2101,2748,13080,0.225599,1.679,-0.683,1.369,7,0.153,339,0,0,"go(1.7,-1.2)d=0.7"
446,1776101793.0296273,0.2101,2748,13080,0.233708,1.74,-1.098,1.371,7,0.133,340,0,0,"go(1.7,-1.2)d=0.5"
447,1776101795.0428846,0.2101,2748,13080,0.249628,1.653,-0.847,1.355,7,0.222,341,0,0,"go(1.7,-0.5)d=0.6"
448,1776101797.0676773,0.2095,2740,13080,0.233965,1.659,-0.459,1.394,7,0.082,341,0,0,"go(1.7,-0.1)d=0.7"
449,1776101799.091424,0.2093,2737,13080,0.223501,1.692,-0.542,1.401,7,0.012,342,0,0,"go(1.7,-1.2)d=0.8"
450,1776101803.1179829,0.2112,2763,13080,0.223976,1.701,-0.773,1.39,7,0.242,342,0,26,"go(1.7,-1.2)d=0.6"
451,1776101805.1333911,0.2115,2766,13080,0.231234,1.793,-0.624,1.348,7,0.133,342,0,3,"go(1.7,-0.1)d=0.6"
452,1776101807.1461847,0.2115,2767,13080,0.236576,1.791,-0.736,1.376,7,0.226,342,0,1,"go(1.7,-1.2)d=0.6"
453,1776101809.164175,0.2145,2853,13298,0.252449,1.646,-0.667,1.365,7,0.145,342,0,86,"go(1.7,-0.1)d=0.6"
454,1776101811.176585,0.2158,2870,13298,0.264798,1.618,-0.786,1.382,7,0.266,342,0,17,"go(1.7,-1.2)d=0.6"
455,1776101813.190541,0.2158,2870,13298,0.272402,1.685,-0.706,1.385,7,0.175,342,0,0,"go(1.7,-0.1)d=0.7"
456,1776101815.2073145,0.216,2872,13298,0.27913,1.697,-0.883,1.385,7,0.166,342,0,2,"go(1.7,-1.2)d=0.5"
457,1776101817.2181687,0.216,2872,13298,0.285957,1.629,-0.813,1.348,7,0.263,342,0,0,"go(1.7,-0.1)d=0.8"
458,1776101819.228784,0.216,2872,13298,0.291102,1.703,-0.371,1.308,7,0.161,342,0,0,"go(1.7,-0.1)d=0.7"
459,1776101821.2447603,0.216,2873,13298,0.294295,1.687,-0.618,1.356,7,0.087,342,0,1,"go(1.7,-1.2)d=0.9"
460,1776101823.265568,0.216,2873,13298,0.296679,1.719,-1.032,1.362,7,0.115,342,0,0,"go(1.7,-1.2)d=0.6"
461,1776101825.280188,0.216,2873,13298,0.307112,1.736,-0.868,1.303,7,0.149,342,0,0,"go(1.7,-0.5)d=0.5"
462,1776101827.2921999,0.211,2760,13080,0.251668,1.784,-0.529,1.288,7,0.088,342,0,0,"go(1.7,-0.1)d=0.7"
463,1776101829.3012412,0.211,2760,13080,0.258806,1.739,-0.655,1.322,7,0.13,342,0,0,"go(1.7,-1.2)d=0.7"
464,1776101831.313323,0.211,2760,13080,0.272811,1.646,-1.071,1.291,7,0.164,342,0,0,"go(1.7,-1.2)d=0.6"
465,1776101833.3305442,0.211,2760,13080,0.225599,1.73,-0.712,1.289,7,0.184,343,0,0,"go(1.7,-0.5)d=0.5"
466,1776101835.348243,0.211,2760,13080,0.217113,1.731,-0.802,1.229,7,0.208,344,0,0,"go(1.7,-1.2)d=0.5"
467,1776101837.3650286,0.211,2760,13080,0.221775,1.694,-0.702,1.298,7,0.171,344,0,0,"go(1.7,-0.1)d=0.7"
468,1776101839.3753192,0.211,2760,13080,0.230775,1.738,-0.714,1.281,7,0.188,344,0,0,"go(1.7,-1.2)d=0.5"
469,1776101841.3886507,0.211,2760,13080,0.202402,1.717,-1.249,1.209,7,0.029,345,0,0,"go(1.7,-1.2)d=0.5"
470,1776101843.4001827,0.211,2760,13080,0.210882,1.724,-1.079,1.21,7,0.137,345,0,0,"go(1.7,-0.5)d=0.7"
471,1776101845.408993,0.211,2760,13080,0.215236,1.715,-0.706,1.209,7,0.176,345,0,0,"go(1.7,-0.5)d=0.5"
472,1776101847.417873,0.2124,2778,13080,0.221023,1.688,-0.83,1.186,7,0.209,345,0,18,"go(1.7,-1.2)d=0.5"
473,1776101849.4276526,0.2124,2778,13080,0.226359,1.693,-0.82,1.138,7,0.213,345,0,0,"go(1.7,-0.1)d=0.7"
474,1776101851.4363124,0.2127,2782,13080,0.232604,1.709,-0.436,1.156,7,0.096,345,0,4,"go(1.7,-0.1)d=0.7"
475,1776101853.4494643,0.2131,2787,13080,0.186105,1.744,-0.506,1.16,7,0.053,346,0,5,"go(1.7,-1.2)d=0.8"
476,1776101855.4582913,0.2131,2787,13080,0.178927,1.735,-0.887,1.13,7,0.135,346,0,0,"go(1.7,-1.2)d=0.7"
477,1776101857.4697254,0.2138,2796,13080,0.178927,1.656,-0.757,1.18,7,0.229,346,0,9,"go(1.7,-0.1)d=0.8"
478,1776101859.478041,0.2155,2819,13080,0.194227,1.661,-0.397,1.14,7,0.139,346,0,23,"go(1.7,-0.1)d=0.6"
479,1776101861.4886134,0.2155,2819,13080,0.2012,1.696,-0.471,1.118,7,0.06,346,0,0,"go(1.7,-1.2)d=0.8"
480,1776101863.504491,0.2139,2798,13080,0.171686,1.691,-0.89,1.178,7,0.165,346,0,0,"go(1.7,-1.2)d=0.8"
481,1776101865.5231392,0.2139,2798,13080,0.185392,1.719,-0.753,1.152,7,0.223,346,0,0,"go(1.7,-0.1)d=0.8"
482,1776101867.5387082,0.2135,2792,13080,0.193976,1.668,-0.388,1.177,7,0.146,346,0,0,"go(1.7,-0.1)d=0.6"
483,1776101869.5576189,0.2135,2792,13080,0.193976,1.641,-0.559,1.183,7,0.063,346,0,0,"go(1.7,-1.2)d=0.8"
484,1776101871.5749505,0.2137,2795,13080,0.157935,1.602,-0.988,1.162,7,0.223,347,0,3,"go(1.7,-1.2)d=0.7"
485,1776101873.5928674,0.2137,2795,13080,0.164599,1.611,-0.842,1.171,7,0.259,348,0,0,"go(1.7,-0.1)d=0.9"
486,1776101875.6037312,0.2138,2796,13080,0.17177,1.6,-0.478,1.12,7,0.11,349,0,1,"go(1.7,-0.1)d=0.7"
487,1776101877.6210299,0.2114,2803,13260,0.151411,1.585,-0.551,1.117,7,0.114,350,0,7,"go(1.7,-1.2)d=0.8"
488,1776101879.6381295,0.2114,2803,13260,0.15489,1.667,-0.971,1.115,7,0.159,350,0,0,"go(1.7,-1.2)d=0.7"
489,1776101881.6475334,0.2114,2803,13260,0.174255,1.664,-0.814,1.122,7,0.237,351,0,0,"go(1.7,-0.1)d=0.8"
490,1776101883.6599622,0.2114,2803,13260,0.161787,1.61,-0.486,1.096,7,0.098,351,0,0,"go(1.7,-0.1)d=0.7"
491,1776101885.671531,0.2102,2812,13380,0.14684,1.581,-0.511,1.103,7,0.118,352,0,9,"go(1.7,-1.2)d=0.7"
492,1776101887.6825893,0.2102,2812,13380,0.15555,1.643,-0.946,1.112,7,0.187,352,0,0,"go(1.7,-1.2)d=0.7"
493,1776101889.6911466,0.2115,2830,13380,0.173693,1.618,-0.826,1.091,7,0.262,352,0,18,"go(1.7,-0.1)d=0.8"
494,1776101891.7030964,0.2115,2830,13380,0.173693,1.669,-0.439,1.086,7,0.097,352,0,0,"go(1.7,-0.1)d=0.7"
495,1776101893.7149472,0.2115,2830,13380,0.155262,1.655,-0.567,1.102,7,0.055,352,0,0,"go(1.7,-1.2)d=0.8"
496,1776101895.7447999,0.2099,2809,13380,0.15296,1.65,-0.972,1.077,7,0.176,353,0,0,"go(1.7,-1.2)d=0.7"
497,1776101897.7651598,0.2099,2809,13380,0.171727,1.673,-0.984,1.059,7,0.152,353,0,0,"go(1.7,-0.1)d=0.8"
498,1776101899.781895,0.2105,2816,13380,0.174521,1.709,-0.652,1.076,7,0.122,353,0,7,"go(1.7,-0.1)d=0.8"
499,1776101901.7952008,0.2105,2816,13380,0.174521,1.715,-0.666,1.105,7,0.136,353,0,0,"go(1.7,-1.2)d=0.6"
500,1776101903.8060584,0.2105,2816,13380,0.161085,1.679,-1.076,1.079,7,0.151,353,0,0,"go(1.7,-1.2)d=0.6"
501,1776101905.8196337,0.211,2823,13380,0.179403,1.71,-1.022,1.07,7,0.12,353,0,7,"go(1.7,-0.5)d=0.5"
502,1776101907.833139,0.211,2823,13380,0.180318,1.733,-0.648,1.053,7,0.122,354,0,0,"go(1.7,-0.1)d=0.9"
503,1776101909.8509398,0.2111,2824,13380,0.160399,1.724,-0.745,1.07,7,0.216,355,0,1,"go(1.7,-1.2)d=0.6"
504,1776101911.8728547,0.2111,2824,13380,0.167113,1.672,-0.796,1.058,7,0.245,356,0,0,"go(1.7,-0.1)d=0.6"
505,1776101913.8884847,0.2111,2824,13380,0.167113,1.667,-0.462,1.025,7,0.076,356,0,0,"go(1.7,-0.1)d=0.7"
506,1776101915.9028277,0.2122,2826,13320,0.151027,1.718,-0.446,1.057,7,0.087,357,0,2,"go(1.7,-1.2)d=0.8"
507,1776101917.924433,0.2122,2826,13320,0.154375,1.721,-0.756,1.058,7,0.226,357,0,0,"go(1.7,-1.2)d=0.8"
508,1776101919.9447422,0.2122,2826,13320,0.154375,1.733,-0.702,1.091,7,0.175,357,0,0,"go(1.7,-0.1)d=0.6"
509,1776101921.9630964,0.2122,2826,13320,0.163939,1.707,-0.647,1.095,7,0.117,357,0,0,"go(1.7,-1.2)d=0.5"
510,1776101923.984874,0.2121,2825,13320,0.15578,1.634,-1.074,1.172,7,0.165,358,0,0,"go(1.7,-1.2)d=0.6"
511,1776101926.0076957,0.2121,2825,13320,0.171738,1.711,-1.016,1.131,7,0.117,359,0,0,"go(1.7,-0.5)d=0.5"
512,1776101928.0253024,0.2121,2825,13320,0.167182,1.717,-0.679,1.121,7,0.149,360,0,0,"go(1.7,-0.1)d=0.9"
513,1776101930.0761247,0.2121,2825,13320,0.167182,1.658,-0.635,1.156,7,0.11,360,0,0,"go(1.7,-1.2)d=0.5"
514,1776101932.0865026,0.2121,2825,13320,0.152221,1.611,-1.003,1.171,7,0.215,361,0,0,"go(1.7,-1.2)d=0.6"
515,1776101934.1005824,0.2121,2825,13320,0.170634,1.608,-0.976,1.139,7,0.217,361,0,0,"go(1.7,-0.1)d=0.9"
516,1776101936.1181252,0.2121,2825,13320,0.170634,1.629,-0.625,1.158,7,0.116,361,0,0,"go(1.7,-0.1)d=0.8"
517,1776101938.1476977,0.2121,2825,13320,0.162165,1.629,-0.654,1.14,7,0.141,362,0,0,"go(1.7,-1.2)d=0.6"
518,1776101940.166322,0.2121,2825,13320,0.15503,1.645,-1.021,1.144,7,0.183,362,0,0,"go(1.7,-1.2)d=0.6"
519,1776101942.1793156,0.2121,2825,13320,0.17891,1.646,-1.394,1.139,7,0.164,363,0,0,"go(1.7,-1.6)d=0.5"
520,1776101944.1945322,0.2121,2825,13320,0.201505,1.636,-1.284,1.171,7,0.088,363,0,0,"go(1.7,-0.5)d=0.9"
521,1776101946.2059114,0.2121,2825,13320,0.187622,1.666,-0.92,1.137,7,0.172,364,0,0,"go(1.7,-0.5)d=0.8"
522,1776101948.2250063,0.2121,2825,13320,0.187622,1.682,-0.662,1.148,7,0.131,364,0,0,"go(1.7,-0.1)d=0.8"
523,1776101950.242386,0.2121,2825,13320,0.168807,1.716,-0.668,1.099,7,0.139,365,0,0,"go(1.7,-1.2)d=0.6"
524,1776101952.2676063,0.2121,2825,13320,0.155327,1.685,-0.969,1.073,7,0.141,365,0,0,"go(1.7,-1.2)d=0.6"
525,1776101954.2885845,0.2122,2827,13320,0.170184,1.661,-0.974,1.066,7,0.165,366,0,2,"go(1.7,-0.1)d=0.8"
526,1776101956.3002532,0.2122,2827,13320,0.170184,1.645,-0.651,1.041,7,0.131,366,0,0,"go(1.7,-0.1)d=0.8"
527,1776101958.3149385,0.2122,2827,13320,0.162455,1.683,-0.65,1.046,7,0.12,367,0,0,"go(1.7,-1.2)d=0.6"
528,1776101960.3264797,0.2122,2827,13320,0.162455,1.733,-1.014,1.02,7,0.096,367,0,0,"go(1.7,-1.2)d=0.6"
529,1776101962.3412185,0.2122,2827,13320,0.162455,1.757,-0.963,1.051,7,0.072,367,0,0,"go(1.7,-0.1)d=0.9"
530,1776101964.3672154,0.2122,2827,13320,0.158654,1.735,-0.609,1.063,7,0.087,367,0,0,"go(1.7,-0.1)d=0.8"
531,1776101966.381165,0.2122,2827,13320,0.1605,1.743,-0.578,1.067,7,0.066,368,0,0,"go(1.7,-1.2)d=0.6"
532,1776101968.3907712,0.2122,2827,13320,0.157523,1.726,-0.918,1.039,7,0.121,369,0,0,"go(1.7,-1.2)d=0.6"
533,1776101970.3996465,0.2122,2827,13320,0.16919,1.689,-0.787,1.028,7,0.243,370,0,0,"go(1.7,-0.1)d=0.8"
534,1776101972.4208596,0.2122,2827,13320,0.16919,1.694,-0.45,0.998,7,0.081,370,0,0,"go(1.7,-0.1)d=0.7"
535,1776101974.8396842,0.2122,2827,13320,0.156822,1.72,-0.485,0.987,7,0.051,371,0,0,"go(1.7,-1.2)d=0.8"
536,1776101978.862631,0.2126,2832,13320,0.161912,1.718,-0.742,0.978,7,0.212,371,0,5,"go(1.7,-1.2)d=0.5"
537,1776101982.8911655,0.2126,2832,13320,0.171048,1.701,-0.739,0.949,7,0.208,371,0,0,"go(1.7,-0.1)d=0.8"
538,1776101986.9219813,0.2127,2833,13320,0.156268,1.634,-0.858,0.951,7,0.231,371,0,1,"go(1.7,-1.2)d=0.6"
539,1776101990.9492426,0.2128,2834,13320,0.163766,1.619,-0.773,0.907,7,0.254,371,0,1,"go(1.7,-0.1)d=0.9"
540,1776101994.9680257,0.2137,2847,13320,0.169236,1.642,-0.808,0.901,7,0.256,371,0,13,"go(1.7,-1.2)d=0.6"
541,1776101998.9965053,0.2127,2833,13320,0.171514,1.653,-0.84,0.9,7,0.227,371,0,0,"go(1.7,-0.1)d=0.9"
542,1776102003.018738,0.2127,2833,13320,0.156791,1.649,-0.897,0.888,7,0.198,371,0,0,"go(1.7,-1.2)d=0.5"
543,1776102007.0439024,0.2132,2840,13320,0.173256,1.611,-0.797,0.954,7,0.279,371,0,7,"go(1.7,-0.5)d=0.5"
544,1776102011.065067,0.2132,2840,13320,0.164279,1.668,-0.809,0.886,7,0.238,371,0,0,"go(1.7,-1.2)d=0.6"
545,1776102015.086684,0.2132,2840,13320,0.185729,1.788,-0.795,0.93,7,0.196,371,0,0,"go(1.7,-0.1)d=0.9"
546,1776102019.112426,0.2132,2840,13320,0.188118,1.762,-0.877,0.95,7,0.128,371,0,0,"go(1.7,-1.2)d=0.6"
547,1776102023.1322327,0.2132,2840,13320,0.196068,1.764,-0.955,0.93,7,0.069,371,0,0,"go(1.7,-0.5)d=0.5"
548,1776102027.155189,0.2132,2840,13320,0.180385,1.796,-0.693,0.953,7,0.189,371,0,0,"go(1.7,-0.1)d=0.7"
549,1776102031.1867838,0.2132,2840,13320,0.165934,1.816,-0.701,0.972,7,0.207,371,0,0,"go(1.7,-1.2)d=0.8"
550,1776102034.2114546,0.2132,2840,13320,0.167623,1.772,-0.68,0.989,7,0.167,372,0,0,"go(1.7,-0.1)d=0.7"
551,1776102038.2293227,0.2132,2840,13320,0.154369,1.701,-0.619,1.011,7,0.088,372,0,0,"go(1.7,-1.2)d=0.7"
552,1776102040.2464292,0.2132,2840,13320,0.160417,1.747,-0.909,1.017,7,0.11,373,0,0,"go(1.7,-1.2)d=0.6"
553,1776102042.265324,0.2132,2840,13320,0.173786,1.746,-0.862,1.017,7,0.148,374,0,0,"go(1.7,-0.1)d=0.8"
554,1776102044.2770557,0.2132,2840,13320,0.173786,1.731,-0.494,0.995,7,0.051,374,0,0,"go(1.7,-0.1)d=0.7"
555,1776102048.3007588,0.2132,2840,13320,0.148453,1.703,-0.605,0.989,7,0.074,374,0,0,"go(1.7,-1.2)d=0.8"
556,1776102052.323853,0.2132,2840,13320,0.156366,1.679,-0.589,0.989,7,0.06,374,0,0,"go(1.7,-0.1)d=0.7"
557,1776102055.5631864,0.2132,2840,13320,0.151926,1.71,-0.552,1.061,7,0.024,375,0,0,"go(1.7,-1.2)d=0.8"
558,1776102057.586061,0.2132,2840,13320,0.151368,1.734,-0.878,1.024,7,0.142,375,0,0,"go(1.7,-1.2)d=0.7"
559,1776102059.598448,0.2132,2840,13320,0.161115,1.695,-0.867,1.007,7,0.177,375,0,0,"go(1.7,-0.1)d=0.8"
560,1776102061.610003,0.2152,2866,13320,0.161115,1.681,-0.517,0.975,7,0.021,376,0,26,"go(1.7,-0.1)d=0.7"
561,1776102065.02861,0.2152,2866,13320,0.155314,1.777,-0.493,1.041,7,0.088,377,0,0,"go(1.7,-1.2)d=0.8"
562,1776102067.0460722,0.2152,2867,13320,0.148733,1.748,-0.8,1.021,7,0.203,378,0,1,"go(1.7,-1.2)d=0.7"
563,1776102069.0678382,0.2152,2867,13320,0.159117,1.678,-0.79,1.001,7,0.247,379,0,0,"go(1.7,-0.1)d=0.7"
564,1776102071.0906496,0.2152,2867,13320,0.151632,1.675,-0.445,0.956,7,0.089,380,0,0,"go(1.7,-0.1)d=0.6"
565,1776102075.1118603,0.2152,2867,13320,0.146241,1.684,-0.493,0.995,7,0.04,381,0,0,"go(1.7,-1.2)d=0.9"
566,1776102079.1302252,0.2152,2867,13320,0.149047,1.683,-0.773,0.918,7,0.242,381,0,0,"go(1.7,-1.2)d=0.6"
567,1776102083.150891,0.2152,2867,13320,0.16157,1.658,-0.729,0.964,7,0.201,381,0,0,"go(1.7,-0.1)d=0.8"
568,1776102086.5692966,0.2152,2867,13320,0.148777,1.62,-0.779,1.022,7,0.26,382,0,0,"go(1.7,-1.2)d=0.6"
569,1776102088.5809689,0.2152,2867,13320,0.15196,1.643,-0.751,1.047,7,0.226,382,0,0,"go(1.7,-0.1)d=0.7"
570,1776102090.5964677,0.2152,2867,13320,0.15196,1.644,-0.412,1.024,7,0.13,382,0,0,"go(1.7,-0.1)d=0.6"
571,1776102092.6086123,0.2152,2867,13320,0.147761,1.726,-0.759,1.038,7,0.23,383,0,0,"go(1.7,-1.2)d=0.8"
572,1776102094.62283,0.2152,2867,13320,0.157065,1.653,-0.655,1.032,7,0.132,383,0,0,"go(1.7,-0.1)d=0.6"
573,1776102096.6412232,0.2152,2867,13320,0.157065,1.698,-0.716,1.026,7,0.185,384,0,0,"go(1.7,-1.2)d=0.6"
574,1776102098.6576068,0.2152,2867,13320,0.16552,1.738,-1.192,1.048,7,0.049,384,0,0,"go(1.7,-1.2)d=0.5"
575,1776102100.6701758,0.2152,2867,13320,0.181833,1.71,-1.028,1.066,7,0.122,385,0,0,"go(1.7,-0.5)d=0.7"
576,1776102102.6882796,0.2152,2867,13320,0.181833,1.689,-0.91,1.066,7,0.157,385,0,0,"go(1.7,-0.1)d=0.9"
577,1776102104.7053235,0.2152,2867,13320,0.163489,1.733,-0.631,1.067,7,0.106,386,0,0,"go(1.7,-0.1)d=0.8"
578,1776102106.721201,0.2154,2869,13320,0.150586,1.751,-0.55,1.144,7,0.057,387,0,2,"go(1.7,-1.2)d=0.6"
579,1776102108.7395864,0.2154,2869,13320,0.150586,1.674,-0.873,1.111,7,0.189,387,0,0,"go(1.7,-1.2)d=0.7"
580,1776102110.7575893,0.2154,2869,13320,0.153955,1.601,-1.039,1.072,7,0.211,387,0,0,"go(1.7,-0.1)d=0.7"
581,1776102112.7841108,0.2157,2860,13260,0.153955,1.612,-0.908,1.059,7,0.227,387,0,0,"go(1.7,-0.5)d=0.5"
582,1776102114.7994385,0.2132,2865,13440,0.163497,1.71,-0.784,1.049,7,0.233,388,0,5,"go(1.7,-0.1)d=0.8"
583,1776102116.8115625,0.2132,2865,13440,0.163497,1.736,-0.681,1.127,7,0.155,388,0,0,"go(1.7,-0.1)d=0.7"
584,1776102118.8215191,0.2151,2891,13440,0.163937,1.712,-0.799,1.143,7,0.219,388,0,26,"go(1.7,-1.2)d=0.5"
585,1776102120.8439157,0.2151,2891,13440,0.163937,1.76,-0.759,1.137,7,0.237,388,0,0,"go(1.7,-0.1)d=0.7"
586,1776102122.8524756,0.2152,2892,13440,0.180453,1.836,-0.3,1.129,7,0.213,388,0,1,"go(1.7,-0.1)d=0.6"
587,1776102124.871491,0.2152,2892,13440,0.171421,1.824,-0.565,1.114,7,0.131,388,0,0,"go(1.7,-1.2)d=0.9"
588,1776102126.8861034,0.2152,2892,13440,0.171421,1.823,-0.996,1.138,7,0.009,388,0,0,"go(1.7,-1.2)d=0.7"
589,1776102128.9027784,0.2141,2878,13440,0.18004,1.831,-0.674,1.105,7,0.196,388,0,0,"go(1.7,-0.1)d=0.9"
590,1776102130.9175737,0.2141,2878,13440,0.183304,1.805,-0.833,1.166,7,0.156,388,0,0,"go(1.7,-1.2)d=0.6"
591,1776102132.9542744,0.2142,2879,13440,0.180436,1.763,-0.769,1.166,7,0.227,388,0,1,"go(1.7,-0.1)d=0.7"
592,1776102134.9687636,0.2142,2879,13440,0.168965,1.717,-0.339,1.133,7,0.193,388,0,0,"go(1.7,-0.1)d=0.6"
593,1776102136.9823081,0.2142,2879,13440,0.17281,1.69,-0.644,1.114,7,0.113,388,0,0,"go(1.7,-1.2)d=0.9"
594,1776102139.0060105,0.2141,2878,13440,0.155291,1.72,-1.019,1.189,7,0.11,388,0,0,"go(1.7,-1.2)d=0.6"
595,1776102141.0342853,0.2141,2878,13440,0.172423,1.698,-0.768,1.148,7,0.236,388,0,0,"go(1.7,-0.1)d=0.9"
596,1776102143.055647,0.2141,2878,13440,0.169058,1.719,-0.324,1.141,7,0.195,389,0,0,"go(1.7,-0.1)d=0.6"
597,1776102145.0737555,0.2158,2888,13380,0.15734,1.698,-0.563,1.186,7,0.032,390,0,10,"go(1.7,-1.2)d=0.9"
598,1776102147.0881221,0.2159,2889,13380,0.15989,1.662,-0.971,1.191,7,0.164,390,0,1,"go(1.7,-1.2)d=0.7"
599,1776102149.1098683,0.2163,2894,13380,0.15989,1.625,-0.772,1.202,7,0.251,390,0,5,"go(1.7,-0.1)d=0.8"
600,1776102151.1343071,0.2163,2894,13380,0.166151,1.596,-0.386,1.195,7,0.177,390,0,0,"go(1.7,-0.1)d=0.6"
601,1776102153.152897,0.2171,2905,13380,0.156252,1.633,-0.555,1.194,7,0.068,390,0,11,"go(1.7,-1.2)d=0.8"
602,1776102155.1665363,0.2171,2905,13380,0.169529,1.697,-1.01,1.202,7,0.129,390,0,0,"go(1.7,-1.2)d=0.7"
603,1776102157.186835,0.2179,2915,13380,0.169529,1.764,-0.822,1.182,7,0.177,390,0,10,"go(1.7,-0.1)d=0.9"
604,1776102159.2236836,0.2179,2915,13380,0.189022,1.724,-0.396,1.239,7,0.138,390,0,0,"go(1.7,-0.1)d=0.7"
605,1776102161.2414548,0.2184,2922,13380,0.177756,1.7,-0.72,1.276,7,0.188,390,0,7,"go(1.7,-1.2)d=0.8"
606,1776102163.2564323,0.2184,2922,13380,0.179251,1.733,-1.072,1.288,7,0.125,390,0,0,"go(1.7,-1.2)d=0.5"
607,1776102165.2742462,0.2185,2923,13380,0.197979,1.694,-0.844,1.244,7,0.195,390,0,1,"go(1.7,-0.5)d=0.5"
608,1776102167.2862768,0.2187,2926,13380,0.18965,1.711,-0.419,1.277,7,0.113,390,0,3,"go(1.7,-0.1)d=0.7"
609,1776102169.3001282,0.2187,2926,13380,0.18018,1.743,-0.632,1.251,7,0.111,391,0,0,"go(1.7,-1.2)d=0.8"
610,1776102171.3196788,0.2188,2928,13380,0.175605,1.663,-1.073,1.233,7,0.157,392,0,2,"go(1.7,-1.2)d=0.6"
611,1776102173.3449001,0.2189,2929,13380,0.192202,1.683,-0.779,1.27,7,0.248,393,0,1,"go(1.7,-0.5)d=0.5"
612,1776102175.365971,0.2189,2929,13380,0.192967,1.717,-0.401,1.263,7,0.131,394,0,0,"go(1.7,-0.1)d=0.6"
613,1776102177.379704,0.2189,2929,13380,0.182695,1.679,-0.536,1.317,7,0.019,395,0,0,"go(1.7,-1.2)d=0.8"
614,1776102179.4041984,0.2167,2913,13440,0.176704,1.713,-1.008,1.287,7,0.114,395,0,0,"go(1.7,-1.2)d=0.7"
615,1776102181.417469,0.2167,2913,13440,0.196024,1.656,-0.759,1.263,7,0.232,395,0,0,"go(1.7,-0.1)d=0.9"
616,1776102183.4444854,0.2168,2914,13440,0.178797,1.68,-0.285,1.259,7,0.155,395,0,1,"go(1.7,-0.1)d=0.6"
617,1776102185.4579582,0.2168,2914,13440,0.178879,1.684,-0.449,1.302,7,0.084,395,0,0,"go(1.7,-1.2)d=0.9"
618,1776102187.4699187,0.2168,2914,13440,0.183026,1.735,-0.844,1.274,7,0.17,396,0,0,"go(1.7,-1.2)d=0.8"
619,1776102189.4979246,0.217,2916,13440,0.183026,1.634,-0.575,1.308,7,0.076,396,0,2,"go(1.7,-0.1)d=0.7"
620,1776102191.508892,0.217,2916,13440,0.191996,1.628,-0.666,1.312,7,0.152,396,0,0,"go(1.7,-1.2)d=0.7"
621,1776102193.526178,0.217,2916,13440,0.204486,1.651,-1.095,1.326,7,0.14,396,0,0,"go(1.7,-1.2)d=0.6"
622,1776102195.539136,0.217,2916,13440,0.22417,1.621,-0.756,1.362,7,0.237,396,0,0,"go(1.7,-0.5)d=0.6"
623,1776102197.548236,0.2171,2918,13440,0.20721,1.672,-0.349,1.346,7,0.184,397,0,2,"go(1.7,-0.1)d=0.6"
624,1776102199.5597327,0.2171,2918,13440,0.200174,1.672,-0.538,1.362,7,0.026,397,0,0,"go(1.7,-1.2)d=0.9"
625,1776102201.5678656,0.2171,2918,13440,0.205776,1.623,-1.066,1.332,7,0.177,398,0,0,"go(1.7,-1.2)d=0.7"
626,1776102203.579795,0.2171,2918,13440,0.226807,1.71,-0.714,1.349,7,0.183,399,0,0,"go(1.7,-0.5)d=0.5"
627,1776102205.5942705,0.2188,2928,13380,0.227512,1.717,-0.812,1.328,7,0.206,399,0,10,"go(1.7,-1.2)d=0.5"
628,1776102207.6059425,0.2188,2928,13380,0.21167,1.641,-0.545,1.297,7,0.057,400,0,0,"go(1.7,-0.1)d=0.7"
629,1776102209.6172605,0.2189,2929,13380,0.221032,1.664,-0.79,1.335,7,0.255,401,0,1,"go(1.7,-1.2)d=0.7"
630,1776102211.6312313,0.218,2930,13440,0.21021,1.681,-0.453,1.367,7,0.08,402,0,1,"go(1.7,-0.1)d=0.7"
631,1776102213.6570885,0.218,2930,13440,0.200043,1.694,-0.656,1.272,7,0.125,402,0,0,"go(1.7,-1.2)d=0.8"
632,1776102215.677148,0.2182,2933,13440,0.200043,1.732,-1.135,1.313,7,0.095,403,0,3,"go(1.7,-1.2)d=0.6"
633,1776102217.6884863,0.2183,2934,13440,0.214046,1.67,-0.78,1.298,7,0.25,404,0,1,"go(1.7,-0.5)d=0.6"
634,1776102219.6967995,0.2183,2934,13440,0.204818,1.593,-0.385,1.289,7,0.179,404,0,0,"go(1.7,-0.1)d=0.6"
635,1776102221.71052,0.2183,2934,13440,0.191183,1.684,-0.587,1.252,7,0.057,404,0,0,"go(1.7,-1.2)d=0.8"
636,1776102223.7197948,0.2182,2932,13440,0.191183,1.741,-0.978,1.233,7,0.084,405,0,0,"go(1.7,-1.2)d=0.6"
637,1776102225.730748,0.2182,2932,13440,0.212487,1.716,-0.642,1.26,7,0.113,405,0,0,"go(1.7,-0.1)d=0.8"
638,1776102227.7432318,0.218,2930,13440,0.220553,1.692,-0.822,1.273,7,0.212,405,0,0,"go(1.7,-1.2)d=0.6"
639,1776102229.7519543,0.218,2930,13440,0.197885,1.705,-0.503,1.249,7,0.03,405,0,0,"go(1.7,-0.1)d=0.7"
640,1776102231.7629147,0.2182,2933,13440,0.18619,1.709,-0.722,1.25,7,0.191,406,0,3,"go(1.7,-1.2)d=0.7"
641,1776102233.7835114,0.2179,2928,13440,0.18619,1.701,-0.371,1.278,7,0.161,407,0,0,"go(1.7,-0.1)d=0.6"
642,1776102235.7948914,0.2179,2928,13440,0.198523,1.713,-0.678,1.252,7,0.147,407,0,0,"go(1.7,-1.2)d=0.9"
643,1776102237.805085,0.2179,2928,13440,0.20259,1.713,-1.123,1.277,7,0.102,407,0,0,"go(1.7,-1.2)d=0.5"
644,1776102239.8194346,0.2179,2928,13440,0.223661,1.632,-0.751,1.268,7,0.229,407,0,0,"go(1.7,-0.5)d=0.6"
645,1776102241.8290808,0.2179,2929,13440,0.223661,1.669,-0.385,1.271,7,0.149,408,0,1,"go(1.7,-0.1)d=0.6"
646,1776102243.8479602,0.2179,2929,13440,0.177539,1.754,-0.612,1.205,7,0.099,408,0,0,"go(1.7,-1.2)d=0.8"
647,1776102245.8588011,0.2181,2931,13440,0.177539,1.642,-1.094,1.18,7,0.144,409,0,2,"go(1.7,-1.2)d=0.6"
648,1776102247.8750186,0.2183,2934,13440,0.187945,1.705,-0.757,1.147,7,0.226,409,0,3,"go(1.7,-0.5)d=0.6"
649,1776102249.883606,0.2183,2934,13440,0.185965,1.729,-0.398,1.158,7,0.137,409,0,0,"go(1.7,-0.1)d=0.6"
650,1776102251.914857,0.219,2943,13440,0.185965,1.726,-0.64,1.172,7,0.113,410,0,9,"go(1.7,-1.2)d=0.8"
651,1776102253.924512,0.2185,2936,13440,0.163593,1.709,-1.127,1.13,7,0.098,411,0,0,"go(1.7,-1.2)d=0.6"
652,1776102255.9350286,0.2185,2936,13440,0.177905,1.737,-0.773,1.061,7,0.232,411,0,0,"go(1.7,-0.5)d=0.6"
653,1776102257.951729,0.215,2938,13664,0.153331,1.682,-0.375,1.063,7,0.157,412,0,2,"go(1.7,-0.1)d=0.6"
654,1776102259.9601302,0.2151,2939,13664,0.141237,1.696,-0.569,1.045,7,0.038,413,0,1,"go(1.7,-1.2)d=0.8"
655,1776102261.9682572,0.2151,2939,13664,0.148842,1.669,-1.033,1.076,7,0.162,413,0,0,"go(1.7,-1.2)d=0.7"
656,1776102263.9801335,0.2151,2939,13664,0.164904,1.719,-0.679,1.079,7,0.149,414,0,0,"go(1.7,-0.5)d=0.5"
657,1776102265.9935567,0.2151,2939,13664,0.148688,1.674,-0.861,1.078,7,0.196,414,0,0,"go(1.7,-1.2)d=0.5"
658,1776102268.0018492,0.2151,2939,13664,0.155883,1.672,-0.589,1.04,7,0.062,415,0,0,"go(1.7,-0.1)d=0.7"
659,1776102270.0096285,0.2151,2939,13664,0.146259,1.684,-0.732,1.029,7,0.201,416,0,0,"go(1.7,-1.2)d=0.6"
660,1776102272.0181127,0.2151,2939,13664,0.143132,1.665,-0.493,1.048,7,0.05,417,0,0,"go(1.7,-0.1)d=0.6"
661,1776102274.0359886,0.2151,2939,13664,0.144632,1.712,-0.847,0.99,7,0.18,417,0,0,"go(1.7,-1.2)d=0.7"
662,1776102278.0650432,0.2151,2939,13664,0.163235,1.704,-0.575,0.955,7,0.045,417,0,0,"go(1.7,-0.1)d=0.8"
663,1776102282.0889075,0.2151,2939,13664,0.147634,1.777,-0.812,1.0,7,0.182,417,0,0,"go(1.7,-1.2)d=0.8"
664,1776102286.1063242,0.2151,2939,13664,0.16159,1.716,-0.436,0.932,7,0.097,417,0,0,"go(1.7,-0.1)d=0.7"
665,1776102290.1371665,0.2151,2939,13664,0.145239,1.755,-0.619,1.012,7,0.105,418,0,0,"go(1.7,-1.2)d=0.9"
666,1776102292.1469698,0.2194,2936,13380,0.154016,1.742,-1.013,1.0,7,0.087,419,0,0,"go(1.7,-1.2)d=0.6"
667,1776102294.3585763,0.2194,2936,13380,0.163684,1.708,-0.691,1.004,7,0.16,420,0,0,"go(1.7,-0.1)d=0.9"
668,1776102296.3716214,0.2194,2936,13380,0.14668,1.645,-1.086,0.994,7,0.15,421,0,0,"go(1.7,-1.2)d=0.5"
669,1776102299.788773,0.2194,2936,13380,0.176432,1.658,-0.884,1.049,7,0.197,422,0,0,"go(1.7,-0.5)d=0.7"
670,1776102301.7973788,0.2194,2936,13380,0.165017,1.73,-0.508,1.102,7,0.04,422,0,0,"go(1.7,-0.1)d=0.8"
671,1776102303.8198698,0.2194,2936,13380,0.152157,1.707,-0.812,1.036,7,0.211,423,0,0,"go(1.7,-1.2)d=0.7"
672,1776102305.8395863,0.2194,2936,13380,0.160152,1.745,-0.51,0.986,7,0.053,424,0,0,"go(1.7,-0.1)d=0.7"
673,1776102309.868169,0.2194,2936,13380,0.147886,1.771,-0.696,0.985,7,0.18,424,0,0,"go(1.7,-1.2)d=0.9"
674,1776102312.2837863,0.2194,2936,13380,0.155064,1.739,-0.427,1.021,7,0.112,425,0,0,"go(1.7,-0.1)d=0.6"
675,1776102314.2953007,0.2194,2936,13380,0.154914,1.761,-0.667,0.997,7,0.15,426,0,0,"go(1.7,-1.2)d=0.8"
676,1776102316.9111748,0.2194,2936,13380,0.157255,1.742,-0.413,1.032,7,0.127,427,0,0,"go(1.7,-0.1)d=0.7"
677,1776102318.9206991,0.2194,2936,13380,0.148887,1.706,-0.728,1.014,7,0.197,428,0,0,"go(1.7,-1.2)d=0.8"
678,1776102320.9324045,0.2194,2936,13380,0.145127,1.653,-0.457,1.041,7,0.086,429,0,0,"go(1.7,-0.1)d=0.6"
679,1776102322.9525,0.2194,2936,13380,0.143666,1.692,-0.705,1.073,7,0.174,430,0,0,"go(1.7,-1.2)d=0.8"
680,1776102324.9668362,0.2194,2936,13380,0.159642,1.728,-1.208,1.063,7,0.031,431,0,0,"go(1.7,-1.2)d=0.5"
681,1776102326.980728,0.2194,2936,13380,0.178326,1.692,-0.83,1.084,7,0.207,431,0,0,"go(1.7,-0.5)d=0.7"
682,1776102328.9964633,0.2157,2934,13603,0.178326,1.701,-0.387,1.131,7,0.144,432,0,0,"go(1.7,-0.1)d=0.7"
683,1776102331.0066142,0.2157,2934,13603,0.153866,1.732,-0.698,1.167,7,0.17,433,0,0,"go(1.7,-1.2)d=0.8"
684,1776102333.0159862,0.2157,2934,13603,0.172907,1.763,-1.182,1.191,7,0.075,434,0,0,"go(1.7,-1.2)d=0.5"
685,1776102335.0264626,0.2157,2934,13603,0.193874,1.66,-0.858,1.207,7,0.21,435,0,0,"go(1.7,-0.5)d=0.7"
686,1776102337.037947,0.2157,2934,13603,0.196157,1.743,-0.488,1.233,7,0.064,436,0,0,"go(1.7,-0.1)d=0.7"
687,1776102339.049183,0.2157,2934,13603,0.176845,1.677,-0.839,1.273,7,0.21,437,0,0,"go(1.7,-1.2)d=0.7"
688,1776102341.059746,0.2155,2931,13603,0.176845,1.764,-0.591,1.238,7,0.09,437,0,0,"go(1.7,-0.1)d=0.7"
689,1776102343.0708046,0.2155,2931,13603,0.192493,1.68,-0.811,1.268,7,0.229,437,0,0,"go(1.7,-1.2)d=0.6"
690,1776102345.0797608,0.2155,2931,13603,0.176712,1.721,-0.53,1.202,7,0.024,438,0,0,"go(1.7,-0.1)d=0.7"
691,1776102347.0905864,0.2155,2931,13603,0.190125,1.711,-0.783,1.248,7,0.234,439,0,0,"go(1.7,-1.2)d=0.7"
692,1776102349.0994463,0.2155,2931,13603,0.187667,1.748,-0.383,1.227,7,0.157,440,0,0,"go(1.7,-0.1)d=0.7"
693,1776102351.113518,0.2155,2931,13603,0.178621,1.808,-0.626,1.199,7,0.147,441,0,0,"go(1.7,-1.2)d=0.8"
694,1776102353.1287549,0.2161,2939,13603,0.174432,1.707,-1.129,1.18,7,0.096,441,0,8,"go(1.7,-1.2)d=0.6"
695,1776102355.1486394,0.2161,2939,13603,0.202009,1.728,-0.775,1.155,7,0.234,442,0,0,"go(1.7,-0.5)d=0.6"
696,1776102357.1562073,0.2161,2939,13603,0.192335,1.648,-0.377,1.219,7,0.162,443,0,0,"go(1.7,-0.1)d=0.6"
697,1776102359.1752663,0.2161,2939,13603,0.173419,1.779,-0.741,1.227,7,0.225,443,0,0,"go(1.7,-1.2)d=0.9"
698,1776102361.1901634,0.2161,2940,13603,0.173419,1.678,-0.479,1.225,7,0.055,444,0,1,"go(1.7,-0.1)d=0.6"
699,1776102363.1980772,0.2161,2940,13603,0.192224,1.717,-0.805,1.279,7,0.213,445,0,0,"go(1.7,-1.2)d=0.7"
700,1776102365.219819,0.2162,2941,13603,0.197988,1.649,-0.52,1.234,7,0.05,446,0,1,"go(1.7,-0.1)d=0.7"
701,1776102367.238673,0.2162,2941,13603,0.176971,1.725,-0.81,1.283,7,0.203,446,0,0,"go(1.7,-1.2)d=0.7"
702,1776102369.2684393,0.2162,2941,13603,0.184437,1.691,-0.339,1.191,7,0.192,447,0,0,"go(1.7,-0.1)d=0.7"
703,1776102371.2813072,0.2162,2941,13603,0.169856,1.707,-0.593,1.231,7,0.062,447,0,0,"go(1.7,-1.2)d=0.9"
704,1776102373.29295,0.2162,2941,13603,0.169856,1.739,-1.11,1.174,7,0.121,448,0,0,"go(1.7,-1.2)d=0.6"
705,1776102375.3180943,0.2163,2942,13603,0.196774,1.71,-0.742,1.183,7,0.211,449,0,1,"go(1.7,-0.5)d=0.6"
706,1776102377.3298352,0.2163,2942,13603,0.186864,1.747,-0.423,1.22,7,0.119,450,0,0,"go(1.7,-0.1)d=0.6"
707,1776102379.344558,0.2163,2942,13603,0.17316,1.769,-0.687,1.158,7,0.171,451,0,0,"go(1.7,-1.2)d=0.8"
708,1776102381.3556983,0.2163,2942,13603,0.167968,1.722,-1.256,1.118,7,0.037,452,0,0,"go(1.7,-1.2)d=0.5"
709,1776102383.3682284,0.2163,2942,13603,0.185638,1.777,-0.844,1.098,7,0.151,453,0,0,"go(1.7,-0.5)d=0.7"
710,1776102385.3817317,0.2163,2942,13603,0.170372,1.719,-0.446,1.115,7,0.088,454,0,0,"go(1.7,-0.1)d=0.7"
711,1776102387.4028466,0.2163,2942,13603,0.152596,1.656,-0.742,1.131,7,0.215,455,0,0,"go(1.7,-1.2)d=0.8"
712,1776102389.4189284,0.2163,2942,13603,0.152242,1.737,-0.44,1.093,7,0.099,456,0,0,"go(1.7,-0.1)d=0.6"
713,1776102391.43174,0.2163,2942,13603,0.159241,1.728,-0.529,1.05,7,0.031,456,0,0,"go(1.7,-1.2)d=0.8"
714,1776102393.4425788,0.2163,2942,13603,0.154606,1.738,-1.017,1.127,7,0.092,457,0,0,"go(1.7,-1.2)d=0.7"
715,1776102395.4512236,0.2163,2942,13603,0.172775,1.715,-0.696,1.114,7,0.166,457,0,0,"go(1.7,-0.1)d=0.9"
716,1776102397.4647136,0.2162,2941,13603,0.155917,1.746,-0.978,1.107,7,0.079,458,0,0,"go(1.7,-1.2)d=0.5"
717,1776102399.4745386,0.2162,2941,13603,0.169872,1.746,-0.652,1.137,7,0.13,459,0,0,"go(1.7,-0.1)d=0.8"
718,1776102401.5134237,0.2162,2941,13603,0.169291,1.67,-0.898,1.104,7,0.179,460,0,0,"go(1.7,-1.2)d=0.6"
719,1776102403.5307534,0.2162,2941,13603,0.174976,1.736,-0.629,1.166,7,0.105,461,0,0,"go(1.7,-0.1)d=0.8"
720,1776102405.5411282,0.2162,2941,13603,0.167513,1.698,-1.003,1.11,7,0.128,462,0,0,"go(1.7,-1.2)d=0.6"
721,1776102407.549521,0.2162,2941,13603,0.165061,1.712,-0.733,1.127,7,0.202,463,0,0,"go(1.7,-0.1)d=0.9"
722,1776102409.559558,0.2162,2941,13603,0.166034,1.755,-0.254,1.15,7,0.137,464,0,0,"go(1.7,-0.1)d=0.6"
723,1776102411.5707808,0.2162,2941,13603,0.153286,1.749,-0.46,1.12,7,0.089,465,0,0,"go(1.7,-1.2)d=1.0"
724,1776102413.5809827,0.2162,2941,13603,0.157802,1.689,-0.932,1.157,7,0.147,466,0,0,"go(1.7,-1.2)d=0.8"
725,1776102415.5926669,0.2162,2941,13603,0.171157,1.724,-0.517,1.168,7,0.031,467,0,0,"go(1.7,-0.1)d=0.8"
726,1776102417.6121538,0.2162,2941,13603,0.167012,1.721,-0.775,1.195,7,0.237,468,0,0,"go(1.7,-1.2)d=0.7"
727,1776102419.6342828,0.2162,2941,13603,0.17029,1.708,-0.429,1.144,7,0.103,469,0,0,"go(1.7,-0.1)d=0.6"
728,1776102421.655366,0.2162,2941,13603,0.154739,1.725,-0.756,1.136,7,0.226,470,0,0,"go(1.7,-1.2)d=0.8"
729,1776102423.6715052,0.2162,2941,13603,0.165533,1.716,-0.432,1.18,7,0.101,471,0,0,"go(1.7,-0.1)d=0.6"
730,1776102425.6855297,0.2162,2941,13603,0.170909,1.765,-0.794,1.232,7,0.203,471,0,0,"go(1.7,-1.2)d=0.8"
731,1776102427.69983,0.2162,2941,13603,0.187235,1.791,-0.423,1.232,7,0.144,472,0,0,"go(1.7,-0.1)d=0.7"
732,1776102429.708092,0.2162,2941,13603,0.187272,1.881,-0.811,1.193,7,0.185,473,0,0,"go(1.7,-1.2)d=0.8"
733,1776102431.729144,0.2162,2941,13603,0.189541,1.795,-0.462,1.177,7,0.12,474,0,0,"go(1.7,-0.1)d=0.7"
734,1776102433.7459733,0.2162,2941,13603,0.189541,1.761,-0.755,1.19,7,0.233,475,0,0,"go(1.7,-1.2)d=0.8"
735,1776102435.7633479,0.2162,2941,13603,0.176766,1.735,-0.329,1.164,7,0.202,476,0,0,"go(1.7,-0.1)d=0.6"
736,1776102437.7725997,0.2162,2941,13603,0.164871,1.765,-0.67,1.139,7,0.154,477,0,0,"go(1.7,-1.2)d=0.9"
737,1776102439.787964,0.2162,2941,13603,0.171928,1.697,-1.119,1.187,7,0.107,478,0,0,"go(1.7,-1.2)d=0.6"
738,1776102441.8036618,0.2164,2944,13603,0.171928,1.73,-0.615,1.165,7,0.09,479,0,3,"go(1.7,-0.5)d=0.6"
739,1776102443.8182847,0.2164,2944,13603,0.17073,1.71,-1.012,1.183,7,0.117,479,0,0,"go(1.7,-1.2)d=0.6"
740,1776102445.840447,0.2164,2944,13603,0.180493,1.66,-0.575,1.165,7,0.057,480,0,0,"go(1.7,-0.1)d=0.9"
741,1776102447.8614705,0.2164,2944,13603,0.167031,1.631,-0.939,1.15,7,0.2,481,0,0,"go(1.7,-1.2)d=0.7"
742,1776102449.8777514,0.2164,2944,13603,0.175983,1.609,-0.587,1.111,7,0.103,481,0,0,"go(1.7,-0.1)d=0.8"
743,1776102451.89991,0.2164,2944,13603,0.160372,1.659,-0.947,1.135,7,0.171,482,0,0,"go(1.7,-1.2)d=0.6"
744,1776102453.91155,0.2164,2944,13603,0.162596,1.635,-0.547,1.104,7,0.064,482,0,0,"go(1.7,-0.1)d=0.8"
745,1776102455.9206192,0.2164,2944,13603,0.150547,1.686,-0.867,1.036,7,0.184,483,0,0,"go(1.7,-1.2)d=0.7"
746,1776102457.9295988,0.2164,2944,13603,0.159981,1.666,-0.46,1.102,7,0.078,484,0,0,"go(1.7,-0.1)d=0.7"
747,1776102459.9434426,0.2164,2944,13603,0.156888,1.649,-0.828,1.109,7,0.238,485,0,0,"go(1.7,-1.2)d=0.8"
748,1776102461.9508355,0.2164,2944,13603,0.156734,1.645,-0.458,1.107,7,0.089,486,0,0,"go(1.7,-0.1)d=0.7"
749,1776102463.9617598,0.2164,2944,13603,0.146037,1.709,-0.851,1.102,7,0.179,487,0,0,"go(1.7,-1.2)d=0.8"
750,1776102465.9783828,0.2164,2944,13603,0.152523,1.66,-0.553,1.096,7,0.043,487,0,0,"go(1.7,-0.1)d=0.7"
751,1776102467.9896324,0.2164,2944,13603,0.1561,1.748,-0.827,1.067,7,0.178,488,0,0,"go(1.7,-1.2)d=0.7"
752,1776102470.0012152,0.2164,2944,13603,0.172648,1.716,-0.533,1.059,7,0.019,488,0,0,"go(1.7,-0.1)d=0.7"
753,1776102472.0217698,0.2164,2944,13603,0.157338,1.711,-0.871,1.094,7,0.163,489,0,0,"go(1.7,-1.2)d=0.7"
754,1776102474.0370328,0.2164,2944,13603,0.161812,1.706,-0.501,1.066,7,0.032,490,0,0,"go(1.7,-0.1)d=0.7"
755,1776102476.0542574,0.2164,2944,13603,0.164232,1.641,-0.884,1.064,7,0.211,491,0,0,"go(1.7,-1.2)d=0.7"
756,1776102478.065428,0.2164,2944,13603,0.171956,1.723,-0.48,1.072,7,0.057,492,0,0,"go(1.7,-0.1)d=0.8"
757,1776102480.0751991,0.2164,2944,13603,0.160102,1.7,-0.899,1.091,7,0.153,493,0,0,"go(1.7,-1.2)d=0.7"
758,1776102482.083975,0.2164,2944,13603,0.163698,1.736,-0.567,1.115,7,0.053,494,0,0,"go(1.7,-0.1)d=0.8"
759,1776102484.1083026,0.2164,2944,13603,0.158546,1.663,-0.907,1.096,7,0.181,495,0,0,"go(1.7,-1.2)d=0.7"
760,1776102486.1180274,0.2164,2944,13603,0.164395,1.703,-0.498,1.092,7,0.034,496,0,0,"go(1.7,-0.1)d=0.8"
761,1776102488.1254702,0.2164,2944,13603,0.157099,1.782,-0.882,1.093,7,0.114,497,0,0,"go(1.7,-1.2)d=0.7"
762,1776102490.134387,0.2164,2944,13603,0.172231,1.695,-0.505,1.13,7,0.026,498,0,0,"go(1.7,-0.1)d=0.8"
763,1776102492.1510026,0.2164,2944,13603,0.172381,1.721,-0.872,1.102,7,0.155,499,0,0,"go(1.7,-1.2)d=0.7"
764,1776102494.1662085,0.2164,2944,13603,0.172207,1.654,-0.543,1.112,7,0.044,500,0,0,"go(1.7,-0.1)d=0.7"
765,1776102496.1762807,0.2164,2944,13603,0.157588,1.694,-0.917,1.185,7,0.149,501,0,0,"go(1.7,-1.2)d=0.7"
766,1776102498.1914546,0.2164,2944,13603,0.162796,1.67,-0.553,1.162,7,0.035,502,0,0,"go(1.7,-0.1)d=0.8"
767,1776102500.2037325,0.2164,2944,13603,0.161253,1.719,-0.901,1.224,7,0.137,502,0,0,"go(1.7,-1.2)d=0.7"
768,1776102502.215404,0.2164,2944,13603,0.172044,1.702,-0.479,1.186,7,0.052,503,0,0,"go(1.7,-0.1)d=0.8"
769,1776102504.2314882,0.2164,2944,13603,0.165182,1.76,-0.873,1.217,7,0.132,504,0,0,"go(1.7,-1.2)d=0.7"
770,1776102506.2428544,0.2164,2944,13603,0.178479,1.656,-0.427,1.259,7,0.112,504,0,0,"go(1.7,-0.1)d=0.7"
771,1776102508.252618,0.2168,2949,13603,0.172978,1.734,-0.836,1.256,7,0.177,504,0,5,"go(1.7,-1.2)d=0.8"
772,1776102510.273435,0.2168,2949,13603,0.189405,1.767,-0.479,1.243,7,0.088,505,0,0,"go(1.7,-0.1)d=0.7"
773,1776102512.2875648,0.2168,2949,13603,0.191571,1.697,-0.9,1.263,7,0.155,506,0,0,"go(1.7,-1.2)d=0.7"
774,1776102514.3012986,0.2168,2949,13603,0.205777,1.695,-0.512,1.27,7,0.019,507,0,0,"go(1.7,-0.1)d=0.8"
775,1776102516.3150985,0.2168,2949,13603,0.189414,1.671,-0.948,1.257,7,0.159,508,0,0,"go(1.7,-1.2)d=0.7"
776,1776102518.3251076,0.2168,2949,13603,0.197215,1.756,-0.519,1.273,7,0.06,509,0,0,"go(1.7,-0.1)d=0.8"
777,1776102520.3382413,0.2166,2946,13603,0.206691,1.726,-0.931,1.308,7,0.114,509,0,0,"go(1.7,-1.2)d=0.7"
778,1776102522.3595848,0.2166,2946,13603,0.203132,1.667,-0.46,1.245,7,0.077,510,0,0,"go(1.7,-0.1)d=0.8"
779,1776102524.3747776,0.2166,2946,13603,0.177505,1.703,-0.91,1.204,7,0.144,511,0,0,"go(1.7,-1.2)d=0.8"
780,1776102526.388546,0.2166,2946,13603,0.18985,1.666,-0.561,1.213,7,0.043,512,0,0,"go(1.7,-0.1)d=0.8"
781,1776102528.41058,0.2166,2946,13603,0.179343,1.741,-0.944,1.187,7,0.095,513,0,0,"go(1.7,-1.2)d=0.7"
782,1776102530.4365535,0.2166,2946,13603,0.196667,1.729,-0.613,1.207,7,0.088,514,0,0,"go(1.7,-0.1)d=0.8"
783,1776102532.4462438,0.2166,2946,13603,0.180662,1.696,-1.055,1.208,7,0.145,515,0,0,"go(1.7,-1.2)d=0.6"
784,1776102534.4562528,0.2166,2946,13603,0.184031,1.681,-0.727,1.236,7,0.196,516,0,0,"go(1.7,-0.5)d=0.5"
785,1776102536.4655616,0.2166,2946,13603,0.169266,1.63,-0.267,1.199,7,0.15,517,0,0,"go(1.7,-0.1)d=0.6"
786,1776102538.4789546,0.2166,2946,13603,0.160688,1.67,-0.685,1.219,7,0.156,518,0,0,"go(1.7,-1.2)d=1.0"
787,1776102540.4878316,0.2166,2946,13603,0.178238,1.611,-1.145,1.251,7,0.121,518,0,0,"go(1.7,-1.2)d=0.5"
788,1776102542.4972498,0.2166,2946,13603,0.198705,1.723,-0.721,1.226,7,0.191,518,0,0,"go(1.7,-0.5)d=0.6"
789,1776102544.5063736,0.217,2952,13603,0.208673,1.818,-1.181,1.291,7,0.125,519,0,6,"go(1.7,-1.2)d=0.5"
790,1776102546.5211728,0.217,2952,13603,0.235564,1.846,-0.801,1.262,7,0.187,520,0,0,"go(1.7,-0.5)d=0.7"
791,1776102548.540994,0.217,2952,13603,0.22948,1.703,-0.364,1.256,7,0.168,521,0,0,"go(1.7,-0.1)d=0.7"
792,1776102550.5518715,0.217,2952,13603,0.201498,1.658,-0.858,1.211,7,0.211,522,0,0,"go(1.7,-1.2)d=0.9"
793,1776102552.563706,0.217,2952,13603,0.188284,1.679,-0.466,1.216,7,0.068,522,0,0,"go(1.7,-0.1)d=0.7"
794,1776102554.5791147,0.217,2952,13603,0.184792,1.647,-0.761,1.258,7,0.235,523,0,0,"go(1.7,-1.2)d=0.8"
795,1776102556.5911043,0.2169,2950,13603,0.175737,1.621,-0.327,1.206,7,0.209,523,0,0,"go(1.7,-0.1)d=0.6"
796,1776102558.6113198,0.2169,2950,13603,0.175737,1.739,-0.687,1.235,7,0.161,523,0,0,"go(1.7,-1.2)d=0.9"
797,1776102560.62392,0.2169,2950,13603,0.18685,1.687,-1.155,1.21,7,0.071,524,0,0,"go(1.7,-1.2)d=0.5"
798,1776102562.6359131,0.2169,2950,13603,0.202965,1.705,-0.697,1.217,7,0.166,525,0,0,"go(1.7,-0.5)d=0.6"
799,1776102564.648984,0.2169,2950,13603,0.195045,1.701,-1.165,1.224,7,0.06,526,0,0,"go(1.7,-1.2)d=0.5"
800,1776102566.6610112,0.2169,2950,13603,0.206128,1.686,-0.801,1.178,7,0.233,527,0,0,"go(1.7,-0.5)d=0.6"
801,1776102568.6690562,0.2169,2950,13603,0.177623,1.69,-0.299,1.152,7,0.168,528,0,0,"go(1.7,-0.1)d=0.7"
802,1776102570.6806014,0.2169,2950,13603,0.161092,1.672,-0.651,1.196,7,0.123,529,0,0,"go(1.7,-1.2)d=0.9"
803,1776102572.7034574,0.2169,2950,13603,0.163981,1.759,-1.056,1.139,7,0.096,530,0,0,"go(1.7,-1.2)d=0.6"
804,1776102574.7136095,0.2169,2950,13603,0.183935,1.694,-0.611,1.087,7,0.08,531,0,0,"go(1.7,-0.5)d=0.5"
805,1776102576.7361946,0.2169,2950,13603,0.164696,1.67,-1.021,1.159,7,0.158,532,0,0,"go(1.7,-1.2)d=0.6"
806,1776102578.7499948,0.2169,2950,13603,0.169992,1.707,-0.664,1.17,7,0.133,533,0,0,"go(1.7,-0.1)d=0.9"
807,1776102580.7645347,0.2169,2950,13603,0.169289,1.646,-1.003,1.2,7,0.18,534,0,0,"go(1.7,-1.2)d=0.6"
808,1776102582.77479,0.2169,2950,13603,0.181586,1.676,-0.667,1.212,7,0.137,535,0,0,"go(1.7,-0.1)d=0.9"
809,1776102584.7826376,0.2169,2950,13603,0.184677,1.674,-1.117,1.22,7,0.111,536,0,0,"go(1.7,-1.2)d=0.6"
810,1776102586.7951388,0.2169,2950,13603,0.205258,1.682,-0.658,1.286,7,0.127,537,0,0,"go(1.7,-0.5)d=0.6"
811,1776102588.8064382,0.2169,2950,13603,0.197472,1.615,-1.065,1.323,7,0.182,538,0,0,"go(1.7,-1.2)d=0.6"
812,1776102590.8202243,0.2169,2950,13603,0.200478,1.773,-0.65,1.354,7,0.141,539,0,0,"go(1.7,-0.5)d=0.5"
813,1776102592.8300426,0.2166,2946,13603,0.235584,1.713,-1.152,1.352,7,0.074,540,0,0,"go(1.7,-1.2)d=0.6"
814,1776102594.8413608,0.2166,2946,13603,0.24063,1.649,-0.751,1.373,7,0.225,541,0,0,"go(1.7,-0.5)d=0.6"
815,1776102596.8540876,0.2166,2946,13603,0.240302,1.691,-0.268,1.357,7,0.136,542,0,0,"go(1.7,-0.1)d=0.6"
816,1776102598.8724742,0.2166,2946,13603,0.213598,1.676,-0.642,1.319,7,0.112,542,0,0,"go(1.7,-1.2)d=1.0"
817,1776102600.8842592,0.2166,2946,13603,0.199925,1.698,-1.147,1.305,7,0.078,543,0,0,"go(1.7,-1.2)d=0.6"
818,1776102602.9068713,0.2166,2946,13603,0.205557,1.701,-0.706,1.335,7,0.174,544,0,0,"go(1.7,-0.5)d=0.6"
819,1776102604.931796,0.2166,2946,13603,0.236669,1.681,-1.08,1.327,7,0.147,545,0,0,"go(1.7,-1.2)d=0.5"
820,1776102606.9451733,0.2166,2946,13603,0.215198,1.672,-0.656,1.335,7,0.128,545,0,0,"go(1.7,-0.5)d=0.5"
821,1776102608.9546742,0.2166,2946,13603,0.231438,1.684,-1.038,1.395,7,0.15,546,0,0,"go(1.7,-1.2)d=0.6"
822,1776102610.9688585,0.2166,2946,13603,0.237116,1.706,-0.647,1.366,7,0.116,546,0,0,"go(1.7,-0.5)d=0.5"
823,1776102612.982233,0.2166,2946,13603,0.205329,1.63,-1.007,1.351,7,0.196,546,0,0,"go(1.7,-1.2)d=0.6"
824,1776102615.0005462,0.216,2938,13603,0.205329,1.635,-0.576,1.343,7,0.076,547,0,0,"go(1.7,-0.1)d=0.9"
825,1776102617.0097091,0.216,2938,13603,0.213418,1.652,-1.037,1.304,7,0.18,547,0,0,"go(1.7,-1.2)d=0.7"
826,1776102619.02109,0.2158,2936,13603,0.213418,1.648,-0.588,1.331,7,0.075,548,0,0,"go(1.7,-0.5)d=0.5"
827,1776102621.034843,0.217,2903,13380,0.225652,1.704,-1.16,1.288,7,0.065,549,0,0,"go(1.7,-1.2)d=0.6"
828,1776102623.056809,0.217,2903,13380,0.229056,1.67,-0.668,1.293,7,0.139,550,0,0,"go(1.7,-0.5)d=0.6"
829,1776102625.0724351,0.217,2903,13380,0.230762,1.648,-1.118,1.343,7,0.12,551,0,0,"go(1.7,-1.2)d=0.6"
830,1776102627.0952992,0.217,2903,13380,0.219925,1.634,-0.675,1.361,7,0.157,552,0,0,"go(1.7,-0.5)d=0.6"
831,1776102629.108913,0.217,2903,13380,0.243809,1.732,-1.163,1.379,7,0.069,553,0,0,"go(1.7,-1.2)d=0.6"
832,1776102631.1189296,0.217,2903,13380,0.260187,1.753,-0.718,1.33,7,0.195,554,0,0,"go(1.7,-0.5)d=0.6"
833,1776102633.137085,0.217,2903,13380,0.239105,1.71,-1.121,1.356,7,0.104,555,0,0,"go(1.7,-1.2)d=0.5"
834,1776102635.1560633,0.217,2903,13380,0.244518,1.723,-0.736,1.383,7,0.206,556,0,0,"go(1.7,-0.5)d=0.6"
835,1776102637.1732059,0.217,2903,13380,0.256887,1.696,-0.263,1.33,7,0.131,556,0,0,"go(1.7,-0.1)d=0.6"
836,1776102639.1853893,0.2174,2909,13380,0.261686,1.745,-0.688,1.333,7,0.164,556,0,6,"go(1.7,-1.2)d=1.0"
837,1776102641.209631,0.2174,2909,13380,0.240012,1.736,-1.165,1.4,7,0.069,557,0,0,"go(1.7,-1.2)d=0.5"
838,1776102643.4226515,0.2174,2909,13380,0.248119,1.631,-0.74,1.372,7,0.219,557,0,0,"go(1.7,-0.5)d=0.7"
839,1776102645.4375305,0.2174,2909,13380,0.256204,1.628,-0.277,1.379,7,0.16,557,0,0,"go(1.7,-0.1)d=0.6"
840,1776102647.4444633,0.2174,2909,13380,0.26209,1.635,-0.668,1.336,7,0.15,557,0,0,"go(1.7,-1.2)d=1.0"
841,1776102649.4555411,0.2174,2909,13380,0.266862,1.673,-1.093,1.339,7,0.135,557,0,0,"go(1.7,-1.2)d=0.6"
842,1776102651.4671342,0.2174,2909,13380,0.242987,1.63,-0.581,1.343,7,0.083,558,0,0,"go(1.7,-0.5)d=0.6"
843,1776102653.4765174,0.2174,2909,13380,0.24819,1.592,-0.982,1.315,7,0.233,558,0,0,"go(1.7,-1.2)d=0.6"
844,1776102655.4841886,0.2174,2909,13380,0.217734,1.617,-0.489,1.349,7,0.091,558,0,0,"go(1.7,-0.1)d=0.9"
845,1776102657.4923596,0.2174,2909,13380,0.226456,1.725,-0.9,1.353,7,0.133,559,0,0,"go(1.7,-1.2)d=0.7"
846,1776102659.4996035,0.2174,2909,13380,0.252044,1.712,-0.389,1.35,7,0.144,560,0,0,"go(1.7,-0.1)d=0.8"
847,1776102661.5065336,0.2174,2909,13380,0.236422,1.771,-0.8,1.299,7,0.196,561,0,0,"go(1.7,-1.2)d=0.8"
848,1776102663.515639,0.2174,2909,13380,0.24362,1.748,-0.355,1.312,7,0.184,561,0,0,"go(1.7,-0.1)d=0.7"
849,1776102665.523724,0.2174,2909,13380,0.248251,1.87,-0.844,1.323,7,0.15,561,0,0,"go(1.7,-1.2)d=0.9"
850,1776102667.5352936,0.2174,2909,13380,0.245236,1.746,-0.386,1.288,7,0.154,562,0,0,"go(1.7,-0.1)d=0.7"
851,1776102669.548686,0.2174,2909,13380,0.252013,1.69,-0.722,1.298,7,0.191,562,0,0,"go(1.7,-1.2)d=0.8"
852,1776102671.5626469,0.2174,2909,13380,0.217232,1.707,-1.226,1.337,7,0.005,562,0,0,"go(1.7,-1.2)d=0.5"
853,1776102673.5745413,0.2174,2909,13380,0.226724,1.642,-0.768,1.333,7,0.243,562,0,0,"go(1.7,-0.5)d=0.7"
854,1776102675.5854743,0.2174,2909,13380,0.23276,1.774,-0.284,1.326,7,0.173,562,0,0,"go(1.7,-0.1)d=0.6"
855,1776102677.5948064,0.2174,2909,13380,0.243375,1.894,-0.75,1.32,7,0.247,562,0,0,"go(1.7,-1.2)d=0.9"
856,1776102679.6074169,0.2174,2909,13380,0.270292,1.78,-1.21,1.374,7,0.08,562,0,0,"go(1.7,-1.2)d=0.5"
857,1776102681.6211345,0.2181,2918,13380,0.270292,1.668,-0.751,1.358,7,0.222,563,0,9,"go(1.7,-0.5)d=0.7"
858,1776102683.6298058,0.2181,2918,13380,0.277599,1.584,-0.276,1.378,7,0.182,563,0,0,"go(1.7,-0.1)d=0.6"
859,1776102685.6364386,0.2181,2918,13380,0.292915,1.53,-0.625,1.407,7,0.191,563,0,0,"go(1.7,-1.2)d=1.0"
860,1776102689.653241,0.2181,2918,13380,0.329662,1.693,-1.09,1.44,7,0.136,563,0,0,"go(1.7,-1.2)d=0.6"
861,1776102692.2603796,0.2181,2918,13380,0.353244,1.767,-0.674,1.374,7,0.159,563,0,0,"go(1.7,-0.5)d=0.6"
862,1776102694.2724671,0.2181,2918,13380,0.363711,1.723,-1.115,1.377,7,0.113,563,0,0,"go(1.7,-1.2)d=0.6"
863,1776102696.2842364,0.2181,2918,13380,0.379834,1.666,-0.644,1.466,7,0.117,563,0,0,"go(1.7,-0.5)d=0.6"
864,1776102700.2988062,0.2181,2918,13380,0.406398,1.696,-0.979,1.428,7,0.129,563,0,0,"go(1.7,-1.2)d=0.6"
865,1776102704.3186083,0.2181,2918,13380,0.422495,1.71,-0.567,1.485,7,0.038,563,0,0,"go(1.7,-0.5)d=0.5"
866,1776102708.3405378,0.2181,2918,13380,0.449051,1.649,-1.05,1.473,7,0.183,563,0,0,"go(1.7,-1.2)d=0.7"
867,1776102712.3661118,0.2181,2918,13380,0.458228,1.69,-0.606,1.455,7,0.075,563,0,0,"go(1.7,-0.1)d=0.9"
868,1776102716.3845742,0.2186,2925,13380,0.299173,1.662,-1.055,1.53,7,0.175,563,0,7,"go(1.7,-1.2)d=0.6"
869,1776102720.4038537,0.2194,2935,13380,0.321132,1.716,-0.755,1.533,7,0.224,564,0,10,"go(1.7,-0.5)d=0.6"
870,1776102724.42481,0.2193,2934,13380,0.329209,1.685,-0.379,1.593,7,0.152,564,0,0,"go(1.7,-0.1)d=0.6"
871,1776102728.450746,0.2193,2934,13380,0.344368,1.65,-0.701,1.63,7,0.176,564,0,0,"go(1.7,-1.2)d=0.9"
872,1776102732.4744403,0.2197,2939,13380,0.387973,1.718,-0.399,1.659,7,0.134,564,0,5,"go(1.7,-0.1)d=0.7"
873,1776102736.490772,0.2197,2939,13380,0.395837,1.697,-0.87,1.606,7,0.174,564,0,0,"go(1.7,-1.2)d=0.8"
874,1776102740.506271,0.2197,2940,13380,0.422093,1.763,-0.44,1.664,7,0.112,564,0,1,"go(1.7,-0.1)d=0.7"
875,1776102744.528644,0.2197,2939,13380,0.393547,1.763,-0.88,1.596,7,0.124,564,0,0,"go(1.7,-1.2)d=0.8"
876,1776102748.548539,0.2196,2938,13380,0.408564,1.78,-0.5,1.61,7,0.088,565,0,0,"go(1.7,-0.1)d=0.8"
877,1776102752.5602782,0.2196,2938,13380,0.394747,1.709,-0.916,1.551,7,0.136,565,0,0,"go(1.7,-1.2)d=0.8"
878,1776102756.5726564,0.2196,2938,13380,0.42636,1.781,-0.579,1.635,7,0.097,565,0,0,"go(1.7,-0.1)d=0.9"
879,1776102760.5947483,0.2196,2938,13380,0.395878,1.656,-0.999,1.608,7,0.169,566,0,0,"go(1.7,-1.2)d=0.7"
880,1776102764.608254,0.2197,2939,13380,0.40222,1.671,-0.653,1.558,7,0.125,566,0,1,"go(1.7,-0.1)d=0.9"
881,1776102768.6270006,0.2197,2939,13380,0.388039,1.669,-1.108,1.492,7,0.121,566,0,0,"go(1.7,-1.2)d=0.6"
882,1776102772.6483943,0.2197,2939,13380,0.376726,1.728,-0.715,1.518,7,0.186,566,0,0,"go(1.7,-0.5)d=0.7"
883,1776102776.6721377,0.2197,2939,13380,0.368979,1.685,-1.227,1.503,7,0.017,566,0,0,"go(1.7,-1.2)d=0.5"
884,1776102780.6927454,0.2197,2939,13380,0.390929,1.63,-0.851,1.537,7,0.238,566,0,0,"go(1.7,-0.5)d=0.7"
885,1776102784.7176933,0.2198,2941,13380,0.344151,1.736,-0.458,1.566,7,0.083,566,0,2,"go(1.7,-0.1)d=0.7"
886,1776102788.7422643,0.2198,2941,13380,0.347709,1.64,-0.836,1.565,7,0.239,566,0,0,"go(1.7,-1.2)d=0.8"
887,1776102792.7539601,0.2197,2939,13380,0.363936,1.726,-0.423,1.606,7,0.112,567,0,0,"go(1.7,-0.1)d=0.7"
888,1776102796.7695298,0.2197,2939,13380,0.366528,1.639,-0.819,1.62,7,0.251,567,0,0,"go(1.7,-1.2)d=0.8"
889,1776102800.7888522,0.2197,2939,13380,0.402384,1.725,-0.48,1.65,7,0.059,568,0,0,"go(1.7,-0.1)d=0.7"
890,1776102804.8086462,0.2197,2940,13380,0.394891,1.63,-0.815,1.686,7,0.261,568,0,1,"go(1.7,-1.2)d=0.8"
891,1776102808.8290052,0.2197,2940,13380,0.406221,1.589,-0.473,1.666,7,0.122,569,0,0,"go(1.7,-0.1)d=0.7"
892,1776102812.8567305,0.2198,2941,13380,0.391711,1.596,-0.892,1.552,7,0.248,570,0,1,"go(1.7,-1.2)d=0.8"
893,1776102816.8777058,0.2199,2942,13380,0.361396,1.632,-0.557,1.556,7,0.07,571,0,1,"go(1.7,-0.1)d=0.8"
894,1776102820.9015281,0.2199,2942,13380,0.319313,1.63,-0.919,1.539,7,0.207,571,0,0,"go(1.7,-1.2)d=0.7"
895,1776102824.9191566,0.22,2944,13380,0.337215,1.687,-0.574,1.538,7,0.044,571,0,2,"go(1.7,-0.1)d=0.8"
896,1776102828.935977,0.22,2944,13380,0.32079,1.689,-0.994,1.473,7,0.136,571,0,0,"go(1.7,-1.2)d=0.7"
897,1776102832.9497206,0.2203,2947,13380,0.327609,1.743,-0.694,1.534,7,0.169,571,0,3,"go(1.7,-0.5)d=0.5"
898,1776102836.9765573,0.2203,2947,13380,0.378579,1.721,-1.031,1.527,7,0.113,571,0,0,"go(1.7,-1.2)d=0.6"
899,1776102840.9938717,0.2203,2947,13380,0.335888,1.638,-0.704,1.464,7,0.183,571,0,0,"go(1.7,-0.5)d=0.6"
900,1776102845.0109982,0.2203,2947,13380,0.348827,1.635,-1.008,1.405,7,0.191,571,0,0,"go(1.7,-1.2)d=0.6"
901,1776102848.8356683,0.2201,2945,13380,0.272239,1.691,-0.733,1.398,7,0.202,571,0,0,"go(1.7,-0.5)d=0.6"
902,1776102850.8499703,0.2201,2945,13380,0.268388,1.765,-0.361,1.422,7,0.184,571,0,0,"go(1.7,-0.1)d=0.6"
903,1776102854.47207,0.2203,2948,13380,0.232616,1.649,-0.657,1.365,7,0.135,572,0,3,"go(1.7,-1.2)d=0.9"
904,1776102856.4871333,0.2203,2947,13380,0.232616,1.63,-1.079,1.407,7,0.162,572,0,0,"go(1.7,-1.2)d=0.6"
905,1776102858.900106,0.2203,2947,13380,0.250059,1.714,-0.756,1.351,7,0.225,572,0,0,"go(1.7,-0.5)d=0.6"
906,1776102860.9079568,0.22,2943,13380,0.250059,1.748,-0.342,1.356,7,0.196,572,0,0,"go(1.7,-0.1)d=0.6"
907,1776102862.9185302,0.22,2943,13380,0.242377,1.737,-0.571,1.361,7,0.057,573,0,0,"go(1.7,-1.2)d=0.9"
908,1776102864.940317,0.22,2943,13380,0.225772,1.696,-1.013,1.322,7,0.132,573,0,0,"go(1.7,-1.2)d=0.7"
909,1776102866.9591606,0.22,2943,13380,0.227351,1.778,-0.605,1.272,7,0.109,573,0,0,"go(1.7,-0.1)d=0.9"
910,1776102868.9811435,0.2198,2941,13380,0.227351,1.765,-0.824,1.293,7,0.174,573,0,0,"go(1.7,-1.2)d=0.6"
911,1776102870.9956286,0.2198,2941,13380,0.236949,1.752,-0.542,1.302,7,0.056,573,0,0,"go(1.7,-0.1)d=0.7"
912,1776102873.0038698,0.2198,2941,13380,0.221688,1.705,-0.819,1.304,7,0.207,573,0,0,"go(1.7,-1.2)d=0.7"
913,1776102875.0260153,0.2199,2942,13380,0.221688,1.691,-0.565,1.235,7,0.034,573,0,1,"go(1.7,-0.1)d=0.7"
914,1776102877.0411737,0.2199,2942,13380,0.199153,1.615,-0.825,1.231,7,0.265,574,0,0,"go(1.7,-1.2)d=0.7"
915,1776102879.0584714,0.2199,2942,13380,0.18013,1.677,-0.722,1.238,7,0.192,575,0,0,"go(1.7,-0.1)d=0.7"
916,1776102881.0753658,0.2199,2942,13380,0.18013,1.596,-0.887,1.212,7,0.25,575,0,0,"go(1.7,-1.2)d=0.5"
917,1776102883.0915253,0.2199,2942,13380,0.184128,1.671,-0.651,1.202,7,0.123,576,0,0,"go(1.7,-0.1)d=0.8"
918,1776102885.1012957,0.2199,2942,13380,0.189865,1.666,-0.766,1.232,7,0.236,577,0,0,"go(1.7,-1.2)d=0.6"
919,1776102887.1140954,0.2199,2942,13380,0.181397,1.692,-0.592,1.253,7,0.061,578,0,0,"go(1.7,-0.1)d=0.6"
920,1776102889.1259348,0.2199,2942,13380,0.191131,1.634,-0.742,1.232,7,0.22,578,0,0,"go(1.7,-1.2)d=0.6"
921,1776102891.1402338,0.2199,2942,13380,0.179705,1.666,-0.461,1.233,7,0.077,579,0,0,"go(1.7,-0.1)d=0.6"
922,1776102893.1516423,0.2199,2942,13380,0.182793,1.734,-0.587,1.208,7,0.067,580,0,0,"go(1.7,-1.2)d=0.8"
923,1776102895.1656907,0.2199,2942,13380,0.181077,1.664,-1.121,1.241,7,0.11,581,0,0,"go(1.7,-1.2)d=0.6"
924,1776102897.17671,0.2199,2942,13380,0.201786,1.746,-0.797,1.182,7,0.206,581,0,0,"go(1.7,-0.5)d=0.6"
925,1776102899.1923244,0.2199,2942,13380,0.20167,1.784,-0.448,1.205,7,0.12,581,0,0,"go(1.7,-0.1)d=0.7"
926,1776102901.2070806,0.2199,2942,13380,0.20167,1.765,-0.69,1.154,7,0.173,581,0,0,"go(1.7,-1.2)d=0.8"
927,1776102903.22769,0.2199,2942,13380,0.175681,1.707,-1.19,1.153,7,0.035,581,0,0,"go(1.7,-1.2)d=0.5"
928,1776102905.237711,0.2199,2942,13380,0.198934,1.766,-0.857,1.18,7,0.143,581,0,0,"go(1.7,-0.5)d=0.7"
929,1776102907.25001,0.2199,2942,13380,0.198934,1.71,-0.441,1.121,7,0.091,582,0,0,"go(1.7,-0.1)d=0.7"
930,1776102909.2660797,0.2199,2942,13380,0.162592,1.663,-0.716,1.145,7,0.188,583,0,0,"go(1.7,-1.2)d=0.8"
931,1776102911.2774456,0.2199,2942,13380,0.16105,1.699,-1.089,1.154,7,0.136,584,0,0,"go(1.7,-1.2)d=0.5"
932,1776102913.2926085,0.2199,2942,13380,0.16105,1.722,-0.786,1.183,7,0.226,584,0,0,"go(1.7,-0.5)d=0.6"
933,1776102915.3038828,0.2199,2942,13380,0.187611,1.726,-0.395,1.214,7,0.139,584,0,0,"go(1.7,-0.1)d=0.7"
934,1776102917.3164523,0.2199,2942,13380,0.187611,1.705,-0.666,1.175,7,0.135,585,0,0,"go(1.7,-1.2)d=0.8"
935,1776102919.3314004,0.2199,2942,13380,0.158198,1.658,-1.127,1.172,7,0.107,586,0,0,"go(1.7,-1.2)d=0.6"
936,1776102921.3497324,0.2199,2942,13380,0.174893,1.676,-0.853,1.18,7,0.201,587,0,0,"go(1.7,-0.5)d=0.6"
937,1776102923.36342,0.2199,2942,13380,0.191848,1.719,-0.406,1.154,7,0.127,587,0,0,"go(1.7,-0.1)d=0.7"
938,1776102925.3761353,0.2199,2942,13380,0.191848,1.716,-0.673,1.259,7,0.143,588,0,0,"go(1.7,-1.2)d=0.8"
939,1776102927.3983757,0.2199,2942,13380,0.200715,1.667,-1.142,1.173,7,0.09,588,0,0,"go(1.7,-1.2)d=0.5"
940,1776102929.416315,0.2199,2942,13380,0.20575,1.672,-0.824,1.145,7,0.224,588,0,0,"go(1.7,-0.5)d=0.6"
941,1776102931.430665,0.2199,2942,13380,0.20575,1.71,-0.506,1.211,7,0.028,588,0,0,"go(1.7,-0.1)d=0.7"
942,1776102933.4539335,0.2199,2942,13380,0.184846,1.74,-0.761,1.178,7,0.233,588,0,0,"go(1.7,-1.2)d=0.7"
943,1776102935.4622023,0.22,2943,13380,0.184846,1.688,-0.487,1.156,7,0.045,589,0,1,"go(1.7,-0.1)d=0.6"
944,1776102937.4753404,0.22,2943,13380,0.195452,1.688,-0.628,1.189,7,0.097,589,0,0,"go(1.7,-1.2)d=0.7"
945,1776102939.4824035,0.22,2943,13380,0.195452,1.678,-1.039,1.166,7,0.156,589,0,0,"go(1.7,-1.2)d=0.6"
946,1776102941.4909363,0.22,2943,13380,0.205133,1.734,-0.8,1.21,7,0.208,589,0,0,"go(1.7,-0.5)d=0.5"
947,1776102943.5072484,0.22,2943,13380,0.210469,1.741,-0.477,1.2,7,0.069,589,0,0,"go(1.7,-0.1)d=0.7"
948,1776102945.516817,0.22,2943,13380,0.181157,1.698,-0.746,1.207,7,0.215,589,0,0,"go(1.7,-1.2)d=0.7"
949,1776102947.5329037,0.2199,2942,13380,0.181157,1.655,-0.441,1.2,7,0.099,590,0,0,"go(1.7,-0.1)d=0.6"
950,1776102949.550123,0.2199,2942,13380,0.181157,1.695,-0.572,1.178,7,0.041,590,0,0,"go(1.7,-1.2)d=0.8"
951,1776102951.5620408,0.2199,2942,13380,0.191141,1.656,-1.095,1.156,7,0.137,590,0,0,"go(1.7,-1.2)d=0.7"
952,1776102953.5807092,0.2199,2942,13380,0.164164,1.66,-0.765,1.182,7,0.237,590,0,0,"go(1.7,-0.5)d=0.6"
953,1776102955.5944862,0.22,2943,13380,0.164164,1.637,-0.388,1.174,7,0.155,591,0,1,"go(1.7,-0.1)d=0.6"
954,1776102957.610105,0.22,2943,13380,0.164164,1.686,-0.56,1.156,7,0.031,591,0,0,"go(1.7,-1.2)d=0.8"
955,1776102959.6267595,0.22,2943,13380,0.171546,1.68,-1.028,1.206,7,0.151,591,0,0,"go(1.7,-1.2)d=0.7"
956,1776102961.6472983,0.22,2943,13380,0.162987,1.666,-1.473,1.158,7,0.103,592,0,0,"go(1.7,-1.6)d=0.5"
957,1776102963.6573546,0.22,2943,13380,0.193146,1.753,-1.179,1.139,7,0.069,593,0,0,"go(1.7,-0.5)d=0.9"
958,1776102965.6710782,0.22,2943,13380,0.196944,1.721,-0.744,1.164,7,0.214,593,0,0,"go(1.7,-0.5)d=0.7"
959,1776102967.6800392,0.22,2943,13380,0.196944,1.742,-0.423,1.189,7,0.117,593,0,0,"go(1.7,-0.1)d=0.6"
960,1776102969.6909726,0.22,2943,13380,0.186213,1.687,-0.69,1.275,7,0.159,594,0,0,"go(1.7,-1.2)d=0.8"
961,1776102971.705929,0.22,2943,13380,0.171497,1.728,-1.089,1.254,7,0.138,594,0,0,"go(1.7,-1.2)d=0.5"
962,1776102973.7195988,0.22,2943,13380,0.171497,1.727,-0.717,1.278,7,0.188,594,0,0,"go(1.7,-0.5)d=0.6"
963,1776102975.7319677,0.22,2943,13380,0.194297,1.718,-1.031,1.205,7,0.116,595,0,0,"go(1.7,-1.2)d=0.5"
964,1776102977.7505503,0.22,2943,13380,0.198051,1.671,-0.814,1.259,7,0.232,595,0,0,"go(1.7,-0.5)d=0.5"
965,1776102979.7618673,0.22,2943,13380,0.208364,1.672,-0.383,1.265,7,0.15,596,0,0,"go(1.7,-0.1)d=0.7"
966,1776102981.776062,0.22,2943,13380,0.188848,1.694,-0.698,1.294,7,0.167,596,0,0,"go(1.7,-1.2)d=0.8"
967,1776102983.7998798,0.22,2943,13380,0.188848,1.707,-1.081,1.332,7,0.145,596,0,0,"go(1.7,-1.2)d=0.5"
968,1776102985.821275,0.22,2943,13380,0.202448,1.689,-0.675,1.357,7,0.144,597,0,0,"go(1.7,-0.5)d=0.6"
969,1776102987.8441138,0.22,2943,13380,0.231477,1.732,-1.012,1.27,7,0.096,598,0,0,"go(1.7,-1.2)d=0.6"
970,1776102989.8565965,0.22,2943,13380,0.212698,1.735,-0.8,1.292,7,0.208,599,0,0,"go(1.7,-0.1)d=0.9"
971,1776102991.8655772,0.22,2943,13380,0.212698,1.753,-0.375,1.246,7,0.165,599,0,0,"go(1.7,-0.1)d=0.7"
972,1776102993.8823786,0.22,2943,13380,0.225186,1.724,-0.662,1.208,7,0.134,600,0,0,"go(1.7,-1.2)d=0.9"
973,1776102995.8932714,0.22,2943,13380,0.232753,1.735,-1.137,1.188,7,0.094,600,0,0,"go(1.7,-1.2)d=0.6"
974,1776102997.9046495,0.22,2943,13380,0.239429,1.743,-0.768,1.177,7,0.235,600,0,0,"go(1.7,-0.5)d=0.6"
975,1776102999.91718,0.22,2943,13380,0.239429,1.722,-0.324,1.152,7,0.195,600,0,0,"go(1.7,-0.1)d=0.6"
976,1776103001.9302194,0.22,2943,13380,0.246743,1.763,-0.584,1.13,7,0.084,600,0,0,"go(1.7,-1.2)d=0.9"
977,1776103003.9485261,0.22,2943,13380,0.160619,1.734,-1.017,1.178,7,0.096,600,0,0,"go(1.7,-1.2)d=0.6"
978,1776103005.9643953,0.22,2943,13380,0.160619,1.696,-0.674,1.132,7,0.143,601,0,0,"go(1.7,-0.1)d=0.9"
979,1776103007.9776185,0.22,2943,13380,0.182639,1.692,-0.813,1.137,7,0.22,602,0,0,"go(1.7,-1.2)d=0.6"
980,1776103009.989635,0.22,2943,13380,0.162316,1.69,-0.625,1.16,7,0.094,602,0,0,"go(1.7,-0.1)d=0.7"
981,1776103012.0089228,0.22,2943,13380,0.162316,1.728,-0.975,1.203,7,0.098,602,0,0,"go(1.7,-1.2)d=0.6"
982,1776103014.023377,0.22,2943,13380,0.17329,1.735,-0.686,1.188,7,0.16,603,0,0,"go(1.7,-0.1)d=0.9"
983,1776103016.0394356,0.22,2943,13380,0.178264,1.757,-0.977,1.218,7,0.069,603,0,0,"go(1.7,-1.2)d=0.5"
984,1776103018.0501478,0.22,2943,13380,0.183873,1.724,-0.64,1.252,7,0.112,603,0,0,"go(1.7,-0.1)d=0.8"
985,1776103020.0665653,0.22,2943,13380,0.188533,1.704,-0.855,1.206,7,0.179,603,0,0,"go(1.7,-1.2)d=0.6"
986,1776103022.0799036,0.22,2943,13380,0.195253,1.687,-0.676,1.217,7,0.145,603,0,0,"go(1.7,-0.1)d=0.7"
987,1776103024.0960476,0.22,2943,13380,0.200642,1.681,-0.855,1.193,7,0.196,603,0,0,"go(1.7,-1.2)d=0.6"
988,1776103026.1171336,0.22,2943,13380,0.200642,1.726,-0.627,1.284,7,0.101,603,0,0,"go(1.7,-0.1)d=0.7"
989,1776103028.1303782,0.22,2943,13380,0.190071,1.709,-0.865,1.219,7,0.168,603,0,0,"go(1.7,-1.2)d=0.6"
990,1776103030.152114,0.2197,2939,13380,0.190071,1.718,-0.649,1.218,7,0.12,604,0,0,"go(1.7,-0.1)d=0.7"
991,1776103032.1712854,0.2197,2939,13380,0.197689,1.696,-0.915,1.203,7,0.148,604,0,0,"go(1.7,-1.2)d=0.6"
992,1776103034.1829302,0.2197,2939,13380,0.204541,1.749,-0.561,1.163,7,0.06,604,0,0,"go(1.7,-0.1)d=0.8"
993,1776103036.1934965,0.2197,2939,13380,0.209068,1.635,-0.771,1.189,7,0.248,604,0,0,"go(1.7,-1.2)d=0.7"
994,1776103038.205834,0.2197,2939,13380,0.164168,1.686,-0.442,1.177,7,0.09,604,0,0,"go(1.7,-0.1)d=0.6"
995,1776103040.2197344,0.2197,2939,13380,0.164168,1.704,-0.7,1.177,7,0.168,605,0,0,"go(1.7,-1.2)d=0.8"
996,1776103042.2357748,0.2197,2939,13380,0.164844,1.731,-1.245,1.175,7,0.035,605,0,0,"go(1.7,-1.2)d=0.5"
997,1776103044.254732,0.2197,2939,13380,0.185208,1.696,-0.866,1.14,7,0.177,606,0,0,"go(1.7,-0.5)d=0.7"
998,1776103046.274494,0.2197,2939,13380,0.185208,1.683,-0.511,1.089,7,0.025,606,0,0,"go(1.7,-0.1)d=0.7"
999,1776103048.2966487,0.2197,2939,13380,0.183061,1.613,-0.829,1.13,7,0.265,607,0,0,"go(1.7,-1.2)d=0.7"
1000,1776103050.309939,0.2197,2939,13380,0.153557,1.674,-0.581,1.131,7,0.055,608,0,0,"go(1.7,-0.1)d=0.7"
1001,1776103052.3211386,0.2197,2939,13380,0.166515,1.728,-0.898,1.152,7,0.132,609,0,0,"go(1.7,-1.2)d=0.6"
1002,1776103054.3399649,0.2197,2939,13380,0.166515,1.696,-0.567,1.16,7,0.036,609,0,0,"go(1.7,-0.1)d=0.8"
1003,1776103056.3520594,0.2197,2939,13380,0.171559,1.663,-0.798,1.141,7,0.249,609,0,0,"go(1.7,-1.2)d=0.7"
1004,1776103058.3599222,0.2197,2939,13380,0.155327,1.649,-0.586,1.079,7,0.073,610,0,0,"go(1.7,-0.1)d=0.7"
1005,1776103060.3678272,0.2197,2939,13380,0.167084,1.664,-0.774,1.085,7,0.245,611,0,0,"go(1.7,-1.2)d=0.6"
1006,1776103062.3782663,0.2197,2939,13380,0.167084,1.719,-0.593,1.113,7,0.066,611,0,0,"go(1.7,-0.1)d=0.6"
1007,1776103064.3914738,0.2197,2939,13380,0.152287,1.708,-0.846,1.088,7,0.184,612,0,0,"go(1.7,-1.2)d=0.6"
1008,1776103066.4196665,0.2197,2939,13380,0.153528,1.74,-0.601,1.098,7,0.082,613,0,0,"go(1.7,-0.1)d=0.7"
1009,1776103068.4346187,0.2197,2939,13380,0.169993,1.707,-0.815,1.12,7,0.209,614,0,0,"go(1.7,-1.2)d=0.6"
1010,1776103070.4446056,0.2197,2939,13380,0.169993,1.694,-0.638,1.098,7,0.106,614,0,0,"go(1.7,-0.1)d=0.7"
1011,1776103072.4580765,0.2197,2939,13380,0.161324,1.66,-0.791,1.069,7,0.257,615,0,0,"go(1.7,-1.2)d=0.6"
1012,1776103074.4716582,0.2197,2939,13380,0.146826,1.714,-0.485,1.115,7,0.049,615,0,0,"go(1.7,-0.1)d=0.7"
1013,1776103076.4802244,0.2197,2939,13380,0.146826,1.689,-0.786,1.102,7,0.243,616,0,0,"go(1.7,-1.2)d=0.7"
1014,1776103078.5015519,0.2197,2939,13380,0.152081,1.671,-0.415,1.079,7,0.119,617,0,0,"go(1.7,-0.1)d=0.7"
1015,1776103080.515845,0.2197,2939,13380,0.159993,1.743,-0.621,1.06,7,0.1,618,0,0,"go(1.7,-1.2)d=0.8"
1016,1776103082.5290523,0.2197,2939,13380,0.159993,1.668,-1.043,1.04,7,0.167,618,0,0,"go(1.7,-1.2)d=0.6"
1017,1776103084.544939,0.2197,2939,13380,0.154064,1.716,-0.663,1.056,7,0.133,619,0,0,"go(1.7,-0.5)d=0.5"
1018,1776103086.5573506,0.2197,2939,13380,0.170408,1.719,-1.036,1.043,7,0.117,619,0,0,"go(1.7,-1.2)d=0.6"
1019,1776103088.5663736,0.2197,2939,13380,0.170408,1.741,-0.732,1.075,7,0.205,619,0,0,"go(1.7,-0.5)d=0.5"
1020,1776103090.591316,0.2197,2940,13380,0.165428,1.751,-0.237,1.037,7,0.12,620,0,1,"go(1.7,-0.1)d=0.6"
1021,1776103092.6054976,0.2197,2940,13380,0.165428,1.673,-0.587,1.072,7,0.06,620,0,0,"go(1.7,-1.2)d=1.0"
1022,1776103094.6148524,0.2197,2940,13380,0.143178,1.665,-1.029,1.067,7,0.165,621,0,0,"go(1.7,-1.2)d=0.6"
1023,1776103096.629185,0.2197,2940,13380,0.147909,1.669,-1.434,1.022,7,0.132,622,0,0,"go(1.7,-1.6)d=0.5"
1024,1776103098.6433034,0.2197,2940,13380,0.181742,1.736,-1.015,1.053,7,0.093,623,0,0,"go(1.7,-0.5)d=0.9"
1025,1776103100.6589768,0.2197,2940,13380,0.180847,1.73,-0.481,1.051,7,0.061,623,0,0,"go(1.7,-0.1)d=0.9"
1026,1776103102.6752043,0.2197,2940,13380,0.180847,1.783,-0.841,0.986,7,0.153,624,0,0,"go(1.7,-1.2)d=0.7"
1027,1776103105.0859807,0.2197,2940,13380,0.152745,1.738,-0.514,0.996,7,0.045,625,0,0,"go(1.7,-0.1)d=0.8"
1028,1776103107.2964406,0.2197,2940,13380,0.174145,1.815,-0.937,0.96,7,0.052,626,0,0,"go(1.7,-1.2)d=0.8"
1029,1776103111.317553,0.2197,2940,13380,0.176669,1.715,-0.527,0.968,7,0.019,627,0,0,"go(1.7,-0.1)d=0.8"
1030,1776103115.334681,0.2192,2946,13440,0.152937,1.71,-1.03,1.048,7,0.122,628,0,6,"go(1.7,-1.2)d=0.7"
1031,1776103117.3559299,0.2192,2946,13440,0.152937,1.701,-1.471,1.035,7,0.101,628,0,0,"go(1.7,-1.6)d=0.5"
1032,1776103119.3684475,0.2192,2946,13440,0.169165,1.763,-1.147,0.953,7,0.099,629,0,0,"go(1.7,-0.5)d=0.9"
1033,1776103123.3859694,0.2192,2946,13440,0.183832,1.727,-0.663,1.006,7,0.135,629,0,0,"go(1.7,-0.5)d=0.6"
1034,1776103125.3949618,0.2192,2946,13440,0.183832,1.746,-1.069,0.984,7,0.113,629,0,0,"go(1.7,-1.2)d=0.6"
1035,1776103128.0108297,0.2192,2946,13440,0.161727,1.711,-0.727,0.997,7,0.196,630,0,0,"go(1.7,-0.5)d=0.6"
1036,1776103130.2205667,0.2192,2946,13440,0.180124,1.799,-1.18,1.018,7,0.108,631,0,0,"go(1.7,-1.2)d=0.5"
1037,1776103132.23249,0.2192,2946,13440,0.177211,1.697,-0.778,1.021,7,0.246,631,0,0,"go(1.7,-0.5)d=0.7"
1038,1776103134.2500744,0.2192,2946,13440,0.161455,1.691,-0.334,0.991,7,0.197,632,0,0,"go(1.7,-0.1)d=0.6"
1039,1776103138.2762222,0.2217,2979,13440,0.148256,1.657,-0.708,0.981,7,0.181,632,0,33,"go(1.7,-1.2)d=1.0"
1040,1776103141.8907402,0.2217,2979,13440,0.147683,1.626,-1.195,1.01,7,0.081,633,0,0,"go(1.7,-1.2)d=0.5"
1041,1776103143.9004073,0.2217,2979,13440,0.15354,1.691,-0.757,1.061,7,0.226,634,0,0,"go(1.7,-0.5)d=0.7"
1042,1776103145.9160745,0.2217,2979,13440,0.164577,1.671,-0.269,1.056,7,0.14,635,0,0,"go(1.7,-0.1)d=0.6"
1043,1776103147.930988,0.2217,2979,13440,0.164577,1.675,-0.697,0.981,7,0.167,635,0,0,"go(1.7,-1.2)d=1.0"
1044,1776103151.9478524,0.2217,2979,13440,0.152256,1.663,-1.135,0.96,7,0.098,636,0,0,"go(1.7,-1.2)d=0.5"
1045,1776103155.9666877,0.2217,2979,13440,0.162731,1.718,-0.764,0.942,7,0.234,637,0,0,"go(1.7,-0.5)d=0.7"
1046,1776103159.9920764,0.2217,2979,13440,0.177304,1.699,-1.094,0.957,7,0.131,637,0,0,"go(1.7,-1.2)d=0.5"
1047,1776103164.0097346,0.2217,2979,13440,0.177017,1.765,-0.626,0.979,7,0.117,637,0,0,"go(1.7,-0.5)d=0.6"
1048,1776103168.037975,0.2219,2969,13380,0.175197,1.716,-1.094,1.027,7,0.132,638,0,0,"go(1.7,-1.2)d=0.6"
1049,1776103170.0536523,0.2219,2969,13380,0.166177,1.689,-0.771,0.974,7,0.239,638,0,0,"go(1.7,-0.5)d=0.6"
1050,1776103174.0784364,0.2219,2969,13380,0.1713,1.647,-0.365,0.995,7,0.173,638,0,0,"go(1.7,-0.1)d=0.7"
1051,1776103176.2904816,0.2219,2969,13380,0.1713,1.684,-0.798,0.956,7,0.236,638,0,0,"go(1.7,-1.2)d=0.9"
1052,1776103180.111857,0.2219,2969,13380,0.153152,1.72,-0.412,1.03,7,0.121,639,0,0,"go(1.7,-0.1)d=0.7"
1053,1776103182.1229215,0.2219,2969,13380,0.153152,1.668,-0.899,1.019,7,0.18,639,0,0,"go(1.7,-1.2)d=0.8"
1054,1776103184.1311083,0.2219,2969,13380,0.153152,1.685,-0.488,1.062,7,0.045,639,0,0,"go(1.7,-0.1)d=0.8"
1055,1776103186.142497,0.2219,2969,13380,0.161754,1.738,-0.918,1.073,7,0.111,640,0,0,"go(1.7,-1.2)d=0.7"
1056,1776103188.1505198,0.2219,2969,13380,0.154569,1.725,-0.576,1.079,7,0.053,641,0,0,"go(1.7,-0.1)d=0.8"
1057,1776103190.1631556,0.2219,2969,13380,0.154569,1.666,-0.944,1.084,7,0.165,641,0,0,"go(1.7,-1.2)d=0.6"
1058,1776103192.1845806,0.2219,2969,13380,0.160431,1.681,-0.584,1.142,7,0.055,642,0,0,"go(1.7,-0.1)d=0.8"
1059,1776103194.198845,0.2219,2969,13380,0.160431,1.625,-0.993,1.159,7,0.201,642,0,0,"go(1.7,-1.2)d=0.6"
1060,1776103196.219297,0.2219,2969,13380,0.180386,1.643,-0.506,1.201,7,0.059,642,0,0,"go(1.7,-0.1)d=0.9"
1061,1776103198.227121,0.2212,2959,13380,0.180386,1.658,-0.909,1.152,7,0.184,643,0,0,"go(1.7,-1.2)d=0.7"
1062,1776103200.2428596,0.2212,2959,13380,0.159702,1.65,-0.465,1.161,7,0.081,644,0,0,"go(1.7,-0.1)d=0.8"
1063,1776103202.2548654,0.2212,2959,13380,0.169608,1.7,-0.828,1.175,7,0.203,645,0,0,"go(1.7,-1.2)d=0.8"
1064,1776103204.273396,0.2212,2959,13380,0.169608,1.627,-0.464,1.114,7,0.097,645,0,0,"go(1.7,-0.1)d=0.7"
1065,1776103206.2866902,0.2212,2959,13380,0.160541,1.638,-0.758,1.08,7,0.234,646,0,0,"go(1.7,-1.2)d=0.8"
1066,1776103208.2988644,0.2212,2959,13380,0.145853,1.674,-0.347,1.028,7,0.185,647,0,0,"go(1.7,-0.1)d=0.6"
1067,1776103210.3115036,0.2212,2959,13380,0.15943,1.681,-0.807,1.035,7,0.231,648,0,0,"go(1.7,-1.2)d=0.9"
1068,1776103212.3187973,0.2212,2959,13380,0.14989,1.644,-0.51,1.067,7,0.057,649,0,0,"go(1.7,-0.1)d=0.7"
1069,1776103214.3269484,0.2212,2959,13380,0.168777,1.695,-0.95,1.064,7,0.136,650,0,0,"go(1.7,-1.2)d=0.7"
1070,1776103216.3376126,0.2212,2959,13380,0.154779,1.716,-0.46,1.026,7,0.074,651,0,0,"go(1.7,-0.1)d=0.8"
1071,1776103218.3525286,0.2212,2959,13380,0.154779,1.768,-0.86,1.04,7,0.14,651,0,0,"go(1.7,-1.2)d=0.8"
1072,1776103220.3658469,0.2212,2959,13380,0.160175,1.76,-0.5,0.993,7,0.07,652,0,0,"go(1.7,-0.1)d=0.7"
1073,1776103222.5796525,0.2212,2959,13380,0.178495,1.771,-0.914,1.054,7,0.092,653,0,0,"go(1.7,-1.2)d=0.8"
1074,1776103224.5947917,0.2212,2959,13380,0.16203,1.711,-0.459,1.008,7,0.073,654,0,0,"go(1.7,-0.1)d=0.8"
1075,1776103226.6019855,0.2212,2959,13380,0.164636,1.633,-0.931,0.967,7,0.201,655,0,0,"go(1.7,-1.2)d=0.8"
1076,1776103230.6223752,0.2212,2959,13380,0.161559,1.63,-0.532,0.937,7,0.067,656,0,0,"go(1.7,-0.1)d=0.8"
1077,1776103234.639674,0.2212,2959,13380,0.145887,1.621,-0.95,0.911,7,0.208,657,0,0,"go(1.7,-1.2)d=0.7"
1078,1776103238.6616094,0.2212,2959,13380,0.164383,1.663,-0.479,0.991,7,0.062,658,0,0,"go(1.7,-0.1)d=0.8"
1079,1776103242.6754503,0.2212,2959,13380,0.153656,1.69,-0.922,0.893,7,0.15,658,0,0,"go(1.7,-1.2)d=0.7"
1080,1776103246.6866937,0.2212,2959,13380,0.162455,1.692,-0.508,0.908,7,0.023,659,0,0,"go(1.7,-0.1)d=0.8"
1081,1776103250.6984434,0.223,2984,13380,0.172915,1.826,-0.703,0.945,7,0.215,659,0,25,"go(1.7,-1.2)d=0.8"
1082,1776103253.7120786,0.2235,2990,13380,0.169744,1.778,-0.783,1.131,7,0.209,659,0,6,"go(1.7,-0.1)d=0.6"
1083,1776103255.71977,0.2235,2990,13380,0.169744,1.755,-0.742,1.233,7,0.219,659,0,0,"go(1.7,-0.1)d=0.7"
1084,1776103257.7283108,0.2235,2990,13380,0.169744,1.813,-0.741,1.262,7,0.239,659,0,0,"go(1.7,-0.1)d=0.6"
1085,1776103259.7354655,0.2235,2990,13380,0.169744,1.71,-0.683,1.405,7,0.152,659,0,0,"go(1.7,-0.1)d=0.6"
1086,1776103263.747978,0.2235,2990,13380,0.169744,1.78,-0.737,1.652,7,0.221,659,0,0,"go(1.7,-1.2)d=0.6"
1087,1776103267.772046,0.2235,2990,13380,0.169744,1.804,-0.691,1.676,7,0.192,659,0,0,"go(1.7,-1.2)d=0.5"
1088,1776103271.7907965,0.2235,2990,13380,0.169744,1.835,-0.621,1.845,7,0.165,659,0,0,"go(1.7,-1.2)d=0.6"
1089,1776103275.8013608,0.2235,2990,13380,0.169744,1.848,-0.682,1.802,7,0.214,659,0,0,"go(1.7,-1.2)d=0.6"
1090,1776103279.8131871,0.2235,2990,13380,0.169744,1.754,-0.742,1.742,7,0.218,659,0,0,"go(1.7,-1.2)d=0.5"
1091,1776103283.827094,0.2235,2990,13380,0.169744,1.85,-0.704,1.832,7,0.23,659,0,0,"go(1.7,-1.2)d=0.6"
1092,1776103287.84151,0.2235,2990,13380,0.169744,1.776,-0.736,1.784,7,0.22,659,0,0,"go(1.7,-1.2)d=0.5"
1093,1776103291.8638227,0.2235,2990,13380,0.169744,1.778,-0.59,1.571,7,0.1,659,0,0,"go(1.7,-1.2)d=0.6"
1094,1776103295.883705,0.2235,2990,13380,0.169744,1.785,-0.692,1.49,7,0.183,659,0,0,"go(1.7,-1.2)d=0.6"
1095,1776103299.8973835,0.2235,2990,13380,0.169744,1.805,-0.742,1.403,7,0.237,659,0,0,"go(1.7,-0.1)d=0.6"
1096,1776103302.1076615,0.2235,2990,13380,0.169744,1.824,-0.719,1.398,7,0.227,659,0,0,"go(1.7,-0.1)d=0.6"
1097,1776103304.118068,0.2235,2990,13380,0.169744,1.847,-0.689,1.363,7,0.218,659,0,0,"go(1.7,-1.2)d=0.5"
1098,1776103306.1288266,0.2235,2990,13380,0.169744,1.737,-0.752,1.321,7,0.224,659,0,0,"go(1.7,-1.2)d=0.6"
1099,1776103308.1464436,0.2235,2990,13380,0.169744,1.773,-0.73,1.278,7,0.212,659,0,0,"go(1.7,-0.1)d=0.6"
1100,1776103310.1551442,0.2235,2990,13380,0.169744,1.796,-0.703,1.089,7,0.198,659,0,0,"go(1.7,-1.2)d=0.5"
1101,1776103312.1664248,0.2235,2990,13380,0.169744,1.812,-0.753,1.071,7,0.235,659,0,0,"go(1.7,-1.2)d=0.5"
1102,1776103314.1837294,0.2235,2990,13380,0.169744,1.821,-0.697,0.964,7,0.207,659,0,0,"go(1.7,-0.1)d=0.6"
1103,1776103318.200427,0.2235,2990,13380,0.169744,1.807,-0.758,0.909,7,0.23,659,0,0,"go(1.7,-1.2)d=0.5"
1104,1776103322.2221973,0.2235,2990,13380,0.169744,1.779,-0.704,0.727,7,0.192,659,0,0,"go(1.7,-1.2)d=0.5"
1105,1776103326.2401571,0.2235,2990,13380,0.169744,1.927,-0.747,0.79,7,0.261,659,0,0,"go(1.7,-1.2)d=0.5"
1106,1776103330.2592192,0.2235,2990,13380,0.178487,1.916,-0.644,0.739,7,0.246,659,0,0,"go(1.7,-0.1)d=0.7"
1107,1776103334.2728055,0.2235,2990,13380,0.179003,1.842,-0.548,0.652,7,0.146,659,0,0,"go(1.7,-1.2)d=0.7"
1108,1776103338.288974,0.2236,3041,13603,0.17848,1.696,-0.178,0.895,7,0.046,659,0,51,"go(1.7,-0.1)d=0.7"
1109,1776103342.1019464,0.2243,3051,13603,0.17848,1.58,-0.454,1.021,7,0.14,659,0,10,"go(1.7,-1.2)d=1.2"
1110,1776103344.1082408,0.2243,3051,13603,0.17848,1.652,-0.971,1.018,7,0.174,659,0,0,"go(1.7,-1.2)d=0.8"
1111,1776103346.114282,0.2243,3051,13603,0.17848,1.735,-0.48,1.06,7,0.063,659,0,0,"go(1.7,-0.1)d=0.8"
1112,1776103348.1220515,0.2243,3051,13603,0.17848,1.761,-0.929,1.078,7,0.087,659,0,0,"go(1.7,-1.2)d=0.7"
1113,1776103350.1286838,0.2243,3051,13603,0.17848,1.693,-0.459,1.09,7,0.072,659,0,0,"go(1.7,-0.1)d=0.8"
1114,1776103352.1366725,0.2243,3051,13603,0.17848,1.77,-0.905,1.126,7,0.099,659,0,0,"go(1.7,-1.2)d=0.8"
1115,1776103354.1472883,0.2243,3051,13603,0.17848,1.764,-0.363,1.211,7,0.181,659,0,0,"go(1.7,-0.1)d=0.8"
1116,1776103356.165226,0.2243,3051,13603,0.17848,1.755,-0.788,1.262,7,0.212,659,0,0,"go(1.7,-1.2)d=0.9"
1117,1776103358.173882,0.2243,3051,13603,0.17848,1.617,-0.329,1.217,7,0.212,659,0,0,"go(1.7,-0.1)d=0.7"
1118,1776103360.1836872,0.2243,3051,13603,0.17848,1.605,-0.723,1.223,7,0.212,659,0,0,"go(1.7,-1.2)d=0.9"
1119,1776103362.1919897,0.2243,3051,13603,0.17848,1.625,-1.203,1.227,7,0.08,659,0,0,"go(1.7,-1.2)d=0.5"
1120,1776103364.2038722,0.2243,3051,13603,0.17848,1.689,-0.718,1.275,7,0.187,659,0,0,"go(1.7,-0.5)d=0.7"
1121,1776103366.2139502,0.2243,3051,13603,0.17848,1.722,-1.141,1.213,7,0.087,659,0,0,"go(1.7,-1.2)d=0.5"
1122,1776103368.2233922,0.2243,3051,13603,0.17848,1.686,-0.663,1.229,7,0.132,659,0,0,"go(1.7,-0.5)d=0.6"
1123,1776103370.231342,0.2243,3051,13603,0.17848,1.761,-1.106,1.287,7,0.133,659,0,0,"go(1.7,-1.2)d=0.6"
1124,1776103372.2427225,0.2243,3051,13603,0.17848,1.601,-0.631,1.269,7,0.138,659,0,0,"go(1.7,-0.5)d=0.6"
1125,1776103374.2515998,0.2243,3051,13603,0.17848,1.717,-1.077,1.261,7,0.14,659,0,0,"go(1.7,-1.2)d=0.6"
1126,1776103376.261457,0.2243,3051,13603,0.17848,1.679,-0.704,1.274,7,0.174,659,0,0,"go(1.7,-0.5)d=0.5"
1127,1776103378.27225,0.2243,3051,13603,0.17848,1.697,-1.123,1.271,7,0.102,659,0,0,"go(1.7,-1.2)d=0.5"
1128,1776103380.2818763,0.2243,3051,13603,0.17848,1.639,-0.634,1.292,7,0.117,659,0,0,"go(1.7,-0.5)d=0.6"
1129,1776103382.2882366,0.2243,3051,13603,0.17848,1.702,-1.081,1.211,7,0.144,659,0,0,"go(1.7,-1.2)d=0.6"
1130,1776103384.3002007,0.2243,3051,13603,0.17848,1.598,-0.684,1.174,7,0.182,659,0,0,"go(1.7,-0.5)d=0.6"
1131,1776103386.312438,0.2243,3051,13603,0.17848,1.681,-1.059,1.204,7,0.16,659,0,0,"go(1.7,-1.2)d=0.6"
1132,1776103388.3216097,0.2243,3051,13603,0.17848,1.631,-0.669,1.185,7,0.153,659,0,0,"go(1.7,-0.5)d=0.5"
1133,1776103390.329009,0.2243,3051,13603,0.17848,1.733,-1.073,1.162,7,0.125,659,0,0,"go(1.7,-1.2)d=0.6"
1134,1776103392.341817,0.2243,3051,13603,0.17848,1.735,-0.624,1.137,7,0.1,659,0,0,"go(1.7,-0.5)d=0.5"
1135,1776103394.3541834,0.2243,3051,13603,0.17848,1.632,-1.05,1.177,7,0.189,659,0,0,"go(1.7,-1.2)d=0.6"
1136,1776103396.3609073,0.2243,3051,13603,0.17848,1.656,-0.595,1.186,7,0.076,659,0,0,"go(1.7,-0.5)d=0.5"
1137,1776103398.3688703,0.2243,3051,13603,0.17848,1.722,-1.034,1.128,7,0.113,659,0,0,"go(1.7,-1.2)d=0.6"
1138,1776103400.3778734,0.2243,3051,13603,0.17848,1.659,-0.618,1.13,7,0.095,659,0,0,"go(1.7,-0.5)d=0.5"
1139,1776103402.3865664,0.2243,3051,13603,0.17848,1.69,-1.118,1.156,7,0.108,659,0,0,"go(1.7,-1.2)d=0.6"
1140,1776103404.3955903,0.2243,3051,13603,0.17848,1.674,-0.673,1.145,7,0.143,659,0,0,"go(1.7,-0.5)d=0.6"
1141,1776103406.402146,0.2243,3051,13603,0.17848,1.713,-1.13,1.112,7,0.096,659,0,0,"go(1.7,-1.2)d=0.6"
1142,1776103408.4094718,0.2243,3051,13603,0.17848,1.648,-0.694,1.176,7,0.169,659,0,0,"go(1.7,-0.5)d=0.6"
1143,1776103410.4207957,0.2243,3051,13603,0.17848,1.655,-1.195,1.177,7,0.055,659,0,0,"go(1.7,-1.2)d=0.5"
1144,1776103412.4340196,0.2243,3051,13603,0.17848,1.714,-0.71,1.209,7,0.179,659,0,0,"go(1.7,-0.5)d=0.7"
1145,1776103414.4440424,0.2243,3051,13603,0.17848,1.724,-1.22,1.211,7,0.023,659,0,0,"go(1.7,-1.2)d=0.5"
1146,1776103416.4515986,0.2243,3051,13603,0.17848,1.664,-0.784,1.231,7,0.255,659,0,0,"go(1.7,-0.5)d=0.7"
1147,1776103418.4656904,0.2243,3051,13603,0.17848,1.647,-0.29,1.299,7,0.165,659,0,0,"go(1.7,-0.1)d=0.7"
1148,1776103420.4781144,0.2243,3051,13603,0.17848,1.702,-0.714,1.29,7,0.183,659,0,0,"go(1.7,-1.2)d=0.9"
1149,1776103422.486535,0.2243,3051,13603,0.17848,1.705,-1.184,1.277,7,0.041,659,0,0,"go(1.7,-1.2)d=0.5"
1150,1776103424.4942613,0.2243,3051,13603,0.17848,1.65,-0.683,1.316,7,0.159,659,0,0,"go(1.7,-0.5)d=0.7"
1151,1776103426.5008569,0.2243,3051,13603,0.17848,1.696,-1.056,1.301,7,0.146,659,0,0,"go(1.7,-1.2)d=0.5"
1152,1776103428.507405,0.2243,3051,13603,0.17848,1.634,-0.594,1.26,7,0.089,659,0,0,"go(1.7,-0.5)d=0.5"
1153,1776103430.5136614,0.2243,3051,13603,0.17848,1.697,-1.08,1.228,7,0.145,659,0,0,"go(1.7,-1.2)d=0.6"
1154,1776103432.520553,0.2243,3051,13603,0.17848,1.668,-0.564,1.244,7,0.043,659,0,0,"go(1.7,-0.5)d=0.5"
1155,1776103434.5264614,0.2243,3051,13603,0.17848,1.712,-1.083,1.239,7,0.142,659,0,0,"go(1.7,-1.2)d=0.7"
1156,1776103436.5337064,0.2243,3051,13603,0.17848,1.707,-0.644,1.176,7,0.113,659,0,0,"go(1.7,-0.5)d=0.6"
1157,1776103438.539458,0.2243,3051,13603,0.17848,1.722,-1.088,1.131,7,0.139,659,0,0,"go(1.7,-1.2)d=0.6"
1158,1776103440.546636,0.2243,3051,13603,0.17848,1.707,-0.588,1.175,7,0.058,659,0,0,"go(1.7,-0.5)d=0.6"
1159,1776103442.5596282,0.2243,3051,13603,0.17848,1.693,-1.05,1.124,7,0.146,659,0,0,"go(1.7,-1.2)d=0.6"
1160,1776103444.5677586,0.2243,3051,13603,0.17848,1.653,-0.617,1.149,7,0.097,659,0,0,"go(1.7,-0.5)d=0.5"
1161,1776103446.5780792,0.2243,3051,13603,0.17848,1.734,-1.047,1.189,7,0.109,659,0,0,"go(1.7,-1.2)d=0.6"
1162,1776103448.587084,0.2243,3051,13603,0.17848,1.649,-0.606,1.135,7,0.089,659,0,0,"go(1.7,-0.5)d=0.5"
1163,1776103450.5942554,0.2243,3051,13603,0.17848,1.672,-1.062,1.114,7,0.166,659,0,0,"go(1.7,-1.2)d=0.6"
1164,1776103452.6028302,0.2243,3051,13603,0.17848,1.681,-0.597,1.132,7,0.068,659,0,0,"go(1.7,-0.5)d=0.5"
1165,1776103454.6095397,0.2243,3051,13603,0.17848,1.683,-1.132,1.162,7,0.095,659,0,0,"go(1.7,-1.2)d=0.6"
1166,1776103456.6200309,0.2243,3051,13603,0.17848,1.649,-0.66,1.178,7,0.137,659,0,0,"go(1.7,-0.5)d=0.6"
1167,1776103458.6270149,0.2243,3051,13603,0.17848,1.668,-1.162,1.154,7,0.072,659,0,0,"go(1.7,-1.2)d=0.6"
1168,1776103460.634112,0.2243,3051,13603,0.17848,1.679,-0.762,1.173,7,0.232,659,0,0,"go(1.7,-0.5)d=0.6"
1169,1776103462.640743,0.2243,3051,13603,0.17848,1.684,-0.332,1.135,7,0.199,659,0,0,"go(1.7,-0.1)d=0.6"
1170,1776103464.647126,0.2243,3051,13603,0.17848,1.683,-0.859,1.161,7,0.191,659,0,0,"go(1.7,-1.2)d=0.9"
1171,1776103466.6537154,0.2243,3051,13603,0.17848,1.638,-0.449,1.188,7,0.101,659,0,0,"go(1.7,-0.1)d=0.7"
1172,1776103468.6643796,0.2243,3051,13603,0.17848,1.702,-0.907,1.222,7,0.147,659,0,0,"go(1.7,-1.2)d=0.8"
1173,1776103470.6744745,0.2243,3051,13603,0.17848,1.662,-0.46,1.263,7,0.079,659,0,0,"go(1.7,-0.1)d=0.8"
1174,1776103472.684716,0.2243,3051,13603,0.17848,1.671,-0.931,1.238,7,0.164,659,0,0,"go(1.7,-1.2)d=0.8"
1175,1776103474.6910825,0.2243,3051,13603,0.17848,1.712,-0.51,1.223,7,0.026,659,0,0,"go(1.7,-0.1)d=0.8"
1176,1776103476.6991107,0.2243,3051,13603,0.17848,1.748,-1.038,1.331,7,0.093,659,0,0,"go(1.7,-1.2)d=0.7"
1177,1776103478.7078974,0.2243,3051,13603,0.17848,1.668,-0.559,1.353,7,0.04,659,0,0,"go(1.7,-0.5)d=0.5"
1178,1776103480.7156148,0.2243,3051,13603,0.17848,1.708,-0.988,1.324,7,0.117,659,0,0,"go(1.7,-1.2)d=0.7"
1179,1776103482.7262135,0.2243,3051,13603,0.17848,1.649,-0.505,1.358,7,0.055,659,0,0,"go(1.7,-0.1)d=0.9"
1180,1776103484.7330127,0.2243,3051,13603,0.17848,1.693,-0.96,1.347,7,0.134,659,0,0,"go(1.7,-1.2)d=0.7"
1181,1776103486.73941,0.2243,3051,13603,0.17848,1.615,-0.453,1.341,7,0.113,659,0,0,"go(1.7,-0.1)d=0.8"
1182,1776103488.7495737,0.2243,3051,13603,0.17848,1.654,-0.886,1.316,7,0.199,659,0,0,"go(1.7,-1.2)d=0.8"
1183,1776103490.76015,0.2243,3051,13603,0.17848,1.725,-0.43,1.276,7,0.105,659,0,0,"go(1.7,-0.1)d=0.8"
1184,1776103492.7678163,0.2243,3051,13603,0.17848,1.749,-0.904,1.199,7,0.113,659,0,0,"go(1.7,-1.2)d=0.8"
1185,1776103494.7820485,0.2243,3051,13603,0.17848,1.732,-0.409,1.242,7,0.127,659,0,0,"go(1.7,-0.1)d=0.8"
1186,1776103496.7945976,0.2243,3051,13603,0.17848,1.653,-0.906,1.206,7,0.19,659,0,0,"go(1.7,-1.2)d=0.8"
1187,1776103498.8016624,0.2243,3051,13603,0.17848,1.598,-0.481,1.227,7,0.111,659,0,0,"go(1.7,-0.1)d=0.8"
1188,1776103500.8094535,0.2243,3051,13603,0.17848,1.674,-0.929,1.247,7,0.162,659,0,0,"go(1.7,-1.2)d=0.8"
1189,1776103502.8176482,0.2243,3051,13603,0.17848,1.657,-0.5,1.207,7,0.05,659,0,0,"go(1.7,-0.1)d=0.8"
1190,1776103504.8307524,0.2243,3051,13603,0.17848,1.702,-0.996,1.293,7,0.123,659,0,0,"go(1.7,-1.2)d=0.7"
1191,1776103506.8458133,0.2243,3051,13603,0.17848,1.712,-0.448,1.275,7,0.085,659,0,0,"go(1.7,-0.1)d=0.9"
1192,1776103508.8595319,0.2243,3051,13603,0.17848,1.717,-0.927,1.2,7,0.124,659,0,0,"go(1.7,-1.2)d=0.8"
1193,1776103510.8670588,0.2243,3051,13603,0.17848,1.779,-0.433,1.261,7,0.128,659,0,0,"go(1.7,-0.1)d=0.8"
1194,1776103512.8737297,0.2243,3051,13603,0.17848,1.717,-0.939,1.29,7,0.119,659,0,0,"go(1.7,-1.2)d=0.8"
1195,1776103514.88228,0.2243,3051,13603,0.17848,1.793,-0.498,1.272,7,0.102,659,0,0,"go(1.7,-0.1)d=0.8"
1196,1776103516.8884554,0.2243,3051,13603,0.17848,1.683,-0.921,1.247,7,0.157,659,0,0,"go(1.7,-1.2)d=0.7"
1197,1776103518.8967621,0.2243,3051,13603,0.17848,1.641,-0.486,1.262,7,0.072,659,0,0,"go(1.7,-0.1)d=0.8"
1198,1776103520.906646,0.2243,3051,13603,0.17848,1.705,-1.01,1.192,7,0.122,659,0,0,"go(1.7,-1.2)d=0.7"
1199,1776103522.9138377,0.2243,3051,13603,0.17848,1.66,-0.526,1.204,7,0.037,659,0,0,"go(1.7,-0.1)d=0.9"
1200,1776103524.9205878,0.2243,3051,13603,0.17848,1.69,-1.019,1.219,7,0.139,659,0,0,"go(1.7,-1.2)d=0.7"
1201,1776103526.932567,0.2243,3051,13603,0.17848,1.641,-0.576,1.191,7,0.071,659,0,0,"go(1.7,-0.1)d=0.9"
1202,1776103528.9425123,0.2243,3051,13603,0.17848,1.664,-0.975,1.194,7,0.161,659,0,0,"go(1.7,-1.2)d=0.7"
1203,1776103530.9534252,0.2243,3051,13603,0.17848,1.803,-0.5,1.18,7,0.111,659,0,0,"go(1.7,-0.1)d=0.8"
1204,1776103532.9674919,0.2243,3051,13603,0.17848,1.766,-1.01,1.173,7,0.063,659,0,0,"go(1.7,-1.2)d=0.7"
1205,1776103534.9781306,0.2243,3051,13603,0.17848,1.688,-0.532,1.142,7,0.009,659,0,0,"go(1.7,-0.1)d=0.9"
1206,1776103536.9882693,0.2243,3051,13603,0.17848,1.746,-1.031,1.156,7,0.09,659,0,0,"go(1.7,-1.2)d=0.7"
1207,1776103538.9970713,0.2243,3051,13603,0.17848,1.651,-0.58,1.111,7,0.066,659,0,0,"go(1.7,-0.5)d=0.5"
1208,1776103541.0063996,0.2243,3051,13603,0.17848,1.692,-0.986,1.118,7,0.133,659,0,0,"go(1.7,-1.2)d=0.6"
1209,1776103543.0153415,0.2243,3051,13603,0.17848,1.682,-0.568,1.104,7,0.039,659,0,0,"go(1.7,-0.1)d=0.9"
1210,1776103545.022429,0.2243,3051,13603,0.17848,1.695,-1.023,1.141,7,0.135,659,0,0,"go(1.7,-1.2)d=0.7"
1211,1776103547.0348637,0.2243,3051,13603,0.17848,1.658,-0.598,1.129,7,0.077,659,0,0,"go(1.7,-0.1)d=0.9"
1212,1776103549.0487,0.2243,3051,13603,0.17848,1.71,-1.079,1.118,7,0.146,659,0,0,"go(1.7,-1.2)d=0.6"
1213,1776103551.056826,0.2243,3051,13603,0.17848,1.595,-0.575,1.137,7,0.111,659,0,0,"go(1.7,-0.5)d=0.5"
1214,1776103553.0669334,0.2243,3051,13603,0.17848,1.682,-1.095,1.113,7,0.131,659,0,0,"go(1.7,-1.2)d=0.7"
1215,1776103555.0755117,0.2243,3051,13603,0.17848,1.617,-0.645,1.107,7,0.139,659,0,0,"go(1.7,-0.5)d=0.6"
1216,1776103557.0906317,0.2243,3051,13603,0.17848,1.692,-1.082,1.175,7,0.143,659,0,0,"go(1.7,-1.2)d=0.6"
1217,1776103559.1012683,0.2243,3051,13603,0.17848,1.653,-0.695,1.182,7,0.17,659,0,0,"go(1.7,-0.5)d=0.6"
1218,1776103561.1085906,0.2243,3051,13603,0.17848,1.68,-1.113,1.233,7,0.114,659,0,0,"go(1.7,-1.2)d=0.5"
1219,1776103563.1235225,0.2243,3051,13603,0.17848,1.668,-0.692,1.261,7,0.164,659,0,0,"go(1.7,-0.5)d=0.6"
1220,1776103565.1302218,0.2243,3051,13603,0.17848,1.81,-1.217,1.256,7,0.109,659,0,0,"go(1.7,-1.2)d=0.5"
1221,1776103567.1416087,0.2243,3051,13603,0.17848,1.791,-0.778,1.238,7,0.212,659,0,0,"go(1.7,-0.5)d=0.7"
1222,1776103569.1513267,0.2243,3051,13603,0.17848,1.738,-0.29,1.226,7,0.165,659,0,0,"go(1.7,-0.1)d=0.7"
1223,1776103571.1594799,0.2243,3051,13603,0.17848,1.763,-0.695,1.189,7,0.176,659,0,0,"go(1.7,-1.2)d=0.9"
1224,1776103573.1664624,0.2243,3051,13603,0.17848,1.705,-1.186,1.171,7,0.039,659,0,0,"go(1.7,-1.2)d=0.5"
1225,1776103575.1737506,0.2243,3051,13603,0.17848,1.665,-0.783,1.156,7,0.254,659,0,0,"go(1.7,-0.5)d=0.7"
1226,1776103577.1845186,0.2243,3051,13603,0.17848,1.721,-0.313,1.177,7,0.183,659,0,0,"go(1.7,-0.1)d=0.7"
1227,1776103579.192031,0.2243,3051,13603,0.17848,1.689,-0.74,1.164,7,0.209,659,0,0,"go(1.7,-1.2)d=0.9"
1228,1776103581.1985428,0.2243,3051,13603,0.17848,1.595,-0.227,1.228,7,0.137,659,0,0,"go(1.7,-0.1)d=0.6"
1229,1776103583.2090845,0.2243,3051,13603,0.17848,1.631,-0.694,1.174,7,0.176,659,0,0,"go(1.7,-1.2)d=1.0"
1230,1776103585.2181816,0.2243,3051,13603,0.17848,1.641,-1.197,1.178,7,0.067,659,0,0,"go(1.7,-1.2)d=0.5"
1231,1776103587.235894,0.2243,3051,13603,0.17848,1.633,-0.736,1.2,7,0.215,659,0,0,"go(1.7,-0.5)d=0.7"
1232,1776103589.2456157,0.2243,3051,13603,0.17848,1.656,-0.282,1.236,7,0.155,659,0,0,"go(1.7,-0.1)d=0.6"
1233,1776103591.2586093,0.2243,3051,13603,0.17848,1.679,-0.756,1.283,7,0.225,659,0,0,"go(1.7,-1.2)d=0.9"
1234,1776103593.2696123,0.2243,3051,13603,0.17848,1.689,-0.228,1.341,7,0.097,659,0,0,"go(1.7,-0.1)d=0.6"
1235,1776103595.2839572,0.2243,3051,13603,0.17848,1.754,-0.717,1.305,7,0.195,659,0,0,"go(1.7,-1.2)d=1.0"
1236,1776103597.296531,0.2243,3051,13603,0.17848,1.729,-1.155,1.311,7,0.075,659,0,0,"go(1.7,-1.2)d=0.5"
1237,1776103599.3049898,0.2243,3051,13603,0.17848,1.738,-0.776,1.274,7,0.228,659,0,0,"go(1.7,-0.5)d=0.6"
1238,1776103601.3179617,0.2243,3051,13603,0.17848,1.689,-0.329,1.31,7,0.198,659,0,0,"go(1.7,-0.1)d=0.6"
1239,1776103603.3257387,0.2243,3051,13603,0.17848,1.724,-0.778,1.258,7,0.233,659,0,0,"go(1.7,-1.2)d=0.9"
1240,1776103605.33381,0.2243,3051,13603,0.17848,1.649,-0.318,1.238,7,0.192,659,0,0,"go(1.7,-0.1)d=0.6"
1241,1776103607.3450885,0.2243,3051,13603,0.17848,1.675,-0.716,1.262,7,0.186,659,0,0,"go(1.7,-1.2)d=0.9"
1242,1776103609.3581696,0.2243,3051,13603,0.17848,1.667,-1.242,1.298,7,0.039,659,0,0,"go(1.7,-1.2)d=0.5"
1243,1776103611.3708978,0.2243,3051,13603,0.17848,1.729,-0.79,1.34,7,0.22,659,0,0,"go(1.7,-0.5)d=0.7"
1244,1776103613.379411,0.2243,3051,13603,0.17848,1.692,-0.317,1.298,7,0.185,659,0,0,"go(1.7,-0.1)d=0.7"
1245,1776103615.38643,0.2243,3051,13603,0.17848,1.706,-0.727,1.259,7,0.196,659,0,0,"go(1.7,-1.2)d=0.9"
1246,1776103617.3953593,0.2243,3051,13603,0.17848,1.73,-0.278,1.244,7,0.151,659,0,0,"go(1.7,-0.1)d=0.6"
1247,1776103619.4065793,0.2243,3051,13603,0.17848,1.673,-0.662,1.265,7,0.133,659,0,0,"go(1.7,-1.2)d=0.9"
1248,1776103621.4179738,0.2243,3051,13603,0.17848,1.689,-1.129,1.295,7,0.097,659,0,0,"go(1.7,-1.2)d=0.6"
1249,1776103623.4365737,0.2243,3051,13603,0.17848,1.618,-0.695,1.237,7,0.182,659,0,0,"go(1.7,-0.5)d=0.6"
1250,1776103625.4448965,0.2243,3051,13603,0.17848,1.713,-1.274,1.213,7,0.05,659,0,0,"go(1.7,-1.2)d=0.5"
1251,1776103627.456167,0.2243,3051,13603,0.17848,1.657,-0.86,1.219,7,0.211,659,0,0,"go(1.7,-0.5)d=0.7"
1252,1776103629.4646678,0.2243,3051,13603,0.17848,1.666,-0.394,1.262,7,0.141,659,0,0,"go(1.7,-0.1)d=0.7"
1253,1776103631.471842,0.2243,3051,13603,0.17848,1.663,-0.795,1.224,7,0.252,659,0,0,"go(1.7,-1.2)d=0.8"
1254,1776103633.4798636,0.2243,3051,13603,0.17848,1.639,-0.408,1.197,7,0.136,659,0,0,"go(1.7,-0.1)d=0.7"
1255,1776103635.4924166,0.2243,3051,13603,0.17848,1.728,-0.889,1.205,7,0.138,659,0,0,"go(1.7,-1.2)d=0.8"
1256,1776103637.5075219,0.2243,3051,13603,0.17848,1.611,-0.418,1.198,7,0.142,659,0,0,"go(1.7,-0.1)d=0.8"
1257,1776103639.5264664,0.2243,3051,13603,0.17848,1.619,-0.866,1.163,7,0.239,659,0,0,"go(1.7,-1.2)d=0.8"
1258,1776103641.538951,0.2243,3051,13603,0.17848,1.7,-0.379,1.192,7,0.152,659,0,0,"go(1.7,-0.1)d=0.7"
1259,1776103643.5470538,0.2243,3051,13603,0.17848,1.628,-0.806,1.172,7,0.268,659,0,0,"go(1.7,-1.2)d=0.8"
1260,1776103645.5580173,0.2243,3051,13603,0.17848,1.753,-0.413,1.155,7,0.131,659,0,0,"go(1.7,-0.1)d=0.7"
1261,1776103647.5661333,0.2243,3051,13603,0.17848,1.727,-0.874,1.19,7,0.15,659,0,0,"go(1.7,-1.2)d=0.8"
1262,1776103649.5784757,0.2243,3051,13603,0.17848,1.584,-0.487,1.19,7,0.121,659,0,0,"go(1.7,-0.1)d=0.7"
1263,1776103651.5851843,0.2243,3051,13603,0.17848,1.677,-0.89,1.231,7,0.177,659,0,0,"go(1.7,-1.2)d=0.7"
1264,1776103653.592687,0.2243,3051,13603,0.17848,1.631,-0.394,1.228,7,0.152,659,0,0,"go(1.7,-0.1)d=0.8"
1265,1776103655.603684,0.2243,3051,13603,0.17848,1.662,-0.859,1.309,7,0.207,659,0,0,"go(1.7,-1.2)d=0.8"
1266,1776103657.614467,0.2243,3051,13603,0.17848,1.76,-0.441,1.246,7,0.111,659,0,0,"go(1.7,-0.1)d=0.7"
1267,1776103659.6245034,0.2243,3051,13603,0.17848,1.749,-0.968,1.271,7,0.079,659,0,0,"go(1.7,-1.2)d=0.8"
1268,1776103661.6356697,0.2243,3051,13603,0.17848,1.769,-0.496,1.288,7,0.081,659,0,0,"go(1.7,-0.1)d=0.8"
1269,1776103663.6466012,0.2243,3051,13603,0.17848,1.785,-0.95,1.298,7,0.055,659,0,0,"go(1.7,-1.2)d=0.7"
1270,1776103665.6542323,0.2243,3051,13603,0.17848,1.679,-0.456,1.341,7,0.077,659,0,0,"go(1.7,-0.1)d=0.8"
1271,1776103667.667832,0.2243,3051,13603,0.17848,1.598,-0.874,1.326,7,0.254,659,0,0,"go(1.7,-1.2)d=0.8"
1272,1776103669.676528,0.2243,3051,13603,0.17848,1.667,-0.439,1.344,7,0.097,659,0,0,"go(1.7,-0.1)d=0.7"
1273,1776103671.686034,0.2243,3051,13603,0.17848,1.718,-0.917,1.278,7,0.128,659,0,0,"go(1.7,-1.2)d=0.8"
1274,1776103673.6944053,0.2243,3051,13603,0.17848,1.741,-0.494,1.295,7,0.058,659,0,0,"go(1.7,-0.1)d=0.8"
1275,1776103675.7025023,0.2243,3051,13603,0.17848,1.697,-0.876,1.281,7,0.169,659,0,0,"go(1.7,-1.2)d=0.7"
1276,1776103677.710541,0.2243,3051,13603,0.17848,1.72,-0.305,1.292,7,0.175,659,0,0,"go(1.7,-0.1)d=0.7"
1277,1776103679.7175424,0.2243,3051,13603,0.17848,1.665,-0.794,1.278,7,0.252,659,0,0,"go(1.7,-1.2)d=0.9"
1278,1776103681.7254262,0.2243,3051,13603,0.17848,1.716,-0.381,1.246,7,0.152,659,0,0,"go(1.7,-0.1)d=0.7"
1279,1776103683.7365656,0.2243,3051,13603,0.17848,1.655,-0.794,1.281,7,0.257,659,0,0,"go(1.7,-1.2)d=0.8"
1280,1776103685.7463882,0.2243,3051,13603,0.17848,1.607,-0.384,1.245,7,0.173,659,0,0,"go(1.7,-0.1)d=0.7"
1281,1776103687.7526777,0.2243,3051,13603,0.17848,1.645,-0.803,1.245,7,0.258,659,0,0,"go(1.7,-1.2)d=0.8"
1282,1776103689.75824,0.2243,3051,13603,0.17848,1.662,-0.385,1.227,7,0.151,659,0,0,"go(1.7,-0.1)d=0.7"
1283,1776103691.768602,0.2243,3051,13603,0.17848,1.657,-0.811,1.235,7,0.243,659,0,0,"go(1.7,-1.2)d=0.8"
1284,1776103693.781421,0.2243,3051,13603,0.17848,1.743,-0.356,1.172,7,0.181,659,0,0,"go(1.7,-0.1)d=0.7"
1285,1776103695.7885246,0.2243,3051,13603,0.17848,1.727,-0.765,1.159,7,0.236,659,0,0,"go(1.7,-1.2)d=0.9"
1286,1776103697.7954383,0.2243,3051,13603,0.17848,1.728,-0.301,1.158,7,0.173,659,0,0,"go(1.7,-0.1)d=0.6"
1287,1776103699.8026233,0.2243,3051,13603,0.17848,1.71,-0.774,1.148,7,0.242,659,0,0,"go(1.7,-1.2)d=0.9"
1288,1776103701.8146114,0.2243,3051,13603,0.17848,1.779,-0.384,1.232,7,0.169,659,0,0,"go(1.7,-0.1)d=0.6"
1289,1776103703.8255472,0.2243,3051,13603,0.17848,1.798,-0.793,1.152,7,0.196,659,0,0,"go(1.7,-1.2)d=0.8"
1290,1776103705.8363428,0.2243,3051,13603,0.17848,1.715,-0.378,1.169,7,0.155,659,0,0,"go(1.7,-0.1)d=0.7"
1291,1776103707.8481128,0.2243,3051,13603,0.17848,1.675,-0.808,1.169,7,0.234,659,0,0,"go(1.7,-1.2)d=0.8"
1292,1776103709.8558571,0.2243,3051,13603,0.17848,1.637,-0.398,1.18,7,0.146,659,0,0,"go(1.7,-0.1)d=0.7"
1293,1776103711.8637285,0.2243,3051,13603,0.17848,1.635,-0.832,1.153,7,0.246,659,0,0,"go(1.7,-1.2)d=0.8"
1294,1776103713.8797894,0.2243,3051,13603,0.17848,1.582,-0.422,1.233,7,0.159,659,0,0,"go(1.7,-0.1)d=0.7"
1295,1776103715.8877246,0.2243,3051,13603,0.17848,1.724,-0.9,1.21,7,0.133,659,0,0,"go(1.7,-1.2)d=0.8"
1296,1776103717.8966894,0.2243,3051,13603,0.17848,1.614,-0.474,1.207,7,0.101,659,0,0,"go(1.7,-0.1)d=0.8"
1297,1776103719.9063418,0.2243,3051,13603,0.17848,1.64,-0.959,1.236,7,0.187,659,0,0,"go(1.7,-1.2)d=0.8"
1298,1776103721.9135513,0.2243,3051,13603,0.17848,1.65,-0.477,1.255,7,0.071,659,0,0,"go(1.7,-0.1)d=0.8"
1299,1776103723.9204354,0.2243,3051,13603,0.17848,1.689,-0.963,1.277,7,0.138,659,0,0,"go(1.7,-1.2)d=0.7"
1300,1776103725.9275644,0.2243,3051,13603,0.17848,1.619,-0.574,1.291,7,0.089,659,0,0,"go(1.7,-0.1)d=0.8"
1301,1776103727.9362123,0.2243,3051,13603,0.17848,1.7,-1.023,1.289,7,0.13,659,0,0,"go(1.7,-1.2)d=0.7"
1302,1776103729.9490886,0.2243,3051,13603,0.17848,1.756,-0.585,1.35,7,0.08,659,0,0,"go(1.7,-0.1)d=0.9"
1303,1776103731.959573,0.2243,3051,13603,0.17848,1.729,-1.046,1.35,7,0.113,659,0,0,"go(1.7,-1.2)d=0.6"
1304,1776103733.9668524,0.2243,3051,13603,0.17848,1.704,-0.604,1.311,7,0.073,659,0,0,"go(1.7,-0.5)d=0.5"
1305,1776103735.974994,0.2243,3051,13603,0.17848,1.665,-1.09,1.315,7,0.14,659,0,0,"go(1.7,-1.2)d=0.6"
1306,1776103737.9814668,0.2243,3051,13603,0.17848,1.717,-0.685,1.316,7,0.155,659,0,0,"go(1.7,-0.5)d=0.6"
1307,1776103739.993494,0.2243,3051,13603,0.17848,1.803,-1.149,1.273,7,0.127,659,0,0,"go(1.7,-1.2)d=0.5"
1308,1776103742.00445,0.2243,3051,13603,0.17848,1.722,-0.795,1.313,7,0.218,659,0,0,"go(1.7,-0.5)d=0.6"
1309,1776103744.0145037,0.2243,3051,13603,0.17848,1.698,-0.394,1.353,7,0.137,659,0,0,"go(1.7,-0.1)d=0.7"
1310,1776103746.022536,0.2243,3051,13603,0.17848,1.695,-0.834,1.33,7,0.201,659,0,0,"go(1.7,-1.2)d=0.8"
1311,1776103748.0325744,0.2243,3051,13603,0.17848,1.721,-0.341,1.31,7,0.192,659,0,0,"go(1.7,-0.1)d=0.7"
1312,1776103750.0472496,0.2243,3051,13603,0.17848,1.728,-0.785,1.325,7,0.225,659,0,0,"go(1.7,-1.2)d=0.9"
1313,1776103752.0554779,0.2243,3051,13603,0.17848,1.749,-0.28,1.367,7,0.158,659,0,0,"go(1.7,-0.1)d=0.7"
1314,1776103754.0667772,0.2243,3051,13603,0.17848,1.73,-0.654,1.308,7,0.127,659,0,0,"go(1.7,-1.2)d=0.9"
1315,1776103756.0779924,0.2243,3051,13603,0.17848,1.771,-1.119,1.379,7,0.126,659,0,0,"go(1.7,-1.2)d=0.6"
1316,1776103758.0909677,0.2243,3051,13603,0.17848,1.748,-0.715,1.381,7,0.191,659,0,0,"go(1.7,-0.5)d=0.6"
1317,1776103760.099262,0.2243,3051,13603,0.17848,1.668,-1.194,1.444,7,0.046,659,0,0,"go(1.7,-1.2)d=0.5"
1318,1776103764.115191,0.2243,3051,13603,0.17848,1.686,-0.86,1.472,7,0.188,659,0,0,"go(1.7,-0.5)d=0.8"
1319,1776103768.133368,0.2243,3051,13603,0.17848,1.644,-0.33,1.518,7,0.205,659,0,0,"go(1.7,-0.1)d=0.7"
1320,1776103772.1528385,0.2243,3051,13603,0.17848,1.687,-0.762,1.493,7,0.231,659,0,0,"go(1.7,-1.2)d=1.0"
1321,1776103776.1662042,0.2243,3051,13603,0.17848,1.745,-0.35,1.535,7,0.187,659,0,0,"go(1.7,-0.1)d=0.7"
1322,1776103780.1762514,0.2243,3051,13603,0.17848,1.679,-0.782,1.499,7,0.252,659,0,0,"go(1.7,-1.2)d=0.9"
1323,1776103784.189305,0.2243,3051,13603,0.17848,1.608,-0.33,1.556,7,0.217,659,0,0,"go(1.7,-0.1)d=0.7"
1324,1776103788.203225,0.2243,3051,13603,0.17848,1.673,-0.778,1.568,7,0.248,659,0,0,"go(1.7,-1.2)d=0.9"
1325,1776103792.2146797,0.2243,3051,13603,0.17848,1.752,-0.372,1.481,7,0.168,659,0,0,"go(1.7,-0.1)d=0.6"
1326,1776103796.2323139,0.2243,3051,13603,0.17848,1.745,-0.736,1.49,7,0.21,659,0,0,"go(1.7,-1.2)d=0.9"
1327,1776103800.2495093,0.2243,3051,13603,0.17848,1.751,-0.383,1.476,7,0.158,659,0,0,"go(1.7,-0.1)d=0.7"
1328,1776103804.2667942,0.2243,3051,13603,0.17848,1.789,-0.914,1.466,7,0.082,659,0,0,"go(1.7,-1.2)d=0.9"
1329,1776103808.2827222,0.2243,3051,13603,0.17848,1.692,-0.466,1.502,7,0.066,659,0,0,"go(1.7,-0.1)d=0.8"
1330,1776103812.2950864,0.2243,3051,13603,0.17848,1.703,-0.902,1.39,7,0.149,659,0,0,"go(1.7,-1.2)d=0.7"
1331,1776103814.3031075,0.2243,3051,13603,0.17848,1.681,-0.44,1.43,7,0.093,659,0,0,"go(1.7,-0.1)d=0.8"
1332,1776103817.11258,0.2243,3051,13603,0.17848,1.719,-0.802,1.41,7,0.213,659,0,0,"go(1.7,-1.2)d=0.8"
1333,1776103821.1281834,0.2243,3051,13603,0.17848,1.641,-0.33,1.441,7,0.206,659,0,0,"go(1.7,-0.1)d=0.6"
1334,1776103825.1427376,0.2243,3051,13603,0.17848,1.667,-0.732,1.429,7,0.203,659,0,0,"go(1.7,-1.2)d=1.0"
1335,1776103829.1652298,0.2243,3051,13603,0.17848,1.673,-0.265,1.378,7,0.135,659,0,0,"go(1.7,-0.1)d=0.6"
1336,1776103831.1738062,0.2243,3051,13603,0.17848,1.69,-0.707,1.382,7,0.176,659,0,0,"go(1.7,-1.2)d=1.0"
1337,1776103833.190316,0.2243,3051,13603,0.17848,1.686,-1.245,1.42,7,0.025,659,0,0,"go(1.7,-1.2)d=0.5"
1338,1776103836.400285,0.2243,3051,13603,0.17848,1.678,-0.903,1.376,7,0.17,659,0,0,"go(1.7,-0.5)d=0.8"
1339,1776103838.4071975,0.2243,3051,13603,0.17848,1.706,-0.374,1.403,7,0.157,659,0,0,"go(1.7,-0.1)d=0.8"
1340,1776103842.222385,0.2243,3051,13603,0.17848,1.715,-0.755,1.414,7,0.224,659,0,0,"go(1.7,-1.2)d=0.9"
1341,1776103844.6366477,0.2243,3051,13603,0.17848,1.749,-0.256,1.353,7,0.136,659,0,0,"go(1.7,-0.1)d=0.7"
1342,1776103846.6452806,0.2243,3051,13603,0.17848,1.707,-0.664,1.356,7,0.133,659,0,0,"go(1.7,-1.2)d=1.0"
1343,1776103848.6622274,0.2243,3051,13603,0.17848,1.78,-1.101,1.333,7,0.122,659,0,0,"go(1.7,-1.2)d=0.6"
1344,1776103850.671411,0.2243,3051,13603,0.17848,1.752,-0.707,1.256,7,0.184,659,0,0,"go(1.7,-0.5)d=0.6"
1345,1776103852.6806407,0.2243,3051,13603,0.17848,1.729,-1.209,1.28,7,0.031,659,0,0,"go(1.7,-1.2)d=0.5"
1346,1776103854.6909435,0.2243,3051,13603,0.17848,1.726,-0.779,1.308,7,0.231,659,0,0,"go(1.7,-0.5)d=0.7"
1347,1776103856.7004068,0.2243,3051,13603,0.17848,1.638,-0.347,1.271,7,0.193,659,0,0,"go(1.7,-0.1)d=0.6"
1348,1776103858.707981,0.2243,3051,13603,0.17848,1.66,-0.803,1.253,7,0.247,659,0,0,"go(1.7,-1.2)d=0.9"
1349,1776103860.7142348,0.2243,3051,13603,0.17848,1.739,-0.325,1.306,7,0.199,659,0,0,"go(1.7,-0.1)d=0.7"
1350,1776103862.7235634,0.2243,3051,13603,0.17848,1.649,-0.817,1.302,7,0.245,659,0,0,"go(1.7,-1.2)d=0.9"
1351,1776103864.7346375,0.2243,3051,13603,0.17848,1.617,-0.328,1.29,7,0.211,659,0,0,"go(1.7,-0.1)d=0.7"
1352,1776103866.7416308,0.2243,3051,13603,0.17848,1.695,-0.713,1.284,7,0.182,659,0,0,"go(1.7,-1.2)d=0.9"
1353,1776103868.7496316,0.2243,3051,13603,0.17848,1.752,-1.166,1.257,7,0.077,659,0,0,"go(1.7,-1.2)d=0.5"
1354,1776103870.7658682,0.2243,3051,13603,0.17848,1.747,-0.703,1.244,7,0.178,659,0,0,"go(1.7,-0.5)d=0.6"
1355,1776103872.77388,0.2243,3051,13603,0.17848,1.69,-1.139,1.275,7,0.087,659,0,0,"go(1.7,-1.2)d=0.5"
1356,1776103874.780839,0.2243,3051,13603,0.17848,1.719,-0.707,1.28,7,0.178,659,0,0,"go(1.7,-0.5)d=0.6"
1357,1776103876.7881918,0.2243,3051,13603,0.17848,1.707,-1.168,1.223,7,0.057,659,0,0,"go(1.7,-1.2)d=0.5"
1358,1776103878.797031,0.2243,3051,13603,0.17848,1.608,-0.726,1.194,7,0.214,659,0,0,"go(1.7,-0.5)d=0.6"
1359,1776103880.8125055,0.2243,3051,13603,0.17848,1.762,-1.189,1.226,7,0.07,659,0,0,"go(1.7,-1.2)d=0.5"
1360,1776103882.8198993,0.2243,3051,13603,0.17848,1.688,-0.74,1.255,7,0.209,659,0,0,"go(1.7,-0.5)d=0.7"
1361,1776103884.8277297,0.2243,3051,13603,0.17848,1.684,-0.223,1.234,7,0.092,659,0,0,"go(1.7,-0.1)d=0.6"
1362,1776103886.8373804,0.2243,3051,13603,0.17848,1.745,-0.667,1.273,7,0.144,659,0,0,"go(1.7,-1.2)d=1.0"
1363,1776103888.8445463,0.2243,3051,13603,0.17848,1.616,-1.104,1.258,7,0.149,659,0,0,"go(1.7,-1.2)d=0.6"
1364,1776103890.853117,0.2243,3051,13603,0.17848,1.71,-0.582,1.276,7,0.053,659,0,0,"go(1.7,-0.5)d=0.6"
1365,1776103892.8627517,0.2243,3051,13603,0.17848,1.732,-1.034,1.294,7,0.104,659,0,0,"go(1.7,-1.2)d=0.6"
1366,1776103894.869344,0.2243,3051,13603,0.17848,1.732,-0.646,1.346,7,0.12,659,0,0,"go(1.7,-0.5)d=0.5"
1367,1776103896.8761446,0.2243,3051,13603,0.17848,1.728,-1.126,1.324,7,0.102,659,0,0,"go(1.7,-1.2)d=0.6"
1368,1776103898.8848226,0.2243,3051,13603,0.17848,1.674,-0.688,1.357,7,0.158,659,0,0,"go(1.7,-0.5)d=0.6"
1369,1776103900.8925273,0.2243,3051,13603,0.17848,1.707,-1.2,1.409,7,0.025,659,0,0,"go(1.7,-1.2)d=0.5"
1370,1776103903.1028197,0.2243,3051,13603,0.17848,1.743,-0.779,1.386,7,0.225,659,0,0,"go(1.7,-0.5)d=0.7"
1371,1776103905.116669,0.2243,3051,13603,0.17848,1.691,-0.306,1.387,7,0.175,659,0,0,"go(1.7,-0.1)d=0.6"
1372,1776103907.1271138,0.2243,3051,13603,0.17848,1.727,-0.77,1.427,7,0.239,659,0,0,"go(1.7,-1.2)d=0.9"
1373,1776103911.1467612,0.2243,3051,13603,0.17848,1.698,-0.346,1.5,7,0.185,659,0,0,"go(1.7,-0.1)d=0.7"
1374,1776103915.1590397,0.2243,3051,13603,0.17848,1.683,-0.749,1.517,7,0.218,659,0,0,"go(1.7,-1.2)d=0.9"
1375,1776103919.1719997,0.2243,3051,13603,0.17848,1.731,-0.241,1.46,7,0.116,659,0,0,"go(1.7,-0.1)d=0.7"
1376,1776103923.191133,0.2243,3051,13603,0.17848,1.746,-0.577,1.437,7,0.067,659,0,0,"go(1.7,-1.2)d=1.1"
1377,1776103927.206675,0.2243,3051,13603,0.17848,1.809,-0.997,1.368,7,0.019,659,0,0,"go(1.7,-1.2)d=0.6"
1378,1776103929.2155814,0.2243,3051,13603,0.17848,1.707,-0.561,1.365,7,0.032,659,0,0,"go(1.7,-0.1)d=0.9"
1379,1776103931.2259104,0.2243,3051,13603,0.17848,1.74,-1.01,1.3,7,0.088,659,0,0,"go(1.7,-1.2)d=0.7"
1380,1776103933.235573,0.2243,3051,13603,0.17848,1.744,-0.544,1.327,7,0.049,659,0,0,"go(1.7,-0.1)d=0.9"
1381,1776103935.243299,0.2243,3051,13603,0.17848,1.725,-1.053,1.278,7,0.119,659,0,0,"go(1.7,-1.2)d=0.7"
1382,1776103937.2501366,0.2243,3051,13603,0.17848,1.766,-0.652,1.264,7,0.139,659,0,0,"go(1.7,-0.5)d=0.5"
1383,1776103939.2655501,0.2243,3051,13603,0.17848,1.679,-1.104,1.258,7,0.123,659,0,0,"go(1.7,-1.2)d=0.6"
1384,1776103941.280851,0.2243,3051,13603,0.17848,1.701,-0.721,1.284,7,0.19,659,0,0,"go(1.7,-0.5)d=0.6"
1385,1776103943.2892413,0.2243,3051,13603,0.17848,1.729,-1.167,1.25,7,0.065,659,0,0,"go(1.7,-1.2)d=0.5"
1386,1776103945.2951274,0.2243,3051,13603,0.17848,1.718,-0.699,1.212,7,0.17,659,0,0,"go(1.7,-0.5)d=0.6"
1387,1776103947.3024766,0.2243,3051,13603,0.17848,1.69,-1.104,1.254,7,0.122,659,0,0,"go(1.7,-1.2)d=0.5"
1388,1776103949.3115263,0.2243,3051,13603,0.17848,1.709,-0.711,1.269,7,0.18,659,0,0,"go(1.7,-0.5)d=0.6"
1389,1776103951.3223863,0.2243,3051,13603,0.17848,1.721,-1.223,1.268,7,0.019,659,0,0,"go(1.7,-1.2)d=0.5"
1390,1776103953.3338406,0.2243,3051,13603,0.17848,1.739,-0.792,1.29,7,0.214,659,0,0,"go(1.7,-0.5)d=0.7"
1391,1776103955.3405418,0.2243,3051,13603,0.17848,1.676,-0.316,1.259,7,0.186,659,0,0,"go(1.7,-0.1)d=0.7"
1392,1776103957.3484929,0.2243,3051,13603,0.17848,1.721,-0.811,1.202,7,0.205,659,0,0,"go(1.7,-1.2)d=0.9"
1393,1776103959.357177,0.2243,3051,13603,0.17848,1.693,-0.398,1.182,7,0.133,659,0,0,"go(1.7,-0.1)d=0.7"
1394,1776103961.3704126,0.2243,3051,13603,0.17848,1.697,-0.871,1.131,7,0.173,659,0,0,"go(1.7,-1.2)d=0.8"
1395,1776103963.3803961,0.2243,3051,13603,0.17848,1.663,-0.414,1.174,7,0.122,659,0,0,"go(1.7,-0.1)d=0.7"
1396,1776103965.3889794,0.2243,3051,13603,0.17848,1.713,-0.846,1.168,7,0.18,659,0,0,"go(1.7,-1.2)d=0.8"
1397,1776103967.3993556,0.2243,3051,13603,0.17848,1.679,-0.397,1.216,7,0.136,659,0,0,"go(1.7,-0.1)d=0.7"
1398,1776103969.4075377,0.2243,3051,13603,0.17848,1.731,-0.837,1.184,7,0.177,659,0,0,"go(1.7,-1.2)d=0.8"
1399,1776103971.4145098,0.2243,3051,13603,0.17848,1.775,-0.38,1.183,7,0.171,659,0,0,"go(1.7,-0.1)d=0.7"
1400,1776103973.4235783,0.2243,3051,13603,0.17848,1.76,-0.798,1.171,7,0.201,659,0,0,"go(1.7,-1.2)d=0.8"
1401,1776103975.4305308,0.2243,3051,13603,0.17848,1.738,-0.33,1.217,7,0.204,659,0,0,"go(1.7,-0.1)d=0.7"
1402,1776103977.4387283,0.2243,3051,13603,0.17848,1.745,-0.753,1.207,7,0.227,659,0,0,"go(1.7,-1.2)d=0.9"
1403,1776103979.4473927,0.2243,3051,13603,0.17848,1.717,-0.338,1.219,7,0.194,659,0,0,"go(1.7,-0.1)d=0.6"
1404,1776103981.456935,0.2243,3051,13603,0.17848,1.678,-0.805,1.208,7,0.234,659,0,0,"go(1.7,-1.2)d=0.9"
1405,1776103983.4678159,0.2243,3051,13603,0.17848,1.693,-0.294,1.223,7,0.163,659,0,0,"go(1.7,-0.1)d=0.7"
1406,1776103985.476919,0.2243,3051,13603,0.17848,1.707,-0.732,1.239,7,0.201,659,0,0,"go(1.7,-1.2)d=0.9"
1407,1776103987.4843888,0.2243,3051,13603,0.17848,1.776,-0.24,1.29,7,0.136,659,0,0,"go(1.7,-0.1)d=0.6"
1408,1776103989.4916623,0.2243,3051,13603,0.17848,1.817,-0.666,1.238,7,0.181,659,0,0,"go(1.7,-1.2)d=1.0"
1409,1776103991.499456,0.2243,3051,13603,0.17848,1.814,-1.221,1.25,7,0.112,659,0,0,"go(1.7,-1.2)d=0.6"
1410,1776103993.5078402,0.2243,3051,13603,0.17848,1.757,-0.818,1.215,7,0.182,659,0,0,"go(1.7,-0.5)d=0.7"
1411,1776103995.516483,0.2243,3051,13603,0.17848,1.694,-0.356,1.206,7,0.175,659,0,0,"go(1.7,-0.1)d=0.7"
1412,1776103997.5240617,0.2243,3051,13603,0.17848,1.691,-0.776,1.214,7,0.244,659,0,0,"go(1.7,-1.2)d=0.9"
1413,1776103999.5302374,0.2243,3051,13603,0.17848,1.642,-0.315,1.229,7,0.191,659,0,0,"go(1.7,-0.1)d=0.6"
1414,1776104001.5379891,0.2243,3051,13603,0.17848,1.652,-0.726,1.219,7,0.2,659,0,0,"go(1.7,-1.2)d=0.9"
1415,1776104003.5464485,0.2243,3051,13603,0.17848,1.639,-1.215,1.193,7,0.064,659,0,0,"go(1.7,-1.2)d=0.5"
1416,1776104005.554578,0.2243,3051,13603,0.17848,1.69,-0.819,1.186,7,0.216,659,0,0,"go(1.7,-0.5)d=0.7"
1417,1776104007.5622518,0.2243,3051,13603,0.17848,1.673,-0.293,1.236,7,0.163,659,0,0,"go(1.7,-0.1)d=0.7"
1418,1776104009.570194,0.2243,3051,13603,0.17848,1.678,-0.734,1.198,7,0.203,659,0,0,"go(1.7,-1.2)d=0.9"
1419,1776104011.5772207,0.2243,3051,13603,0.17848,1.693,-0.336,1.203,7,0.195,659,0,0,"go(1.7,-0.1)d=0.6"
1420,1776104013.58436,0.2243,3051,13603,0.17848,1.621,-0.703,1.184,7,0.188,659,0,0,"go(1.7,-1.2)d=0.9"
1421,1776104015.5906281,0.2243,3051,13603,0.17848,1.706,-1.162,1.163,7,0.064,659,0,0,"go(1.7,-1.2)d=0.5"
1422,1776104017.6000152,0.2243,3051,13603,0.17848,1.691,-0.717,1.158,7,0.186,659,0,0,"go(1.7,-0.5)d=0.6"
1423,1776104019.6101208,0.2243,3051,13603,0.17848,1.793,-1.155,1.152,7,0.116,659,0,0,"go(1.7,-1.2)d=0.5"
1424,1776104021.6177363,0.2243,3051,13603,0.17848,1.679,-0.741,1.125,7,0.211,659,0,0,"go(1.7,-0.5)d=0.6"
1425,1776104023.6282585,0.2243,3051,13603,0.17848,1.666,-0.192,1.128,7,0.067,659,0,0,"go(1.7,-0.1)d=0.6"
1426,1776104025.6371872,0.2243,3051,13603,0.17848,1.658,-0.623,1.183,7,0.1,659,0,0,"go(1.7,-1.2)d=1.0"
1427,1776104027.6454654,0.2243,3051,13603,0.17848,1.676,-1.018,1.096,7,0.152,659,0,0,"go(1.7,-1.2)d=0.6"
1428,1776104029.6584573,0.2243,3051,13603,0.169199,1.725,-0.666,1.069,7,0.137,659,0,0,"go(1.7,-0.1)d=0.9"
1429,1776104031.6662843,0.2244,3053,13603,0.169199,1.773,-1.109,1.081,7,0.132,659,0,2,"go(1.7,-1.2)d=0.6"
1430,1776104033.6742957,0.2244,3053,13603,0.169199,1.725,-0.717,1.095,7,0.188,659,0,0,"go(1.7,-0.5)d=0.6"
1431,1776104035.688656,0.2244,3053,13603,0.186372,1.599,-1.159,1.092,7,0.122,660,0,0,"go(1.7,-1.2)d=0.5"
1432,1776104037.7009985,0.2244,3053,13603,0.159991,1.666,-0.753,1.057,7,0.223,661,0,0,"go(1.7,-0.5)d=0.6"
1433,1776104039.71036,0.2244,3053,13603,0.181948,1.771,-0.293,1.026,7,0.179,662,0,0,"go(1.7,-0.1)d=0.6"
1434,1776104041.7206116,0.2244,3053,13603,0.181948,1.699,-0.722,1.027,7,0.191,662,0,0,"go(1.7,-1.2)d=0.9"
1435,1776104043.7407477,0.2244,3053,13603,0.163359,1.644,-1.11,1.059,7,0.129,663,0,0,"go(1.7,-1.2)d=0.5"
1436,1776104045.7565014,0.2244,3053,13603,0.15401,1.643,-0.679,1.023,7,0.158,664,0,0,"go(1.7,-0.5)d=0.6"
1437,1776104047.7674172,0.2244,3053,13603,0.174395,1.764,-1.063,1.063,7,0.097,665,0,0,"go(1.7,-1.2)d=0.5"
1438,1776104049.779511,0.2244,3053,13603,0.171619,1.677,-0.695,1.054,7,0.165,666,0,0,"go(1.7,-0.5)d=0.5"
1439,1776104051.7928782,0.2244,3053,13603,0.171619,1.733,-1.077,1.019,7,0.128,666,0,0,"go(1.7,-1.2)d=0.5"
1440,1776104053.8097477,0.2244,3053,13603,0.163612,1.759,-0.765,1.088,7,0.232,667,0,0,"go(1.7,-0.5)d=0.5"
1441,1776104055.8179007,0.2244,3053,13603,0.18759,1.679,-0.232,1.116,7,0.102,668,0,0,"go(1.7,-0.1)d=0.6"
1442,1776104057.8270855,0.2244,3053,13603,0.159267,1.798,-0.692,1.085,7,0.19,669,0,0,"go(1.7,-1.2)d=1.0"
1443,1776104059.8345308,0.2244,3053,13603,0.159267,1.778,-1.153,1.099,7,0.104,669,0,0,"go(1.7,-1.2)d=0.5"
1444,1776104061.8425188,0.2244,3053,13603,0.175797,1.826,-0.798,1.064,7,0.189,670,0,0,"go(1.7,-0.5)d=0.6"
1445,1776104063.8544886,0.2244,3053,13603,0.206063,1.704,-0.441,1.071,7,0.09,671,0,0,"go(1.7,-0.1)d=0.7"
1446,1776104065.8672903,0.2235,3054,13664,0.180029,1.814,-0.855,1.034,7,0.133,672,0,1,"go(1.7,-1.2)d=0.8"
1447,1776104067.880269,0.2236,3055,13664,0.165068,1.751,-0.458,0.959,7,0.091,673,0,1,"go(1.7,-0.1)d=0.7"
1448,1776104070.491021,0.2227,3056,13725,0.169961,1.785,-0.699,1.081,7,0.19,674,0,1,"go(1.7,-1.2)d=0.9"
1449,1776104072.5028968,0.2227,3056,13725,0.169961,1.738,-1.157,1.047,7,0.077,674,0,0,"go(1.7,-1.2)d=0.5"
1450,1776104074.5130882,0.2227,3056,13725,0.16098,1.798,-0.801,1.043,7,0.189,675,0,0,"go(1.7,-0.5)d=0.6"
1451,1776104076.5210266,0.2227,3056,13725,0.194969,1.794,-0.365,1.03,7,0.193,675,0,0,"go(1.7,-0.1)d=0.7"
1452,1776104078.529021,0.2225,3054,13725,0.194969,1.787,-0.856,1.105,7,0.137,676,0,0,"go(1.7,-1.2)d=0.9"
1453,1776104080.5387223,0.2225,3054,13725,0.167437,1.697,-0.431,1.115,7,0.101,676,0,0,"go(1.7,-0.1)d=0.7"
1454,1776104082.5493279,0.2225,3054,13725,0.168673,1.711,-0.807,1.125,7,0.213,677,0,0,"go(1.7,-1.2)d=0.8"
1455,1776104084.5621316,0.2225,3054,13725,0.168673,1.66,-0.479,1.187,7,0.064,677,0,0,"go(1.7,-0.1)d=0.7"
1456,1776104086.575561,0.2225,3054,13725,0.171334,1.659,-0.884,1.122,7,0.195,678,0,0,"go(1.7,-1.2)d=0.7"
1457,1776104088.5984058,0.2225,3054,13725,0.157699,1.642,-0.482,1.165,7,0.074,678,0,0,"go(1.7,-0.1)d=0.8"
1458,1776104090.6130612,0.2225,3054,13725,0.173903,1.616,-0.87,1.178,7,0.239,679,0,0,"go(1.7,-1.2)d=0.7"
1459,1776104092.6299927,0.2225,3054,13725,0.170502,1.677,-0.524,1.114,7,0.021,680,0,0,"go(1.7,-0.1)d=0.7"
1460,1776104094.640011,0.2225,3054,13725,0.170502,1.686,-0.926,1.145,7,0.153,680,0,0,"go(1.7,-1.2)d=0.7"
1461,1776104096.6496644,0.2225,3054,13725,0.166364,1.689,-0.562,1.063,7,0.031,680,0,0,"go(1.7,-0.1)d=0.8"
1462,1776104098.6688945,0.2229,3059,13725,0.166364,1.645,-0.981,1.067,7,0.18,681,0,5,"go(1.7,-1.2)d=0.7"
1463,1776104100.68347,0.2229,3059,13725,0.158152,1.627,-0.617,1.045,7,0.111,682,0,0,"go(1.7,-0.1)d=0.9"
1464,1776104102.6940355,0.2229,3059,13725,0.17508,1.698,-1.052,1.049,7,0.143,683,0,0,"go(1.7,-1.2)d=0.6"
1465,1776104104.703262,0.2229,3059,13725,0.17508,1.659,-0.687,0.994,7,0.16,683,0,0,"go(1.7,-0.5)d=0.5"
1466,1776104107.3162808,0.2229,3059,13725,0.170065,1.652,-1.057,0.959,7,0.175,683,0,0,"go(1.7,-1.2)d=0.7"
1467,1776104111.3474796,0.2229,3059,13725,0.171337,1.773,-0.576,0.947,7,0.088,684,0,0,"go(1.7,-0.5)d=0.5"
1468,1776104115.3627615,0.2229,3059,13725,0.167882,1.78,-0.961,0.986,7,0.052,685,0,0,"go(1.7,-1.2)d=0.7"
1469,1776104117.5726447,0.223,3060,13725,0.166495,1.701,-0.519,0.971,7,0.013,686,0,1,"go(1.7,-0.1)d=0.9"
1470,1776104120.1838398,0.223,3060,13725,0.169146,1.716,-0.881,1.004,7,0.153,687,0,0,"go(1.7,-1.2)d=0.7"
1471,1776104122.1945527,0.223,3060,13725,0.169146,1.676,-0.416,1.008,7,0.117,687,0,0,"go(1.7,-0.1)d=0.7"
1472,1776104124.2071416,0.223,3060,13725,0.155395,1.688,-0.812,1.098,7,0.222,688,0,0,"go(1.7,-1.2)d=0.8"
1473,1776104126.2186096,0.223,3060,13725,0.147321,1.652,-0.387,1.087,7,0.151,689,0,0,"go(1.7,-0.1)d=0.7"
1474,1776104128.2263162,0.223,3060,13725,0.147321,1.651,-0.8,1.118,7,0.256,689,0,0,"go(1.7,-1.2)d=0.8"
1475,1776104130.24808,0.223,3060,13725,0.158218,1.718,-0.416,1.173,7,0.117,690,0,0,"go(1.7,-0.1)d=0.7"
1476,1776104132.2611558,0.223,3060,13725,0.180622,1.698,-0.833,1.257,7,0.199,691,0,0,"go(1.7,-1.2)d=0.8"
1477,1776104134.2690372,0.223,3060,13725,0.183843,1.641,-0.468,1.281,7,0.084,692,0,0,"go(1.7,-0.1)d=0.7"
1478,1776104136.2796774,0.223,3060,13725,0.183843,1.754,-0.872,1.267,7,0.136,692,0,0,"go(1.7,-1.2)d=0.8"
1479,1776104138.300135,0.223,3060,13725,0.182176,1.722,-0.486,1.308,7,0.052,693,0,0,"go(1.7,-0.1)d=0.7"
1480,1776104140.3113856,0.223,3060,13725,0.205543,1.731,-0.961,1.328,7,0.098,693,0,0,"go(1.7,-1.2)d=0.7"
1481,1776104142.3238583,0.223,3060,13725,0.205543,1.738,-0.649,1.389,7,0.124,693,0,0,"go(1.7,-0.1)d=0.8"
1482,1776104144.3383114,0.2227,3056,13725,0.204781,1.721,-1.058,1.377,7,0.126,694,0,0,"go(1.7,-1.2)d=0.6"
1483,1776104146.356204,0.2227,3056,13725,0.204781,1.747,-0.703,1.438,7,0.179,694,0,0,"go(1.7,-0.5)d=0.5"
1484,1776104150.3708575,0.2228,3058,13725,0.245667,1.686,-1.151,1.411,7,0.076,694,0,2,"go(1.7,-1.2)d=0.5"
1485,1776104152.7867353,0.223,3061,13725,0.271186,1.715,-0.785,1.412,7,0.23,695,0,3,"go(1.7,-0.5)d=0.7"
1486,1776104156.8054705,0.2231,3062,13725,0.280167,1.687,-1.105,1.416,7,0.121,695,0,1,"go(1.7,-1.2)d=0.5"
1487,1776104160.8252153,0.2232,3064,13725,0.274401,1.674,-0.733,1.416,7,0.203,696,0,2,"go(1.7,-0.5)d=0.6"
1488,1776104164.2490408,0.2232,3064,13725,0.260509,1.692,-1.131,1.38,7,0.094,697,0,0,"go(1.7,-1.2)d=0.5"
1489,1776104166.2593098,0.2232,3064,13725,0.258546,1.752,-0.732,1.353,7,0.208,697,0,0,"go(1.7,-0.5)d=0.6"
1490,1776104168.2741277,0.2234,3066,13725,0.258546,1.645,-1.181,1.353,7,0.072,698,0,2,"go(1.7,-1.2)d=0.5"
1491,1776104170.2828865,0.2234,3066,13725,0.258546,1.674,-0.786,1.297,7,0.252,698,0,0,"go(1.7,-0.5)d=0.7"
1492,1776104172.2956092,0.2234,3066,13725,0.254191,1.672,-0.327,1.342,7,0.197,699,0,0,"go(1.7,-0.1)d=0.7"
1493,1776104174.3102582,0.2234,3066,13725,0.260868,1.609,-0.768,1.295,7,0.253,699,0,0,"go(1.7,-1.2)d=0.9"
1494,1776104176.3224785,0.2234,3066,13725,0.260868,1.634,-0.365,1.268,7,0.178,699,0,0,"go(1.7,-0.1)d=0.6"
1495,1776104178.3357284,0.2234,3066,13725,0.221132,1.643,-0.764,1.239,7,0.238,699,0,0,"go(1.7,-1.2)d=0.9"
1496,1776104180.34542,0.2235,3068,13725,0.221132,1.766,-0.306,1.263,7,0.189,700,0,2,"go(1.7,-0.1)d=0.6"
1497,1776104182.3646257,0.2235,3068,13725,0.209763,1.651,-0.719,1.217,7,0.193,700,0,0,"go(1.7,-1.2)d=0.9"
1498,1776104184.3743515,0.2235,3068,13725,0.18426,1.72,-1.146,1.19,7,0.081,700,0,0,"go(1.7,-1.2)d=0.5"
1499,1776104186.3929381,0.2235,3067,13725,0.18426,1.747,-0.73,1.19,7,0.205,700,0,0,"go(1.7,-0.5)d=0.6"
1500,1776104188.4080908,0.2235,3067,13725,0.18426,1.709,-0.296,1.158,7,0.165,700,0,0,"go(1.7,-0.1)d=0.6"
1501,1776104190.4177282,0.2235,3067,13725,0.203131,1.691,-0.777,1.181,7,0.246,701,0,0,"go(1.7,-1.2)d=0.9"
1502,1776104192.4271715,0.2235,3067,13725,0.179165,1.647,-0.365,1.233,7,0.174,702,0,0,"go(1.7,-0.1)d=0.6"
1503,1776104194.4369855,0.2235,3067,13725,0.186369,1.677,-0.749,1.201,7,0.219,702,0,0,"go(1.7,-1.2)d=0.9"
1504,1776104196.447789,0.2232,3064,13725,0.186369,1.698,-0.373,1.248,7,0.158,702,0,0,"go(1.7,-0.1)d=0.6"
1505,1776104198.4594274,0.2232,3064,13725,0.186369,1.617,-0.796,1.209,7,0.277,702,0,0,"go(1.7,-1.2)d=0.9"
1506,1776104200.4732807,0.2232,3064,13725,0.178922,1.739,-0.376,1.167,7,0.161,702,0,0,"go(1.7,-0.1)d=0.7"
1507,1776104202.494737,0.2233,3065,13725,0.178922,1.678,-0.759,1.17,7,0.228,703,0,1,"go(1.7,-1.2)d=0.9"
1508,1776104204.5067067,0.2233,3065,13725,0.173719,1.641,-0.393,1.174,7,0.149,703,0,0,"go(1.7,-0.1)d=0.6"
1509,1776104206.5221658,0.2233,3065,13725,0.181573,1.621,-0.789,1.23,7,0.269,704,0,0,"go(1.7,-1.2)d=0.8"
1510,1776104208.547294,0.2233,3065,13725,0.171798,1.669,-0.353,1.195,7,0.18,705,0,0,"go(1.7,-0.1)d=0.7"
1511,1776104210.5597587,0.2233,3065,13725,0.171798,1.66,-0.754,1.206,7,0.226,705,0,0,"go(1.7,-1.2)d=0.9"
1512,1776104212.5740693,0.2233,3065,13725,0.171494,1.73,-0.322,1.175,7,0.194,706,0,0,"go(1.7,-0.1)d=0.6"
1513,1776104214.5853755,0.2233,3065,13725,0.18666,1.698,-0.813,1.251,7,0.216,706,0,0,"go(1.7,-1.2)d=0.9"
1514,1776104216.5992904,0.2235,3068,13725,0.18666,1.775,-0.349,1.197,7,0.199,707,0,3,"go(1.7,-0.1)d=0.7"
1515,1776104218.608129,0.2235,3068,13725,0.200658,1.711,-0.743,1.225,7,0.212,708,0,0,"go(1.7,-1.2)d=0.9"
1516,1776104220.6158602,0.2235,3068,13725,0.200658,1.723,-0.316,1.212,7,0.187,708,0,0,"go(1.7,-0.1)d=0.6"
1517,1776104222.6256673,0.2235,3068,13725,0.183865,1.672,-0.732,1.195,7,0.202,709,0,0,"go(1.7,-1.2)d=0.9"
1518,1776104224.638516,0.2237,3070,13725,0.177431,1.708,-0.296,1.149,7,0.165,710,0,2,"go(1.7,-0.1)d=0.6"
1519,1776104226.6492512,0.2237,3070,13725,0.177431,1.701,-0.702,1.124,7,0.171,710,0,0,"go(1.7,-1.2)d=0.9"
1520,1776104228.6635218,0.2237,3070,13725,0.173855,1.733,-1.177,1.055,7,0.057,711,0,0,"go(1.7,-1.2)d=0.5"
1521,1776104230.6727371,0.2237,3070,13725,0.176582,1.695,-0.78,1.12,7,0.244,711,0,0,"go(1.7,-0.5)d=0.6"
1522,1776104232.6820183,0.2237,3070,13725,0.199546,1.69,-0.314,1.093,7,0.183,711,0,0,"go(1.7,-0.1)d=0.6"
1523,1776104234.6964626,0.2238,3072,13725,0.199546,1.637,-0.696,1.112,7,0.175,712,0,2,"go(1.7,-1.2)d=0.9"
1524,1776104236.7046654,0.2238,3072,13725,0.150234,1.614,-1.115,1.109,7,0.141,713,0,0,"go(1.7,-1.2)d=0.5"
1525,1776104238.7121353,0.2238,3072,13725,0.17328,1.645,-0.744,1.103,7,0.219,714,0,0,"go(1.7,-0.5)d=0.6"
1526,1776104240.7221131,0.2238,3072,13725,0.17328,1.734,-0.254,1.112,7,0.129,714,0,0,"go(1.7,-0.1)d=0.6"
1527,1776104242.7381418,0.2238,3072,13725,0.175397,1.705,-0.711,1.117,7,0.18,715,0,0,"go(1.7,-1.2)d=1.0"
1528,1776104244.751113,0.2238,3072,13725,0.160539,1.712,-1.239,1.106,7,0.017,716,0,0,"go(1.7,-1.2)d=0.5"
1529,1776104246.7671237,0.2238,3072,13725,0.174237,1.708,-0.796,1.136,7,0.225,717,0,0,"go(1.7,-0.5)d=0.7"
1530,1776104248.7808099,0.2239,3073,13725,0.1802,1.73,-0.265,1.201,7,0.138,718,0,1,"go(1.7,-0.1)d=0.7"
1531,1776104250.7906659,0.2239,3073,13725,0.1802,1.653,-0.664,1.204,7,0.14,718,0,0,"go(1.7,-1.2)d=1.0"
1532,1776104252.8014553,0.2239,3073,13725,0.171644,1.732,-1.169,1.24,7,0.064,719,0,0,"go(1.7,-1.2)d=0.6"
1533,1776104254.8135324,0.2239,3073,13725,0.190133,1.683,-0.787,1.233,7,0.246,720,0,0,"go(1.7,-0.5)d=0.6"
1534,1776104256.8241553,0.2239,3073,13725,0.190133,1.749,-0.403,1.207,7,0.139,720,0,0,"go(1.7,-0.1)d=0.7"
1535,1776104258.8371396,0.2239,3073,13725,0.199034,1.61,-0.811,1.215,7,0.278,721,0,0,"go(1.7,-1.2)d=0.8"
1536,1776104260.8532534,0.2239,3073,13725,0.199034,1.687,-0.441,1.235,7,0.091,721,0,0,"go(1.7,-0.1)d=0.7"
1537,1776104262.8656802,0.2239,3073,13725,0.177845,1.67,-0.776,1.264,7,0.247,722,0,0,"go(1.7,-1.2)d=0.8"
1538,1776104264.8789716,0.2239,3073,13725,0.183984,1.652,-0.337,1.245,7,0.2,722,0,0,"go(1.7,-0.1)d=0.6"
1539,1776104266.890579,0.2239,3073,13725,0.186188,1.621,-0.649,1.275,7,0.14,722,0,0,"go(1.7,-1.2)d=0.9"
1540,1776104268.9035437,0.2239,3073,13725,0.186188,1.688,-1.041,1.205,7,0.147,723,0,0,"go(1.7,-1.2)d=0.6"
1541,1776104270.9190307,0.2239,3073,13725,0.185325,1.695,-0.601,1.235,7,0.07,724,0,0,"go(1.7,-0.5)d=0.5"
1542,1776104272.9301026,0.2239,3073,13725,0.207207,1.723,-1.006,1.22,7,0.104,725,0,0,"go(1.7,-1.2)d=0.6"
1543,1776104274.9457843,0.2239,3073,13725,0.207207,1.688,-0.676,1.215,7,0.145,725,0,0,"go(1.7,-0.1)d=0.9"
1544,1776104276.9589922,0.2239,3073,13725,0.203317,1.57,-1.089,1.184,7,0.189,726,0,0,"go(1.7,-1.2)d=0.5"
1545,1776104278.9673865,0.2239,3073,13725,0.203317,1.737,-0.679,1.238,7,0.153,726,0,0,"go(1.7,-0.5)d=0.6"
1546,1776104280.9750738,0.2239,3073,13725,0.184331,1.68,-1.022,1.196,7,0.149,727,0,0,"go(1.7,-1.2)d=0.5"
1547,1776104282.9912982,0.2239,3073,13725,0.18824,1.71,-0.599,1.185,7,0.069,728,0,0,"go(1.7,-0.1)d=0.9"
1548,1776104285.0045888,0.2239,3073,13725,0.18824,1.69,-1.006,1.23,7,0.136,728,0,0,"go(1.7,-1.2)d=0.6"
1549,1776104287.0170727,0.2239,3073,13725,0.190566,1.704,-0.637,1.251,7,0.106,729,0,0,"go(1.7,-0.1)d=0.9"
1550,1776104289.0308924,0.2239,3073,13725,0.190566,1.716,-1.007,1.251,7,0.111,729,0,0,"go(1.7,-1.2)d=0.6"
1551,1776104291.0435576,0.2239,3073,13725,0.209519,1.742,-0.662,1.329,7,0.138,730,0,0,"go(1.7,-0.1)d=0.9"
1552,1776104293.0530326,0.2239,3073,13725,0.230005,1.748,-1.012,1.298,7,0.081,730,0,0,"go(1.7,-1.2)d=0.6"
1553,1776104295.0681493,0.2239,3073,13725,0.230005,1.714,-0.695,1.322,7,0.165,730,0,0,"go(1.7,-0.1)d=0.9"
1554,1776104297.0768461,0.2239,3073,13725,0.22125,1.697,-1.107,1.37,7,0.118,731,0,0,"go(1.7,-1.2)d=0.5"
1555,1776104299.0871477,0.2239,3073,13725,0.230816,1.688,-0.816,1.319,7,0.22,732,0,0,"go(1.7,-0.5)d=0.6"
1556,1776104301.0984304,0.2239,3073,13725,0.230816,1.723,-0.332,1.372,7,0.201,732,0,0,"go(1.7,-0.1)d=0.7"
1557,1776104303.109767,0.224,3074,13725,0.232402,1.681,-0.789,1.384,7,0.245,733,0,1,"go(1.7,-1.2)d=0.9"
1558,1776104305.1237445,0.224,3074,13725,0.230709,1.643,-0.326,1.389,7,0.201,734,0,0,"go(1.7,-0.1)d=0.7"
1559,1776104307.1348343,0.224,3074,13725,0.230709,1.662,-0.697,1.409,7,0.169,734,0,0,"go(1.7,-1.2)d=0.9"
1560,1776104311.1544166,0.2243,3078,13725,0.242375,1.667,-0.316,1.467,7,0.187,734,0,4,"go(1.7,-0.1)d=0.6"
1561,1776104315.1766028,0.2243,3078,13725,0.284491,1.645,-0.732,1.44,7,0.207,735,0,0,"go(1.7,-1.2)d=0.9"
1562,1776104319.1929035,0.2243,3078,13725,0.279493,1.688,-0.313,1.511,7,0.181,735,0,0,"go(1.7,-0.1)d=0.7"
1563,1776104323.2123249,0.2243,3079,13725,0.285301,1.668,-0.806,1.479,7,0.24,735,0,1,"go(1.7,-1.2)d=0.9"
1564,1776104327.2421176,0.2243,3079,13725,0.288334,1.692,-0.332,1.511,7,0.199,735,0,0,"go(1.7,-0.1)d=0.7"
1565,1776104331.2583148,0.2243,3079,13725,0.313458,1.658,-0.698,1.564,7,0.172,735,0,0,"go(1.7,-1.2)d=0.9"
1566,1776104335.2780259,0.2248,3085,13725,0.313458,1.72,-1.163,1.449,7,0.065,735,0,6,"go(1.7,-1.2)d=0.6"
1567,1776104339.2926004,0.2248,3085,13725,0.308255,1.775,-0.683,1.449,7,0.171,736,0,0,"go(1.7,-0.5)d=0.6"
1568,1776104342.7138476,0.225,3088,13725,0.329399,1.705,-1.113,1.385,7,0.112,737,0,3,"go(1.7,-1.2)d=0.6"
1569,1776104344.7299337,0.225,3088,13725,0.294099,1.671,-0.685,1.431,7,0.156,738,0,0,"go(1.7,-0.5)d=0.6"
1570,1776104348.749638,0.2252,3091,13725,0.323202,1.646,-1.121,1.38,7,0.117,739,0,3,"go(1.7,-1.2)d=0.5"
1571,1776104350.7619784,0.2252,3091,13725,0.276308,1.631,-0.734,1.401,7,0.214,740,0,0,"go(1.7,-0.5)d=0.6"
1572,1776104352.9751737,0.2252,3091,13725,0.296714,1.628,-1.087,1.368,7,0.157,740,0,0,"go(1.7,-1.2)d=0.5"
1573,1776104354.9908314,0.2253,3092,13725,0.296714,1.692,-0.681,1.389,7,0.15,741,0,1,"go(1.7,-0.5)d=0.6"
1574,1776104357.0065243,0.2253,3092,13725,0.296714,1.776,-1.056,1.363,7,0.084,741,0,0,"go(1.7,-1.2)d=0.5"
1575,1776104359.0251842,0.2253,3092,13725,0.273078,1.807,-0.634,1.319,7,0.151,742,0,0,"go(1.7,-0.5)d=0.5"
1576,1776104361.0463016,0.2253,3092,13725,0.284788,1.757,-1.102,1.269,7,0.133,743,0,0,"go(1.7,-1.2)d=0.6"
1577,1776104363.0687907,0.2253,3092,13725,0.284788,1.739,-0.733,1.277,7,0.206,743,0,0,"go(1.7,-0.5)d=0.6"
1578,1776104365.0828683,0.2253,3092,13725,0.261182,1.732,-0.273,1.293,7,0.147,743,0,0,"go(1.7,-0.1)d=0.6"
1579,1776104367.0918539,0.2254,3094,13725,0.261182,1.701,-0.67,1.316,7,0.139,743,0,2,"go(1.7,-1.2)d=1.0"
1580,1776104369.1043031,0.2254,3094,13725,0.261182,1.69,-1.073,1.328,7,0.153,743,0,0,"go(1.7,-1.2)d=0.6"
1581,1776104371.1154897,0.2254,3094,13725,0.227157,1.678,-0.578,1.304,7,0.05,744,0,0,"go(1.7,-0.5)d=0.5"
1582,1776104373.125081,0.2254,3094,13725,0.237011,1.719,-1.022,1.264,7,0.112,745,0,0,"go(1.7,-1.2)d=0.6"
1583,1776104375.1398473,0.2254,3094,13725,0.237011,1.709,-0.611,1.289,7,0.081,745,0,0,"go(1.7,-0.1)d=0.9"
1584,1776104377.1518078,0.2254,3094,13725,0.229592,1.746,-1.097,1.312,7,0.135,746,0,0,"go(1.7,-1.2)d=0.6"
1585,1776104379.1687117,0.2254,3094,13725,0.221333,1.655,-0.649,1.25,7,0.125,747,0,0,"go(1.7,-0.5)d=0.6"
1586,1776104381.1780958,0.2254,3094,13725,0.221333,1.657,-1.064,1.261,7,0.167,747,0,0,"go(1.7,-1.2)d=0.6"
1587,1776104383.1890929,0.2254,3094,13725,0.210489,1.764,-0.655,1.251,7,0.141,748,0,0,"go(1.7,-0.5)d=0.5"
1588,1776104385.2014306,0.2254,3094,13725,0.210489,1.74,-1.069,1.252,7,0.118,748,0,0,"go(1.7,-1.2)d=0.6"
1589,1776104387.2119143,0.2254,3094,13725,0.230822,1.653,-0.692,1.272,7,0.166,749,0,0,"go(1.7,-0.5)d=0.5"
1590,1776104389.2261326,0.2254,3094,13725,0.230822,1.699,-1.135,1.296,7,0.09,749,0,0,"go(1.7,-1.2)d=0.5"
1591,1776104391.2460861,0.2254,3094,13725,0.234988,1.757,-0.757,1.304,7,0.234,750,0,0,"go(1.7,-0.5)d=0.6"
1592,1776104393.2633717,0.2254,3094,13725,0.257283,1.754,-0.275,1.278,7,0.156,751,0,0,"go(1.7,-0.1)d=0.6"
1593,1776104395.2724628,0.2254,3094,13725,0.257283,1.693,-0.649,1.273,7,0.118,751,0,0,"go(1.7,-1.2)d=1.0"
1594,1776104397.2844741,0.2254,3094,13725,0.204357,1.722,-1.11,1.216,7,0.116,752,0,0,"go(1.7,-1.2)d=0.6"
1595,1776104399.2944,0.2254,3094,13725,0.204357,1.599,-0.688,1.178,7,0.185,752,0,0,"go(1.7,-0.5)d=0.6"
1596,1776104401.3076096,0.2254,3094,13725,0.206997,1.685,-1.126,1.232,7,0.1,752,0,0,"go(1.7,-1.2)d=0.5"
1597,1776104403.316924,0.2256,3096,13725,0.190493,1.674,-0.731,1.227,7,0.201,753,0,2,"go(1.7,-0.5)d=0.6"
1598,1776104405.3339028,0.2256,3096,13725,0.190493,1.682,-0.304,1.184,7,0.173,753,0,0,"go(1.7,-0.1)d=0.6"
1599,1776104407.3501096,0.2256,3096,13725,0.202103,1.652,-0.639,1.219,7,0.116,754,0,0,"go(1.7,-1.2)d=0.9"
1600,1776104409.369895,0.2256,3096,13725,0.18175,1.708,-1.136,1.244,7,0.089,754,0,0,"go(1.7,-1.2)d=0.6"
1601,1776104411.3827558,0.2256,3096,13725,0.18175,1.709,-0.701,1.206,7,0.17,754,0,0,"go(1.7,-0.5)d=0.6"
1602,1776104413.3992379,0.2256,3096,13725,0.203394,1.723,-1.122,1.229,7,0.105,755,0,0,"go(1.7,-1.2)d=0.5"
1603,1776104415.4144108,0.2256,3096,13725,0.191572,1.741,-0.669,1.203,7,0.145,756,0,0,"go(1.7,-0.5)d=0.6"
1604,1776104417.4275072,0.2256,3096,13725,0.191572,1.786,-1.061,1.144,7,0.083,756,0,0,"go(1.7,-1.2)d=0.6"
1605,1776104419.438244,0.2256,3096,13725,0.189765,1.675,-0.598,1.171,7,0.07,757,0,0,"go(1.7,-0.5)d=0.5"
1606,1776104421.449932,0.2256,3096,13725,0.199394,1.742,-0.979,1.157,7,0.084,758,0,0,"go(1.7,-1.2)d=0.6"
1607,1776104423.4663951,0.2256,3096,13725,0.199394,1.742,-0.551,1.153,7,0.049,758,0,0,"go(1.7,-0.1)d=0.8"
1608,1776104425.483869,0.2256,3096,13725,0.179452,1.709,-0.975,1.167,7,0.116,759,0,0,"go(1.7,-1.2)d=0.7"
1609,1776104427.4993641,0.2256,3096,13725,0.176175,1.696,-0.503,1.224,7,0.029,759,0,0,"go(1.7,-0.1)d=0.8"
1610,1776104429.5096781,0.2256,3096,13725,0.176175,1.721,-0.896,1.178,7,0.138,759,0,0,"go(1.7,-1.2)d=0.7"
1611,1776104431.5196807,0.2256,3096,13725,0.17427,1.638,-0.452,1.18,7,0.099,760,0,0,"go(1.7,-0.1)d=0.8"
1612,1776104433.5297346,0.2256,3096,13725,0.17427,1.641,-0.79,1.178,7,0.265,760,0,0,"go(1.7,-1.2)d=0.8"
1613,1776104435.5441422,0.2256,3096,13725,0.170714,1.71,-0.409,1.196,7,0.123,761,0,0,"go(1.7,-0.1)d=0.7"
1614,1776104437.5613954,0.2256,3096,13725,0.181126,1.738,-0.677,1.194,7,0.151,762,0,0,"go(1.7,-1.2)d=0.8"
1615,1776104439.5741773,0.226,3102,13725,0.16948,1.723,-1.136,1.169,7,0.092,763,0,6,"go(1.7,-1.2)d=0.5"
1616,1776104441.5847502,0.226,3102,13725,0.16948,1.704,-0.683,1.173,7,0.152,763,0,0,"go(1.7,-0.5)d=0.6"
1617,1776104443.5964444,0.226,3102,13725,0.190583,1.698,-1.062,1.184,7,0.148,763,0,0,"go(1.7,-1.2)d=0.5"
1618,1776104445.6060596,0.226,3102,13725,0.190583,1.7,-0.639,1.167,7,0.108,763,0,0,"go(1.7,-0.5)d=0.5"
1619,1776104447.616246,0.226,3102,13725,0.190583,1.716,-1.045,1.171,7,0.123,763,0,0,"go(1.7,-1.2)d=0.6"
1620,1776104449.6265268,0.226,3102,13725,0.177384,1.618,-0.589,1.202,7,0.098,764,0,0,"go(1.7,-0.5)d=0.5"
1621,1776104451.6376903,0.226,3102,13725,0.177384,1.725,-1.005,1.191,7,0.102,764,0,0,"go(1.7,-1.2)d=0.6"
1622,1776104453.6517956,0.226,3102,13725,0.185074,1.651,-0.526,1.191,7,0.046,764,0,0,"go(1.7,-0.1)d=0.9"
1623,1776104455.6643016,0.226,3102,13725,0.187772,1.684,-0.887,1.232,7,0.173,764,0,0,"go(1.7,-1.2)d=0.7"
1624,1776104457.676265,0.226,3102,13725,0.187772,1.657,-0.462,1.188,7,0.08,764,0,0,"go(1.7,-0.1)d=0.8"
1625,1776104459.6916132,0.226,3102,13725,0.187162,1.723,-0.863,1.179,7,0.16,765,0,0,"go(1.7,-1.2)d=0.8"
1626,1776104461.708363,0.226,3102,13725,0.181531,1.69,-0.403,1.183,7,0.128,765,0,0,"go(1.7,-0.1)d=0.7"
1627,1776104463.7221682,0.2264,3108,13725,0.181531,1.727,-0.874,1.188,7,0.15,766,0,6,"go(1.7,-1.2)d=0.8"
1628,1776104465.738608,0.2264,3108,13725,0.181531,1.701,-0.534,1.202,7,0.005,766,0,0,"go(1.7,-0.1)d=0.7"
1629,1776104467.754047,0.2264,3108,13725,0.183191,1.724,-0.977,1.146,7,0.102,766,0,0,"go(1.7,-1.2)d=0.7"
1630,1776104469.7650461,0.2264,3108,13725,0.183191,1.703,-0.553,1.229,7,0.023,766,0,0,"go(1.7,-0.1)d=0.8"
1631,1776104471.7801929,0.2264,3108,13725,0.203273,1.78,-0.991,1.177,7,0.046,767,0,0,"go(1.7,-1.2)d=0.7"
1632,1776104473.7911615,0.2264,3108,13725,0.188301,1.737,-0.59,1.23,7,0.071,768,0,0,"go(1.7,-0.1)d=0.9"
1633,1776104475.8011434,0.2264,3108,13725,0.197779,1.72,-0.996,1.232,7,0.105,769,0,0,"go(1.7,-1.2)d=0.6"
1634,1776104477.812819,0.2264,3108,13725,0.197779,1.666,-0.579,1.273,7,0.057,769,0,0,"go(1.7,-0.1)d=0.9"
1635,1776104479.8231874,0.2264,3108,13725,0.206031,1.69,-0.988,1.241,7,0.135,770,0,0,"go(1.7,-1.2)d=0.6"
1636,1776104481.8347485,0.2264,3108,13725,0.206031,1.643,-0.594,1.25,7,0.082,770,0,0,"go(1.7,-0.1)d=0.9"
1637,1776104483.8442554,0.2264,3108,13725,0.191047,1.606,-1.007,1.229,7,0.22,771,0,0,"go(1.7,-1.2)d=0.6"
1638,1776104485.858224,0.2264,3108,13725,0.191047,1.64,-0.71,1.196,7,0.187,771,0,0,"go(1.7,-0.1)d=0.9"
1639,1776104487.8680768,0.2264,3108,13725,0.177752,1.714,-1.114,1.178,7,0.111,771,0,0,"go(1.7,-1.2)d=0.5"
1640,1776104489.8854387,0.2263,3106,13725,0.177752,1.731,-0.744,1.169,7,0.216,772,0,0,"go(1.7,-0.5)d=0.6"
1641,1776104491.8950975,0.2263,3106,13725,0.177752,1.718,-0.266,1.169,7,0.137,772,0,0,"go(1.7,-0.1)d=0.6"
1642,1776104493.9051614,0.2263,3106,13725,0.200343,1.666,-0.66,1.158,7,0.132,773,0,0,"go(1.7,-1.2)d=1.0"
1643,1776104495.9217522,0.2263,3106,13725,0.160636,1.679,-1.132,1.132,7,0.096,774,0,0,"go(1.7,-1.2)d=0.6"
1644,1776104497.9356718,0.2263,3106,13725,0.160636,1.744,-0.713,1.124,7,0.188,774,0,0,"go(1.7,-0.5)d=0.6"
1645,1776104499.949265,0.2263,3106,13725,0.192079,1.676,-1.155,1.108,7,0.074,775,0,0,"go(1.7,-1.2)d=0.5"
1646,1776104501.964856,0.2263,3106,13725,0.192079,1.649,-0.689,1.109,7,0.165,775,0,0,"go(1.7,-0.5)d=0.6"
1647,1776104503.9794962,0.2263,3106,13725,0.174849,1.719,-1.118,1.107,7,0.108,776,0,0,"go(1.7,-1.2)d=0.5"
1648,1776104505.9912724,0.2263,3106,13725,0.164478,1.706,-0.688,1.082,7,0.157,776,0,0,"go(1.7,-0.5)d=0.6"
1649,1776104508.0053163,0.2267,3111,13725,0.164478,1.719,-1.139,1.07,7,0.087,777,0,5,"go(1.7,-1.2)d=0.5"
1650,1776104510.0167153,0.2267,3111,13725,0.164478,1.759,-0.814,1.055,7,0.186,777,0,0,"go(1.7,-0.5)d=0.6"
1651,1776104512.028327,0.2267,3111,13725,0.173266,1.754,-0.312,1.128,7,0.191,778,0,0,"go(1.7,-0.1)d=0.7"
1652,1776104514.044459,0.2267,3111,13725,0.173266,1.812,-0.709,1.055,7,0.212,778,0,0,"go(1.7,-1.2)d=0.9"
1653,1776104516.0547514,0.2267,3111,13725,0.172664,1.66,-1.147,1.093,7,0.088,779,0,0,"go(1.7,-1.2)d=0.5"
1654,1776104518.0707273,0.2267,3111,13725,0.172664,1.716,-0.794,1.044,7,0.223,779,0,0,"go(1.7,-0.5)d=0.6"
1655,1776104520.085061,0.2267,3111,13725,0.175022,1.703,-0.309,0.999,7,0.178,780,0,0,"go(1.7,-0.1)d=0.7"
1656,1776104522.9020493,0.2267,3111,13725,0.165908,1.651,-0.736,0.982,7,0.21,781,0,0,"go(1.7,-1.2)d=0.9"
1657,1776104525.5152214,0.2267,3111,13725,0.165908,1.694,-0.501,1.024,7,0.031,781,0,0,"go(1.7,-0.1)d=0.7"
1658,1776104527.5313165,0.2267,3111,13725,0.155207,1.686,-0.987,1.025,7,0.139,782,0,0,"go(1.7,-1.2)d=0.7"
1659,1776104529.548629,0.2267,3111,13725,0.155207,1.678,-0.753,0.977,7,0.223,782,0,0,"go(1.7,-0.1)d=0.9"
1660,1776104533.5689933,0.2267,3111,13725,0.151943,1.672,-0.316,0.978,7,0.186,783,0,0,"go(1.7,-0.1)d=0.6"
1661,1776104537.592979,0.2267,3111,13725,0.163345,1.725,-0.651,0.951,7,0.123,784,0,0,"go(1.7,-1.2)d=1.0"
1662,1776104540.608029,0.2267,3111,13725,0.155656,1.719,-1.079,0.918,7,0.14,784,0,0,"go(1.7,-1.2)d=0.6"
1663,1776104544.6210105,0.2254,3094,13725,0.155656,1.725,-0.712,0.864,7,0.183,785,0,0,"go(1.7,-0.5)d=0.6"
1664,1776104548.6355433,0.2254,3094,13725,0.183141,1.689,-0.705,1.017,7,0.174,786,0,0,"go(1.7,-0.1)d=0.6"
1665,1776104550.6457672,0.2254,3094,13725,0.160819,1.769,-0.634,1.168,7,0.125,786,0,0,"go(1.7,-1.2)d=0.5"
1666,1776104552.6578612,0.2254,3094,13725,0.163637,1.752,-0.689,1.293,7,0.167,786,0,0,"go(1.7,-1.2)d=0.6"
1667,1776104554.6693003,0.2246,3083,13725,0.163637,1.716,-0.663,1.353,7,0.133,786,0,0,"go(1.7,-1.2)d=0.5"
1668,1776104556.6800451,0.2246,3083,13725,0.163637,1.724,-0.673,1.379,7,0.145,786,0,0,"go(1.7,-1.2)d=0.6"
1669,1776104558.6898978,0.2246,3083,13725,0.163454,1.706,-0.721,1.319,7,0.19,786,0,0,"go(1.7,-1.2)d=0.6"
1670,1776104560.7048476,0.2246,3083,13725,0.164264,1.707,-0.688,1.197,7,0.157,786,0,0,"go(1.7,-1.2)d=0.5"
1671,1776104562.7152503,0.2246,3083,13725,0.164915,1.738,-0.697,1.124,7,0.171,786,0,0,"go(1.7,-1.2)d=0.5"
1672,1776104564.7342136,0.2246,3083,13725,0.165981,1.842,-0.672,1.031,7,0.202,786,0,0,"go(1.7,-1.2)d=0.5"
1673,1776104566.7493992,0.2246,3083,13725,0.166388,1.833,-0.626,0.92,7,0.166,786,0,0,"go(1.7,-1.2)d=0.6"
1674,1776104570.7752445,0.2246,3083,13725,0.168446,1.729,-0.568,0.865,7,0.048,786,0,0,"go(1.7,-1.2)d=0.6"
1675,1776104574.793663,0.2246,3083,13725,0.170177,1.703,-0.683,0.846,7,0.152,786,0,0,"go(1.7,-1.2)d=0.6"
1676,1776104578.8074794,0.2246,3083,13725,0.171737,1.771,-0.678,0.942,7,0.165,786,0,0,"go(1.7,-1.2)d=0.5"
1677,1776104582.8268964,0.2246,3083,13725,0.173467,1.752,-0.695,0.938,7,0.173,786,0,0,"go(1.7,-1.2)d=0.6"
1678,1776104586.8421545,0.2246,3083,13725,0.175934,1.713,-0.738,0.905,7,0.207,786,0,0,"go(1.7,-1.2)d=0.5"
1679,1776104590.8577182,0.2246,3083,13725,0.177278,1.696,-0.692,0.805,7,0.161,786,0,0,"go(1.7,-1.2)d=0.5"
1680,1776104594.8805199,0.2246,3083,13725,0.178566,1.86,-0.548,0.769,7,0.164,786,0,0,"go(1.7,-1.2)d=0.6"
1681,1776104598.9050386,0.227,3115,13725,0.17166,1.989,-0.9,0.614,7,0.186,786,0,32,"go(1.7,-1.2)d=0.7"
1682,1776104602.925949,0.227,3115,13725,0.179992,1.87,-0.725,0.657,7,0.26,786,0,0,"go(1.7,-0.5)d=0.5"
1683,1776104606.9448833,0.2281,3131,13725,0.182749,1.56,-0.842,0.792,7,0.302,786,0,16,"go(1.7,-1.2)d=0.9"
1684,1776104610.962708,0.2281,3131,13725,0.182749,1.643,-0.624,0.901,7,0.107,786,0,0,"go(1.7,-0.1)d=0.8"
1685,1776104614.9860222,0.2281,3131,13725,0.182749,1.73,-1.037,0.962,7,0.107,786,0,0,"go(1.7,-1.2)d=0.7"
1686,1776104619.0002267,0.2281,3131,13725,0.182749,1.737,-0.775,0.929,7,0.229,786,0,0,"go(1.7,-0.5)d=0.5"
1687,1776104623.0176146,0.2281,3131,13725,0.182749,1.64,-1.064,0.995,7,0.172,786,0,0,"go(1.7,-1.2)d=0.5"
1688,1776104627.0433483,0.2281,3131,13725,0.182749,1.701,-0.64,0.985,7,0.109,786,0,0,"go(1.7,-0.5)d=0.6"
1689,1776104631.0560412,0.2281,3131,13725,0.182749,1.795,-0.978,0.973,7,0.031,786,0,0,"go(1.7,-1.2)d=0.7"
1690,1776104634.6689558,0.2281,3131,13725,0.182749,1.733,-0.657,1.03,7,0.131,786,0,0,"go(1.7,-0.5)d=0.5"
1691,1776104636.6777363,0.2281,3131,13725,0.182749,1.694,-0.871,1.008,7,0.176,786,0,0,"go(1.7,-1.2)d=0.6"
1692,1776104638.6843972,0.2281,3131,13725,0.182749,1.703,-0.54,0.993,7,0.011,786,0,0,"go(1.7,-0.1)d=0.7"
1693,1776104640.8930998,0.2281,3131,13725,0.182749,1.624,-0.755,1.006,7,0.235,786,0,0,"go(1.7,-1.2)d=0.8"
1694,1776104642.907017,0.2281,3131,13725,0.182749,1.668,-0.461,1.009,7,0.076,786,0,0,"go(1.7,-0.1)d=0.6"
1695,1776104644.9247983,0.2281,3131,13725,0.182749,1.697,-0.72,1.011,7,0.189,786,0,0,"go(1.7,-1.2)d=0.8"
1696,1776104646.9455738,0.2281,3131,13725,0.182749,1.649,-1.236,1.025,7,0.053,786,0,0,"go(1.7,-1.2)d=0.5"
1697,1776104648.9541123,0.2281,3131,13725,0.182749,1.638,-0.913,0.974,7,0.201,786,0,0,"go(1.7,-0.5)d=0.7"
1698,1776104652.973256,0.2281,3131,13725,0.182749,1.709,-0.607,1.043,7,0.077,786,0,0,"go(1.7,-0.1)d=0.7"
1699,1776104654.986096,0.2281,3131,13725,0.182749,1.714,-0.96,1.037,7,0.115,786,0,0,"go(1.7,-1.2)d=0.6"
1700,1776104656.9961388,0.2281,3131,13725,0.182749,1.735,-0.766,1.027,7,0.238,786,0,0,"go(1.7,-0.1)d=0.8"
1701,1776104659.0086129,0.2281,3131,13725,0.182749,1.678,-0.335,0.997,7,0.197,786,0,0,"go(1.7,-0.1)d=0.6"
1702,1776104661.226256,0.2281,3131,13725,0.182749,1.764,-0.726,0.997,7,0.206,786,0,0,"go(1.7,-1.2)d=0.9"
1703,1776104663.6353908,0.2281,3131,13725,0.182749,1.77,-0.415,1.046,7,0.137,786,0,0,"go(1.7,-0.1)d=0.7"
1704,1776104665.6438417,0.2281,3131,13725,0.182749,1.733,-0.628,1.071,7,0.103,786,0,0,"go(1.7,-1.2)d=0.8"
1705,1776104667.6545863,0.2281,3131,13725,0.182749,1.7,-1.114,1.075,7,0.111,786,0,0,"go(1.7,-1.2)d=0.6"
1706,1776104669.6696775,0.2281,3131,13725,0.182749,1.737,-0.714,1.081,7,0.187,786,0,0,"go(1.7,-0.5)d=0.6"
1707,1776104671.6825817,0.2281,3131,13725,0.182749,1.659,-1.037,1.131,7,0.173,786,0,0,"go(1.7,-1.2)d=0.5"
1708,1776104673.691627,0.2281,3131,13725,0.182749,1.65,-0.644,1.079,7,0.123,786,0,0,"go(1.7,-0.5)d=0.5"
1709,1776104675.6995237,0.2281,3131,13725,0.182749,1.684,-0.889,1.168,7,0.172,786,0,0,"go(1.7,-1.2)d=0.6"
1710,1776104677.7083373,0.2281,3131,13725,0.182749,1.627,-0.526,1.223,7,0.071,786,0,0,"go(1.7,-0.1)d=0.8"
1711,1776104679.7221694,0.2281,3131,13725,0.182749,1.723,-0.768,1.264,7,0.238,786,0,0,"go(1.7,-1.2)d=0.7"
1712,1776104681.742632,0.2281,3131,13725,0.182749,1.633,-0.445,1.247,7,0.107,786,0,0,"go(1.7,-0.1)d=0.6"
1713,1776104683.7575376,0.2281,3131,13725,0.182749,1.671,-0.708,1.24,7,0.178,786,0,0,"go(1.7,-1.2)d=0.8"
1714,1776104685.7713032,0.2281,3131,13725,0.182749,1.656,-1.165,1.286,7,0.076,786,0,0,"go(1.7,-1.2)d=0.5"
1715,1776104687.7839925,0.2281,3131,13725,0.182749,1.62,-0.855,1.327,7,0.244,786,0,0,"go(1.7,-0.5)d=0.6"
1716,1776104689.7935264,0.2281,3131,13725,0.182749,1.709,-0.4,1.31,7,0.132,786,0,0,"go(1.7,-0.1)d=0.7"
1717,1776104691.8018806,0.2281,3131,13725,0.182749,1.751,-0.617,1.329,7,0.101,786,0,0,"go(1.7,-1.2)d=0.8"
1718,1776104693.8208718,0.2281,3131,13725,0.182749,1.722,-1.074,1.356,7,0.134,786,0,0,"go(1.7,-1.2)d=0.6"
1719,1776104695.8416994,0.2281,3131,13725,0.182749,1.657,-0.72,1.411,7,0.193,786,0,0,"go(1.7,-0.5)d=0.5"
1720,1776104698.857801,0.2281,3131,13725,0.182749,1.648,-0.937,1.35,7,0.184,786,0,0,"go(1.7,-1.2)d=0.7"
1721,1776104700.8645074,0.2281,3131,13725,0.182749,1.663,-0.661,1.39,7,0.134,786,0,0,"go(1.7,-0.1)d=0.8"
1722,1776104702.8731642,0.2281,3131,13725,0.182749,1.678,-1.031,1.359,7,0.153,786,0,0,"go(1.7,-1.2)d=0.6"
1723,1776104704.8809395,0.2281,3131,13725,0.182749,1.742,-0.851,1.365,7,0.16,786,0,0,"go(1.7,-0.5)d=0.5"
1724,1776104706.89414,0.2281,3131,13725,0.182749,1.67,-0.397,1.393,7,0.136,786,0,0,"go(1.7,-0.1)d=0.7"
1725,1776104708.9050364,0.2281,3131,13725,0.182749,1.749,-0.738,1.389,7,0.213,786,0,0,"go(1.7,-1.2)d=0.8"
1726,1776104710.911517,0.2281,3131,13725,0.182749,1.681,-0.463,1.377,7,0.07,786,0,0,"go(1.7,-0.1)d=0.6"
1727,1776104712.917414,0.2281,3131,13725,0.182749,1.689,-0.809,1.369,7,0.224,786,0,0,"go(1.7,-1.2)d=0.8"
1728,1776104714.9267838,0.2281,3131,13725,0.182749,1.741,-0.568,1.312,7,0.058,786,0,0,"go(1.7,-0.1)d=0.7"
1729,1776104716.9370303,0.2281,3131,13725,0.182749,1.708,-0.881,1.345,7,0.158,786,0,0,"go(1.7,-1.2)d=0.7"
1730,1776104718.9574094,0.2281,3131,13725,0.182749,1.666,-0.608,1.35,7,0.082,786,0,0,"go(1.7,-0.1)d=0.8"
1731,1776104720.9737194,0.2281,3131,13725,0.182749,1.667,-0.844,1.278,7,0.214,786,0,0,"go(1.7,-1.2)d=0.6"
1732,1776104722.9955425,0.2281,3131,13725,0.182749,1.673,-0.569,1.322,7,0.045,786,0,0,"go(1.7,-0.1)d=0.7"
1733,1776104725.006976,0.2281,3131,13725,0.182749,1.608,-0.86,1.324,7,0.252,786,0,0,"go(1.7,-1.2)d=0.7"
1734,1776104727.0200415,0.2281,3131,13725,0.182749,1.674,-0.601,1.317,7,0.074,786,0,0,"go(1.7,-0.1)d=0.7"
1735,1776104729.0337977,0.2281,3131,13725,0.182749,1.712,-0.957,1.336,7,0.117,786,0,0,"go(1.7,-1.2)d=0.6"
1736,1776104731.04611,0.2281,3131,13725,0.182749,1.646,-0.644,1.371,7,0.123,786,0,0,"go(1.7,-0.1)d=0.8"
1737,1776104733.0660753,0.2281,3131,13725,0.182749,1.613,-0.915,1.396,7,0.224,786,0,0,"go(1.7,-1.2)d=0.6"
1738,1776104735.0813427,0.2281,3131,13725,0.182749,1.614,-0.541,1.411,7,0.084,786,0,0,"go(1.7,-0.1)d=0.8"
1739,1776104739.1006072,0.2281,3131,13725,0.182749,1.639,-0.795,1.407,7,0.268,786,0,0,"go(1.7,-1.2)d=0.8"
1740,1776104743.114273,0.2281,3131,13725,0.182749,1.618,-0.512,1.412,7,0.081,786,0,0,"go(1.7,-0.1)d=0.7"
1741,1776104745.322788,0.2281,3131,13725,0.182749,1.645,-0.709,1.38,7,0.185,786,0,0,"go(1.7,-1.2)d=0.8"
1742,1776104747.3305962,0.2281,3131,13725,0.182749,1.672,-1.139,1.363,7,0.091,786,0,0,"go(1.7,-1.2)d=0.5"
1743,1776104749.3455358,0.2281,3131,13725,0.182749,1.581,-0.78,1.339,7,0.275,786,0,0,"go(1.7,-0.5)d=0.6"
1744,1776104751.3530877,0.2281,3131,13725,0.182749,1.619,-0.317,1.342,7,0.2,786,0,0,"go(1.7,-0.1)d=0.7"
1745,1776104753.367967,0.2281,3131,13725,0.182749,1.655,-0.576,1.318,7,0.061,786,0,0,"go(1.7,-1.2)d=0.9"
1746,1776104755.3791556,0.2281,3131,13725,0.182749,1.695,-1.026,1.263,7,0.136,786,0,0,"go(1.7,-1.2)d=0.7"
1747,1776104757.394437,0.2281,3131,13725,0.182749,1.67,-0.632,1.265,7,0.104,786,0,0,"go(1.7,-0.1)d=0.9"
1748,1776104759.4068294,0.2281,3131,13725,0.182749,1.66,-0.855,1.231,7,0.212,786,0,0,"go(1.7,-1.2)d=0.6"
1749,1776104761.4169981,0.2281,3131,13725,0.182749,1.619,-0.583,1.238,7,0.093,786,0,0,"go(1.7,-0.1)d=0.7"
1750,1776104763.4389417,0.2281,3131,13725,0.182749,1.706,-0.849,1.205,7,0.183,786,0,0,"go(1.7,-1.2)d=0.6"
1751,1776104765.4529262,0.2281,3131,13725,0.182749,1.681,-0.62,1.2,7,0.091,786,0,0,"go(1.7,-0.1)d=0.7"
1752,1776104767.472699,0.2281,3131,13725,0.182749,1.698,-0.914,1.244,7,0.147,786,0,0,"go(1.7,-1.2)d=0.6"
1753,1776104769.482838,0.2281,3131,13725,0.182749,1.676,-0.697,1.206,7,0.167,786,0,0,"go(1.7,-0.1)d=0.8"
1754,1776104771.4926746,0.2281,3131,13725,0.182749,1.645,-0.896,1.184,7,0.203,786,0,0,"go(1.7,-1.2)d=0.5"
1755,1776104773.5079353,0.2281,3131,13725,0.182749,1.607,-0.608,1.212,7,0.118,786,0,0,"go(1.7,-0.1)d=0.8"
1756,1776104775.519789,0.2281,3131,13725,0.182749,1.624,-0.933,1.149,7,0.209,786,0,0,"go(1.7,-1.2)d=0.6"
1757,1776104777.5415547,0.2281,3131,13725,0.182749,1.712,-0.703,1.225,7,0.172,786,0,0,"go(1.7,-0.1)d=0.8"
1758,1776104779.5493603,0.2281,3131,13725,0.182749,1.734,-0.956,1.199,7,0.096,786,0,0,"go(1.7,-1.2)d=0.5"
1759,1776104781.557657,0.2281,3131,13725,0.182749,1.642,-0.697,1.218,7,0.174,786,0,0,"go(1.7,-0.1)d=0.8"
1760,1776104783.5715296,0.2281,3131,13725,0.182749,1.646,-0.858,1.241,7,0.221,786,0,0,"go(1.7,-1.2)d=0.5"
1761,1776104785.5858696,0.2281,3131,13725,0.182749,1.73,-0.59,1.238,7,0.067,786,0,0,"go(1.7,-0.1)d=0.7"
1762,1776104787.6011345,0.2281,3131,13725,0.182749,1.691,-0.754,1.204,7,0.222,786,0,0,"go(1.7,-1.2)d=0.6"
1763,1776104789.6156592,0.2281,3131,13725,0.182749,1.686,-0.503,1.197,7,0.03,786,0,0,"go(1.7,-0.1)d=0.6"
1764,1776104791.6267958,0.2281,3131,13725,0.182749,1.696,-0.772,1.218,7,0.241,786,0,0,"go(1.7,-1.2)d=0.7"
1765,1776104793.6409366,0.2281,3131,13725,0.182749,1.665,-0.524,1.199,7,0.033,786,0,0,"go(1.7,-0.1)d=0.6"
1766,1776104795.6552432,0.2281,3131,13725,0.182749,1.674,-0.749,1.208,7,0.219,786,0,0,"go(1.7,-1.2)d=0.7"
1767,1776104797.6727676,0.2281,3131,13725,0.182749,1.591,-0.574,1.214,7,0.115,786,0,0,"go(1.7,-0.1)d=0.6"
1768,1776104799.6867297,0.2281,3131,13725,0.182749,1.657,-0.898,1.185,7,0.19,786,0,0,"go(1.7,-1.2)d=0.7"
1769,1776104801.6953917,0.2281,3131,13725,0.182749,1.643,-0.688,1.169,7,0.166,786,0,0,"go(1.7,-0.1)d=0.8"
1770,1776104803.706694,0.2281,3131,13725,0.182749,1.685,-0.968,1.238,7,0.141,786,0,0,"go(1.7,-1.2)d=0.5"
1771,1776104805.7162921,0.2281,3131,13725,0.182749,1.69,-0.698,1.237,7,0.167,786,0,0,"go(1.7,-0.1)d=0.8"
1772,1776104807.7244034,0.2281,3131,13725,0.182749,1.737,-0.91,1.162,7,0.118,786,0,0,"go(1.7,-1.2)d=0.5"
1773,1776104809.7333097,0.2281,3131,13725,0.182749,1.737,-0.559,1.194,7,0.049,786,0,0,"go(1.7,-0.1)d=0.8"
1774,1776104811.747524,0.2281,3131,13725,0.182749,1.71,-0.822,1.141,7,0.202,786,0,0,"go(1.7,-1.2)d=0.7"
1775,1776104813.7579088,0.2281,3131,13725,0.182749,1.657,-0.484,1.164,7,0.062,786,0,0,"go(1.7,-0.1)d=0.7"
1776,1776104815.766815,0.2281,3131,13725,0.182749,1.717,-0.757,1.091,7,0.226,786,0,0,"go(1.7,-1.2)d=0.7"
1777,1776104817.7966428,0.2281,3131,13725,0.182749,1.689,-0.56,1.17,7,0.03,786,0,0,"go(1.7,-0.1)d=0.6"
1778,1776104819.8138258,0.2281,3131,13725,0.182749,1.703,-0.766,1.194,7,0.234,786,0,0,"go(1.7,-1.2)d=0.7"
1779,1776104821.8266308,0.2281,3131,13725,0.182749,1.696,-0.515,1.121,7,0.017,786,0,0,"go(1.7,-0.1)d=0.6"
1780,1776104823.8445873,0.2281,3131,13725,0.182749,1.709,-0.807,1.147,7,0.215,786,0,0,"go(1.7,-1.2)d=0.7"
1781,1776104825.858389,0.2281,3131,13725,0.182749,1.665,-0.557,1.175,7,0.041,786,0,0,"go(1.7,-0.1)d=0.7"
1782,1776104827.8671355,0.2281,3131,13725,0.182749,1.662,-0.834,1.236,7,0.224,786,0,0,"go(1.7,-1.2)d=0.7"
1783,1776104829.8780887,0.2281,3131,13725,0.182749,1.682,-0.567,1.254,7,0.039,786,0,0,"go(1.7,-0.1)d=0.7"
1784,1776104831.8866017,0.2281,3131,13725,0.182749,1.719,-0.84,1.272,7,0.181,786,0,0,"go(1.7,-1.2)d=0.7"
1785,1776104833.900095,0.2281,3131,13725,0.182749,1.684,-0.635,1.259,7,0.105,786,0,0,"go(1.7,-0.1)d=0.7"
1786,1776104835.9099295,0.2281,3131,13725,0.182749,1.605,-0.902,1.246,7,0.237,786,0,0,"go(1.7,-1.2)d=0.6"
1787,1776104837.9251447,0.2281,3131,13725,0.182749,1.636,-0.664,1.287,7,0.146,786,0,0,"go(1.7,-0.1)d=0.8"
1788,1776104839.933162,0.2281,3131,13725,0.182749,1.63,-0.936,1.254,7,0.201,786,0,0,"go(1.7,-1.2)d=0.6"
1789,1776104841.9428031,0.2281,3131,13725,0.182749,1.671,-0.652,1.314,7,0.123,786,0,0,"go(1.7,-0.1)d=0.8"
1790,1776104843.9535549,0.2281,3131,13725,0.182749,1.635,-0.909,1.299,7,0.206,786,0,0,"go(1.7,-1.2)d=0.6"
1791,1776104845.9698672,0.2281,3131,13725,0.182749,1.711,-0.708,1.31,7,0.178,786,0,0,"go(1.7,-0.1)d=0.8"
1792,1776104847.983657,0.2281,3131,13725,0.182749,1.704,-0.888,1.314,7,0.156,786,0,0,"go(1.7,-1.2)d=0.5"
1793,1776104849.992307,0.2281,3131,13725,0.182749,1.66,-0.681,1.3,7,0.154,786,0,0,"go(1.7,-0.1)d=0.8"
1794,1776104852.002665,0.2281,3131,13725,0.182749,1.671,-0.973,1.288,7,0.155,786,0,0,"go(1.7,-1.2)d=0.5"
1795,1776104854.0120423,0.2281,3131,13725,0.182749,1.696,-0.662,1.303,7,0.131,786,0,0,"go(1.7,-0.1)d=0.8"
1796,1776104856.0271235,0.2281,3131,13725,0.182749,1.643,-0.917,1.301,7,0.195,786,0,0,"go(1.7,-1.2)d=0.6"
1797,1776104858.0381858,0.2281,3131,13725,0.182749,1.644,-0.605,1.293,7,0.091,786,0,0,"go(1.7,-0.1)d=0.8"
1798,1776104860.046355,0.2281,3131,13725,0.182749,1.623,-0.898,1.271,7,0.221,786,0,0,"go(1.7,-1.2)d=0.6"
1799,1776104862.0630734,0.2281,3131,13725,0.182749,1.731,-0.612,1.236,7,0.088,786,0,0,"go(1.7,-0.1)d=0.8"
1800,1776104864.070443,0.2281,3131,13725,0.182749,1.682,-0.947,1.23,7,0.148,786,0,0,"go(1.7,-1.2)d=0.6"
1801,1776104866.0773456,0.2281,3131,13725,0.182749,1.741,-0.617,1.281,7,0.096,786,0,0,"go(1.7,-0.1)d=0.8"
1802,1776104868.0863585,0.2281,3131,13725,0.182749,1.725,-0.829,1.243,7,0.188,786,0,0,"go(1.7,-1.2)d=0.6"
1803,1776104870.093823,0.2281,3131,13725,0.182749,1.753,-0.529,1.227,7,0.056,786,0,0,"go(1.7,-0.1)d=0.7"
1804,1776104872.1004374,0.2281,3131,13725,0.182749,1.67,-0.795,1.222,7,0.247,786,0,0,"go(1.7,-1.2)d=0.7"
1805,1776104874.1076133,0.2281,3131,13725,0.182749,1.717,-0.505,1.198,7,0.033,786,0,0,"go(1.7,-0.1)d=0.7"
1806,1776104876.1208167,0.2281,3131,13725,0.182749,1.667,-0.7,1.186,7,0.172,786,0,0,"go(1.7,-1.2)d=0.7"
1807,1776104878.1286185,0.2281,3131,13725,0.182749,1.629,-1.274,1.175,7,0.088,786,0,0,"go(1.7,-1.2)d=0.5"
1808,1776104880.1412513,0.2281,3131,13725,0.182749,1.669,-0.836,1.152,7,0.218,786,0,0,"go(1.7,-0.5)d=0.7"
1809,1776104882.1508784,0.2281,3131,13725,0.182749,1.696,-0.388,1.106,7,0.144,786,0,0,"go(1.7,-0.1)d=0.7"
1810,1776104884.1590595,0.2281,3131,13725,0.182749,1.737,-0.718,1.104,7,0.191,786,0,0,"go(1.7,-1.2)d=0.8"
1811,1776104886.1651747,0.2281,3131,13725,0.182749,1.697,-1.182,1.054,7,0.043,786,0,0,"go(1.7,-1.2)d=0.5"
1812,1776104888.174856,0.2281,3131,13725,0.182749,1.784,-0.986,1.052,7,0.041,786,0,0,"go(1.7,-0.5)d=0.7"
1813,1776104890.1830192,0.2281,3131,13725,0.182749,1.747,-0.513,1.038,7,0.054,786,0,0,"go(1.7,-0.1)d=0.9"
1814,1776104892.190438,0.2281,3131,13725,0.182749,1.725,-0.845,0.964,7,0.174,786,0,0,"go(1.7,-1.2)d=0.7"
1815,1776104896.2015913,0.2281,3131,13725,0.182749,1.653,-0.527,0.987,7,0.044,786,0,0,"go(1.7,-0.1)d=0.8"
1816,1776104899.013547,0.2281,3131,13725,0.182749,1.628,-0.812,0.943,7,0.264,786,0,0,"go(1.7,-1.2)d=0.8"
1817,1776104903.0334475,0.2281,3131,13725,0.182749,1.593,-0.502,0.972,7,0.108,786,0,0,"go(1.7,-0.1)d=0.8"
1818,1776104907.0576775,0.2281,3131,13725,0.182749,1.612,-0.881,0.84,7,0.238,786,0,0,"go(1.7,-1.2)d=0.8"
1819,1776104911.0763986,0.2281,3131,13725,0.182749,1.686,-0.514,0.865,7,0.021,786,0,0,"go(1.7,-0.1)d=0.8"
1820,1776104915.095518,0.2281,3131,13725,0.182749,1.724,-0.823,0.867,7,0.194,786,0,0,"go(1.7,-1.2)d=0.8"
1821,1776104919.1158466,0.2281,3131,13725,0.182749,1.757,-0.579,0.9,7,0.077,786,0,0,"go(1.7,-0.1)d=0.8"
1822,1776104923.1448574,0.2281,3131,13725,0.182749,1.693,-0.893,0.834,7,0.162,786,0,0,"go(1.7,-1.2)d=0.7"
1823,1776104927.170645,0.2281,3131,13725,0.182749,1.667,-0.498,0.873,7,0.045,786,0,0,"go(1.7,-0.1)d=0.8"
1824,1776104931.1938007,0.2281,3131,13725,0.182749,1.656,-0.917,0.907,7,0.183,786,0,0,"go(1.7,-1.2)d=0.7"
1825,1776104935.2051687,0.2281,3131,13725,0.182749,1.645,-0.632,0.889,7,0.113,786,0,0,"go(1.7,-0.1)d=0.8"
1826,1776104939.2284002,0.2281,3131,13725,0.182749,1.666,-0.905,0.919,7,0.179,786,0,0,"go(1.7,-1.2)d=0.6"
1827,1776104943.2531252,0.2281,3131,13725,0.182749,1.705,-0.617,0.992,7,0.086,786,0,0,"go(1.7,-0.1)d=0.9"
1828,1776104947.2730248,0.2281,3131,13725,0.182749,1.673,-0.971,0.93,7,0.153,786,0,0,"go(1.7,-1.2)d=0.6"
1829,1776104951.2961037,0.2281,3131,13725,0.182749,1.654,-0.566,0.99,7,0.056,786,0,0,"go(1.7,-0.1)d=0.8"
1830,1776104955.112411,0.2281,3131,13725,0.182749,1.656,-0.959,0.975,7,0.171,786,0,0,"go(1.7,-1.2)d=0.7"
1831,1776104959.1361783,0.2281,3131,13725,0.182749,1.597,-0.578,0.94,7,0.11,786,0,0,"go(1.7,-0.5)d=0.5"
1832,1776104963.1479342,0.2281,3131,13725,0.182749,1.635,-0.773,0.947,7,0.249,786,0,0,"go(1.7,-1.2)d=0.7"
1833,1776104967.170484,0.2281,3131,13725,0.182749,1.585,-0.458,0.96,7,0.134,786,0,0,"go(1.7,-0.1)d=0.7"
1834,1776104971.1854863,0.2281,3131,13725,0.182749,1.602,-0.819,0.938,7,0.28,786,0,0,"go(1.7,-1.2)d=0.8"
1835,1776104975.2047684,0.2281,3131,13725,0.182749,1.58,-0.759,1.007,7,0.256,786,0,0,"go(1.7,-0.1)d=0.8"
1836,1776104977.2127128,0.2281,3131,13725,0.182749,1.757,-0.694,1.074,7,0.174,786,0,0,"go(1.7,-0.1)d=0.6"
1837,1776104979.2205734,0.2281,3131,13725,0.182749,1.727,-0.65,0.95,7,0.122,786,0,0,"go(1.7,-1.2)d=0.5"
1838,1776104983.0331213,0.2281,3131,13725,0.182749,1.73,-0.69,1.052,7,0.162,786,0,0,"go(1.7,-1.2)d=0.5"
1839,1776104985.0462937,0.2281,3131,13725,0.182749,1.711,-0.734,0.995,7,0.204,786,0,0,"go(1.7,-1.2)d=0.5"
1840,1776104989.0667837,0.2281,3131,13725,0.182749,1.686,-0.764,0.945,7,0.233,786,0,0,"go(1.7,-0.1)d=0.7"
1841,1776104992.4837353,0.2281,3131,13725,0.182749,1.66,-0.704,1.022,7,0.176,786,0,0,"go(1.7,-1.2)d=0.5"
1842,1776104994.4947069,0.2281,3131,13725,0.182749,1.708,-0.745,1.052,7,0.214,786,0,0,"go(1.7,-1.2)d=0.5"
1843,1776104996.5054398,0.2281,3131,13725,0.182749,1.73,-0.77,1.013,7,0.237,786,0,0,"go(1.7,-0.1)d=0.6"
1844,1776104998.5167117,0.2281,3131,13725,0.182749,1.642,-0.767,1.066,7,0.242,786,0,0,"go(1.7,-0.1)d=0.6"
1845,1776105000.5256546,0.2281,3131,13725,0.182749,1.669,-0.803,1.115,7,0.242,786,0,0,"go(1.7,-0.1)d=0.6"
1846,1776105002.54738,0.2281,3131,13725,0.182749,1.667,-0.827,1.075,7,0.225,786,0,0,"go(1.7,-0.1)d=0.7"
1847,1776105004.558597,0.2281,3131,13725,0.182749,1.665,-0.827,0.978,7,0.227,786,0,0,"go(1.7,-0.1)d=0.7"
1848,1776105008.584844,0.2281,3131,13725,0.182749,1.653,-0.809,0.949,7,0.248,786,0,0,"go(1.7,-0.1)d=0.7"
1849,1776105012.6009302,0.2281,3131,13725,0.182749,1.666,-0.754,0.868,7,0.225,786,0,0,"go(1.7,-0.1)d=0.6"
1850,1776105016.6168897,0.2281,3131,13725,0.182749,1.702,-0.823,0.91,7,0.205,786,0,0,"go(1.7,-0.1)d=0.6"
1851,1776105020.642399,0.2281,3131,13725,0.182749,1.745,-0.749,0.932,7,0.223,786,0,0,"go(1.7,-0.1)d=0.7"
1852,1776105024.6641905,0.2281,3131,13725,0.182749,1.713,-0.702,0.939,7,0.171,786,0,0,"go(1.7,-0.1)d=0.6"
1853,1776105028.685072,0.2281,3131,13725,0.182749,1.622,-0.764,0.776,7,0.244,786,0,0,"go(1.7,-1.2)d=0.5"
1854,1776105032.7049072,0.2281,3131,13725,0.182749,1.639,-0.781,0.714,7,0.257,786,0,0,"go(1.7,-0.1)d=0.7"
1855,1776105036.7269912,0.2281,3131,13725,0.182749,1.618,-0.584,0.518,7,0.095,786,0,0,"go(1.7,-0.1)d=0.7"
1856,1776105040.7473214,0.2281,3131,13725,0.182749,1.614,-0.488,0.506,7,0.094,786,0,0,"go(1.7,-1.2)d=0.7"
1857,1776105044.7720296,0.2281,3131,13725,0.182749,1.747,-0.723,0.506,7,0.198,786,0,0,"go(1.7,-1.2)d=0.8"
1858,1776105048.789943,0.2281,3131,13725,0.182749,1.971,-0.872,0.983,7,0.186,786,0,0,"go(1.7,-1.2)d=0.7"
1859,1776105052.8054214,0.2281,3131,13725,0.182749,1.824,-0.727,1.006,7,0.233,786,0,0,"go(1.7,-0.5)d=0.6"
1860,1776105054.8164766,0.2281,3131,13725,0.182749,1.769,-1.097,1.012,7,0.123,786,0,0,"go(1.7,-1.2)d=0.5"
1861,1776105056.8282773,0.2281,3131,13725,0.182749,1.714,-0.791,1.063,7,0.225,786,0,0,"go(1.7,-0.5)d=0.6"
1862,1776105058.8507106,0.2281,3131,13725,0.182749,1.754,-0.267,1.106,7,0.149,786,0,0,"go(1.7,-0.1)d=0.7"
1863,1776105060.8640587,0.2281,3131,13725,0.182749,1.773,-0.515,1.08,7,0.077,786,0,0,"go(1.7,-1.2)d=1.0"
1864,1776105062.8727083,0.2281,3131,13725,0.182749,1.792,-0.867,1.116,7,0.125,786,0,0,"go(1.7,-1.2)d=0.7"
1865,1776105064.8857625,0.2281,3131,13725,0.182749,1.787,-0.543,1.17,7,0.091,786,0,0,"go(1.7,-0.1)d=0.7"
1866,1776105066.9005442,0.2281,3131,13725,0.182749,1.751,-0.855,1.15,7,0.152,786,0,0,"go(1.7,-1.2)d=0.7"
1867,1776105068.909438,0.2281,3131,13725,0.182749,1.719,-0.584,1.138,7,0.058,786,0,0,"go(1.7,-0.1)d=0.7"
1868,1776105070.9178686,0.2281,3131,13725,0.182749,1.757,-0.856,1.143,7,0.148,786,0,0,"go(1.7,-1.2)d=0.6"
1869,1776105072.9249465,0.2281,3131,13725,0.182749,1.662,-0.644,1.148,7,0.118,786,0,0,"go(1.7,-0.1)d=0.7"
1870,1776105074.9338286,0.2281,3131,13725,0.182749,1.77,-0.811,1.117,7,0.184,786,0,0,"go(1.7,-1.2)d=0.6"
1871,1776105076.942963,0.2281,3131,13725,0.182749,1.724,-0.539,1.127,7,0.028,786,0,0,"go(1.7,-0.1)d=0.7"
1872,1776105078.955663,0.2281,3131,13725,0.182749,1.714,-0.77,1.142,7,0.239,786,0,0,"go(1.7,-1.2)d=0.7"
1873,1776105080.9780176,0.2281,3131,13725,0.182749,1.699,-0.618,1.118,7,0.087,786,0,0,"go(1.7,-0.1)d=0.7"
1874,1776105082.9925408,0.2281,3131,13725,0.182749,1.736,-0.903,1.147,7,0.123,786,0,0,"go(1.7,-1.2)d=0.6"
1875,1776105085.0069606,0.2281,3131,13725,0.182749,1.694,-0.642,1.127,7,0.111,786,0,0,"go(1.7,-0.1)d=0.8"
1876,1776105087.0166411,0.2281,3131,13725,0.182749,1.75,-0.947,1.107,7,0.086,786,0,0,"go(1.7,-1.2)d=0.6"
1877,1776105089.024855,0.2281,3131,13725,0.182749,1.694,-0.713,1.117,7,0.182,786,0,0,"go(1.7,-0.1)d=0.8"
1878,1776105091.0323281,0.2281,3131,13725,0.182749,1.636,-0.974,1.103,7,0.19,786,0,0,"go(1.7,-1.2)d=0.5"
1879,1776105093.0398712,0.2281,3131,13725,0.182749,1.735,-0.723,1.079,7,0.195,786,0,0,"go(1.7,-0.1)d=0.8"
1880,1776105095.0491257,0.2281,3131,13725,0.182749,1.718,-0.905,1.145,7,0.135,786,0,0,"go(1.7,-1.2)d=0.5"
1881,1776105097.0625546,0.2281,3131,13725,0.182749,1.742,-0.706,1.163,7,0.18,786,0,0,"go(1.7,-0.1)d=0.8"
1882,1776105099.074102,0.2281,3131,13725,0.182749,1.713,-0.92,1.221,7,0.131,786,0,0,"go(1.7,-1.2)d=0.5"
1883,1776105101.084002,0.2281,3131,13725,0.182749,1.647,-0.643,1.2,7,0.122,786,0,0,"go(1.7,-0.1)d=0.8"
1884,1776105103.0947897,0.2281,3131,13725,0.182749,1.704,-0.958,1.213,7,0.125,786,0,0,"go(1.7,-1.2)d=0.6"
1885,1776105105.1148086,0.2281,3131,13725,0.182749,1.73,-0.683,1.206,7,0.155,786,0,0,"go(1.7,-0.1)d=0.8"
1886,1776105107.1310205,0.2281,3131,13725,0.182749,1.667,-0.973,1.243,7,0.159,786,0,0,"go(1.7,-1.2)d=0.5"
1887,1776105109.146806,0.2281,3131,13725,0.182749,1.709,-0.665,1.247,7,0.135,786,0,0,"go(1.7,-0.1)d=0.8"
1888,1776105111.1566956,0.2281,3131,13725,0.182749,1.744,-0.945,1.184,7,0.092,786,0,0,"go(1.7,-1.2)d=0.6"
1889,1776105113.1682873,0.2281,3131,13725,0.182749,1.699,-0.626,1.238,7,0.095,786,0,0,"go(1.7,-0.1)d=0.8"
1890,1776105115.176209,0.2281,3131,13725,0.182749,1.813,-0.937,1.228,7,0.052,786,0,0,"go(1.7,-1.2)d=0.6"
1891,1776105117.1889899,0.2281,3131,13725,0.182749,1.765,-0.635,1.31,7,0.124,786,0,0,"go(1.7,-0.1)d=0.8"
1892,1776105119.1977246,0.2281,3131,13725,0.182749,1.751,-0.879,1.254,7,0.131,786,0,0,"go(1.7,-1.2)d=0.6"
1893,1776105121.2047105,0.2281,3131,13725,0.182749,1.721,-0.668,1.262,7,0.139,786,0,0,"go(1.7,-0.1)d=0.8"
1894,1776105123.2159774,0.2281,3131,13725,0.182749,1.686,-0.888,1.329,7,0.171,786,0,0,"go(1.7,-1.2)d=0.6"
1895,1776105125.2291906,0.2281,3131,13725,0.182749,1.697,-0.536,1.264,7,0.005,786,0,0,"go(1.7,-0.1)d=0.8"
1896,1776105127.237802,0.2281,3131,13725,0.182749,1.713,-0.734,1.291,7,0.203,786,0,0,"go(1.7,-1.2)d=0.7"
1897,1776105129.2450995,0.2281,3131,13725,0.182749,1.736,-0.387,1.292,7,0.149,786,0,0,"go(1.7,-0.1)d=0.6"
1898,1776105131.2531137,0.2281,3131,13725,0.182749,1.688,-0.578,1.254,7,0.048,786,0,0,"go(1.7,-1.2)d=0.8"
1899,1776105133.260591,0.2281,3131,13725,0.182749,1.69,-1.008,1.217,7,0.137,786,0,0,"go(1.7,-1.2)d=0.6"
1900,1776105135.2701037,0.2281,3131,13725,0.182749,1.588,-0.73,1.222,7,0.227,786,0,0,"go(1.7,-0.1)d=0.9"
1901,1776105137.2921016,0.2281,3131,13725,0.182749,1.696,-1.033,1.16,7,0.137,786,0,0,"go(1.7,-1.2)d=0.5"
1902,1776105139.3113708,0.2281,3131,13725,0.182749,1.739,-0.693,1.205,7,0.167,786,0,0,"go(1.7,-0.5)d=0.5"
1903,1776105141.325185,0.2281,3131,13725,0.182749,1.709,-0.924,1.168,7,0.132,786,0,0,"go(1.7,-1.2)d=0.5"
1904,1776105143.3344383,0.2281,3131,13725,0.182749,1.719,-0.679,1.125,7,0.149,786,0,0,"go(1.7,-0.1)d=0.8"
1905,1776105145.3474257,0.2281,3131,13725,0.182749,1.708,-0.929,1.118,7,0.131,786,0,0,"go(1.7,-1.2)d=0.6"
1906,1776105147.355731,0.2281,3131,13725,0.182749,1.668,-0.571,1.126,7,0.049,786,0,0,"go(1.7,-0.1)d=0.8"
1907,1776105149.3675964,0.2281,3131,13725,0.182749,1.691,-0.694,1.136,7,0.163,786,0,0,"go(1.7,-1.2)d=0.7"
1908,1776105151.3852947,0.2281,3131,13725,0.182749,1.718,-1.158,1.088,7,0.069,786,0,0,"go(1.7,-1.2)d=0.5"
1909,1776105153.3968697,0.2281,3131,13725,0.182749,1.666,-0.854,1.094,7,0.208,786,0,0,"go(1.7,-0.5)d=0.6"
1910,1776105155.4077578,0.2281,3131,13725,0.182749,1.684,-0.459,1.057,7,0.073,786,0,0,"go(1.7,-0.1)d=0.7"
1911,1776105157.4198246,0.2281,3131,13725,0.182749,1.711,-0.769,1.03,7,0.238,786,0,0,"go(1.7,-1.2)d=0.8"
1912,1776105159.4370039,0.2281,3131,13725,0.182749,1.676,-0.436,1.025,7,0.098,786,0,0,"go(1.7,-0.1)d=0.6"
1913,1776105161.4563203,0.2281,3131,13725,0.182749,1.702,-0.715,1.039,7,0.183,786,0,0,"go(1.7,-1.2)d=0.8"
1914,1776105163.4685626,0.2281,3131,13725,0.182749,1.755,-1.175,1.066,7,0.074,786,0,0,"go(1.7,-1.2)d=0.5"
1915,1776105165.485735,0.2281,3131,13725,0.182749,1.751,-0.822,1.104,7,0.182,786,0,0,"go(1.7,-0.5)d=0.6"
1916,1776105167.499007,0.2281,3131,13725,0.182749,1.685,-0.367,1.118,7,0.165,786,0,0,"go(1.7,-0.1)d=0.7"
1917,1776105169.5084233,0.2281,3131,13725,0.182749,1.676,-0.762,1.121,7,0.232,786,0,0,"go(1.7,-1.2)d=0.9"
1918,1776105171.5167825,0.2281,3131,13725,0.182749,1.653,-0.443,1.135,7,0.098,786,0,0,"go(1.7,-0.1)d=0.6"
1919,1776105173.5293586,0.2281,3131,13725,0.182749,1.673,-0.709,1.152,7,0.179,786,0,0,"go(1.7,-1.2)d=0.8"
1920,1776105175.543542,0.2281,3131,13725,0.182749,1.72,-1.111,1.166,7,0.116,786,0,0,"go(1.7,-1.2)d=0.5"
1921,1776105177.5647025,0.2281,3131,13725,0.182749,1.739,-0.707,1.153,7,0.181,786,0,0,"go(1.7,-0.5)d=0.6"
1922,1776105179.5816221,0.2281,3131,13725,0.182749,1.743,-0.933,1.154,7,0.098,786,0,0,"go(1.7,-1.2)d=0.5"
1923,1776105181.5948565,0.2281,3131,13725,0.182749,1.704,-0.68,1.163,7,0.149,786,0,0,"go(1.7,-0.1)d=0.8"
1924,1776105183.6070879,0.2281,3131,13725,0.182749,1.736,-0.877,1.144,7,0.141,786,0,0,"go(1.7,-1.2)d=0.5"
1925,1776105185.6286557,0.2281,3131,13725,0.182749,1.721,-0.574,1.086,7,0.049,786,0,0,"go(1.7,-0.1)d=0.8"
1926,1776105187.6415763,0.2281,3131,13725,0.182749,1.736,-0.896,1.098,7,0.127,786,0,0,"go(1.7,-1.2)d=0.7"
1927,1776105189.6494222,0.2281,3131,13725,0.182749,1.653,-0.755,1.133,7,0.228,786,0,0,"go(1.7,-0.1)d=0.8"
1928,1776105191.6601536,0.2281,3131,13725,0.182749,1.653,-0.371,1.145,7,0.166,786,0,0,"go(1.7,-0.1)d=0.6"
1929,1776105193.6695788,0.2281,3131,13725,0.182749,1.666,-0.62,1.125,7,0.094,786,0,0,"go(1.7,-1.2)d=0.9"
1930,1776105195.6864212,0.2281,3131,13725,0.182749,1.696,-1.003,1.206,7,0.13,786,0,0,"go(1.7,-1.2)d=0.6"
1931,1776105197.6949892,0.2281,3131,13725,0.182749,1.693,-0.889,1.221,7,0.165,786,0,0,"go(1.7,-0.1)d=0.9"
1932,1776105199.707787,0.2281,3131,13725,0.182749,1.683,-0.474,1.185,7,0.059,786,0,0,"go(1.7,-0.1)d=0.8"
1933,1776105201.7272425,0.2281,3131,13725,0.182749,1.7,-0.532,1.171,7,0.003,786,0,0,"go(1.7,-1.2)d=0.8"
1934,1776105203.751883,0.2281,3131,13725,0.182749,1.659,-0.81,1.139,7,0.243,786,0,0,"go(1.7,-1.2)d=0.7"
1935,1776105205.7635388,0.2281,3131,13725,0.182749,1.698,-0.815,1.167,7,0.214,786,0,0,"go(1.7,-0.1)d=0.7"
1936,1776105207.7800455,0.2281,3131,13725,0.182749,1.649,-0.429,1.157,7,0.113,786,0,0,"go(1.7,-0.1)d=0.7"
1937,1776105209.7899284,0.2281,3131,13725,0.182749,1.595,-0.602,1.225,7,0.124,786,0,0,"go(1.7,-1.2)d=0.8"
1938,1776105211.7992258,0.2281,3131,13725,0.182749,1.697,-0.945,1.192,7,0.135,786,0,0,"go(1.7,-1.2)d=0.6"
1939,1776105213.809702,0.2281,3131,13725,0.182749,1.694,-0.81,1.213,7,0.221,786,0,0,"go(1.7,-0.1)d=0.8"
1940,1776105215.819626,0.2281,3131,13725,0.182749,1.713,-0.43,1.248,7,0.102,786,0,0,"go(1.7,-0.1)d=0.7"
1941,1776105217.8302567,0.2281,3131,13725,0.182749,1.717,-0.458,1.232,7,0.075,786,0,0,"go(1.7,-1.2)d=0.8"
1942,1776105219.8439596,0.2281,3131,13725,0.182749,1.733,-0.799,1.23,7,0.209,786,0,0,"go(1.7,-1.2)d=0.8"
1943,1776105221.8590918,0.2281,3131,13725,0.182749,1.7,-0.764,1.226,7,0.233,786,0,0,"go(1.7,-0.1)d=0.7"
1944,1776105223.871516,0.2281,3131,13725,0.182749,1.7,-0.319,1.191,7,0.187,786,0,0,"go(1.7,-0.1)d=0.6"
1945,1776105225.8890307,0.2281,3131,13725,0.182749,1.688,-0.35,1.227,7,0.181,786,0,0,"go(1.7,-1.2)d=0.9"
1946,1776105227.899286,0.2281,3131,13725,0.182749,1.665,-0.819,1.216,7,0.232,786,0,0,"go(1.7,-1.2)d=0.9"
1947,1776105229.9079516,0.2281,3131,13725,0.182749,1.715,-0.669,1.204,7,0.139,786,0,0,"go(1.7,-0.1)d=0.7"
1948,1776105231.915056,0.2281,3131,13725,0.182749,1.678,-0.648,1.194,7,0.118,786,0,0,"go(1.7,-1.2)d=0.6"
1949,1776105233.9251254,0.2281,3131,13725,0.182749,1.688,-1.053,1.177,7,0.152,786,0,0,"go(1.7,-1.2)d=0.6"
1950,1776105235.9385428,0.2281,3131,13725,0.182749,1.739,-0.961,1.14,7,0.09,786,0,0,"go(1.7,-0.5)d=0.5"
1951,1776105237.9579444,0.2281,3131,13725,0.182749,1.691,-0.623,1.131,7,0.092,786,0,0,"go(1.7,-0.1)d=0.8"
1952,1776105239.977212,0.2281,3131,13725,0.182749,1.755,-0.737,1.083,7,0.214,786,0,0,"go(1.7,-1.2)d=0.6"
1953,1776105241.9889028,0.2281,3131,13725,0.182749,1.788,-0.713,1.096,7,0.203,786,0,0,"go(1.7,-0.1)d=0.6"
1954,1776105243.9979281,0.2281,3131,13725,0.182749,1.776,-0.654,1.131,7,0.146,786,0,0,"go(1.7,-1.2)d=0.5"
1955,1776105246.0065558,0.2281,3131,13725,0.182749,1.704,-1.035,1.13,7,0.13,786,0,0,"go(1.7,-1.2)d=0.6"
1956,1776105248.0149112,0.2281,3131,13725,0.182749,1.723,-0.952,1.122,7,0.108,786,0,0,"go(1.7,-0.5)d=0.5"
1957,1776105250.026474,0.2281,3131,13725,0.182749,1.748,-0.492,1.143,7,0.065,786,0,0,"go(1.7,-0.1)d=0.8"
1958,1776105252.0419235,0.2281,3131,13725,0.182749,1.789,-0.597,1.097,7,0.114,786,0,0,"go(1.7,-1.2)d=0.7"
1959,1776105254.0498426,0.2281,3131,13725,0.182749,1.743,-0.959,1.118,7,0.087,786,0,0,"go(1.7,-1.2)d=0.6"
1960,1776105256.0611339,0.2281,3131,13725,0.182749,1.682,-0.885,1.106,7,0.176,786,0,0,"go(1.7,-0.1)d=0.8"
1961,1776105258.0785239,0.2281,3131,13725,0.182749,1.678,-0.461,1.095,7,0.072,786,0,0,"go(1.7,-0.1)d=0.8"
1962,1776105260.0899782,0.2281,3131,13725,0.182749,1.611,-0.499,1.108,7,0.091,786,0,0,"go(1.7,-1.2)d=0.8"
1963,1776105262.1023834,0.2281,3131,13725,0.182749,1.597,-0.688,1.138,7,0.186,786,0,0,"go(1.7,-1.2)d=0.7"
1964,1776105264.1131363,0.2281,3131,13725,0.182749,1.702,-1.032,1.137,7,0.131,786,0,0,"go(1.7,-1.2)d=0.5"
1965,1776105266.1307504,0.2281,3131,13725,0.182749,1.717,-0.925,1.115,7,0.125,786,0,0,"go(1.7,-0.5)d=0.5"
1966,1776105268.143765,0.2281,3131,13725,0.182749,1.701,-0.518,1.113,7,0.014,786,0,0,"go(1.7,-0.1)d=0.8"
1967,1776105270.1538727,0.2281,3131,13725,0.182749,1.727,-0.569,1.097,7,0.048,786,0,0,"go(1.7,-1.2)d=0.7"
1968,1776105272.1633055,0.2281,3131,13725,0.182749,1.773,-0.894,1.11,7,0.107,786,0,0,"go(1.7,-1.2)d=0.7"
1969,1776105274.1777897,0.2281,3131,13725,0.182749,1.787,-0.845,1.126,7,0.148,786,0,0,"go(1.7,-0.1)d=0.8"
1970,1776105276.1880627,0.2281,3131,13725,0.182749,1.74,-0.472,1.176,7,0.074,786,0,0,"go(1.7,-0.1)d=0.7"
1971,1776105278.1975946,0.2281,3131,13725,0.182749,1.731,-0.606,1.194,7,0.083,786,0,0,"go(1.7,-1.2)d=0.8"
1972,1776105280.2071557,0.2281,3131,13725,0.182749,1.719,-0.971,1.179,7,0.108,786,0,0,"go(1.7,-1.2)d=0.6"
1973,1776105282.2142987,0.2281,3131,13725,0.182749,1.691,-0.903,1.212,7,0.158,786,0,0,"go(1.7,-0.1)d=0.8"
1974,1776105284.2260695,0.2281,3131,13725,0.182749,1.65,-0.572,1.299,7,0.062,786,0,0,"go(1.7,-0.1)d=0.8"
1975,1776105286.2412555,0.2281,3131,13725,0.182749,1.738,-0.69,1.276,7,0.164,786,0,0,"go(1.7,-1.2)d=0.7"
1976,1776105288.2515476,0.2281,3131,13725,0.182749,1.748,-1.048,1.302,7,0.098,786,0,0,"go(1.7,-1.2)d=0.5"
1977,1776105290.2640474,0.2281,3131,13725,0.182749,1.654,-0.937,1.279,7,0.178,786,0,0,"go(1.7,-0.5)d=0.5"
1978,1776105292.2787867,0.2281,3131,13725,0.182749,1.693,-0.536,1.296,7,0.006,786,0,0,"go(1.7,-0.1)d=0.8"
1979,1776105294.2868328,0.2281,3131,13725,0.182749,1.673,-0.596,1.286,7,0.069,786,0,0,"go(1.7,-1.2)d=0.7"
1980,1776105296.2949173,0.2281,3131,13725,0.182749,1.667,-0.997,1.301,7,0.158,786,0,0,"go(1.7,-1.2)d=0.6"
1981,1776105298.3042386,0.2281,3131,13725,0.182749,1.681,-0.938,1.337,7,0.152,786,0,0,"go(1.7,-0.1)d=0.9"
1982,1776105300.3182974,0.2281,3131,13725,0.182749,1.72,-0.603,1.314,7,0.075,786,0,0,"go(1.7,-0.1)d=0.8"
1983,1776105302.326369,0.2281,3131,13725,0.182749,1.761,-0.585,1.339,7,0.084,786,0,0,"go(1.7,-1.2)d=0.6"
1984,1776105304.3372173,0.2281,3131,13725,0.182749,1.794,-0.84,1.306,7,0.151,786,0,0,"go(1.7,-1.2)d=0.6"
1985,1776105306.3501153,0.2281,3131,13725,0.182749,1.78,-0.922,1.354,7,0.08,786,0,0,"go(1.7,-0.1)d=0.7"
1986,1776105308.3712382,0.2281,3131,13725,0.182749,1.751,-0.664,1.415,7,0.143,786,0,0,"go(1.7,-0.1)d=0.8"
1987,1776105312.3998547,0.2281,3131,13725,0.182749,1.751,-0.602,1.396,7,0.089,786,0,0,"go(1.7,-1.2)d=0.7"
1988,1776105314.4126053,0.2281,3131,13725,0.182749,1.72,-0.865,1.41,7,0.161,786,0,0,"go(1.7,-1.2)d=0.6"
1989,1776105318.4306056,0.2281,3131,13725,0.182749,1.659,-0.737,1.412,7,0.209,786,0,0,"go(1.7,-0.1)d=0.8"
1990,1776105321.8489583,0.2281,3131,13725,0.182749,1.675,-0.827,1.397,7,0.22,786,0,0,"go(1.7,-1.2)d=0.6"
1991,1776105323.8568337,0.2281,3131,13725,0.182749,1.726,-0.885,1.385,7,0.142,786,0,0,"go(1.7,-0.1)d=0.7"
1992,1776105325.8660855,0.2281,3131,13725,0.182749,1.736,-0.553,1.407,7,0.045,786,0,0,"go(1.7,-0.1)d=0.8"
1993,1776105328.2802823,0.2281,3131,13725,0.182749,1.702,-0.525,1.407,7,0.008,786,0,0,"go(1.7,-1.2)d=0.7"
1994,1776105330.6901577,0.2281,3131,13725,0.182749,1.737,-0.863,1.387,7,0.153,786,0,0,"go(1.7,-1.2)d=0.6"
1995,1776105332.6986732,0.2281,3131,13725,0.182749,1.756,-0.83,1.361,7,0.172,786,0,0,"go(1.7,-0.1)d=0.7"
1996,1776105334.708976,0.2281,3131,13725,0.182749,1.693,-0.463,1.381,7,0.068,786,0,0,"go(1.7,-0.1)d=0.7"
1997,1776105336.7236753,0.2281,3131,13725,0.182749,1.665,-0.467,1.377,7,0.072,786,0,0,"go(1.7,-1.2)d=0.8"
1998,1776105338.7357981,0.2281,3131,13725,0.182749,1.676,-0.852,1.336,7,0.201,786,0,0,"go(1.7,-1.2)d=0.8"
1999,1776105340.7458715,0.2281,3131,13725,0.182749,1.683,-0.873,1.349,7,0.183,786,0,0,"go(1.7,-0.1)d=0.7"
2000,1776105342.7617362,0.2281,3131,13725,0.182749,1.734,-0.499,1.308,7,0.049,786,0,0,"go(1.7,-0.1)d=0.7"
2000,1776105342.7712092,0.2281,3131,13725,0.182749,1.734,-0.499,1.308,7,0.049,786,0,0,final
