step,timestamp,coverage,known_cells,total_cells,cov_trace,pos_x,pos_y,altitude,frontier_count,nearest_frontier_dist,loop_closures,tracking_lost_events,new_cells,note
1,1776109135.40096,0.1135,1100,9688,0.029697,0.297,-0.138,1.225,0,-1,0,0,0,itpf_h-45
2,1776109137.5736444,0.111,1113,10024,0.032157,0.55,-0.361,1.174,0,-1,0,0,13,itpf_h-45
3,1776109139.7471979,0.1218,1291,10602,0.035928,0.763,-0.563,1.14,0,-1,0,0,178,itpf_h-45
4,1776109141.92084,0.1325,1443,10887,0.039953,1.007,-0.775,1.183,0,-1,0,0,152,itpf_h-45
5,1776109144.0653117,0.145,1640,11310,0.042755,1.331,-1.01,1.198,0,-1,0,0,197,itpf_h-45
6,1776109146.2490437,0.1498,1759,11741,0.045708,1.265,-1.131,1.208,0,-1,0,0,119,itpf_h-158
7,1776109148.4175618,0.1556,1827,11741,0.04983,0.97,-1.256,1.224,0,-1,0,0,68,itpf_h-158
8,1776109150.5777524,0.1571,1845,11741,0.052036,1.035,-1.383,1.168,0,-1,0,0,18,itpf_h-22
9,1776109152.7247467,0.1571,1845,11741,0.052036,1.376,-1.536,1.207,0,-1,0,0,0,itpf_h-22
10,1776109154.8836563,0.1588,1865,11741,0.055874,1.433,-1.516,1.263,0,-1,0,0,20,itpf_h135
11,1776109157.0223267,0.1592,1869,11741,0.059344,1.148,-1.261,1.252,0,-1,0,0,4,itpf_h135
12,1776109159.226012,0.1633,1917,11741,0.065016,0.991,-1.27,1.282,0,-1,0,0,48,itpf_h-158
13,1776109161.3794448,0.164,1925,11741,0.06885,0.691,-1.449,1.198,0,-1,0,0,8,itpf_h-158
14,1776109163.5208151,0.164,1925,11741,0.06885,0.386,-1.586,1.226,0,-1,0,0,0,itpf_h-158
15,1776109165.6661842,0.1593,1974,12390,0.071118,0.349,-1.507,1.263,0,-1,0,0,49,itpf_h45
16,1776109167.8579726,0.1594,1975,12390,0.074214,0.684,-1.306,1.256,0,-1,0,0,1,itpf_h45
17,1776109170.0178573,0.1596,1977,12390,0.078172,0.626,-1.339,1.242,0,-1,0,0,2,itpf_h-158
18,1776109172.1632352,0.1598,1980,12390,0.081537,0.277,-1.518,1.223,0,-1,0,0,3,itpf_h-158
19,1776109174.2988017,0.1599,1981,12390,0.08453,0.284,-1.436,1.214,0,-1,0,0,1,itpf_h45
20,1776109176.4630032,0.1599,1981,12390,0.08453,0.644,-1.225,1.235,0,-1,0,0,0,itpf_h45
21,1776109178.6166537,0.16,1983,12390,0.190362,0.629,-1.221,1.291,0,-1,0,0,2,itpf_h-158
22,1776109180.770119,0.1604,1987,12390,0.193229,0.264,-1.379,1.258,0,-1,0,0,4,itpf_h-158
23,1776109182.9052067,0.1604,1987,12390,0.193229,0.025,-1.532,1.278,0,-1,0,0,0,itpf_h-158
24,1776109185.0803385,0.1513,2017,13334,0.196944,0.006,-1.487,1.29,0,-1,0,0,30,itpf_h45
25,1776109187.2287676,0.1513,2018,13334,0.204147,0.34,-1.233,1.246,0,-1,0,0,1,itpf_h45
26,1776109189.3974502,0.1511,2015,13334,0.193971,0.506,-1.2,1.295,0,-1,1,0,0,itpf_h-22
27,1776109191.544288,0.1512,2016,13334,0.199155,0.792,-1.281,1.313,0,-1,1,0,1,itpf_h-22
28,1776109193.683301,0.1523,2031,13334,0.216441,0.774,-1.391,1.359,0,-1,2,0,15,itpf_h-158
29,1776109195.8518827,0.1523,2031,13334,0.216441,0.447,-1.537,1.366,0,-1,2,0,0,itpf_h-158
30,1776109198.0152152,0.1528,2037,13334,0.230581,0.454,-1.487,1.371,0,-1,3,0,6,itpf_h45
31,1776109200.0204973,0.153,2040,13334,0.223068,0.536,-1.22,1.362,0,-1,4,0,3,perturb
32,1776109202.0248663,0.153,2040,13334,0.213373,0.372,-1.297,1.376,0,-1,4,0,0,perturb
33,1776109204.0391607,0.1538,2051,13334,0.236984,0.553,-1.392,1.37,0,-1,5,0,11,perturb
34,1776109206.050494,0.1538,2051,13334,0.236984,0.49,-1.223,1.381,0,-1,5,0,0,perturb
35,1776109208.0570114,0.1538,2051,13334,0.230672,0.421,-1.37,1.481,0,-1,5,0,0,perturb
36,1776109212.0666273,0.1538,2051,13334,0.235438,0.623,-1.32,1.442,0,-1,5,0,0,perturb
37,1776109216.2531652,0.154,2054,13334,0.23987,0.734,-1.271,1.422,0,-1,5,0,3,itpf_h-22
38,1776109220.4154904,0.1554,2072,13334,0.249215,0.667,-1.302,1.465,0,-1,5,0,18,itpf_h-158
39,1776109224.5496218,0.1554,2072,13334,0.254904,0.672,-1.353,1.405,0,-1,6,0,0,itpf_h-22
40,1776109228.7741754,0.1566,2088,13334,0.277852,0.659,-1.446,1.434,0,-1,7,0,16,itpf_h-158
41,1776109232.932854,0.1566,2088,13334,0.28555,0.405,-1.555,1.429,0,-1,7,0,0,itpf_h-158
42,1776109237.0993993,0.1564,2085,13334,0.276571,0.337,-1.53,1.403,0,-1,8,0,0,itpf_h45
43,1776109239.4305613,0.1564,2085,13334,0.263614,0.583,-1.319,1.373,0,-1,9,0,0,itpf_h45
44,1776109241.603432,0.1564,2085,13334,0.263614,0.535,-1.361,1.381,0,-1,9,0,0,itpf_h-158
45,1776109243.827188,0.1564,2085,13334,0.260416,0.231,-1.591,1.341,0,-1,9,0,0,itpf_h-158
46,1776109245.9659648,0.1566,2088,13334,0.268788,0.194,-1.538,1.32,0,-1,10,0,3,itpf_h45
47,1776109248.1017256,0.1558,2078,13334,0.248188,0.449,-1.309,1.314,0,-1,11,0,0,itpf_h45
48,1776109250.2534068,0.1559,2079,13334,0.22613,0.566,-1.299,1.328,0,-1,12,0,1,itpf_h-22
49,1776109252.394623,0.1559,2079,13334,0.22613,0.584,-1.411,1.299,0,-1,12,0,0,itpf_h-158
50,1776109254.5900116,0.1564,2085,13334,0.229134,0.168,-1.462,1.278,0,-1,13,0,6,itpf_h-158
51,1776109256.7411742,0.1564,2086,13334,0.234255,0.15,-1.417,1.28,0,-1,14,0,1,itpf_h45
52,1776109258.907765,0.1564,2086,13334,0.218877,0.407,-1.299,1.23,0,-1,15,0,0,itpf_h-22
53,1776109261.0505438,0.1566,2088,13334,0.215909,0.622,-1.457,1.223,0,-1,15,0,2,itpf_h-22
54,1776109263.1950743,0.1566,2088,13334,0.215909,0.65,-1.621,1.193,0,-1,15,0,0,itpf_h-158
55,1776109265.33216,0.1576,2101,13334,0.222611,0.397,-1.577,1.222,0,-1,16,0,13,itpf_h113
56,1776109267.461656,0.1577,2103,13334,0.228067,0.458,-1.309,1.221,0,-1,16,0,2,itpf_h45
57,1776109269.5937552,0.1577,2103,13334,0.23868,0.381,-1.308,1.221,0,-1,16,0,0,itpf_h-158
58,1776109271.7306411,0.1577,2103,13334,0.23868,0.25,-1.413,1.182,0,-1,16,0,0,itpf_h-22
59,1776109273.876666,0.1581,2108,13334,0.255017,0.289,-1.529,1.201,0,-1,16,0,5,itpf_h-158
60,1776109276.0283225,0.1585,2114,13334,0.25921,0.116,-1.501,1.212,0,-1,16,0,6,itpf_h45
61,1776109278.1750793,0.1529,2212,14464,0.270014,0.341,-1.275,1.193,0,-1,16,0,98,itpf_h45
62,1776109280.315062,0.1529,2212,14464,0.178911,0.513,-1.279,1.164,0,-1,16,0,0,itpf_h-22
63,1776109282.4612968,0.1643,2350,14301,0.178911,0.562,-1.422,1.161,0,-1,16,0,138,itpf_h-158
64,1776109284.6174903,0.165,2424,14690,0.185903,0.181,-1.513,1.144,0,-1,17,0,74,itpf_h-158
65,1776109286.7676265,0.1649,2358,14301,0.194433,-0.058,-1.602,1.114,0,-1,18,0,0,itpf_h-158
66,1776109288.9180262,0.1651,2361,14301,0.208129,-0.053,-1.587,1.127,0,-1,18,0,3,itpf_h45
67,1776109291.0545712,0.1651,2361,14301,0.208129,0.214,-1.413,1.128,0,-1,18,0,0,itpf_h45
68,1776109293.200614,0.1651,2361,14301,0.186186,0.225,-1.349,1.153,0,-1,19,0,0,itpf_h-158
69,1776109295.345842,0.1669,2349,14074,0.195962,0.135,-1.51,1.192,0,-1,20,0,0,itpf_h-22
70,1776109297.484404,0.1669,2349,14074,0.199833,0.447,-1.473,1.24,0,-1,20,0,0,itpf_h45
71,1776109299.4907284,0.1669,2349,14074,0.199833,0.43,-1.442,1.232,0,-1,20,0,0,perturb
72,1776109301.4950407,0.1667,2346,14074,0.192431,0.398,-1.639,1.189,0,-1,21,0,0,perturb
73,1776109303.4994996,0.1676,2359,14074,0.204209,0.551,-1.554,1.191,0,-1,21,0,13,perturb
74,1776109305.5060406,0.1727,2391,13847,0.186923,0.424,-1.573,1.15,0,-1,22,0,32,perturb
75,1776109307.5111537,0.1727,2391,13847,0.211078,0.596,-1.744,1.125,0,-1,22,0,0,perturb
76,1776109309.5159652,0.1694,2423,14301,0.211078,0.569,-1.558,1.174,0,-1,23,0,32,perturb
77,1776109311.5205288,0.1686,2411,14301,0.193671,0.401,-1.704,1.145,0,-1,24,0,0,perturb
78,1776109313.526371,0.1686,2411,14301,0.193671,0.537,-1.717,1.174,0,-1,24,0,0,perturb
79,1776109315.532788,0.1667,2422,14528,0.206981,0.451,-1.594,1.194,0,-1,24,0,11,perturb
80,1776109317.5397713,0.1669,2424,14528,0.203653,0.508,-1.732,1.168,0,-1,25,0,2,perturb
81,1776109319.5473223,0.1695,2385,14074,0.213514,0.622,-1.644,1.196,0,-1,26,0,0,perturb
82,1776109321.5524392,0.1695,2385,14074,0.213514,0.497,-1.741,1.16,0,-1,26,0,0,perturb
83,1776109323.5598745,0.1701,2394,14074,0.212014,0.682,-1.888,1.13,0,-1,26,0,9,perturb
84,1776109325.5728304,0.17,2393,14074,0.212312,0.667,-1.721,1.131,0,-1,27,0,0,perturb
85,1776109327.5777082,0.17,2393,14074,0.209767,0.491,-1.827,1.145,0,-1,27,0,0,perturb
86,1776109329.583928,0.17,2393,14074,0.209767,0.691,-1.813,1.177,0,-1,27,0,0,perturb
87,1776109331.5895352,0.1698,2390,14074,0.202596,0.593,-1.666,1.177,0,-1,28,0,0,perturb
88,1776109333.5963416,0.1702,2396,14074,0.208618,0.595,-1.847,1.159,0,-1,29,0,6,perturb
89,1776109335.6146457,0.1702,2396,14074,0.208618,0.731,-1.743,1.15,0,-1,29,0,0,perturb
90,1776109337.6301644,0.1694,2423,14301,0.203589,0.542,-1.814,1.133,0,-1,30,0,27,perturb
91,1776109339.6350367,0.1696,2425,14301,0.220636,0.682,-1.882,1.119,0,-1,30,0,2,perturb
92,1776109341.640199,0.1696,2425,14301,0.20768,0.681,-1.72,1.145,0,-1,30,0,0,perturb
93,1776109343.6474295,0.1722,2423,14074,0.20768,0.572,-1.844,1.165,0,-1,31,0,0,perturb
94,1776109345.6537228,0.1722,2423,14074,0.231085,0.737,-1.932,1.184,0,-1,32,0,0,perturb
95,1776109347.658442,0.173,2435,14074,0.216424,0.647,-1.859,1.177,0,-1,33,0,12,perturb
96,1776109349.6658766,0.173,2435,14074,0.216424,0.601,-2.064,1.207,0,-1,33,0,0,perturb
97,1776109351.671837,0.173,2435,14074,0.232195,0.712,-1.942,1.193,0,-1,34,0,0,perturb
98,1776109353.6761098,0.173,2435,14074,0.211149,0.56,-1.89,1.231,0,-1,35,0,0,perturb
99,1776109355.6812105,0.173,2435,14074,0.230579,0.684,-1.952,1.236,0,-1,35,0,0,perturb
100,1776109357.6856172,0.173,2435,14074,0.230579,0.724,-1.793,1.264,0,-1,35,0,0,perturb
101,1776109359.6907032,0.1717,2416,14074,0.219657,0.624,-1.881,1.237,0,-1,35,0,0,perturb
102,1776109361.6965253,0.1722,2423,14074,0.239505,0.828,-1.922,1.226,0,-1,36,0,7,perturb
103,1776109363.701882,0.1722,2423,14074,0.239505,0.704,-1.8,1.249,0,-1,36,0,0,perturb
104,1776109365.7076514,0.1722,2423,14074,0.231778,0.665,-1.99,1.285,0,-1,36,0,0,perturb
105,1776109367.7190652,0.172,2421,14074,0.246222,0.754,-1.875,1.277,0,-1,37,0,0,perturb
106,1776109369.7303503,0.172,2421,14074,0.246222,0.594,-1.867,1.285,0,-1,37,0,0,perturb
107,1776109371.736338,0.172,2421,14074,0.239982,0.799,-1.97,1.302,0,-1,38,0,0,perturb
108,1776109373.741608,0.1724,2426,14074,0.247636,0.78,-1.796,1.321,0,-1,39,0,5,perturb
109,1776109375.7478836,0.1724,2427,14074,0.239474,0.637,-1.897,1.292,0,-1,40,0,1,perturb
110,1776109377.7549224,0.1726,2429,14074,0.252243,0.789,-1.927,1.261,0,-1,40,0,2,perturb
111,1776109379.7620077,0.1726,2429,14074,0.252243,0.678,-1.807,1.273,0,-1,40,0,0,perturb
112,1776109381.7669477,0.1727,2430,14074,0.240797,0.664,-1.984,1.27,0,-1,40,0,1,perturb
113,1776109383.772799,0.1728,2432,14074,0.245524,0.812,-1.891,1.29,0,-1,40,0,2,perturb
114,1776109385.7786486,0.1728,2432,14074,0.245524,0.642,-1.874,1.267,0,-1,40,0,0,perturb
115,1776109387.7847514,0.1728,2432,14074,0.238229,0.767,-1.971,1.283,0,-1,41,0,0,perturb
116,1776109389.791554,0.173,2435,14074,0.24167,0.785,-1.837,1.292,0,-1,42,0,3,perturb
117,1776109391.7983043,0.173,2435,14074,0.244181,0.664,-1.97,1.25,0,-1,43,0,0,perturb
118,1776109393.8045294,0.173,2435,14074,0.244181,0.8,-1.963,1.232,0,-1,43,0,0,perturb
119,1776109395.8093204,0.173,2435,14074,0.253877,0.74,-1.859,1.258,0,-1,44,0,0,perturb
120,1776109397.814804,0.1731,2436,14074,0.264222,0.681,-2.068,1.329,0,-1,45,0,1,perturb
121,1776109399.8216746,0.1731,2436,14074,0.261842,0.763,-1.978,1.319,0,-1,46,0,0,perturb
122,1776109401.8285277,0.1731,2436,14074,0.261842,0.611,-1.979,1.295,0,-1,46,0,0,perturb
123,1776109403.8369262,0.1731,2436,14074,0.26807,0.681,-2.091,1.264,0,-1,47,0,0,perturb
124,1776109405.8437028,0.1732,2437,14074,0.272269,0.644,-1.964,1.305,0,-1,48,0,1,perturb
125,1776109407.8484724,0.1732,2437,14074,0.272269,0.445,-2.12,1.347,0,-1,48,0,0,perturb
126,1776109409.857313,0.1732,2438,14074,0.290459,0.6,-2.18,1.333,0,-1,49,0,1,perturb
127,1776109411.8624206,0.1732,2438,14074,0.281497,0.481,-2.081,1.324,0,-1,50,0,0,perturb
128,1776109413.8668594,0.1732,2438,14074,0.291936,0.477,-2.259,1.342,0,-1,50,0,0,perturb
129,1776109415.8708155,0.1732,2438,14074,0.291936,0.558,-2.117,1.336,0,-1,50,0,0,perturb
130,1776109417.877855,0.1732,2438,14074,0.277724,0.381,-2.145,1.328,0,-1,51,0,0,perturb
131,1776109419.882731,0.1733,2439,14074,0.290181,0.506,-2.236,1.315,0,-1,51,0,1,perturb
132,1776109421.887674,0.1733,2439,14074,0.28245,0.484,-2.07,1.315,0,-1,52,0,0,perturb
133,1776109423.892233,0.1733,2439,14074,0.28245,0.254,-2.189,1.296,0,-1,52,0,0,perturb
134,1776109425.8970065,0.1733,2439,14074,0.299362,0.494,-2.185,1.329,0,-1,53,0,0,perturb
135,1776109427.9014397,0.1733,2439,14074,0.288107,0.38,-2.029,1.343,0,-1,54,0,0,perturb
136,1776109429.9068115,0.1733,2439,14074,0.288107,0.306,-2.186,1.39,0,-1,54,0,0,perturb
137,1776109431.9120152,0.1733,2439,14074,0.306516,0.408,-2.039,1.403,0,-1,55,0,0,perturb
138,1776109436.0357776,0.1739,2447,14074,0.272114,0.098,-1.897,1.404,0,-1,56,0,8,itpf_h-180
139,1776109438.3707154,0.174,2449,14074,0.285292,-0.229,-1.892,1.378,0,-1,57,0,2,itpf_h-180
140,1776109440.5653486,0.174,2449,14074,0.285292,-0.488,-1.868,1.398,0,-1,57,0,0,itpf_h-180
141,1776109442.8117282,0.1742,2452,14074,0.29472,-0.755,-1.837,1.416,0,-1,57,0,3,itpf_h-180
142,1776109447.043044,0.1751,2464,14074,0.308015,-0.944,-1.898,1.49,0,-1,57,0,12,itpf_h-180
143,1776109451.250276,0.1751,2465,14074,0.313929,-1.188,-1.991,1.484,0,-1,57,0,1,itpf_h-180
144,1776109455.4264016,0.1754,2468,14074,0.320776,-1.49,-2.011,1.473,0,-1,57,0,3,itpf_h-180
145,1776109459.6093984,0.1787,2515,14074,0.328443,-1.736,-2.024,1.509,0,-1,57,0,47,itpf_h-180
146,1776109463.8287177,0.181,2547,14074,0.337736,-1.413,-2.099,1.525,0,-1,57,0,32,itpf_h0
147,1776109467.945773,0.1815,2554,14074,0.352195,-1.93,-2.043,1.585,0,-1,57,0,7,itpf_h-180
148,1776109472.0906248,0.1816,2556,14074,0.363247,-1.536,-2.047,1.511,0,-1,57,0,2,itpf_h0
149,1776109476.23184,0.1813,2552,14074,0.567648,-1.833,-2.006,1.458,0,-1,58,0,0,itpf_h-180
150,1776109480.3897605,0.1818,2559,14074,0.517547,-1.347,-1.906,1.451,0,-1,58,0,7,itpf_h0
151,1776109484.5056012,0.1822,2564,14074,0.524854,-1.769,-1.862,1.383,0,-1,59,0,5,itpf_h-180
152,1776109486.634693,0.1824,2567,14074,0.503703,-1.313,-1.831,1.373,0,-1,60,0,3,itpf_h0
153,1776109488.7560484,0.182,2562,14074,0.504554,-1.742,-1.822,1.36,0,-1,60,0,0,itpf_h-180
154,1776109490.8795722,0.1819,2560,14074,0.495191,-1.23,-1.892,1.383,0,-1,61,0,0,itpf_h0
155,1776109492.9936762,0.1819,2560,14074,0.48805,-1.691,-1.86,1.34,0,-1,61,0,0,itpf_h-180
156,1776109495.1406426,0.1821,2563,14074,0.596469,-2.185,-1.87,1.414,0,-1,62,0,3,itpf_h-180
157,1776109498.8764317,0.1725,2599,15066,0.540222,-1.815,-1.904,1.327,0,-1,63,0,36,itpf_h0
158,1776109500.9979513,0.1639,2621,15996,0.568942,-2.232,-1.886,1.269,0,-1,63,0,22,itpf_h-180
159,1776109503.144497,0.1535,2646,17236,0.627718,-2.716,-1.845,1.295,0,-1,63,0,25,itpf_h-180
160,1776109505.3298378,0.1541,2656,17236,0.710696,-2.292,-1.878,1.283,0,-1,64,0,10,itpf_h0
161,1776109507.5976343,0.1493,2681,17955,0.63778,-2.736,-1.834,1.275,0,-1,65,0,25,itpf_h-180
162,1776109509.7699602,0.1485,2675,18018,0.680629,-2.273,-1.894,1.269,0,-1,66,0,0,itpf_h0
163,1776109511.9149585,0.1472,2713,18432,0.61835,-2.633,-1.879,1.226,0,-1,67,0,38,itpf_h-180
164,1776109514.052573,0.1422,2740,19264,0.812064,-3.125,-1.878,1.161,0,-1,67,0,27,itpf_h-180
165,1776109516.1989136,0.1357,2744,20224,0.896911,-3.651,-1.917,1.189,0,-1,68,0,4,itpf_h-180
166,1776109518.365974,0.1326,2784,20992,0.904036,-4.199,-1.935,1.179,0,-1,68,0,40,itpf_h-180
167,1776109520.5072074,0.1284,2811,21888,0.913222,-4.809,-1.9,1.19,0,-1,68,0,27,itpf_h-180
168,1776109522.6300967,0.1246,2823,22656,0.91578,-5.29,-1.93,1.213,0,-1,68,0,12,itpf_h-180
169,1776109524.743341,0.121,2835,23424,0.923525,-5.829,-1.834,1.158,0,-1,68,0,12,itpf_h-180
170,1776109526.8652744,0.1185,2844,24000,0.927761,-6.335,-1.91,1.153,0,-1,68,0,9,itpf_h-180
171,1776109528.9831991,0.1176,2846,24192,0.929148,-6.768,-1.872,1.132,0,-1,68,0,2,itpf_h-180
172,1776109531.0987763,0.1151,2857,24832,0.93181,-7.234,-1.964,1.124,0,-1,68,0,11,itpf_h-180
173,1776109533.2328146,0.113,2871,25408,0.933539,-7.643,-2.033,1.126,0,-1,68,0,14,itpf_h-180
174,1776109535.3673782,0.1114,2887,25920,0.936611,-8.007,-2.024,1.2,0,-1,68,0,16,itpf_h-180
175,1776109537.5609846,0.1114,2887,25920,0.936611,-8.016,-2.027,1.199,0,-1,68,0,0,itpf_h-180
176,1776109539.7178547,0.1114,2887,25920,0.936611,-7.967,-2.063,1.212,0,-1,68,0,0,itpf_h-180
177,1776109541.8585758,0.1111,2893,26048,0.937266,-7.963,-2.133,1.163,0,-1,68,0,6,itpf_h-180
178,1776109543.9682155,0.1111,2893,26048,0.937266,-8.043,-2.099,1.157,0,-1,68,0,0,itpf_h-180
179,1776109546.0818725,0.1111,2893,26048,0.938543,-7.934,-2.129,1.131,0,-1,68,0,0,itpf_h-180
180,1776109548.209034,0.1111,2893,26048,0.938543,-7.928,-2.159,1.13,0,-1,68,0,0,itpf_h-180
181,1776109550.3680162,0.1111,2893,26048,0.938543,-7.969,-2.197,1.197,0,-1,68,0,0,itpf_h-180
182,1776109552.3779254,0.1114,2903,26048,0.939923,-7.988,-2.643,1.134,0,-1,68,0,10,perturb
183,1776109554.3885865,0.112,2924,26112,0.946529,-7.64,-2.326,1.189,0,-1,68,0,21,perturb
184,1776109556.4004767,0.112,2924,26112,0.9517,-7.924,-2.302,1.215,0,-1,68,0,0,perturb
185,1776109558.4110901,0.112,2924,26112,0.953348,-7.721,-2.588,1.151,0,-1,68,0,0,perturb
186,1776109560.4263253,0.1122,2929,26112,2.957476,-7.619,-2.19,1.202,0,-1,68,0,5,perturb
187,1776109562.4341214,0.1122,2929,26112,3.121086,-7.923,-2.515,1.221,0,-1,68,0,0,perturb
188,1776109564.4482563,0.1138,2972,26112,3.140874,-7.446,-2.534,1.222,0,-1,69,0,43,perturb
189,1776109566.4568162,0.1145,2991,26112,2.908043,-7.733,-2.219,1.258,0,-1,70,0,19,perturb
190,1776109568.4660852,0.1145,2991,26112,3.108655,-7.727,-2.649,1.218,0,-1,70,0,0,perturb
191,1776109570.47899,0.1145,2991,26112,3.090406,-7.422,-2.383,1.299,0,-1,70,0,0,perturb
192,1776109572.4916668,0.1145,2991,26112,3.018979,-7.964,-2.35,1.275,0,-1,70,0,0,perturb
193,1776109574.5040226,0.1145,2991,26112,3.134995,-7.706,-2.624,1.321,0,-1,71,0,0,perturb
194,1776109576.5129983,0.1145,2991,26112,3.034725,-7.667,-2.145,1.31,0,-1,72,0,0,perturb
195,1776109578.524995,0.1144,2988,26112,3.189764,-8.03,-2.452,1.274,0,-1,73,0,0,perturb
196,1776109580.5401485,0.1144,2988,26112,3.38441,-7.641,-2.503,1.311,0,-1,73,0,0,perturb
197,1776109582.5510144,0.1144,2988,26112,3.091637,-7.942,-2.228,1.34,0,-1,74,0,0,perturb
198,1776109584.5668657,0.1144,2988,26112,3.256538,-7.947,-2.643,1.345,0,-1,75,0,0,perturb
199,1776109586.5792842,0.1144,2988,26112,3.076434,-7.625,-2.367,1.369,0,-1,75,0,0,perturb
200,1776109588.5879202,0.1144,2988,26112,2.995995,-7.963,-2.275,1.281,0,-1,76,0,0,perturb
201,1776109590.6041918,0.1144,2988,26112,3.212635,-7.732,-2.539,1.271,0,-1,77,0,0,perturb
202,1776109592.6128924,0.1144,2988,26112,3.027076,-7.735,-2.091,1.254,0,-1,78,0,0,perturb
203,1776109594.6248536,0.1144,2988,26112,3.052864,-7.991,-2.409,1.209,0,-1,78,0,0,perturb
204,1776109596.6334808,0.1144,2988,26112,3.069483,-7.497,-2.421,1.223,0,-1,79,0,0,perturb
205,1776109598.6550398,0.1144,2988,26112,2.960827,-7.788,-2.073,1.201,0,-1,79,0,0,perturb
206,1776109600.6660824,0.1144,2988,26112,3.148939,-7.84,-2.563,1.199,0,-1,79,0,0,perturb
207,1776109602.6743872,0.1144,2988,26112,3.069311,-7.505,-2.3,1.181,0,-1,80,0,0,perturb
208,1776109604.6833465,0.1144,2988,26112,3.068813,-8.006,-2.282,1.198,0,-1,81,0,0,perturb
209,1776109606.6916978,0.1144,2988,26112,3.155931,-7.723,-2.659,1.203,0,-1,81,0,0,perturb
210,1776109608.7008545,0.1144,2988,26112,3.086888,-7.758,-2.243,1.198,0,-1,82,0,0,perturb
211,1776109610.7103732,0.1144,2988,26112,3.068017,-7.956,-2.536,1.215,0,-1,83,0,0,perturb
212,1776109612.7178032,0.1144,2988,26112,3.156963,-7.554,-2.623,1.187,0,-1,84,0,0,perturb
213,1776109614.7278576,0.1145,2991,26112,3.086273,-7.839,-2.385,1.165,0,-1,85,0,3,perturb
214,1776109616.7385232,0.1146,2993,26112,3.1913,-7.879,-2.857,1.156,0,-1,86,0,2,perturb
215,1776109618.7462213,0.1146,2993,26112,3.086443,-7.482,-2.56,1.184,0,-1,86,0,0,perturb
216,1776109620.7561927,0.1146,2993,26112,3.121523,-7.952,-2.475,1.247,0,-1,87,0,0,perturb
217,1776109622.7660031,0.1146,2993,26112,3.271643,-7.64,-2.842,1.214,0,-1,88,0,0,perturb
218,1776109624.775675,0.1146,2993,26112,3.086093,-7.667,-2.451,1.257,0,-1,89,0,0,perturb
219,1776109626.78558,0.1146,2993,26112,3.054378,-8.058,-2.745,1.291,0,-1,90,0,0,perturb
220,1776109628.7973871,0.1146,2993,26112,3.251276,-7.595,-2.799,1.281,0,-1,91,0,0,perturb
221,1776109630.8109453,0.1146,2993,26112,3.073628,-7.847,-2.446,1.299,0,-1,92,0,0,perturb
222,1776109632.8239362,0.1146,2993,26112,3.211145,-7.887,-2.896,1.329,0,-1,93,0,0,perturb
223,1776109634.8356884,0.1146,2992,26112,3.065373,-7.494,-2.541,1.347,0,-1,94,0,0,perturb
224,1776109636.8432763,0.1146,2992,26112,3.203584,-7.966,-2.482,1.321,0,-1,95,0,0,perturb
225,1776109638.8503718,0.1146,2992,26112,3.259897,-7.718,-2.8,1.356,0,-1,96,0,0,perturb
226,1776109640.858939,0.1146,2992,26112,3.181926,-7.757,-2.28,1.337,0,-1,96,0,0,perturb
227,1776109642.8666015,0.1146,2992,26112,3.130353,-7.97,-2.565,1.334,0,-1,97,0,0,perturb
228,1776109644.8784301,0.1146,2992,26112,3.171458,-7.564,-2.535,1.362,0,-1,98,0,0,perturb
229,1776109646.8962188,0.1146,2992,26112,3.059412,-7.824,-2.283,1.358,0,-1,99,0,0,perturb
230,1776109648.906925,0.1146,2992,26112,3.178061,-7.858,-2.776,1.267,0,-1,100,0,0,perturb
231,1776109650.920717,0.1146,2992,26112,3.150478,-7.541,-2.513,1.262,0,-1,101,0,0,perturb
232,1776109652.9312942,0.1146,2992,26112,3.119704,-7.988,-2.511,1.255,0,-1,102,0,0,perturb
233,1776109654.9381526,0.1146,2992,26112,3.253142,-7.684,-2.824,1.184,0,-1,103,0,0,perturb
234,1776109656.9461932,0.1146,2992,26112,3.081599,-7.654,-2.394,1.252,0,-1,104,0,0,perturb
235,1776109658.9553537,0.1146,2992,26112,3.143953,-8.019,-2.718,1.183,0,-1,105,0,0,perturb
236,1776109660.9710083,0.1146,2992,26112,3.119262,-7.513,-2.72,1.234,0,-1,106,0,0,perturb
237,1776109662.9792664,0.1146,2992,26112,2.965398,-7.792,-2.415,1.244,0,-1,107,0,0,perturb
238,1776109664.9860756,0.1145,2991,26112,3.170415,-7.833,-2.851,1.198,0,-1,108,0,0,perturb
239,1776109666.9975762,0.1146,2993,26112,2.979026,-7.464,-2.577,1.224,0,-1,109,0,2,perturb
240,1776109669.0082722,0.1146,2993,26112,2.950221,-7.932,-2.53,1.194,0,-1,109,0,0,perturb
241,1776109671.0233533,0.1146,2993,26112,3.153292,-7.635,-2.832,1.171,0,-1,110,0,0,perturb
242,1776109673.0368645,0.1146,2993,26112,3.018587,-7.59,-2.429,1.249,0,-1,111,0,0,perturb
243,1776109675.04654,0.1146,2993,26112,3.2705,-7.984,-2.752,1.207,0,-1,112,0,0,perturb
244,1776109677.053837,0.1146,2993,26112,3.227355,-7.571,-2.757,1.189,0,-1,113,0,0,perturb
245,1776109679.0616467,0.1147,2994,26112,2.992631,-7.853,-2.412,1.164,0,-1,114,0,1,perturb
246,1776109681.0757313,0.1146,2993,26112,3.083849,-7.83,-2.861,1.159,0,-1,115,0,0,perturb
247,1776109683.090281,0.1146,2993,26112,3.024766,-7.388,-2.555,1.152,0,-1,116,0,0,perturb
248,1776109685.0993972,0.1146,2993,26112,2.963368,-7.816,-2.479,1.163,0,-1,117,0,0,perturb
249,1776109687.1081653,0.1148,2997,26112,3.132043,-7.49,-2.797,1.115,0,-1,117,0,4,perturb
250,1776109689.119327,0.1148,2997,26112,3.025212,-7.427,-2.339,1.127,0,-1,117,0,0,perturb
251,1776109691.1322324,0.1149,3001,26112,2.918334,-7.697,-2.648,1.018,0,-1,118,0,4,perturb
252,1776109693.14239,0.1129,2948,26112,2.902059,-7.196,-2.641,1.084,0,-1,119,0,0,perturb
253,1776109695.1527328,0.1129,2948,26112,2.90329,-7.403,-2.232,1.096,0,-1,119,0,0,perturb
254,1776109697.1613007,0.1129,2948,26112,2.846859,-7.397,-2.586,1.052,0,-1,120,0,0,perturb
255,1776109699.1726825,0.1145,2991,26112,2.724885,-7.015,-2.287,1.107,0,-1,121,0,43,perturb
256,1776109701.1813104,0.1148,2998,26112,2.755997,-7.493,-2.21,1.121,0,-1,122,0,7,perturb
257,1776109703.1894193,0.1148,2998,26112,2.922948,-7.265,-2.581,1.107,0,-1,123,0,0,perturb
258,1776109705.2028432,0.1148,2998,26112,2.71806,-7.255,-2.134,1.19,0,-1,124,0,0,perturb
259,1776109707.209852,0.1148,2998,26112,2.763514,-7.55,-2.481,1.144,0,-1,125,0,0,perturb
260,1776109709.2190304,0.1148,2998,26112,2.947754,-7.107,-2.478,1.179,0,-1,126,0,0,perturb
261,1776109711.2300017,0.1148,2998,26112,2.642498,-7.333,-2.137,1.186,0,-1,127,0,0,perturb
262,1776109713.2369902,0.1148,2998,26112,2.861234,-7.368,-2.57,1.203,0,-1,127,0,0,perturb
263,1776109715.244794,0.1148,2998,26112,2.706028,-7.038,-2.297,1.204,0,-1,128,0,0,perturb
264,1776109717.2531714,0.1129,2947,26112,2.647111,-7.517,-2.286,1.268,0,-1,129,0,0,perturb
265,1776109719.2628195,0.1129,2947,26112,2.920303,-7.238,-2.578,1.265,0,-1,130,0,0,perturb
266,1776109721.2712686,0.1129,2947,26112,2.713712,-7.219,-2.077,1.229,0,-1,131,0,0,perturb
267,1776109723.27898,0.1129,2947,26112,2.734217,-7.599,-2.378,1.195,0,-1,132,0,0,perturb
268,1776109725.287917,0.1129,2947,26112,2.850585,-7.163,-2.37,1.175,0,-1,133,0,0,perturb
269,1776109727.2950618,0.1129,2947,26112,2.678976,-7.47,-2.108,1.185,0,-1,134,0,0,perturb
270,1776109729.306846,0.1129,2947,26112,2.918647,-7.526,-2.581,1.165,0,-1,135,0,0,perturb
271,1776109731.3169117,0.1129,2947,26112,2.868676,-7.21,-2.317,1.098,0,-1,136,0,0,perturb
272,1776109733.324439,0.1129,2947,26112,2.875288,-7.672,-2.278,1.065,0,-1,137,0,0,perturb
273,1776109735.3336143,0.1129,2947,26112,3.023686,-7.325,-2.681,1.151,0,-1,138,0,0,perturb
274,1776109737.3444626,0.1129,2947,26112,2.856753,-7.308,-2.164,1.141,0,-1,139,0,0,perturb
275,1776109739.3592591,0.1129,2947,26112,2.959552,-7.693,-2.499,1.134,0,-1,140,0,0,perturb
276,1776109741.3700266,0.1129,2947,26112,3.043709,-7.194,-2.538,1.108,0,-1,141,0,0,perturb
277,1776109743.3792393,0.1129,2947,26112,2.760054,-7.452,-2.267,1.121,0,-1,142,0,0,perturb
278,1776109745.3860028,0.1129,2947,26112,2.9505,-7.501,-2.715,1.099,0,-1,143,0,0,perturb
279,1776109747.3962233,0.1129,2947,26112,2.919558,-7.086,-2.457,1.08,0,-1,144,0,0,perturb
280,1776109749.4039497,0.1129,2947,26112,2.665583,-7.527,-2.455,1.096,0,-1,145,0,0,perturb
281,1776109751.4111514,0.1129,2947,26112,2.94846,-7.285,-2.769,1.11,0,-1,146,0,0,perturb
282,1776109753.4247108,0.1129,2947,26112,2.746791,-7.229,-2.309,1.16,0,-1,147,0,0,perturb
283,1776109755.4333074,0.1129,2949,26112,2.890244,-7.601,-2.606,1.129,0,-1,148,0,2,perturb
284,1776109757.4476106,0.1129,2949,26112,2.74088,-7.064,-2.607,1.149,0,-1,149,0,0,perturb
285,1776109759.458028,0.1129,2949,26112,2.631377,-7.306,-2.185,1.221,0,-1,150,0,0,perturb
286,1776109761.4650764,0.1129,2949,26112,2.830104,-7.352,-2.527,1.178,0,-1,151,0,0,perturb
287,1776109763.4749022,0.1129,2949,26112,2.675043,-6.991,-2.189,1.193,0,-1,152,0,0,perturb
288,1776109765.4869058,0.1129,2949,26112,2.641939,-7.507,-2.183,1.175,0,-1,153,0,0,perturb
289,1776109767.4933898,0.1129,2949,26112,2.931314,-7.296,-2.515,1.204,0,-1,154,0,0,perturb
290,1776109769.5001953,0.1129,2949,26112,2.723326,-7.286,-2.085,1.193,0,-1,155,0,0,perturb
291,1776109771.5116997,0.1129,2949,26112,2.862599,-7.577,-2.409,1.147,0,-1,156,0,0,perturb
292,1776109773.5186214,0.1129,2949,26112,2.917992,-7.074,-2.434,1.083,0,-1,157,0,0,perturb
293,1776109775.5268686,0.1129,2949,26112,2.686593,-7.306,-2.053,1.075,0,-1,158,0,0,perturb
294,1776109777.5414188,0.1129,2949,26112,2.78817,-7.353,-2.499,1.055,0,-1,159,0,0,perturb
295,1776109779.550125,0.1129,2949,26112,2.811006,-7.025,-2.215,1.037,0,-1,160,0,0,perturb
296,1776109781.563846,0.112,2977,26585,2.731831,-7.508,-2.159,1.041,0,-1,161,0,28,perturb
297,1776109783.5758128,0.112,2977,26585,2.888946,-7.22,-2.508,1.039,0,-1,162,0,0,perturb
298,1776109785.594703,0.112,2977,26585,2.808443,-7.249,-2.01,1.105,0,-1,163,0,0,perturb
299,1776109787.6103997,0.112,2977,26585,2.783619,-7.606,-2.306,1.071,0,-1,164,0,0,perturb
300,1776109789.621314,0.112,2977,26585,2.941542,-7.034,-2.302,1.099,0,-1,165,0,0,perturb
301,1776109791.6308136,0.112,2977,26585,2.596546,-7.286,-1.943,1.114,0,-1,165,0,0,perturb
302,1776109793.6412907,0.1121,2979,26585,2.747668,-7.269,-2.345,1.053,0,-1,166,0,2,perturb
303,1776109795.6532,0.1121,2979,26585,2.754035,-6.852,-2.024,1.095,0,-1,167,0,0,perturb
304,1776109797.6712115,0.1121,2979,26585,2.497309,-7.29,-2.0,1.048,0,-1,168,0,0,perturb
305,1776109799.6805634,0.1121,2979,26585,2.691388,-6.968,-2.339,1.119,0,-1,169,0,0,perturb
306,1776109801.6909344,0.1117,2970,26585,2.516166,-6.9,-1.847,1.088,0,-1,170,0,0,perturb
307,1776109803.7002058,0.1119,2968,26520,2.626744,-7.219,-2.181,1.143,0,-1,171,0,0,perturb
308,1776109805.7080503,0.1119,2968,26520,2.711534,-6.742,-2.21,1.146,0,-1,172,0,0,perturb
309,1776109807.7184272,0.1119,2968,26520,2.418096,-7.03,-1.785,1.1,0,-1,173,0,0,perturb
310,1776109809.732752,0.1119,2968,26520,2.537939,-7.035,-2.194,1.132,0,-1,174,0,0,perturb
311,1776109811.750256,0.1119,2968,26520,2.53514,-6.629,-1.919,1.119,0,-1,175,0,0,perturb
312,1776109813.7615144,0.1119,2968,26520,2.34097,-7.121,-1.953,1.167,0,-1,176,0,0,perturb
313,1776109815.776697,0.1119,2968,26520,2.583065,-6.85,-2.259,1.201,0,-1,177,0,0,perturb
314,1776109817.7891183,0.1119,2968,26520,2.503552,-6.903,-1.852,1.229,0,-1,178,0,0,perturb
315,1776109819.7987533,0.1119,2968,26520,2.596469,-7.322,-2.142,1.273,0,-1,179,0,0,perturb
316,1776109821.8094275,0.1119,2968,26520,2.782727,-6.942,-2.132,1.306,0,-1,180,0,0,perturb
317,1776109823.82395,0.1119,2968,26520,2.532989,-7.255,-1.759,1.246,0,-1,181,0,0,perturb
318,1776109825.841084,0.1119,2968,26520,2.798236,-7.344,-2.194,1.284,0,-1,181,0,0,perturb
319,1776109827.8502922,0.112,2971,26520,2.674579,-6.962,-1.849,1.293,0,-1,181,0,3,perturb
320,1776109829.858212,0.112,2971,26520,2.703978,-7.482,-1.741,1.296,0,-1,181,0,0,perturb
321,1776109831.8690927,0.112,2971,26520,2.875036,-7.217,-2.13,1.382,0,-1,181,0,0,perturb
322,1776109833.885121,0.112,2971,26520,2.684882,-7.186,-1.711,1.42,0,-1,181,0,0,perturb
323,1776109837.306016,0.112,2970,26520,2.634946,-7.46,-1.9,1.399,0,-1,182,0,0,perturb
324,1776109839.3137293,0.1119,2967,26520,2.649526,-6.891,-1.9,1.403,0,-1,183,0,0,perturb
325,1776109842.5277603,0.1119,2967,26520,2.429536,-7.044,-1.527,1.371,0,-1,184,0,0,perturb
326,1776109844.5392637,0.112,2969,26520,2.524343,-7.046,-1.927,1.386,0,-1,184,0,2,perturb
327,1776109846.5497231,0.112,2969,26520,2.490143,-6.708,-1.552,1.287,0,-1,185,0,0,perturb
328,1776109848.5591521,0.112,2969,26520,2.403623,-7.137,-1.469,1.343,0,-1,185,0,0,perturb
329,1776109850.5659323,0.112,2969,26520,2.616227,-6.925,-1.805,1.322,0,-1,185,0,0,perturb
330,1776109852.5755339,0.112,2969,26520,2.47246,-6.953,-1.303,1.322,0,-1,186,0,0,perturb
331,1776109854.5847733,0.112,2969,26520,2.555944,-7.342,-1.635,1.312,0,-1,186,0,0,perturb
332,1776109856.5950615,0.112,2969,26520,2.685622,-6.949,-1.672,1.329,0,-1,186,0,0,perturb
333,1776109858.6067343,0.1122,2975,26520,2.512379,-7.221,-1.248,1.189,0,-1,187,0,6,perturb
334,1776109860.6190407,0.1121,2981,26585,2.738726,-7.301,-1.676,1.185,0,-1,187,0,6,perturb
335,1776109862.6364534,0.1123,2985,26585,2.671969,-7.013,-1.399,1.237,0,-1,187,0,4,perturb
336,1776109864.656907,0.1123,2985,26585,2.544885,-7.465,-1.393,1.252,0,-1,188,0,0,perturb
337,1776109866.669232,0.1123,2985,26585,2.800781,-7.213,-1.718,1.298,0,-1,189,0,0,perturb
338,1776109868.6785429,0.1121,2980,26585,2.640876,-7.142,-1.306,1.284,0,-1,189,0,0,perturb
339,1776109870.69123,0.1121,2980,26585,2.606389,-7.501,-1.61,1.249,0,-1,190,0,0,perturb
340,1776109872.7017322,0.1121,2980,26585,2.779618,-7.052,-1.7,1.238,0,-1,191,0,0,perturb
341,1776109874.7105365,0.1121,2980,26585,2.536178,-7.328,-1.359,1.243,0,-1,192,0,0,perturb
342,1776109876.7226026,0.1123,2986,26585,2.763769,-7.443,-1.79,1.218,0,-1,193,0,6,perturb
343,1776109878.7358606,0.1123,2986,26585,2.718102,-7.051,-1.459,1.232,0,-1,193,0,0,perturb
344,1776109880.7530868,0.1126,2985,26520,2.567504,-7.526,-1.381,1.22,0,-1,194,0,0,perturb
345,1776109882.771517,0.1126,2985,26520,2.787711,-7.28,-1.734,1.172,0,-1,195,0,0,perturb
346,1776109884.7791452,0.1126,2985,26520,2.63284,-7.259,-1.295,1.213,0,-1,196,0,0,perturb
347,1776109886.7874603,0.1126,2985,26520,2.69704,-7.645,-1.641,1.166,0,-1,196,0,0,perturb
348,1776109888.8036084,0.1126,2985,26520,2.808434,-7.195,-1.732,1.207,0,-1,197,0,0,perturb
349,1776109890.817738,0.1127,2989,26520,2.600011,-7.408,-1.413,1.226,0,-1,198,0,4,perturb
350,1776109892.8349864,0.1127,2989,26520,2.794445,-7.431,-1.926,1.184,0,-1,199,0,0,perturb
351,1776109894.8436167,0.1127,2989,26520,2.664457,-7.025,-1.63,1.257,0,-1,199,0,0,perturb
352,1776109896.8603067,0.1127,2989,26520,2.519022,-7.47,-1.576,1.31,0,-1,200,0,0,perturb
353,1776109898.8710005,0.1126,2987,26520,2.726694,-7.096,-1.919,1.352,0,-1,201,0,0,perturb
354,1776109900.8787503,0.1126,2987,26520,2.501119,-6.98,-1.435,1.313,0,-1,202,0,0,perturb
355,1776109902.888769,0.1126,2987,26520,2.635011,-7.357,-1.692,1.284,0,-1,203,0,0,perturb
356,1776109904.9011116,0.1126,2987,26520,2.829272,-6.976,-1.73,1.337,0,-1,203,0,0,perturb
357,1776109906.9161596,0.1127,2988,26520,2.544655,-7.298,-1.458,1.326,0,-1,204,0,1,perturb
358,1776109908.927766,0.1127,2988,26520,2.798904,-7.343,-1.919,1.337,0,-1,204,0,0,perturb
359,1776109910.9401367,0.1127,2988,26520,2.758527,-7.021,-1.68,1.373,0,-1,204,0,0,perturb
360,1776109912.9568765,0.1127,2988,26520,2.657621,-7.524,-1.723,1.362,0,-1,205,0,0,perturb
361,1776109914.9662693,0.1127,2988,26520,2.75345,-7.202,-2.08,1.365,0,-1,206,0,0,perturb
362,1776109916.9761367,0.1127,2988,26520,2.634552,-7.147,-1.641,1.364,0,-1,207,0,0,perturb
363,1776109918.9866521,0.1127,2988,26520,2.607773,-7.407,-1.86,1.305,0,-1,208,0,0,perturb
364,1776109921.001469,0.1127,2988,26520,2.758823,-7.019,-1.899,1.301,0,-1,209,0,0,perturb
365,1776109923.0229146,0.1126,2987,26520,2.570349,-7.259,-1.608,1.35,0,-1,210,0,0,perturb
366,1776109925.0459604,0.1126,2987,26520,2.766001,-7.267,-2.039,1.362,0,-1,211,0,0,perturb
367,1776109927.0691404,0.1126,2987,26520,2.770933,-6.918,-1.84,1.407,0,-1,212,0,0,perturb
368,1776109929.4805892,0.1126,2987,26520,2.556312,-7.38,-1.839,1.425,0,-1,213,0,0,perturb
369,1776109933.4961314,0.1126,2987,26520,2.832724,-7.171,-2.231,1.444,0,-1,214,0,0,perturb
370,1776109937.5121796,0.1126,2987,26520,2.693124,-7.037,-1.783,1.475,0,-1,215,0,0,perturb
371,1776109941.6928704,0.1127,2988,26520,2.575137,-7.469,-1.797,1.48,0,-1,215,0,1,itpf_h-180
372,1776109945.817734,0.1127,2988,26520,2.853591,-7.938,-1.849,1.49,0,-1,215,0,0,itpf_h-180
373,1776109949.9994082,0.1127,2988,26520,3.083143,-7.996,-1.859,1.547,0,-1,215,0,0,itpf_h-180
374,1776109954.184033,0.1127,2988,26520,3.235703,-7.935,-1.873,1.464,0,-1,215,0,0,itpf_h-180
375,1776109958.3465762,0.1127,2988,26520,3.186474,-7.953,-1.84,1.446,0,-1,215,0,0,itpf_h-180
376,1776109961.864007,0.1127,2988,26520,3.14932,-7.931,-1.837,1.399,0,-1,215,0,0,itpf_h-180
377,1776109964.011565,0.1127,2988,26520,3.14932,-7.904,-1.852,1.414,0,-1,215,0,0,itpf_h-180
378,1776109966.3898857,0.1127,2988,26520,3.18938,-8.029,-1.78,1.442,0,-1,215,0,0,itpf_h-180
379,1776109970.6022928,0.1127,2988,26520,3.18938,-8.023,-1.747,1.353,0,-1,215,0,0,itpf_h-180
380,1776109972.7753694,0.1127,2988,26520,3.115595,-7.929,-1.698,1.442,0,-1,216,0,0,itpf_h-180
381,1776109977.1138856,0.1127,2988,26520,3.115595,-7.991,-1.705,1.411,0,-1,216,0,0,itpf_h-180
382,1776109980.812194,0.1127,2988,26520,3.181737,-7.98,-1.696,1.355,0,-1,216,0,0,itpf_h-180
383,1776109983.0642855,0.1127,2988,26520,3.181737,-7.972,-1.694,1.361,0,-1,216,0,0,itpf_h-180
384,1776109985.2859514,0.1127,2988,26520,3.181737,-8.074,-1.713,1.391,0,-1,216,0,0,itpf_h-180
385,1776109987.5670123,0.1127,2988,26520,3.181737,-8.036,-1.666,1.428,0,-1,216,0,0,itpf_h-180
386,1776109991.835699,0.1127,2988,26520,3.181737,-8.075,-1.661,1.405,0,-1,216,0,0,itpf_h-180
387,1776109995.871982,0.1127,2988,26520,3.181737,-8.055,-1.656,1.361,0,-1,216,0,0,itpf_h-180
388,1776109998.1856706,0.1127,2988,26520,3.181737,-8.018,-1.624,1.348,0,-1,216,0,0,itpf_h-180
389,1776110000.3926392,0.1127,2988,26520,3.181737,-8.004,-1.622,1.372,0,-1,216,0,0,itpf_h-180
390,1776110002.667325,0.1127,2988,26520,3.181737,-7.949,-1.576,1.389,0,-1,216,0,0,itpf_h-180
391,1776110004.9367416,0.1127,2988,26520,3.148917,-7.942,-1.532,1.399,0,-1,217,0,0,itpf_h-180
392,1776110007.2066028,0.1127,2988,26520,3.148917,-7.994,-1.55,1.407,0,-1,217,0,0,itpf_h-180
393,1776110011.1074374,0.1127,2988,26520,3.222426,-8.051,-1.548,1.374,0,-1,218,0,0,itpf_h-180
394,1776110013.4033895,0.1127,2988,26520,3.222426,-8.051,-1.584,1.315,0,-1,218,0,0,itpf_h-180
395,1776110015.640688,0.1127,2988,26520,3.222426,-8.025,-1.634,1.353,0,-1,218,0,0,itpf_h-180
396,1776110017.9342232,0.1127,2988,26520,3.222426,-8.01,-1.61,1.383,0,-1,218,0,0,itpf_h-180
397,1776110020.1798,0.1127,2988,26520,3.222426,-7.957,-1.598,1.379,0,-1,218,0,0,itpf_h-180
398,1776110022.4886067,0.1127,2988,26520,3.12985,-7.948,-1.587,1.373,0,-1,219,0,0,itpf_h-180
399,1776110024.7669895,0.1127,2988,26520,3.12985,-8.031,-1.561,1.353,0,-1,219,0,0,itpf_h-180
400,1776110027.003308,0.1127,2988,26520,3.12985,-8.073,-1.556,1.357,0,-1,219,0,0,itpf_h-180
401,1776110029.2226357,0.1127,2988,26520,3.12985,-8.061,-1.554,1.336,0,-1,219,0,0,itpf_h-180
402,1776110031.2318184,0.1127,2988,26520,3.12985,-7.963,-1.614,1.354,0,-1,219,0,0,perturb
403,1776110033.2408967,0.1126,2987,26520,3.165009,-7.843,-1.754,1.389,0,-1,220,0,0,perturb
404,1776110035.250166,0.1126,2987,26520,3.165009,-7.709,-1.644,1.416,0,-1,220,0,0,perturb
405,1776110039.2700267,0.1126,2987,26520,3.058118,-7.766,-1.635,1.435,0,-1,220,0,0,perturb
406,1776110043.2915432,0.1127,2988,26520,3.110221,-7.739,-1.776,1.487,0,-1,221,0,1,perturb
407,1776110047.307437,0.1127,2988,26520,2.996491,-7.657,-1.711,1.433,0,-1,222,0,0,perturb
408,1776110051.3249643,0.1127,2988,26520,3.032074,-7.738,-1.791,1.436,0,-1,222,0,0,perturb
409,1776110055.3397694,0.1127,2988,26520,3.003097,-7.617,-1.836,1.432,0,-1,223,0,0,perturb
410,1776110059.3545392,0.1127,2988,26520,2.966887,-7.688,-1.755,1.478,0,-1,224,0,0,perturb
411,1776110063.3749774,0.1127,2988,26520,3.083481,-7.754,-1.822,1.481,0,-1,225,0,0,perturb
412,1776110067.3931515,0.1127,2988,26520,2.983104,-7.616,-1.768,1.403,0,-1,226,0,0,perturb
413,1776110070.6080356,0.1127,2988,26520,2.925981,-7.702,-1.763,1.426,0,-1,227,0,0,perturb
414,1776110074.6286414,0.1127,2988,26520,2.974388,-7.539,-1.895,1.461,0,-1,228,0,0,perturb
415,1776110078.6556718,0.1127,2988,26520,2.845739,-7.525,-1.812,1.436,0,-1,229,0,0,perturb
416,1776110082.0751975,0.1127,2988,26520,2.994697,-7.68,-1.833,1.396,0,-1,230,0,0,perturb
417,1776110084.0884755,0.1127,2988,26520,2.994697,-7.524,-1.807,1.443,0,-1,230,0,0,perturb
418,1776110087.7070916,0.1127,2988,26520,2.886678,-7.614,-1.62,1.408,0,-1,231,0,0,perturb
419,1776110090.7216487,0.1127,2988,26520,2.991726,-7.656,-1.7,1.394,0,-1,232,0,0,perturb
420,1776110092.7304451,0.1127,2988,26520,2.991726,-7.548,-1.66,1.414,0,-1,232,0,0,perturb
421,1776110095.1412768,0.1127,2988,26520,2.932559,-7.702,-1.6,1.394,0,-1,233,0,0,perturb
422,1776110097.1502352,0.1127,2988,26520,2.932559,-7.687,-1.716,1.392,0,-1,233,0,0,perturb
423,1776110099.1616633,0.1127,2988,26520,2.977595,-7.591,-1.597,1.38,0,-1,234,0,0,perturb
424,1776110101.187539,0.1127,2988,26520,2.913018,-7.659,-1.72,1.381,0,-1,234,0,0,perturb
425,1776110103.2127342,0.1127,2988,26520,2.913018,-7.498,-1.759,1.416,0,-1,235,0,0,perturb
426,1776110106.0252938,0.1127,2988,26520,2.884912,-7.615,-1.604,1.369,0,-1,235,0,0,perturb
427,1776110108.0469103,0.1127,2988,26520,2.876676,-7.621,-1.718,1.331,0,-1,236,0,0,perturb
428,1776110110.0604825,0.1127,2988,26520,2.886282,-7.541,-1.634,1.323,0,-1,237,0,0,perturb
429,1776110112.0769653,0.1127,2988,26520,2.886282,-7.679,-1.563,1.339,0,-1,237,0,0,perturb
430,1776110114.088927,0.1127,2988,26520,2.947516,-7.636,-1.667,1.32,0,-1,237,0,0,perturb
431,1776110116.1018639,0.1127,2988,26520,2.924205,-7.597,-1.516,1.278,0,-1,238,0,0,perturb
432,1776110118.1117952,0.1127,2988,26520,2.924205,-7.67,-1.665,1.25,0,-1,238,0,0,perturb
433,1776110120.1213002,0.1127,2988,26520,2.954135,-7.552,-1.706,1.289,0,-1,238,0,0,perturb
434,1776110122.1360285,0.0991,3033,30600,2.957394,-7.642,-1.607,1.295,0,-1,238,0,45,perturb
435,1776110124.1603727,0.0991,3033,30600,2.957394,-7.711,-1.716,1.278,0,-1,238,0,0,perturb
436,1776110126.170712,0.0991,3033,30600,2.965025,-7.591,-1.663,1.271,0,-1,238,0,0,perturb
437,1776110128.1925287,0.1001,3063,30600,2.971859,-7.669,-1.618,1.278,0,-1,238,0,30,perturb
438,1776110130.2070284,0.1001,3063,30600,2.971859,-7.563,-1.702,1.283,0,-1,238,0,0,perturb
439,1776110132.2184155,0.1001,3063,30600,2.867894,-7.569,-1.585,1.291,0,-1,238,0,0,perturb
440,1776110134.2330039,0.0989,3067,31008,2.874212,-7.657,-1.72,1.279,0,-1,239,0,4,perturb
441,1776110136.2498145,0.0989,3067,31008,2.874212,-7.464,-1.778,1.261,0,-1,239,0,0,perturb
442,1776110138.2663145,0.0985,3096,31416,2.880402,-7.584,-1.681,1.235,0,-1,239,0,29,perturb
443,1776110140.2792346,0.0987,3101,31416,2.891856,-7.645,-1.845,1.236,0,-1,239,0,5,perturb
444,1776110142.289475,0.0987,3101,31416,2.891856,-7.52,-1.742,1.202,0,-1,239,0,0,perturb
445,1776110144.2993183,0.0994,3122,31416,2.896984,-7.629,-1.697,1.169,0,-1,239,0,21,perturb
446,1776110146.3107293,0.0994,3122,31416,2.896984,-7.574,-1.816,1.177,0,-1,239,0,0,perturb
447,1776110148.3232002,0.0994,3122,31416,2.896984,-7.567,-1.69,1.177,0,-1,239,0,0,perturb
448,1776110150.3343825,0.0994,3122,31416,2.910644,-7.642,-1.796,1.172,0,-1,239,0,0,perturb
449,1776110152.344559,0.0994,3124,31416,2.926469,-7.516,-1.845,1.168,0,-1,239,0,2,perturb
450,1776110154.3625247,0.0994,3124,31416,2.920971,-7.597,-1.742,1.155,0,-1,239,0,0,perturb
451,1776110156.3768384,0.1094,3347,30600,2.920971,-7.682,-1.947,1.118,0,-1,239,0,223,perturb
452,1776110158.3876274,0.1085,3319,30600,3.014408,-7.577,-1.935,1.113,0,-1,240,0,0,perturb
453,1776110160.3976274,0.1085,3319,30600,2.951203,-7.693,-1.894,1.128,0,-1,240,0,0,perturb
454,1776110162.4074898,0.1087,3327,30600,2.951203,-7.63,-2.025,1.139,0,-1,241,0,8,perturb
455,1776110164.4215221,0.1087,3327,30600,2.950705,-7.551,-1.879,1.152,0,-1,241,0,0,perturb
456,1776110166.4393883,0.1087,3327,30600,2.950705,-7.651,-2.041,1.192,0,-1,241,0,0,perturb
457,1776110168.451655,0.1087,3327,30600,2.959823,-7.569,-2.073,1.165,0,-1,241,0,0,perturb
458,1776110170.464384,0.1087,3327,30600,2.90763,-7.658,-1.959,1.137,0,-1,242,0,0,perturb
459,1776110172.4768977,0.1092,3342,30600,2.991262,-7.77,-2.087,1.13,0,-1,243,0,15,perturb
460,1776110174.4913077,0.1092,3342,30600,2.991262,-7.626,-2.016,1.146,0,-1,243,0,0,perturb
461,1776110176.5015595,0.1092,3342,30600,2.993651,-7.673,-1.966,1.157,0,-1,243,0,0,perturb
462,1776110178.5120714,0.1092,3342,30600,2.993651,-7.626,-2.096,1.121,0,-1,243,0,0,perturb
463,1776110180.5231922,0.1092,3342,30600,2.996093,-7.604,-1.919,1.137,0,-1,243,0,0,perturb
464,1776110182.5365083,0.1092,3342,30600,2.977705,-7.703,-2.017,1.114,0,-1,243,0,0,perturb
465,1776110184.550094,0.1081,3308,30600,2.977705,-7.568,-2.044,1.158,0,-1,244,0,0,perturb
466,1776110186.566379,0.1082,3311,30600,2.95032,-7.716,-1.907,1.158,0,-1,245,0,3,perturb
467,1776110188.5790234,0.1082,3311,30600,3.064284,-7.789,-2.081,1.17,0,-1,246,0,0,perturb
468,1776110190.591831,0.1082,3311,30600,3.064284,-7.729,-1.999,1.158,0,-1,246,0,0,perturb
469,1776110192.6048176,0.1082,3311,30600,3.06741,-7.851,-1.953,1.131,0,-1,246,0,0,perturb
470,1776110194.614962,0.1082,3311,30600,3.06741,-7.797,-2.106,1.112,0,-1,246,0,0,perturb
471,1776110196.6258202,0.1082,3312,30600,3.085133,-7.698,-1.902,1.107,0,-1,247,0,1,perturb
472,1776110198.6386418,0.1082,3311,30600,3.011836,-7.714,-1.978,1.134,0,-1,248,0,0,perturb
473,1776110200.6527517,0.1082,3311,30600,2.976921,-7.582,-2.004,1.134,0,-1,249,0,0,perturb
474,1776110202.6684492,0.1082,3311,30600,2.976921,-7.693,-1.921,1.122,0,-1,249,0,0,perturb
475,1776110204.683982,0.1082,3311,30600,3.02901,-7.725,-2.09,1.124,0,-1,250,0,0,perturb
476,1776110206.6959002,0.1082,3311,30600,3.02901,-7.585,-2.061,1.128,0,-1,250,0,0,perturb
477,1776110208.7049189,0.1082,3311,30600,2.995267,-7.731,-2.076,1.109,0,-1,251,0,0,perturb
478,1776110210.714246,0.1082,3311,30600,3.040875,-7.665,-2.261,1.103,0,-1,252,0,0,perturb
479,1776110212.7259257,0.1082,3311,30600,3.040875,-7.589,-2.093,1.076,0,-1,252,0,0,perturb
480,1776110214.737394,0.1082,3311,30600,2.959759,-7.648,-2.214,1.08,0,-1,253,0,0,perturb
481,1776110216.7475426,0.1082,3311,30600,2.989945,-7.517,-2.227,1.096,0,-1,254,0,0,perturb
482,1776110218.76556,0.1082,3311,30600,2.989945,-7.656,-2.139,1.074,0,-1,254,0,0,perturb
483,1776110220.7782617,0.1084,3316,30600,2.955275,-7.711,-2.299,1.085,0,-1,255,0,5,perturb
484,1776110222.789908,0.1084,3316,30600,2.994643,-7.541,-2.253,1.052,0,-1,256,0,0,perturb
485,1776110224.8031354,0.1084,3316,30600,2.994643,-7.641,-2.201,1.075,0,-1,256,0,0,perturb
486,1776110226.816649,0.1084,3316,30600,2.990458,-7.605,-2.327,1.05,0,-1,256,0,0,perturb
487,1776110228.8390298,0.1084,3316,30600,2.990458,-7.536,-2.203,1.087,0,-1,256,0,0,perturb
488,1776110230.8504503,0.1084,3316,30600,2.955576,-7.589,-2.329,1.084,0,-1,257,0,0,perturb
489,1776110232.869717,0.1084,3316,30600,3.023881,-7.477,-2.349,1.058,0,-1,258,0,0,perturb
490,1776110234.885893,0.1084,3316,30600,3.023881,-7.616,-2.185,1.071,0,-1,258,0,0,perturb
491,1776110236.8957932,0.1084,3316,30600,3.083696,-7.704,-2.336,1.077,0,-1,259,0,0,perturb
492,1776110238.911244,0.1084,3316,30600,3.083696,-7.641,-2.247,1.094,0,-1,259,0,0,perturb
493,1776110240.9224005,0.1084,3316,30600,3.067508,-7.769,-2.212,1.119,0,-1,260,0,0,perturb
494,1776110242.936425,0.1084,3316,30600,3.10737,-7.682,-2.396,1.117,0,-1,261,0,0,perturb
495,1776110244.9488406,0.1084,3316,30600,3.10737,-7.588,-2.236,1.157,0,-1,261,0,0,perturb
496,1776110246.9639676,0.1083,3314,30600,3.032615,-7.617,-2.283,1.079,0,-1,262,0,0,perturb
497,1776110249.0009072,0.1083,3314,30600,3.047531,-7.514,-2.304,1.066,0,-1,263,0,0,perturb
498,1776110251.019368,0.1083,3314,30600,3.047531,-7.654,-2.21,1.051,0,-1,263,0,0,perturb
499,1776110253.0318313,0.1083,3314,30600,3.063162,-7.671,-2.369,1.095,0,-1,264,0,0,perturb
500,1776110255.0444527,0.1083,3314,30600,3.063162,-7.552,-2.261,1.126,0,-1,264,0,0,perturb
501,1776110257.0562773,0.1083,3314,30600,2.99159,-7.714,-2.261,1.135,0,-1,265,0,0,perturb
502,1776110259.070253,0.1083,3314,30600,3.03887,-7.637,-2.397,1.154,0,-1,266,0,0,perturb
503,1776110261.0801804,0.1083,3314,30600,3.03887,-7.508,-2.21,1.127,0,-1,266,0,0,perturb
504,1776110263.0967884,0.1083,3314,30600,2.946602,-7.581,-2.325,1.098,0,-1,267,0,0,perturb
505,1776110265.1137538,0.1083,3314,30600,2.946602,-7.486,-2.405,1.13,0,-1,267,0,0,perturb
506,1776110267.1261778,0.1083,3314,30600,2.992885,-7.531,-2.276,1.15,0,-1,268,0,0,perturb
507,1776110269.144373,0.1083,3314,30600,3.004929,-7.582,-2.398,1.145,0,-1,269,0,0,perturb
508,1776110271.155514,0.1083,3314,30600,3.004929,-7.507,-2.348,1.126,0,-1,269,0,0,perturb
509,1776110273.177384,0.1083,3314,30600,2.973485,-7.684,-2.321,1.138,0,-1,270,0,0,perturb
510,1776110275.1869743,0.1083,3314,30600,3.051055,-7.614,-2.481,1.073,0,-1,271,0,0,perturb
511,1776110277.2011852,0.1083,3314,30600,3.051055,-7.547,-2.404,1.07,0,-1,271,0,0,perturb
512,1776110279.218375,0.1083,3314,30600,3.020488,-7.638,-2.531,1.052,0,-1,272,0,0,perturb
513,1776110281.2314074,0.1083,3314,30600,3.020488,-7.521,-2.631,1.044,0,-1,272,0,0,perturb
514,1776110283.248284,0.1083,3314,30600,3.018717,-7.614,-2.528,1.053,0,-1,273,0,0,perturb
515,1776110285.261261,0.1083,3314,30600,3.018621,-7.625,-2.695,1.089,0,-1,274,0,0,perturb
516,1776110287.2707117,0.1083,3314,30600,3.018621,-7.506,-2.69,1.068,0,-1,274,0,0,perturb
517,1776110289.2858865,0.1083,3314,30600,2.991124,-7.586,-2.65,1.065,0,-1,275,0,0,perturb
518,1776110291.3007357,0.1083,3314,30600,3.033555,-7.51,-2.781,1.075,0,-1,276,0,0,perturb
519,1776110293.311974,0.1083,3314,30600,3.033555,-7.434,-2.662,1.094,0,-1,276,0,0,perturb
520,1776110295.3251572,0.1083,3314,30600,2.966272,-7.571,-2.808,1.098,0,-1,277,0,0,perturb
521,1776110297.3364737,0.1083,3314,30600,3.01461,-7.421,-2.804,1.091,0,-1,278,0,0,perturb
522,1776110299.3526676,0.1083,3314,30600,3.01461,-7.467,-2.674,1.064,0,-1,278,0,0,perturb
523,1776110301.3650224,0.1083,3314,30600,2.973976,-7.467,-2.794,1.064,0,-1,279,0,0,perturb
524,1776110303.3784788,0.1083,3314,30600,2.973976,-7.357,-2.771,1.052,0,-1,279,0,0,perturb
525,1776110305.3970058,0.1083,3314,30600,2.984233,-7.461,-2.764,1.074,0,-1,280,0,0,perturb
526,1776110307.4064596,0.1083,3314,30600,3.008439,-7.368,-2.9,1.051,0,-1,281,0,0,perturb
527,1776110309.4196332,0.1083,3314,30600,3.008439,-7.342,-2.782,1.043,0,-1,281,0,0,perturb
528,1776110311.4384656,0.1083,3314,30600,2.921989,-7.459,-2.916,1.046,0,-1,282,0,0,perturb
529,1776110313.4621348,0.1083,3314,30600,2.974037,-7.273,-2.933,1.037,0,-1,282,0,0,perturb
530,1776110315.4756544,0.1083,3314,30600,2.974037,-7.321,-2.816,1.014,0,-1,282,0,0,perturb
531,1776110317.4898014,0.1083,3314,30600,2.88558,-7.349,-2.949,0.957,0,-1,282,0,0,perturb
532,1776110321.519069,0.1083,3313,30600,2.941152,-7.254,-2.849,0.987,0,-1,282,0,0,perturb
533,1776110325.5364218,0.1083,3313,30600,2.942536,-7.263,-2.883,0.943,0,-1,282,0,0,perturb
534,1776110329.5554562,0.1083,3313,30600,2.943266,-7.225,-2.979,1.003,0,-1,282,0,0,perturb
535,1776110331.5672922,0.1083,3313,30600,2.944222,-7.145,-2.822,0.983,0,-1,282,0,0,perturb
536,1776110335.5850947,0.1086,3322,30600,2.891424,-6.922,-3.099,1.007,0,-1,282,0,9,perturb
537,1776110337.6039045,0.1087,3325,30600,2.892899,-6.903,-2.607,0.943,0,-1,282,0,3,perturb
538,1776110341.7128212,0.1101,3368,30600,2.894433,-6.678,-2.107,0.966,0,-1,282,0,43,itpf_h67
539,1776110344.6627786,0.1104,3379,30600,2.445728,-7.15,-2.007,1.026,0,-1,282,0,11,itpf_h-180
540,1776110346.87075,0.1095,3358,30675,2.837013,-7.602,-2.0,1.04,0,-1,283,0,0,itpf_h-180
541,1776110349.006712,0.1095,3358,30675,3.126982,-8.025,-2.023,1.009,0,-1,284,0,0,itpf_h-180
542,1776110351.1776943,0.109,3360,30825,3.256182,-7.944,-2.003,0.994,0,-1,284,0,2,itpf_h-180
543,1776110354.7326837,0.109,3360,30825,3.181538,-8.012,-2.019,1.079,0,-1,284,0,0,itpf_h-180
544,1776110356.893372,0.109,3360,30825,3.231469,-7.975,-1.931,1.008,0,-1,284,0,0,itpf_h-180
545,1776110359.0694146,0.1091,3362,30825,3.231469,-8.051,-1.896,1.003,0,-1,284,0,2,itpf_h-180
546,1776110361.1922898,0.1091,3362,30825,3.231469,-7.999,-1.927,1.062,0,-1,284,0,0,itpf_h-180
547,1776110363.326709,0.1091,3362,30825,3.236827,-8.078,-1.902,1.05,0,-1,284,0,0,itpf_h-180
548,1776110365.4990344,0.1091,3362,30825,3.236827,-7.98,-1.879,0.989,0,-1,284,0,0,itpf_h-180
549,1776110367.866548,0.1091,3362,30825,3.236827,-7.933,-1.899,1.006,0,-1,284,0,0,itpf_h-180
550,1776110369.987027,0.1091,3362,30825,3.201345,-7.975,-1.872,1.08,0,-1,284,0,0,itpf_h-180
551,1776110372.1403072,0.1091,3362,30825,3.201345,-7.928,-1.859,1.037,0,-1,284,0,0,itpf_h-180
552,1776110374.2795606,0.1091,3362,30825,3.20987,-7.954,-1.94,1.024,0,-1,284,0,0,itpf_h-180
553,1776110376.4234939,0.1091,3362,30825,3.20987,-7.991,-1.923,0.974,0,-1,284,0,0,itpf_h-180
554,1776110379.1712143,0.1091,3362,30825,3.20987,-7.959,-1.9,1.013,0,-1,284,0,0,itpf_h-180
555,1776110381.3072417,0.1091,3362,30825,3.20987,-7.958,-1.898,1.084,0,-1,284,0,0,itpf_h-180
556,1776110383.4806037,0.1091,3362,30825,3.214684,-8.045,-1.938,1.018,0,-1,284,0,0,itpf_h-180
557,1776110385.6736066,0.1091,3362,30825,3.201293,-7.972,-1.849,1.072,0,-1,284,0,0,itpf_h-180
558,1776110387.8728516,0.1091,3362,30825,3.201293,-8.048,-1.813,1.095,0,-1,284,0,0,itpf_h-180
559,1776110390.049196,0.1091,3362,30825,3.196223,-7.985,-1.726,1.123,0,-1,284,0,0,itpf_h-180
560,1776110392.212577,0.109,3360,30825,3.163384,-8.045,-1.663,1.069,0,-1,284,0,0,itpf_h-180
561,1776110394.352884,0.109,3360,30825,3.163384,-7.989,-1.635,1.096,0,-1,284,0,0,itpf_h-180
562,1776110396.5215209,0.109,3360,30825,3.163384,-8.054,-1.636,1.075,0,-1,284,0,0,itpf_h-180
563,1776110398.7396977,0.109,3360,30825,3.170493,-7.998,-1.682,1.035,0,-1,284,0,0,itpf_h-180
564,1776110400.9378908,0.109,3360,30825,3.170493,-7.974,-1.698,1.083,0,-1,284,0,0,itpf_h-180
565,1776110403.1353047,0.109,3360,30825,3.170493,-8.047,-1.746,1.083,0,-1,284,0,0,itpf_h-180
566,1776110405.406958,0.109,3360,30825,3.235921,-8.006,-1.796,1.097,0,-1,284,0,0,itpf_h-180
567,1776110407.6112955,0.109,3360,30825,3.235921,-8.035,-1.85,1.071,0,-1,284,0,0,itpf_h-180
568,1776110409.7899034,0.109,3360,30825,3.219779,-7.993,-1.85,1.109,0,-1,284,0,0,itpf_h-180
569,1776110411.9269452,0.109,3360,30825,3.219779,-7.952,-1.901,1.069,0,-1,284,0,0,itpf_h-180
570,1776110413.940205,0.109,3360,30825,3.142404,-7.949,-2.204,1.1,0,-1,284,0,0,perturb
571,1776110415.9509401,0.109,3360,30825,3.160286,-7.436,-2.214,1.057,0,-1,285,0,0,perturb
572,1776110417.9669158,0.1089,3356,30825,2.966383,-7.759,-1.846,1.072,0,-1,286,0,0,perturb
573,1776110419.9833102,0.1089,3356,30825,3.072203,-7.79,-2.31,1.065,0,-1,287,0,0,perturb
574,1776110422.0021071,0.1089,3356,30825,3.031343,-7.462,-2.041,1.075,0,-1,288,0,0,perturb
575,1776110424.0132015,0.1089,3356,30825,2.923983,-7.923,-2.012,1.114,0,-1,289,0,0,perturb
576,1776110426.0260756,0.1089,3356,30825,3.173882,-7.639,-2.41,1.103,0,-1,290,0,0,perturb
577,1776110428.0387685,0.1089,3356,30825,2.960692,-7.575,-2.003,1.123,0,-1,291,0,0,perturb
578,1776110430.0503232,0.1089,3356,30825,2.911357,-7.974,-2.325,1.118,0,-1,292,0,0,perturb
579,1776110432.0673382,0.1089,3356,30825,3.177062,-7.489,-2.363,1.116,0,-1,293,0,0,perturb
580,1776110434.0846794,0.1089,3356,30825,2.916341,-7.776,-1.99,1.142,0,-1,294,0,0,perturb
581,1776110436.0955353,0.1089,3356,30825,3.030654,-7.845,-2.485,1.183,0,-1,295,0,0,perturb
582,1776110438.1115065,0.1089,3356,30825,3.157547,-7.483,-2.18,1.152,0,-1,296,0,0,perturb
583,1776110440.1268642,0.1089,3356,30825,2.949305,-7.934,-2.145,1.169,0,-1,297,0,0,perturb
584,1776110442.138556,0.1089,3356,30825,3.230835,-7.686,-2.545,1.111,0,-1,298,0,0,perturb
585,1776110444.153318,0.1089,3356,30825,3.067847,-7.66,-2.045,1.131,0,-1,299,0,0,perturb
586,1776110446.171187,0.1089,3356,30825,3.000068,-7.976,-2.414,1.112,0,-1,300,0,0,perturb
587,1776110448.1834261,0.1089,3356,30825,3.212012,-7.546,-2.442,1.134,0,-1,301,0,0,perturb
588,1776110450.1930838,0.1089,3356,30825,2.987075,-7.837,-2.179,1.087,0,-1,302,0,0,perturb
589,1776110452.2021635,0.1089,3356,30825,3.126581,-7.873,-2.619,1.085,0,-1,303,0,0,perturb
590,1776110454.2118413,0.1089,3356,30825,3.16779,-7.602,-2.347,1.039,0,-1,304,0,0,perturb
591,1776110456.2238955,0.1089,3356,30825,2.969297,-7.911,-2.386,1.033,0,-1,305,0,0,perturb
592,1776110458.2340934,0.1089,3356,30825,3.152433,-7.553,-2.776,1.004,0,-1,306,0,0,perturb
593,1776110460.247499,0.1089,3356,30825,3.014608,-7.524,-2.304,1.069,0,-1,307,0,0,perturb
594,1776110462.2620301,0.1089,3356,30825,3.009193,-7.888,-2.666,0.994,0,-1,308,0,0,perturb
595,1776110465.078592,0.1089,3356,30825,3.266978,-7.41,-2.737,0.976,0,-1,309,0,0,perturb
596,1776110469.106108,0.1089,3356,30825,3.050329,-7.805,-2.347,1.005,0,-1,309,0,0,perturb
597,1776110471.1235332,0.1089,3356,30825,3.138188,-7.817,-2.81,1.013,0,-1,310,0,0,perturb
598,1776110473.1354523,0.1089,3356,30825,3.17746,-7.425,-2.47,1.059,0,-1,311,0,0,perturb
599,1776110475.1537464,0.1089,3356,30825,2.904007,-7.817,-2.475,1.049,0,-1,312,0,0,perturb
600,1776110477.1693654,0.1089,3356,30825,3.162264,-7.52,-2.883,1.022,0,-1,313,0,0,perturb
601,1776110479.1860058,0.1089,3358,30825,3.051637,-7.422,-2.383,0.997,0,-1,314,0,2,perturb
602,1776110481.8018215,0.1088,3353,30825,2.940902,-7.725,-2.618,1.02,0,-1,315,0,0,perturb
603,1776110483.8218908,0.1088,3353,30825,3.116987,-7.311,-2.68,1.024,0,-1,316,0,0,perturb
604,1776110485.8326864,0.1088,3353,30825,2.930576,-7.631,-2.354,1.06,0,-1,317,0,0,perturb
605,1776110487.845203,0.1088,3353,30825,3.118637,-7.689,-2.834,1.079,0,-1,318,0,0,perturb
606,1776110489.8590784,0.1088,3353,30825,3.134795,-7.298,-2.546,1.027,0,-1,319,0,0,perturb
607,1776110491.868311,0.1088,3353,30825,2.921362,-7.698,-2.513,1.045,0,-1,320,0,0,perturb
608,1776110493.8789618,0.1088,3353,30825,3.081232,-7.342,-2.911,1.058,0,-1,321,0,0,perturb
609,1776110495.8899522,0.1088,3353,30825,2.9492,-7.265,-2.522,1.085,0,-1,322,0,0,perturb
610,1776110497.911853,0.1088,3353,30825,2.84902,-7.638,-2.847,1.13,0,-1,323,0,0,perturb
611,1776110499.9298966,0.1088,3353,30825,2.981138,-7.137,-2.796,1.158,0,-1,324,0,0,perturb
612,1776110501.9509506,0.1086,3347,30825,2.818546,-7.465,-2.452,1.136,0,-1,325,0,0,perturb
613,1776110503.9659953,0.1086,3347,30825,2.90674,-7.449,-2.922,1.092,0,-1,326,0,0,perturb
614,1776110505.9784126,0.1086,3347,30825,3.005382,-7.17,-2.673,1.14,0,-1,327,0,0,perturb
615,1776110507.9937303,0.1086,3347,30825,2.804362,-7.568,-2.6,1.208,0,-1,328,0,0,perturb
616,1776110510.0109246,0.1086,3347,30825,3.008558,-7.312,-2.927,1.215,0,-1,328,0,0,perturb
617,1776110512.0286105,0.1086,3347,30825,2.840914,-7.241,-2.498,1.135,0,-1,329,0,0,perturb
618,1776110514.0483787,0.1086,3347,30825,2.784102,-7.561,-2.794,1.114,0,-1,330,0,0,perturb
619,1776110516.0691943,0.1086,3347,30825,3.031095,-7.083,-2.833,1.12,0,-1,331,0,0,perturb
620,1776110518.0872793,0.1086,3347,30825,2.83123,-7.387,-2.514,1.156,0,-1,331,0,0,perturb
621,1776110520.0979872,0.1086,3347,30825,2.90726,-7.474,-2.983,1.169,0,-1,332,0,0,perturb
622,1776110522.1126344,0.1086,3347,30825,2.993165,-7.204,-2.678,1.2,0,-1,333,0,0,perturb
623,1776110524.1239874,0.1086,3347,30825,2.755592,-7.609,-2.639,1.155,0,-1,334,0,0,perturb
624,1776110526.1418533,0.1086,3347,30825,3.001708,-7.288,-3.033,1.205,0,-1,335,0,0,perturb
625,1776110528.160282,0.1086,3347,30825,2.892606,-7.231,-2.572,1.202,0,-1,336,0,0,perturb
626,1776110530.1739264,0.1086,3347,30825,2.722361,-7.514,-2.896,1.196,0,-1,337,0,0,perturb
627,1776110532.1901505,0.1086,3347,30825,2.931922,-7.015,-2.988,1.215,0,-1,338,0,0,perturb
628,1776110534.204913,0.1086,3347,30825,2.678218,-7.292,-2.614,1.271,0,-1,338,0,0,perturb
629,1776110536.2221076,0.1087,3350,30825,2.839295,-7.354,-3.089,1.208,0,-1,339,0,3,perturb
630,1776110538.2326086,0.1087,3350,30825,2.931089,-7.082,-2.816,1.174,0,-1,340,0,0,perturb
631,1776110540.2499473,0.1087,3350,30825,2.733035,-7.565,-2.718,1.152,0,-1,341,0,0,perturb
632,1776110542.2692142,0.1087,3350,30825,2.980354,-7.251,-3.027,1.171,0,-1,341,0,0,perturb
633,1776110544.2847807,0.1087,3350,30825,2.914006,-7.241,-2.535,1.163,0,-1,342,0,0,perturb
634,1776110546.302941,0.1087,3350,30825,2.856101,-7.553,-2.766,1.203,0,-1,343,0,0,perturb
635,1776110548.3190491,0.1087,3350,30825,3.083805,-7.203,-2.802,1.143,0,-1,344,0,0,perturb
636,1776110550.329129,0.1087,3350,30825,2.878745,-7.503,-2.423,1.125,0,-1,345,0,0,perturb
637,1776110552.3409488,0.1087,3350,30825,3.03663,-7.545,-2.879,1.098,0,-1,346,0,0,perturb
638,1776110554.3554602,0.1087,3350,30825,3.08234,-7.138,-2.561,1.064,0,-1,347,0,0,perturb
639,1776110556.3712783,0.1087,3350,30825,2.7523,-7.567,-2.512,1.063,0,-1,348,0,0,perturb
640,1776110558.3830485,0.1087,3350,30825,3.021214,-7.288,-2.887,1.054,0,-1,349,0,0,perturb
641,1776110560.3921976,0.1087,3350,30825,2.913238,-7.3,-2.41,1.056,0,-1,350,0,0,perturb
642,1776110562.404455,0.1087,3350,30825,2.825969,-7.652,-2.703,1.104,0,-1,351,0,0,perturb
643,1776110564.4223697,0.1087,3350,30825,3.096604,-7.255,-2.768,1.062,0,-1,351,0,0,perturb
644,1776110566.4371293,0.1087,3350,30825,2.902408,-7.61,-2.425,1.085,0,-1,352,0,0,perturb
645,1776110568.453057,0.1087,3350,30825,3.058781,-7.743,-2.885,1.083,0,-1,353,0,0,perturb
646,1776110570.469171,0.1087,3350,30825,3.234223,-7.478,-2.648,1.087,0,-1,354,0,0,perturb
647,1776110572.4875195,0.1087,3350,30825,3.049096,-7.968,-2.582,1.073,0,-1,355,0,0,perturb
648,1776110574.5033445,0.1087,3350,30825,3.316587,-7.671,-2.917,1.092,0,-1,356,0,0,perturb
649,1776110576.5127923,0.1087,3350,30825,3.214,-7.64,-2.444,1.153,0,-1,357,0,0,perturb
650,1776110578.5312636,0.1087,3350,30825,3.016125,-7.959,-2.758,1.113,0,-1,358,0,0,perturb
651,1776110580.560453,0.1087,3350,30825,3.264741,-7.478,-2.764,1.178,0,-1,359,0,0,perturb
652,1776110582.5769303,0.1087,3350,30825,3.049573,-7.788,-2.376,1.2,0,-1,360,0,0,perturb
653,1776110584.5880387,0.1087,3350,30825,3.16329,-7.852,-2.763,1.164,0,-1,361,0,0,perturb
654,1776110586.6094832,0.1087,3350,30825,3.247758,-7.539,-2.507,1.212,0,-1,362,0,0,perturb
655,1776110588.625945,0.1087,3350,30825,2.962549,-7.972,-2.45,1.32,0,-1,363,0,0,perturb
656,1776110590.636907,0.1087,3350,30825,3.137674,-7.644,-2.861,1.312,0,-1,364,0,0,perturb
657,1776110592.663862,0.1087,3350,30825,3.107628,-7.596,-2.409,1.349,0,-1,365,0,0,perturb
658,1776110594.6809638,0.1087,3350,30825,2.992883,-8.016,-2.625,1.371,0,-1,365,0,0,perturb
659,1776110596.6990836,0.1087,3352,30825,3.305538,-7.541,-2.726,1.377,0,-1,366,0,2,perturb
660,1776110598.709514,0.1088,3353,30825,3.059473,-7.796,-2.379,1.402,0,-1,367,0,1,perturb
661,1776110600.9202027,0.1088,3353,30825,3.188723,-7.944,-2.811,1.358,0,-1,368,0,0,perturb
662,1776110602.9337773,0.1088,3353,30825,3.336309,-7.67,-2.551,1.343,0,-1,369,0,0,perturb
663,1776110604.950089,0.1088,3353,30825,3.109429,-7.969,-2.529,1.292,0,-1,370,0,0,perturb
664,1776110606.9705267,0.1087,3351,30825,3.299796,-7.671,-2.843,1.399,0,-1,371,0,0,perturb
665,1776110608.9858055,0.1087,3351,30825,3.220055,-7.623,-2.432,1.292,0,-1,371,0,0,perturb
666,1776110611.004232,0.1087,3351,30825,3.021421,-7.979,-2.672,1.269,0,-1,372,0,0,perturb
667,1776110613.023161,0.1087,3351,30825,3.328339,-7.555,-2.755,1.247,0,-1,373,0,0,perturb
668,1776110615.0434675,0.1087,3351,30825,3.1847,-7.896,-2.378,1.295,0,-1,374,0,0,perturb
669,1776110617.056594,0.1087,3351,30825,3.239571,-7.965,-2.778,1.238,0,-1,375,0,0,perturb
670,1776110619.0708125,0.1087,3352,30825,3.239571,-7.688,-2.487,1.271,0,-1,376,0,1,perturb
671,1776110621.082302,0.1087,3352,30825,3.083025,-7.972,-2.324,1.274,0,-1,377,0,0,perturb
672,1776110623.102338,0.1087,3352,30825,3.149335,-7.654,-2.602,1.251,0,-1,378,0,0,perturb
673,1776110625.114601,0.1087,3352,30825,3.197472,-7.662,-2.159,1.314,0,-1,378,0,0,perturb
674,1776110627.1294076,0.1087,3352,30825,2.996627,-7.999,-2.368,1.284,0,-1,379,0,0,perturb
675,1776110629.14563,0.1087,3352,30825,3.162851,-7.531,-2.417,1.33,0,-1,379,0,0,perturb
676,1776110631.1631737,0.1087,3352,30825,2.978054,-7.795,-2.082,1.316,0,-1,380,0,0,perturb
677,1776110633.1796272,0.1088,3353,30825,3.151992,-7.893,-2.525,1.333,0,-1,381,0,1,perturb
678,1776110635.1922822,0.1088,3353,30825,3.151992,-7.557,-2.26,1.393,0,-1,382,0,0,perturb
679,1776110637.203832,0.1088,3353,30825,2.992347,-7.969,-2.149,1.408,0,-1,382,0,0,perturb
680,1776110639.416346,0.1088,3353,30825,3.209379,-7.742,-2.493,1.367,0,-1,383,0,0,perturb
681,1776110641.427629,0.1088,3353,30825,3.073703,-7.659,-2.009,1.465,0,-1,384,0,0,perturb
682,1776110645.4433994,0.1088,3353,30825,3.009694,-7.987,-2.168,1.406,0,-1,384,0,0,perturb
683,1776110648.0600142,0.1088,3353,30825,3.305716,-7.719,-2.113,1.424,0,-1,385,0,0,perturb
684,1776110652.079677,0.1088,3353,30825,3.085636,-8.021,-1.911,1.462,0,-1,386,0,0,perturb
685,1776110656.105106,0.1088,3353,30825,3.202532,-7.938,-2.254,1.464,0,-1,386,0,0,perturb
686,1776110660.1236067,0.1088,3353,30825,3.229588,-7.554,-1.98,1.439,0,-1,387,0,0,perturb
687,1776110663.5459254,0.1088,3353,30825,2.964311,-7.971,-1.906,1.497,0,-1,388,0,0,perturb
688,1776110667.5634625,0.1088,3353,30825,3.167002,-7.564,-2.252,1.553,0,-1,388,0,0,perturb
689,1776110671.5853844,0.1087,3351,30825,3.155093,-7.596,-1.862,1.569,0,-1,388,0,0,perturb
690,1776110675.6039248,0.1087,3351,30825,3.141884,-7.989,-2.183,1.57,0,-1,388,0,0,perturb
691,1776110679.8239427,0.1087,3352,30825,3.380692,-8.156,-2.153,1.573,0,-1,389,0,1,itpf_h-180
692,1776110683.965121,0.1087,3352,30825,3.41789,-8.011,-2.09,1.56,0,-1,389,0,0,itpf_h-180
693,1776110688.146239,0.1087,3352,30825,3.277748,-8.024,-2.039,1.446,0,-1,389,0,0,itpf_h-180
694,1776110692.3165817,0.1087,3352,30825,3.28836,-8.037,-2.082,1.398,0,-1,390,0,0,itpf_h-180
695,1776110694.4998226,0.1087,3352,30825,3.305745,-8.04,-2.119,1.412,0,-1,390,0,0,itpf_h-180
696,1776110696.8463202,0.1087,3352,30825,3.217405,-7.968,-2.116,1.347,0,-1,391,0,0,itpf_h-180
697,1776110699.034737,0.1087,3352,30825,3.163005,-8.051,-2.11,1.249,0,-1,392,0,0,itpf_h-180
698,1776110701.2575986,0.1087,3352,30825,3.224406,-8.059,-2.094,1.205,0,-1,392,0,0,itpf_h-180
699,1776110703.4335234,0.1087,3352,30825,3.26465,-8.051,-2.1,1.223,0,-1,392,0,0,itpf_h-180
700,1776110705.6548421,0.1086,3347,30825,3.240565,-7.992,-2.087,1.235,0,-1,393,0,0,itpf_h-180
701,1776110707.8721864,0.1086,3347,30825,3.240565,-7.989,-2.07,1.246,0,-1,393,0,0,itpf_h-180
702,1776110710.0662334,0.1086,3347,30825,3.159486,-8.022,-2.057,1.203,0,-1,393,0,0,itpf_h-180
703,1776110712.197934,0.1086,3347,30825,3.159486,-8.057,-2.014,1.248,0,-1,393,0,0,itpf_h-180
704,1776110714.411582,0.1086,3347,30825,3.21565,-7.946,-1.987,1.253,0,-1,393,0,0,itpf_h-180
705,1776110716.5752583,0.1086,3347,30825,3.116019,-7.928,-1.92,1.267,0,-1,393,0,0,itpf_h-180
706,1776110718.805761,0.1086,3347,30825,3.116019,-7.965,-2.007,1.229,0,-1,393,0,0,itpf_h-180
707,1776110720.9707284,0.1086,3347,30825,3.116019,-8.035,-2.02,1.265,0,-1,393,0,0,itpf_h-180
708,1776110723.121469,0.1086,3347,30825,3.208844,-7.986,-2.042,1.258,0,-1,393,0,0,itpf_h-180
709,1776110725.2814467,0.1086,3347,30825,3.208844,-8.004,-2.03,1.289,0,-1,393,0,0,itpf_h-180
710,1776110727.47898,0.1086,3347,30825,3.208844,-8.028,-2.047,1.313,0,-1,393,0,0,itpf_h-180
711,1776110729.6903853,0.1086,3347,30825,3.197681,-7.943,-2.059,1.301,0,-1,393,0,0,itpf_h-180
712,1776110731.844846,0.1086,3347,30825,3.197681,-7.975,-2.062,1.283,0,-1,393,0,0,itpf_h-180
713,1776110734.0417054,0.1086,3347,30825,3.197681,-7.99,-2.036,1.236,0,-1,393,0,0,itpf_h-180
714,1776110736.1843548,0.1086,3347,30825,3.197681,-7.972,-2.041,1.284,0,-1,393,0,0,itpf_h-180
715,1776110738.29888,0.1086,3347,30825,3.197681,-7.983,-2.013,1.263,0,-1,393,0,0,itpf_h-180
716,1776110740.440284,0.1086,3347,30825,3.197681,-7.981,-1.955,1.278,0,-1,393,0,0,itpf_h-180
717,1776110742.5725005,0.1086,3347,30825,3.178255,-7.961,-1.895,1.249,0,-1,393,0,0,itpf_h-180
718,1776110744.7084932,0.1086,3347,30825,3.178255,-8.031,-1.92,1.155,0,-1,393,0,0,itpf_h-180
719,1776110746.8911765,0.1086,3347,30825,3.164124,-7.873,-1.955,1.21,0,-1,393,0,0,itpf_h-180
720,1776110749.1544285,0.1086,3347,30825,3.073429,-7.967,-1.941,1.238,0,-1,393,0,0,itpf_h-180
721,1776110751.2847521,0.1086,3347,30825,3.15631,-7.95,-1.883,1.198,0,-1,393,0,0,itpf_h-180
722,1776110753.2993116,0.1086,3347,30825,3.15631,-7.577,-1.845,1.151,0,-1,393,0,0,perturb
723,1776110755.3161306,0.1086,3347,30825,3.15801,-7.822,-1.554,1.155,0,-1,393,0,0,perturb
724,1776110757.332773,0.1086,3348,30825,2.85633,-7.786,-1.97,1.203,0,-1,393,0,1,perturb
725,1776110759.3482308,0.1086,3348,30825,2.860434,-7.448,-1.701,1.155,0,-1,393,0,0,perturb
726,1776110761.3717604,0.1086,3349,30825,3.045996,-7.911,-1.61,1.212,0,-1,393,0,1,perturb
727,1776110763.383192,0.1086,3349,30825,3.048131,-7.591,-2.012,1.112,0,-1,393,0,0,perturb
728,1776110765.3992965,0.1086,3349,30825,2.958041,-7.569,-1.652,1.116,0,-1,394,0,0,perturb
729,1776110767.4168103,0.1086,3349,30825,2.878716,-7.889,-1.985,1.119,0,-1,395,0,0,perturb
730,1776110769.4299984,0.1087,3351,30825,2.965223,-7.431,-2.059,1.139,0,-1,396,0,2,perturb
731,1776110771.4504583,0.1087,3351,30825,2.803992,-7.65,-1.771,1.189,0,-1,397,0,0,perturb
732,1776110773.4649184,0.1086,3349,30825,2.803992,-7.729,-2.169,1.147,0,-1,398,0,0,perturb
733,1776110775.4759212,0.1086,3349,30825,3.059899,-7.436,-1.917,1.159,0,-1,398,0,0,perturb
734,1776110777.4885433,0.1087,3351,30825,3.059899,-7.836,-1.831,1.225,0,-1,399,0,2,perturb
735,1776110779.5047235,0.1087,3352,30825,2.810789,-7.606,-2.212,1.138,0,-1,400,0,1,perturb
736,1776110781.5150747,0.1087,3352,30825,3.143452,-7.562,-1.856,1.137,0,-1,401,0,0,perturb
737,1776110783.5291448,0.1087,3351,30825,2.96177,-7.937,-2.241,1.122,0,-1,402,0,0,perturb
738,1776110785.5405552,0.1087,3351,30825,3.055789,-7.463,-2.304,1.104,0,-1,403,0,0,perturb
739,1776110787.5537605,0.1087,3351,30825,2.899996,-7.667,-1.948,1.129,0,-1,404,0,0,perturb
740,1776110789.567675,0.1087,3351,30825,2.937108,-7.617,-2.299,1.068,0,-1,405,0,0,perturb
741,1776110791.585181,0.1087,3351,30825,2.999901,-7.342,-1.995,1.034,0,-1,406,0,0,perturb
742,1776110793.5995293,0.1089,3358,30825,2.90944,-7.737,-1.922,1.05,0,-1,406,0,7,perturb
743,1776110795.6154451,0.1088,3355,30825,2.746867,-7.398,-2.297,1.04,0,-1,407,0,0,perturb
744,1776110797.6296473,0.1088,3355,30825,3.019306,-7.382,-1.94,0.989,0,-1,408,0,0,perturb
745,1776110800.046755,0.1088,3355,30825,2.902803,-7.763,-2.236,1.068,0,-1,409,0,0,perturb
746,1776110802.0567057,0.1088,3355,30825,3.139445,-7.316,-2.274,0.971,0,-1,410,0,0,perturb
747,1776110804.867435,0.1088,3355,30825,2.855809,-7.516,-1.882,0.99,0,-1,411,0,0,perturb
748,1776110809.0835848,0.1091,3362,30825,2.882583,-7.892,-1.751,0.985,0,-1,411,0,7,itpf_h-180
749,1776110813.2733786,0.1091,3362,30825,3.240214,-8.012,-1.768,0.922,0,-1,411,0,0,itpf_h-180
750,1776110817.4700367,0.1091,3362,30825,3.324224,-7.988,-1.875,0.916,0,-1,411,0,0,itpf_h-180
751,1776110821.6517794,0.1091,3362,30825,3.254666,-7.938,-2.015,0.908,0,-1,411,0,0,itpf_h-180
752,1776110825.97345,0.1089,3357,30825,3.234218,-7.989,-1.971,1.001,0,-1,411,0,0,itpf_h-180
753,1776110828.2256768,0.1089,3358,30825,3.301081,-8.114,-1.966,1.026,0,-1,412,0,1,itpf_h-180
754,1776110830.521862,0.1082,3361,31050,3.370391,-8.011,-1.965,1.069,0,-1,412,0,3,itpf_h-180
755,1776110832.7057288,0.1082,3361,31050,3.307089,-8.066,-2.006,1.063,0,-1,412,0,0,itpf_h-180
756,1776110834.8870955,0.1082,3361,31050,3.287578,-7.99,-1.973,1.109,0,-1,412,0,0,itpf_h-180
757,1776110837.1110392,0.1082,3361,31050,3.287578,-7.931,-1.961,1.105,0,-1,412,0,0,itpf_h-180
758,1776110839.3486946,0.1082,3361,31050,3.227607,-8.012,-1.933,1.13,0,-1,412,0,0,itpf_h-180
759,1776110841.5924773,0.1082,3361,31050,3.194514,-7.958,-1.975,1.183,0,-1,412,0,0,itpf_h-180
760,1776110843.7410486,0.1082,3361,31050,3.186711,-7.981,-2.028,1.168,0,-1,412,0,0,itpf_h-180
761,1776110845.938768,0.1082,3361,31050,3.186711,-8.0,-2.078,1.164,0,-1,412,0,0,itpf_h-180
762,1776110848.1071434,0.1082,3361,31050,3.189273,-7.945,-2.078,1.23,0,-1,412,0,0,itpf_h-180
763,1776110850.3141496,0.1082,3361,31050,3.189273,-7.98,-2.094,1.215,0,-1,412,0,0,itpf_h-180
764,1776110852.4469352,0.1082,3361,31050,3.189273,-7.969,-2.015,1.193,0,-1,412,0,0,itpf_h-180
765,1776110854.605229,0.1082,3361,31050,3.189273,-8.007,-2.075,1.255,0,-1,412,0,0,itpf_h-180
766,1776110856.7610795,0.1082,3361,31050,3.189273,-8.011,-2.082,1.165,0,-1,412,0,0,itpf_h-180
767,1776110858.9053624,0.1082,3361,31050,3.189273,-7.97,-2.113,1.18,0,-1,412,0,0,itpf_h-180
768,1776110861.0348809,0.1082,3361,31050,3.189273,-8.053,-2.153,1.165,0,-1,412,0,0,itpf_h-180
769,1776110863.1825476,0.1082,3361,31050,3.189273,-7.923,-2.139,1.21,0,-1,412,0,0,itpf_h-180
770,1776110865.3379514,0.1082,3361,31050,3.189273,-8.03,-2.184,1.222,0,-1,412,0,0,itpf_h-180
771,1776110867.5704193,0.1082,3361,31050,3.220412,-7.986,-2.168,1.225,0,-1,412,0,0,itpf_h-180
772,1776110869.7221408,0.1082,3361,31050,3.220412,-7.968,-2.154,1.166,0,-1,412,0,0,itpf_h-180
773,1776110871.944758,0.1082,3361,31050,3.220412,-7.992,-2.16,1.205,0,-1,412,0,0,itpf_h-180
774,1776110874.0968652,0.1082,3361,31050,3.19426,-7.989,-2.144,1.135,0,-1,412,0,0,itpf_h-180
775,1776110876.3371274,0.1082,3361,31050,3.143352,-7.918,-2.159,1.083,0,-1,413,0,0,itpf_h-180
776,1776110878.5421143,0.1082,3361,31050,3.143352,-7.994,-2.162,1.055,0,-1,413,0,0,itpf_h-180
777,1776110880.7309868,0.1082,3361,31050,3.197367,-8.032,-2.133,1.048,0,-1,414,0,0,itpf_h-180
778,1776110882.9277766,0.1082,3361,31050,3.271241,-8.021,-2.103,0.924,0,-1,415,0,0,itpf_h-180
779,1776110886.742325,0.1082,3361,31050,3.271241,-7.982,-2.57,1.006,0,-1,415,0,0,perturb
780,1776110888.7531333,0.1082,3361,31050,3.337704,-7.658,-2.248,0.992,0,-1,416,0,0,perturb
781,1776110892.772301,0.1082,3361,31050,3.175767,-8.024,-2.244,0.963,0,-1,416,0,0,perturb
782,1776110895.1869044,0.1082,3361,31050,3.288298,-7.741,-2.573,0.993,0,-1,417,0,0,perturb
783,1776110899.209024,0.1082,3361,31050,3.154154,-7.725,-2.208,0.959,0,-1,417,0,0,perturb
784,1776110902.831484,0.1082,3361,31050,3.039833,-8.011,-2.389,0.941,0,-1,417,0,0,perturb
785,1776110906.8712616,0.1082,3360,31050,3.390189,-7.772,-2.379,0.969,0,-1,417,0,0,perturb
786,1776110909.6886868,0.1082,3360,31050,3.206224,-7.708,-2.369,1.16,0,-1,417,0,0,perturb
787,1776110911.7022562,0.1082,3360,31050,3.206224,-7.708,-2.381,1.234,0,-1,417,0,0,perturb
788,1776110913.711581,0.1082,3360,31050,3.206224,-7.724,-2.431,1.127,0,-1,417,0,0,perturb
789,1776110915.7232125,0.1082,3360,31050,3.206224,-7.67,-2.438,1.16,0,-1,417,0,0,perturb
790,1776110917.7346818,0.1082,3360,31050,3.206224,-7.741,-2.403,1.189,0,-1,417,0,0,perturb
791,1776110919.7426546,0.1082,3360,31050,3.206224,-7.763,-2.451,1.187,0,-1,417,0,0,perturb
792,1776110921.7501998,0.1082,3360,31050,3.206224,-7.714,-2.464,1.176,0,-1,417,0,0,perturb
793,1776110923.7592814,0.1082,3360,31050,3.206224,-7.665,-2.419,1.13,0,-1,417,0,0,perturb
794,1776110925.7723513,0.1082,3360,31050,3.206224,-7.738,-2.434,1.081,0,-1,417,0,0,perturb
795,1776110927.7868443,0.1082,3360,31050,3.206224,-7.691,-2.438,1.045,0,-1,417,0,0,perturb
796,1776110929.8019788,0.1082,3360,31050,3.206224,-7.744,-2.433,0.998,0,-1,417,0,0,perturb
797,1776110933.8226883,0.1082,3360,31050,3.206224,-7.741,-2.413,0.809,0,-1,417,0,0,perturb
798,1776110937.8468099,0.1082,3360,31050,3.206224,-7.812,-2.423,0.781,0,-1,417,0,0,perturb
799,1776110941.861089,0.1082,3360,31050,3.206224,-7.683,-2.439,0.551,0,-1,417,0,0,perturb
800,1776110945.8841636,0.1082,3360,31050,3.114695,-7.935,-2.35,0.839,0,-1,417,0,0,perturb
801,1776110949.908436,0.1082,3360,31050,3.377064,-7.65,-2.285,0.989,0,-1,418,0,0,perturb
802,1776110952.319159,0.1082,3360,31050,3.081441,-7.89,-1.992,0.979,0,-1,419,0,0,perturb
803,1776110956.3425767,0.1082,3361,31050,3.236143,-7.911,-2.414,0.975,0,-1,420,0,1,perturb
804,1776110960.6170719,0.1084,3366,31050,3.362122,-7.605,-2.159,0.939,0,-1,420,0,5,itpf_h45
805,1776110964.8546796,0.1084,3366,31050,3.037443,-7.967,-2.194,0.945,0,-1,420,0,0,itpf_h-180
806,1776110969.0200927,0.1084,3366,31050,3.217341,-8.008,-2.117,0.984,0,-1,420,0,0,itpf_h-180
807,1776110973.1672125,0.1084,3366,31050,3.217341,-7.985,-2.167,1.011,0,-1,420,0,0,itpf_h-180
808,1776110975.333084,0.1084,3366,31050,3.217341,-7.984,-2.132,0.933,0,-1,420,0,0,itpf_h-180
809,1776110979.5209012,0.1084,3366,31050,3.224874,-8.031,-2.071,1.039,0,-1,421,0,0,itpf_h-180
810,1776110981.6666627,0.1084,3366,31050,3.224874,-7.971,-2.063,0.931,0,-1,421,0,0,itpf_h-180
811,1776110985.8414388,0.1084,3366,31050,3.273355,-8.013,-2.076,0.978,0,-1,421,0,0,itpf_h-180
812,1776110989.9995823,0.1084,3366,31050,3.273355,-7.972,-2.053,0.991,0,-1,421,0,0,itpf_h-180
813,1776110992.3650904,0.1084,3366,31050,3.273355,-7.924,-2.049,0.955,0,-1,421,0,0,itpf_h-180
814,1776110996.552906,0.1084,3366,31050,3.263185,-8.024,-2.068,0.95,0,-1,421,0,0,itpf_h-180
815,1776111000.726284,0.1084,3366,31050,3.263185,-8.058,-2.059,0.965,0,-1,421,0,0,itpf_h-180
816,1776111004.9222221,0.1084,3366,31050,3.263185,-8.004,-2.102,1.019,0,-1,421,0,0,itpf_h-180
817,1776111007.1662478,0.1084,3366,31050,3.263185,-7.962,-2.131,0.983,0,-1,421,0,0,itpf_h-180
818,1776111009.5078902,0.1084,3366,31050,3.260247,-7.999,-2.14,1.042,0,-1,422,0,0,itpf_h-180
819,1776111011.6794193,0.1084,3366,31050,3.235769,-7.963,-2.146,1.077,0,-1,422,0,0,itpf_h-180
820,1776111013.8281088,0.1084,3366,31050,3.235769,-7.913,-2.163,1.102,0,-1,422,0,0,itpf_h-180
821,1776111016.1128094,0.1084,3366,31050,3.172123,-7.985,-2.221,1.146,0,-1,422,0,0,itpf_h-180
822,1776111018.2372453,0.1084,3366,31050,3.172123,-7.967,-2.208,1.154,0,-1,422,0,0,itpf_h-180
823,1776111020.3538404,0.1084,3366,31050,3.172123,-7.972,-2.228,1.146,0,-1,422,0,0,itpf_h-180
824,1776111022.5218167,0.1084,3366,31050,3.172123,-8.009,-2.231,1.117,0,-1,422,0,0,itpf_h-180
825,1776111024.68541,0.1084,3366,31050,3.252176,-7.975,-2.223,1.126,0,-1,422,0,0,itpf_h-180
826,1776111026.8164196,0.1084,3366,31050,3.252176,-8.052,-2.244,1.133,0,-1,422,0,0,itpf_h-180
827,1776111028.982232,0.1084,3366,31050,3.316519,-8.093,-2.276,1.222,0,-1,422,0,0,itpf_h-180
828,1776111031.158739,0.1084,3366,31050,3.307913,-8.012,-2.228,1.223,0,-1,422,0,0,itpf_h-180
829,1776111033.3979166,0.1084,3366,31050,3.307913,-7.992,-2.224,1.207,0,-1,422,0,0,itpf_h-180
830,1776111035.601061,0.1084,3366,31050,3.203221,-8.002,-2.187,1.27,0,-1,422,0,0,itpf_h-180
831,1776111037.8038561,0.1084,3366,31050,3.181556,-7.971,-2.142,1.259,0,-1,422,0,0,itpf_h-180
832,1776111039.985689,0.1084,3366,31050,3.181556,-8.042,-2.137,1.29,0,-1,422,0,0,itpf_h-180
833,1776111042.180049,0.1084,3366,31050,3.181556,-7.99,-2.074,1.26,0,-1,422,0,0,itpf_h-180
834,1776111044.3419313,0.1084,3366,31050,3.169026,-8.02,-2.043,1.236,0,-1,422,0,0,itpf_h-180
835,1776111046.35751,0.1084,3366,31050,3.169026,-7.667,-1.704,1.28,0,-1,422,0,0,perturb
836,1776111048.3730025,0.1084,3366,31050,3.170963,-7.921,-1.652,1.264,0,-1,422,0,0,perturb
837,1776111050.3842273,0.1084,3366,31050,3.021603,-7.634,-1.985,1.235,0,-1,422,0,0,perturb
838,1776111052.3942266,0.108,3353,31050,2.93225,-7.553,-1.572,1.193,0,-1,423,0,0,perturb
839,1776111054.4136693,0.1077,3344,31050,2.93225,-7.876,-1.824,1.221,0,-1,424,0,0,perturb
840,1776111056.4347892,0.1077,3344,31050,2.942134,-7.441,-1.928,1.227,0,-1,424,0,0,perturb
841,1776111058.4549522,0.1077,3344,31050,3.045353,-7.715,-1.613,1.239,0,-1,425,0,0,perturb
842,1776111060.4916508,0.1078,3346,31050,2.83262,-7.79,-2.072,1.204,0,-1,425,0,2,perturb
843,1776111062.5096834,0.1078,3346,31050,3.096142,-7.486,-1.832,1.216,0,-1,425,0,0,perturb
844,1776111064.5231545,0.1078,3347,31050,3.096142,-7.895,-1.795,1.18,0,-1,426,0,1,perturb
845,1776111066.538668,0.1078,3347,31050,2.831684,-7.717,-2.173,1.141,0,-1,426,0,0,perturb
846,1776111068.5621867,0.1078,3347,31050,3.092347,-7.664,-1.766,1.162,0,-1,427,0,0,perturb
847,1776111070.5751803,0.1078,3347,31050,3.018713,-8.034,-1.985,1.161,0,-1,427,0,0,perturb
848,1776111072.5859063,0.1078,3347,31050,3.189022,-7.638,-2.096,1.18,0,-1,428,0,0,perturb
849,1776111074.5958984,0.1078,3347,31050,3.161718,-7.904,-1.734,1.26,0,-1,429,0,0,perturb
850,1776111076.6110637,0.1078,3347,31050,3.165009,-7.969,-2.153,1.274,0,-1,429,0,0,perturb
851,1776111078.62506,0.1078,3347,31050,3.188769,-7.608,-1.966,1.253,0,-1,429,0,0,perturb
852,1776111080.6361797,0.1078,3346,31050,3.188769,-8.015,-1.894,1.306,0,-1,430,0,0,perturb
853,1776111082.6510355,0.1078,3346,31050,3.027706,-7.722,-2.121,1.259,0,-1,431,0,0,perturb
854,1776111084.6635482,0.1078,3346,31050,3.163577,-7.746,-1.648,1.255,0,-1,432,0,0,perturb
855,1776111086.674864,0.1078,3348,31050,3.017648,-8.007,-1.879,1.251,0,-1,432,0,2,perturb
856,1776111088.6937463,0.1078,3348,31050,3.068976,-7.483,-1.868,1.213,0,-1,433,0,0,perturb
857,1776111090.7068179,0.1078,3348,31050,3.033047,-7.796,-1.564,1.26,0,-1,434,0,0,perturb
858,1776111092.7193267,0.1078,3348,31050,2.99595,-7.808,-1.989,1.223,0,-1,435,0,0,perturb
859,1776111094.7321992,0.1078,3348,31050,3.120417,-7.526,-1.829,1.237,0,-1,436,0,0,perturb
860,1776111096.7462094,0.1078,3348,31050,2.912108,-7.873,-1.813,1.19,0,-1,436,0,0,perturb
861,1776111098.7625477,0.1065,3308,31050,2.912108,-7.651,-2.074,1.201,0,-1,437,0,0,perturb
862,1776111100.775675,0.1065,3308,31050,2.915413,-7.619,-1.67,1.225,0,-1,437,0,0,perturb
863,1776111102.7889917,0.1065,3307,31050,2.911441,-7.93,-1.942,1.174,0,-1,438,0,0,perturb
864,1776111104.805072,0.1065,3307,31050,2.913534,-7.553,-1.974,1.237,0,-1,438,0,0,perturb
865,1776111106.8240218,0.1065,3307,31050,2.891509,-7.789,-1.623,1.25,0,-1,439,0,0,perturb
866,1776111108.837557,0.1065,3307,31050,2.959889,-7.901,-2.047,1.301,0,-1,440,0,0,perturb
867,1776111110.85018,0.1065,3307,31050,3.121581,-7.552,-1.793,1.256,0,-1,441,0,0,perturb
868,1776111112.8631296,0.1065,3307,31050,2.943548,-7.962,-1.793,1.276,0,-1,441,0,0,perturb
869,1776111114.8830962,0.1064,3304,31050,2.943548,-7.712,-2.114,1.326,0,-1,442,0,0,perturb
870,1776111116.8946536,0.1064,3304,31050,3.194499,-7.747,-1.697,1.342,0,-1,443,0,0,perturb
871,1776111118.913625,0.1064,3304,31050,3.027697,-8.0,-1.976,1.343,0,-1,444,0,0,perturb
872,1776111120.92754,0.1064,3304,31050,3.05564,-7.536,-2.021,1.337,0,-1,445,0,0,perturb
873,1776111122.938639,0.1064,3304,31050,2.98792,-7.748,-1.713,1.352,0,-1,445,0,0,perturb
874,1776111124.9596128,0.1065,3306,31050,2.98792,-7.726,-2.135,1.33,0,-1,446,0,2,perturb
875,1776111126.978066,0.1065,3306,31050,3.023904,-7.414,-1.894,1.305,0,-1,447,0,0,perturb
876,1776111128.9882698,0.1065,3306,31050,2.975644,-7.755,-1.865,1.336,0,-1,448,0,0,perturb
877,1776111131.0012033,0.1065,3306,31050,2.810012,-7.429,-2.154,1.3,0,-1,449,0,0,perturb
878,1776111133.0169868,0.1065,3306,31050,2.960414,-7.315,-1.805,1.259,0,-1,450,0,0,perturb
879,1776111135.0258915,0.1065,3306,31050,2.727702,-7.664,-2.099,1.272,0,-1,450,0,0,perturb
880,1776111137.0392232,0.1065,3306,31050,2.733115,-7.2,-2.134,1.268,0,-1,450,0,0,perturb
881,1776111139.0556307,0.1065,3306,31050,2.878523,-7.407,-1.798,1.258,0,-1,450,0,0,perturb
882,1776111141.0687366,0.1064,3305,31050,2.82802,-7.519,-2.252,1.209,0,-1,451,0,0,perturb
883,1776111143.084225,0.1064,3305,31050,2.82802,-7.187,-2.019,1.212,0,-1,451,0,0,perturb
884,1776111145.097119,0.1064,3305,31050,2.586946,-7.564,-1.916,1.191,0,-1,452,0,0,perturb
885,1776111147.111291,0.1064,3305,31050,2.802573,-7.304,-2.245,1.17,0,-1,453,0,0,perturb
886,1776111149.1277966,0.1064,3305,31050,2.81336,-7.275,-1.818,1.171,0,-1,454,0,0,perturb
887,1776111151.147059,0.1064,3305,31050,2.710444,-7.711,-2.085,1.174,0,-1,455,0,0,perturb
888,1776111153.1620502,0.1064,3305,31050,2.710444,-7.265,-2.151,1.17,0,-1,455,0,0,perturb
889,1776111155.1816278,0.1064,3305,31050,2.938803,-7.57,-1.879,1.203,0,-1,456,0,0,perturb
890,1776111157.1978269,0.1064,3305,31050,2.751533,-7.551,-2.317,1.153,0,-1,457,0,0,perturb
891,1776111159.216088,0.1064,3305,31050,2.880737,-7.228,-2.039,1.201,0,-1,458,0,0,perturb
892,1776111161.2287674,0.1064,3305,31050,2.85321,-7.59,-1.917,1.19,0,-1,459,0,0,perturb
893,1776111163.2425718,0.1064,3305,31050,2.643072,-7.352,-2.212,1.174,0,-1,460,0,0,perturb
894,1776111165.2571557,0.1064,3305,31050,2.962285,-7.277,-1.74,1.218,0,-1,461,0,0,perturb
895,1776111167.2774987,0.1064,3305,31050,2.743784,-7.625,-2.035,1.208,0,-1,462,0,0,perturb
896,1776111169.2950406,0.1064,3305,31050,2.746972,-7.197,-2.06,1.265,0,-1,462,0,0,perturb
897,1776111171.3065157,0.1064,3305,31050,2.746972,-7.436,-1.768,1.289,0,-1,462,0,0,perturb
898,1776111173.3199806,0.1062,3299,31050,2.825896,-7.456,-2.227,1.327,0,-1,463,0,0,perturb
899,1776111175.3334048,0.1062,3299,31050,2.86879,-7.111,-1.986,1.263,0,-1,464,0,0,perturb
900,1776111177.342826,0.1062,3299,31050,2.630382,-7.489,-1.959,1.322,0,-1,465,0,0,perturb
901,1776111179.3547523,0.1062,3299,31050,2.750869,-7.105,-2.322,1.393,0,-1,466,0,0,perturb
902,1776111181.366496,0.1062,3299,31050,2.750869,-7.104,-1.854,1.396,0,-1,466,0,0,perturb
903,1776111183.3769026,0.1062,3299,31050,2.720149,-7.431,-2.082,1.372,0,-1,467,0,0,perturb
904,1776111185.3957589,0.1062,3299,31050,2.620748,-7.064,-2.13,1.361,0,-1,468,0,0,perturb
905,1776111187.4116428,0.1062,3299,31050,2.851573,-7.317,-1.801,1.332,0,-1,469,0,0,perturb
906,1776111189.4253705,0.1062,3299,31050,2.851573,-7.38,-2.211,1.4,0,-1,469,0,0,perturb
907,1776111191.6410246,0.1062,3299,31050,2.711924,-6.994,-1.911,1.435,0,-1,470,0,0,perturb
908,1776111194.660317,0.1062,3299,31050,2.710826,-7.378,-1.94,1.392,0,-1,470,0,0,perturb
909,1776111196.6711168,0.1062,3299,31050,2.576531,-7.048,-2.328,1.318,0,-1,471,0,0,perturb
910,1776111198.6824684,0.1062,3299,31050,2.732667,-6.99,-1.895,1.341,0,-1,472,0,0,perturb
911,1776111200.6965954,0.1062,3299,31050,2.732667,-7.316,-2.197,1.345,0,-1,472,0,0,perturb
912,1776111202.7107618,0.1062,3299,31050,2.562967,-6.923,-2.291,1.353,0,-1,473,0,0,perturb
913,1776111204.728302,0.1062,3299,31050,2.807017,-7.23,-1.917,1.349,0,-1,474,0,0,perturb
914,1776111206.7466698,0.1062,3299,31050,2.561069,-7.253,-2.35,1.367,0,-1,475,0,0,perturb
915,1776111208.7604,0.1062,3299,31050,2.745064,-6.935,-2.029,1.4,0,-1,476,0,0,perturb
916,1776111211.5796888,0.1062,3299,31050,2.612154,-7.398,-1.883,1.408,0,-1,476,0,0,perturb
917,1776111215.609091,0.1062,3298,31050,2.879958,-7.167,-2.177,1.454,0,-1,477,0,0,perturb
918,1776111219.6325018,0.1062,3298,31050,2.806184,-7.175,-1.707,1.473,0,-1,478,0,0,perturb
919,1776111223.6472735,0.1062,3299,31050,2.733237,-7.501,-1.985,1.477,0,-1,478,0,1,perturb
920,1776111227.6742878,0.1062,3299,31050,2.696941,-7.065,-2.07,1.541,0,-1,478,0,0,perturb
921,1776111231.698955,0.1062,3299,31050,2.896443,-7.355,-1.844,1.561,0,-1,479,0,0,perturb
922,1776111235.7264864,0.1062,3299,31050,2.777067,-7.347,-2.273,1.562,0,-1,480,0,0,perturb
923,1776111239.7485588,0.1062,3299,31050,2.851915,-6.989,-1.975,1.554,0,-1,481,0,0,perturb
924,1776111243.76937,0.1062,3299,31050,2.550375,-7.304,-2.066,1.503,0,-1,481,0,0,perturb
925,1776111247.7858484,0.1062,3299,31050,2.560594,-7.0,-2.448,1.443,0,-1,481,0,0,perturb
926,1776111251.8050017,0.1062,3299,31050,2.767918,-6.977,-1.989,1.366,0,-1,482,0,0,perturb
927,1776111253.8216732,0.1062,3299,31050,2.631717,-7.283,-2.296,1.37,0,-1,482,0,0,perturb
928,1776111255.840831,0.1062,3299,31050,2.631717,-6.885,-2.302,1.331,0,-1,482,0,0,perturb
929,1776111257.8548794,0.1062,3299,31050,2.764919,-7.22,-1.935,1.291,0,-1,483,0,0,perturb
930,1776111259.8702013,0.1062,3299,31050,2.560802,-7.301,-2.297,1.246,0,-1,483,0,0,perturb
931,1776111261.8857956,0.1062,3296,31050,2.560802,-7.038,-2.013,1.261,0,-1,484,0,0,perturb
932,1776111263.8991115,0.1062,3296,31050,2.822277,-7.519,-1.953,1.265,0,-1,484,0,0,perturb
933,1776111265.9161456,0.1062,3296,31050,2.627475,-7.255,-2.349,1.218,0,-1,484,0,0,perturb
934,1776111267.9272752,0.1062,3296,31050,2.627475,-7.194,-1.896,1.24,0,-1,485,0,0,perturb
935,1776111269.9501789,0.1062,3296,31050,2.746676,-7.508,-2.187,1.22,0,-1,486,0,0,perturb
936,1776111271.9622688,0.1062,3296,31050,2.655465,-7.092,-2.225,1.24,0,-1,486,0,0,perturb
937,1776111273.9737236,0.1062,3296,31050,2.774167,-7.353,-1.949,1.243,0,-1,487,0,0,perturb
938,1776111275.9858236,0.1062,3296,31050,2.774167,-7.395,-2.385,1.222,0,-1,487,0,0,perturb
939,1776111278.0032377,0.1062,3296,31050,2.784495,-7.131,-2.129,1.226,0,-1,488,0,0,perturb
940,1776111280.021496,0.1062,3296,31050,2.961485,-7.614,-2.055,1.221,0,-1,488,0,0,perturb
941,1776111282.0420148,0.1064,3304,31050,2.702583,-7.247,-2.427,1.277,0,-1,488,0,8,perturb
942,1776111284.0580664,0.1064,3304,31050,2.873925,-7.188,-2.007,1.279,0,-1,489,0,0,perturb
943,1776111286.0792732,0.1064,3304,31050,2.671941,-7.5,-2.314,1.297,0,-1,490,0,0,perturb
944,1776111288.0952852,0.1064,3304,31050,2.671941,-7.05,-2.341,1.347,0,-1,490,0,0,perturb
945,1776111290.114741,0.1064,3304,31050,2.859883,-7.358,-1.98,1.273,0,-1,491,0,0,perturb
946,1776111292.1266818,0.1064,3304,31050,2.621602,-7.401,-2.424,1.296,0,-1,492,0,0,perturb
947,1776111294.144048,0.1064,3304,31050,2.808646,-7.08,-2.134,1.326,0,-1,493,0,0,perturb
948,1776111296.1676886,0.1064,3304,31050,2.875158,-7.543,-2.029,1.239,0,-1,494,0,0,perturb
949,1776111298.186409,0.1064,3304,31050,2.875158,-7.269,-2.349,1.266,0,-1,494,0,0,perturb
950,1776111300.201178,0.1064,3304,31050,2.661653,-7.155,-1.907,1.286,0,-1,495,0,0,perturb
951,1776111302.2156718,0.1064,3304,31050,2.73122,-7.562,-2.14,1.303,0,-1,496,0,0,perturb
952,1776111304.238573,0.1064,3304,31050,2.73122,-7.182,-2.179,1.291,0,-1,496,0,0,perturb
953,1776111306.256668,0.1064,3304,31050,2.862225,-7.473,-1.872,1.233,0,-1,497,0,0,perturb
954,1776111308.2766392,0.1064,3304,31050,2.724246,-7.565,-2.248,1.334,0,-1,498,0,0,perturb
955,1776111310.2862175,0.1064,3304,31050,2.979147,-7.339,-2.04,1.282,0,-1,499,0,0,perturb
956,1776111312.2960317,0.1064,3304,31050,2.868761,-7.75,-1.986,1.334,0,-1,500,0,0,perturb
957,1776111314.3163621,0.1064,3304,31050,2.868761,-7.418,-2.373,1.318,0,-1,500,0,0,perturb
958,1776111316.3320353,0.1064,3304,31050,2.959613,-7.284,-1.949,1.374,0,-1,501,0,0,perturb
959,1776111318.3488476,0.1064,3304,31050,2.788161,-7.595,-2.165,1.365,0,-1,502,0,0,perturb
960,1776111320.36788,0.1064,3304,31050,2.788161,-7.117,-2.26,1.319,0,-1,502,0,0,perturb
961,1776111322.381861,0.1064,3304,31050,2.814926,-7.513,-1.875,1.309,0,-1,503,0,0,perturb
962,1776111324.4018962,0.1064,3304,31050,2.724335,-7.585,-2.232,1.366,0,-1,504,0,0,perturb
963,1776111326.4148297,0.1064,3304,31050,2.724335,-7.272,-1.977,1.362,0,-1,504,0,0,perturb
964,1776111328.4304338,0.1064,3304,31050,2.971129,-7.712,-1.98,1.35,0,-1,505,0,0,perturb
965,1776111330.4438598,0.1064,3304,31050,2.759972,-7.334,-2.284,1.392,0,-1,505,0,0,perturb
966,1776111332.4594536,0.1066,3311,31050,2.759972,-7.258,-1.844,1.37,0,-1,506,0,7,perturb
967,1776111334.4786692,0.1066,3311,31050,2.830432,-7.618,-2.202,1.305,0,-1,507,0,0,perturb
968,1776111336.5016193,0.1066,3311,31050,2.746695,-7.182,-2.216,1.327,0,-1,507,0,0,perturb
969,1776111338.5131843,0.1066,3311,31050,2.746695,-7.463,-1.93,1.375,0,-1,507,0,0,perturb
970,1776111340.5270913,0.1066,3311,31050,2.80522,-7.482,-2.34,1.362,0,-1,508,0,0,perturb
971,1776111342.542122,0.1066,3311,31050,2.80522,-7.238,-2.072,1.38,0,-1,508,0,0,perturb
972,1776111344.5611126,0.1066,3311,31050,2.917982,-7.757,-2.032,1.323,0,-1,509,0,0,perturb
973,1776111346.5790915,0.1066,3311,31050,2.714019,-7.385,-2.33,1.371,0,-1,510,0,0,perturb
974,1776111348.6048486,0.1066,3311,31050,2.714019,-7.337,-1.906,1.333,0,-1,510,0,0,perturb
975,1776111350.615368,0.1066,3311,31050,2.929381,-7.736,-2.148,1.306,0,-1,511,0,0,perturb
976,1776111352.6246264,0.1066,3311,31050,2.768903,-7.304,-2.217,1.277,0,-1,511,0,0,perturb
977,1776111354.635893,0.1067,3314,31050,2.768903,-7.651,-1.911,1.378,0,-1,512,0,3,perturb
978,1776111356.6495762,0.1067,3314,31050,2.80221,-7.762,-2.324,1.353,0,-1,512,0,0,perturb
979,1776111358.6641457,0.1068,3315,31050,2.80221,-7.423,-2.116,1.412,0,-1,513,0,1,perturb
980,1776111362.6805496,0.1068,3315,31050,3.078854,-7.797,-2.141,1.371,0,-1,514,0,0,perturb
981,1776111364.6962516,0.1068,3315,31050,2.813735,-7.4,-2.503,1.314,0,-1,515,0,0,perturb
982,1776111366.7223675,0.1068,3315,31050,3.045382,-7.285,-2.058,1.304,0,-1,515,0,0,perturb
983,1776111368.7422402,0.1068,3315,31050,3.045382,-7.554,-2.353,1.317,0,-1,515,0,0,perturb
984,1776111370.7623277,0.1068,3315,31050,2.774417,-7.176,-2.434,1.28,0,-1,516,0,0,perturb
985,1776111372.7878108,0.1068,3315,31050,3.020461,-7.442,-2.142,1.292,0,-1,517,0,0,perturb
986,1776111374.803964,0.1068,3315,31050,2.766319,-7.542,-2.522,1.304,0,-1,518,0,0,perturb
987,1776111376.8189034,0.1068,3315,31050,2.987003,-7.237,-2.315,1.366,0,-1,519,0,0,perturb
988,1776111378.82782,0.1068,3315,31050,2.914705,-7.636,-2.257,1.318,0,-1,520,0,0,perturb
989,1776111380.8375854,0.1068,3315,31050,2.914705,-7.231,-2.491,1.346,0,-1,520,0,0,perturb
990,1776111382.8498268,0.1068,3315,31050,2.815376,-7.212,-1.976,1.394,0,-1,521,0,0,perturb
991,1776111384.860749,0.1068,3315,31050,2.740865,-7.549,-2.137,1.405,0,-1,522,0,0,perturb
992,1776111387.0724943,0.1068,3315,31050,2.668364,-7.119,-2.191,1.443,0,-1,523,0,0,perturb
993,1776111391.0901248,0.1068,3315,31050,2.883169,-7.48,-1.915,1.423,0,-1,524,0,0,perturb
994,1776111395.1201034,0.1068,3315,31050,2.759899,-7.579,-2.347,1.459,0,-1,525,0,0,perturb
995,1776111399.1440978,0.1068,3315,31050,2.988367,-7.254,-2.145,1.4,0,-1,525,0,0,perturb
996,1776111401.156563,0.1068,3315,31050,3.028048,-7.737,-2.139,1.386,0,-1,526,0,0,perturb
997,1776111403.1813967,0.1068,3315,31050,2.78727,-7.388,-2.443,1.337,0,-1,527,0,0,perturb
998,1776111405.1920338,0.1068,3315,31050,2.78727,-7.285,-2.027,1.34,0,-1,527,0,0,perturb
999,1776111407.2145317,0.1068,3315,31050,2.930558,-7.623,-2.265,1.355,0,-1,528,0,0,perturb
1000,1776111409.233518,0.1068,3315,31050,2.882945,-7.174,-2.318,1.353,0,-1,529,0,0,perturb
1001,1776111411.246764,0.1068,3315,31050,2.882945,-7.434,-1.97,1.304,0,-1,529,0,0,perturb
1002,1776111413.2626152,0.1068,3315,31050,2.913706,-7.473,-2.418,1.24,0,-1,529,0,0,perturb
1003,1776111415.2736042,0.1069,3318,31050,2.92285,-7.164,-2.207,1.236,0,-1,529,0,3,perturb
1004,1776111417.2840686,0.1069,3318,31050,2.92285,-7.531,-2.156,1.213,0,-1,529,0,0,perturb
1005,1776111419.2941325,0.1075,3339,31050,2.937945,-7.218,-2.542,1.194,0,-1,529,0,21,perturb
1006,1776111421.3082893,0.1075,3339,31050,2.937945,-7.159,-2.035,1.206,0,-1,529,0,0,perturb
1007,1776111423.3224251,0.1075,3339,31050,2.945008,-7.532,-2.241,1.143,0,-1,529,0,0,perturb
1008,1776111425.3396287,0.1079,3349,31050,2.950506,-7.158,-2.18,1.157,0,-1,529,0,10,perturb
1009,1776111427.3590794,0.1079,3349,31050,2.950506,-7.488,-1.896,1.181,0,-1,529,0,0,perturb
1010,1776111429.379349,0.1079,3349,31050,2.958866,-7.578,-2.303,1.194,0,-1,529,0,0,perturb
1011,1776111431.395082,0.1079,3349,31050,2.958866,-7.317,-2.074,1.152,0,-1,529,0,0,perturb
1012,1776111433.405729,0.1079,3349,31050,2.963891,-7.771,-1.963,1.111,0,-1,529,0,0,perturb
1013,1776111435.4255471,0.1091,3388,31050,2.968342,-7.492,-2.272,1.132,0,-1,529,0,39,perturb
1014,1776111437.438452,0.1091,3388,31050,2.968342,-7.458,-1.847,1.072,0,-1,529,0,0,perturb
1015,1776111439.4525456,0.1091,3388,31050,2.971142,-7.869,-2.156,1.145,0,-1,529,0,0,perturb
1016,1776111441.4751003,0.1091,3388,31050,2.971142,-7.453,-2.245,1.122,0,-1,529,0,0,perturb
1017,1776111443.4882486,0.1091,3388,31050,2.973982,-7.787,-1.912,1.106,0,-1,529,0,0,perturb
1018,1776111445.4971058,0.1093,3393,31050,2.977726,-7.879,-2.34,1.051,0,-1,529,0,5,perturb
1019,1776111447.5144806,0.1093,3393,31050,2.977726,-7.518,-2.093,1.014,0,-1,529,0,0,perturb
1020,1776111449.5353043,0.1093,3393,31050,2.979237,-7.907,-2.019,0.991,0,-1,529,0,0,perturb
1021,1776111452.9566462,0.1096,3404,31050,2.981807,-7.413,-2.272,0.958,0,-1,529,0,11,perturb
1022,1776111457.1418304,0.1099,3411,31050,2.985739,-7.878,-2.174,0.947,0,-1,529,0,7,itpf_h-180
1023,1776111461.3465319,0.1101,3420,31050,2.987474,-8.008,-2.105,0.997,0,-1,529,0,9,itpf_h-180
1024,1776111464.1995733,0.1101,3420,31050,2.987474,-8.031,-2.124,1.012,0,-1,529,0,0,itpf_h-180
1025,1776111466.3373077,0.1101,3420,31050,2.988168,-8.072,-2.147,1.005,0,-1,529,0,0,itpf_h-180
1026,1776111468.5119731,0.1101,3420,31050,2.988168,-8.044,-2.235,1.025,0,-1,529,0,0,itpf_h-180
1027,1776111470.6917892,0.1101,3420,31050,2.988701,-8.039,-2.22,1.077,0,-1,529,0,0,itpf_h-180
1028,1776111472.9508047,0.1101,3420,31050,2.988701,-8.05,-2.188,1.064,0,-1,529,0,0,itpf_h-180
1029,1776111475.1838467,0.1101,3420,31050,2.988701,-8.038,-2.194,1.065,0,-1,529,0,0,itpf_h-180
1030,1776111477.4772358,0.1101,3420,31050,2.989085,-7.984,-2.153,1.12,0,-1,529,0,0,itpf_h-180
1031,1776111479.6867974,0.1101,3420,31050,2.989762,-7.98,-2.135,1.149,0,-1,529,0,0,itpf_h-180
1032,1776111481.8961449,0.1101,3420,31050,2.990172,-7.96,-2.11,1.224,0,-1,529,0,0,itpf_h-180
1033,1776111484.1048746,0.1101,3420,31050,2.990172,-7.921,-2.208,1.205,0,-1,529,0,0,itpf_h-180
1034,1776111486.3352594,0.1101,3420,31050,2.990768,-8.042,-2.21,1.232,0,-1,529,0,0,itpf_h-180
1035,1776111488.57185,0.1101,3420,31050,2.990768,-8.035,-2.233,1.2,0,-1,529,0,0,itpf_h-180
1036,1776111490.749895,0.1101,3420,31050,2.990768,-8.062,-2.206,1.258,0,-1,529,0,0,itpf_h-180
1037,1776111492.940591,0.1101,3420,31050,2.990768,-7.995,-2.173,1.226,0,-1,529,0,0,itpf_h-180
1038,1776111495.1701453,0.1101,3420,31050,2.991803,-8.035,-2.183,1.25,0,-1,529,0,0,itpf_h-180
1039,1776111497.3908594,0.1101,3420,31050,2.991803,-8.051,-2.155,1.147,0,-1,529,0,0,itpf_h-180
1040,1776111499.6308382,0.1101,3420,31050,2.991803,-7.984,-2.133,1.17,0,-1,529,0,0,itpf_h-180
1041,1776111501.8082108,0.1101,3420,31050,2.991803,-7.972,-2.097,1.164,0,-1,529,0,0,itpf_h-180
1042,1776111504.0603468,0.1101,3420,31050,2.991803,-7.963,-2.101,1.208,0,-1,529,0,0,itpf_h-180
1043,1776111506.3077385,0.1101,3420,31050,2.993015,-7.985,-2.071,1.215,0,-1,529,0,0,itpf_h-180
1044,1776111508.490556,0.1101,3420,31050,2.993015,-7.95,-2.123,1.211,0,-1,529,0,0,itpf_h-180
1045,1776111510.6790829,0.1101,3420,31050,2.993015,-8.04,-2.085,1.309,0,-1,529,0,0,itpf_h-180
1046,1776111512.956868,0.1101,3420,31050,2.993626,-8.024,-2.131,1.324,0,-1,529,0,0,itpf_h-180
1047,1776111515.1253808,0.1101,3420,31050,2.994933,-8.047,-2.163,1.384,0,-1,529,0,0,itpf_h-180
1048,1776111517.2795982,0.1101,3420,31050,2.994933,-8.037,-2.18,1.39,0,-1,529,0,0,itpf_h-180
1049,1776111519.4763706,0.1203,3734,31050,3.30832,-7.949,-2.159,1.429,0,-1,529,0,314,itpf_h-180
1050,1776111523.4922962,0.1203,3734,31050,3.310522,-8.049,-2.174,1.42,0,-1,529,0,0,itpf_h-180
1051,1776111527.2480648,0.1203,3734,31050,3.310522,-8.016,-2.238,1.345,0,-1,529,0,0,itpf_h-180
1052,1776111529.4651175,0.1203,3734,31050,3.313059,-8.058,-2.249,1.317,0,-1,529,0,0,itpf_h-180
1053,1776111531.7051105,0.1203,3734,31050,3.313059,-7.912,-2.298,1.291,0,-1,529,0,0,itpf_h-180
1054,1776111533.721174,0.1203,3734,31050,3.313059,-7.922,-1.868,1.303,0,-1,529,0,0,perturb
1055,1776111535.7424603,0.1203,3734,31050,3.314226,-7.982,-2.208,1.339,0,-1,529,0,0,perturb
1056,1776111537.7543652,0.1203,3734,31050,3.31722,-7.548,-2.284,1.416,0,-1,529,0,0,perturb
1057,1776111540.3650987,0.1203,3734,31050,3.31722,-7.689,-1.944,1.424,0,-1,529,0,0,perturb
1058,1776111543.9942248,0.1203,3734,31050,3.320531,-7.665,-2.266,1.405,0,-1,529,0,0,perturb
1059,1776111546.4095998,0.1203,3734,31050,3.326907,-7.335,-2.048,1.406,0,-1,529,0,0,perturb
1060,1776111548.6303773,0.1203,3734,31050,3.330673,-7.768,-1.985,1.407,0,-1,529,0,0,perturb
1061,1776111552.6566696,0.1203,3734,31050,3.334963,-7.58,-2.275,1.426,0,-1,529,0,0,perturb
1062,1776111556.6825652,0.1203,3734,31050,3.340921,-7.627,-1.801,1.429,0,-1,529,0,0,perturb
1063,1776111560.7008998,0.1203,3734,31050,3.351939,-7.927,-2.096,1.448,0,-1,529,0,0,perturb
1064,1776111564.7329926,0.1203,3734,31050,3.357202,-7.613,-2.249,1.48,0,-1,529,0,0,perturb
1065,1776111568.7522707,0.1203,3734,31050,3.362611,-7.835,-1.827,1.527,0,-1,529,0,0,perturb
1066,1776111572.7762978,0.1148,3563,31050,3.001747,-7.71,-2.249,1.465,0,-1,530,0,0,perturb
1067,1776111576.7949092,0.1146,3558,31050,3.109476,-7.513,-1.983,1.557,0,-1,531,0,0,perturb
1068,1776111581.0207806,0.1147,3561,31050,3.167073,-7.953,-1.96,1.497,0,-1,532,0,3,itpf_h-180
1069,1776111585.3039927,0.1147,3561,31050,3.181528,-8.07,-1.925,1.477,0,-1,532,0,0,itpf_h-180
1070,1776111589.4872324,0.1147,3561,31050,3.188567,-8.105,-2.014,1.437,0,-1,532,0,0,itpf_h-180
1071,1776111593.7279515,0.1147,3561,31050,3.193987,-8.042,-2.04,1.409,0,-1,532,0,0,itpf_h-180
1072,1776111596.2794373,0.1147,3561,31050,3.193987,-8.007,-2.065,1.385,0,-1,532,0,0,itpf_h-180
1073,1776111598.5007582,0.1147,3561,31050,3.193987,-7.995,-2.076,1.421,0,-1,532,0,0,itpf_h-180
1074,1776111602.7498872,0.1147,3561,31050,3.193987,-7.99,-2.084,1.403,0,-1,532,0,0,itpf_h-180
1075,1776111605.2058063,0.1147,3561,31050,3.202491,-8.02,-2.032,1.411,0,-1,532,0,0,itpf_h-180
1076,1776111608.218401,0.1147,3561,31050,3.202491,-8.029,-2.088,1.469,0,-1,532,0,0,itpf_h-180
1077,1776111612.449968,0.1147,3561,31050,3.213387,-8.054,-2.216,1.397,0,-1,532,0,0,itpf_h-180
1078,1776111614.5753875,0.1147,3561,31050,3.213387,-8.016,-2.172,1.335,0,-1,532,0,0,itpf_h-180
1079,1776111616.7753026,0.1147,3561,31050,3.217828,-7.972,-2.184,1.321,0,-1,532,0,0,itpf_h-180
1080,1776111619.0170262,0.1147,3561,31050,3.223186,-8.006,-2.174,1.293,0,-1,532,0,0,itpf_h-180
1081,1776111621.206659,0.1147,3561,31050,3.223186,-7.926,-2.189,1.339,0,-1,532,0,0,itpf_h-180
1082,1776111623.3744733,0.1147,3561,31050,3.22776,-7.926,-2.159,1.296,0,-1,532,0,0,itpf_h-180
1083,1776111625.6427119,0.1147,3561,31050,3.2321,-7.923,-2.228,1.257,0,-1,532,0,0,itpf_h-180
1084,1776111627.8718889,0.1147,3561,31050,3.2321,-8.036,-2.218,1.256,0,-1,532,0,0,itpf_h-180
1085,1776111630.0884013,0.1147,3561,31050,3.236345,-7.925,-2.245,1.203,0,-1,532,0,0,itpf_h-180
1086,1776111632.2554758,0.1147,3561,31050,3.236345,-7.94,-2.279,1.218,0,-1,532,0,0,itpf_h-180
1087,1776111634.477899,0.1147,3561,31050,3.120005,-7.943,-2.317,1.202,0,-1,532,0,0,itpf_h-180
1088,1776111636.6567197,0.1147,3561,31050,3.120005,-7.993,-2.32,1.207,0,-1,532,0,0,itpf_h-180
1089,1776111638.8458996,0.1147,3561,31050,3.217281,-8.039,-2.303,1.247,0,-1,532,0,0,itpf_h-180
1090,1776111640.9839656,0.1147,3561,31050,3.217281,-8.008,-2.329,1.255,0,-1,532,0,0,itpf_h-180
1091,1776111643.1594179,0.1147,3561,31050,3.217281,-8.01,-2.329,1.269,0,-1,532,0,0,itpf_h-180
1092,1776111645.3272593,0.1147,3561,31050,3.217281,-7.924,-2.302,1.237,0,-1,532,0,0,itpf_h-180
1093,1776111647.4789553,0.1147,3561,31050,3.217281,-8.027,-2.238,1.218,0,-1,532,0,0,itpf_h-180
1094,1776111649.6324522,0.1147,3561,31050,3.217281,-8.018,-2.283,1.245,0,-1,532,0,0,itpf_h-180
1095,1776111651.8191385,0.1147,3561,31050,3.218872,-7.962,-2.28,1.206,0,-1,532,0,0,itpf_h-180
1096,1776111654.0241942,0.1147,3561,31050,3.22111,-7.954,-2.248,1.146,0,-1,532,0,0,itpf_h-180
1097,1776111656.1718323,0.1147,3561,31050,3.22111,-7.993,-2.262,1.13,0,-1,532,0,0,itpf_h-180
1098,1776111658.3550146,0.1147,3561,31050,3.222342,-8.039,-2.248,1.136,0,-1,532,0,0,itpf_h-180
1099,1776111660.377284,0.1147,3561,31050,3.222342,-8.029,-2.284,1.155,0,-1,532,0,0,perturb
1100,1776111662.391558,0.1147,3561,31050,3.222342,-7.746,-2.593,1.143,0,-1,532,0,0,perturb
1101,1776111664.4120228,0.1147,3561,31050,3.222342,-7.8,-2.114,1.178,0,-1,532,0,0,perturb
1102,1776111666.4306905,0.1147,3561,31050,3.222342,-8.0,-2.328,1.121,0,-1,532,0,0,perturb
1103,1776111668.4429653,0.1147,3562,31050,3.139372,-7.561,-2.353,1.138,0,-1,532,0,1,perturb
1104,1776111670.4565775,0.1147,3562,31050,3.150673,-7.908,-1.967,1.184,0,-1,532,0,0,perturb
1105,1776111672.4757524,0.1147,3562,31050,3.150673,-7.918,-2.358,1.091,0,-1,532,0,0,perturb
1106,1776111674.4903727,0.1147,3562,31050,3.123512,-7.541,-2.059,1.085,0,-1,532,0,0,perturb
1107,1776111676.51692,0.1147,3562,31050,3.196218,-7.91,-1.997,1.136,0,-1,532,0,0,perturb
1108,1776111678.5313125,0.1147,3562,31050,3.200639,-7.617,-2.31,1.11,0,-1,532,0,0,perturb
1109,1776111680.5444014,0.1147,3562,31050,3.203693,-7.509,-1.899,1.137,0,-1,532,0,0,perturb
1110,1776111682.5590777,0.1147,3562,31050,3.203693,-7.896,-2.187,1.153,0,-1,532,0,0,perturb
1111,1776111684.572117,0.1147,3561,31050,2.879297,-7.485,-2.273,1.193,0,-1,532,0,0,perturb
1112,1776111686.5869133,0.1147,3561,31050,2.879297,-7.875,-1.993,1.178,0,-1,532,0,0,perturb
1113,1776111688.6077147,0.1147,3561,31050,2.882222,-7.982,-2.434,1.193,0,-1,532,0,0,perturb
1114,1776111690.6244476,0.1147,3561,31050,2.885908,-7.641,-2.235,1.176,0,-1,532,0,0,perturb
1115,1776111692.6430175,0.1147,3561,31050,3.188859,-7.959,-2.188,1.157,0,-1,532,0,0,perturb
1116,1776111694.6661851,0.1147,3561,31050,3.188859,-7.621,-2.54,1.139,0,-1,533,0,0,perturb
1117,1776111696.6840467,0.1147,3561,31050,3.198008,-7.542,-2.121,1.179,0,-1,533,0,0,perturb
1118,1776111698.7027268,0.1147,3561,31050,2.990099,-7.9,-2.431,1.206,0,-1,534,0,0,perturb
1119,1776111700.714336,0.1147,3561,31050,2.990099,-7.453,-2.467,1.187,0,-1,534,0,0,perturb
1120,1776111702.726823,0.1147,3561,31050,3.165918,-7.779,-2.147,1.19,0,-1,535,0,0,perturb
1121,1776111704.7378087,0.1147,3561,31050,2.917648,-7.797,-2.503,1.175,0,-1,536,0,0,perturb
1122,1776111706.754577,0.1147,3561,31050,2.917648,-7.491,-2.19,1.225,0,-1,536,0,0,perturb
1123,1776111708.773594,0.1147,3561,31050,2.920906,-7.939,-2.136,1.259,0,-1,536,0,0,perturb
1124,1776111710.7913015,0.1147,3561,31050,2.923838,-7.62,-2.465,1.253,0,-1,536,0,0,perturb
1125,1776111712.8061917,0.1147,3561,31050,3.183433,-7.539,-2.012,1.219,0,-1,536,0,0,perturb
1126,1776111714.827057,0.1145,3556,31050,3.183433,-7.858,-2.236,1.221,0,-1,537,0,0,perturb
1127,1776111716.846819,0.1145,3556,31050,2.910146,-7.41,-2.251,1.19,0,-1,538,0,0,perturb
1128,1776111718.8628235,0.1145,3556,31050,3.093886,-7.688,-1.912,1.134,0,-1,539,0,0,perturb
1129,1776111720.8795123,0.1145,3556,31050,3.093886,-7.768,-2.323,1.163,0,-1,539,0,0,perturb
1130,1776111722.896725,0.1145,3556,31050,3.096204,-7.503,-2.115,1.179,0,-1,539,0,0,perturb
1131,1776111724.9120195,0.1146,3557,31050,3.145532,-7.948,-2.08,1.196,0,-1,540,0,1,perturb
1132,1776111726.9212184,0.1146,3557,31050,3.03033,-7.651,-2.374,1.143,0,-1,541,0,0,perturb
1133,1776111728.9424496,0.1146,3557,31050,3.03033,-7.627,-1.947,1.126,0,-1,541,0,0,perturb
1134,1776111730.9604907,0.1146,3557,31050,3.043531,-7.963,-2.215,1.176,0,-1,542,0,0,perturb
1135,1776111732.9776924,0.1146,3557,31050,3.048523,-7.504,-2.256,1.198,0,-1,543,0,0,perturb
1136,1776111734.9910607,0.1146,3557,31050,3.048523,-7.799,-1.974,1.131,0,-1,543,0,0,perturb
1137,1776111737.0077143,0.1146,3557,31050,3.032469,-7.874,-2.373,1.129,0,-1,544,0,0,perturb
1138,1776111739.0258162,0.1146,3557,31050,3.118234,-7.511,-2.159,1.097,0,-1,545,0,0,perturb
1139,1776111741.035362,0.1146,3557,31050,3.118234,-7.873,-2.108,1.108,0,-1,545,0,0,perturb
1140,1776111743.0482252,0.1146,3557,31050,3.164827,-7.55,-2.454,1.122,0,-1,546,0,0,perturb
1141,1776111745.0618927,0.1146,3557,31050,3.122828,-7.424,-2.017,1.141,0,-1,547,0,0,perturb
1142,1776111747.0804927,0.1146,3557,31050,3.122828,-7.728,-2.299,1.067,0,-1,547,0,0,perturb
1143,1776111749.0940971,0.1145,3556,31050,2.818757,-7.254,-2.357,1.042,0,-1,547,0,0,perturb
1144,1776111751.113597,0.1145,3556,31050,2.818757,-7.488,-2.031,1.034,0,-1,547,0,0,perturb
1145,1776111753.1244314,0.1145,3556,31050,2.770203,-7.558,-2.466,0.987,0,-1,547,0,0,perturb
1146,1776111755.738002,0.1145,3556,31050,2.886746,-7.195,-2.196,1.027,0,-1,548,0,0,perturb
1147,1776111757.7582214,0.1145,3556,31050,2.886746,-7.607,-2.114,1.07,0,-1,548,0,0,perturb
1148,1776111759.7803545,0.1145,3556,31050,2.771484,-7.363,-2.502,1.063,0,-1,549,0,0,perturb
1149,1776111761.7917023,0.1145,3556,31050,3.025123,-7.247,-2.091,1.092,0,-1,550,0,0,perturb
1150,1776111763.806265,0.1145,3556,31050,2.745862,-7.545,-2.379,1.073,0,-1,551,0,0,perturb
1151,1776111765.8207555,0.1145,3556,31050,2.745862,-7.001,-2.443,1.102,0,-1,551,0,0,perturb
1152,1776111767.833177,0.1145,3556,31050,2.888744,-7.299,-2.135,1.111,0,-1,552,0,0,perturb
1153,1776111769.8469334,0.1145,3556,31050,2.629435,-7.313,-2.523,1.109,0,-1,553,0,0,perturb
1154,1776111771.8614933,0.1145,3556,31050,2.629435,-6.927,-2.215,1.139,0,-1,553,0,0,perturb
1155,1776111773.8754327,0.1145,3556,31050,2.801954,-7.364,-2.195,1.097,0,-1,554,0,0,perturb
1156,1776111775.896017,0.1145,3556,31050,2.644441,-7.069,-2.556,1.101,0,-1,555,0,0,perturb
1157,1776111777.913592,0.1145,3556,31050,2.644441,-7.029,-2.107,1.131,0,-1,555,0,0,perturb
1158,1776111779.9250581,0.1145,3556,31050,2.692854,-7.356,-2.461,1.143,0,-1,556,0,0,perturb
1159,1776111781.9403174,0.1145,3556,31050,2.692854,-6.947,-2.457,1.2,0,-1,556,0,0,perturb
1160,1776111783.9667006,0.1145,3556,31050,2.694489,-7.299,-2.105,1.164,0,-1,556,0,0,perturb
1161,1776111785.9842021,0.1145,3556,31050,2.694489,-7.429,-2.533,1.177,0,-1,556,0,0,perturb
1162,1776111788.002069,0.1145,3556,31050,2.673154,-7.149,-2.202,1.119,0,-1,557,0,0,perturb
1163,1776111790.0198083,0.1145,3556,31050,2.878903,-7.577,-2.19,1.111,0,-1,558,0,0,perturb
1164,1776111792.0303268,0.1145,3556,31050,2.878903,-7.202,-2.513,1.151,0,-1,558,0,0,perturb
1165,1776111794.0400314,0.1145,3556,31050,2.817238,-7.183,-2.078,1.155,0,-1,559,0,0,perturb
1166,1776111796.052671,0.1145,3556,31050,2.789057,-7.562,-2.408,1.141,0,-1,560,0,0,perturb
1167,1776111798.0631132,0.1145,3556,31050,2.789057,-7.155,-2.436,1.146,0,-1,560,0,0,perturb
1168,1776111800.0807903,0.1145,3556,31050,2.790491,-7.471,-2.115,1.129,0,-1,560,0,0,perturb
1169,1776111802.096953,0.1145,3556,31050,2.790491,-7.55,-2.517,1.157,0,-1,560,0,0,perturb
1170,1776111804.1150398,0.1145,3556,31050,2.782444,-7.213,-2.212,1.151,0,-1,561,0,0,perturb
1171,1776111806.1305037,0.1145,3556,31050,2.782444,-7.66,-2.156,1.134,0,-1,561,0,0,perturb
1172,1776111808.143127,0.1145,3556,31050,3.009006,-7.337,-2.511,1.213,0,-1,562,0,0,perturb
1173,1776111810.1599946,0.1145,3556,31050,2.950772,-7.245,-2.049,1.289,0,-1,563,0,0,perturb
1174,1776111812.1744745,0.1145,3556,31050,2.950772,-7.554,-2.308,1.281,0,-1,563,0,0,perturb
1175,1776111814.19451,0.1145,3556,31050,2.709965,-7.176,-2.338,1.309,0,-1,564,0,0,perturb
1176,1776111816.2123158,0.1145,3556,31050,2.709965,-7.463,-2.048,1.326,0,-1,564,0,0,perturb
1177,1776111818.2230322,0.1145,3556,31050,2.978939,-7.549,-2.446,1.427,0,-1,565,0,0,perturb
1178,1776111820.8352585,0.1145,3556,31050,2.978939,-7.158,-2.284,1.443,0,-1,565,0,0,perturb
1179,1776111823.453947,0.1146,3557,31050,2.977482,-7.569,-2.341,1.347,0,-1,566,0,1,perturb
1180,1776111825.4694295,0.1146,3557,31050,2.977482,-7.248,-2.71,1.435,0,-1,566,0,0,perturb
1181,1776111829.4908292,0.1146,3557,31050,2.983412,-7.14,-2.211,1.391,0,-1,566,0,0,perturb
1182,1776111831.5012372,0.1146,3557,31050,2.79442,-7.54,-2.454,1.312,0,-1,567,0,0,perturb
1183,1776111833.513328,0.1146,3557,31050,2.79442,-7.076,-2.506,1.283,0,-1,567,0,0,perturb
1184,1776111835.528706,0.1146,3557,31050,2.726117,-7.372,-2.2,1.277,0,-1,568,0,0,perturb
1185,1776111837.5420897,0.1146,3557,31050,2.726117,-7.358,-2.669,1.256,0,-1,568,0,0,perturb
1186,1776111839.5557337,0.1146,3557,31050,2.662013,-7.021,-2.376,1.264,0,-1,569,0,0,perturb
1187,1776111841.5680697,0.1146,3557,31050,2.662013,-7.458,-2.35,1.17,0,-1,569,0,0,perturb
1188,1776111843.578167,0.1146,3557,31050,2.857086,-7.2,-2.668,1.17,0,-1,570,0,0,perturb
1189,1776111845.5917494,0.1146,3557,31050,2.857086,-7.149,-2.239,1.184,0,-1,570,0,0,perturb
1190,1776111847.6050951,0.1146,3557,31050,2.931189,-7.445,-2.506,1.159,0,-1,571,0,0,perturb
1191,1776111849.6199589,0.1146,3557,31050,2.639264,-6.951,-2.617,1.083,0,-1,571,0,0,perturb
1192,1776111851.6358087,0.1146,3557,31050,2.639264,-7.214,-2.298,1.029,0,-1,572,0,0,perturb
1193,1776111853.6548774,0.1146,3557,31050,2.627201,-7.317,-2.779,1.047,0,-1,573,0,0,perturb
1194,1776111855.6726377,0.1146,3557,31050,2.627201,-6.939,-2.626,1.031,0,-1,573,0,0,perturb
1195,1776111857.6877508,0.1146,3557,31050,2.929289,-7.518,-2.62,1.102,0,-1,574,0,0,perturb
1196,1776111859.6989145,0.1146,3557,31050,2.831569,-7.24,-2.992,1.05,0,-1,575,0,0,perturb
1197,1776111861.7208245,0.1146,3557,31050,2.831569,-7.174,-2.623,1.036,0,-1,575,0,0,perturb
1198,1776111863.7375762,0.1146,3557,31050,2.908467,-7.533,-2.903,1.05,0,-1,576,0,0,perturb
1199,1776111865.751609,0.1146,3557,31050,2.908467,-7.106,-2.961,1.102,0,-1,576,0,0,perturb
1200,1776111867.768442,0.1146,3557,31050,2.994103,-7.385,-2.638,1.078,0,-1,577,0,0,perturb
1201,1776111869.7809029,0.1146,3557,31050,2.994103,-7.502,-3.104,1.066,0,-1,577,0,0,perturb
1202,1776111871.796293,0.1146,3557,31050,2.823859,-7.148,-2.799,1.124,0,-1,578,0,0,perturb
1203,1776111873.8111825,0.1146,3557,31050,2.823859,-7.61,-2.788,1.133,0,-1,578,0,0,perturb
1204,1776111875.8236296,0.1146,3557,31050,3.002962,-7.264,-3.102,1.163,0,-1,579,0,0,perturb
1205,1776111877.8375154,0.1146,3557,31050,3.095562,-7.299,-2.634,1.156,0,-1,580,0,0,perturb
1206,1776111879.8485804,0.1146,3557,31050,2.930738,-7.637,-2.938,1.151,0,-1,581,0,0,perturb
1207,1776111881.862078,0.1146,3557,31050,2.930738,-7.214,-2.981,1.121,0,-1,581,0,0,perturb
1208,1776111883.8737793,0.1146,3557,31050,3.097271,-7.486,-2.673,1.113,0,-1,582,0,0,perturb
1209,1776111885.8916974,0.1146,3557,31050,2.869524,-7.503,-3.175,1.109,0,-1,583,0,0,perturb
1210,1776111887.9052324,0.1146,3557,31050,2.869524,-7.2,-2.932,1.077,0,-1,583,0,0,perturb
1211,1776111889.9204326,0.1146,3557,31050,3.108732,-7.677,-2.899,1.111,0,-1,584,0,0,perturb
1212,1776111891.9326608,0.1146,3557,31050,3.108732,-7.338,-3.23,1.097,0,-1,584,0,0,perturb
1213,1776111893.9507837,0.1146,3557,31050,2.888144,-7.328,-2.775,1.106,0,-1,585,0,0,perturb
1214,1776111895.969822,0.1146,3557,31050,2.888144,-7.69,-3.026,1.13,0,-1,585,0,0,perturb
1215,1776111897.9907217,0.1146,3557,31050,3.079221,-7.298,-3.044,1.087,0,-1,586,0,0,perturb
1216,1776111900.004624,0.1146,3557,31050,3.209695,-7.549,-2.735,1.099,0,-1,587,0,0,perturb
1217,1776111902.01841,0.1146,3557,31050,3.209695,-7.622,-3.163,1.092,0,-1,587,0,0,perturb
1218,1776111904.0360827,0.1146,3557,31050,2.996641,-7.258,-2.907,1.116,0,-1,588,0,0,perturb
1219,1776111906.0520103,0.1146,3557,31050,3.167504,-7.712,-2.817,1.063,0,-1,588,0,0,perturb
1220,1776111908.0648732,0.1146,3557,31050,3.167504,-7.404,-3.138,1.203,0,-1,589,0,0,perturb
1221,1776111910.0753143,0.1146,3557,31050,3.144603,-7.317,-2.677,1.212,0,-1,590,0,0,perturb
1222,1776111912.0846481,0.1146,3557,31050,3.144603,-7.62,-2.896,1.228,0,-1,590,0,0,perturb
1223,1776111914.0978477,0.1146,3557,31050,3.147162,-7.22,-2.98,1.224,0,-1,590,0,0,perturb
1224,1776111916.1174073,0.1146,3557,31050,3.177719,-7.474,-2.692,1.18,0,-1,591,0,0,perturb
1225,1776111918.1277611,0.1146,3557,31050,3.177719,-7.51,-3.176,1.231,0,-1,591,0,0,perturb
1226,1776111920.1435108,0.1146,3557,31050,3.001134,-7.149,-2.953,1.162,0,-1,592,0,0,perturb
1227,1776111922.1573186,0.1146,3557,31050,3.001134,-7.516,-2.988,1.169,0,-1,592,0,0,perturb
1228,1776111924.1726198,0.1146,3557,31050,3.003259,-7.189,-3.354,1.162,0,-1,592,0,0,perturb
1229,1776111926.1911745,0.1146,3557,31050,3.003259,-7.162,-2.958,1.114,0,-1,592,0,0,perturb
1230,1776111928.203947,0.1146,3557,31050,3.064762,-7.5,-3.241,1.139,0,-1,593,0,0,perturb
1231,1776111930.2187512,0.1146,3557,31050,2.845257,-7.09,-3.291,1.131,0,-1,594,0,0,perturb
1232,1776111932.2310576,0.1146,3557,31050,2.845257,-7.482,-3.016,1.111,0,-1,594,0,0,perturb
1233,1776111934.2434704,0.1146,3557,31050,2.972157,-7.502,-3.468,1.066,0,-1,595,0,0,perturb
1234,1776111936.264201,0.1146,3557,31050,2.972157,-7.096,-3.184,1.106,0,-1,595,0,0,perturb
1235,1776111938.2794917,0.1145,3556,31050,3.116923,-7.599,-3.198,1.086,0,-1,596,0,0,perturb
1236,1776111940.289205,0.1145,3556,31050,3.116923,-7.228,-3.509,1.081,0,-1,596,0,0,perturb
1237,1776111942.3013787,0.1145,3556,31050,3.09137,-7.153,-2.99,1.049,0,-1,597,0,0,perturb
1238,1776111944.3122773,0.1145,3556,31050,3.09137,-7.485,-3.227,1.091,0,-1,597,0,0,perturb
1239,1776111946.3219488,0.1145,3554,31050,2.972202,-7.046,-3.26,1.082,0,-1,598,0,0,perturb
1240,1776111948.3378756,0.1145,3554,31050,2.972202,-7.297,-2.949,1.07,0,-1,598,0,0,perturb
1241,1776111950.3483539,0.1145,3554,31050,2.964846,-7.368,-3.413,1.093,0,-1,599,0,0,perturb
1242,1776111952.3613837,0.1145,3554,31050,2.975663,-7.094,-3.197,1.109,0,-1,600,0,0,perturb
1243,1776111954.376183,0.1145,3554,31050,2.975663,-7.411,-3.149,1.055,0,-1,600,0,0,perturb
1244,1776111956.3963425,0.1145,3554,31050,2.841167,-7.105,-3.468,0.997,0,-1,600,0,0,perturb
1245,1776111958.6129994,0.1145,3554,31050,2.841167,-7.043,-3.019,1.019,0,-1,601,0,0,perturb
1246,1776111960.629659,0.1145,3554,31050,2.95653,-7.409,-3.342,0.96,0,-1,601,0,0,perturb
1247,1776111964.6447234,0.1145,3554,31050,3.117778,-6.911,-3.4,1.026,0,-1,601,0,0,perturb
1248,1776111966.6609325,0.1145,3554,31050,3.117778,-7.176,-3.1,0.952,0,-1,601,0,0,perturb
1249,1776111970.6818097,0.1145,3554,31050,2.93537,-7.183,-3.46,1.019,0,-1,602,0,0,perturb
1250,1776111972.6959457,0.1145,3554,31050,2.93537,-6.861,-3.194,0.966,0,-1,602,0,0,perturb
1251,1776111975.3099387,0.1144,3553,31050,2.98934,-7.258,-3.077,1.002,0,-1,602,0,0,perturb
1252,1776111977.32981,0.1144,3553,31050,2.98934,-6.976,-3.355,1.053,0,-1,602,0,0,perturb
1253,1776111979.339255,0.1144,3553,31050,2.944719,-6.941,-2.964,1.101,0,-1,603,0,0,perturb
1254,1776111981.3492239,0.1144,3553,31050,2.944719,-7.295,-3.185,1.067,0,-1,603,0,0,perturb
1255,1776111983.36832,0.1144,3553,31050,2.944719,-6.963,-3.224,1.043,0,-1,603,0,0,perturb
1256,1776111985.3798375,0.1144,3553,31050,2.728058,-7.291,-2.939,1.127,0,-1,604,0,0,perturb
1257,1776111987.3912377,0.1144,3553,31050,2.766313,-7.339,-3.4,1.103,0,-1,604,0,0,perturb
1258,1776111989.4054723,0.1144,3553,31050,2.766313,-7.045,-3.209,1.054,0,-1,604,0,0,perturb
1259,1776111991.4197268,0.1144,3553,31050,3.011705,-7.532,-3.196,1.13,0,-1,605,0,0,perturb
1260,1776111993.4367235,0.1144,3553,31050,2.849474,-7.301,-3.509,1.093,0,-1,606,0,0,perturb
1261,1776111995.4538517,0.1144,3553,31050,2.849474,-7.241,-3.048,1.151,0,-1,606,0,0,perturb
1262,1776111997.4696174,0.1144,3553,31050,3.127738,-7.661,-3.289,1.18,0,-1,607,0,0,perturb
1263,1776111999.4862142,0.1144,3553,31050,3.127738,-7.241,-3.369,1.199,0,-1,607,0,0,perturb
1264,1776112001.501947,0.1145,3556,31050,3.035136,-7.467,-3.033,1.222,0,-1,608,0,3,perturb
1265,1776112003.5244212,0.1145,3556,31050,3.035136,-7.495,-3.498,1.198,0,-1,608,0,0,perturb
1266,1776112005.5410478,0.1145,3556,31050,3.026126,-7.129,-3.256,1.235,0,-1,609,0,0,perturb
1267,1776112007.5624268,0.1145,3556,31050,3.026126,-7.547,-3.171,1.199,0,-1,609,0,0,perturb
1268,1776112009.574905,0.1145,3556,31050,2.957861,-7.287,-3.477,1.195,0,-1,610,0,0,perturb
1269,1776112011.5971825,0.1145,3556,31050,2.957861,-7.224,-3.032,1.177,0,-1,610,0,0,perturb
1270,1776112013.6100128,0.1145,3556,31050,3.065296,-7.631,-3.366,1.205,0,-1,611,0,0,perturb
1271,1776112015.6304383,0.1145,3556,31050,3.065296,-7.226,-3.429,1.151,0,-1,611,0,0,perturb
1272,1776112017.6499622,0.1145,3556,31050,3.247493,-7.47,-3.128,1.164,0,-1,612,0,0,perturb
1273,1776112019.667039,0.1145,3556,31050,3.247493,-7.498,-3.516,1.135,0,-1,612,0,0,perturb
1274,1776112021.683216,0.1145,3556,31050,3.247493,-7.205,-3.34,1.164,0,-1,612,0,0,perturb
1275,1776112023.7039726,0.1145,3556,31050,3.250236,-7.608,-3.319,1.161,0,-1,612,0,0,perturb
1276,1776112025.7244368,0.1145,3556,31050,3.250236,-7.322,-3.614,1.139,0,-1,612,0,0,perturb
1277,1776112027.746322,0.1146,3557,31050,2.953418,-7.241,-3.231,1.145,0,-1,613,0,1,perturb
1278,1776112029.762977,0.1146,3557,31050,2.953418,-7.556,-3.414,1.122,0,-1,613,0,0,perturb
1279,1776112031.781564,0.1146,3557,31050,2.969133,-7.138,-3.485,1.152,0,-1,614,0,0,perturb
1280,1776112033.7939134,0.1146,3557,31050,2.969133,-7.402,-3.178,1.131,0,-1,614,0,0,perturb
1281,1776112035.81217,0.1146,3557,31050,2.969133,-7.411,-3.57,1.184,0,-1,614,0,0,perturb
1282,1776112037.822529,0.1146,3557,31050,2.995189,-7.068,-3.265,1.162,0,-1,615,0,0,perturb
1283,1776112039.8312733,0.1146,3557,31050,2.995189,-7.445,-3.191,1.218,0,-1,615,0,0,perturb
1284,1776112041.8448372,0.1146,3557,31050,3.015074,-7.203,-3.599,1.216,0,-1,616,0,0,perturb
1285,1776112043.8637447,0.1146,3557,31050,3.015074,-7.143,-3.1,1.2,0,-1,616,0,0,perturb
1286,1776112045.8798456,0.1146,3557,31050,3.071165,-7.434,-3.379,1.25,0,-1,617,0,0,perturb
1287,1776112047.8984718,0.1146,3557,31050,3.071165,-6.989,-3.463,1.227,0,-1,617,0,0,perturb
1288,1776112049.9097066,0.1146,3557,31050,3.074491,-7.319,-3.137,1.272,0,-1,617,0,0,perturb
1289,1776112051.9215891,0.1146,3557,31050,3.074491,-7.333,-3.543,1.234,0,-1,617,0,0,perturb
1290,1776112053.9306655,0.1146,3557,31050,3.074491,-6.952,-3.302,1.181,0,-1,617,0,0,perturb
1291,1776112055.9427288,0.1146,3557,31050,3.077699,-7.409,-3.267,1.249,0,-1,617,0,0,perturb
1292,1776112057.9553258,0.1146,3557,31050,3.077699,-7.145,-3.588,1.209,0,-1,617,0,0,perturb
1293,1776112059.971967,0.1146,3557,31050,3.077699,-7.168,-3.228,1.213,0,-1,617,0,0,perturb
1294,1776112061.989684,0.1146,3557,31050,3.081902,-7.506,-3.533,1.281,0,-1,617,0,0,perturb
1295,1776112064.01211,0.1146,3557,31050,2.935917,-7.058,-3.62,1.214,0,-1,617,0,0,perturb
1296,1776112066.0261886,0.1145,3555,31050,2.935917,-7.298,-3.31,1.26,0,-1,618,0,0,perturb
1297,1776112068.0405703,0.1145,3555,31050,2.935917,-7.245,-3.764,1.25,0,-1,618,0,0,perturb
1298,1776112070.052693,0.1145,3555,31050,2.927867,-6.947,-3.45,1.306,0,-1,619,0,0,perturb
1299,1776112072.0681248,0.1145,3555,31050,3.129503,-7.399,-3.471,1.279,0,-1,619,0,0,perturb
1300,1776112074.0876238,0.1145,3555,31050,3.129503,-7.185,-3.771,1.311,0,-1,619,0,0,perturb
1301,1776112076.1059828,0.1145,3555,31050,2.903573,-7.134,-3.341,1.31,0,-1,619,0,0,perturb
1302,1776112078.1221936,0.1145,3555,31050,2.903573,-7.473,-3.689,1.346,0,-1,619,0,0,perturb
1303,1776112080.1359293,0.1145,3554,31050,2.931874,-7.041,-3.702,1.358,0,-1,620,0,0,perturb
1304,1776112082.1508174,0.1145,3554,31050,2.931874,-7.312,-3.431,1.356,0,-1,620,0,0,perturb
1305,1776112084.1651993,0.1145,3554,31050,3.018545,-7.336,-3.889,1.386,0,-1,620,0,0,perturb
1306,1776112086.1889613,0.1145,3554,31050,3.142079,-7.067,-3.707,1.378,0,-1,620,0,0,perturb
1307,1776112088.2004166,0.1145,3554,31050,3.150435,-7.393,-3.67,1.373,0,-1,620,0,0,perturb
1308,1776112090.212579,0.1145,3554,31050,3.150435,-7.18,-3.924,1.37,0,-1,620,0,0,perturb
1309,1776112092.2294598,0.1145,3555,31050,2.919243,-7.104,-3.39,1.438,0,-1,620,0,1,perturb
1310,1776112096.251129,0.1145,3555,31050,2.964887,-7.532,-3.678,1.427,0,-1,621,0,0,perturb
1311,1776112100.2694752,0.1145,3555,31050,3.156513,-7.062,-3.751,1.356,0,-1,621,0,0,perturb
1312,1776112102.2792346,0.1145,3554,31050,3.156513,-7.308,-3.54,1.377,0,-1,622,0,0,perturb
1313,1776112104.2957675,0.1145,3554,31050,3.076747,-7.385,-3.922,1.309,0,-1,622,0,0,perturb
1314,1776112106.3115053,0.1145,3555,31050,3.076747,-7.03,-3.549,1.342,0,-1,622,0,1,perturb
1315,1776112108.3221798,0.1145,3555,31050,3.076747,-7.466,-3.495,1.326,0,-1,622,0,0,perturb
1316,1776112110.3340786,0.1145,3555,31050,3.178485,-7.192,-3.792,1.347,0,-1,622,0,0,perturb
1317,1776112112.3521001,0.1145,3555,31050,3.173399,-7.179,-3.309,1.322,0,-1,622,0,0,perturb
1318,1776112114.3639014,0.1144,3551,31050,3.173399,-7.618,-3.613,1.274,0,-1,622,0,0,perturb
1319,1776112116.3766952,0.1144,3551,31050,3.173399,-7.198,-3.653,1.288,0,-1,622,0,0,perturb
1320,1776112118.3908699,0.1143,3550,31050,3.045032,-7.496,-3.28,1.286,0,-1,623,0,0,perturb
1321,1776112120.4061291,0.1143,3550,31050,3.045032,-7.592,-3.679,1.268,0,-1,623,0,0,perturb
1322,1776112122.4224024,0.1143,3550,31050,3.182549,-7.3,-3.395,1.207,0,-1,624,0,0,perturb
1323,1776112124.4336631,0.1143,3550,31050,3.182549,-7.727,-3.381,1.188,0,-1,624,0,0,perturb
1324,1776112126.4452024,0.1143,3550,31050,3.090845,-7.457,-3.724,1.143,0,-1,625,0,0,perturb
1325,1776112128.4656441,0.1143,3550,31050,3.090845,-7.393,-3.305,1.135,0,-1,625,0,0,perturb
1326,1776112130.4834254,0.1143,3550,31050,3.265036,-7.768,-3.577,1.158,0,-1,625,0,0,perturb
1327,1776112132.4974413,0.1143,3550,31050,3.268437,-7.317,-3.612,1.105,0,-1,625,0,0,perturb
1328,1776112134.5141683,0.1143,3550,31050,3.268437,-7.642,-3.358,1.082,0,-1,625,0,0,perturb
1329,1776112136.529973,0.1143,3550,31050,3.184922,-7.708,-3.791,1.076,0,-1,626,0,0,perturb
1330,1776112138.5401874,0.1143,3550,31050,3.184922,-7.314,-3.474,1.054,0,-1,626,0,0,perturb
1331,1776112140.554617,0.1143,3550,31050,3.443872,-7.779,-3.461,1.028,0,-1,626,0,0,perturb
1332,1776112142.5728576,0.1143,3550,31050,3.443872,-7.511,-3.75,0.996,0,-1,626,0,0,perturb
1333,1776112145.1839566,0.1143,3550,31050,3.202959,-7.469,-3.375,1.037,0,-1,627,0,0,perturb
1334,1776112147.196082,0.1143,3550,31050,3.202959,-7.761,-3.661,1.036,0,-1,627,0,0,perturb
1335,1776112149.2170017,0.1143,3550,31050,3.245129,-7.345,-3.671,1.034,0,-1,628,0,0,perturb
1336,1776112151.2285955,0.1143,3550,31050,3.245129,-7.604,-3.384,1.028,0,-1,628,0,0,perturb
1337,1776112153.2503905,0.1143,3550,31050,3.454658,-7.769,-3.825,1.106,0,-1,629,0,0,perturb
1338,1776112155.2652512,0.1143,3550,31050,3.289335,-7.473,-3.554,1.054,0,-1,629,0,0,perturb
1339,1776112157.283392,0.1144,3553,31050,3.289335,-7.858,-3.513,1.027,0,-1,630,0,3,perturb
1340,1776112159.2973576,0.1144,3553,31050,3.289335,-7.67,-3.906,1.021,0,-1,630,0,0,perturb
1341,1776112161.314961,0.1144,3553,31050,3.184616,-7.623,-3.449,1.024,0,-1,631,0,0,perturb
1342,1776112163.3259046,0.1144,3553,31050,3.409576,-8.013,-3.698,1.077,0,-1,632,0,0,perturb
1343,1776112165.3438041,0.1144,3553,31050,3.409576,-7.625,-3.764,1.075,0,-1,632,0,0,perturb
1344,1776112167.3582828,0.1144,3553,31050,3.50509,-7.886,-3.519,1.088,0,-1,633,0,0,perturb
1345,1776112169.3777835,0.1144,3553,31050,3.50509,-7.952,-3.934,1.052,0,-1,633,0,0,perturb
1346,1776112171.3879266,0.1144,3553,31050,3.447203,-7.658,-3.584,1.059,0,-1,634,0,0,perturb
1347,1776112173.4028723,0.1144,3553,31050,3.447203,-7.913,-3.615,1.111,0,-1,634,0,0,perturb
1348,1776112175.420466,0.1144,3553,31050,3.537552,-7.649,-3.944,1.142,0,-1,634,0,0,perturb
1349,1776112177.4343,0.1144,3553,31050,3.537552,-7.609,-3.509,1.128,0,-1,634,0,0,perturb
1350,1776112179.4455633,0.1145,3554,31050,3.545102,-7.965,-3.811,1.182,0,-1,635,0,1,perturb
1351,1776112181.4607666,0.1145,3554,31050,3.545102,-7.516,-3.857,1.198,0,-1,635,0,0,perturb
1352,1776112183.4765224,0.1145,3554,31050,3.574675,-7.767,-3.567,1.187,0,-1,636,0,0,perturb
1353,1776112185.4896362,0.1145,3554,31050,3.574675,-7.778,-4.037,1.213,0,-1,636,0,0,perturb
1354,1776112187.5044644,0.1145,3554,31050,3.366729,-7.501,-3.794,1.272,0,-1,636,0,0,perturb
1355,1776112189.5162554,0.1145,3554,31050,3.366729,-7.92,-3.743,1.238,0,-1,636,0,0,perturb
1356,1776112191.5296884,0.1145,3554,31050,3.405612,-7.709,-4.047,1.25,0,-1,637,0,0,perturb
1357,1776112193.5454035,0.1145,3554,31050,3.612094,-7.652,-3.659,1.228,0,-1,637,0,0,perturb
1358,1776112195.5582337,0.1144,3553,31050,3.612094,-8.01,-3.9,1.24,0,-1,637,0,0,perturb
1359,1776112197.5724235,0.1144,3553,31050,3.612094,-7.673,-3.937,1.242,0,-1,637,0,0,perturb
1360,1776112199.5908675,0.1144,3553,31050,3.612094,-7.843,-3.72,1.195,0,-1,637,0,0,perturb
1361,1776112201.6022863,0.1144,3553,31050,3.745508,-7.905,-4.108,1.204,0,-1,638,0,0,perturb
1362,1776112203.6139631,0.1144,3553,31050,3.745508,-7.576,-3.936,1.187,0,-1,638,0,0,perturb
1363,1776112205.6272485,0.1144,3553,31050,3.552177,-7.905,-3.926,1.236,0,-1,638,0,0,perturb
1364,1776112207.6394315,0.1145,3555,31050,3.552177,-7.662,-4.227,1.182,0,-1,639,0,2,perturb
1365,1776112209.6626408,0.1145,3555,31050,3.552177,-7.588,-3.784,1.193,0,-1,639,0,0,perturb
1366,1776112211.676815,0.1145,3555,31050,3.592101,-7.969,-4.054,1.189,0,-1,639,0,0,perturb
1367,1776112213.6888475,0.1145,3555,31050,3.592101,-7.425,-4.064,1.224,0,-1,639,0,0,perturb
1368,1776112215.7027721,0.1145,3555,31050,3.550818,-7.686,-3.789,1.263,0,-1,639,0,0,perturb
1369,1776112217.7148857,0.1145,3555,31050,3.550818,-7.693,-4.193,1.306,0,-1,640,0,0,perturb
1370,1776112219.7276843,0.1145,3555,31050,3.550818,-7.297,-3.969,1.293,0,-1,640,0,0,perturb
1371,1776112221.7428637,0.1145,3555,31050,3.409991,-7.775,-3.893,1.293,0,-1,641,0,0,perturb
1372,1776112223.7559597,0.1145,3555,31050,3.409991,-7.498,-4.22,1.373,0,-1,641,0,0,perturb
1373,1776112225.7767248,0.1145,3555,31050,3.231523,-7.49,-3.679,1.37,0,-1,642,0,0,perturb
1374,1776112227.788893,0.1145,3555,31050,3.231523,-7.863,-3.908,1.332,0,-1,642,0,0,perturb
1375,1776112229.8055372,0.1145,3555,31050,3.231523,-7.449,-3.864,1.348,0,-1,642,0,0,perturb
1376,1776112231.820656,0.1145,3555,31050,3.248497,-7.623,-3.551,1.411,0,-1,643,0,0,perturb
1377,1776112234.833715,0.1145,3555,31050,3.248497,-7.721,-3.98,1.383,0,-1,643,0,0,perturb
1378,1776112236.851791,0.1145,3555,31050,3.264474,-7.369,-3.733,1.367,0,-1,644,0,0,perturb
1379,1776112238.8637292,0.1145,3555,31050,3.264474,-7.893,-3.682,1.338,0,-1,644,0,0,perturb
1380,1776112240.8792684,0.1145,3555,31050,3.403235,-7.52,-3.944,1.396,0,-1,645,0,0,perturb
1381,1776112242.8937209,0.1145,3555,31050,3.403235,-7.546,-3.447,1.361,0,-1,645,0,0,perturb
1382,1776112244.9115763,0.1145,3555,31050,3.403235,-7.898,-3.726,1.339,0,-1,645,0,0,perturb
1383,1776112246.9304159,0.1145,3555,31050,3.391203,-7.471,-3.743,1.356,0,-1,646,0,0,perturb
1384,1776112248.9432602,0.1145,3555,31050,3.391203,-7.72,-3.453,1.353,0,-1,646,0,0,perturb
1385,1776112250.9554465,0.1145,3555,31050,3.391203,-7.748,-3.919,1.309,0,-1,646,0,0,perturb
1386,1776112252.97206,0.1145,3555,31050,3.289481,-7.402,-3.655,1.34,0,-1,647,0,0,perturb
1387,1776112254.984922,0.1145,3555,31050,3.289481,-7.821,-3.684,1.375,0,-1,647,0,0,perturb
1388,1776112257.000971,0.1145,3555,31050,3.467223,-7.54,-3.948,1.35,0,-1,648,0,0,perturb
1389,1776112259.0210698,0.1145,3555,31050,3.467223,-7.489,-3.473,1.415,0,-1,648,0,0,perturb
1390,1776112261.8349178,0.1145,3555,31050,3.457421,-7.871,-3.707,1.401,0,-1,649,0,0,perturb
1391,1776112264.2497175,0.1145,3555,31050,3.457421,-7.473,-3.678,1.372,0,-1,649,0,0,perturb
1392,1776112266.2620695,0.1145,3555,31050,3.433568,-7.654,-3.384,1.36,0,-1,649,0,0,perturb
1393,1776112268.2762535,0.1145,3555,31050,3.433568,-7.709,-3.816,1.38,0,-1,649,0,0,perturb
1394,1776112270.2937877,0.1145,3555,31050,3.433568,-7.376,-3.591,1.335,0,-1,649,0,0,perturb
1395,1776112272.310779,0.1145,3555,31050,3.21696,-7.895,-3.556,1.312,0,-1,649,0,0,perturb
1396,1776112274.3233964,0.1145,3555,31050,3.21696,-7.651,-3.783,1.267,0,-1,649,0,0,perturb
1397,1776112276.3372593,0.1145,3555,31050,3.130556,-7.647,-3.326,1.269,0,-1,649,0,0,perturb
1398,1776112278.3527555,0.1145,3555,31050,3.130556,-8.058,-3.561,1.294,0,-1,649,0,0,perturb
1399,1776112280.3659537,0.1145,3555,31050,3.372416,-7.652,-3.572,1.272,0,-1,650,0,0,perturb
1400,1776112282.3849082,0.1145,3555,31050,3.372416,-7.803,-3.311,1.245,0,-1,650,0,0,perturb
1401,1776112284.3964617,0.1145,3555,31050,3.377423,-7.851,-3.749,1.248,0,-1,651,0,0,perturb
1402,1776112286.4109256,0.1145,3555,31050,3.377423,-7.473,-3.52,1.228,0,-1,651,0,0,perturb
1403,1776112288.427026,0.1145,3555,31050,3.478756,-7.941,-3.55,1.198,0,-1,651,0,0,perturb
1404,1776112290.438509,0.1144,3552,31050,3.478756,-7.6,-3.824,1.181,0,-1,651,0,0,perturb
1405,1776112292.4530778,0.1144,3552,31050,3.478756,-7.614,-3.384,1.149,0,-1,651,0,0,perturb
1406,1776112294.4702883,0.1144,3552,31050,3.490765,-7.955,-3.573,1.178,0,-1,652,0,0,perturb
1407,1776112296.4817774,0.1144,3552,31050,3.490765,-7.548,-3.587,1.155,0,-1,652,0,0,perturb
1408,1776112298.4951313,0.1144,3552,31050,3.277762,-7.773,-3.288,1.177,0,-1,653,0,0,perturb
1409,1776112300.510123,0.1144,3552,31050,3.277762,-7.883,-3.715,1.202,0,-1,653,0,0,perturb
1410,1776112302.5221524,0.1144,3552,31050,3.207221,-7.486,-3.571,1.179,0,-1,654,0,0,perturb
1411,1776112304.5360606,0.1144,3552,31050,3.207221,-7.985,-3.542,1.151,0,-1,654,0,0,perturb
1412,1776112306.557236,0.1144,3552,31050,3.507082,-7.717,-3.879,1.131,0,-1,655,0,0,perturb
1413,1776112308.5754578,0.1144,3552,31050,3.507082,-7.73,-3.398,1.171,0,-1,655,0,0,perturb
1414,1776112310.5914843,0.1144,3552,31050,3.503977,-8.054,-3.686,1.12,0,-1,655,0,0,perturb
1415,1776112312.6063476,0.1144,3552,31050,3.503977,-7.6,-3.679,1.126,0,-1,655,0,0,perturb
1416,1776112314.630795,0.1144,3552,31050,3.517996,-7.885,-3.407,1.124,0,-1,656,0,0,perturb
1417,1776112316.649214,0.1144,3552,31050,3.517996,-8.012,-3.88,1.102,0,-1,656,0,0,perturb
1418,1776112318.6652973,0.1144,3552,31050,3.517996,-7.615,-3.67,1.155,0,-1,656,0,0,perturb
1419,1776112320.6750736,0.1144,3552,31050,3.592245,-8.003,-3.649,1.132,0,-1,657,0,0,perturb
1420,1776112322.687113,0.1144,3552,31050,3.592245,-7.778,-3.909,1.179,0,-1,657,0,0,perturb
1421,1776112324.7063196,0.1144,3552,31050,3.584712,-7.852,-3.454,1.244,0,-1,658,0,0,perturb
1422,1776112326.7210283,0.1144,3552,31050,3.584712,-8.036,-3.731,1.218,0,-1,658,0,0,perturb
1423,1776112328.7363615,0.1144,3552,31050,3.584712,-7.635,-3.685,1.273,0,-1,658,0,0,perturb
1424,1776112330.746056,0.1144,3552,31050,3.443111,-7.888,-3.47,1.339,0,-1,658,0,0,perturb
1425,1776112332.7581782,0.1145,3556,31050,3.443111,-7.953,-3.958,1.279,0,-1,658,0,4,perturb
1426,1776112334.767171,0.1145,3556,31050,3.443111,-7.581,-3.782,1.285,0,-1,658,0,0,perturb
1427,1776112336.775874,0.1145,3556,31050,3.550985,-7.899,-3.743,1.294,0,-1,659,0,0,perturb
1428,1776112338.7920043,0.1145,3556,31050,3.550985,-7.688,-4.004,1.305,0,-1,659,0,0,perturb
1429,1776112340.8052633,0.1145,3556,31050,3.240552,-7.598,-3.566,1.234,0,-1,660,0,0,perturb
1430,1776112342.8258939,0.1145,3556,31050,3.446589,-7.973,-3.825,1.299,0,-1,661,0,0,perturb
1431,1776112344.8381686,0.1145,3556,31050,3.446589,-7.56,-3.917,1.256,0,-1,661,0,0,perturb
1432,1776112346.8566377,0.1145,3556,31050,3.446589,-7.72,-3.674,1.266,0,-1,661,0,0,perturb
1433,1776112348.872176,0.1145,3555,31050,3.505637,-7.758,-4.153,1.248,0,-1,661,0,0,perturb
1434,1776112350.8961613,0.1145,3555,31050,3.505637,-7.381,-3.909,1.248,0,-1,661,0,0,perturb
1435,1776112352.9052827,0.1145,3555,31050,3.550619,-7.82,-3.835,1.283,0,-1,662,0,0,perturb
1436,1776112354.914276,0.1145,3555,31050,3.550619,-7.629,-4.112,1.312,0,-1,662,0,0,perturb
1437,1776112356.9275184,0.1145,3555,31050,3.317651,-7.666,-3.687,1.251,0,-1,663,0,0,perturb
1438,1776112358.9422638,0.1145,3555,31050,3.317651,-8.037,-3.947,1.309,0,-1,663,0,0,perturb
1439,1776112360.9580188,0.1145,3555,31050,3.317651,-7.653,-3.944,1.321,0,-1,663,0,0,perturb
1440,1776112362.9752784,0.1145,3555,31050,3.404077,-7.893,-3.549,1.298,0,-1,664,0,0,perturb
1441,1776112364.989569,0.1145,3555,31050,3.404077,-7.915,-4.006,1.314,0,-1,664,0,0,perturb
1442,1776112367.0098932,0.1145,3555,31050,3.404077,-7.599,-3.705,1.333,0,-1,664,0,0,perturb
1443,1776112369.0281126,0.1145,3555,31050,3.422691,-7.957,-3.695,1.323,0,-1,664,0,0,perturb
1444,1776112371.0447516,0.1145,3555,31050,3.422691,-7.716,-4.015,1.318,0,-1,664,0,0,perturb
1445,1776112373.0755851,0.1146,3557,31050,3.365533,-7.747,-3.571,1.273,0,-1,664,0,2,perturb
1446,1776112375.0888364,0.1146,3557,31050,3.365533,-7.991,-3.851,1.262,0,-1,664,0,0,perturb
1447,1776112377.1030025,0.1146,3557,31050,3.365533,-7.588,-3.886,1.277,0,-1,664,0,0,perturb
1448,1776112379.1190815,0.1146,3557,31050,3.32312,-7.891,-3.596,1.228,0,-1,665,0,0,perturb
1449,1776112381.132564,0.1146,3557,31050,3.32312,-7.908,-4.087,1.218,0,-1,665,0,0,perturb
1450,1776112383.1454914,0.1146,3557,31050,3.32312,-7.557,-3.819,1.219,0,-1,665,0,0,perturb
1451,1776112385.1614985,0.1146,3557,31050,3.382092,-8.019,-3.743,1.172,0,-1,666,0,0,perturb
1452,1776112387.1762133,0.1146,3557,31050,3.382092,-7.684,-4.009,1.273,0,-1,666,0,0,perturb
1453,1776112389.1855135,0.1146,3557,31050,3.302295,-7.626,-3.603,1.194,0,-1,667,0,0,perturb
1454,1776112391.20389,0.1146,3557,31050,3.302295,-8.004,-3.867,1.225,0,-1,667,0,0,perturb
1455,1776112393.222021,0.1146,3557,31050,3.478383,-7.555,-3.947,1.237,0,-1,668,0,0,perturb
1456,1776112395.235747,0.1146,3557,31050,3.478383,-7.764,-3.678,1.202,0,-1,668,0,0,perturb
1457,1776112397.2479434,0.1146,3557,31050,3.478383,-7.781,-4.137,1.225,0,-1,668,0,0,perturb
1458,1776112399.2627976,0.1146,3557,31050,3.559316,-7.362,-3.851,1.277,0,-1,669,0,0,perturb
1459,1776112401.2814128,0.1146,3557,31050,3.559316,-7.856,-3.796,1.311,0,-1,669,0,0,perturb
1460,1776112403.3008351,0.1146,3557,31050,3.520956,-7.578,-4.031,1.294,0,-1,669,0,0,perturb
1461,1776112405.3180907,0.1145,3555,31050,3.520956,-7.569,-3.545,1.282,0,-1,670,0,0,perturb
1462,1776112407.3318143,0.1145,3555,31050,3.389885,-7.916,-3.748,1.317,0,-1,670,0,0,perturb
1463,1776112409.3431022,0.1145,3555,31050,3.389885,-7.4,-3.784,1.316,0,-1,670,0,0,perturb
1464,1776112411.355182,0.1145,3555,31050,3.389885,-7.724,-3.499,1.318,0,-1,670,0,0,perturb
1465,1776112413.3752375,0.1145,3555,31050,3.389175,-7.746,-3.901,1.437,0,-1,670,0,0,perturb
1466,1776112416.8626773,0.1156,3588,31050,3.389175,-7.709,-3.602,1.424,0,-1,671,0,33,itpf_h90
1467,1776112421.0077841,0.1156,3588,31050,3.394989,-7.707,-3.089,1.399,0,-1,671,0,0,itpf_h90
1468,1776112423.1759284,0.1156,3588,31050,3.394989,-7.657,-2.571,1.498,0,-1,671,0,0,itpf_h90
1469,1776112427.4238482,0.1156,3588,31050,3.398593,-7.576,-2.079,1.468,0,-1,671,0,0,itpf_h67
1470,1776112431.6623085,0.1156,3588,31050,3.402935,-7.971,-2.03,1.521,0,-1,671,0,0,itpf_h-180
1471,1776112435.8709378,0.1156,3588,31050,3.407035,-7.931,-2.121,1.519,0,-1,671,0,0,itpf_h-180
1472,1776112440.1106794,0.1156,3588,31050,3.417478,-7.979,-2.254,1.578,0,-1,671,0,0,itpf_h-180
1473,1776112444.323568,0.1156,3588,31050,3.423347,-7.989,-2.357,1.552,0,-1,671,0,0,itpf_h-180
1474,1776112448.5026116,0.1156,3588,31050,3.427408,-7.96,-2.367,1.547,0,-1,671,0,0,itpf_h-180
1475,1776112452.7145064,0.1156,3588,31050,3.432505,-7.94,-2.395,1.551,0,-1,671,0,0,itpf_h-180
1476,1776112456.9413726,0.1156,3588,31050,3.435781,-7.995,-2.289,1.574,0,-1,671,0,0,itpf_h-180
1477,1776112461.1121194,0.1156,3588,31050,3.435781,-7.993,-2.179,1.537,0,-1,671,0,0,itpf_h-180
1478,1776112465.3662643,0.1156,3588,31050,3.43922,-7.999,-2.167,1.485,0,-1,671,0,0,itpf_h-180
1479,1776112469.4295797,0.1156,3588,31050,3.443455,-8.026,-2.112,1.371,0,-1,671,0,0,itpf_h-180
1480,1776112471.6194668,0.1156,3588,31050,3.449529,-7.978,-2.074,1.363,0,-1,671,0,0,itpf_h-180
1481,1776112473.8473759,0.1156,3588,31050,3.449529,-8.081,-2.085,1.329,0,-1,671,0,0,itpf_h-180
1482,1776112476.1506414,0.1156,3588,31050,3.456834,-8.027,-2.076,1.382,0,-1,671,0,0,itpf_h-180
1483,1776112478.337878,0.1156,3588,31050,3.456834,-7.956,-2.045,1.316,0,-1,671,0,0,itpf_h-180
1484,1776112480.5652435,0.1156,3588,31050,3.456834,-8.032,-2.047,1.392,0,-1,671,0,0,itpf_h-180
1485,1776112482.8235478,0.1156,3588,31050,3.456834,-7.907,-2.029,1.373,0,-1,671,0,0,itpf_h-180
1486,1776112485.022835,0.1156,3588,31050,3.456834,-8.015,-2.002,1.322,0,-1,671,0,0,itpf_h-180
1487,1776112487.2579384,0.1156,3588,31050,3.456834,-8.063,-1.957,1.377,0,-1,671,0,0,itpf_h-180
1488,1776112489.4170878,0.1156,3588,31050,3.463859,-8.011,-1.943,1.355,0,-1,671,0,0,itpf_h-180
1489,1776112491.6813266,0.1156,3588,31050,3.463859,-7.935,-1.928,1.343,0,-1,671,0,0,itpf_h-180
1490,1776112494.0004928,0.1156,3588,31050,3.463859,-8.031,-1.951,1.379,0,-1,671,0,0,itpf_h-180
1491,1776112496.2187192,0.1156,3588,31050,3.463859,-8.046,-1.9,1.366,0,-1,671,0,0,itpf_h-180
1492,1776112498.383839,0.1156,3588,31050,3.463859,-7.992,-1.99,1.346,0,-1,671,0,0,itpf_h-180
1493,1776112500.6170335,0.1156,3588,31050,3.463859,-7.969,-1.972,1.343,0,-1,671,0,0,itpf_h-180
1494,1776112502.8506048,0.1158,3597,31050,3.465484,-7.968,-1.95,1.288,0,-1,671,0,9,itpf_h-180
1495,1776112505.0617034,0.1158,3597,31050,3.465484,-7.968,-1.972,1.273,0,-1,671,0,0,itpf_h-180
1496,1776112507.241115,0.116,3603,31050,3.467177,-7.981,-1.956,1.288,0,-1,671,0,6,itpf_h-180
1497,1776112509.2514722,0.116,3603,31050,3.467177,-7.66,-1.648,1.255,0,-1,671,0,0,perturb
1498,1776112511.2681866,0.116,3603,31050,3.467177,-7.99,-1.584,1.264,0,-1,671,0,0,perturb
1499,1776112513.2812068,0.116,3603,31050,3.467177,-7.741,-1.934,1.3,0,-1,671,0,0,perturb
1500,1776112515.2942863,0.1169,3630,31050,3.470276,-7.651,-1.495,1.261,0,-1,671,0,27,perturb
1501,1776112517.3060493,0.1169,3630,31050,3.470276,-7.935,-1.816,1.277,0,-1,671,0,0,perturb
1502,1776112519.3284554,0.1171,3636,31050,3.475695,-7.512,-1.82,1.329,0,-1,671,0,6,perturb
1503,1776112521.3420782,0.1171,3636,31050,3.475695,-7.789,-1.578,1.278,0,-1,671,0,0,perturb
1504,1776112523.3528154,0.1171,3637,31050,3.479012,-7.824,-2.016,1.285,0,-1,671,0,1,perturb
1505,1776112525.3665347,0.1171,3637,31050,3.479012,-7.509,-1.808,1.357,0,-1,671,0,0,perturb
1506,1776112527.3859966,0.1171,3637,31050,3.479012,-7.98,-1.794,1.324,0,-1,671,0,0,perturb
1507,1776112529.3979647,0.1171,3637,31050,3.479012,-7.729,-2.007,1.326,0,-1,671,0,0,perturb
1508,1776112531.414321,0.1172,3638,31050,3.485193,-7.682,-1.566,1.376,0,-1,671,0,1,perturb
1509,1776112533.431766,0.1172,3638,31050,3.485193,-7.959,-1.795,1.317,0,-1,671,0,0,perturb
1510,1776112535.4486136,0.1172,3638,31050,3.490685,-7.486,-1.779,1.344,0,-1,671,0,0,perturb
1511,1776112537.4620965,0.1172,3638,31050,3.490685,-7.754,-1.52,1.335,0,-1,671,0,0,perturb
1512,1776112539.4733849,0.1172,3638,31050,3.494576,-7.834,-1.879,1.336,0,-1,671,0,0,perturb
1513,1776112541.4857044,0.1172,3638,31050,3.494576,-7.475,-1.686,1.29,0,-1,671,0,0,perturb
1514,1776112543.5086808,0.1175,3647,31050,3.499113,-7.927,-1.69,1.281,0,-1,671,0,9,perturb
1515,1776112545.5241816,0.1175,3647,31050,3.499113,-7.672,-1.999,1.252,0,-1,671,0,0,perturb
1516,1776112547.5458896,0.1175,3647,31050,3.499113,-7.608,-1.484,1.205,0,-1,671,0,0,perturb
1517,1776112549.561417,0.1175,3647,31050,3.501897,-7.954,-1.71,1.166,0,-1,671,0,0,perturb
1518,1776112551.5805807,0.1175,3647,31050,3.501897,-7.559,-1.76,1.171,0,-1,671,0,0,perturb
1519,1776112553.599897,0.1176,3653,31050,3.50465,-7.836,-1.477,1.159,0,-1,671,0,6,perturb
1520,1776112555.620715,0.1176,3653,31050,3.50465,-7.977,-1.913,1.15,0,-1,671,0,0,perturb
1521,1776112557.6357799,0.1179,3662,31050,3.510117,-7.629,-1.759,1.16,0,-1,671,0,9,perturb
1522,1776112559.6477013,0.1179,3662,31050,3.510117,-7.997,-1.687,1.245,0,-1,671,0,0,perturb
1523,1776112561.6779659,0.118,3665,31050,3.51468,-7.674,-1.961,1.236,0,-1,671,0,3,perturb
1524,1776112563.6941326,0.118,3665,31050,3.51468,-7.667,-1.544,1.27,0,-1,671,0,0,perturb
1525,1776112565.7060642,0.118,3665,31050,3.51468,-8.027,-1.71,1.222,0,-1,671,0,0,perturb
1526,1776112567.7244487,0.118,3665,31050,3.516559,-7.58,-1.738,1.235,0,-1,671,0,0,perturb
1527,1776112569.7390177,0.118,3665,31050,3.516559,-7.807,-1.539,1.297,0,-1,671,0,0,perturb
1528,1776112571.7540457,0.1183,3674,31050,3.520763,-7.872,-1.987,1.295,0,-1,671,0,9,perturb
1529,1776112573.7762883,0.1183,3674,31050,3.520763,-7.522,-1.856,1.297,0,-1,671,0,0,perturb
1530,1776112575.7980762,0.1183,3674,31050,3.523216,-7.979,-1.842,1.278,0,-1,671,0,0,perturb
1531,1776112577.8125758,0.1183,3674,31050,3.523216,-7.653,-2.096,1.311,0,-1,671,0,0,perturb
1532,1776112579.8379736,0.1184,3675,31050,3.526666,-7.633,-1.593,1.259,0,-1,671,0,1,perturb
1533,1776112581.8522317,0.1184,3675,31050,3.526666,-7.908,-1.774,1.28,0,-1,671,0,0,perturb
1534,1776112583.8704853,0.1184,3675,31050,3.529533,-7.522,-1.754,1.263,0,-1,671,0,0,perturb
1535,1776112585.8866863,0.1184,3675,31050,3.529533,-7.753,-1.425,1.295,0,-1,671,0,0,perturb
1536,1776112587.8999422,0.1184,3675,31050,3.53264,-7.825,-1.858,1.314,0,-1,671,0,0,perturb
1537,1776112589.9188662,0.1184,3675,31050,3.53264,-7.537,-1.657,1.288,0,-1,671,0,0,perturb
1538,1776112591.9314792,0.1184,3676,31050,3.535069,-7.929,-1.602,1.285,0,-1,671,0,1,perturb
1539,1776112593.9514558,0.1184,3676,31050,3.535069,-7.62,-1.902,1.201,0,-1,671,0,0,perturb
1540,1776112595.9715922,0.1184,3676,31050,3.535069,-7.559,-1.504,1.226,0,-1,671,0,0,perturb
1541,1776112597.9823449,0.1184,3676,31050,3.537771,-7.955,-1.661,1.243,0,-1,671,0,0,perturb
1542,1776112599.9971642,0.1184,3676,31050,3.537771,-7.524,-1.718,1.166,0,-1,671,0,0,perturb
1543,1776112602.0189776,0.1184,3676,31050,3.537771,-7.805,-1.363,1.215,0,-1,671,0,0,perturb
1544,1776112604.0339317,0.1184,3676,31050,3.542399,-7.872,-1.847,1.213,0,-1,671,0,0,perturb
1545,1776112606.0523164,0.1184,3676,31050,3.542399,-7.528,-1.577,1.237,0,-1,671,0,0,perturb
1546,1776112608.072173,0.1185,3678,31050,3.547549,-7.925,-1.53,1.229,0,-1,671,0,2,perturb
1547,1776112610.0828986,0.1185,3678,31050,3.547549,-7.619,-1.802,1.23,0,-1,671,0,0,perturb
1548,1776112612.1007462,0.1187,3685,31050,3.549685,-7.565,-1.46,1.265,0,-1,671,0,7,perturb
1549,1776112614.1191788,0.1187,3685,31050,3.549685,-7.851,-1.66,1.24,0,-1,671,0,0,perturb
1550,1776112616.1401963,0.1187,3685,31050,3.557148,-7.394,-1.724,1.267,0,-1,671,0,0,perturb
1551,1776112618.1557038,0.1187,3685,31050,3.557148,-7.613,-1.484,1.213,0,-1,671,0,0,perturb
1552,1776112620.1691053,0.1191,3698,31050,3.561624,-7.671,-1.893,1.257,0,-1,671,0,13,perturb
1553,1776112622.1812825,0.1191,3698,31050,3.561624,-7.38,-1.732,1.226,0,-1,671,0,0,perturb
1554,1776112624.1938314,0.1191,3698,31050,3.565572,-7.8,-1.731,1.271,0,-1,671,0,0,perturb
1555,1776112626.2041538,0.1191,3698,31050,3.565572,-7.53,-2.018,1.264,0,-1,671,0,0,perturb
1556,1776112628.2221599,0.1191,3698,31050,3.565572,-7.482,-1.613,1.232,0,-1,671,0,0,perturb
1557,1776112630.2327025,0.1191,3698,31050,3.569303,-7.89,-1.853,1.298,0,-1,671,0,0,perturb
1558,1776112632.2452464,0.1191,3698,31050,3.569303,-7.553,-1.943,1.295,0,-1,671,0,0,perturb
1559,1776112634.2742019,0.1191,3698,31050,3.573437,-7.894,-1.667,1.296,0,-1,671,0,0,perturb
1560,1776112636.2907581,0.1191,3698,31050,3.573437,-8.013,-2.082,1.293,0,-1,671,0,0,perturb
1561,1776112638.3152597,0.1191,3698,31050,3.577817,-7.737,-1.901,1.241,0,-1,671,0,0,perturb
1562,1776112640.3322186,0.1191,3698,31050,3.577817,-8.017,-1.897,1.277,0,-1,671,0,0,perturb
1563,1776112642.3486419,0.1191,3698,31050,3.577817,-7.675,-2.19,1.207,0,-1,671,0,0,perturb
1564,1776112644.3652267,0.1191,3698,31050,3.582694,-7.601,-1.723,1.236,0,-1,671,0,0,perturb
1565,1776112646.3757615,0.1191,3698,31050,3.582694,-7.886,-1.943,1.206,0,-1,671,0,0,perturb
1566,1776112648.3893743,0.1191,3698,31050,2.890489,-7.483,-2.014,1.205,0,-1,671,0,0,perturb
1567,1776112650.4022784,0.1187,3687,31050,2.890489,-7.775,-1.718,1.19,0,-1,671,0,0,perturb
1568,1776112652.4204748,0.1187,3687,31050,2.890489,-7.877,-2.177,1.168,0,-1,671,0,0,perturb
1569,1776112654.4419708,0.1187,3687,31050,2.894316,-7.538,-1.992,1.149,0,-1,671,0,0,perturb
1570,1776112656.4541988,0.1187,3687,31050,2.894316,-7.95,-1.946,1.13,0,-1,671,0,0,perturb
1571,1776112658.4672618,0.1187,3687,31050,2.900856,-7.619,-2.291,1.118,0,-1,671,0,0,perturb
1572,1776112660.4817789,0.1187,3687,31050,2.900856,-7.583,-1.818,1.102,0,-1,671,0,0,perturb
1573,1776112662.5052257,0.1187,3687,31050,2.904417,-7.887,-2.101,1.038,0,-1,671,0,0,perturb
1574,1776112664.520951,0.1187,3687,31050,2.904417,-7.517,-2.165,1.086,0,-1,671,0,0,perturb
1575,1776112666.5316155,0.1187,3687,31050,2.906192,-7.688,-1.93,1.025,0,-1,671,0,0,perturb
1576,1776112668.5519664,0.1187,3687,31050,2.906192,-7.743,-2.39,0.978,0,-1,671,0,0,perturb
1577,1776112671.375805,0.119,3695,31050,2.918105,-7.409,-2.302,0.958,0,-1,672,0,8,perturb
1578,1776112675.3951201,0.119,3695,31050,2.918105,-7.87,-2.282,0.978,0,-1,672,0,0,perturb
1579,1776112679.4133012,0.119,3695,31050,2.994036,-7.566,-2.518,0.97,0,-1,673,0,0,perturb
1580,1776112683.0339932,0.1191,3699,31050,2.994571,-7.593,-2.432,1.196,0,-1,673,0,4,perturb
1581,1776112685.0532444,0.1191,3699,31050,2.994571,-7.555,-2.426,1.37,0,-1,673,0,0,perturb
1582,1776112687.0716236,0.1191,3699,31050,2.994571,-7.571,-2.422,1.472,0,-1,673,0,0,perturb
1583,1776112691.0914183,0.1191,3699,31050,2.995034,-7.551,-2.472,1.857,0,-1,673,0,0,perturb
1584,1776112695.1130672,0.1191,3699,31050,2.995048,-7.511,-2.459,1.942,0,-1,673,0,0,perturb
1585,1776112699.1328373,0.1191,3699,31050,2.995048,-7.576,-2.459,1.979,0,-1,673,0,0,perturb
1586,1776112703.150567,0.1191,3699,31050,2.995061,-7.688,-2.463,1.95,0,-1,673,0,0,perturb
1587,1776112707.1752865,0.1191,3699,31050,2.995299,-7.611,-2.5,2.09,0,-1,673,0,0,perturb
1588,1776112711.1966903,0.1191,3699,31050,2.995299,-7.546,-2.408,2.161,0,-1,673,0,0,perturb
1589,1776112715.2262373,0.1191,3699,31050,2.995309,-7.581,-2.404,2.16,0,-1,673,0,0,perturb
1590,1776112719.246234,0.1191,3699,31050,2.995324,-7.69,-2.378,2.211,0,-1,673,0,0,perturb
1591,1776112723.2777777,0.1191,3699,31050,2.995337,-7.69,-2.424,2.11,0,-1,673,0,0,perturb
1592,1776112727.2951474,0.1191,3699,31050,2.995337,-7.579,-2.399,1.974,0,-1,673,0,0,perturb
1593,1776112731.3153021,0.1191,3699,31050,2.99558,-7.596,-2.374,1.86,0,-1,673,0,0,perturb
1594,1776112735.3351219,0.1191,3699,31050,2.99559,-7.608,-2.461,1.793,0,-1,673,0,0,perturb
1595,1776112739.3577743,0.1191,3699,31050,2.99559,-7.61,-2.451,1.657,0,-1,673,0,0,perturb
1596,1776112743.3755295,0.1191,3699,31050,2.995939,-7.702,-2.427,1.618,0,-1,673,0,0,perturb
1597,1776112747.3980792,0.1191,3699,31050,2.995951,-7.607,-2.449,1.604,0,-1,673,0,0,perturb
1598,1776112751.4268267,0.1191,3699,31050,2.995951,-7.511,-2.456,1.56,0,-1,673,0,0,perturb
1599,1776112755.4480333,0.1191,3699,31050,2.995959,-7.521,-2.452,1.358,0,-1,673,0,0,perturb
1600,1776112757.4615998,0.1191,3699,31050,2.995959,-7.499,-2.449,1.278,0,-1,673,0,0,perturb
1601,1776112759.4756808,0.1191,3699,31050,2.996198,-7.605,-2.425,1.243,0,-1,673,0,0,perturb
1602,1776112761.488779,0.1191,3699,31050,2.996198,-7.574,-2.474,1.175,0,-1,673,0,0,perturb
1603,1776112763.5047362,0.1191,3699,31050,2.996198,-7.58,-2.505,1.17,0,-1,673,0,0,perturb
1604,1776112765.5192397,0.1191,3699,31050,2.996212,-7.539,-2.542,1.191,0,-1,673,0,0,perturb
1605,1776112767.536988,0.1191,3699,31050,2.996212,-7.587,-2.485,1.194,0,-1,673,0,0,perturb
1606,1776112769.5501645,0.1191,3699,31050,2.996212,-7.607,-2.436,1.166,0,-1,673,0,0,perturb
1607,1776112771.5643928,0.1191,3699,31050,2.996222,-7.58,-2.428,1.147,0,-1,673,0,0,perturb
1608,1776112773.5850604,0.1191,3699,31050,2.996222,-7.534,-2.463,1.068,0,-1,673,0,0,perturb
1609,1776112775.5968716,0.1191,3699,31050,2.996622,-7.659,-2.5,1.023,0,-1,673,0,0,perturb
1610,1776112777.6082237,0.1191,3699,31050,2.996622,-7.586,-2.458,0.967,0,-1,673,0,0,perturb
1611,1776112781.629629,0.1191,3699,31050,2.996633,-7.541,-2.564,0.865,0,-1,673,0,0,perturb
1612,1776112785.6477382,0.1191,3699,31050,2.996633,-7.577,-2.546,0.821,0,-1,673,0,0,perturb
1613,1776112789.6760426,0.1191,3699,31050,2.996648,-7.58,-2.39,0.931,0,-1,673,0,0,perturb
1614,1776112793.696467,0.1191,3699,31050,2.996657,-7.635,-2.401,0.968,0,-1,673,0,0,perturb
1615,1776112797.7147791,0.1191,3699,31050,2.996657,-7.654,-2.511,0.866,0,-1,673,0,0,perturb
1616,1776112801.7337224,0.1191,3699,31050,2.996895,-7.607,-2.506,0.831,0,-1,673,0,0,perturb
1617,1776112805.7514682,0.1191,3699,31050,2.997143,-7.637,-2.51,0.749,0,-1,673,0,0,perturb
1618,1776112809.777124,0.1191,3699,31050,2.997143,-7.679,-2.552,0.648,0,-1,673,0,0,perturb
1619,1776112813.7955232,0.122,3789,31050,2.999615,-7.719,-2.604,0.542,0,-1,673,0,90,perturb
1620,1776112817.8120053,0.122,3789,31050,2.999615,-7.726,-2.074,1.014,0,-1,673,0,0,perturb
1621,1776112819.8218274,0.122,3789,31050,2.999615,-7.952,-2.269,1.075,0,-1,673,0,0,perturb
1622,1776112821.841118,0.122,3789,31050,3.160841,-7.511,-2.309,1.099,0,-1,673,0,0,perturb
1623,1776112823.8599856,0.122,3789,31050,3.160841,-7.851,-1.883,1.13,0,-1,673,0,0,perturb
1624,1776112825.8771708,0.122,3789,31050,3.160841,-7.898,-2.246,1.142,0,-1,673,0,0,perturb
1625,1776112827.8941276,0.122,3789,31050,3.163126,-7.55,-2.019,1.101,0,-1,673,0,0,perturb
1626,1776112829.906483,0.122,3789,31050,3.163126,-7.963,-1.993,1.05,0,-1,673,0,0,perturb
1627,1776112831.9198067,0.122,3789,31050,3.163126,-7.713,-2.393,1.019,0,-1,673,0,0,perturb
1628,1776112833.9452496,0.122,3789,31050,3.079947,-7.695,-1.946,1.02,0,-1,674,0,0,perturb
1629,1776112835.9660206,0.122,3789,31050,3.079947,-8.014,-2.234,0.954,0,-1,674,0,0,perturb
1630,1776112839.9834788,0.122,3789,31050,3.079947,-7.602,-2.25,0.96,0,-1,674,0,0,perturb
1631,1776112844.0139062,0.122,3789,31050,3.098581,-7.78,-1.863,0.929,0,-1,675,0,0,perturb
1632,1776112848.0390406,0.122,3789,31050,3.099679,-7.764,-1.802,1.084,0,-1,675,0,0,perturb
1633,1776112850.061162,0.122,3789,31050,3.099679,-7.825,-1.733,1.057,0,-1,675,0,0,perturb
1634,1776112852.0769436,0.122,3789,31050,3.099679,-7.855,-1.752,1.115,0,-1,675,0,0,perturb
1635,1776112854.0880892,0.122,3789,31050,3.099966,-7.856,-1.729,1.112,0,-1,675,0,0,perturb
1636,1776112856.1001313,0.122,3789,31050,3.099966,-7.857,-1.757,1.159,0,-1,675,0,0,perturb
1637,1776112858.1170335,0.122,3789,31050,3.099966,-7.818,-1.739,1.188,0,-1,675,0,0,perturb
1638,1776112860.130713,0.122,3789,31050,3.099966,-7.831,-1.755,1.246,0,-1,675,0,0,perturb
1639,1776112862.1434164,0.122,3789,31050,3.157266,-7.837,-1.782,1.274,0,-1,675,0,0,perturb
1640,1776112864.1573172,0.122,3789,31050,3.157266,-7.862,-1.673,1.427,0,-1,675,0,0,perturb
1641,1776112867.381935,0.122,3789,31050,3.157301,-7.81,-1.744,1.371,0,-1,675,0,0,perturb
1642,1776112869.3968582,0.122,3789,31050,3.157301,-7.771,-1.806,1.297,0,-1,675,0,0,perturb
1643,1776112871.4143384,0.122,3789,31050,3.157301,-7.736,-1.748,1.282,0,-1,675,0,0,perturb
1644,1776112873.4256861,0.122,3789,31050,3.157316,-7.759,-1.699,1.225,0,-1,675,0,0,perturb
1645,1776112875.4380717,0.122,3789,31050,3.157316,-7.781,-1.675,1.161,0,-1,675,0,0,perturb
1646,1776112877.452494,0.122,3789,31050,3.157316,-7.761,-1.73,1.089,0,-1,675,0,0,perturb
1647,1776112879.4747853,0.122,3789,31050,3.157326,-7.792,-1.778,1.042,0,-1,675,0,0,perturb
1648,1776112881.4891198,0.122,3789,31050,3.157326,-7.812,-1.712,0.999,0,-1,675,0,0,perturb
1649,1776112885.514876,0.122,3789,31050,3.157369,-7.755,-1.743,0.985,0,-1,675,0,0,perturb
1650,1776112888.93106,0.122,3789,31050,3.157376,-7.744,-1.743,1.126,0,-1,675,0,0,perturb
1651,1776112890.943821,0.122,3789,31050,3.157376,-7.778,-1.728,1.109,0,-1,675,0,0,perturb
1652,1776112892.9647205,0.122,3789,31050,3.157376,-7.778,-1.768,1.089,0,-1,675,0,0,perturb
1653,1776112894.9875312,0.122,3789,31050,3.157395,-7.797,-1.763,1.204,0,-1,675,0,0,perturb
1654,1776112897.0030427,0.122,3789,31050,3.157395,-7.784,-1.793,1.171,0,-1,675,0,0,perturb
1655,1776112899.0217645,0.122,3789,31050,3.15741,-7.827,-1.731,1.135,0,-1,675,0,0,perturb
1656,1776112901.043619,0.122,3789,31050,3.15741,-7.814,-1.715,1.182,0,-1,675,0,0,perturb
1657,1776112903.0567284,0.122,3789,31050,3.15741,-7.825,-1.709,1.224,0,-1,675,0,0,perturb
1658,1776112905.0718899,0.122,3789,31050,3.157429,-7.757,-1.719,1.225,0,-1,675,0,0,perturb
1659,1776112907.0852456,0.122,3789,31050,3.157429,-7.72,-1.753,1.189,0,-1,675,0,0,perturb
1660,1776112909.0971124,0.122,3789,31050,3.157445,-7.787,-1.763,1.037,0,-1,675,0,0,perturb
1661,1776112911.1074584,0.122,3789,31050,3.157445,-7.795,-1.762,0.943,0,-1,675,0,0,perturb
1662,1776112915.1296759,0.122,3789,31050,3.157457,-7.791,-1.805,0.773,0,-1,675,0,0,perturb
1663,1776112919.155186,0.122,3789,31050,3.157478,-7.755,-1.795,0.525,0,-1,675,0,0,perturb
1664,1776112923.1738787,0.122,3789,31050,3.158161,-7.734,-1.827,0.814,0,-1,675,0,0,perturb
1665,1776112927.2026772,0.122,3789,31050,3.158161,-7.532,-1.485,1.051,0,-1,675,0,0,perturb
1666,1776112929.220468,0.122,3789,31050,3.158161,-7.908,-1.439,1.105,0,-1,675,0,0,perturb
1667,1776112931.240066,0.122,3789,31050,3.052234,-7.633,-1.747,1.179,0,-1,675,0,0,perturb
1668,1776112933.2553997,0.1222,3793,31050,3.052234,-7.637,-1.304,1.139,0,-1,675,0,4,perturb
1669,1776112935.2706742,0.1222,3793,31050,3.052234,-8.028,-1.558,1.184,0,-1,675,0,0,perturb
1670,1776112937.283808,0.1222,3793,31050,2.915616,-7.633,-1.631,1.194,0,-1,676,0,0,perturb
1671,1776112939.2938755,0.1222,3793,31050,2.915616,-7.875,-1.262,1.228,0,-1,676,0,0,perturb
1672,1776112941.3044693,0.1222,3793,31050,2.915616,-7.955,-1.629,1.21,0,-1,676,0,0,perturb
1673,1776112943.3184838,0.1222,3793,31050,2.989797,-7.645,-1.421,1.176,0,-1,677,0,0,perturb
1674,1776112945.3354268,0.1222,3793,31050,2.992264,-7.917,-1.399,1.19,0,-1,677,0,0,perturb
1675,1776112947.3507013,0.1222,3793,31050,2.992264,-7.578,-1.73,1.217,0,-1,677,0,0,perturb
1676,1776112949.3740518,0.1222,3793,31050,2.992264,-7.545,-1.278,1.217,0,-1,677,0,0,perturb
1677,1776112951.3900304,0.1222,3793,31050,2.994501,-7.851,-1.539,1.193,0,-1,677,0,0,perturb
1678,1776112953.403287,0.1222,3793,31050,2.994501,-7.497,-1.554,1.154,0,-1,677,0,0,perturb
1679,1776112955.4164941,0.1222,3793,31050,2.996976,-7.734,-1.222,1.23,0,-1,677,0,0,perturb
1680,1776112957.4353826,0.1222,3793,31050,2.999811,-7.754,-1.614,1.175,0,-1,677,0,0,perturb
1681,1776112959.4507906,0.1222,3793,31050,2.999811,-7.44,-1.404,1.212,0,-1,677,0,0,perturb
1682,1776112961.463945,0.1222,3793,31050,2.999811,-7.935,-1.317,1.131,0,-1,677,0,0,perturb
1683,1776112963.4801855,0.1222,3793,31050,3.003611,-7.603,-1.614,1.189,0,-1,677,0,0,perturb
1684,1776112965.4969923,0.1222,3793,31050,3.003611,-7.552,-1.214,1.198,0,-1,677,0,0,perturb
1685,1776112967.5117748,0.1222,3793,31050,3.103756,-7.873,-1.361,1.19,0,-1,677,0,0,perturb
1686,1776112969.5251584,0.1221,3791,31050,3.103756,-7.457,-1.398,1.168,0,-1,677,0,0,perturb
1687,1776112971.541397,0.1221,3791,31050,3.103756,-7.761,-1.124,1.118,0,-1,677,0,0,perturb
1688,1776112973.56526,0.1221,3791,31050,3.106526,-7.71,-1.569,1.162,0,-1,677,0,0,perturb
1689,1776112975.5758924,0.1221,3791,31050,3.106526,-7.398,-1.262,1.137,0,-1,677,0,0,perturb
1690,1776112977.5935442,0.1221,3791,31050,3.109168,-7.857,-1.277,1.125,0,-1,677,0,0,perturb
1691,1776112979.6129491,0.1221,3791,31050,3.109168,-7.618,-1.632,1.142,0,-1,677,0,0,perturb
1692,1776112981.6262953,0.1221,3791,31050,3.109168,-7.625,-1.178,1.151,0,-1,677,0,0,perturb
1693,1776112983.643861,0.1221,3791,31050,3.109168,-7.934,-1.396,1.203,0,-1,677,0,0,perturb
1694,1776112985.6587653,0.1221,3791,31050,3.111796,-7.561,-1.405,1.176,0,-1,677,0,0,perturb
1695,1776112987.6797101,0.1221,3791,31050,3.111796,-7.793,-1.107,1.215,0,-1,677,0,0,perturb
1696,1776112989.6903381,0.1221,3791,31050,3.11644,-7.89,-1.426,1.205,0,-1,677,0,0,perturb
1697,1776112991.714565,0.1221,3791,31050,3.11644,-7.57,-1.188,1.208,0,-1,677,0,0,perturb
1698,1776112993.7286854,0.1221,3791,31050,3.11644,-7.847,-1.142,1.224,0,-1,677,0,0,perturb
1699,1776112995.7436864,0.1221,3791,31050,3.11644,-7.617,-1.373,1.201,0,-1,677,0,0,perturb
1700,1776112997.7524307,0.1221,3791,31050,3.06081,-7.54,-0.956,1.211,0,-1,677,0,0,perturb
1701,1776112999.763579,0.1221,3790,31050,3.06081,-7.882,-1.211,1.243,0,-1,677,0,0,perturb
1702,1776113001.7889552,0.1221,3790,31050,3.06081,-7.467,-1.245,1.248,0,-1,677,0,0,perturb
1703,1776113003.8083205,0.1221,3790,31050,3.06081,-7.766,-0.949,1.206,0,-1,677,0,0,perturb
1704,1776113005.8252687,0.122,3789,31050,2.879338,-7.804,-1.375,1.214,0,-1,677,0,0,perturb
1705,1776113007.842023,0.122,3789,31050,2.879338,-7.427,-1.184,1.172,0,-1,677,0,0,perturb
1706,1776113009.8591092,0.122,3789,31050,2.879338,-7.868,-1.132,1.13,0,-1,677,0,0,perturb
1707,1776113011.8758898,0.122,3789,31050,2.987566,-7.59,-1.476,1.083,0,-1,678,0,0,perturb
1708,1776113013.9000304,0.122,3789,31050,2.987566,-7.504,-0.989,1.096,0,-1,678,0,0,perturb
1709,1776113015.9201317,0.122,3789,31050,2.99014,-7.693,-1.299,1.086,0,-1,678,0,0,perturb
1710,1776113017.9406197,0.122,3789,31050,2.99014,-7.272,-1.364,1.089,0,-1,678,0,0,perturb
1711,1776113019.954649,0.122,3789,31050,2.889598,-7.548,-1.097,1.05,0,-1,678,0,0,perturb
1712,1776113021.9670098,0.122,3788,31050,2.889598,-7.544,-1.524,1.077,0,-1,679,0,0,perturb
1713,1776113023.982771,0.122,3788,31050,2.889598,-7.289,-1.357,1.07,0,-1,679,0,0,perturb
1714,1776113025.9930053,0.122,3788,31050,2.873857,-7.689,-1.3,1.123,0,-1,679,0,0,perturb
1715,1776113028.0139287,0.122,3788,31050,2.873857,-7.333,-1.688,1.116,0,-1,679,0,0,perturb
1716,1776113030.0346522,0.122,3788,31050,2.873857,-7.241,-1.242,1.109,0,-1,679,0,0,perturb
1717,1776113032.0528615,0.122,3788,31050,2.870802,-7.573,-1.51,1.118,0,-1,680,0,0,perturb
1718,1776113034.069034,0.122,3788,31050,2.870802,-7.162,-1.511,1.135,0,-1,680,0,0,perturb
1719,1776113036.0819623,0.122,3788,31050,2.873446,-7.458,-1.21,1.192,0,-1,680,0,0,perturb
1720,1776113038.1025496,0.122,3788,31050,2.873446,-7.521,-1.596,1.258,0,-1,680,0,0,perturb
1721,1776113040.1171787,0.122,3788,31050,2.873446,-7.246,-1.424,1.262,0,-1,680,0,0,perturb
1722,1776113042.1411977,0.122,3788,31050,2.614371,-7.696,-1.45,1.265,0,-1,681,0,0,perturb
1723,1776113044.152659,0.122,3788,31050,2.614371,-7.412,-1.809,1.292,0,-1,681,0,0,perturb
1724,1776113046.1711788,0.122,3788,31050,2.794395,-7.313,-1.409,1.308,0,-1,681,0,0,perturb
1725,1776113048.1858258,0.122,3789,31050,2.794395,-7.631,-1.685,1.34,0,-1,681,0,1,perturb
1726,1776113050.2004297,0.122,3789,31050,2.794395,-7.249,-1.79,1.346,0,-1,681,0,0,perturb
1727,1776113052.2169123,0.122,3789,31050,2.799304,-7.536,-1.432,1.341,0,-1,681,0,0,perturb
1728,1776113054.229585,0.122,3789,31050,2.71634,-7.655,-1.87,1.376,0,-1,681,0,0,perturb
1729,1776113056.2461092,0.122,3788,31050,2.71634,-7.305,-1.63,1.371,0,-1,682,0,0,perturb
1730,1776113058.255359,0.122,3788,31050,2.71634,-7.737,-1.553,1.39,0,-1,682,0,0,perturb
1731,1776113060.27258,0.122,3788,31050,2.71634,-7.433,-1.917,1.402,0,-1,682,0,0,perturb
1732,1776113062.4882107,0.122,3788,31050,2.725213,-7.313,-1.469,1.43,0,-1,682,0,0,perturb
1733,1776113066.5096989,0.122,3788,31050,2.734453,-7.542,-1.742,1.448,0,-1,682,0,0,perturb
1734,1776113070.5252552,0.122,3788,31050,2.734453,-7.094,-1.767,1.396,0,-1,682,0,0,perturb
1735,1776113072.5359473,0.122,3788,31050,2.74583,-7.393,-1.403,1.317,0,-1,682,0,0,perturb
1736,1776113074.555501,0.122,3788,31050,2.74583,-7.5,-1.765,1.324,0,-1,682,0,0,perturb
1737,1776113076.57707,0.122,3788,31050,2.587875,-7.251,-1.537,1.349,0,-1,682,0,0,perturb
1738,1776113078.6002808,0.122,3789,31050,2.587875,-7.655,-1.539,1.31,0,-1,683,0,1,perturb
1739,1776113080.6099281,0.122,3789,31050,2.587875,-7.427,-1.89,1.333,0,-1,683,0,0,perturb
1740,1776113082.6207266,0.122,3789,31050,2.594102,-7.391,-1.506,1.328,0,-1,683,0,0,perturb
1741,1776113084.638093,0.122,3789,31050,2.594102,-7.671,-1.735,1.305,0,-1,683,0,0,perturb
1742,1776113086.6564271,0.122,3789,31050,2.594102,-7.29,-1.823,1.301,0,-1,683,0,0,perturb
1743,1776113088.6669092,0.1221,3790,31050,2.70214,-7.588,-1.483,1.282,0,-1,684,0,1,perturb
1744,1776113090.6760314,0.1221,3790,31050,2.70214,-7.645,-1.83,1.275,0,-1,684,0,0,perturb
1745,1776113092.6954353,0.1221,3790,31050,2.70214,-7.356,-1.643,1.263,0,-1,684,0,0,perturb
1746,1776113094.707646,0.1221,3790,31050,2.708792,-7.795,-1.635,1.287,0,-1,684,0,0,perturb
1747,1776113096.7215621,0.1221,3790,31050,2.708792,-7.491,-1.976,1.326,0,-1,684,0,0,perturb
1748,1776113098.7329009,0.1221,3790,31050,2.708792,-7.447,-1.568,1.303,0,-1,684,0,0,perturb
1749,1776113100.747415,0.1221,3790,31050,2.717909,-7.801,-1.862,1.362,0,-1,684,0,0,perturb
1750,1776113102.76274,0.1221,3790,31050,2.717909,-7.325,-1.97,1.32,0,-1,684,0,0,perturb
1751,1776113104.780094,0.1221,3790,31050,2.727213,-7.548,-1.643,1.336,0,-1,684,0,0,perturb
1752,1776113106.7930975,0.1221,3790,31050,2.727213,-7.656,-2.042,1.376,0,-1,684,0,0,perturb
1753,1776113108.8081057,0.1221,3790,31050,2.731016,-7.285,-1.79,1.412,0,-1,684,0,0,perturb
1754,1776113111.6290057,0.1221,3790,31050,2.731016,-7.699,-1.783,1.398,0,-1,684,0,0,perturb
1755,1776113113.6492224,0.1221,3790,31050,2.798239,-7.426,-2.111,1.441,0,-1,684,0,0,perturb
1756,1776113117.6792023,0.122,3788,31050,2.798239,-7.363,-1.695,1.515,0,-1,685,0,0,perturb
1757,1776113121.6995292,0.122,3788,31050,2.861096,-7.75,-2.018,1.555,0,-1,686,0,0,perturb
1758,1776113125.7231903,0.122,3788,31050,2.861096,-7.22,-2.019,1.546,0,-1,686,0,0,perturb
1759,1776113129.753571,0.122,3788,31050,2.873534,-7.473,-1.65,1.558,0,-1,686,0,0,perturb
1760,1776113133.7806814,0.122,3788,31050,2.778017,-7.529,-2.094,1.595,0,-1,686,0,0,perturb
1761,1776113138.016327,0.122,3789,31050,2.778017,-7.98,-2.087,1.536,0,-1,687,0,1,itpf_h-180
1762,1776113142.2513676,0.122,3788,31050,3.066565,-7.946,-2.065,1.53,0,-1,688,0,0,itpf_h-180
1763,1776113146.5152407,0.122,3788,31050,3.066565,-7.992,-2.04,1.485,0,-1,688,0,0,itpf_h-180
1764,1776113150.7417927,0.122,3788,31050,3.076654,-7.938,-1.991,1.498,0,-1,688,0,0,itpf_h-180
1765,1776113154.974582,0.122,3788,31050,3.086429,-7.892,-1.997,1.409,0,-1,688,0,0,itpf_h-180
1766,1776113159.2354534,0.122,3788,31050,3.086429,-7.948,-1.964,1.387,0,-1,688,0,0,itpf_h-180
1767,1776113161.509374,0.122,3788,31050,3.086429,-7.973,-1.91,1.445,0,-1,688,0,0,itpf_h-180
1768,1776113165.6976545,0.122,3788,31050,3.095746,-8.03,-1.851,1.458,0,-1,688,0,0,itpf_h-180
1769,1776113169.9283183,0.122,3788,31050,3.095746,-8.076,-1.848,1.443,0,-1,688,0,0,itpf_h-180
1770,1776113174.1160944,0.122,3788,31050,3.101953,-8.026,-1.865,1.482,0,-1,688,0,0,itpf_h-180
1771,1776113178.411667,0.122,3788,31050,3.291272,-7.996,-1.861,1.422,0,-1,688,0,0,itpf_h-180
1772,1776113182.4849925,0.122,3789,31050,3.291272,-7.957,-1.909,1.472,0,-1,688,0,1,itpf_h-180
1773,1776113186.7748072,0.122,3789,31050,3.300603,-8.052,-1.938,1.426,0,-1,688,0,0,itpf_h-180
1774,1776113191.0375552,0.122,3789,31050,3.300603,-8.061,-1.931,1.418,0,-1,688,0,0,itpf_h-180
1775,1776113193.7173173,0.122,3789,31050,3.300603,-8.043,-1.937,1.357,0,-1,688,0,0,itpf_h-180
1776,1776113195.9869204,0.122,3789,31050,3.300603,-7.986,-1.963,1.358,0,-1,688,0,0,itpf_h-180
1777,1776113198.2225037,0.122,3789,31050,3.300603,-8.021,-1.951,1.352,0,-1,688,0,0,itpf_h-180
1778,1776113200.4707341,0.122,3789,31050,3.300603,-7.978,-1.95,1.336,0,-1,688,0,0,itpf_h-180
1779,1776113202.678808,0.122,3789,31050,3.305912,-7.959,-1.967,1.358,0,-1,688,0,0,itpf_h-180
1780,1776113204.8621738,0.122,3789,31050,3.305912,-8.032,-1.98,1.42,0,-1,688,0,0,itpf_h-180
1781,1776113208.1199126,0.122,3789,31050,3.305912,-8.037,-1.952,1.439,0,-1,688,0,0,itpf_h-180
1782,1776113212.2755592,0.122,3789,31050,3.309615,-8.027,-2.036,1.476,0,-1,688,0,0,itpf_h-180
1783,1776113216.4590158,0.122,3789,31050,3.309615,-8.06,-2.022,1.506,0,-1,688,0,0,itpf_h-180
1784,1776113220.7330542,0.122,3789,31050,3.31584,-7.98,-2.019,1.505,0,-1,688,0,0,itpf_h-180
1785,1776113224.9702487,0.122,3789,31050,3.323355,-8.058,-1.992,1.551,0,-1,688,0,0,itpf_h-180
1786,1776113229.1850362,0.122,3789,31050,3.323355,-8.017,-2.039,1.559,0,-1,688,0,0,itpf_h-180
1787,1776113233.3684218,0.122,3789,31050,3.332218,-8.041,-2.076,1.622,0,-1,688,0,0,itpf_h-180
1788,1776113237.6653688,0.122,3789,31050,3.345827,-8.015,-2.047,1.558,0,-1,688,0,0,itpf_h-180
1789,1776113241.947283,0.122,3789,31050,3.345827,-7.942,-2.087,1.579,0,-1,688,0,0,itpf_h-180
1790,1776113246.167944,0.122,3789,31050,3.351348,-7.993,-2.133,1.557,0,-1,688,0,0,itpf_h-180
1791,1776113250.364426,0.122,3789,31050,3.354826,-8.001,-2.158,1.54,0,-1,688,0,0,itpf_h-180
1792,1776113254.5905755,0.122,3789,31050,3.354826,-7.919,-2.164,1.519,0,-1,688,0,0,itpf_h-180
1793,1776113258.769178,0.122,3789,31050,3.354826,-7.979,-2.162,1.44,0,-1,688,0,0,itpf_h-180
1794,1776113263.0534105,0.122,3789,31050,3.354826,-8.009,-2.001,1.396,0,-1,688,0,0,itpf_h-180
1795,1776113265.270618,0.122,3789,31050,3.359948,-8.023,-2.002,1.372,0,-1,688,0,0,itpf_h-180
1796,1776113267.4216259,0.122,3789,31050,3.359948,-7.983,-2.016,1.327,0,-1,688,0,0,itpf_h-180
1797,1776113269.6451008,0.122,3789,31050,3.365791,-7.984,-1.996,1.324,0,-1,688,0,0,itpf_h-180
1798,1776113271.8527632,0.122,3789,31050,3.365791,-7.949,-1.943,1.294,0,-1,688,0,0,itpf_h-180
1799,1776113274.0792863,0.122,3789,31050,3.369458,-8.063,-1.915,1.314,0,-1,688,0,0,itpf_h-180
1800,1776113276.2571843,0.122,3789,31050,3.369458,-8.038,-1.969,1.329,0,-1,688,0,0,itpf_h-180
1801,1776113278.470379,0.122,3789,31050,3.369458,-7.985,-1.98,1.329,0,-1,688,0,0,itpf_h-180
1802,1776113280.6607509,0.122,3789,31050,3.372855,-7.997,-1.965,1.335,0,-1,688,0,0,itpf_h-180
1803,1776113282.6749048,0.122,3789,31050,3.372855,-7.708,-1.712,1.339,0,-1,688,0,0,perturb
1804,1776113284.6929634,0.122,3789,31050,3.372855,-7.943,-1.635,1.324,0,-1,688,0,0,perturb
1805,1776113286.7034621,0.122,3789,31050,3.375701,-7.579,-2.038,1.313,0,-1,688,0,0,perturb
1806,1776113288.713015,0.122,3789,31050,3.375701,-7.546,-1.556,1.256,0,-1,688,0,0,perturb
1807,1776113290.7286792,0.122,3789,31050,3.382874,-7.858,-1.823,1.256,0,-1,688,0,0,perturb
1808,1776113292.7507598,0.122,3789,31050,3.382874,-7.397,-1.9,1.311,0,-1,688,0,0,perturb
1809,1776113294.7627835,0.122,3789,31050,3.382874,-7.65,-1.608,1.311,0,-1,688,0,0,perturb
1810,1776113296.7781324,0.122,3789,31050,3.386891,-7.687,-2.007,1.324,0,-1,688,0,0,perturb
1811,1776113298.7926283,0.122,3789,31050,3.386891,-7.357,-1.779,1.29,0,-1,688,0,0,perturb
1812,1776113300.814597,0.122,3789,31050,3.386891,-7.83,-1.769,1.317,0,-1,688,0,0,perturb
1813,1776113302.825575,0.122,3789,31050,3.386891,-7.563,-2.165,1.287,0,-1,688,0,0,perturb
1814,1776113304.8396437,0.122,3789,31050,3.396521,-7.523,-1.806,1.277,0,-1,688,0,0,perturb
1815,1776113306.8507504,0.122,3789,31050,3.396521,-7.803,-2.136,1.305,0,-1,688,0,0,perturb
1816,1776113308.870525,0.122,3789,31050,3.396521,-7.418,-2.177,1.28,0,-1,688,0,0,perturb
1817,1776113310.884676,0.122,3789,31050,2.899567,-7.678,-1.812,1.286,0,-1,688,0,0,perturb
1818,1776113312.895456,0.122,3788,31050,2.899567,-7.729,-2.238,1.32,0,-1,688,0,0,perturb
1819,1776113314.9099717,0.122,3788,31050,2.899567,-7.352,-2.018,1.271,0,-1,688,0,0,perturb
1820,1776113316.92089,0.122,3788,31050,2.905644,-7.885,-1.996,1.253,0,-1,688,0,0,perturb
1821,1776113318.933132,0.122,3788,31050,2.905644,-7.582,-2.372,1.236,0,-1,688,0,0,perturb
1822,1776113320.9442792,0.122,3788,31050,2.905644,-7.518,-1.953,1.287,0,-1,688,0,0,perturb
1823,1776113322.9629805,0.122,3788,31050,2.908867,-7.935,-2.217,1.286,0,-1,688,0,0,perturb
1824,1776113324.9756956,0.122,3788,31050,2.908867,-7.469,-2.3,1.262,0,-1,688,0,0,perturb
1825,1776113326.9957273,0.122,3788,31050,2.908867,-7.663,-1.924,1.234,0,-1,688,0,0,perturb
1826,1776113329.0132053,0.122,3788,31050,2.908867,-7.767,-2.382,1.223,0,-1,688,0,0,perturb
1827,1776113331.0315719,0.122,3788,31050,2.913193,-7.461,-2.101,1.248,0,-1,688,0,0,perturb
1828,1776113333.0476701,0.122,3788,31050,2.913193,-7.989,-2.088,1.251,0,-1,688,0,0,perturb
1829,1776113335.0678267,0.122,3788,31050,3.15319,-7.715,-2.418,1.216,0,-1,688,0,0,perturb
1830,1776113337.081003,0.122,3788,31050,3.15319,-7.731,-1.976,1.232,0,-1,688,0,0,perturb
1831,1776113339.0911813,0.122,3788,31050,3.15319,-8.018,-2.244,1.256,0,-1,688,0,0,perturb
1832,1776113341.1023483,0.122,3788,31050,3.097963,-7.621,-2.319,1.198,0,-1,688,0,0,perturb
1833,1776113343.1246421,0.122,3789,31050,3.097963,-7.872,-2.055,1.198,0,-1,688,0,1,perturb
1834,1776113345.1447146,0.122,3789,31050,3.097963,-7.929,-2.392,1.145,0,-1,688,0,0,perturb
1835,1776113347.1597085,0.122,3789,31050,2.99712,-7.551,-2.144,1.154,0,-1,688,0,0,perturb
1836,1776113349.1753018,0.122,3789,31050,2.99712,-7.942,-2.091,1.072,0,-1,688,0,0,perturb
1837,1776113351.1912658,0.122,3789,31050,2.99712,-7.635,-2.393,1.103,0,-1,688,0,0,perturb
1838,1776113353.2045095,0.122,3789,31050,3.00044,-7.609,-1.989,1.034,0,-1,688,0,0,perturb
1839,1776113355.217245,0.122,3789,31050,3.00044,-7.941,-2.265,1.09,0,-1,688,0,0,perturb
1840,1776113357.2378502,0.122,3789,31050,3.030551,-7.489,-2.379,1.054,0,-1,688,0,0,perturb
1841,1776113359.2512436,0.122,3789,31050,3.030551,-7.854,-2.05,1.014,0,-1,689,0,0,perturb
1842,1776113361.2642336,0.122,3789,31050,3.030551,-7.868,-2.457,1.047,0,-1,689,0,0,perturb
1843,1776113363.2791338,0.122,3789,31050,3.011027,-7.598,-2.228,1.036,0,-1,690,0,0,perturb
1844,1776113365.2950077,0.122,3789,31050,3.011027,-7.967,-2.241,1.017,0,-1,690,0,0,perturb
1845,1776113367.3070788,0.122,3789,31050,3.011027,-7.669,-2.667,1.008,0,-1,690,0,0,perturb
1846,1776113369.3249762,0.122,3789,31050,3.040732,-7.64,-2.233,0.981,0,-1,691,0,0,perturb
1847,1776113373.3413563,0.122,3789,31050,3.040732,-7.953,-2.553,0.97,0,-1,691,0,0,perturb
1848,1776113376.3543024,0.122,3789,31050,3.097561,-7.556,-2.572,1.035,0,-1,692,0,0,perturb
1849,1776113378.3699505,0.122,3789,31050,3.097561,-7.854,-2.279,1.02,0,-1,692,0,0,perturb
1850,1776113380.386306,0.122,3789,31050,3.097561,-7.916,-2.632,1.018,0,-1,692,0,0,perturb
1851,1776113382.4027395,0.122,3789,31050,3.097561,-7.553,-2.377,1.018,0,-1,692,0,0,perturb
1852,1776113384.4175005,0.122,3789,31050,3.218759,-7.977,-2.314,0.999,0,-1,693,0,0,perturb
1853,1776113386.833263,0.122,3789,31050,3.218759,-7.692,-2.614,1.074,0,-1,693,0,0,perturb
1854,1776113388.8455822,0.122,3789,31050,2.994422,-7.668,-2.098,1.066,0,-1,694,0,0,perturb
1855,1776113390.8622713,0.122,3789,31050,2.994422,-8.006,-2.373,1.012,0,-1,694,0,0,perturb
1856,1776113392.8762732,0.122,3789,31050,2.994422,-7.621,-2.389,1.11,0,-1,694,0,0,perturb
1857,1776113394.8954027,0.122,3789,31050,2.994422,-7.831,-2.04,1.131,0,-1,694,0,0,perturb
1858,1776113396.907552,0.122,3789,31050,2.995414,-7.923,-2.444,1.128,0,-1,694,0,0,perturb
1859,1776113398.9269729,0.122,3789,31050,2.995414,-7.604,-2.126,1.157,0,-1,694,0,0,perturb
1860,1776113400.946142,0.122,3789,31050,2.995414,-7.881,-2.079,1.132,0,-1,694,0,0,perturb
1861,1776113402.9668803,0.122,3789,31050,2.997445,-7.611,-2.416,1.136,0,-1,694,0,0,perturb
1862,1776113404.9793441,0.122,3789,31050,2.997445,-7.554,-2.04,1.226,0,-1,694,0,0,perturb
1863,1776113406.990207,0.122,3789,31050,2.997445,-7.766,-2.257,1.259,0,-1,694,0,0,perturb
1864,1776113409.0076835,0.122,3789,31050,2.999637,-7.391,-2.301,1.251,0,-1,694,0,0,perturb
1865,1776113411.0234425,0.122,3789,31050,2.999637,-7.643,-1.921,1.265,0,-1,694,0,0,perturb
1866,1776113413.0465398,0.122,3789,31050,3.081884,-7.684,-2.336,1.261,0,-1,694,0,0,perturb
1867,1776113415.0648289,0.1219,3786,31050,3.081884,-7.383,-2.093,1.278,0,-1,695,0,0,perturb
1868,1776113417.0775778,0.1219,3786,31050,3.081884,-7.777,-2.025,1.268,0,-1,695,0,0,perturb
1869,1776113419.092206,0.1219,3786,31050,3.059204,-7.425,-2.423,1.291,0,-1,696,0,0,perturb
1870,1776113421.1102085,0.1219,3786,31050,3.059204,-7.307,-1.98,1.228,0,-1,696,0,0,perturb
1871,1776113423.126482,0.1219,3786,31050,3.06735,-7.664,-2.255,1.246,0,-1,696,0,0,perturb
1872,1776113425.1364918,0.1219,3786,31050,3.06735,-7.244,-2.262,1.211,0,-1,696,0,0,perturb
1873,1776113427.1533606,0.1219,3786,31050,3.06735,-7.615,-1.965,1.173,0,-1,696,0,0,perturb
1874,1776113429.1708372,0.1219,3786,31050,3.071313,-7.714,-2.423,1.183,0,-1,696,0,0,perturb
1875,1776113431.1866121,0.1219,3786,31050,3.071313,-7.406,-2.205,1.18,0,-1,696,0,0,perturb
1876,1776113433.1970658,0.1219,3786,31050,3.075698,-7.847,-2.239,1.091,0,-1,696,0,0,perturb
1877,1776113435.2103093,0.1219,3786,31050,3.075698,-7.601,-2.533,1.148,0,-1,696,0,0,perturb
1878,1776113437.2223895,0.1219,3786,31050,3.156243,-7.554,-2.141,1.085,0,-1,696,0,0,perturb
1879,1776113439.2389178,0.1219,3786,31050,3.156243,-7.884,-2.476,1.142,0,-1,696,0,0,perturb
1880,1776113441.2508767,0.1219,3786,31050,3.156243,-7.389,-2.451,1.096,0,-1,696,0,0,perturb
1881,1776113443.2653656,0.1219,3786,31050,2.943402,-7.637,-2.118,1.099,0,-1,697,0,0,perturb
1882,1776113445.2835898,0.1219,3786,31050,2.943402,-7.745,-2.496,1.063,0,-1,697,0,0,perturb
1883,1776113447.3009734,0.1219,3786,31050,2.943402,-7.432,-2.212,1.044,0,-1,697,0,0,perturb
1884,1776113449.312258,0.1219,3786,31050,2.862258,-7.932,-2.218,1.071,0,-1,698,0,0,perturb
1885,1776113451.3237371,0.1219,3786,31050,2.862258,-7.624,-2.52,1.074,0,-1,698,0,0,perturb
1886,1776113453.3379588,0.1219,3786,31050,2.889055,-7.588,-2.139,1.09,0,-1,699,0,0,perturb
1887,1776113455.3493688,0.1219,3786,31050,2.889055,-7.863,-2.359,1.044,0,-1,699,0,0,perturb
1888,1776113457.3738353,0.1219,3786,31050,3.020882,-7.456,-2.407,1.092,0,-1,699,0,0,perturb
1889,1776113459.390527,0.1219,3786,31050,3.020882,-7.698,-2.044,1.079,0,-1,700,0,0,perturb
1890,1776113461.4102955,0.1219,3786,31050,3.020882,-7.784,-2.508,1.117,0,-1,700,0,0,perturb
1891,1776113463.4222426,0.1219,3786,31050,3.024992,-7.486,-2.257,1.1,0,-1,700,0,0,perturb
1892,1776113465.4410677,0.1219,3786,31050,3.024992,-7.974,-2.226,1.109,0,-1,700,0,0,perturb
1893,1776113467.4574933,0.1219,3786,31050,3.024992,-7.72,-2.572,1.072,0,-1,700,0,0,perturb
1894,1776113469.4708765,0.1219,3786,31050,2.947256,-7.65,-2.149,1.051,0,-1,701,0,0,perturb
1895,1776113471.4880912,0.1219,3786,31050,2.947256,-8.028,-2.5,1.04,0,-1,701,0,0,perturb
1896,1776113473.5001798,0.1219,3786,31050,2.947256,-7.56,-2.499,1.019,0,-1,701,0,0,perturb
1897,1776113475.5176249,0.1219,3786,31050,3.019222,-7.876,-2.142,1.003,0,-1,702,0,0,perturb
1898,1776113477.5363438,0.1219,3786,31050,3.019222,-7.912,-2.619,0.983,0,-1,702,0,0,perturb
1899,1776113481.5567033,0.1219,3786,31050,3.149392,-7.61,-2.325,1.003,0,-1,703,0,0,perturb
1900,1776113483.5747242,0.1219,3786,31050,3.149392,-7.972,-2.317,0.988,0,-1,703,0,0,perturb
1901,1776113486.394023,0.1219,3786,31050,3.137868,-7.736,-2.659,1.028,0,-1,704,0,0,perturb
1902,1776113488.4110153,0.1219,3786,31050,3.137868,-7.657,-2.21,1.038,0,-1,704,0,0,perturb
1903,1776113490.425093,0.1219,3786,31050,3.137868,-7.95,-2.457,0.998,0,-1,704,0,0,perturb
1904,1776113494.4482374,0.1219,3786,31050,3.217808,-7.512,-2.513,0.968,0,-1,705,0,0,perturb
1905,1776113498.4696307,0.1219,3786,31050,3.382744,-7.554,-2.407,1.073,0,-1,706,0,0,perturb
1906,1776113500.4874218,0.1219,3786,31050,3.382744,-7.554,-2.301,1.123,0,-1,706,0,0,perturb
1907,1776113502.5015807,0.1219,3786,31050,3.382744,-7.539,-2.318,1.202,0,-1,706,0,0,perturb
1908,1776113504.5128968,0.1219,3786,31050,3.093239,-7.522,-2.247,1.228,0,-1,707,0,0,perturb
1909,1776113506.5231018,0.1219,3786,31050,3.093239,-7.562,-2.285,1.259,0,-1,707,0,0,perturb
1910,1776113508.5432086,0.1219,3786,31050,3.056322,-7.541,-2.292,1.397,0,-1,707,0,0,perturb
1911,1776113510.5579314,0.1219,3786,31050,3.056644,-7.576,-2.245,1.477,0,-1,707,0,0,perturb
1912,1776113514.5764642,0.1219,3786,31050,3.056996,-7.491,-2.298,1.582,0,-1,707,0,0,perturb
1913,1776113518.6022685,0.1219,3786,31050,3.057845,-7.509,-2.333,1.572,0,-1,707,0,0,perturb
1914,1776113522.6279619,0.1219,3786,31050,3.057845,-7.595,-2.344,1.578,0,-1,707,0,0,perturb
1915,1776113526.6551118,0.1219,3786,31050,3.058094,-7.564,-2.366,1.589,0,-1,707,0,0,perturb
1916,1776113530.681508,0.1219,3786,31050,3.058634,-7.565,-2.299,1.541,0,-1,707,0,0,perturb
1917,1776113534.7012305,0.1219,3786,31050,3.058901,-7.562,-2.31,1.476,0,-1,707,0,0,perturb
1918,1776113537.9211433,0.1219,3786,31050,3.058961,-7.531,-2.326,1.331,0,-1,707,0,0,perturb
1919,1776113539.9308522,0.1219,3786,31050,3.05899,-7.598,-2.276,1.217,0,-1,707,0,0,perturb
1920,1776113541.9493258,0.1219,3786,31050,3.059265,-7.569,-2.279,1.17,0,-1,707,0,0,perturb
1921,1776113543.9673285,0.1219,3786,31050,3.059265,-7.496,-2.301,1.101,0,-1,707,0,0,perturb
1922,1776113545.9806554,0.1219,3786,31050,3.059557,-7.504,-2.308,1.093,0,-1,707,0,0,perturb
1923,1776113547.9929569,0.1219,3786,31050,3.059557,-7.561,-2.3,1.072,0,-1,707,0,0,perturb
1924,1776113550.010432,0.1219,3786,31050,3.059823,-7.588,-2.271,1.047,0,-1,707,0,0,perturb
1925,1776113552.0239909,0.1219,3786,31050,3.060102,-7.582,-2.279,1.04,0,-1,707,0,0,perturb
1926,1776113554.0399628,0.1219,3786,31050,3.060374,-7.576,-2.248,0.901,0,-1,707,0,0,perturb
1927,1776113558.0601492,0.1219,3786,31050,3.060813,-7.523,-2.226,0.874,0,-1,707,0,0,perturb
1928,1776113562.0788054,0.1219,3786,31050,3.061356,-7.58,-2.2,0.706,0,-1,707,0,0,perturb
1929,1776113566.0956085,0.1219,3786,31050,3.061627,-7.584,-2.232,0.557,0,-1,707,0,0,perturb
1930,1776113570.118147,0.1219,3786,31050,3.06229,-7.675,-2.582,0.831,0,-1,707,0,0,perturb
1931,1776113574.1391046,0.1219,3786,31050,3.06229,-7.309,-2.345,0.98,0,-1,707,0,0,perturb
1932,1776113578.165226,0.1219,3786,31050,3.157555,-7.708,-2.275,1.02,0,-1,708,0,0,perturb
1933,1776113580.1789505,0.1219,3786,31050,3.157555,-7.442,-2.631,1.044,0,-1,708,0,0,perturb
1934,1776113582.191444,0.1219,3786,31050,3.157555,-7.43,-2.142,0.997,0,-1,708,0,0,perturb
1935,1776113584.4047935,0.1219,3786,31050,3.07314,-7.785,-2.374,1.003,0,-1,709,0,0,perturb
1936,1776113586.421968,0.1219,3786,31050,3.07314,-7.307,-2.384,1.006,0,-1,709,0,0,perturb
1937,1776113588.438265,0.1219,3786,31050,3.07314,-7.639,-2.039,0.965,0,-1,709,0,0,perturb
1938,1776113592.4619956,0.1219,3786,31050,3.053102,-7.598,-2.342,1.054,0,-1,710,0,0,perturb
1939,1776113594.4866517,0.1219,3786,31050,3.054002,-7.211,-2.07,1.042,0,-1,710,0,0,perturb
1940,1776113596.5047286,0.1219,3786,31050,3.054002,-7.622,-2.029,1.02,0,-1,710,0,0,perturb
1941,1776113598.5233195,0.1219,3786,31050,3.054002,-7.259,-2.405,1.075,0,-1,710,0,0,perturb
1942,1776113600.5399103,0.1219,3786,31050,3.05475,-7.211,-1.952,1.038,0,-1,710,0,0,perturb
1943,1776113602.5584426,0.1219,3786,31050,3.05475,-7.526,-2.264,1.02,0,-1,710,0,0,perturb
1944,1776113604.5785105,0.1219,3786,31050,3.05475,-7.097,-2.333,1.146,0,-1,710,0,0,perturb
1945,1776113606.5933952,0.1219,3786,31050,3.056807,-7.393,-1.962,1.084,0,-1,710,0,0,perturb
1946,1776113608.6094296,0.1219,3786,31050,3.056807,-7.464,-2.36,1.108,0,-1,710,0,0,perturb
1947,1776113610.6268406,0.1219,3786,31050,3.056807,-7.164,-2.048,1.064,0,-1,710,0,0,perturb
1948,1776113612.639518,0.1219,3786,31050,2.647048,-7.644,-1.991,1.063,0,-1,710,0,0,perturb
1949,1776113614.6652014,0.1219,3786,31050,2.647048,-7.341,-2.35,1.098,0,-1,710,0,0,perturb
1950,1776113616.6838307,0.1219,3786,31050,2.798648,-7.214,-1.991,1.073,0,-1,711,0,0,perturb
1951,1776113618.705238,0.1219,3786,31050,2.798648,-7.501,-2.32,0.993,0,-1,711,0,0,perturb
1952,1776113620.9228091,0.1219,3786,31050,2.798648,-7.027,-2.428,0.984,0,-1,711,0,0,perturb
1953,1776113624.9414196,0.1219,3786,31050,2.743948,-7.305,-2.044,0.995,0,-1,712,0,0,perturb
1954,1776113628.9612956,0.1219,3786,31050,2.716875,-7.379,-2.485,0.937,0,-1,713,0,0,perturb
1955,1776113632.9823997,0.1219,3786,31050,2.716875,-7.065,-2.125,0.939,0,-1,713,0,0,perturb
1956,1776113637.0040762,0.1219,3786,31050,2.916303,-7.502,-2.083,1.01,0,-1,714,0,0,perturb
1957,1776113639.0199397,0.1219,3786,31050,2.916303,-7.282,-2.402,1.039,0,-1,714,0,0,perturb
1958,1776113641.0356495,0.1219,3786,31050,2.916303,-7.27,-1.972,0.973,0,-1,714,0,0,perturb
1959,1776113645.0626478,0.1219,3786,31050,2.712889,-7.485,-2.279,1.057,0,-1,714,0,0,perturb
1960,1776113647.0737245,0.1219,3786,31050,2.712889,-7.145,-2.251,1.021,0,-1,714,0,0,perturb
1961,1776113649.085606,0.1219,3786,31050,2.712889,-7.356,-1.929,1.007,0,-1,714,0,0,perturb
1962,1776113651.1052513,0.1219,3786,31050,2.7186,-7.458,-2.258,1.045,0,-1,714,0,0,perturb
1963,1776113653.1247673,0.1219,3786,31050,2.7186,-7.155,-1.939,1.032,0,-1,714,0,0,perturb
1964,1776113655.1341348,0.1219,3786,31050,2.7186,-7.603,-1.882,1.054,0,-1,714,0,0,perturb
1965,1776113657.1483636,0.1219,3786,31050,2.85133,-7.343,-2.271,1.055,0,-1,715,0,0,perturb
1966,1776113659.1638234,0.1219,3786,31050,2.85133,-7.361,-1.827,1.055,0,-1,715,0,0,perturb
1967,1776113661.1806169,0.1219,3786,31050,2.877068,-7.703,-2.168,1.101,0,-1,716,0,0,perturb
1968,1776113663.1920328,0.1219,3786,31050,2.877068,-7.213,-2.2,1.105,0,-1,716,0,0,perturb
1969,1776113665.2122946,0.1219,3786,31050,2.877068,-7.526,-1.872,1.146,0,-1,716,0,0,perturb
1970,1776113667.2260702,0.1219,3786,31050,2.877068,-7.592,-2.261,1.116,0,-1,716,0,0,perturb
1971,1776113669.2372968,0.1219,3786,31050,3.002496,-7.201,-1.987,1.116,0,-1,717,0,0,perturb
1972,1776113671.2540693,0.1219,3786,31050,3.002496,-7.742,-1.954,1.14,0,-1,717,0,0,perturb
1973,1776113673.2774239,0.1219,3786,31050,3.002496,-7.452,-2.349,1.094,0,-1,717,0,0,perturb
1974,1776113675.2989316,0.1219,3786,31050,3.002496,-7.356,-1.961,1.108,0,-1,717,0,0,perturb
1975,1776113677.3151453,0.1219,3786,31050,2.850112,-7.738,-2.282,1.06,0,-1,718,0,0,perturb
1976,1776113679.3332386,0.1219,3786,31050,2.850112,-7.312,-2.24,1.072,0,-1,718,0,0,perturb
1977,1776113681.3491316,0.1219,3786,31050,2.850112,-7.639,-1.86,1.097,0,-1,718,0,0,perturb
1978,1776113683.3671618,0.1219,3786,31050,2.824072,-7.681,-2.266,1.023,0,-1,719,0,0,perturb
1979,1776113685.3774145,0.1219,3786,31050,2.824072,-7.326,-1.924,1.069,0,-1,719,0,0,perturb
1980,1776113687.3910003,0.1219,3786,31050,2.824072,-7.671,-1.884,1.042,0,-1,719,0,0,perturb
1981,1776113689.407215,0.1219,3786,31050,2.824072,-7.407,-2.26,1.032,0,-1,719,0,0,perturb
1982,1776113691.4224591,0.1219,3786,31050,2.824072,-7.311,-1.905,1.07,0,-1,719,0,0,perturb
1983,1776113693.4322035,0.1219,3786,31050,2.827529,-7.618,-2.125,0.963,0,-1,719,0,0,perturb
1984,1776113696.0539558,0.1219,3786,31050,2.827529,-7.253,-2.202,0.969,0,-1,719,0,0,perturb
1985,1776113700.0776284,0.1219,3786,31050,2.830316,-7.524,-1.774,0.961,0,-1,719,0,0,perturb
1986,1776113703.6995625,0.1219,3786,31050,2.830316,-7.626,-2.215,1.006,0,-1,719,0,0,perturb
1987,1776113705.71401,0.1219,3786,31050,2.803854,-7.326,-1.984,1.004,0,-1,719,0,0,perturb
1988,1776113707.7273638,0.1217,3779,31050,2.803854,-7.748,-1.995,1.013,0,-1,720,0,0,perturb
1989,1776113709.7480605,0.1217,3779,31050,2.803854,-7.448,-2.384,1.038,0,-1,720,0,0,perturb
1990,1776113711.7597027,0.1217,3779,31050,2.803854,-7.459,-1.942,1.088,0,-1,720,0,0,perturb
1991,1776113713.7782435,0.1217,3779,31050,2.922118,-7.739,-2.21,1.153,0,-1,720,0,0,perturb
1992,1776113715.7937753,0.1217,3779,31050,2.922118,-7.358,-2.236,1.174,0,-1,720,0,0,perturb
1993,1776113717.8192763,0.1217,3779,31050,2.922118,-7.624,-1.86,1.207,0,-1,720,0,0,perturb
1994,1776113719.8395789,0.1217,3779,31050,2.849996,-7.693,-2.242,1.191,0,-1,721,0,0,perturb
1995,1776113721.8569946,0.1217,3779,31050,2.849996,-7.362,-1.981,1.271,0,-1,721,0,0,perturb
1996,1776113723.8734689,0.1217,3779,31050,2.849996,-7.713,-1.943,1.29,0,-1,721,0,0,perturb
1997,1776113725.891968,0.1217,3779,31050,2.853317,-7.434,-2.319,1.244,0,-1,721,0,0,perturb
1998,1776113727.9089868,0.1217,3779,31050,2.853317,-7.427,-1.925,1.336,0,-1,721,0,0,perturb
1999,1776113729.9286191,0.1217,3779,31050,2.853317,-7.716,-2.224,1.316,0,-1,721,0,0,perturb
2000,1776113731.9424243,0.1217,3779,31050,3.036838,-7.297,-2.265,1.346,0,-1,722,0,0,perturb
2000,1776113731.9471526,0.1217,3779,31050,3.036838,-7.297,-2.265,1.346,0,-1,722,0,0,final
