step,timestamp,reward,coverage,cov_trace,altitude,alt_idx,loop_closures,altitude_changes,frontier_count,new_cells,map_seed,difficulty,cov_alt0,cov_alt1,cov_alt2,cov_alt3
0.0,0.0,42.038151496289586,0.009529039083043814,0.024667180024109066,0.0,0.0,0.0,0.0,0.0,41.85038112132313,14.430869689661812,hard,0.031249734797251287,0.014691509383263355,0.0,0.0
0.0,0.0,43.25018437760993,0.01139288505723498,0.04385832838157028,0.0,0.0,0.0,0.0,0.0,43.121915541868034,14.430869689661812,hard,0.03585676782631321,0.018345024695833566,0.0,0.0
0.0,0.0,42.700574673950676,0.01356434150596192,0.06836186216925325,0.0,0.0,0.0,0.0,0.0,42.484086432451384,14.430869689661812,hard,0.042563613324458,0.01828548001124701,0.0,0.0
0.0,0.0,38.46829320549389,0.016044665701759095,0.0925617272676134,0.0,0.0,0.0,0.0,0.0,37.857147277627774,14.430869689661812,hard,0.04722658888124123,0.022445632705346285,0.0,0.0
0.0,0.0,38.57774660249067,0.018902964850160183,0.12089879304235958,0.0,0.0,0.0,0.0,0.0,38.5140026483875,14.430869689661812,hard,0.05357090995913363,0.028803866219914872,0.0,0.0
0.0,0.0,40.76403393932804,0.021701285688008738,0.14405194389288606,0.0,0.0,0.0,0.0,0.0,39.96042542316084,14.430869689661812,hard,0.059406842926472615,0.03339452048977913,0.0,0.0
0.0,0.0,40.28703353347883,0.024181564636183393,0.17601279503059072,0.0,0.0,0.0,0.0,0.0,40.39061277079118,14.430869689661812,hard,0.06593090103229361,0.03676192879090365,0.0,0.0
0.0,0.0,51.10533221706254,0.02767353598684187,0.20765301486997234,0.0,0.0,0.0,0.0,0.0,50.65134154195721,14.430869689661812,hard,0.0756520830360206,0.04177637233947198,0.0,0.0
0.0,0.0,47.13709382748642,0.03051866133860692,0.24109095290559687,0.0,0.0,0.0,0.0,0.0,46.83641745479686,14.430869689661812,hard,0.08207593669857169,0.04749752909696436,0.0,0.0
0.0,0.0,49.11332782752131,0.03373338586354123,0.271722924047516,0.0,0.0,0.0,0.0,0.0,48.62591901445155,14.430869689661812,hard,0.08898820735279345,0.05345850779752363,0.0,0.0
0.0,0.0,53.44318232770241,0.03656411512709258,0.3036398112791252,0.0,0.0,0.0,0.0,0.0,49.14331694137057,14.430869689661812,hard,0.09549099251374474,0.05793632436197094,0.0,0.0
0.0,0.0,50.62806304421116,0.039825215072547014,0.3378590688688383,0.0,0.0,0.0,0.0,0.0,48.19377553170119,14.430869689661812,hard,0.10307703969769386,0.06373294501021949,0.0,0.0
0.0,0.0,51.77805225639223,0.04204728583473069,0.3645368343465066,0.0,0.0,0.0,0.0,0.0,45.639145478415784,14.430869689661812,hard,0.10786251574533193,0.06852199857953385,0.0,0.0
0.0,0.0,41.58990083703608,0.044593276476782226,0.3929378502149835,0.0,0.0,0.0,0.0,0.0,38.199999999999996,14.430869689661812,hard,0.11380944743732742,0.07332358525436881,0.0,0.0
0.0,0.0,51.84809753952782,0.04709762125202472,0.4197909074624762,0.0,0.0,0.0,0.0,0.0,47.60714652234473,14.430869689661812,hard,0.11914342209103425,0.07777925103519039,0.0,0.0
0.0,0.0,47.05956759954274,0.0496717919296222,0.4488640891466214,0.0,0.0,0.0,0.0,0.0,36.94082294697832,14.430869689661812,hard,0.12486804848236908,0.08207308804495128,0.0,0.0
0.0,0.0,51.81344640970239,0.05245006423812128,0.47650553710055604,0.0,0.0,0.0,0.0,0.0,45.64939868169131,14.430869689661812,hard,0.13097596475148782,0.08720512751518666,0.0,0.0
0.0,0.0,50.35925313820108,0.05494618154600063,0.5024033295623478,0.0,0.0,0.0,0.0,0.0,42.73837151787606,14.430869689661812,hard,0.136209638748233,0.09192156871105252,0.0,0.0
0.0,0.0,47.9751213369233,0.0570635521591586,0.5271203495338809,0.0,0.0,0.0,0.0,0.0,47.78240680417846,14.430869689661812,hard,0.14122927142951977,0.0955173597637412,0.0,0.0
0.0,0.0,45.59250894105615,0.05925438735927281,0.5534802819549921,0.0,0.0,0.0,0.0,0.0,42.70599021214705,14.430869689661812,hard,0.14592754802060603,0.09960037402331522,0.0,0.0
0.0,0.0,35.87377279208572,0.0616348176465644,0.5835944932773739,0.0,0.0,0.0,0.0,0.0,35.357381124738296,14.430869689661812,hard,0.1507831133706029,0.10452941742115111,0.0,0.0
0.0,0.0,61.59134740132827,0.06441961268986238,0.6171154351390871,0.0,0.0,0.0,0.0,0.0,50.69280422308476,14.430869689661812,hard,0.15666745908246132,0.10979205172971625,0.0,0.0
0.0,0.0,55.904880862568504,0.06642708194452819,0.6456148696429218,0.13999999999999999,0.13999999999999999,0.0,0.13999999999999999,0.0,46.80128203372211,14.430869689661812,hard,0.16241653292810226,0.11391862270349021,0.0072327365728900245,0.0
0.0,0.0,59.35102405057706,0.06637774026141573,0.6643780735532276,0.23748684174075838,0.23748684174075835,0.0,0.23748684174075835,0.0,54.564856821950876,14.430869689661812,hard,0.16587897910641425,0.11447918216806957,0.015725876605020204,0.0
0.0,0.0,71.01253835647739,0.06666056184086104,0.6800158792267031,0.3,0.3,0.0,0.3,0.0,65.73895344466628,14.430869689661812,hard,0.1707649873704319,0.11577026615716123,0.023004983700965542,0.0
0.0,0.0,57.16839430310778,0.06748226059004252,0.7011518373441664,0.3,0.3,0.0,0.3,0.0,54.533233903739834,14.430869689661812,hard,0.17439749356110656,0.11725985295095125,0.02836804615889216,0.0
0.0,0.0,41.47881096241978,0.06899622210900852,0.7231321581220872,0.3,0.3,0.0,0.3,0.0,40.08792336851586,14.430869689661812,hard,0.17900113656945113,0.11997090531787369,0.03254028924346646,0.0
0.0,0.0,48.09784341438616,0.07114934784848997,0.7440264593549913,0.3,0.3,0.0,0.3,0.0,47.46072481536707,14.430869689661812,hard,0.18359565582473056,0.1247751048756192,0.03648187846285953,0.0
0.0,0.0,52.5585207386169,0.07237205973052682,0.7664760849138095,0.3,0.3,0.0,0.3,0.0,51.217575108550385,14.430869689661812,hard,0.18604495381237884,0.12803317102062411,0.04070994868147596,0.0
0.0,0.0,51.59484051418719,0.07382595216608706,0.7870753480192999,0.3,0.3,0.0,0.3,0.0,51.38390409457032,14.430869689661812,hard,0.18855507601916247,0.13182685341798994,0.044866318967947905,0.0
0.0,0.0,48.8409135016956,0.0751881610716924,0.8106059008138464,0.3,0.3,0.0,0.3,0.0,43.63583848168842,14.430869689661812,hard,0.19122238093351046,0.1349748246191056,0.04915608404131766,0.0
0.0,0.0,57.3994521080268,0.07801390936473818,0.8392375125473319,0.3,0.3,0.0,0.3,0.0,55.12011973862177,14.430869689661812,hard,0.1964812112607361,0.1405611802892263,0.05310740946550767,0.0
0.0,0.0,46.19878920981559,0.0802291475995481,0.8674304738548063,0.3,0.3,0.0,0.3,0.0,43.3608164129782,14.430869689661812,hard,0.20095560383390595,0.14513124083028978,0.055425100184777774,0.0
0.0,0.0,45.21053371751004,0.08197065005065104,0.889279668618234,0.3,0.3,0.0,0.3,0.0,42.18814999499267,14.430869689661812,hard,0.20357594935983703,0.14879275300250547,0.05855257684149217,0.0
0.0,0.0,53.099683602098665,0.0845204531544646,0.9181961587773901,0.3,0.3,0.0,0.3,0.0,49.35099188466226,14.430869689661812,hard,0.20808636028367575,0.15436383054753128,0.06393802044802771,0.0
0.0,0.0,51.87466186452175,0.08678900488452401,0.9434003339071652,0.3,0.3,0.0,0.3,0.0,47.832189997950124,14.430869689661812,hard,0.21108806424468549,0.16016768006336218,0.0687816928731644,0.0
0.0,0.0,61.58882680109834,0.08909431209256248,0.9698242064575038,0.3,0.3,0.0,0.3,0.0,53.98232673755365,14.430869689661812,hard,0.21530657503767398,0.16546431341184756,0.07153198781011746,0.0
0.0,0.0,39.91248415821335,0.09119386773374595,0.9971543827828939,0.3,0.3,0.0,0.3,0.0,39.720523662207675,14.430869689661812,hard,0.21798475966167197,0.17000117036648218,0.07342926902092044,0.0
0.0,0.0,45.20625923883622,0.09327768572042026,1.0225062109515626,0.3,0.3,0.0,0.3,0.0,41.15932458143598,14.430869689661812,hard,0.22296057379739007,0.17365198433690976,0.0742718290692265,0.0
0.0,0.0,50.8859383137996,0.09454765635467345,1.0441178312337802,0.3,0.3,0.0,0.3,0.0,46.72293227099515,14.430869689661812,hard,0.2256963230518425,0.1764778827703969,0.07521703205506007,0.0
0.0,0.0,39.970225955126146,0.09545552815474674,1.0622051804604864,0.3,0.3,0.0,0.3,0.0,40.00212494355769,14.430869689661812,hard,0.22695575194962522,0.17865721158492504,0.07708573529256911,0.0
0.0,0.0,48.71442758915976,0.09717518108452786,1.0837669571142237,0.3,0.3,0.0,0.3,0.0,43.189540400425656,14.430869689661812,hard,0.22977650928088064,0.18265184194111037,0.07906514027937017,0.0
0.0,0.0,33.72878466426608,0.09853847193809044,1.102328378837917,0.3,0.3,0.0,0.3,0.0,33.513346595050756,14.430869689661812,hard,0.2322834483400471,0.18564613883982664,0.08055380579565645,0.0
0.0,0.0,41.2480325562492,0.10049565194483862,1.1242516463742285,0.3,0.3,0.0,0.3,0.0,38.6367493456683,14.430869689661812,hard,0.236568042205534,0.18927011434935342,0.08233776140180159,0.0
0.0,0.0,40.80377413759049,0.10203312102015374,1.1393377402976432,0.3,0.3,0.0,0.3,0.0,36.025346632614095,14.430869689661812,hard,0.23964530343461907,0.191839831292727,0.08388663941918564,0.0
0.0,0.0,45.84773428446552,0.10369858061137086,1.1522221254043374,0.3,0.3,0.0,0.3,0.0,37.8937936870934,14.430869689661812,hard,0.24181587119110678,0.19618899481324903,0.08534825073511339,0.0
0.0,0.0,59.51684541563611,0.1042733507525357,1.1543592083172212,0.32496153618543844,0.32496153618543844,0.0,0.32496153618543844,0.0,52.01361744774151,14.430869689661812,hard,0.2445458772643395,0.19739439594954636,0.08662340964603692,0.0
0.0,0.0,64.85253839872205,0.10263266665190883,1.1432413217072097,0.38418745424597095,0.38418745424597095,0.0,0.38418745424597095,0.0,60.35105301483976,14.430869689661812,hard,0.2465902677200118,0.19540352490829452,0.08868976397042294,0.0
0.0,0.0,68.12189240439182,0.10164658461733825,1.1322774464477505,0.41424630354415953,0.41424630354415964,0.0,0.41424630354415964,0.0,64.64036200393683,14.430869689661812,hard,0.24748201917234905,0.19453506838952395,0.09024336126409559,0.0
0.0,0.0,61.97484959367273,0.10225684377556928,1.122707537743685,0.4270831300812525,0.4270831300812525,0.0,0.4270831300812525,0.0,53.07504121524541,14.430869689661812,hard,0.24859700269791435,0.19711880636795248,0.09267847221449736,0.0
0.0,0.0,50.139955240037665,0.10306411782269122,1.1146072466555277,0.4270831300812525,0.4270831300812525,0.0,0.4270831300812525,0.0,49.17854816889169,14.430869689661812,hard,0.25182040706593395,0.19802800783362465,0.09590701603865745,0.0
0.0,0.0,52.633755052486535,0.10358822642312203,1.1075003584675225,0.4270831300812525,0.4270831300812525,0.0,0.4270831300812525,0.0,51.79065938950768,14.430869689661812,hard,0.2522672988344297,0.19899592954262202,0.09875186159328898,0.0
0.0,0.0,55.27055547197119,0.10360781100009778,1.0953965575887226,0.4270831300812525,0.4270831300812525,0.0,0.4270831300812525,0.0,55.029741049726915,14.430869689661812,hard,0.25204898077096827,0.19891489422989217,0.10288650508725923,0.0
0.0,0.0,59.272843662647354,0.1035228044374017,1.087452842414358,0.4270831300812525,0.4270831300812525,0.0,0.4270831300812525,0.0,55.59077621332518,14.430869689661812,hard,0.25184170432804415,0.19851663182645596,0.10681551615284753,0.0
0.0,0.0,59.83037458973096,0.10414430324961627,1.0787337938361172,0.4270831300812525,0.4270831300812525,0.0,0.4270831300812525,0.0,56.61006624267454,14.430869689661812,hard,0.25256554486331495,0.1994588332085127,0.11033884960918902,0.0
0.0,0.0,55.25086058289017,0.10483692334460834,1.0699133757554449,0.4270831300812525,0.4270831300812525,0.0,0.4270831300812525,0.0,52.99175784968828,14.430869689661812,hard,0.2545831806107931,0.19982747562090816,0.11445229115051254,0.0
0.0,0.0,53.47734424350021,0.10503728772601872,1.057849622631746,0.4270831300812525,0.4270831300812525,0.0,0.4270831300812525,0.0,50.0884976816035,14.430869689661812,hard,0.25354140852811474,0.20034972692303868,0.11881364716037154,0.0
0.0,0.0,55.95319295874452,0.10512598244140925,1.0446112811100199,0.4270831300812525,0.4270831300812525,0.0,0.4270831300812525,0.0,53.56013816262987,14.430869689661812,hard,0.25304907909129215,0.20080420334515023,0.12326939838595245,0.0
0.0,0.0,57.60683088476638,0.10475073894376023,1.0309795900647811,0.4270831300812525,0.4270831300812525,0.0,0.4270831300812525,0.0,51.80119303645429,14.430869689661812,hard,0.2506302349937449,0.20066224534732172,0.12803010933094974,0.0
0.0,0.0,67.94349468004467,0.10459297113865566,1.0158742519377721,0.4270831300812525,0.4270831300812525,0.0,0.4270831300812525,0.0,61.46901658559376,14.430869689661812,hard,0.24726633654772803,0.20074375541817466,0.13514733042292523,0.0
0.0,0.0,58.50034798944117,0.10459782870644227,1.0045291326505263,0.4270831300812525,0.4270831300812525,0.0,0.4270831300812525,0.0,57.70599968807403,14.430869689661812,hard,0.24443769725541636,0.2003266282670861,0.141470692610375,0.0
0.0,0.0,53.158411693005114,0.1046288140626974,0.9942076986592374,0.4270831300812525,0.4270831300812525,0.0,0.4270831300812525,0.0,51.07978465107307,14.430869689661812,hard,0.2410343125471263,0.20021682043834327,0.14721924266010414,0.0
0.0,0.0,46.36662578426612,0.10510000948320715,0.9844898978463832,0.4270831300812525,0.4270831300812525,0.0,0.4270831300812525,0.0,43.513772532383356,14.430869689661812,hard,0.23973016111410417,0.19982641256203676,0.15241408089694994,0.0
0.0,0.0,47.61408964769574,0.10494654259370396,0.9738252910632694,0.4270831300812525,0.4270831300812525,0.0,0.4270831300812525,0.0,46.236024915643426,14.430869689661812,hard,0.2372935852196711,0.19917010938394994,0.15844977105312616,0.0
0.0,0.0,69.50547044738187,0.10446337046746454,0.9550192624057294,0.4270831300812525,0.4270831300812525,0.0,0.4270831300812525,0.0,60.97998360117852,14.430869689661812,hard,0.23175110940718904,0.19786045175627914,0.1652962448337752,0.0
0.0,0.0,45.74985111625427,0.10434834317762172,0.9318134262536724,0.4270831300812525,0.4270831300812525,0.13999999999999999,0.4270831300812525,0.0,43.01127759088307,14.430869689661812,hard,0.22851826079299892,0.19715333772201712,0.17060390377311035,0.0
0.0,0.0,48.05953871938919,0.10455110497906529,0.9132902602784402,0.4270831300812525,0.4270831300812525,0.13999999999999999,0.4270831300812525,0.0,39.77766207307815,14.430869689661812,hard,0.22646832166204497,0.1963273071896745,0.17527518166535686,0.0
0.0,0.0,47.434382829786706,0.10439187860823271,0.8944446354661466,0.4270831300812525,0.4270831300812525,0.13999999999999999,0.4270831300812525,0.0,43.517003573316025,14.430869689661812,hard,0.22261769339213164,0.1960277857954663,0.17928589581098847,0.0
0.0,0.0,49.677683964593726,0.10434989798497599,0.8738295319351349,0.4270831300812525,0.4270831300812525,0.13999999999999999,0.4270831300812525,0.0,38.72333146825051,14.430869689661812,hard,0.21994370054893703,0.19511928042269833,0.1838590589909658,0.0
0.0,0.0,57.24425115332031,0.10270491944976354,0.8482627419089193,0.48207883172775806,0.48207883172775806,0.13999999999999999,0.48207883172775806,0.0,50.05031068834638,14.430869689661812,hard,0.217627256843512,0.1939907370939238,0.18628038319014617,0.009801390268123138
0.0,0.0,39.80478953341397,0.1027066951909675,0.8332912097017938,0.48207883172775806,0.48207883172775806,0.13999999999999999,0.48207883172775806,0.0,37.97275338976619,14.430869689661812,hard,0.2161488286688467,0.19356211091686817,0.18936474911230758,0.009801390268123138
0.0,0.0,52.34372227992349,0.10246255929426423,0.8177248331999252,0.5,0.5,0.13999999999999999,0.5,0.0,45.72808327494167,14.430869689661812,hard,0.21392564641523476,0.19312246838533978,0.1922226257770707,0.009801390268123138
0.0,0.0,59.931079734671336,0.10293921709445829,0.8039723164198463,0.5,0.5,0.13999999999999999,0.5,0.0,53.98341967678595,14.430869689661812,hard,0.21081304509947751,0.19277001766186877,0.19702938359503985,0.009801390268123138
0.0,0.0,67.58435271135536,0.10273518521637645,0.7903103964091782,0.5075431016179808,0.5075431016179808,0.13999999999999999,0.5075431016179808,0.0,58.20197934778507,14.430869689661812,hard,0.2077641513263411,0.19151559357770973,0.20079181681065236,0.009801390268123138
0.0,0.0,50.89759498558947,0.1036236754348227,0.7803568827737627,0.52,0.52,0.13999999999999999,0.52,0.0,43.06600051084382,14.430869689661812,hard,0.2058145925717674,0.19180386537307875,0.20396816432946432,0.009801390268123138
0.0,0.0,53.82111481779729,0.10517793301182586,0.7707104376302115,0.52,0.52,0.13999999999999999,0.52,0.0,53.72746039038138,14.430869689661812,hard,0.2029266199357771,0.19317149756714766,0.20887256600869294,0.009801390268123138
0.0,0.0,46.53227231561763,0.10513433318903265,0.7494922992683604,0.52,0.52,0.13999999999999999,0.52,0.0,46.4,14.430869689661812,hard,0.19877261548422884,0.19202990345096055,0.21227334736150072,0.009801390268123138
0.0,0.0,42.674041122227,0.10549303108356028,0.7300751592360798,0.52,0.52,0.13999999999999999,0.52,0.0,41.65408023231338,14.430869689661812,hard,0.1953176115838395,0.19169401450140602,0.21625529847484243,0.009801390268123138
0.0,0.0,47.58450626784677,0.10645841104402287,0.7131714876535332,0.52,0.52,0.13999999999999999,0.52,0.0,43.50954378064656,14.430869689661812,hard,0.19245124887188492,0.191530892557938,0.22127875998483917,0.009801390268123138
0.0,0.0,45.74280063551965,0.10731766015108973,0.6997284273535439,0.52,0.52,0.19595917942265428,0.52,0.0,45.75237698743094,14.430869689661812,hard,0.18993943964762017,0.19091093609982843,0.22628242241366572,0.009801390268123138
0.0,0.0,50.43182808936487,0.10855455031355991,0.6867990983532369,0.52,0.52,0.19595917942265428,0.52,0.0,48.53163916456975,14.430869689661812,hard,0.18730156779687762,0.19105975516784837,0.2315953796485651,0.009801390268123138
0.0,0.0,52.52679848110618,0.10855956166758363,0.6775781339201987,0.52,0.52,0.23748684174075835,0.52,0.0,52.67944191048345,14.430869689661812,hard,0.18510717139735555,0.18904239945344942,0.2355019306718052,0.009801390268123138
0.0,0.0,44.22673322995271,0.10914561980629671,0.6683562196584567,0.52,0.52,0.23748684174075835,0.52,0.0,43.89518880241888,14.430869689661812,hard,0.1832389407445563,0.1882633181784303,0.23956631757552257,0.009801390268123138
0.0,0.0,46.2627886369519,0.10962285240774385,0.660407222835756,0.52,0.52,0.23748684174075835,0.52,0.0,46.108311615152424,14.430869689661812,hard,0.18155080663939294,0.18728123685495324,0.2437048987890062,0.009801390268123138
0.0,0.0,51.963041078977355,0.11014098917149506,0.6530967585389257,0.52,0.52,0.23748684174075835,0.52,0.0,47.31038363826698,14.430869689661812,hard,0.1797732352134593,0.18664966417487397,0.24715236093463086,0.009801390268123138
0.0,0.0,43.00155250315715,0.11012420023241168,0.6462127658022719,0.52,0.52,0.23748684174075835,0.52,0.0,41.194737527990156,14.430869689661812,hard,0.1781041966634417,0.1859623747863414,0.24973240573217284,0.009801390268123138
0.0,0.0,39.86734462171701,0.1103802376127273,0.6394222340501063,0.52,0.52,0.23748684174075835,0.52,0.0,38.761197091937184,14.430869689661812,hard,0.17662251461720965,0.1858120909883219,0.25236401801490455,0.009801390268123138
0.0,0.0,45.74532327939033,0.11035281810352138,0.633901324475762,0.52,0.52,0.23748684174075835,0.52,0.0,42.491410896791834,14.430869689661812,hard,0.17469523346894575,0.18526038648921514,0.25518713071756133,0.009801390268123138
0.0,0.0,44.80276684135802,0.11070258012285089,0.6302408288374708,0.52,0.52,0.23748684174075835,0.52,0.0,44.13205637628956,14.430869689661812,hard,0.17343374274742018,0.1854884694249947,0.2573213920124961,0.009801390268123138
0.0,0.0,50.535805154643455,0.11077953717587051,0.6284650419679261,0.52,0.52,0.2712931993250107,0.52,0.0,49.40641253926457,14.430869689661812,hard,0.1721458119031199,0.18457006094221898,0.2600961042757678,0.009801390268123138
0.0,0.0,38.65375228581752,0.11064443157583517,0.6168973092182768,0.52,0.52,0.2712931993250107,0.52,0.0,38.46606816403256,14.430869689661812,hard,0.17105940258017488,0.18357380655402591,0.2622977118486136,0.009801390268123138
0.0,0.0,41.701566216296285,0.10981191752848887,0.5947504632654311,0.596322060635023,0.596322060635023,0.2712931993250107,0.596322060635023,0.0,38.62447410645225,14.430869689661812,hard,0.17031221780898886,0.18310563675056418,0.2641356636580681,0.01925521350546177
0.0,0.0,38.493847468946164,0.10960670943987277,0.5806849390424288,0.596322060635023,0.596322060635023,0.2712931993250107,0.596322060635023,0.0,33.755147755564636,14.430869689661812,hard,0.17040535018897499,0.18306731633176318,0.2661608875191414,0.023912611717974177
0.0,0.0,45.274378646302814,0.10877571677244367,0.561414734006345,0.6660330322138686,0.6660330322138686,0.2712931993250107,0.6660330322138686,0.0,42.53140486746235,14.430869689661812,hard,0.17076987661973297,0.1837363219319571,0.2670232836012793,0.026608560451723547
0.0,0.0,39.46973182485363,0.10777698342254464,0.5492861798435099,0.6660330322138686,0.6660330322138686,0.2712931993250107,0.6660330322138686,0.0,34.23414085383186,14.430869689661812,hard,0.17083688605082525,0.1829258795266254,0.2672135436902254,0.030670329410567927
0.0,0.0,46.9269535856419,0.10645698239292459,0.5380477006059616,0.6681317235396026,0.6681317235396027,0.2712931993250107,0.6681317235396027,0.0,44.03051669013208,14.430869689661812,hard,0.16990812698471097,0.18251777512103615,0.26753777213521385,0.036986700651570906
0.0,0.0,37.238819398330044,0.10599558220363163,0.5259757099492179,0.6681317235396026,0.6681317235396027,0.2712931993250107,0.6681317235396027,0.0,35.93440691036934,14.430869689661812,hard,0.1692202310240648,0.18288350029224967,0.26830698605873454,0.04061262248682439
0.0,0.0,36.688094705989585,0.10607684744086414,0.5176046773170331,0.6696267617113283,0.6696267617113283,0.2712931993250107,0.6696267617113283,0.0,33.80201769125624,14.430869689661812,hard,0.16911856051189297,0.1835427225567942,0.2687042795562447,0.04403186673864784
0.0,0.0,47.46776028089113,0.10452191739928826,0.49077303766744335,0.6708203932499369,0.6708203932499369,0.2712931993250107,0.6708203932499369,0.0,43.617157174671526,14.430869689661812,hard,0.1688720640937482,0.1814109640838449,0.2684977762797965,0.04858209693183097
0.0,0.0,49.2273320271233,0.10462207706193587,0.4828303970663829,0.6974238309665077,0.6974238309665077,0.2712931993250107,0.6974238309665077,0.0,43.37787454451866,14.430869689661812,hard,0.16914313523721494,0.18096778699083216,0.2683499834561515,0.05434158990827655
0.0,0.0,43.16695130655818,0.10410937934899328,0.4741814219888437,0.6974238309665077,0.6974238309665077,0.2712931993250107,0.6974238309665077,0.0,40.560123273974405,14.430869689661812,hard,0.1686117329529742,0.1800461107298765,0.2685681453174586,0.05947220899911893
0.0,0.0,38.36833973459196,0.10397766038502633,0.46694171141458873,0.6974238309665077,0.6974238309665077,0.2712931993250107,0.6974238309665077,0.0,35.59944381588004,14.430869689661812,hard,0.16844152376850788,0.17948846973381424,0.2689591936352233,0.06370040948243133
0.0,0.0,21.488724095101894,0.10391452583180623,0.4610041272764277,0.6974238309665077,0.6974238309665077,0.2712931993250107,0.6974238309665077,0.0,21.550090487049005,14.430869689661812,hard,0.16886895904839103,0.1795784004733554,0.2693614900465708,0.0660270798075352
0.0,0.0,24.7884918637608,0.10391448207355698,0.455397732844173,0.6974238309665077,0.6974238309665077,0.2712931993250107,0.6974238309665077,0.0,24.59356826489397,14.430869689661812,hard,0.16887412187051584,0.17965285642814335,0.2696203351038401,0.06915102915168993
0.0,0.0,26.565780904963244,0.10307521462756984,0.4682119335756983,0.6974238309665077,0.6974238309665077,0.3,0.6974238309665077,0.0,27.16100881778878,14.430869689661812,hard,0.1686753238501041,0.17919914850074578,0.269663490184106,0.0735535328518511
0.0,0.0,29.728876120282035,0.10288770079407962,0.4620701775744694,0.6974238309665077,0.6974238309665077,0.3,0.6974238309665077,0.0,29.561975576743855,14.430869689661812,hard,0.16838907124745708,0.1788070309164325,0.2703174817649545,0.07802254668562872
0.0,0.0,30.82959789168918,0.10305854231597028,0.4565117465381845,0.6974238309665077,0.6974238309665077,0.3,0.6974238309665077,0.0,29.633933252270108,14.430869689661812,hard,0.16801504647874824,0.1787702955548759,0.2710025413193997,0.081900799731869
0.0,0.0,27.685839168412972,0.10357381480304305,0.45434486164661625,0.6974238309665077,0.6974238309665077,0.3,0.6974238309665077,0.0,27.42983047705545,14.430869689661812,hard,0.16732688973775414,0.17869015725201096,0.27158942534940295,0.08285095562585361
0.0,0.0,21.00923129229493,0.10370939164017363,0.4516288586889681,0.6974238309665077,0.6974238309665077,0.3,0.6974238309665077,0.0,20.358398758252083,14.430869689661812,hard,0.16708807303945755,0.17824940764757963,0.2719764998793601,0.08395840140081755
0.0,0.0,23.53752025097968,0.10410566299648406,0.44890183314599796,0.6974238309665077,0.6974238309665077,0.3,0.6974238309665077,0.0,22.41727904987579,14.430869689661812,hard,0.16697062568559892,0.17792722845963183,0.272785157895262,0.08523335926623879
0.0,0.0,35.232758267145705,0.10447341139607047,0.44653904377288145,0.6974238309665077,0.6974238309665077,0.3,0.6974238309665077,0.0,31.70022712852386,14.430869689661812,hard,0.16714775011598423,0.17761943446840717,0.27389795316537596,0.0861394232910569
0.0,0.0,35.564346305585495,0.10549557719649043,0.44397637490106234,0.6974238309665077,0.6974238309665077,0.3,0.6974238309665077,0.0,36.01622412191483,14.430869689661812,hard,0.1669904940180228,0.17808748611475325,0.2756054127485614,0.08840350153031519
0.0,0.0,38.490904655133534,0.10676724730382066,0.442721881698329,0.6974238309665077,0.6974238309665077,0.3,0.6974238309665077,0.0,34.21092807861255,14.430869689661812,hard,0.167024206011578,0.17861004862191862,0.2777148592926211,0.09052634552630703
0.0,0.0,30.982019765181832,0.10777915043899368,0.4611144532126238,0.6974238309665077,0.6974238309665077,0.3249615361854384,0.6974238309665077,0.0,30.410320616527542,14.430869689661812,hard,0.16710433954252485,0.1789685068840487,0.27931067409571736,0.09323851611668443
0.0,0.0,21.43314370662757,0.10851625601609548,0.4568122829858183,0.6974238309665077,0.6974238309665077,0.3249615361854384,0.6974238309665077,0.0,21.37564969772849,14.430869689661812,hard,0.16710107283597836,0.17934726770028223,0.2805480530714462,0.09475899802833461
0.0,0.0,36.671661412466534,0.10918185238892297,0.4519980921148755,0.6974238309665077,0.6974238309665077,0.3249615361854384,0.6974238309665077,0.0,36.848793738737236,14.430869689661812,hard,0.16742457877306038,0.18022544016852285,0.2814593308598495,0.095540293131941
0.0,0.0,51.51358786553058,0.11085004180858633,0.44831514738053957,0.6974238309665077,0.6974238309665077,0.3249615361854384,0.6974238309665077,0.0,51.20878440267842,14.430869689661812,hard,0.16711187638226768,0.182082001960766,0.2842351706668898,0.09700694557090742
0.0,0.0,38.24112148054589,0.11223942814236801,0.4454778614835091,0.6974238309665077,0.6974238309665077,0.3249615361854384,0.6974238309665077,0.0,38.36638632970273,14.430869689661812,hard,0.1672481407015318,0.18350506554315246,0.28614634795914734,0.09855594143399962
0.0,0.0,25.818792161308426,0.11334536576931148,0.4424292039684574,0.6974238309665077,0.6974238309665077,0.3249615361854384,0.6974238309665077,0.0,25.40684159827821,14.430869689661812,hard,0.1672687913833669,0.1844638744751496,0.2877437127893422,0.09958455441172485
0.0,0.0,34.983920759469946,0.11458391716823335,0.4405183468855569,0.6974238309665077,0.6974238309665077,0.3249615361854384,0.6974238309665077,0.0,34.717234912936256,14.430869689661812,hard,0.1676650035036391,0.18508036414738363,0.28961222038446677,0.10137323420960419
0.0,0.0,40.797093716326984,0.11464315921411786,0.423081948688002,0.7211102550927979,0.7211102550927979,0.3249615361854384,0.7211102550927979,0.0,33.43409038690899,14.430869689661812,hard,0.1679119810994159,0.1852766973024063,0.2905268836489204,0.10247271010141588
0.0,0.0,44.31896369774656,0.11545562618037508,0.4224962573975259,0.7549834435270749,0.7549834435270749,0.3249615361854384,0.7549834435270749,0.0,38.979399687527255,14.430869689661812,hard,0.16825593363994798,0.18544966032301577,0.2895644039703617,0.1031464816041426
0.0,0.0,36.670052854629674,0.1162663877630945,0.4219423338930492,0.7493997598078078,0.7493997598078078,0.3249615361854384,0.7493997598078078,0.0,35.2557739951912,14.430869689661812,hard,0.16831790296516966,0.18545669336166185,0.28938588120289555,0.10611580901380827
0.0,0.0,46.241417367808545,0.11726802278532007,0.4194617031062772,0.7631513611335565,0.7631513611335565,0.3249615361854384,0.7631513611335565,0.0,39.0002102558435,14.430869689661812,hard,0.16842569227102902,0.18531490789167362,0.29013700321726105,0.10835879903415005
0.0,0.0,35.92413135628659,0.1181197089637433,0.41815469908363845,0.756042326857432,0.756042326857432,0.3249615361854384,0.756042326857432,0.0,31.127582623775975,14.430869689661812,hard,0.16850877082764573,0.18543964738466853,0.29087646188776406,0.11065836751875226
0.0,0.0,26.067148420736334,0.11920826095691632,0.41724962401673305,0.756042326857432,0.756042326857432,0.3249615361854384,0.756042326857432,0.0,26.2195423301018,14.430869689661812,hard,0.16854458112493748,0.18534530645524883,0.29231617731788256,0.11320875538242736
0.0,0.0,30.112857780672794,0.12044181620435866,0.4402827962638943,0.756042326857432,0.756042326857432,0.3469870314579494,0.756042326857432,0.0,29.71448131803751,14.430869689661812,hard,0.16849838828177313,0.18527174303116664,0.2936243988837949,0.11585974313311698
0.0,0.0,30.121830226228308,0.1217841550235944,0.4399400516173474,0.756042326857432,0.756042326857432,0.3469870314579494,0.756042326857432,0.0,29.609653831140953,14.430869689661812,hard,0.16849860506935868,0.18529304018594564,0.29476060764034584,0.11907590070282163
0.0,0.0,28.51461447706468,0.12303233472932254,0.4394449159152299,0.756042326857432,0.756042326857432,0.3469870314579494,0.756042326857432,0.0,28.56938221243155,14.430869689661812,hard,0.16845385364505333,0.18538878308802448,0.29601497731126,0.12254222874542987
0.0,0.0,26.193478429513913,0.12416343568201657,0.43524179280180103,0.756042326857432,0.756042326857432,0.3469870314579494,0.756042326857432,0.0,25.165659140980196,14.430869689661812,hard,0.16847640075596476,0.18550261104318544,0.2978958931843751,0.12658321530790134
0.0,0.0,36.56583896126104,0.1253994272766878,0.4336067670707924,0.756042326857432,0.756042326857432,0.3469870314579494,0.756042326857432,0.0,31.05881517379567,14.430869689661812,hard,0.16838786294017502,0.18555048793512513,0.2995888507949772,0.12986735035883093
0.0,0.0,35.62403427302505,0.12704153464152992,0.43308375874200994,0.756042326857432,0.756042326857432,0.3469870314579494,0.756042326857432,0.0,34.99042726232419,14.430869689661812,hard,0.16840780632963165,0.18579613237021647,0.30081237041815434,0.13312372009765927
0.0,0.0,22.0189785914603,0.1275416860664282,0.43047824831577014,0.756042326857432,0.756042326857432,0.3469870314579494,0.756042326857432,0.0,21.209705325628644,14.430869689661812,hard,0.1683456558676295,0.18592206167082448,0.30157741378783276,0.13556522746503508
0.0,0.0,25.019807169356845,0.12803140637714766,0.42879292121603857,0.756042326857432,0.756042326857432,0.3469870314579494,0.756042326857432,0.0,24.88,14.430869689661812,hard,0.16830604229368962,0.18613605642935666,0.30275807382020986,0.14005188011643446
0.0,0.0,32.960487326497514,0.1285288396444225,0.42625081045868124,0.756042326857432,0.756042326857432,0.3469870314579494,0.756042326857432,0.0,24.16298822579691,14.430869689661812,hard,0.16829098267307496,0.18616630716247817,0.3038668168646655,0.1437320495822923
0.0,0.0,24.713991461820427,0.12938114788429533,0.4245915788509613,0.756042326857432,0.756042326857432,0.3469870314579494,0.756042326857432,0.0,24.80261276559387,14.430869689661812,hard,0.16821383042675425,0.18626843210924499,0.30496945761418787,0.14664023718648495
0.0,0.0,20.427994236652232,0.1298788508727149,0.4227150573798251,0.756042326857432,0.756042326857432,0.3469870314579494,0.756042326857432,0.0,19.939117332520013,14.430869689661812,hard,0.16818103876204024,0.18607255912953746,0.30570611346322973,0.14824492427528002
0.0,0.0,22.373307968107365,0.13032062712493508,0.4212961507737928,0.756042326857432,0.756042326857432,0.3469870314579494,0.756042326857432,0.0,18.900793634130817,14.430869689661812,hard,0.16812699197564346,0.18580938070281078,0.30643503202153216,0.15018733676898233
0.0,0.0,26.6616948614751,0.13085885851497708,0.4207190415648927,0.756042326857432,0.756042326857432,0.3469870314579494,0.756042326857432,0.0,26.130472632541498,14.430869689661812,hard,0.16799549821818976,0.18553445517650086,0.3075480729223913,0.15188722892681603
0.0,0.0,25.35847681767344,0.13134076228610247,0.41987250076509497,0.756042326857432,0.756042326857432,0.3469870314579494,0.756042326857432,0.0,22.746648104720837,14.430869689661812,hard,0.16794052063733877,0.18540013470053118,0.30819418504262724,0.15545406770075232
0.0,0.0,23.052710600968066,0.13174156944028026,0.4187417930382004,0.756042326857432,0.756042326857432,0.3469870314579494,0.756042326857432,0.0,22.413611935607346,14.430869689661812,hard,0.1677533835044339,0.18538320455260965,0.30857443135017326,0.15685419307594306
0.0,0.0,29.25459758691288,0.13271190414501063,0.41805248918029103,0.756042326857432,0.756042326857432,0.3469870314579494,0.756042326857432,0.0,29.484646852217846,14.430869689661812,hard,0.16759165146901006,0.18548390564984438,0.3103947597002572,0.15818155666792064
0.0,0.0,37.37477258602484,0.13357178279732831,0.4220975168801822,0.8170679286326199,0.8170679286326199,0.36660605559646714,0.8170679286326199,0.0,35.24090804732477,14.430869689661812,hard,0.1674607323153828,0.1858266136922144,0.3123231288850796,0.15959887686546337
0.0,0.0,44.655283846867135,0.13393002942894547,0.4098080628320256,0.8863407922464136,0.8863407922464136,0.36660605559646714,0.8863407922464136,0.0,36.82034220373297,14.430869689661812,hard,0.16744922933408662,0.18599190875677843,0.3129391689383356,0.16046770844509128
0.0,0.0,35.98921954791798,0.13444133356148988,0.3977706092217347,0.9,0.9,0.36660605559646714,0.9,0.0,32.39520952239698,14.430869689661812,hard,0.16740347934384361,0.18614585614050924,0.3135914791088711,0.16172715166962565
0.0,0.0,28.984837468485804,0.1347863116646372,0.38671323176827505,0.9,0.9,0.36660605559646714,0.9,0.0,28.847765944696654,14.430869689661812,hard,0.16740347934384361,0.18624519368738396,0.31326964734970075,0.1630190436465137
0.0,0.0,44.311069182986614,0.13444837526254544,0.3732560270451475,0.8944271909999159,0.8944271909999159,0.36660605559646714,0.8944271909999159,0.0,38.50839389016374,14.430869689661812,hard,0.1674024291493633,0.18633103534229345,0.3107836904522749,0.16397952700556595
0.0,0.0,37.39202561491989,0.13484626456622684,0.36240825010233985,0.9156418513807676,0.9156418513807676,0.36660605559646714,0.9156418513807676,0.0,34.52028389222777,14.430869689661812,hard,0.1673912419976666,0.18653251012539238,0.3108016267377723,0.16565696083652426
0.0,0.0,45.12001549107768,0.13466373951882885,0.34702430097412,0.9130169768410663,0.9130169768410663,0.36660605559646714,0.9130169768410663,0.0,37.01178731161196,14.430869689661812,hard,0.16721862029730433,0.18658976219511159,0.3102419105853425,0.1674789747943089
0.0,0.0,40.43929473792139,0.1347254283393078,0.33417124560683725,0.9,0.9,0.36660605559646714,0.9,0.0,30.318601550863125,14.430869689661812,hard,0.1672172213889452,0.18652909258753506,0.3098199993399474,0.16947630913885603
0.0,0.0,37.213144867456656,0.13475006248524113,0.3219457052671086,0.9,0.9,0.36660605559646714,0.9,0.0,36.37858710835263,14.430869689661812,hard,0.167226131056176,0.18636530830294468,0.30950469770831635,0.17228365014479566
0.0,0.0,50.033506607827405,0.13610689311647658,0.3115958570024562,0.9,0.9,0.36660605559646714,0.9,0.0,50.47288777155514,14.430869689661812,hard,0.16723391679563815,0.1861893061806565,0.3112982075990473,0.1768125830177757
0.0,0.0,34.927909205722806,0.13710765743406123,0.30295152217232474,0.9,0.9,0.36660605559646714,0.9,0.0,34.373734158511205,14.430869689661812,hard,0.16724656184153422,0.18605363818052623,0.3130523842176158,0.17946916317333125
0.0,0.0,39.447153178362,0.13824238531347402,0.2950507602875947,0.9,0.9,0.36660605559646714,0.9,0.0,38.8916494893184,14.430869689661812,hard,0.16726566390469227,0.1855811428741734,0.314070272435427,0.18491175615078514
0.0,0.0,41.96057530391258,0.13858449615095994,0.288663077512828,0.9,0.9,0.36660605559646714,0.9,0.0,41.314094447294856,14.430869689661812,hard,0.1672830058627641,0.18459391908370892,0.3146470811771854,0.18908573866434827
0.0,0.0,55.23626273274397,0.13858287165870808,0.2821946665873849,0.9,0.9,0.36660605559646714,0.9,0.0,47.17584127495767,14.430869689661812,hard,0.16702953451999986,0.18298507088831215,0.3154447242915797,0.19304109970706115
0.0,0.0,35.043700112667686,0.13906488110235526,0.27643994620160395,0.9,0.9,0.36660605559646714,0.9,0.0,35.07749135841957,14.430869689661812,hard,0.16695692938151765,0.1823117354123358,0.3166364976292657,0.19676855418345499
0.0,0.0,40.77573532372275,0.13940663878165063,0.27034683345997795,0.9,0.9,0.36660605559646714,0.9,0.0,40.69808840719673,14.430869689661812,hard,0.16683269453840469,0.18179977950563517,0.317354133597798,0.20021681739157599
0.0,0.0,42.79164981749024,0.14083774685630673,0.2655952744015702,0.9,0.9,0.36660605559646714,0.9,0.0,40.23237005198675,14.430869689661812,hard,0.16673810723622626,0.18161399797317346,0.31888621352662133,0.20578415633712463
0.0,0.0,35.69239299576264,0.14166674129554366,0.26115708787971,0.9,0.9,0.36660605559646714,0.9,0.0,35.546482245082984,14.430869689661812,hard,0.16685286777743788,0.18159583501794077,0.320648440410643,0.20814879152275595
0.0,0.0,53.107488321467414,0.1421912784648286,0.2971020255988677,0.9,0.9,0.38418745424597095,0.9,0.0,50.87281788932081,14.430869689661812,hard,0.16694571637981617,0.18123457793484066,0.3226086614547393,0.2140911822852437
0.0,0.0,57.75571738703913,0.14334132247082862,0.2933721349056907,0.9,0.9,0.38418745424597095,0.9,0.0,53.2166289800472,14.430869689661812,hard,0.16705641550239886,0.1805082592520769,0.32516071194584656,0.2201673515825343
0.0,0.0,46.27517032590721,0.1449000486948508,0.2914180152310504,0.9,0.9,0.38418745424597095,0.9,0.0,44.688862147071944,14.430869689661812,hard,0.16715487716152938,0.18005655520052874,0.3280902454745694,0.2258241682751048
0.0,0.0,44.21981403007133,0.14628252147420318,0.2896609730882619,0.9,0.9,0.38418745424597095,0.9,0.0,40.044280490477036,14.430869689661812,hard,0.16724948713677507,0.17973071811242042,0.33044426056031606,0.23075556851818407
0.0,0.0,39.29814086036574,0.14721611774659904,0.2878330066329279,0.9,0.9,0.38418745424597095,0.9,0.0,39.34160139089409,14.430869689661812,hard,0.1672367948580495,0.17936413074277666,0.33250838983728237,0.23530568816695643
0.0,0.0,37.76445656547019,0.1484779889874458,0.3219395558002756,0.9,0.9,0.4,0.9,0.0,37.45343775943672,14.430869689661812,hard,0.16726067226958974,0.17918498956197312,0.33475294266982014,0.23950707992091563
0.0,0.0,37.583626325200306,0.14990253851746696,0.3502417045625877,0.9,0.9,0.41424630354415964,0.9,0.0,34.54819242739047,14.430869689661812,hard,0.16729747766138123,0.17918023278696224,0.3369240033248092,0.2446303443290221
0.0,0.0,33.58037467393396,0.15066416342673536,0.34529158720905223,0.9,0.9,0.41424630354415964,0.9,0.0,29.3110286411105,14.430869689661812,hard,0.16731924657721464,0.1791097768901425,0.33872010440522843,0.24814164378448447
0.0,0.0,52.428108727715795,0.15119769302608685,0.34097938423190716,0.9167333309092672,0.9167333309092672,0.41424630354415964,0.9167333309092672,0.0,49.317404635686174,14.430869689661812,hard,0.1673705554867333,0.17916594524162494,0.3391435435223594,0.2513181305317055
0.0,0.0,38.948190474773845,0.1518578330433446,0.3390791528638862,0.9526804291051644,0.9526804291051644,0.41424630354415964,0.9526804291051644,0.0,36.53325060817884,14.430869689661812,hard,0.16743161294180406,0.17937299637882384,0.3398273755640727,0.25418541451912496
0.0,0.0,44.384139525123274,0.1533651026521573,0.3910132116242562,0.9911609354691093,0.9911609354691093,0.47159304490206383,0.9911609354691093,0.0,41.95855097593338,14.430869689661812,hard,0.1675594705702111,0.17957408121066226,0.34115079462026476,0.25515383722179935
0.0,0.0,46.06982408187161,0.15396180334455664,0.3717614806589349,0.9433981132056604,0.9433981132056604,0.47159304490206383,0.9433981132056604,0.0,37.91468844656382,14.430869689661812,hard,0.16762737715055012,0.17963219443957792,0.3396558372394848,0.258566200660283
0.0,0.0,45.31372069487921,0.15441006698080997,0.36773472418434144,0.9079647570252933,0.9079647570252934,0.47159304490206383,0.9079647570252934,0.0,42.02237499237757,14.430869689661812,hard,0.1676813526358836,0.17964944714626468,0.33802146838578084,0.26160121995017227
0.0,0.0,40.80056149995295,0.15491819112712782,0.35913525132407903,0.8890444308357147,0.8890444308357147,0.47159304490206383,0.8890444308357147,0.0,38.70142116253614,14.430869689661812,hard,0.1677056021921888,0.17981330789839287,0.33643387105992106,0.26454866899805896
0.0,0.0,41.565349589791246,0.15529290091326836,0.35544800445113484,0.8692525524840292,0.8692525524840292,0.47159304490206383,0.8692525524840292,0.0,35.89961559682777,14.430869689661812,hard,0.16778644338189921,0.17978193639839254,0.3361244931021825,0.26654151311116975
0.0,0.0,39.783504725688715,0.15616981215965878,0.3513671314275943,0.8692525524840292,0.8692525524840292,0.47159304490206383,0.8692525524840292,0.0,39.666151817387075,14.430869689661812,hard,0.1678676056807512,0.17973535554121525,0.33548027933907787,0.2704494949724172
0.0,0.0,31.560145996139035,0.15725727853009053,0.34927989841559776,0.8692525524840292,0.8692525524840292,0.47159304490206383,0.8692525524840292,0.0,31.590182019102073,14.430869689661812,hard,0.1679176629544502,0.17977174347248354,0.3356795661701369,0.27378495474791714
0.0,0.0,37.93258797554227,0.15764986031060152,0.34784616962225345,0.8692525524840292,0.8692525524840292,0.47159304490206383,0.8692525524840292,0.0,30.756748852894056,14.430869689661812,hard,0.16793537125318822,0.1796900824495891,0.33464402223442286,0.27514485259858046
0.0,0.0,52.31476536101904,0.1572716307758646,0.3448660968481431,0.8692525524840292,0.8692525524840292,0.47159304490206383,0.8692525524840292,0.0,48.44563551033261,14.430869689661812,hard,0.1680462272426533,0.1793857768647809,0.3326557395200974,0.2763180338526964
0.0,0.0,44.4237723872195,0.15734564261658923,0.338897655322107,0.8692525524840292,0.8692525524840292,0.47159304490206383,0.8692525524840292,0.0,36.25865413939133,14.430869689661812,hard,0.16811732453650696,0.17925912181080988,0.33135269412725665,0.27795587383406317
0.0,0.0,35.72492091046328,0.1575532832347247,0.3330265332301215,0.8692525524840292,0.8692525524840292,0.47159304490206383,0.8692525524840292,0.0,27.095837318673137,14.430869689661812,hard,0.16812551741382906,0.1790916799546345,0.3304452179653579,0.27943735245853585
0.0,0.0,38.171863057153466,0.15780764564260974,0.32518301119701504,0.8692525524840292,0.8692525524840292,0.47159304490206383,0.8692525524840292,0.0,26.16351658321182,14.430869689661812,hard,0.16812152713440334,0.1790899900979674,0.3299035241338341,0.28118147678839955
0.0,0.0,37.62411528424283,0.15794334395278156,0.31684041765251875,0.8692525524840292,0.8692525524840292,0.47159304490206383,0.8692525524840292,0.0,30.8414072311884,14.430869689661812,hard,0.1681249821253095,0.17874877783841442,0.32929633443113704,0.283001935397356
0.0,0.0,42.652886849594005,0.15834624703945177,0.30860061817763534,0.8692525524840292,0.8692525524840292,0.47159304490206383,0.8692525524840292,0.0,32.6019876694658,14.430869689661812,hard,0.16812999587672225,0.17847415082442045,0.3289738984683179,0.2851937125108328
0.0,0.0,40.64420124590216,0.1584081269344614,0.29437881482463224,0.8692525524840292,0.8692525524840292,0.47159304490206383,0.8692525524840292,0.0,28.511758977656918,14.430869689661812,hard,0.1680842356993254,0.17809091650135608,0.32810328269893146,0.28684814907566747
0.0,0.0,39.481681427394285,0.15833786634711788,0.28136998929848933,0.8692525524840292,0.8692525524840292,0.47159304490206383,0.8692525524840292,0.0,32.414249952759974,14.430869689661812,hard,0.16803269961565057,0.17761847348621593,0.32757020381535973,0.28805202058811996
0.0,0.0,41.90047933554688,0.1585806864348075,0.270146322471076,0.8692525524840292,0.8692525524840292,0.47159304490206383,0.8692525524840292,0.0,35.945425300029484,14.430869689661812,hard,0.1679073519624759,0.17753209339634426,0.3276230057536306,0.2891692268758589
0.0,0.0,42.15185435490968,0.15895983483854903,0.2593284285171242,0.8692525524840292,0.8692525524840292,0.47159304490206383,0.8692525524840292,0.0,33.29930329601507,14.430869689661812,hard,0.1678781002568299,0.17751415419031788,0.3278530463318779,0.2907957552195885
0.0,0.0,46.15282771991669,0.1592233227448852,0.25061438978416245,0.8692525524840292,0.8692525524840292,0.47159304490206383,0.8692525524840292,0.0,32.69082440073973,14.430869689661812,hard,0.16789208262891123,0.17711276159271924,0.3281162376064789,0.2920097902659098
0.0,0.0,39.9566042531302,0.15978525156162587,0.24361515845661463,0.8692525524840292,0.8692525524840292,0.47159304490206383,0.8692525524840292,0.0,32.517496828630584,14.430869689661812,hard,0.16791467308669192,0.17708512257612177,0.3289552578067665,0.2933167342990361
0.0,0.0,43.75426179770282,0.16001758277820607,0.2366104923700472,0.8428523002282191,0.8428523002282191,0.47159304490206383,0.916515138991168,0.0,32.74089797180279,14.430869689661812,hard,0.16790280491724885,0.17624611690024955,0.3292172057753546,0.2949707495594876
0.0,0.0,49.92380550971019,0.16021747068867054,0.23112220630212252,0.8428523002282191,0.8428523002282191,0.47159304490206383,0.916515138991168,0.0,41.51929190147636,14.430869689661812,hard,0.16797318848942006,0.17633098062060695,0.3289814572360723,0.29735479213772764
0.0,0.0,40.87195897740629,0.16049012939171226,0.227266312400533,0.8428523002282191,0.8428523002282191,0.47159304490206383,0.916515138991168,0.0,33.85311802478466,14.430869689661812,hard,0.16799070300813548,0.176403988741241,0.3296420650825309,0.29918114681713665
0.0,0.0,44.22329577666818,0.16112887416208513,0.2682814361160085,0.8692525524840293,0.8692525524840293,0.5219195340279956,0.94,0.0,32.22572885133865,14.430869689661812,hard,0.16799070300813548,0.17652991959943432,0.3305224013979828,0.30189725409045826
0.0,0.0,61.31296292393677,0.16124654822443893,0.25978249640661755,0.873842090998139,0.873842090998139,0.5219195340279956,0.9425497334358544,0.0,55.29276263671404,14.430869689661812,hard,0.16802772513421613,0.17672539994288242,0.330375205171388,0.3041352089438944
0.0,0.0,61.12768035154774,0.16102797781409492,0.2511367292957175,0.8997777503361595,0.8997777503361595,0.5219195340279956,0.964157663455516,0.0,50.34879938985636,14.430869689661812,hard,0.16803906460762222,0.1763995877548709,0.32934606208155787,0.3055139534542336
0.0,0.0,47.89028358648753,0.16107427546862274,0.23290254439640443,0.9425497334358541,0.9425497334358541,0.5219195340279956,1.0017983829094554,0.0,41.08668397425132,14.430869689661812,hard,0.16806463419748582,0.17585408890488363,0.32833845334547374,0.30671875562734285
0.0,0.0,51.048389365888006,0.1602847004094187,0.21906714084828377,0.9184770002564028,0.9184770002564028,0.5219195340279956,0.977547952787995,0.0,44.43990999090794,14.430869689661812,hard,0.16809237848630182,0.1749798423512386,0.3256684104103872,0.306711152783133
0.0,0.0,57.51845512508567,0.16022557541990418,0.20600215332206326,0.9112628599915614,0.9112628599915614,0.5219195340279956,0.9682974749528164,0.0,51.301555531971935,14.430869689661812,hard,0.16831130688602833,0.17351428598058466,0.3248869080838625,0.3064081402211937
0.0,0.0,57.8154191855272,0.1601282179304493,0.19566604079879193,0.9112628599915614,0.9112628599915614,0.5219195340279956,0.9682974749528164,0.0,52.30810262282508,14.430869689661812,hard,0.16834331909825692,0.17239308856056385,0.3241750860085206,0.30720409530027737
0.0,0.0,46.206400957446284,0.1606005341866748,0.1855948911228347,0.9112628599915614,0.9112628599915614,0.5219195340279956,0.9682974749528164,0.0,41.70622975048212,14.430869689661812,hard,0.16834228400389453,0.17131367579773005,0.32388870440752243,0.3100010831780096
0.0,0.0,50.90296260684465,0.16099888013899485,0.1794828721839399,0.9112628599915614,0.9112628599915614,0.5219195340279956,0.9682974749528164,0.0,43.22657053248615,14.430869689661812,hard,0.16834226995010124,0.16968139066920618,0.3241427661579317,0.3122613210211926
0.0,0.0,51.33629626658244,0.1612880848459221,0.17462048261789756,0.9112628599915614,0.9112628599915614,0.5219195340279956,0.9682974749528164,0.0,42.951456319896764,14.430869689661812,hard,0.16834226995010124,0.16930969624688455,0.3237358100551753,0.31376104318608516
0.0,0.0,39.28476250574037,0.16170495988596767,0.17177975455441635,0.9112628599915614,0.9112628599915614,0.5219195340279956,0.9682974749528164,0.0,33.05934663601203,14.430869689661812,hard,0.16834630211607238,0.1689711899047485,0.3234379692351036,0.3149636253111464
0.0,0.0,45.77047131548218,0.16213514211987973,0.16914982955530172,0.9112628599915614,0.9112628599915614,0.5219195340279956,0.9682974749528164,0.0,40.409211821068716,14.430869689661812,hard,0.16834630211607238,0.16790182748452728,0.3235781912367891,0.31637954505107346
0.0,0.0,48.4011113020072,0.16310686578646935,0.16736889809049585,0.9112628599915614,0.9112628599915614,0.5219195340279956,0.9682974749528164,0.0,43.3548336405527,14.430869689661812,hard,0.16834630211607238,0.167294157562107,0.3254027966397283,0.3180799995476635
0.0,0.0,45.719181823236475,0.16364638958437105,0.16635495331645772,0.9112628599915614,0.9112628599915614,0.5219195340279956,0.9682974749528164,0.0,35.599573031147436,14.430869689661812,hard,0.1683503675502517,0.16675169478411897,0.3263956155447052,0.3197446612469193
0.0,0.0,39.65997904484125,0.1643170859469182,0.23133714830642663,0.9112628599915614,0.9112628599915614,0.530659966456864,0.9682974749528164,0.0,32.84798928397292,14.430869689661812,hard,0.1683503675502517,0.16658095383273433,0.3273431526947012,0.320660444646313
0.0,0.0,33.765813123394196,0.16446015304408876,0.23030892859925597,0.9112628599915614,0.9112628599915614,0.530659966456864,0.9682974749528164,0.0,25.037643659098592,14.430869689661812,hard,0.1683503675502517,0.16639364572960708,0.3276367108685478,0.32100041260269346
0.0,0.0,45.020117371436385,0.1649674156625407,0.22827914257879112,0.9112628599915614,0.9112628599915614,0.530659966456864,0.9682974749528164,0.0,39.30648801406709,14.430869689661812,hard,0.16835521301248227,0.16583254999283922,0.32830249150281765,0.32218013769193027
0.0,0.0,45.1109951987498,0.16549804503632295,0.2272400896465708,0.9112628599915614,0.9112628599915614,0.530659966456864,0.9682974749528164,0.0,37.98789807293897,14.430869689661812,hard,0.16835521301248227,0.1658553806346859,0.32824887961031446,0.32293577135326285
0.0,0.0,44.48874348484758,0.16654011239383668,0.22488594531831027,0.9112628599915614,0.9112628599915614,0.530659966456864,0.9682974749528164,0.0,38.5359883745052,14.430869689661812,hard,0.16835521301248227,0.16611346565638835,0.328653686066489,0.32623341810355594
0.0,0.0,41.276417832174964,0.16728557166669106,0.2236467906833983,0.9112628599915614,0.9112628599915614,0.530659966456864,0.9682974749528164,0.0,31.902106513520387,14.430869689661812,hard,0.16835521301248227,0.1659901488411949,0.32952709842445976,0.32797413444811324
0.0,0.0,36.56522131944185,0.16789338503808082,0.22125343510537215,0.9112628599915614,0.9112628599915614,0.530659966456864,0.9682974749528164,0.0,28.966214802766345,14.430869689661812,hard,0.16836500479349284,0.1658079635819866,0.330387321182011,0.32918889001789187
0.0,0.0,39.74669533964119,0.16835613746692474,0.21951079262257295,0.9112628599915614,0.9112628599915614,0.530659966456864,0.9682974749528164,0.0,29.746932614977297,14.430869689661812,hard,0.16837493103031825,0.1656913291209398,0.3301994938679162,0.3302725541591716
0.0,0.0,37.32374400143387,0.16884435886543075,0.21815280108429502,0.9112628599915614,0.9112628599915614,0.530659966456864,0.9682974749528164,0.0,29.880970533100157,14.430869689661812,hard,0.1683799445622431,0.165582855205863,0.33063321200147616,0.3310973352530358
0.0,0.0,32.05978685241139,0.16923563242614226,0.216729490204363,0.9112628599915614,0.9112628599915614,0.530659966456864,0.9682974749528164,0.0,22.57688198135429,14.430869689661812,hard,0.1683799445622431,0.16558164399525419,0.3310363566820484,0.33169738614846866
0.0,0.0,45.077901408044475,0.16984837909400063,0.21520789229036635,0.9112628599915614,0.9112628599915614,0.530659966456864,0.9682974749528164,0.0,36.66008183296922,14.430869689661812,hard,0.1683799445622431,0.16542175491929886,0.3319568938818985,0.33263146863912835
0.0,0.0,32.05667357079665,0.17028955371056426,0.21396251653614606,0.9112628599915614,0.9112628599915614,0.530659966456864,0.9682974749528164,0.0,22.072072852362552,14.430869689661812,hard,0.16838967994463525,0.16548165001075785,0.33258708358092925,0.3332602029932832
0.0,0.0,31.13511259793454,0.17086157656809375,0.21272312169740815,0.9112628599915614,0.9112628599915614,0.530659966456864,0.9682974749528164,0.0,20.72335880112102,14.430869689661812,hard,0.16838967994463525,0.16545967771741937,0.3333307931341918,0.33427555120127495
0.0,0.0,48.31166808149545,0.1713170841436995,0.21046043821915608,0.9042123644365853,0.9042123644365853,0.530659966456864,0.96,0.0,34.260180968582176,14.430869689661812,hard,0.16840924961825268,0.1655008309421902,0.3336428201272928,0.3336677035755468
0.0,0.0,43.63598932629818,0.17130370078856852,0.19908321300412832,0.8726969691708572,0.8726969691708572,0.530659966456864,0.928654941299512,0.0,32.0208432118831,14.430869689661812,hard,0.16840924961825268,0.1655893396211346,0.3317019868362566,0.33312840591593246
0.0,0.0,44.147747917840505,0.1701095711867193,0.17511231887013265,0.7999999999999999,0.8,0.530659966456864,0.8569714114251419,0.0,33.59683913703788,14.430869689661812,hard,0.16843885131443026,0.16532706978802694,0.3265256116686605,0.3323415238382825
0.0,0.0,46.39309126421549,0.16903561178343918,0.1541864376612629,0.7310266752998826,0.7310266752998826,0.530659966456864,0.7909487973314075,0.0,37.23705681172989,14.430869689661812,hard,0.16843885131443026,0.164635977063347,0.3218001207353118,0.33183633706676613
0.0,0.0,40.77563226630532,0.16821342579064366,0.13827934008044876,0.7310266752998826,0.7310266752998826,0.530659966456864,0.7909487973314075,0.0,33.59100474829534,14.430869689661812,hard,0.16843885131443026,0.16433107933504457,0.31942264610325755,0.33076457657626074
0.0,0.0,38.09716598513897,0.1675380010350574,0.12181593903226379,0.7310266752998826,0.7310266752998826,0.530659966456864,0.7909487973314075,0.0,30.538081144695386,14.430869689661812,hard,0.16843885131443026,0.16401270510372673,0.31658929986695195,0.3305002763969948
0.0,0.0,41.26288834941037,0.1674269502697172,0.10895576877231875,0.7310266752998826,0.7310266752998826,0.530659966456864,0.7909487973314075,0.0,34.75503416772886,14.430869689661812,hard,0.16843885131443026,0.16372881888755794,0.3144850816261699,0.3311548144693999
0.0,0.0,41.01290413628541,0.16732317923203363,0.09843014089226713,0.7310266752998826,0.7310266752998826,0.530659966456864,0.7909487973314075,0.0,30.164223842161093,14.430869689661812,hard,0.16843885131443026,0.16359669812084832,0.3123643728279778,0.33155322379737256
0.0,0.0,36.38186129482596,0.16735855516185344,0.0883551172364505,0.7310266752998826,0.7310266752998826,0.530659966456864,0.7909487973314075,0.0,28.6596859717618,14.430869689661812,hard,0.16843895253777602,0.16366765553610738,0.3107762394480594,0.33203197754633457
0.0,0.0,34.9268171544379,0.16754901230338073,0.08029246815579953,0.7310266752998826,0.7310266752998826,0.530659966456864,0.7909487973314075,0.0,27.455418408758586,14.430869689661812,hard,0.16843895253777602,0.16368945513768351,0.31004087595802066,0.3327801905909614
0.0,0.0,44.39539468048496,0.1675559887457239,0.0735675000923693,0.7310266752998826,0.7310266752998826,0.530659966456864,0.7909487973314075,0.0,32.778798025553044,14.430869689661812,hard,0.16843895253777602,0.16379648451009543,0.30839048339428093,0.3331522279988098
0.0,0.0,36.552045531591894,0.16764771798692227,0.06716871938480037,0.7310266752998826,0.7310266752998826,0.530659966456864,0.7909487973314075,0.0,29.299972696233013,14.430869689661812,hard,0.16843895253777602,0.1638832165080325,0.3072462789367379,0.33357480841403525
0.0,0.0,33.497708464246465,0.16763832371120804,0.061941552136266904,0.7310266752998826,0.7310266752998826,0.530659966456864,0.7909487973314075,0.0,24.66171121394458,14.430869689661812,hard,0.16843895253777602,0.16380201921807194,0.3062499825033888,0.3340868383608287
0.0,0.0,37.20118509954864,0.16768683147010244,0.05968701303362881,0.7310266752998826,0.7310266752998826,0.530659966456864,0.7909487973314075,0.0,29.253027193779452,14.430869689661812,hard,0.16843895253777602,0.16363206497443175,0.30581704138502297,0.3348400122925542
0.0,0.0,31.69354662741156,0.16795099902457927,0.05782088220477139,0.7310266752998826,0.7310266752998826,0.530659966456864,0.7909487973314075,0.0,20.548829650371818,14.430869689661812,hard,0.16841693013202438,0.16367055579208917,0.3055461570831158,0.3358068956397329
0.0,0.0,33.87849096962179,0.16825137225942946,0.057645620516538945,0.7310266752998826,0.7310266752998826,0.530659966456864,0.7909487973314075,0.0,25.745220915735022,14.430869689661812,hard,0.1684115083622673,0.1634158998016888,0.3055105633784776,0.33687531678567206
0.0,0.0,37.21581698022543,0.1686701335381752,0.0560921056544784,0.7310266752998826,0.7310266752998826,0.530659966456864,0.7909487973314075,0.0,25.605124487102188,14.430869689661812,hard,0.1684115083622673,0.16342748564053355,0.30526198315043196,0.3379811576824443
0.0,0.0,36.80439681829722,0.16865854207228081,0.055870877627134656,0.7310266752998826,0.7310266752998826,0.530659966456864,0.7909487973314075,0.0,29.076450952617996,14.430869689661812,hard,0.1683642220797479,0.16285179472576367,0.304317188534841,0.33924861148894536
0.0,0.0,35.74773521765135,0.16869979220859077,0.05530965249896083,0.7310266752998826,0.7310266752998826,0.530659966456864,0.7909487973314075,0.0,28.024053953701983,14.430869689661812,hard,0.16829607077854136,0.1622653495455401,0.30368439728875474,0.34023525238582825
0.0,0.0,36.91115009096693,0.16879321657288573,0.0546148061549667,0.7399999999999999,0.74,0.530659966456864,0.806225774829855,0.0,24.284348869179095,14.430869689661812,hard,0.16692208891890065,0.16174561258623998,0.3030043935540967,0.34113976116799005
0.0,0.0,36.647143264443066,0.16877466487051676,0.05366176965594326,0.7399999999999999,0.74,0.530659966456864,0.806225774829855,0.0,28.639664802507728,14.430869689661812,hard,0.1660004540622544,0.1610558710503571,0.30262059980745826,0.34217426258478006
0.0,0.0,36.88465973693298,0.16875698208406473,0.17435511564578876,0.7399999999999999,0.74,0.5385164807134504,0.806225774829855,0.0,26.449506611655348,14.430869689661812,hard,0.16530771879050762,0.1607326893322241,0.30199934617116775,0.3431857494354164
0.0,0.0,31.9733481092902,0.1686327198232215,0.17323825105016125,0.7578918128598566,0.7578918128598566,0.5385164807134504,0.8207313811473277,0.0,20.294048388628624,14.430869689661812,hard,0.1651050028253701,0.16048139148966886,0.30091939637384624,0.34409503098806105
0.0,0.0,33.35299443259752,0.16852823551115487,0.1720445301172408,0.7748548251124207,0.7748548251124207,0.5385164807134504,0.8345058418010027,0.0,22.19708088916198,14.430869689661812,hard,0.16489366904150793,0.16017836647517827,0.2999260582567673,0.3450797121408906
0.0,0.0,43.86750621133494,0.16833283518175743,0.17170248098323515,0.7810249675906655,0.7810249675906655,0.5385164807134504,0.8364209466530592,0.0,34.186716718632105,14.430869689661812,hard,0.16471724214830671,0.15997831014560657,0.2980905485675303,0.34656796569137344
0.0,0.0,42.97904503893005,0.1688937999120655,0.17049986536938216,0.7959899496852959,0.7959899496852959,0.5385164807134504,0.848528137423857,0.0,36.36715551153265,14.430869689661812,hard,0.16445598245103776,0.1594888796438694,0.2977949284038168,0.3481384772718149
0.0,0.0,42.85560580849538,0.1693610323118515,0.17007089539965295,0.7851114570556209,0.7851114570556209,0.5385164807134504,0.8364209466530593,0.0,35.24758715146329,14.430869689661812,hard,0.16407658835644226,0.1594427509341606,0.2974954293053754,0.3487526181611187
0.0,0.0,45.150927191226415,0.16946754742685552,0.16901671748942515,0.7851114570556209,0.7851114570556209,0.5385164807134504,0.8364209466530593,0.0,33.200728907661045,14.430869689661812,hard,0.1637860445970661,0.15910455484819555,0.2966080181666996,0.34995923234291315
0.0,0.0,38.96968363254524,0.1696765699613609,0.16795079494557252,0.7851114570556209,0.7851114570556209,0.5385164807134504,0.8364209466530593,0.0,30.021299105801532,14.430869689661812,hard,0.16348818241575433,0.15894146754762456,0.2956852570019389,0.3514085213961597
0.0,0.0,38.824282620020945,0.17002950497821814,0.16784941520806929,0.7851114570556209,0.7851114570556209,0.5385164807134504,0.8364209466530593,0.0,31.094694081145096,14.430869689661812,hard,0.16306966665490252,0.15885882738939303,0.29511259900991066,0.3529550992937728
0.0,0.0,31.685255519095264,0.17015586224077633,0.16730028740465863,0.7851114570556209,0.7851114570556209,0.5385164807134504,0.8364209466530593,0.0,21.462674577041884,14.430869689661812,hard,0.1630924955357713,0.1588264007659622,0.29465671830791607,0.3541017157828477
0.0,0.0,37.990217963698555,0.17051280779019357,0.1669824528345437,0.7851114570556209,0.7851114570556209,0.5385164807134504,0.8364209466530593,0.0,29.917219122104246,14.430869689661812,hard,0.1631181979895011,0.1588305612130136,0.29490866127801646,0.35509227424808515
0.0,0.0,35.531986749046524,0.1706090938220099,0.16534267575902695,0.7851114570556209,0.7851114570556209,0.5385164807134504,0.8364209466530593,0.0,27.484366465319876,14.430869689661812,hard,0.16321180466557278,0.15890253592950399,0.2943383796231981,0.3562406523324306
0.0,0.0,32.89457185571303,0.1709181629081473,0.16436772344625747,0.7851114570556209,0.7851114570556209,0.5385164807134504,0.8364209466530593,0.0,23.214271472523105,14.430869689661812,hard,0.16332847157743072,0.15895278853503877,0.29420724846026264,0.35771392003882435
0.0,0.0,35.81748634806726,0.17096778858878903,0.22542858925708872,0.7851114570556209,0.7851114570556209,0.581033561853358,0.8364209466530593,0.0,27.888528107449485,14.430869689661812,hard,0.16344166567867907,0.15918075773878837,0.29270014574263986,0.35866537924353287
0.0,0.0,52.791274722391094,0.1710119769606147,0.2174040181695357,0.7851114570556209,0.7851114570556209,0.581033561853358,0.8364209466530593,0.0,41.08525769664832,14.430869689661812,hard,0.1636050088710802,0.15946840816058533,0.2917396550795507,0.3594024551575608
0.0,0.0,53.9701970461825,0.17095868485300766,0.20905049897345382,0.7851114570556209,0.7851114570556209,0.581033561853358,0.8364209466530593,0.0,38.74068146019117,14.430869689661812,hard,0.1636050088710802,0.1595593591129786,0.2901787830215855,0.3600411284635851
0.0,0.0,47.82080939192518,0.17094281239711653,0.20200576010988458,0.7851114570556209,0.7851114570556209,0.581033561853358,0.8364209466530593,0.0,34.28600297497508,14.430869689661812,hard,0.16392352838661944,0.1596392731617005,0.2887118551259725,0.3607635176227978
0.0,0.0,49.5546187500156,0.17103816209948092,0.19789441634636523,0.7851114570556209,0.7851114570556209,0.581033561853358,0.8364209466530593,0.0,28.25631964711611,14.430869689661812,hard,0.16397043049812368,0.15966418839334046,0.28773930574965173,0.36131027546265715
0.0,0.0,40.93793954885256,0.17095869972008396,0.18966817883586512,0.7851114570556209,0.7851114570556209,0.581033561853358,0.8364209466530593,0.0,22.56400673639325,14.430869689661812,hard,0.16397043049812368,0.1596791773295937,0.28670169505889936,0.36163081332859803
0.0,0.0,42.832270486654764,0.17073394150742693,0.18825966192176458,0.7851114570556209,0.7851114570556209,0.581033561853358,0.8364209466530593,0.0,25.71633721975196,14.430869689661812,hard,0.16397043049812368,0.15969355495710408,0.2856522074125433,0.3615214492683586
0.0,0.0,43.26027845561378,0.17071556285801867,0.18037515090850503,0.7851114570556209,0.7851114570556209,0.581033561853358,0.8364209466530593,0.0,25.87864756899016,14.430869689661812,hard,0.16397836739673127,0.15971364785279615,0.285056988386465,0.36159346494086536
0.0,0.0,43.670760755455234,0.17039099281473705,0.17864563179869583,0.7851114570556209,0.7851114570556209,0.581033561853358,0.8364209466530593,0.0,27.000266665349805,14.430869689661812,hard,0.16397836739673127,0.1594064852852969,0.2841622017962162,0.3615090305854601
0.0,0.0,39.94979423300485,0.17022413308136253,0.17757184796664582,0.7851114570556209,0.7851114570556209,0.581033561853358,0.8364209466530593,0.0,19.619062159032985,14.430869689661812,hard,0.16397836739673127,0.15933328172415845,0.2837538092225354,0.36137051198390674
0.0,0.0,42.27114073781781,0.16976645285205577,0.17416966427810734,0.7959899496852959,0.7959899496852959,0.581033561853358,0.893532316147547,0.0,24.223096416436942,14.430869689661812,hard,0.16196520870831974,0.15935234254206124,0.28332122062327764,0.3610639851125712
0.0,0.0,46.494003553974046,0.1693352781698203,0.170718865505903,0.7959899496852959,0.7959899496852959,0.581033561853358,0.893532316147547,0.0,26.71659409430775,14.430869689661812,hard,0.1608681488544147,0.15863492603634086,0.2829007640744388,0.36076740185374323
0.0,0.0,46.108361931362985,0.16883095232287218,0.2303232301476255,0.8101851640211638,0.8101851640211638,0.5868560300448484,0.9035485598461214,0.0,29.754972693652398,14.430869689661812,hard,0.15969130407263837,0.1571941041857585,0.28261672966711865,0.36028715506445774
0.0,0.0,48.771016603704716,0.16834813449365502,0.2175931437269802,0.7959899496852959,0.7959899496852959,0.5868560300448484,0.9346657156438338,0.0,31.113861862520377,14.430869689661812,hard,0.15867565194342112,0.15527954099178823,0.2824648869749162,0.35972761574410195
0.0,0.0,51.4276045048627,0.1669744161518908,0.19076883904335232,0.7851114570556209,0.7851114570556209,0.5868560300448484,0.9526804291051644,0.0,35.59058864362881,14.430869689661812,hard,0.15672596356933474,0.15308111843009395,0.28212143573797926,0.35716449735948713
0.0,0.0,51.57391177695464,0.16537337995621015,0.17011000221184921,0.7735631842325487,0.7735631842325487,0.5868560300448484,0.928654941299512,0.0,39.839176698320465,14.430869689661812,hard,0.15523391135492232,0.150723605329612,0.28165325757673937,0.354215030549876
0.0,0.0,56.15390624639606,0.16360958432835268,0.15093065413715678,0.7345747068882783,0.7345747068882783,0.5868560300448484,0.9219544457292888,0.0,42.47083234409234,14.430869689661812,hard,0.15416318680207036,0.14899755720758465,0.27966689215592755,0.3508918583457352
0.0,0.0,51.94652146056865,0.1616760273155422,0.13153859996180522,0.7345747068882783,0.7345747068882783,0.5868560300448484,0.9079647570252934,0.0,37.338885896609185,14.430869689661812,hard,0.15264754309425738,0.1461438526196924,0.2761980800703766,0.34815422824531855
0.0,0.0,50.62711216539469,0.1597314830168838,0.11364500394440279,0.7345747068882783,0.7345747068882783,0.5868560300448484,0.9079647570252934,0.0,34.070215731632814,14.430869689661812,hard,0.1516459544517882,0.14445419483506053,0.27230743346232844,0.34604197075643783
0.0,0.0,47.4670969719538,0.1582913822701731,0.09753603975834936,0.7345747068882783,0.7345747068882783,0.5868560300448484,0.9079647570252934,0.0,29.03515111033521,14.430869689661812,hard,0.15090806990140399,0.14380998135671613,0.2695706954697022,0.34417052052515534
0.0,0.0,51.69679256308359,0.15603691097456412,0.0804786463564053,0.6916646586316233,0.6916646586316233,0.5868560300448484,0.8662563131083085,0.0,39.058545799863055,14.430869689661812,hard,0.15007809330591185,0.1400106115410246,0.26403394303340477,0.3422189878238545
0.0,0.0,47.639058840147804,0.15416162184001064,0.06415854564538573,0.6916646586316233,0.6916646586316233,0.5868560300448484,0.8662563131083085,0.0,32.5228781014227,14.430869689661812,hard,0.14994926776496703,0.1377857805110552,0.25991110101746245,0.34072808196688675
0.0,0.0,46.96930045330469,0.15230038147396133,0.047750346328789606,0.6916646586316233,0.6916646586316233,0.5868560300448484,0.8662563131083085,0.0,33.10480931828486,14.430869689661812,hard,0.14931593191803794,0.13606141361314827,0.2552853662226269,0.33985435224480925
0.0,0.0,44.74702551165247,0.15066956866800135,0.03258358310494257,0.6916646586316233,0.6916646586316233,0.5868560300448484,0.8662563131083085,0.0,30.108928908215915,14.430869689661812,hard,0.14917404873368068,0.1344020876589583,0.25136492745300454,0.33885228384802707
0.0,0.0,54.3990583510645,0.14879528829471203,0.03099611844062818,0.6916646586316233,0.6916646586316233,0.5868560300448484,0.8662563131083085,0.0,38.9497111670934,14.430869689661812,hard,0.1481397398040381,0.13342057803815816,0.24651788941349145,0.33729113190478877
0.0,0.0,43.481818172231876,0.14734253222447222,0.03099611844062818,0.6916646586316233,0.6916646586316233,0.5868560300448484,0.8662563131083085,0.0,27.968725391050622,14.430869689661812,hard,0.1480463654895036,0.13242931924224957,0.24301374378127333,0.3360542980819482
0.0,0.0,51.82815700480542,0.14559566267256618,0.03099611844062818,0.6916646586316233,0.6916646586316233,0.5868560300448484,0.8662563131083085,0.0,40.1032866483534,14.430869689661812,hard,0.14728573858394303,0.13142928468147985,0.23746168340752477,0.3353222956155396
0.0,0.0,59.08825850805491,0.14401620939937432,0.03099611844062818,0.6916646586316233,0.6916646586316233,0.5868560300448484,0.8662563131083085,0.0,34.66136177359453,14.430869689661812,hard,0.14703875857265955,0.13043996752541168,0.2326607189820819,0.334091213851913
0.0,0.0,54.11525791808677,0.1431159657884251,0.03099611844062818,0.6916646586316233,0.6916646586316233,0.5868560300448484,0.8662563131083085,0.0,34.830653166427986,14.430869689661812,hard,0.14593271397893204,0.12949915452830388,0.23072117111087995,0.3331539976443519
0.0,0.0,51.95574970308762,0.14207450362306695,0.03099611844062818,0.6916646586316233,0.6916646586316233,0.5868560300448484,0.8662563131083085,0.0,31.96498083841127,14.430869689661812,hard,0.14567763622354624,0.12842688502832178,0.22748827904700294,0.33224335113183323
0.0,0.0,54.15040544826703,0.14136587748990143,0.03099611844062818,0.6916646586316233,0.6916646586316233,0.5868560300448484,0.8662563131083085,0.0,31.15789466571835,14.430869689661812,hard,0.1456787606788826,0.12763004968826638,0.22460872957613476,0.3315708145913023
0.0,0.0,49.59496016203585,0.14104342331391065,0.03099611844062818,0.6916646586316233,0.6916646586316233,0.5868560300448484,0.8662563131083085,0.0,25.949366080889146,14.430869689661812,hard,0.14437372333136544,0.12727687291588266,0.2235012893083831,0.3310821569206721
0.0,0.0,48.94755508777381,0.14067345629794512,0.03099611844062818,0.6916646586316233,0.6916646586316233,0.5868560300448484,0.8662563131083085,0.0,24.257526666995545,14.430869689661812,hard,0.1439909061382459,0.12707870040660166,0.22189173881533072,0.3304891185693667
0.0,0.0,49.500287324666104,0.14040797962611973,0.03099611844062818,0.6916646586316233,0.6916646586316233,0.5868560300448484,0.8662563131083085,0.0,25.79289824738585,14.430869689661812,hard,0.142853651081657,0.1266866036101308,0.2206695639835611,0.3300709234891602
0.0,0.0,58.26704395131481,0.14014281607450427,0.03099611844062818,0.6916646586316233,0.6916646586316233,0.5868560300448484,0.8662563131083085,0.0,40.232767739741696,14.430869689661812,hard,0.14242414352407892,0.12635390757081097,0.21892188585776812,0.32941932596935525
0.0,0.0,52.45449922955815,0.13993706523563124,0.03099611844062818,0.6916646586316234,0.6916646586316234,0.5868560300448484,0.938083151964686,0.0,30.927502323983425,14.430869689661812,hard,0.14194840449337945,0.1261397690754485,0.2170071534020124,0.329107046377605
0.0,0.0,49.293647895826666,0.13970744114101616,0.03099611844062818,0.6779380502671317,0.6779380502671317,0.5868560300448484,0.9610411021387171,0.0,25.17408190977379,14.430869689661812,hard,0.14137659342071843,0.12370974114161817,0.21608394469721456,0.32900346788193524
0.0,0.0,52.424278818987844,0.1396047690473841,0.15261552392175481,0.7592101158440923,0.7592101158440923,0.5919459434779497,0.9848857801796105,0.0,29.07738640249498,14.430869689661812,hard,0.1407330976398468,0.12360656756482688,0.21488574070076094,0.3279795575337792
0.0,0.0,49.20558945156217,0.1395857840877933,0.14984339160274324,0.7592101158440923,0.7592101158440923,0.5919459434779497,0.9848857801796105,0.0,25.106501150100545,14.430869689661812,hard,0.14023434859683798,0.12362374223506856,0.2138718656311469,0.32722543289388245
0.0,0.0,53.50255432197113,0.13942419006150056,0.14943316361462525,0.754983443527075,0.754983443527075,0.5919459434779497,0.9635351576356723,0.0,27.145717894356746,14.430869689661812,hard,0.1396054292478882,0.12371629498857298,0.21302428137145193,0.3252393980821234
0.0,0.0,52.09343605442873,0.13942330115951734,0.14636632748603032,0.7838367176906169,0.7838367176906169,0.5919459434779497,0.9591663046625439,0.0,29.039256188821366,14.430869689661812,hard,0.13913162906047183,0.12384242596017017,0.21252305745463695,0.3241063540445624
0.0,0.0,56.74223117409169,0.13921524900588647,0.14605904653787619,0.766550715869472,0.766550715869472,0.5919459434779497,0.9357350052231668,0.0,32.376219668145325,14.430869689661812,hard,0.13884056724790467,0.12401507905005707,0.21168082414318568,0.32193616477286713
0.0,0.0,49.61623361321829,0.1393562202108681,0.14465514558076867,0.7838367176906169,0.7838367176906169,0.5919459434779497,0.9329523031752481,0.0,26.55346305098452,14.430869689661812,hard,0.13855638306148252,0.12407834476232417,0.2110744800969876,0.322018063815675
0.0,0.0,49.09344469857677,0.13925811086317053,0.14353826487779622,0.7838367176906169,0.7838367176906169,0.5919459434779497,0.9329523031752481,0.0,24.3537348265107,14.430869689661812,hard,0.13854129679723076,0.12404936223413784,0.21055541590740715,0.3212926408388979
0.0,0.0,49.11138355039464,0.13925387604061948,0.143333149702549,0.7838367176906169,0.7838367176906169,0.5919459434779497,0.9329523031752481,0.0,25.006151243244137,14.430869689661812,hard,0.13848134573747906,0.12405170960303102,0.210384443523673,0.3206831431317921
0.0,0.0,49.42820360450674,0.13925481053258296,0.2662807024844548,0.7838367176906169,0.7838367176906169,0.6324555320336759,0.9329523031752481,0.0,25.93953738986106,14.430869689661812,hard,0.138466456535825,0.12406775951145835,0.20997310988894807,0.3196807837838789
0.0,0.0,58.1290710105437,0.13928956035416307,0.2589370640871922,0.7838367176906169,0.7838367176906169,0.6324555320336759,0.9329523031752481,0.0,36.1819015531246,14.430869689661812,hard,0.1383779502361104,0.12410034622397179,0.20958233788756037,0.3186484900970507
0.0,0.0,53.1937177901109,0.13908209943968422,0.25063843339160485,0.7838367176906169,0.7838367176906169,0.6324555320336759,0.9329523031752481,0.0,33.84664828310183,14.430869689661812,hard,0.13796704337024304,0.12417337879584796,0.20907739830573396,0.316983867413105
0.0,0.0,51.74882756247786,0.13911155708340378,0.3268346498187782,0.7838367176906169,0.7838367176906169,0.6954135460285485,0.9329523031752481,0.0,31.23667716003096,14.430869689661812,hard,0.137557285765661,0.12433544554114388,0.208427413480198,0.3163763142136338
0.0,0.0,51.72123535666288,0.13940720060669543,0.31798570845634255,0.7838367176906169,0.7838367176906169,0.6954135460285485,0.9329523031752481,0.0,31.50913518330835,14.430869689661812,hard,0.13671487268224466,0.12442122829789927,0.2083842930860263,0.3157218809237692
0.0,0.0,58.14534381225899,0.13859978607427964,0.31720084158360995,0.7838367176906169,0.7838367176906169,0.6954135460285485,0.9329523031752481,0.0,41.876007450567684,14.430869689661812,hard,0.13634991557476261,0.12447853323442702,0.2056334590626135,0.31503540259518786
0.0,0.0,61.849755942516744,0.13804594992142513,0.31581754104690474,0.7838367176906169,0.7838367176906169,0.6954135460285485,0.9329523031752481,0.0,35.48985770611091,14.430869689661812,hard,0.13618858617482835,0.12448182788781918,0.2043930247230637,0.3141184799146354
0.0,0.0,54.72715494777186,0.1376927067899447,0.3146154380758817,0.7838367176906169,0.7838367176906169,0.6954135460285485,0.9329523031752481,0.0,24.714724356140408,14.430869689661812,hard,0.1361284369944982,0.1243416811077017,0.20347852675171454,0.3136778491410329
0.0,0.0,58.69761384954198,0.13697793322193344,0.3132709537439352,0.7838367176906169,0.7838367176906169,0.6954135460285485,0.9329523031752481,0.0,31.208518067989065,14.430869689661812,hard,0.13611161547842826,0.12382715484093487,0.20208224705428837,0.3127168581672639
0.0,0.0,54.40170245897579,0.13628771289936917,0.34825343105748596,0.7838367176906169,0.7838367176906169,0.6974238309665077,0.9329523031752481,0.0,27.64086829316329,14.430869689661812,hard,0.1360321983461057,0.12315803442576248,0.20046366022313578,0.312148035685364
0.0,0.0,61.39037707094173,0.1356999173782765,0.3466708871391605,0.7838367176906169,0.7838367176906169,0.6974238309665077,0.9329523031752481,0.0,31.72446374645283,14.430869689661812,hard,0.13602243916282,0.12291273032382113,0.1988872938121759,0.3117616759638906
0.0,0.0,61.48550512909284,0.13516026023206001,0.34570806998913967,0.7838367176906169,0.7838367176906169,0.6974238309665077,0.9329523031752481,0.0,28.5012280437177,14.430869689661812,hard,0.13592142068673263,0.12216872560366439,0.1972070654916724,0.31145137567147047
0.0,0.0,62.141798586563006,0.13459514446164378,0.3442137365493512,0.7838367176906169,0.7838367176906169,0.6974238309665077,0.9329523031752481,0.0,33.95397473050836,14.430869689661812,hard,0.1359179493004493,0.12087788151635293,0.19595003446900272,0.3110738126449766
0.0,0.0,63.060791721278825,0.13382552784932417,0.34360859474525257,0.8002499609497024,0.8002499609497024,0.6974238309665077,0.9718024490605074,0.0,33.992563892710415,14.430869689661812,hard,0.13494702416398813,0.11795824518227889,0.1953587016876861,0.3110220161542255
0.0,0.0,57.932619969400434,0.13360061570210088,0.34188044290358166,0.8002499609497024,0.8002499609497024,0.6974238309665077,0.9718024490605074,0.0,24.27126696322217,14.430869689661812,hard,0.1343483720104943,0.11644340117067069,0.19495220934478935,0.3110982635519078
0.0,0.0,59.16490159753912,0.13270370275256774,0.34037616182850033,0.84,0.84,0.6974238309665077,0.988736567544662,0.0,25.997915301039043,14.430869689661812,hard,0.13400117225523026,0.1153466232448118,0.194266873046397,0.3104183006994882
0.0,0.0,64.39986753235856,0.13110599680902518,0.339005669118354,0.84,0.84,0.6974238309665077,0.988736567544662,0.0,39.181776376269625,14.430869689661812,hard,0.1335919954484728,0.11396023655123781,0.1909718918274335,0.3100922490331738
0.0,0.0,60.21843723810715,0.13003547695981083,0.3373333792235159,0.8487638069569178,0.8487638069569178,0.6974238309665077,0.9848857801796104,0.0,29.800006711408635,14.430869689661812,hard,0.13339849461441136,0.11341616389301676,0.1893433044958399,0.3095029838933417
0.0,0.0,63.77613923073946,0.12846119666337766,0.3349781367713223,0.8569714114251419,0.8569714114251419,0.6974238309665077,0.980612053770501,0.0,35.94849649150852,14.430869689661812,hard,0.1333567794636383,0.11210462793787045,0.18757307976116075,0.3080420971678706
0.0,0.0,64.30740774501412,0.1271802642741208,0.3227243777047518,0.9097252332435327,0.9097252332435327,0.6974238309665077,0.9856977224281286,0.0,39.30008142485204,14.430869689661812,hard,0.13339219967120694,0.11164356021682968,0.1852066753565089,0.30608721473068473
0.0,0.0,58.26170385450072,0.12617862523050136,0.3522242744793241,0.9024411338142782,0.9024411338142782,0.72691127381545,1.0,0.0,25.810083300911682,14.430869689661812,hard,0.1333775396338856,0.11061045973728799,0.1840673345809865,0.3041042560089025
0.0,0.0,60.02796582058958,0.12490765158960623,0.346958421283121,0.8874683092933517,0.8874683092933517,0.72691127381545,0.9734474818910366,0.0,28.570761277921875,14.430869689661812,hard,0.13311600791860223,0.10759824386784182,0.18272844247411402,0.3014456373682458
0.0,0.0,58.55453954725206,0.12408119555490149,0.3419259052699281,0.8874683092933517,0.8874683092933517,0.72691127381545,0.9734474818910366,0.0,25.577333715616255,14.430869689661812,hard,0.13296141174208867,0.10557399612620706,0.18147924722479078,0.29961266944544906
0.0,0.0,59.21101895102093,0.12259667457893879,0.33585314884498707,0.8717797887081347,0.8717797887081347,0.72691127381545,0.9457272334029511,0.0,27.073943192671443,14.430869689661812,hard,0.132522512831015,0.10393461281256293,0.18042871286557605,0.2955422105132297
0.0,0.0,60.40395569348172,0.12123522315442017,0.3326259034397743,0.8717797887081347,0.8717797887081347,0.72691127381545,0.9457272334029511,0.0,27.341726353688788,14.430869689661812,hard,0.13172570969090075,0.10258274418727298,0.179072104646642,0.29309919460604095
0.0,0.0,57.47876569423517,0.12008253350629068,0.32906882797642195,0.8717797887081347,0.8717797887081347,0.72691127381545,0.9457272334029511,0.0,22.035426022657244,14.430869689661812,hard,0.13101214250811505,0.10105098981706068,0.1776358514473354,0.29128039073154627
0.0,0.0,57.20145628317772,0.11907142813811221,0.32562042639699756,0.8717797887081347,0.8717797887081347,0.72691127381545,0.9457272334029511,0.0,20.88338095232666,14.430869689661812,hard,0.1301523295512558,0.09972606869395495,0.17611928954132916,0.2897545677552343
0.0,0.0,58.371719937880364,0.1181290445390901,0.3196925370986289,0.8717797887081347,0.8717797887081347,0.72691127381545,0.9457272334029511,0.0,22.049036260118037,14.430869689661812,hard,0.129271506708152,0.09835473086692911,0.17487675635948968,0.28833636093732823
0.0,0.0,57.512172662819644,0.11733950090956709,0.3169449177119743,0.8717797887081347,0.8717797887081347,0.72691127381545,0.9457272334029511,0.0,19.87183937133148,14.430869689661812,hard,0.1288566910647738,0.09678902143805636,0.17348468946014325,0.28732937757601995
0.0,0.0,59.250374245138524,0.11636583470468581,0.3148070082533184,0.8717797887081347,0.8717797887081347,0.72691127381545,0.9457272334029511,0.0,25.843227352635356,14.430869689661812,hard,0.12835454882379405,0.09499565260748663,0.172452073932052,0.2855261260798187
0.0,0.0,58.60426739692919,0.11535302623375497,0.31339455681979034,0.8717797887081347,0.8717797887081347,0.72691127381545,0.9457272334029511,0.0,24.677609284531595,14.430869689661812,hard,0.127953453634665,0.09361099331496656,0.17091081304207598,0.2834963621383736
0.0,0.0,58.785784869825285,0.11474381958347356,0.3114591375670984,0.8717797887081347,0.8717797887081347,0.72691127381545,0.9457272334029511,0.0,25.217422548706278,14.430869689661812,hard,0.1278312934010637,0.09231591882585827,0.17030418395859045,0.28217044329437935
0.0,0.0,59.658457183900886,0.11429471456536952,0.30867790758519836,0.8717797887081347,0.8717797887081347,0.72691127381545,0.9457272334029511,0.0,24.48055554925174,14.430869689661812,hard,0.1278312934010637,0.09160908154148195,0.16986586254792335,0.280551692235597
0.0,0.0,60.145136939528676,0.11386151851153821,0.3063706737495252,0.8717797887081347,0.8717797887081347,0.72691127381545,0.9457272334029511,0.0,25.897343493107552,14.430869689661812,hard,0.12780084592228122,0.09103890446319575,0.16957091416211215,0.2790734278915383
0.0,0.0,60.989001539415526,0.11278906726777603,0.30558049705399126,0.8717797887081347,0.8717797887081347,0.72691127381545,0.9457272334029511,0.0,31.078610007527686,14.430869689661812,hard,0.1270560360007242,0.08947700884137902,0.16725521274937968,0.27746960843648827
0.0,0.0,66.87930335155005,0.11133239560297108,0.3051412051582074,0.8717797887081347,0.8717797887081347,0.72691127381545,0.9457272334029511,0.0,42.83223085481306,14.430869689661812,hard,0.12546434796891243,0.08434610687833655,0.1648896861697634,0.27628038688615725
0.0,0.0,61.3067580084556,0.11029259341692091,0.34003264983343756,0.8717797887081347,0.8717797887081347,0.72773621594641,0.9457272334029511,0.0,32.726753581741036,14.430869689661812,hard,0.12479319036067892,0.08269192585329739,0.16248038902945783,0.2749787678040014
0.0,0.0,59.08029472627392,0.1094921108699693,0.3372000959251035,0.8717797887081347,0.8717797887081347,0.72773621594641,0.9457272334029511,0.0,25.654231619754274,14.430869689661812,hard,0.12412160139579458,0.08173597360883772,0.1602557356791694,0.27400952017642244
0.0,0.0,59.74454888544751,0.10898587111433755,0.3352564586382632,0.8717797887081347,0.8717797887081347,0.72773621594641,0.9457272334029511,0.0,28.250904410301626,14.430869689661812,hard,0.12364810674891594,0.0804029736541681,0.15887266937248906,0.27301088262144
0.0,0.0,59.839656276284074,0.10834823251610314,0.32091591784988294,0.8874683092933516,0.8874683092933516,0.72773621594641,0.98,0.0,28.36045838839704,14.430869689661812,hard,0.1234289693423878,0.07921285648364282,0.1570910705259193,0.2721724650934096
0.0,0.0,60.546637927131094,0.10776393905125704,0.3179092326100479,0.8874683092933516,0.8874683092933516,0.72773621594641,0.98,0.0,27.957317467883072,14.430869689661812,hard,0.12309472366850574,0.07803875721924339,0.15602686689580225,0.27062548634530503
0.0,0.0,60.25424485565895,0.10706422761887786,0.3157941066780424,0.8874683092933516,0.8874683092933516,0.72773621594641,0.98,0.0,28.810754936308072,14.430869689661812,hard,0.12245070250335399,0.07445459968326623,0.15451577072520098,0.26975905331000766
0.0,0.0,58.13359904922292,0.10674190883874146,0.34906678945810726,0.9008884503644167,0.9008884503644167,0.7280109889280518,0.9643650760992956,0.0,20.581826935430197,14.430869689661812,hard,0.12211925633207522,0.07302841000625292,0.15347562866427386,0.26943794165031526
0.0,0.0,56.393714832460816,0.10676322921032369,0.3366898747138273,0.9068627239003707,0.9068627239003707,0.7280109889280518,0.9558242516278818,0.0,15.126466871017833,14.430869689661812,hard,0.12211925633207522,0.07303748342977438,0.15291199327593843,0.26945906726021956
0.0,0.0,58.29422246557622,0.10673097643787768,0.32405764669702875,0.9123595782365634,0.9123595782365634,0.7280109889280518,0.9467840302835699,0.27999999999999997,19.83960685094339,14.430869689661812,hard,0.12211925633207522,0.07303586048107762,0.15210853869978377,0.2697024648942378
0.0,0.0,61.421885458060665,0.10643454830800907,0.31871278963097155,0.9173875952943772,0.9173875952943772,0.7280109889280518,0.9372299611087985,0.27999999999999997,25.848984506165813,14.430869689661812,hard,0.1214851328237574,0.06947186868359932,0.1513333980413969,0.2694560789025261
0.0,0.0,58.98903101623467,0.106316068785735,0.3136604400913666,0.9173875952943772,0.9173875952943772,0.7280109889280518,0.9372299611087985,0.27999999999999997,24.26211037811839,14.430869689661812,hard,0.12122237899539445,0.0678812979552677,0.15101827851173252,0.2690185844315332
0.0,0.0,62.49633546961803,0.10608288073683088,0.3096813938708241,0.9340235543068494,0.9340235543068494,0.7280109889280518,0.9271461589199407,0.27999999999999997,32.949027299754995,14.430869689661812,hard,0.11964532177323628,0.06604707910239818,0.15016230280878612,0.26941459112895205
0.0,0.0,63.17467286057789,0.10560410515203124,0.2970990775547866,0.9173875952943773,0.9173875952943773,0.7280109889280518,0.8944271909999159,0.27999999999999997,34.64101615137755,14.430869689661812,hard,0.11906091923441305,0.06515387292127597,0.14906845854196443,0.26858976257967465
0.0,0.0,58.989794918856845,0.10517452397943745,0.2894662235860804,0.9173875952943773,0.9173875952943773,0.7280109889280518,0.8944271909999159,0.6209669878504009,26.507546095404606,14.430869689661812,hard,0.11859572942531531,0.06436427527861581,0.14727266302905961,0.26813078488142555
0.0,0.0,59.26465316107545,0.1044564455436774,0.28155816156874713,0.9173875952943773,0.9173875952943773,0.7280109889280518,0.8944271909999159,0.6209669878504009,27.627348768928222,14.430869689661812,hard,0.11808420700887946,0.0636465246955796,0.14451188662800726,0.2670059572797197
0.0,0.0,63.624869097330595,0.10393503082186888,0.27664766971061244,0.9173875952943773,0.9173875952943773,0.7280109889280518,0.8944271909999159,0.748598690888516,24.441677520170337,14.430869689661812,hard,0.1175770433946574,0.06274622924436274,0.14205649616499136,0.26628158422128706
0.0,0.0,62.76169505160085,0.10351710319129019,0.2717306829746103,0.9173875952943773,0.9173875952943773,0.7280109889280518,0.8944271909999159,0.748598690888516,20.66575911985814,14.430869689661812,hard,0.11726710961922036,0.06217080399147108,0.14031601287189183,0.26567122969731705
0.0,0.0,63.2035183661204,0.10323181257604108,0.26848584262186587,0.9173875952943773,0.9173875952943773,0.7280109889280518,0.8944271909999159,0.748598690888516,20.498156014627266,14.430869689661812,hard,0.11698527367287968,0.061724264142905445,0.1394505810428626,0.26511303800434755
0.0,0.0,62.80324190440804,0.10287158579852927,0.2660416564947967,0.9173875952943773,0.9173875952943773,0.7280109889280518,0.8944271909999159,0.748598690888516,19.053650568854252,14.430869689661812,hard,0.11683051308922064,0.061373264765397874,0.13842182139092937,0.2642638301223173
0.0,0.0,63.80708007339287,0.10240264252341892,0.2634128541346682,0.9173875952943773,0.9173875952943773,0.7280109889280518,0.8944271909999159,0.748598690888516,22.57291297108107,14.430869689661812,hard,0.11654226853139012,0.06129452901253197,0.13630759612347873,0.2634190618919997
0.0,0.0,63.3633011040697,0.1022773319843315,0.2604104072495715,0.9173875952943773,0.9173875952943773,0.7280109889280518,0.8944271909999159,0.748598690888516,20.265280654360552,14.430869689661812,hard,0.11636725775218455,0.06127391540622311,0.1354317439561943,0.2628720214460027
0.0,0.0,62.04152861828043,0.10216325720061023,0.2593881551028202,0.9173875952943773,0.9173875952943773,0.7280109889280518,0.8944271909999159,0.748598690888516,10.459521977604904,14.430869689661812,hard,0.11635796628833689,0.06127695641176064,0.1351622931168345,0.26229161696458564
0.0,0.0,64.1449345178647,0.10191156291240155,0.25798381930287767,0.9173875952943773,0.9173875952943773,0.7280109889280518,0.8944271909999159,0.748598690888516,22.17039467397908,14.430869689661812,hard,0.11635796628833689,0.061298452635968614,0.13465221020766,0.26117833772452637
0.0,0.0,62.90403164344504,0.10119634976014967,0.2551295167932535,0.9173875952943773,0.9173875952943773,0.7280109889280518,0.8944271909999159,0.748598690888516,17.722121769133626,14.430869689661812,hard,0.11632697445396421,0.06130088590241663,0.13212781364683,0.2597229018740516
0.0,0.0,62.68673711198363,0.1006269435098002,0.2524944106975288,0.9173875952943773,0.9173875952943773,0.7280109889280518,0.8944271909999159,0.748598690888516,18.04509905763889,14.430869689661812,hard,0.1162482784317584,0.06130365265651748,0.13001481410738283,0.25842178387869275
0.0,0.0,62.263689631409086,0.10030306128943928,0.3254699767044332,0.9551963149007643,0.9551963149007643,0.8059776671843955,0.94847245611035,0.748598690888516,16.459951397255097,14.430869689661812,hard,0.11617487610691062,0.06131202824058396,0.128519143273683,0.25768655855649003
0.0,0.0,62.029258348297006,0.09992454769972076,0.32314572611576153,0.9551963149007643,0.9551963149007643,0.8059776671843955,0.94847245611035,0.748598690888516,14.18423068058328,14.430869689661812,hard,0.1161552727110218,0.06132725351342068,0.12718909916545837,0.2566408185924229
0.0,0.0,62.00269711393667,0.09961673559742966,0.32181449532235534,0.9551963149007643,0.9551963149007643,0.8059776671843955,0.94847245611035,0.748598690888516,12.633748454041658,14.430869689661812,hard,0.11614813012861555,0.061346558680962004,0.12624594430553226,0.2557785354121468
0.0,0.0,63.18712267819572,0.09894518370801669,0.3202116434116269,0.9551963149007643,0.9551963149007643,0.8059776671843955,0.94847245611035,0.748598690888516,20.05222182203259,14.430869689661812,hard,0.11614580056422906,0.06140164634259316,0.1224039124621149,0.2550746993470621
0.0,0.0,66.59556854337659,0.09832859064922667,0.31940614067485645,0.9911609354691093,0.9911609354691093,0.8059776671843955,0.9583318840568751,0.7000000000000001,20.808892329963168,14.430869689661812,hard,0.11614144574760693,0.06142853335847995,0.11816068754406692,0.25475817521644983
0.0,0.0,62.60699489762796,0.09786777929633837,0.31780996264721295,0.9911609354691093,0.9911609354691093,0.8059776671843955,0.9583318840568751,0.7000000000000001,15.425900297875646,14.430869689661812,hard,0.11614144574760693,0.06144159089554222,0.11631898313777445,0.2543236758336038
0.0,0.0,65.29251716401482,0.09717149178655782,0.3158301939816228,0.9911609354691093,0.9911609354691093,0.8059776671843955,0.9583318840568751,0.7000000000000001,23.556740012149387,14.430869689661812,hard,0.11614089177445756,0.06144137724746423,0.11293829806886962,0.2537698349849611
0.0,0.0,63.784684706533106,0.0966275554434729,0.3136524841382074,0.9911609354691093,0.9911609354691093,0.8059776671843955,0.9583318840568751,0.7000000000000001,20.72289555057401,14.430869689661812,hard,0.11614522752654835,0.06143261440322969,0.11074132414575019,0.2533241437888555
0.0,0.0,66.449664250541,0.0962155506281737,0.31303282515294134,0.9911609354691093,0.9911609354691093,0.8059776671843955,0.9583318840568751,0.7000000000000001,25.279564869672896,14.430869689661812,hard,0.11614664994273034,0.06143219670559017,0.10875172026244086,0.25321285375617203
0.0,0.0,63.88273509852476,0.09608136230548514,0.3117925879529024,1.019803902718557,1.019803902718557,0.8059776671843955,1.0166612021711068,0.0,20.768254620935288,14.430869689661812,hard,0.11367543768424626,0.06143219670559017,0.10696988086114947,0.25326052094140333
0.0,0.0,63.229645688955614,0.09584027735976791,0.3101875600043733,1.019803902718557,1.019803902718557,0.8059776671843955,1.0166612021711068,0.0,15.409555477040861,14.430869689661812,hard,0.11367616407198282,0.06143219670559017,0.10568821365606856,0.25311115289808106
0.0,0.0,63.146907713679134,0.09560053029782298,0.30785619101524436,1.019803902718557,1.019803902718557,0.8059776671843955,1.0166612021711068,0.0,17.277835512586638,14.430869689661812,hard,0.11367616407198282,0.061431862397224576,0.10416774225456464,0.2533146002509021
0.0,0.0,64.78566626950123,0.09530010384174295,0.3069996740230848,1.0254754994635416,1.0254754994635416,0.8059776671843955,1.004987562112089,0.0,16.51878930188287,14.430869689661812,hard,0.11367616407198282,0.06143510496829381,0.10354139224790443,0.25281570487613114
0.0,0.0,61.94743329327313,0.095159687961029,0.3063566513634581,1.0254754994635416,1.0254754994635416,0.8059776671843955,1.004987562112089,0.0,10.927030703718186,14.430869689661812,hard,0.11367616407198282,0.06143593809819759,0.10272994812478174,0.25276433309120616
0.0,0.0,62.20733282294662,0.0949074776180939,0.30508449112910135,1.0254754994635416,1.0254754994635416,0.8059776671843955,1.004987562112089,0.0,15.244999180059013,14.430869689661812,hard,0.1133561843893695,0.06143593809819759,0.10186665331110728,0.25251976407100063
0.0,0.0,63.25437023953042,0.09470723992530607,0.3040129016130845,1.0254754994635416,1.0254754994635416,0.8059776671843955,1.004987562112089,0.0,18.21455461986375,14.430869689661812,hard,0.1133561843893695,0.06143593809819759,0.10135029161217254,0.2523474790772643
0.0,0.0,62.45178554635523,0.0946954645134587,0.30326917292645095,1.0254754994635416,1.0254754994635416,0.8059776671843955,1.004987562112089,0.0,14.597602542883537,14.430869689661812,hard,0.11331435167055742,0.06143593809819759,0.10149075090381675,0.2524886667177506
0.0,0.0,62.0650208399925,0.09469989668533776,0.30202406532640674,1.0254754994635416,1.0254754994635416,0.8059776671843955,1.004987562112089,0.0,13.941535066125251,14.430869689661812,hard,0.11299534339833309,0.06143593809819759,0.10160610270720977,0.25282336753537527
0.0,0.0,61.88097271626318,0.09475827411344996,0.3004500619057217,1.0254754994635416,1.0254754994635416,0.8059776671843955,1.004987562112089,0.0,12.563184309720208,14.430869689661812,hard,0.11289709089996842,0.06143593809819759,0.10171360647311815,0.2532251106791153
0.0,0.0,62.03391376706287,0.0947964268959429,0.29939292253966976,1.0254754994635416,1.0254754994635416,0.8059776671843955,1.004987562112089,0.0,13.005475769844026,14.430869689661812,hard,0.11289709089996842,0.06143593809819759,0.10169371261222929,0.2535742347688534
0.0,0.0,61.838567533580616,0.0948461347512677,0.2982712079673067,1.0254754994635416,1.0254754994635416,0.8059776671843955,1.004987562112089,0.0,11.031319050775387,14.430869689661812,hard,0.11289709089996842,0.06143593809819759,0.10148284000961597,0.2539184969017756
0.0,0.0,61.96049869152015,0.09490360544640579,0.2957454477369501,1.0254754994635416,1.0254754994635416,0.8059776671843955,1.004987562112089,0.0,11.459424069297725,14.430869689661812,hard,0.11289709089996842,0.06143593809819759,0.10122187363575998,0.25431139896429006
0.0,0.0,61.87007236837964,0.0949745947090372,0.3328634725191068,1.0254754994635416,1.0254754994635416,0.8052328855678959,1.004987562112089,0.0,11.05305387664423,14.430869689661812,hard,0.11289709089996842,0.06143593809819759,0.10089470214197153,0.25466535533890833
0.0,0.0,61.9974065275555,0.09505923562091881,0.3319214017117797,1.0254754994635416,1.0254754994635416,0.8052328855678959,1.004987562112089,0.0,12.142833277287473,14.430869689661812,hard,0.11289709089996842,0.06143593809819759,0.10055666578702213,0.2551111424541443
0.0,0.0,61.95627090302989,0.09510005506454595,0.33061545479622423,1.0254754994635416,1.0254754994635416,0.8052328855678959,1.004987562112089,0.0,9.502610167738125,14.430869689661812,hard,0.11289709089996842,0.06143593809819759,0.10038906848290587,0.2551855549828373
0.0,0.0,62.19569560959835,0.09517572506492533,0.330144578537495,1.0254754994635416,1.0254754994635416,0.8052328855678959,1.004987562112089,0.0,12.11493293419324,14.430869689661812,hard,0.11289709089996842,0.06143593809819759,0.1002059698446559,0.2555640896090749
0.0,0.0,61.95787641008828,0.09521542313246546,0.3289601664216611,1.0254754994635416,1.0254754994635416,0.8052328855678959,1.004987562112089,0.0,9.496609921440387,14.430869689661812,hard,0.11289709089996842,0.06143593809819759,0.10011162246657845,0.2557311593442638
0.0,0.0,62.321887950820624,0.09523353137084022,0.32784021579021455,1.0254754994635416,1.0254754994635416,0.8052328855678959,1.004987562112089,0.0,8.73340712437019,14.430869689661812,hard,0.11289709089996842,0.06143593809819759,0.10005135340003808,0.25575089838517606
0.0,0.0,62.18711606417058,0.09523353137084022,0.32575958264445204,1.0254754994635416,1.0254754994635416,0.8052328855678959,1.004987562112089,0.0,8.650641594702671,14.430869689661812,hard,0.11289709089996842,0.06143593809819759,0.10005135340003808,0.25575089838517606
0.0,0.0,62.788076194966735,0.09523353137084022,0.3238142692289225,1.0254754994635416,1.0254754994635416,0.8052328855678959,1.004987562112089,0.0,8.660254037844387,14.430869689661812,hard,0.11289709089996842,0.06143593809819759,0.10005135340003808,0.25575089838517606
0.0,0.0,62.20173130129676,0.0952347309641829,0.32286051584769454,1.0254754994635416,1.0254754994635416,0.8052328855678959,1.004987562112089,0.0,8.650919026323157,14.430869689661812,hard,0.11289709089996842,0.06143593809819759,0.10005135340003808,0.2557642003662804
0.0,0.0,62.64859330628367,0.09528200605054483,0.32168042934042584,1.0897706180660223,1.0897706180660223,0.8052328855678959,1.095627673984187,0.0,10.125137036109685,14.430869689661812,hard,0.11235494592957762,0.06143593809819759,0.10005135340003808,0.2557977719891117
0.0,0.0,62.21083268347891,0.09530664178118155,0.3202460761798124,1.0897706180660223,1.0897706180660223,0.8052328855678959,1.095627673984187,0.0,9.165500531885861,14.430869689661812,hard,0.11212145938442991,0.06143593809819759,0.10004491220570656,0.2557977719891117
0.0,0.0,63.39252644914417,0.09531778813468197,0.31941703258651083,1.0897706180660223,1.0897706180660223,0.8052328855678959,1.095627673984187,0.0,8.720756847888834,14.430869689661812,hard,0.11201647271354126,0.06143593809819759,0.10004491220570656,0.2557977719891117
0.0,0.0,62.960583427310866,0.09532051622595647,0.3178805177795693,1.077032961426901,1.077032961426901,0.8052328855678959,1.1019981851164729,0.0,8.653900854527974,14.430869689661812,hard,0.11200357008070443,0.06143593809819759,0.10004491220570656,0.2558344494640663
0.0,0.0,62.63094116820124,0.09532618131035404,0.3481944489783433,1.0712609392673664,1.0712609392673664,0.8039900496896711,1.1079711187571633,0.0,8.641782223592537,14.430869689661812,hard,0.11195245073368909,0.06143593809819759,0.10004491220570656,0.2558344494640663
0.0,0.0,65.5963898822329,0.09533675905739046,0.3743003252987353,1.0712609392673664,1.0712609392673664,0.8022468448052631,1.1079711187571633,0.0,8.63900457228725,14.430869689661812,hard,0.11195245073368909,0.06143593809819759,0.10004191153708601,0.2558413076650707
0.0,0.0,65.76573537836013,0.09529085332342332,0.37253974371501597,1.077032961426901,1.077032961426901,0.8022468448052631,1.0954451150103324,0.0,9.071030812426999,14.430869689661812,hard,0.11195245073368909,0.06143593809819759,0.10004191153708601,0.2556527880493291
0.0,0.0,65.37860722801848,0.09529085332342332,0.37075742294673497,1.077032961426901,1.077032961426901,0.8022468448052631,1.0954451150103324,0.0,8.653900854527974,14.430869689661812,hard,0.11195245073368909,0.06143593809819759,0.10004191153708601,0.2556527880493291
0.0,0.0,41.316022513316945,0.09529085332342332,0.36843934055646915,1.077032961426901,1.077032961426901,0.8022468448052631,1.0954451150103324,0.0,8.653900854527974,14.430869689661812,hard,0.11195245073368909,0.06143593809819759,0.10004191153708601,0.2556527880493291
