step,timestamp,reward,coverage,cov_trace,altitude,alt_idx,loop_closures,altitude_changes,frontier_count,new_cells,map_seed,difficulty,cov_alt0,cov_alt1,cov_alt2,cov_alt3
0.0,0.0,29.701480644600927,0.007856230289541593,0.007494017528907363,0.0,0.0,0.0,0.0,0.0,29.70202013331753,14.430869689661812,hard,0.029303101185558057,0.015621607185819838,0.0,0.0
0.0,0.0,33.70302812296169,0.008971156776201916,0.02118626285197392,0.0,0.0,0.0,0.0,0.0,34.06149732469199,14.430869689661812,hard,0.03218487262749526,0.016527357337515012,0.0,0.0
0.0,0.0,36.49099864084158,0.009855422936351528,0.043859279284255065,0.0,0.0,0.0,0.0,0.0,35.894846426750455,14.430869689661812,hard,0.03240130512859954,0.0186356876411192,0.0,0.0
0.0,0.0,48.59100575315846,0.011799107428257849,0.07204678431365662,0.0,0.0,0.0,0.0,0.0,48.67487647647399,14.430869689661812,hard,0.03389884648449606,0.02285925985558361,0.0,0.0
0.0,0.0,46.781387070357276,0.014096618791733054,0.10306797382112752,0.0,0.0,0.0,0.0,0.0,45.94693025654706,14.430869689661812,hard,0.03862990575837166,0.027321232130806877,0.0,0.0
0.0,0.0,43.686767142627545,0.01616178121221978,0.13634313952741864,0.0,0.0,0.0,0.0,0.0,43.086164832809146,14.430869689661812,hard,0.0425735823380243,0.030503692087843003,0.0,0.0
0.0,0.0,50.38049136015255,0.0188867577223145,0.16486708641326228,0.0,0.0,0.0,0.0,0.0,50.05806228770746,14.430869689661812,hard,0.050038008645704575,0.03351503932024625,0.0,0.0
0.0,0.0,38.96748060584736,0.021454344731675342,0.19738317935742314,0.0,0.0,0.0,0.0,0.0,38.49935064387451,14.430869689661812,hard,0.05630587497634118,0.03756067825773853,0.0,0.0
0.0,0.0,34.58858806964315,0.02382159800896908,0.23055448159480213,0.0,0.0,0.0,0.0,0.0,34.199935672454124,14.430869689661812,hard,0.061738403114345676,0.04152752071023986,0.0,0.0
0.0,0.0,40.579769583549734,0.026770127208272498,0.26490277582074767,0.0,0.0,0.0,0.0,0.0,40.207586348847144,14.430869689661812,hard,0.06804548047109679,0.04692888649557795,0.0,0.0
0.0,0.0,32.29746921649725,0.02922400336647432,0.29690315580666726,0.0,0.0,0.0,0.0,0.0,31.37925429324285,14.430869689661812,hard,0.07307474062978776,0.051446828986469136,0.0,0.0
0.0,0.0,35.984878404488846,0.03155300781932029,0.3275612854221883,0.0,0.0,0.0,0.0,0.0,34.67679339269996,14.430869689661812,hard,0.07829353103072385,0.05546265333896832,0.0,0.0
0.0,0.0,43.95281016483917,0.034505552899753225,0.36006745324321454,0.0,0.0,0.0,0.0,0.0,40.97912151327795,14.430869689661812,hard,0.0844641483012737,0.06081345391163019,0.0,0.0
0.0,0.0,32.11413644985896,0.03676135522230005,0.3928733651893774,0.0,0.0,0.0,0.0,0.0,27.89825084122659,14.430869689661812,hard,0.08945744295204838,0.0647934682971241,0.0,0.0
0.0,0.0,35.532875736051416,0.038963447960013754,0.4262626600276894,0.0,0.0,0.0,0.0,0.0,29.69730627514893,14.430869689661812,hard,0.09480455085295372,0.06824011190236065,0.0,0.0
0.0,0.0,43.174448745873924,0.04165843084848476,0.4589231613260668,0.0,0.0,0.0,0.0,0.0,35.49213433987874,14.430869689661812,hard,0.10007260762641133,0.07382591703564577,0.0,0.0
0.0,0.0,31.183936976890614,0.04412008982783575,0.4885616216775642,0.0,0.0,0.0,0.0,0.0,30.201695316654,14.430869689661812,hard,0.10486815226209815,0.07893678163948643,0.0,0.0
0.0,0.0,30.906367799298064,0.04568174618050568,0.5150191664202968,0.0,0.0,0.0,0.0,0.0,29.965980711466795,14.430869689661812,hard,0.10761841856663311,0.08253606183980977,0.0,0.0
0.0,0.0,42.38137036647125,0.048090385750963166,0.5434962491692221,0.0,0.0,0.0,0.0,0.0,34.77427209878016,14.430869689661812,hard,0.11263182412206792,0.08732256761605064,0.0,0.0
0.0,0.0,21.129074161738657,0.04888106363536773,0.5643135957905124,0.0,0.0,0.0,0.0,0.0,20.040718549992164,14.430869689661812,hard,0.11377034418472112,0.08941706839115564,0.0,0.0
0.0,0.0,65.9073630235194,0.04806913404873298,0.56854445453715,0.3,0.3,0.0,0.3,0.0,59.55736730245889,14.430869689661812,hard,0.1144738845931513,0.08821610375895432,0.015375265857605337,0.0
0.0,0.0,61.50142136506352,0.04787998847914618,0.5792581185241247,0.3469870314579494,0.3469870314579494,0.0,0.3469870314579494,0.0,58.10448863900275,14.430869689661812,hard,0.11456706945865931,0.0885225502746197,0.022218395031969283,0.0
0.0,0.0,56.57051596846676,0.0479934038582,0.5937396790456069,0.38418745424597095,0.38418745424597095,0.0,0.38418745424597095,0.0,52.70742262717842,14.430869689661812,hard,0.11567013598554558,0.08866604475354514,0.027839754584454708,0.0
0.0,0.0,69.36585952685958,0.04710916657506641,0.6018603987935452,0.4270831300812525,0.4270831300812525,0.0,0.4270831300812525,0.0,65.30465220793998,14.430869689661812,hard,0.11495729434303761,0.08795688750128985,0.03444009379569826,0.0
0.0,0.0,61.02503706339854,0.04697892139967314,0.6103728880301486,0.448998886412873,0.448998886412873,0.0,0.448998886412873,0.0,57.823832456868516,14.430869689661812,hard,0.1145265975242604,0.08883920428537231,0.04028525004447048,0.0
0.0,0.0,45.944787162657825,0.04756688561146659,0.6233445434695366,0.448998886412873,0.448998886412873,0.0,0.448998886412873,0.0,45.66338139034383,14.430869689661812,hard,0.11392276790338715,0.09025437428554407,0.044933857463095604,0.0
0.0,0.0,40.79359482356338,0.04849235439942659,0.6380059078055038,0.448998886412873,0.448998886412873,0.0,0.448998886412873,0.0,38.56288889593206,14.430869689661812,hard,0.11301871528672884,0.0919449552066008,0.0491649847680672,0.0
0.0,0.0,33.16082348917565,0.04943689971716555,0.6522773257033632,0.448998886412873,0.448998886412873,0.0,0.448998886412873,0.0,32.61469607400934,14.430869689661812,hard,0.11280337256323414,0.09348242159276224,0.05209780016242747,0.0
0.0,0.0,53.60397370282321,0.049749888803561515,0.6701221686354817,0.448998886412873,0.448998886412873,0.0,0.448998886412873,0.0,53.00377345057614,14.430869689661812,hard,0.1121292319071176,0.09421259311841196,0.05440684181321782,0.0
0.0,0.0,31.729739536256517,0.05003469816121193,0.6875723951416415,0.448998886412873,0.448998886412873,0.0,0.448998886412873,0.0,30.9431801856241,14.430869689661812,hard,0.11183749817859188,0.09425152812900771,0.05616900103319369,0.0
0.0,0.0,35.65934788073921,0.05107972929581497,0.7039227447772014,0.448998886412873,0.448998886412873,0.0,0.448998886412873,0.0,35.83830911189868,14.430869689661812,hard,0.11339421471919475,0.09555950550067538,0.05828298458742481,0.0
0.0,0.0,37.06136980961118,0.052136856787571455,0.7235675435356634,0.448998886412873,0.448998886412873,0.0,0.448998886412873,0.0,32.15629953834863,14.430869689661812,hard,0.1142017683447931,0.09715525747013942,0.06125412963045069,0.0
0.0,0.0,28.77781764269816,0.05325834286081312,0.7468166747938791,0.448998886412873,0.448998886412873,0.0,0.448998886412873,0.0,27.921575886758248,14.430869689661812,hard,0.11521961666572243,0.09918971097515684,0.06343559045163277,0.0
0.0,0.0,33.861084684208066,0.05436292909971748,0.7640718288679451,0.448998886412873,0.448998886412873,0.0,0.448998886412873,0.0,25.034863690461748,14.430869689661812,hard,0.11555293212455148,0.10158138838598146,0.06543663158977835,0.0
0.0,0.0,40.999512642873505,0.05582475726908098,0.7792802690208942,0.448998886412873,0.448998886412873,0.0,0.448998886412873,0.0,40.63220889885264,14.430869689661812,hard,0.11575907073372657,0.10410192626655748,0.0687649828749937,0.0
0.0,0.0,33.6377213262655,0.05700316722568569,0.7956605015600667,0.448998886412873,0.448998886412873,0.0,0.448998886412873,0.0,29.464969031037523,14.430869689661812,hard,0.11665408402232513,0.10585826559332182,0.07136066312840186,0.0
0.0,0.0,45.10124776536445,0.059174428185288556,0.8147760669004356,0.448998886412873,0.448998886412873,0.0,0.448998886412873,0.0,38.92832387863623,14.430869689661812,hard,0.11982290934439853,0.10920617680715443,0.07451587779305507,0.0
0.0,0.0,28.810348286948646,0.06019955152999436,0.835811464711965,0.448998886412873,0.448998886412873,0.0,0.448998886412873,0.0,28.08023504175134,14.430869689661812,hard,0.12155544242911502,0.1105273779246093,0.07663991019676822,0.0
0.0,0.0,27.00383906735925,0.06172668007090984,0.8591620057512169,0.448998886412873,0.448998886412873,0.0,0.448998886412873,0.0,23.277663112950147,14.430869689661812,hard,0.12311502446098734,0.112857099098564,0.07904951317136141,0.0
0.0,0.0,35.93127950013254,0.06283612134658066,0.8809835720960982,0.448998886412873,0.448998886412873,0.0,0.448998886412873,0.0,27.99096997247505,14.430869689661812,hard,0.12396644876237718,0.11413895768917236,0.08121011253702598,0.0
0.0,0.0,28.862994454770273,0.06379567539903565,0.9011370975468994,0.448998886412873,0.448998886412873,0.0,0.448998886412873,0.0,23.349732332512936,14.430869689661812,hard,0.12562754456333658,0.1152440965618428,0.08269606808103541,0.0
0.0,0.0,39.5927145335574,0.06443344126970336,0.9206302649862815,0.448998886412873,0.448998886412873,0.0,0.448998886412873,0.0,39.51943319431593,14.430869689661812,hard,0.1262646275080855,0.1153259105596629,0.0848530462412265,0.0
0.0,0.0,30.332798980183796,0.0652081154866153,0.9402364752534651,0.448998886412873,0.448998886412873,0.0,0.448998886412873,0.0,30.236567265481707,14.430869689661812,hard,0.12773670087917116,0.11624230458613581,0.08599844134273027,0.0
0.0,0.0,45.907650892126796,0.0665200327620562,0.9595721321948687,0.5,0.49999999999999994,0.0,0.49999999999999994,0.0,43.848489141588445,14.430869689661812,hard,0.13069485247770826,0.11750796796785551,0.08825374437198504,0.008611111111111113
0.0,0.0,34.72702372611175,0.06694341959673064,0.9746700839934547,0.5,0.49999999999999994,0.0,0.49999999999999994,0.0,34.23485942719788,14.430869689661812,hard,0.1314272275929062,0.11806496306066148,0.08920335079679724,0.008611111111111113
0.0,0.0,47.78187248223253,0.06801196413729975,0.9930755803849464,0.5141984052872977,0.5141984052872977,0.0,0.5141984052872977,0.0,38.74522422183152,14.430869689661812,hard,0.13238085359477142,0.11969383414557427,0.090570505171442,0.008611111111111113
0.0,0.0,32.153224257857296,0.06860055644812772,1.0006576011331922,0.5141984052872977,0.5141984052872977,0.0,0.5141984052872977,0.0,31.884547981741875,14.430869689661812,hard,0.132891982754571,0.12048499742090199,0.0920498452539758,0.008611111111111113
0.0,0.0,44.610317825938615,0.06885657578522789,1.004664362957724,0.52,0.52,0.0,0.52,0.0,43.213349789156595,14.430869689661812,hard,0.13331947089880927,0.1202095881689816,0.093147279273912,0.008611111111111113
0.0,0.0,35.24375164828425,0.06886061670851655,1.0117274836601207,0.5249761899362675,0.5249761899362675,0.0,0.5249761899362675,0.0,33.01648679069292,14.430869689661812,hard,0.13382409017977973,0.12038784325326099,0.09393371370255017,0.008611111111111113
0.0,0.0,38.25354542637686,0.06974924556253877,1.0214948675097886,0.5291502622129182,0.5291502622129182,0.0,0.5291502622129182,0.0,30.41052449399714,14.430869689661812,hard,0.13526143167752397,0.12156071861502103,0.09485940508515439,0.008611111111111113
0.0,0.0,23.198393494047792,0.07023771857490059,1.0285277082301338,0.5291502622129182,0.5291502622129182,0.0,0.5291502622129182,0.0,22.825433183184057,14.430869689661812,hard,0.13522605692648904,0.12259377990356106,0.09594306983289161,0.008611111111111113
0.0,0.0,19.198488432655747,0.07030152840583247,1.0321838492691682,0.5291502622129182,0.5291502622129182,0.0,0.5291502622129182,0.0,18.37442788224983,14.430869689661812,hard,0.13537907954943348,0.12263023047000804,0.09672705026500117,0.008611111111111113
0.0,0.0,34.16781604390998,0.07067248601961135,1.0387784041170247,0.5291502622129182,0.5291502622129182,0.0,0.5291502622129182,0.0,26.362852652928137,14.430869689661812,hard,0.1353008847758962,0.12317760494456416,0.09840694255761386,0.008611111111111113
0.0,0.0,39.51864853260813,0.07199014914937965,1.0483521909382243,0.5291502622129182,0.5291502622129182,0.0,0.5291502622129182,0.0,35.596207663176706,14.430869689661812,hard,0.13611821753033904,0.1251335530956652,0.10067843394016639,0.008611111111111113
0.0,0.0,45.71126876050489,0.07345635644694956,1.0526620166624074,0.5291502622129182,0.5291502622129182,0.0,0.5291502622129182,0.0,35.82638692360702,14.430869689661812,hard,0.13711899875946112,0.1281248340504278,0.10279901653901728,0.008611111111111113
0.0,0.0,37.76535363584456,0.07533119053771045,1.0637337452476707,0.5291502622129182,0.5291502622129182,0.0,0.5291502622129182,0.0,37.0629518522203,14.430869689661812,hard,0.1378109386608098,0.13118784096323977,0.10606167002687542,0.008611111111111113
0.0,0.0,46.62249998530362,0.07666741333360375,1.0733875847539889,0.5291502622129182,0.5291502622129182,0.0,0.5291502622129182,0.0,38.12038299912528,14.430869689661812,hard,0.13821926719952982,0.13297450206736608,0.10855279950535696,0.008611111111111113
0.0,0.0,35.7556316099568,0.07809479159625334,1.080741459019565,0.5291502622129182,0.5291502622129182,0.0,0.5291502622129182,0.0,30.816904451940008,14.430869689661812,hard,0.13865357781057658,0.1352006857433989,0.11133128284749494,0.008611111111111113
0.0,0.0,38.81360886164363,0.07915679772713381,1.0848788424732672,0.5291502622129182,0.5291502622129182,0.0,0.5291502622129182,0.0,34.12154744439355,14.430869689661812,hard,0.1382078269545451,0.13767918859617903,0.11357873258464904,0.008611111111111113
0.0,0.0,40.39534454254662,0.08107020748913268,1.087193241316159,0.5291502622129182,0.5291502622129182,0.0,0.5291502622129182,0.0,40.60642313723286,14.430869689661812,hard,0.1393305765029409,0.1407827993165483,0.11630832737500701,0.008611111111111113
0.0,0.0,41.20921100360341,0.08355153295606965,1.0935165607287334,0.5291502622129182,0.5291502622129182,0.0,0.5291502622129182,0.0,41.1301787012894,14.430869689661812,hard,0.1407760511053142,0.14503028352996084,0.11998339722060788,0.008611111111111113
0.0,0.0,39.15880921917265,0.08571603043097191,1.098524250053877,0.5291502622129182,0.5291502622129182,0.0,0.5291502622129182,0.0,34.38920760936489,14.430869689661812,hard,0.14217964014878565,0.1476172021133057,0.12357376680085014,0.008611111111111113
0.0,0.0,23.633685955191254,0.08726711636323597,1.105272794782076,0.5291502622129182,0.5291502622129182,0.0,0.5291502622129182,0.0,23.841979783566632,14.430869689661812,hard,0.14334541093640307,0.1497379600987116,0.12545420283233513,0.008611111111111113
0.0,0.0,39.831735915894946,0.08937381495459183,1.1110587084700838,0.5291502622129182,0.5291502622129182,0.0,0.5291502622129182,0.0,29.43749989384289,14.430869689661812,hard,0.144928887788536,0.1532435686139499,0.12790922233671265,0.008611111111111113
0.0,0.0,55.33579657570846,0.09195452312909932,1.1131846129117304,0.5291502622129182,0.5291502622129182,0.0,0.5291502622129182,0.0,54.933108413779024,14.430869689661812,hard,0.14657509943056216,0.15820723349800228,0.13082627336918629,0.008611111111111113
0.0,0.0,33.30827977053204,0.09317064837000459,1.1146856301972594,0.5291502622129182,0.5291502622129182,0.0,0.5291502622129182,0.0,33.06024198338542,14.430869689661812,hard,0.14745540799660908,0.16068904044306873,0.1326547304318848,0.008611111111111113
0.0,0.0,33.97263138505146,0.09472411414732085,1.1195352955715157,0.5291502622129182,0.5291502622129182,0.0,0.5291502622129182,0.0,28.675676103624827,14.430869689661812,hard,0.14981745512318917,0.16315027027117607,0.13436510907561597,0.008611111111111113
0.0,0.0,30.136004352581484,0.09627585207051184,1.127036945711644,0.5291502622129182,0.5291502622129182,0.0,0.5291502622129182,0.0,26.45724097482578,14.430869689661812,hard,0.15137598558576995,0.16542187449033205,0.13625604318655898,0.008611111111111113
0.0,0.0,31.382720835267474,0.09791744163701477,1.1349080197747663,0.5291502622129182,0.5291502622129182,0.0,0.5291502622129182,0.0,27.322401065792146,14.430869689661812,hard,0.15348078316211497,0.1682752039274327,0.13795467986371904,0.008611111111111113
0.0,0.0,29.024925736757076,0.09955528898116542,1.143464477668301,0.5291502622129182,0.5291502622129182,0.0,0.5291502622129182,0.0,27.996921259309925,14.430869689661812,hard,0.15625445806339966,0.17064207879967247,0.13927936974866767,0.008611111111111113
0.0,0.0,71.37636850260432,0.10145836443169574,1.1446760777402893,0.6390618123468184,0.6390618123468184,0.0,0.6390618123468184,0.0,61.429663844107104,14.430869689661812,hard,0.15952890533416303,0.1745229621307514,0.14283659465051693,0.013363210916181738
0.0,0.0,58.44575238059152,0.10293735040310423,1.1487371842277094,0.6403124237432849,0.6403124237432849,0.0,0.6403124237432849,0.0,48.66754565416259,14.430869689661812,hard,0.16139689898050233,0.17675653874050826,0.14429346916987248,0.015051520433075097
0.0,0.0,45.15492101085789,0.10536384294777003,1.1556301676121414,0.6403124237432849,0.6403124237432849,0.0,0.6403124237432849,0.0,42.97243767812108,14.430869689661812,hard,0.1651601064922287,0.18143760673724596,0.14715867686173834,0.017216411261652756
0.0,0.0,63.96978063420261,0.10683709433344286,1.1619434828650794,0.6390618123468182,0.6390618123468182,0.0,0.6390618123468182,0.0,59.56329070828777,14.430869689661812,hard,0.16789979748412323,0.1839391822232637,0.14888554254657826,0.017848270818505218
0.0,0.0,76.54026785568382,0.10656768231735435,1.1599437941440045,0.6324555320336759,0.6324555320336758,0.0,0.6324555320336758,0.0,65.36893451785795,14.430869689661812,hard,0.17013110228243108,0.18358178218843474,0.14864311571751374,0.01895799639442789
0.0,0.0,55.322620334190006,0.10875439405638652,1.1676666645401286,0.6324555320336759,0.6324555320336758,0.0,0.6324555320336758,0.0,54.75159906340635,14.430869689661812,hard,0.17263445963840884,0.18700164951390244,0.15208890034717842,0.020463473883709855
0.0,0.0,42.18511753848157,0.11005840702942875,1.1700579213774553,0.6324555320336759,0.6324555320336758,0.0,0.6324555320336758,0.0,42.621445306324375,14.430869689661812,hard,0.17453721654215912,0.18827443542909733,0.15497129172627938,0.022152781561671598
0.0,0.0,35.73083325774168,0.111254917345224,1.1743906023051405,0.6324555320336759,0.6324555320336758,0.0,0.6324555320336758,0.0,35.050711832999916,14.430869689661812,hard,0.17576382360744044,0.18977744660814486,0.15720413495510258,0.023520745436108853
0.0,0.0,29.788237033048965,0.11258950179820143,1.177941962610156,0.6324555320336759,0.6324555320336758,0.0,0.6324555320336758,0.0,29.69558216300869,14.430869689661812,hard,0.17710642998097265,0.19087298242077697,0.15997084094997638,0.025277655962559157
0.0,0.0,33.61891802061245,0.11362858750383774,1.182502433554807,0.6324555320336759,0.6324555320336758,0.0,0.6324555320336758,0.0,29.779026176152907,14.430869689661812,hard,0.17840719626876786,0.19171036004831124,0.16204615574608544,0.027798656119040352
0.0,0.0,43.72382341887328,0.11521767624418612,1.1855226071469331,0.6324555320336759,0.6324555320336758,0.0,0.6324555320336758,0.0,43.2904423631822,14.430869689661812,hard,0.17959926416327854,0.19406482957757282,0.1641237835051436,0.029215062584020877
0.0,0.0,30.4282239652926,0.11602173330763392,1.1889791040338828,0.6324555320336759,0.6324555320336758,0.0,0.6324555320336758,0.0,29.839738604753226,14.430869689661812,hard,0.18009442692657535,0.1946484952528307,0.16563790440377452,0.031688539570770266
0.0,0.0,38.94449325971339,0.1179115687019203,1.194380369745314,0.6324555320336759,0.6324555320336758,0.0,0.6324555320336758,0.0,38.308223660201214,14.430869689661812,hard,0.18179048068905426,0.19684089554933876,0.1686088784226204,0.0326079170836764
0.0,0.0,29.990212271660287,0.11902099684406565,1.1995557401666563,0.6324555320336759,0.6324555320336758,0.0,0.6324555320336758,0.0,29.3151428446119,14.430869689661812,hard,0.18286373839441963,0.19820681462533457,0.1704966541888018,0.03409270941312018
0.0,0.0,23.701616472368027,0.119302649840489,1.1956036831948602,0.6324555320336759,0.6324555320336758,0.0,0.6324555320336758,0.0,22.723036768882807,14.430869689661812,hard,0.18280154929453388,0.19865990186460683,0.1714200993776945,0.03590681810912878
0.0,0.0,53.94852034722118,0.11924059410217547,1.19376185113459,0.6324555320336759,0.6324555320336758,0.0,0.6324555320336758,0.0,53.79921560766476,14.430869689661812,hard,0.1831891325778164,0.1978190620829641,0.17230830442182657,0.03590681810912878
0.0,0.0,28.376355014802602,0.11991852889942137,1.194563723063634,0.6324555320336759,0.6324555320336758,0.0,0.6324555320336758,0.0,21.7329243315298,14.430869689661812,hard,0.1843475319487788,0.19837901479718825,0.17346336132062568,0.03590681810912878
0.0,0.0,25.827410260962537,0.12024117591307225,1.19588253209273,0.6324555320336759,0.6324555320336758,0.0,0.6324555320336758,0.0,26.270355916888526,14.430869689661812,hard,0.18536380293672833,0.1991957054757488,0.17419729613165974,0.036434900819993725
0.0,0.0,33.93433247003369,0.12093320207288653,1.19521836372299,0.6324555320336759,0.6324555320336758,0.0,0.6324555320336758,0.0,26.967862355032885,14.430869689661812,hard,0.18666010898085633,0.2001822092535197,0.17513758374711685,0.036587135690425564
0.0,0.0,32.695877026953404,0.12201555128759187,1.1954088005267398,0.6324555320336759,0.6324555320336758,0.0,0.6324555320336758,0.0,32.326020478865004,14.430869689661812,hard,0.18810683975300985,0.201939720916989,0.17684925916191724,0.03716712324212287
0.0,0.0,26.748457018974246,0.1237533074451467,1.1955190234789894,0.6324555320336759,0.6324555320336758,0.0,0.6324555320336758,0.0,27.019111754460027,14.430869689661812,hard,0.18994052685803237,0.204831786497556,0.17892448608217035,0.03780557552351233
0.0,0.0,36.801009791760094,0.12475104450533042,1.198836655672794,0.66,0.66,0.0,0.66,0.0,30.495304556603465,14.430869689661812,hard,0.19093961383592023,0.2058967120402895,0.18113729991131933,0.03812313160432343
0.0,0.0,39.93425045197437,0.1257491040058055,1.1984885265088532,0.7144228439796702,0.71442284397967,0.0,0.71442284397967,0.0,33.006720527795544,14.430869689661812,hard,0.1924266908664429,0.20695404916620364,0.18319710205712664,0.04135637672337883
0.0,0.0,28.59907867508337,0.1272432633698231,1.1994279266910386,0.7144228439796702,0.71442284397967,0.0,0.71442284397967,0.0,27.880810605145612,14.430869689661812,hard,0.1948002599289462,0.20834346281236713,0.18542255442679925,0.04309538285891054
0.0,0.0,59.294445178634525,0.12826593563472727,1.1998657554462295,0.7599999999999999,0.7599999999999999,0.0,0.7599999999999999,0.0,55.20108694582019,14.430869689661812,hard,0.19653180480092575,0.2103851716873897,0.18739969358407957,0.0445340871727688
0.0,0.0,57.170151449578036,0.12889380540313772,1.1965493150742126,0.8138795979750322,0.8138795979750322,0.0,0.8138795979750322,0.0,52.42146506918707,14.430869689661812,hard,0.19760412320161733,0.21053940238715133,0.1890451768500962,0.047517188287070994
0.0,0.0,42.88043480089555,0.12970813710283707,1.1960767312764289,0.8072174428244225,0.8072174428244225,0.0,0.8072174428244225,0.0,40.65816523159893,14.430869689661812,hard,0.19927743719394947,0.2116741772926356,0.1900962916521689,0.048142465341950484
0.0,0.0,33.94216930986418,0.1306867685822312,1.1966607844530228,0.8072174428244225,0.8072174428244225,0.0,0.8072174428244225,0.0,34.634139227069,14.430869689661812,hard,0.2005733993193738,0.21330974885701726,0.1919214752378619,0.0490546307124632
0.0,0.0,59.42529517113168,0.13141903479284678,1.1953390673598097,0.81706792863262,0.81706792863262,0.0,0.81706792863262,0.0,49.206052473247645,14.430869689661812,hard,0.2017570322264619,0.2148862887811138,0.19374421926247384,0.05140029031146172
0.0,0.0,61.59658903661712,0.13132454054407353,1.1877807343308429,0.7909487973314075,0.7909487973314075,0.0,0.7909487973314075,0.0,54.38694328604982,14.430869689661812,hard,0.20290621767526046,0.2141323187790592,0.19407606623577842,0.05483535356762961
0.0,0.0,63.1374533975938,0.13085842890126495,1.1826571257484169,0.7909487973314075,0.7909487973314075,0.0,0.7909487973314075,0.0,63.469047574388576,14.430869689661812,hard,0.2031017337817165,0.21241064633095497,0.19457181261519965,0.058341484680071304
0.0,0.0,48.46351939407039,0.1314060030736071,1.1772867235486288,0.7909487973314075,0.7909487973314075,0.0,0.7909487973314075,0.0,48.75321117629073,14.430869689661812,hard,0.20392367112127377,0.21294361398913722,0.1953867688371313,0.06084445191979007
0.0,0.0,36.278150355389265,0.13187838045331368,1.1680745229351202,0.7909487973314075,0.7909487973314075,0.0,0.7909487973314075,0.0,32.448118589526885,14.430869689661812,hard,0.20427800042785937,0.2135076797401335,0.19657218181873692,0.06254485704560839
0.0,0.0,43.1461111569888,0.13289685268108842,1.165901395675511,0.7909487973314075,0.7909487973314075,0.0,0.7909487973314075,0.0,38.08703716489378,14.430869689661812,hard,0.20584651200932555,0.214394799207066,0.19892351792058252,0.0630402887517713
0.0,0.0,40.30597712680568,0.1337343833555592,1.1639821088174347,0.7909487973314075,0.7909487973314075,0.0,0.7909487973314075,0.0,37.99210970714841,14.430869689661812,hard,0.20648738587547563,0.214975115817971,0.201213775242162,0.06355627648058042
0.0,0.0,38.37000933222657,0.13399722709368656,1.1617920207689143,0.7909487973314075,0.7909487973314075,0.0,0.7909487973314075,0.0,34.37338505297376,14.430869689661812,hard,0.2069778778361893,0.21507414154881424,0.20226833921727375,0.06454274459299586
0.0,0.0,41.27735768178172,0.13412877312278196,1.1608963298700057,0.7909487973314075,0.7909487973314075,0.0,0.7909487973314075,0.0,38.72428178804611,14.430869689661812,hard,0.2071221581129685,0.21529458112830244,0.2027479054140472,0.06543174668728749
0.0,0.0,44.37581399873324,0.1344908936167159,1.1609697267194645,0.7909487973314075,0.7909487973314075,0.0,0.7909487973314075,0.0,40.013417749549966,14.430869689661812,hard,0.20774432882344948,0.21617840069369457,0.203257619142146,0.06610932874267757
0.0,0.0,55.8471719895502,0.13441342058591046,1.1588374055845105,0.7909487973314075,0.7909487973314075,0.0,0.7909487973314075,0.0,55.6320914580784,14.430869689661812,hard,0.20720322193941113,0.21659630094632584,0.20387864463614197,0.06654216603700808
0.0,0.0,29.826788852079748,0.13439847456785578,1.1556490571711797,0.7909487973314075,0.7909487973314075,0.0,0.7909487973314075,0.0,29.61586736869275,14.430869689661812,hard,0.20649682354275312,0.21650453386403182,0.2047632745047716,0.06694007104738135
0.0,0.0,34.085161703389,0.13412559088200832,1.1514689458831064,0.7909487973314075,0.7909487973314075,0.0,0.7909487973314075,0.0,34.01764836081413,14.430869689661812,hard,0.20560565699565958,0.2160622885554158,0.20542835668429818,0.06694007104738135
0.0,0.0,26.98926731480912,0.13415757161811748,1.1476844310709158,0.7909487973314075,0.7909487973314075,0.0,0.7909487973314075,0.0,27.362024778879213,14.430869689661812,hard,0.2051513541596527,0.21613389650285672,0.20615752131273396,0.06694007104738135
0.0,0.0,19.43327900526986,0.13411213493236157,1.1438988457553358,0.7909487973314075,0.7909487973314075,0.0,0.7909487973314075,0.0,18.915697185142292,14.430869689661812,hard,0.20479858234159726,0.21563583415833917,0.20688879265807203,0.06694007104738135
0.0,0.0,29.753145499831763,0.1348337369715015,1.1411620763580328,0.7909487973314075,0.7909487973314075,0.0,0.7909487973314075,0.0,24.57160149440813,14.430869689661812,hard,0.2050722500936293,0.21619100829047144,0.20853780565845229,0.06707746879898054
0.0,0.0,30.540001339403602,0.13608815460518364,1.1397820913782664,0.7909487973314075,0.7909487973314075,0.0,0.7909487973314075,0.0,29.949584304293776,14.430869689661812,hard,0.20621913617488452,0.217131014929648,0.21091739960650518,0.06750222376812129
0.0,0.0,33.97517221731559,0.13743538700840452,1.1380320212238517,0.8306623862918074,0.8306623862918076,0.0,0.8306623862918076,0.0,31.595449039379073,14.430869689661812,hard,0.20690446370627227,0.21868230305560935,0.21302298022712984,0.07109511909624282
0.0,0.0,35.1056523537467,0.1385229892041664,1.1363364878947684,0.8306623862918074,0.8306623862918076,0.0,0.8306623862918076,0.0,33.271423173648586,14.430869689661812,hard,0.20831687164145982,0.21900348100576775,0.21517108625970058,0.07469407835516748
0.0,0.0,34.286872419006876,0.13930990267286464,1.135922738670495,0.8447484832777151,0.8447484832777151,0.0,0.8447484832777151,0.0,31.301891316660086,14.430869689661812,hard,0.2098158388185871,0.21994734073200645,0.21634199257547126,0.07671642667410011
0.0,0.0,35.68426892197507,0.14009014065511294,1.1368015869214423,0.8447484832777151,0.8447484832777151,0.0,0.8447484832777151,0.0,35.17933484305807,14.430869689661812,hard,0.2106820440656846,0.2207446187665438,0.2182651912294934,0.08030934177014296
0.0,0.0,37.27120838117362,0.140324902133219,1.1312918445305957,0.8581375181169975,0.8581375181169975,0.0,0.8581375181169975,0.0,35.05235512772287,14.430869689661812,hard,0.21098851297173934,0.2214720871053036,0.2195654040030127,0.08217119419966704
0.0,0.0,59.026177542295265,0.1413710178647612,1.1278949852089108,0.9053176238205018,0.9053176238205018,0.0,0.9053176238205018,0.0,49.39515765740606,14.430869689661812,hard,0.21136066529407113,0.22210997461122806,0.22170488888324416,0.08191707583850545
0.0,0.0,72.4017030322459,0.14344159046042962,1.1229109247953826,0.8946507698538017,0.8946507698538017,0.0,0.8946507698538017,0.0,66.24037741438374,14.430869689661812,hard,0.21199942123579407,0.22329079227548215,0.22190122084413666,0.08407961033905462
0.0,0.0,51.31361972224054,0.14514485098627747,1.1232671834254677,0.8946507698538017,0.8946507698538017,0.0,0.8946507698538017,0.0,45.67907179442245,14.430869689661812,hard,0.21289024732752443,0.22563488504957624,0.22430253802068292,0.08512945844797455
0.0,0.0,52.91912226433754,0.14737416192485941,1.1246173764524379,0.8946507698538017,0.8946507698538017,0.0,0.8946507698538017,0.0,50.16811736551413,14.430869689661812,hard,0.2149428251435301,0.22836385489734995,0.22697780910203086,0.08689669146683765
0.0,0.0,69.14615475360456,0.14837198158952752,1.1241658243139825,0.8316249154516716,0.8316249154516716,0.0,0.8316249154516716,0.0,60.22341405134717,14.430869689661812,hard,0.21710753637438107,0.22933684996965426,0.2257261932354477,0.08851701017891501
0.0,0.0,52.255211263436614,0.15017022412695563,1.1222563057637265,0.8316249154516716,0.8316249154516716,0.0,0.8316249154516716,0.0,51.459887290976454,14.430869689661812,hard,0.21827270733541893,0.2309751229605906,0.22927313311941205,0.09194041527230976
0.0,0.0,60.80183191160104,0.15157552554653497,1.1207196727508757,0.8316249154516716,0.8316249154516716,0.0,0.8316249154516716,0.0,53.61759412730115,14.430869689661812,hard,0.2207563832808827,0.2319811954388267,0.2312929757382962,0.09421231186725514
0.0,0.0,45.74929703681674,0.15325508620095707,1.121557911799442,0.8316249154516716,0.8316249154516716,0.0,0.8316249154516716,0.0,39.73392001804,14.430869689661812,hard,0.22270699098919677,0.23363986610389428,0.23328804825489538,0.0956547202172629
0.0,0.0,38.74274983637181,0.15361235134829787,1.1207155737754209,0.8316249154516716,0.8316249154516716,0.0,0.8316249154516716,0.0,38.46280800981644,14.430869689661812,hard,0.22313561877118124,0.23415767250176392,0.23362977970941143,0.09682692080941088
0.0,0.0,26.30786101803381,0.15472275296411137,1.122552827562829,0.8316249154516716,0.8316249154516716,0.0,0.8316249154516716,0.0,25.984610830258745,14.430869689661812,hard,0.2243101041019248,0.2356877189338027,0.23499174607781836,0.09795323807290375
0.0,0.0,36.253448241682875,0.1557373424948885,1.1239630316176439,0.8316249154516716,0.8316249154516716,0.0,0.8316249154516716,0.0,36.22885590244329,14.430869689661812,hard,0.2257618596041683,0.23674818338846024,0.23665126773928524,0.09933706630524673
0.0,0.0,27.027191075592352,0.15651474995199016,1.1229539262038781,0.8316249154516716,0.8316249154516716,0.0,0.8316249154516716,0.0,26.92972335543015,14.430869689661812,hard,0.22666919145609946,0.23806280083005885,0.2374558014246021,0.09976295799888955
0.0,0.0,22.439524276866393,0.1569858173083285,1.1215659094072166,0.8316249154516716,0.8316249154516716,0.0,0.8316249154516716,0.0,22.001099972501375,14.430869689661812,hard,0.22723748369989583,0.23876086008362626,0.2380394784824672,0.10009949049484987
0.0,0.0,32.0039004349622,0.15728080725911942,1.1204489558447466,0.8316249154516716,0.8316249154516716,0.0,0.8316249154516716,0.0,28.14164885005852,14.430869689661812,hard,0.22805844660723182,0.23925957121427077,0.23842241150606705,0.10037519264999485
0.0,0.0,30.993763175339588,0.15789160883491277,1.1201645780194824,0.8316249154516716,0.8316249154516716,0.0,0.8316249154516716,0.0,30.22412281605539,14.430869689661812,hard,0.22892029404332068,0.24041928524606498,0.23884579684999152,0.10075837939660132
0.0,0.0,42.07641534702559,0.1582942310269828,1.1203256232608834,0.8316249154516716,0.8316249154516716,0.0,0.8316249154516716,0.0,34.730643529885825,14.430869689661812,hard,0.2300217366685105,0.24121878575186867,0.23907248548347326,0.10095744107221645
0.0,0.0,40.442996742400545,0.15884030828675996,1.120282530886491,0.8316249154516716,0.8316249154516716,0.0,0.8316249154516716,0.0,40.06359444682916,14.430869689661812,hard,0.23144047212678787,0.24280871539435794,0.23924593892818993,0.10152715381325499
0.0,0.0,32.32697786399667,0.15901085981881524,1.118335600507532,0.8316249154516716,0.8316249154516716,0.0,0.8316249154516716,0.0,31.80855859670476,14.430869689661812,hard,0.23221747871607268,0.24346417030618486,0.23946497586171617,0.10175906376674929
0.0,0.0,46.418217261805545,0.159167164709607,1.1154277347187234,0.8616263691415206,0.8616263691415206,0.0,0.8616263691415206,0.0,43.71041065924684,14.430869689661812,hard,0.23316159606661976,0.24497502650386133,0.23884992214281475,0.10348279106168906
0.0,0.0,31.715367745857634,0.15928899368149854,1.1105194225402524,0.8616263691415206,0.8616263691415206,0.0,0.8616263691415206,0.0,31.1024179124389,14.430869689661812,hard,0.23406666575203597,0.24553032123176952,0.23880353413430858,0.10442669675685794
0.0,0.0,45.29885390880958,0.1592539628744242,1.1062059296883144,0.8616263691415206,0.8616263691415206,0.0,0.8616263691415206,0.0,45.65570720074326,14.430869689661812,hard,0.23458060323818347,0.24578123751159656,0.23918479383311295,0.10778407339479205
0.0,0.0,35.85013892510849,0.159419428186649,1.1039618386549426,0.9173875952943772,0.9173875952943771,0.0,0.9173875952943771,0.0,33.47756860944355,14.430869689661812,hard,0.23547718326893227,0.24565709007395664,0.2393801789195548,0.11161071838275409
0.0,0.0,46.342851618456734,0.16092067612823968,1.1001524502809636,0.9474175425861608,0.947417542586161,0.0,0.947417542586161,0.0,42.74564773166972,14.430869689661812,hard,0.2359039049367923,0.2457813054611607,0.24071423466210176,0.1161758370636655
0.0,0.0,43.532429379718856,0.16182296651152164,1.0931071963400902,0.9748846085563152,0.9748846085563152,0.0,0.9748846085563152,0.0,39.912529361091615,14.430869689661812,hard,0.23630516228351836,0.24569914503557344,0.24244711365584184,0.11996333932667137
0.0,0.0,48.23718356120117,0.16215208195668993,1.0875075481254046,0.9748846085563152,0.9748846085563152,0.0,0.9748846085563152,0.0,44.216236836709655,14.430869689661812,hard,0.23646755696766938,0.24558344018004086,0.2435760634812125,0.1273575566908489
0.0,0.0,58.28253552719282,0.16168393044332457,1.0744335503105853,1.0031948963187562,1.0031948963187562,0.0,1.0031948963187562,0.0,53.530492245074676,14.430869689661812,hard,0.23587661015557246,0.24411504618222823,0.24310335796039143,0.13090627478561423
0.0,0.0,60.42741114255594,0.16249338498826404,1.069496371254133,1.0047885349664376,1.0047885349664376,0.0,1.0047885349664376,0.0,52.77366388645003,14.430869689661812,hard,0.23601662963665682,0.2442520871274501,0.24321114214756792,0.132722744273747
0.0,0.0,60.050828581357244,0.16258413182471587,1.0581202977585926,0.9848857801796105,0.9848857801796105,0.0,0.9848857801796105,0.0,49.97751894602213,14.430869689661812,hard,0.23624961788818613,0.24375150870380313,0.24285914875839515,0.13540540643131135
0.0,0.0,54.976655569562254,0.162546304575046,1.0452442025718314,0.9830564581955606,0.9830564581955606,0.0,0.9830564581955606,0.0,47.416014172429136,14.430869689661812,hard,0.23644806736686685,0.2429317316229457,0.24213531011349207,0.1374505251630701
0.0,0.0,53.87775830448147,0.16232790491012064,1.0333798555306715,0.9610411021387171,0.9610411021387171,0.0,0.9610411021387171,0.0,46.94079675506159,14.430869689661812,hard,0.23667090954187306,0.24174739914480983,0.2410956245428073,0.14127167240819144
0.0,0.0,49.64805081277641,0.1617276780182204,1.0286893065594171,0.9610411021387171,0.9610411021387171,0.0,0.9610411021387171,0.0,45.81505865979002,14.430869689661812,hard,0.23672997411651034,0.24031898422259107,0.2400242476505493,0.1436860518484591
0.0,0.0,48.24768991367226,0.16157379891856788,1.0272555392506777,0.9610411021387171,0.9610411021387171,0.0,0.9610411021387171,0.0,47.024797713546846,14.430869689661812,hard,0.23693085896779328,0.23990193409167387,0.23977018755773843,0.14734464557122984
0.0,0.0,35.13891235174852,0.16145105134617968,1.0266068066150238,0.9610411021387171,0.9610411021387171,0.0,0.9610411021387171,0.0,32.81843384441129,14.430869689661812,hard,0.2372060986680545,0.23955843334537189,0.23962705651199648,0.1483397914735877
0.0,0.0,45.224203481487834,0.16179277050363436,1.0209898774723132,0.9610411021387171,0.9610411021387171,0.0,0.9610411021387171,0.0,42.07101139739809,14.430869689661812,hard,0.2374640673802174,0.23961538620511552,0.23914322970374197,0.15039639916085895
0.0,0.0,30.854620130694904,0.16160262460294184,1.0192537399670827,0.9610411021387171,0.9610411021387171,0.0,0.9610411021387171,0.0,29.560108254199616,14.430869689661812,hard,0.2373608299151829,0.2392631274454906,0.23847536523756468,0.15217842940222723
0.0,0.0,35.39956998712691,0.16142527345828087,1.016156321581698,0.9610411021387171,0.9610411021387171,0.0,0.9610411021387171,0.0,35.026327241091096,14.430869689661812,hard,0.2372938260409385,0.23887344448542516,0.23822825316863008,0.1544080088631143
0.0,0.0,27.00642672412832,0.16140144092177958,1.0129071160566916,0.9610411021387171,0.9610411021387171,0.0,0.9610411021387171,0.0,23.066070319844254,14.430869689661812,hard,0.23728137504878283,0.23885933997807945,0.2381303473821354,0.15655650317293068
0.0,0.0,31.67930880969638,0.16140021382344097,1.0098613873287694,0.9610411021387171,0.9610411021387171,0.0,0.9610411021387171,0.0,31.73468134391773,14.430869689661812,hard,0.23718852916227204,0.23854271485815043,0.23823285925802867,0.1581109058485747
0.0,0.0,31.979824970008256,0.16164795611472763,1.0061953121404617,0.9610411021387171,0.9610411021387171,0.0,0.9610411021387171,0.0,29.480033921283066,14.430869689661812,hard,0.2368978336339819,0.23811636036127598,0.23893548800719003,0.1593205141996574
0.0,0.0,22.31167868194813,0.16180599206893892,1.0051387763353008,0.9610411021387171,0.9610411021387171,0.0,0.9610411021387171,0.0,22.400892839349055,14.430869689661812,hard,0.23690868373486826,0.23815249857040827,0.23907195634863007,0.15957881211184644
0.0,0.0,12.972500011903014,0.16192859290917186,1.0058346116779364,0.9610411021387171,0.9610411021387171,0.0,0.9610411021387171,0.0,12.062238598203903,14.430869689661812,hard,0.23692805489615842,0.23818881187416738,0.23914206911341634,0.1597685315240609
0.0,0.0,19.3094551232733,0.16169236428213477,1.0040014294904183,0.9610411021387171,0.9610411021387171,0.0,0.9610411021387171,0.0,19.089064932573308,14.430869689661812,hard,0.23648797378742475,0.23790603655426662,0.23922884469740113,0.15986521279137536
0.0,0.0,15.663725098968948,0.16162340902792813,1.0028117254979922,0.9610411021387171,0.9610411021387171,0.0,0.9610411021387171,0.0,15.377242925830366,14.430869689661812,hard,0.23645443698527988,0.23761053747957406,0.2393355906737537,0.15990520702020392
0.0,0.0,15.021310205257853,0.16171679563844973,1.0037395175463975,0.9610411021387171,0.9610411021387171,0.0,0.9610411021387171,0.0,15.296810124990113,14.430869689661812,hard,0.2364544196027689,0.23771895340437652,0.2394401519322601,0.15995555860790098
0.0,0.0,16.696529289562,0.16218976237858374,1.0046348039689843,0.9610411021387171,0.9610411021387171,0.0,0.9610411021387171,0.0,16.581785187367494,14.430869689661812,hard,0.23646307875970857,0.2379758792747667,0.23952307800340084,0.1601124429010097
0.0,0.0,10.443656582629567,0.16222326168863796,1.0046282363285988,0.9610411021387171,0.9610411021387171,0.0,0.9610411021387171,0.0,2.958445537778243,14.430869689661812,hard,0.23646488219790412,0.23799897751707658,0.23956147622202245,0.16012997651671698
0.0,0.0,3.0210200733175077,0.16225896001669637,1.0042344209862308,0.9610411021387171,0.9610411021387171,0.0,0.9610411021387171,0.0,1.6302147097851865,14.430869689661812,hard,0.23648586640182512,0.23799897751707658,0.2396051539934191,0.16013957199556747
0.0,0.0,32.13260060486572,0.16248115905447708,1.0008257409297978,0.9775479527879949,0.9775479527879949,0.0,0.9775479527879949,0.0,27.63979739433703,14.430869689661812,hard,0.23648769306004858,0.23798710071242377,0.23917002260611755,0.16007845336508766
0.0,0.0,26.184215354594723,0.16292347008468164,0.9993440581076674,0.9775479527879949,0.9775479527879949,0.0,0.9775479527879949,0.0,21.106482416546818,14.430869689661812,hard,0.23654294590737845,0.23813429776587064,0.23911323399748263,0.16051292524947405
0.0,0.0,30.172577847025117,0.16305130473860965,0.9922243847766803,0.992169340384997,0.992169340384997,0.0,0.992169340384997,0.0,27.252016439155472,14.430869689661812,hard,0.23673180153902107,0.23820567925881644,0.2392967690181724,0.16014022962077357
0.0,0.0,61.943845127002724,0.1643742112752667,0.988135393779939,1.0007996802557444,1.0007996802557444,0.0,1.0007996802557444,0.0,55.892571957282485,14.430869689661812,hard,0.23682452710762178,0.2383911860524249,0.23935857407828928,0.15990050180854531
0.0,0.0,35.29941066497968,0.16483915980055755,0.9858729594191776,0.9961927524329818,0.9961927524329818,0.0,0.9961927524329818,0.0,32.16289166104316,14.430869689661812,hard,0.23688187497624175,0.23842234231365084,0.2391083552371925,0.15878995746377764
0.0,0.0,61.60504260978568,0.16452341149428273,0.9823875690483166,0.9591663046625439,0.9591663046625439,0.0,0.9591663046625439,0.0,56.42978291647062,14.430869689661812,hard,0.236966658224433,0.23856580739949157,0.23696870807898307,0.15705820715816984
0.0,0.0,49.40228306069401,0.1646832877253741,0.9807164541217207,0.9442457307290302,0.9442457307290301,0.0,0.9937806599043876,0.0,46.21380313283034,14.430869689661812,hard,0.23697859984519246,0.2372490890346752,0.2378681383127504,0.15625927477001308
0.0,0.0,53.12514584254484,0.16497221643806426,0.9741050768072469,0.938083151964686,0.938083151964686,0.0,0.9871170143402452,0.0,45.87471634789691,14.430869689661812,hard,0.23706791904953778,0.2371420064852629,0.2386218109937322,0.15505583031066797
0.0,0.0,33.262491601713215,0.16524448981972792,0.9738669325136209,0.938083151964686,0.938083151964686,0.0,0.9871170143402452,0.0,28.601181793765097,14.430869689661812,hard,0.23724339654013463,0.23702230980776878,0.23895013805970908,0.1553943725563721
0.0,0.0,36.14620768376559,0.16515518755597736,0.9736719748708299,0.938083151964686,0.938083151964686,0.0,0.9871170143402452,0.0,35.10982198758632,14.430869689661812,hard,0.23724501930521755,0.23644056985733036,0.2393821524307892,0.156030609483249
0.0,0.0,38.717821027265785,0.16537607904631418,0.9746763456954796,0.938083151964686,0.938083151964686,0.0,0.9871170143402452,0.0,32.60733659776585,14.430869689661812,hard,0.23778297419751906,0.23615782666086574,0.2397336816783162,0.15634857312518052
0.0,0.0,28.384425309173498,0.16578231850438183,0.9748047367112171,0.938083151964686,0.938083151964686,0.0,0.9871170143402452,0.0,27.266396901681013,14.430869689661812,hard,0.238116361153077,0.23611055046815724,0.23997912302022759,0.1568928781988983
0.0,0.0,30.207120942235996,0.16599405073956197,0.9750932360301466,0.938083151964686,0.938083151964686,0.0,0.9871170143402452,0.0,23.835477759004537,14.430869689661812,hard,0.23837937930970374,0.23593499084960118,0.2401742298279021,0.15716767114325828
0.0,0.0,30.554536640573648,0.16614512932255618,0.975174610485599,0.938083151964686,0.938083151964686,0.0,0.9871170143402452,0.0,25.542599711070913,14.430869689661812,hard,0.23837937930970374,0.23571683602530513,0.24050461595658607,0.1575460424570867
0.0,0.0,31.862290663659888,0.1662903571668829,0.9755713025567503,0.938083151964686,0.938083151964686,0.0,0.9871170143402452,0.0,31.29920126776401,14.430869689661812,hard,0.23837937930970374,0.23542857698712166,0.2410092065261639,0.15825417190044913
0.0,0.0,35.80455096907806,0.16646908613622996,0.9754619186718592,0.938083151964686,0.938083151964686,0.0,0.9871170143402452,0.0,30.662837442089405,14.430869689661812,hard,0.23837937930970374,0.2353008459204087,0.24138261004374706,0.15884652026877089
0.0,0.0,36.48168499853615,0.1667887023518602,0.9766557615654248,0.938083151964686,0.938083151964686,0.0,0.9871170143402452,0.0,30.256900039495125,14.430869689661812,hard,0.23839596087821055,0.2351148883721663,0.24185643089487663,0.15936647077412897
0.0,0.0,22.831639481394248,0.16709183400856603,0.9763477619761896,0.938083151964686,0.938083151964686,0.0,0.9871170143402452,0.0,23.173338128116114,14.430869689661812,hard,0.23839596087821055,0.2350892680974118,0.24186470115749656,0.1595595837487125
0.0,0.0,22.955310731972133,0.16753752051705295,0.9789526697526708,0.938083151964686,0.938083151964686,0.0,0.9871170143402452,0.0,22.594725048116874,14.430869689661812,hard,0.2384291920702337,0.2352339131630031,0.24226320992739503,0.15978925613595302
0.0,0.0,25.9479916639401,0.1683022005417776,0.9815469264834638,0.938083151964686,0.938083151964686,0.0,0.9871170143402452,0.0,25.841246099985195,14.430869689661812,hard,0.2384291920702337,0.23537639935214588,0.24346519064670596,0.1602506467356673
0.0,0.0,29.401533702407097,0.16918235143699167,0.9827414231311691,0.938083151964686,0.938083151964686,0.0,0.9871170143402452,0.0,28.97601766979031,14.430869689661812,hard,0.2384291920702337,0.23576311477280945,0.24499278769348,0.16100839691758229
0.0,0.0,44.05714191888916,0.16985955907630237,0.983150193416812,0.938083151964686,0.938083151964686,0.0,0.9871170143402452,0.0,43.870760194006216,14.430869689661812,hard,0.23830448354926395,0.23634359186622764,0.2462862454463145,0.16200880530695105
0.0,0.0,28.967243042644803,0.17031231681113956,0.9840892568514784,0.938083151964686,0.938083151964686,0.0,0.9871170143402452,0.0,26.816599336977834,14.430869689661812,hard,0.23830448354926395,0.23656187969786763,0.2469224835502072,0.1631665668231838
0.0,0.0,41.29340765761432,0.17064572427225513,0.9825541728915319,0.938083151964686,0.938083151964686,0.0,0.9871170143402452,0.0,41.469680490691026,14.430869689661812,hard,0.23830448354926395,0.23673727768108707,0.24791176316156824,0.16333222874972791
0.0,0.0,40.022648300867786,0.17094995657553327,0.977957317275514,0.9666436778875657,0.9666436778875658,0.0,1.012719112093773,0.0,33.13593819405149,14.430869689661812,hard,0.23830448354926395,0.23685848525733083,0.24847395783798445,0.16396083393871175
0.0,0.0,33.7236395043625,0.17164253105371052,0.9723161241142086,1.000199980003999,1.000199980003999,0.0,1.047091209016674,0.0,30.574263686963906,14.430869689661812,hard,0.23763175009815313,0.23696752335228416,0.24921372039581072,0.1651765675395626
0.0,0.0,34.10271836582097,0.17258954518338054,0.9708247922513458,1.000199980003999,1.000199980003999,0.0,1.047091209016674,0.0,31.32746398928582,14.430869689661812,hard,0.23708292860071337,0.2368786027443747,0.25058898423747394,0.16662287466592499
0.0,0.0,20.378064757585147,0.17355837723174378,0.9703559195234392,1.000199980003999,1.000199980003999,0.0,1.047091209016674,0.0,19.733220720399395,14.430869689661812,hard,0.23708292860071337,0.2369375473554196,0.25181745698945973,0.16822614329587576
0.0,0.0,52.115745226228476,0.1736530992547129,0.9592901374700896,0.9558242516278816,0.9558242516278816,0.0,1.0,0.0,44.08501332652629,14.430869689661812,hard,0.23707664152842353,0.23619091991936253,0.25131241747229116,0.16948125093484495
0.0,0.0,39.20224397353286,0.17370058739512476,0.9583034058970447,0.925418824100742,0.925418824100742,0.0,0.9693296652842107,0.0,36.30867664897745,14.430869689661812,hard,0.23703329158045824,0.23602261347426076,0.24972552957060548,0.17079036216726284
0.0,0.0,35.362142813666615,0.1738455151638764,0.9564970077284441,0.94847245611035,0.94847245611035,0.0,0.9881295461628501,0.0,30.472308740888014,14.430869689661812,hard,0.23679950178984993,0.23578928054154943,0.24953662055500017,0.17137207779012595
0.0,0.0,46.6964886526831,0.17323430391993194,0.9501340451930933,0.916515138991168,0.916515138991168,0.0,0.9558242516278816,0.0,36.9676885942305,14.430869689661812,hard,0.23667930197595444,0.23498096654869446,0.24800774973029957,0.1726814583193333
0.0,0.0,54.632327965606386,0.1728999116935585,0.9460581224392381,0.916515138991168,0.916515138991168,0.0,0.9558242516278816,0.0,43.66199720580816,14.430869689661812,hard,0.2364593566710579,0.23387357264216108,0.2473385328367844,0.17393044228959662
0.0,0.0,50.382749855418595,0.173726345434394,0.9438948102471497,0.916515138991168,0.916515138991168,0.0,0.9558242516278816,0.0,44.62974792669123,14.430869689661812,hard,0.2364593566710579,0.23364458404525704,0.24704711629895604,0.17649940977435674
0.0,0.0,33.14137310370611,0.17405335874653338,0.9425862749246069,0.916515138991168,0.916515138991168,0.0,0.9558242516278816,0.0,28.555910071296978,14.430869689661812,hard,0.23644009119182416,0.23349708411807024,0.2472400894275994,0.1789414728867352
0.0,0.0,23.4737407930563,0.1742974148242511,0.9409216878790241,0.916515138991168,0.916515138991168,0.0,0.9558242516278816,0.0,23.050865493512386,14.430869689661812,hard,0.2364291655965082,0.2334027949207815,0.24746102458980274,0.18060946680972412
0.0,0.0,35.73858729910756,0.17483919718593224,0.9384452529647743,0.916515138991168,0.916515138991168,0.0,0.9558242516278816,0.0,33.094343927626056,14.430869689661812,hard,0.23631750742267357,0.23311041265014426,0.2475473924655966,0.1829747968749148
0.0,0.0,27.940428190521935,0.1753101918240234,0.9363666665240439,0.916515138991168,0.916515138991168,0.0,0.9558242516278816,0.0,24.381665242554707,14.430869689661812,hard,0.23631220684635532,0.2330505776884008,0.24810071075956092,0.18441730525417951
0.0,0.0,28.856511815098333,0.1753331374327173,0.9337430207066335,0.916515138991168,0.916515138991168,0.0,0.9558242516278816,0.0,28.58293896715312,14.430869689661812,hard,0.2363054375016918,0.23292874424983145,0.24817664989418992,0.18525027457879728
0.0,0.0,28.44055031094513,0.17529335208027264,0.931335550613676,0.916515138991168,0.916515138991168,0.0,0.9558242516278816,0.0,28.215804082109724,14.430869689661812,hard,0.2362898016082134,0.23256319914094353,0.248238008742289,0.1865509634082756
0.0,0.0,18.937177921862865,0.17524105451995878,0.9308132839810627,0.916515138991168,0.916515138991168,0.0,0.9558242516278816,0.0,19.215920482766364,14.430869689661812,hard,0.236333335084513,0.2325937279459238,0.24829158224277315,0.1868475608998227
0.0,0.0,23.717107740118095,0.17513570120094235,0.9298104182807144,0.916515138991168,0.916515138991168,0.0,0.9558242516278816,0.0,22.820166519988412,14.430869689661812,hard,0.2363705015417258,0.23260842513409935,0.2483605462937438,0.18724536289397958
0.0,0.0,29.51869496882623,0.17531734976061386,0.9295733657657091,0.916515138991168,0.916515138991168,0.0,0.9558242516278816,0.0,29.24095757665949,14.430869689661812,hard,0.23642393859154012,0.2327600081957257,0.24925094763023298,0.18811583324509534
0.0,0.0,28.791029728241007,0.17549622961088457,0.9297891180151379,0.916515138991168,0.916515138991168,0.0,0.9558242516278816,0.0,28.532374594484768,14.430869689661812,hard,0.23633463014836475,0.23291624833698746,0.24989340478864608,0.1896521741719187
0.0,0.0,34.48477544389441,0.1757908111573265,0.9316315896732342,0.916515138991168,0.916515138991168,0.0,0.9558242516278816,0.0,34.64360835709814,14.430869689661812,hard,0.23634357312065069,0.23315917949072434,0.2506168901928468,0.19094508449177203
0.0,0.0,19.82829121315128,0.17581338830436968,0.9323122037886864,0.916515138991168,0.916515138991168,0.0,0.9558242516278816,0.0,19.796858336614928,14.430869689661812,hard,0.23634660202922322,0.23320216448754816,0.25047912060795635,0.192000418501254
0.0,0.0,30.82378381106005,0.17603984560559205,0.9337971925648659,0.916515138991168,0.916515138991168,0.0,0.9558242516278816,0.0,24.578763191015124,14.430869689661812,hard,0.23634660202922322,0.23326072265938758,0.2507337135276343,0.192942915467054
0.0,0.0,15.996356506710313,0.176097584202816,0.933280556260185,0.905317623820502,0.905317623820502,0.0,0.9848857801796104,0.0,15.771822976434906,14.430869689661812,hard,0.23639152868008256,0.23337446267017034,0.2505893019976162,0.19363018004331523
0.0,0.0,13.748489635661734,0.1761527823310465,0.9337239335898591,0.905317623820502,0.905317623820502,0.0,0.9848857801796104,0.0,13.278554138158265,14.430869689661812,hard,0.23640562049849248,0.23338750559379415,0.2506150669444038,0.1949690778423478
0.0,0.0,34.465693093809776,0.17586825364781283,0.9296775251709878,0.893532316147547,0.893532316147547,0.0,1.012719112093773,0.0,32.269645179332244,14.430869689661812,hard,0.23640562049849248,0.23224462451865407,0.2502237520757237,0.19646154124455553
0.0,0.0,36.17175691742239,0.17612703027976928,0.9290403858948378,0.9156418513807677,0.9156418513807677,0.0,1.0268398122394748,0.0,34.16143439611399,14.430869689661812,hard,0.23523405150789461,0.23183470219343597,0.25008259215590267,0.19831425708968572
0.0,0.0,31.872250839240515,0.17606073084077406,0.9275179355835267,0.9271461589199407,0.9271461589199407,0.0,1.0332473082471592,0.0,29.702282740557163,14.430869689661812,hard,0.23523405150789461,0.23167827000310826,0.2502963646910795,0.19892237913244346
0.0,0.0,24.056162261934713,0.175992778592108,0.9223321565469449,0.938083151964686,0.938083151964686,0.0,1.0392304845413263,0.0,22.397999910706314,14.430869689661812,hard,0.23523405150789461,0.2316439971883268,0.25066620502096026,0.1992368747331937
0.0,0.0,40.48523254342611,0.17640157987974878,0.9224562312143731,0.938083151964686,0.938083151964686,0.0,1.0392304845413263,0.0,28.107621742153857,14.430869689661812,hard,0.23528187356174807,0.23181866898205283,0.25097754122949767,0.2006122442012744
0.0,0.0,46.31690286788082,0.176537228061786,0.9199381804941057,0.9271461589199407,0.9271461589199407,0.0,1.0254754994635416,0.0,37.06457068414525,14.430869689661812,hard,0.2353095921009771,0.23184266497608194,0.2509441292139748,0.20183330184947174
0.0,0.0,26.54498565218288,0.17666580209335825,0.9201613755646832,0.9271461589199407,0.9271461589199407,0.0,1.0254754994635416,0.0,25.949366080889146,14.430869689661812,hard,0.2353095921009771,0.2315369889988546,0.2514578512236348,0.20403270130891699
0.0,0.0,28.026571568275173,0.1767685070524962,0.9194898590326301,0.938083151964686,0.938083151964686,0.0,1.0688311372709909,0.0,27.903404810166087,14.430869689661812,hard,0.23460567796358178,0.2303973790653263,0.2520060060504702,0.20631432409900344
0.0,0.0,41.442680179202455,0.17668304502298576,0.9201423549491101,0.9271461589199407,0.9271461589199407,0.0,1.0547037498748169,0.0,37.97151037290985,14.430869689661812,hard,0.23450965102229662,0.23050561801097735,0.25136187216937955,0.20789039683747143
0.0,0.0,26.5815720498335,0.17676195629691355,0.9164206187036468,0.9271461589199407,0.9271461589199407,0.13999999999999999,1.0547037498748169,0.0,25.600968731671074,14.430869689661812,hard,0.23450965102229662,0.2305641384910589,0.25108996510003506,0.20922503306637177
0.0,0.0,15.673543325686833,0.17701439806531827,0.9158239953973105,0.9271461589199407,0.9271461589199407,0.13999999999999999,1.0547037498748169,0.0,15.677512557800743,14.430869689661812,hard,0.23450965102229662,0.2306373954305463,0.2515618159088386,0.21036619857741584
0.0,0.0,20.0141679769512,0.1769067812833405,0.9155284773198237,0.9271461589199407,0.9271461589199407,0.13999999999999999,1.0547037498748169,0.0,19.840171370227626,14.430869689661812,hard,0.23450965102229662,0.23058193893468562,0.25177588399045475,0.21038844761571446
0.0,0.0,19.175768282302577,0.17685238044712048,0.9157059898817543,0.9271461589199407,0.9271461589199407,0.13999999999999999,1.0547037498748169,0.0,18.85740172982482,14.430869689661812,hard,0.23450965102229662,0.23050355693045146,0.25186468798073636,0.2105595528367456
0.0,0.0,21.271357980482335,0.17652142141182944,0.915712066601479,0.9271461589199407,0.9271461589199407,0.13999999999999999,1.0547037498748169,0.0,18.086060931004297,14.430869689661812,hard,0.23450965102229662,0.23032224323849526,0.2512822418180536,0.21059717321374538
0.0,0.0,33.98202736305503,0.17651857920168323,0.9167225070683478,0.9271461589199407,0.9271461589199407,0.13999999999999999,1.0547037498748169,0.0,23.189273382320543,14.430869689661812,hard,0.23450965102229662,0.23043443477809575,0.25120589165814877,0.2111781447785711
0.0,0.0,29.86648164578847,0.1762603237262986,0.9177960696065723,0.9271461589199407,0.9271461589199407,0.13999999999999999,1.0547037498748169,0.0,30.201251629692436,14.430869689661812,hard,0.23450965102229662,0.23046705678243115,0.25100197804855784,0.2112531465682324
0.0,0.0,17.522042882209572,0.17626889149011313,0.9174928985743084,0.9271461589199407,0.9271461589199407,0.13999999999999999,1.0547037498748169,0.0,14.404665910738784,14.430869689661812,hard,0.23451320872126724,0.23063106801325933,0.2510627300845855,0.2113607603362512
0.0,0.0,20.269879319372414,0.17637301141007505,0.9178108059311673,0.9271461589199407,0.9271461589199407,0.13999999999999999,1.0547037498748169,0.0,19.691460077911948,14.430869689661812,hard,0.23451320872126724,0.23060313708366867,0.2514981973300701,0.21168315499467266
0.0,0.0,27.77458815441904,0.17678439811878063,0.9179600223942102,0.9271461589199407,0.9271461589199407,0.13999999999999999,1.0547037498748169,0.0,27.377078003322413,14.430869689661812,hard,0.23451320872126724,0.23056545336649886,0.25231394809915525,0.2126749332203479
0.0,0.0,18.781128133678596,0.17678498713067176,0.9135088753914395,0.9271461589199407,0.9271461589199407,0.13999999999999999,1.0547037498748169,0.0,18.770189130640105,14.430869689661812,hard,0.23451320872126724,0.23052013112479133,0.25251911515383835,0.2131505311354086
0.0,0.0,18.440210046649728,0.17704730788503287,0.9143604980818809,0.9271461589199407,0.9271461589199407,0.13999999999999999,1.0547037498748169,0.0,17.866348255869188,14.430869689661812,hard,0.23451320872126724,0.23067996540114707,0.2528467149166121,0.2138930155728779
0.0,0.0,14.546569373565381,0.17741820437100722,0.9143604980818809,0.9271461589199407,0.9271461589199407,0.13999999999999999,1.0547037498748169,0.0,15.12,14.430869689661812,hard,0.23451320872126724,0.23101583079580143,0.25328040330922474,0.2141545639288769
0.0,0.0,6.189661887084334,0.1775071594092482,0.9140355925274,0.9271461589199407,0.9271461589199407,0.13999999999999999,1.0547037498748169,0.0,6.168824847570241,14.430869689661812,hard,0.23451320872126724,0.23113051746534888,0.2532298803164334,0.21430147212742556
0.0,0.0,34.64527340338805,0.17728230644102305,0.912507003052628,0.9271461589199407,0.9271461589199407,0.13999999999999999,1.0547037498748169,0.0,27.515995348160676,14.430869689661812,hard,0.23499061969417379,0.23125421129611987,0.2526955757099285,0.2139247180758027
0.0,0.0,18.898604598531136,0.17710324160808585,0.9115127367040136,0.9271461589199407,0.9271461589199407,0.13999999999999999,1.0547037498748169,0.0,18.38995377916976,14.430869689661812,hard,0.23499061969417379,0.23121468753282198,0.2523661390282254,0.21362881245403523
0.0,0.0,18.085719357137886,0.17687057339442755,0.9102245870797713,0.916515138991168,0.916515138991168,0.13999999999999999,1.0777754868245986,0.0,17.08538556778863,14.430869689661812,hard,0.23494974819134842,0.2309268126780475,0.25202243704536803,0.21346258451943023
0.0,0.0,17.47538416313232,0.17674889486203918,0.9095784916712693,0.916515138991168,0.916515138991168,0.13999999999999999,1.0777754868245986,0.0,15.75659861772204,14.430869689661812,hard,0.23494974819134842,0.23089739402729934,0.2519326168417608,0.21323368292330686
0.0,0.0,12.809247058161258,0.17668205926699226,0.9090883220082504,0.916515138991168,0.916515138991168,0.13999999999999999,1.0777754868245986,0.0,12.699606293110037,14.430869689661812,hard,0.23494974819134842,0.2308750372691733,0.2519030155941267,0.21310883930843438
0.0,0.0,37.57336872980884,0.1764659780130058,0.9105493554328973,0.916515138991168,0.916515138991168,0.13999999999999999,1.0665833300778707,0.0,34.91179743295954,14.430869689661812,hard,0.23396708747319592,0.23059525713611526,0.2513400554334387,0.21218080570770562
0.0,0.0,28.475157040023884,0.1764985874440341,0.9117181523681838,0.916515138991168,0.916515138991168,0.13999999999999999,1.0665833300778707,0.0,19.07979035524238,14.430869689661812,hard,0.23396708747319592,0.23067668103966463,0.2514739383891744,0.21249198666787666
0.0,0.0,38.959978577236896,0.1770899480643332,0.9128984417204096,0.9156418513807678,0.9156418513807678,0.13999999999999999,1.0537551897855593,0.0,34.86222023910698,14.430869689661812,hard,0.23396708747319592,0.23077197671563326,0.2517178330678932,0.21070494196232348
0.0,0.0,25.85150106221786,0.1775307606299845,0.9125446663671094,0.9156418513807678,0.9156418513807678,0.13999999999999999,1.0537551897855593,0.0,24.608128738284833,14.430869689661812,hard,0.23396708747319592,0.23085086125399484,0.2516851374434272,0.21034824202175584
0.0,0.0,45.501479389609834,0.17663376965917293,0.898542266874342,0.8774964387392122,0.8774964387392122,0.13999999999999999,1.0017983829094554,0.0,41.283197550577405,14.430869689661812,hard,0.23396708747319592,0.22984472585449303,0.24942557908353644,0.2089752198325924
0.0,0.0,41.80338174635474,0.17560948482690333,0.88433816427938,0.8634813257969162,0.8634813257969162,0.13999999999999999,0.9830564581955605,0.0,38.440790834736994,14.430869689661812,hard,0.23396708747319592,0.22911273286583606,0.24767124442304891,0.20793751608999694
0.0,0.0,27.32412178055742,0.17527380522563746,0.8773085591708198,0.8634813257969162,0.8634813257969162,0.13999999999999999,0.9830564581955605,0.0,26.872595706406923,14.430869689661812,hard,0.2337821984554459,0.22873096602548693,0.24653580660041413,0.2079158271021164
0.0,0.0,31.177352480721705,0.17478646467586165,0.870606902958386,0.8634813257969162,0.8634813257969162,0.13999999999999999,0.9830564581955605,0.0,31.2124910893059,14.430869689661812,hard,0.23376754983117065,0.2279954688541625,0.24530899256215075,0.20742231308205736
0.0,0.0,38.10114472984678,0.17410901002246212,0.8639141309858385,0.8634813257969162,0.8634813257969162,0.13999999999999999,0.9830564581955605,0.0,37.7187698632922,14.430869689661812,hard,0.23355060867101884,0.22690707802409069,0.2442971447780686,0.2069757802707903
0.0,0.0,26.700268498194053,0.17360182696947052,0.859574980390568,0.8634813257969162,0.8634813257969162,0.13999999999999999,0.9830564581955605,0.0,26.331547618778508,14.430869689661812,hard,0.23285192328980822,0.22542566926960647,0.2442683959084999,0.20697463903692132
0.0,0.0,50.707274197170996,0.17264078965156693,0.8553549652699244,0.8634813257969162,0.8634813257969162,0.13999999999999999,0.9830564581955605,0.0,50.33690097731484,14.430869689661812,hard,0.23164945664425085,0.22310894640572904,0.24374582730793437,0.20700791620406048
0.0,0.0,37.38772608732805,0.1720079695332308,0.8513424360743462,0.8634813257969162,0.8634813257969162,0.13999999999999999,0.9830564581955605,0.0,37.33802887137991,14.430869689661812,hard,0.2307184624933982,0.22165239131401593,0.24379312144513848,0.20747266754556185
0.0,0.0,36.982373109393734,0.17144486526791666,0.8479384456590509,0.8634813257969162,0.8634813257969162,0.13999999999999999,0.9830564581955605,0.0,30.167008469518485,14.430869689661812,hard,0.2301379120891499,0.22038916330678113,0.24363592510402787,0.2077929900908245
0.0,0.0,23.858069474140578,0.17109839667201604,0.8451916034142752,0.8634813257969162,0.8634813257969162,0.13999999999999999,0.9830564581955605,0.0,23.346956975160595,14.430869689661812,hard,0.229591242348979,0.21980196117892237,0.24355943550737086,0.20811039511793167
0.0,0.0,23.068986048242362,0.17062709568469878,0.8411685362543281,0.8634813257969162,0.8634813257969162,0.13999999999999999,0.9830564581955605,0.0,23.06013876801265,14.430869689661812,hard,0.22902028816458578,0.21931150667630575,0.2432721209783404,0.20813163624912565
0.0,0.0,17.264068328027633,0.17052582250862727,0.8380989429270693,0.8634813257969162,0.8634813257969162,0.13999999999999999,0.9830564581955605,0.0,16.73320053068151,14.430869689661812,hard,0.22879379704877,0.21924833999492344,0.24331998843238176,0.20846700642026766
0.0,0.0,8.199932977620675,0.1705235307185437,0.8352344774987697,0.8634813257969162,0.8634813257969162,0.13999999999999999,0.9830564581955605,0.0,7.792534889238547,14.430869689661812,hard,0.22871597900044208,0.21923338249804725,0.24335077282547166,0.20870177127372766
0.0,0.0,11.627620567429577,0.17050413736088693,0.83267350420539,0.8634813257969162,0.8634813257969162,0.13999999999999999,0.9830564581955605,0.0,11.52390558795064,14.430869689661812,hard,0.22867359871868762,0.21923657182694617,0.24322553303103245,0.20881159187370069
0.0,0.0,14.573844469266081,0.17024390159225547,0.831007919998001,0.8544003745317531,0.8544003745317531,0.13999999999999999,1.0041912168506553,0.0,14.469885970525132,14.430869689661812,hard,0.22848649817214567,0.21904651122239305,0.24284868945442165,0.20859824659756143
0.0,0.0,27.26242906666736,0.17011406243189106,0.8299107851362526,0.844748483277715,0.844748483277715,0.13999999999999999,1.0244998779892558,0.0,21.55856210418496,14.430869689661812,hard,0.22827616147533275,0.21903081346849562,0.24316731627028984,0.20918155959380286
0.0,0.0,27.05556810508837,0.17002666859405774,0.8264607679692114,0.8811356308764275,0.8811356308764275,0.13999999999999999,1.044030650891055,0.0,26.232803891311352,14.430869689661812,hard,0.22763175224717322,0.21898354783376112,0.2435125630621017,0.21031369116063012
0.0,0.0,14.85947472346776,0.17015538084096862,0.8264607679692114,0.8811356308764275,0.8811356308764275,0.13999999999999999,1.044030650891055,0.0,14.839137441239636,14.430869689661812,hard,0.22763175224717322,0.21922307994610132,0.24379052492117942,0.2108831244925849
0.0,0.0,21.027081974655655,0.16947121653209976,0.8239021601017225,0.8811356308764275,0.8811356308764275,0.13999999999999999,1.044030650891055,0.0,20.26031589092332,14.430869689661812,hard,0.22763175224717322,0.21915997469694615,0.24235266530528735,0.2103646229477851
0.0,0.0,51.10815241445985,0.1694016448215399,0.8181239406706272,0.9254188241007419,0.9254188241007419,0.13999999999999999,1.078702924812944,0.0,46.52966795497256,14.430869689661812,hard,0.22686399721390446,0.21775303966007936,0.2419440120664236,0.2111862122976942
0.0,0.0,20.33656650856585,0.16914472217346496,0.8165966803401264,0.9254188241007419,0.9254188241007419,0.13999999999999999,1.078702924812944,0.0,20.311464742849047,14.430869689661812,hard,0.22686399721390446,0.21756314505751784,0.24148467418069333,0.21122020014160567
0.0,0.0,21.119154043152896,0.1691537790902062,0.815351008600039,0.9254188241007419,0.9254188241007419,0.13999999999999999,1.078702924812944,0.0,19.111922980171308,14.430869689661812,hard,0.22686399721390446,0.21739615482289726,0.24120149015689368,0.21203886732841645
0.0,0.0,35.48988564407607,0.16909542681191872,0.8142024720464031,0.9346657156438339,0.9346657156438339,0.13999999999999999,1.0770329614269007,0.0,27.0437867171001,14.430869689661812,hard,0.22686399721390446,0.21688248678884847,0.24100739393725534,0.2130060880684129
0.0,0.0,41.95108833751178,0.16909478214558024,0.8131948314958763,0.9433981132056605,0.9433981132056605,0.13999999999999999,1.074988372030135,0.0,28.913256475187985,14.430869689661812,hard,0.22686399721390446,0.21658016440807448,0.24104547499490372,0.21289329984025981
0.0,0.0,37.93771575889559,0.1694131780533114,0.8125014140033721,0.9303762679690406,0.9303762679690406,0.13999999999999999,1.0537551897855593,0.0,35.050300997281035,14.430869689661812,hard,0.2268612850155493,0.21621635020238236,0.2412565203898526,0.21261986796942148
0.0,0.0,33.74912915107163,0.16962551813222324,0.8123042161931225,0.8946507698538018,0.8946507698538018,0.13999999999999999,1.0121264743103997,0.0,26.2648129633546,14.430869689661812,hard,0.2268612850155493,0.21598349242284423,0.23879384424540276,0.21379575675675364
0.0,0.0,31.900213578881818,0.1693704725516349,0.805580229704159,0.8874683092933517,0.8874683092933517,0.13999999999999999,0.9848857801796105,0.0,27.40818126034634,14.430869689661812,hard,0.2268612850155493,0.21603892277113437,0.23811399266215422,0.2125491080889128
0.0,0.0,24.459435568307345,0.16921000616530169,0.8021636289419676,0.8874683092933517,0.8874683092933517,0.13999999999999999,0.9848857801796105,0.0,24.482189444573788,14.430869689661812,hard,0.22671582031767198,0.21565588730333357,0.2375118191096279,0.21292815084797456
0.0,0.0,33.0386280894326,0.16942429518312493,0.7996909589791683,0.8874683092933517,0.8874683092933517,0.13999999999999999,0.9848857801796105,0.0,32.781702213277455,14.430869689661812,hard,0.226348592353292,0.21524954655601533,0.2368349873200147,0.21339165200965676
0.0,0.0,17.527999588067736,0.16968531230430123,0.7968313203816955,0.8874683092933517,0.8874683092933517,0.13999999999999999,0.9848857801796105,0.0,17.136440703950164,14.430869689661812,hard,0.226348592353292,0.2152922894233049,0.23640673178713859,0.21445669841983028
0.0,0.0,32.32481406068913,0.17078584961113774,0.7935772479241558,0.8874683092933517,0.8874683092933517,0.13999999999999999,0.9848857801796105,0.0,31.7088315773382,14.430869689661812,hard,0.226348592353292,0.2154098540817479,0.23703492210812513,0.21720668902589602
0.0,0.0,22.623950436003224,0.17152836262185228,0.7910984341872752,0.8874683092933517,0.8874683092933517,0.13999999999999999,0.9848857801796105,0.0,21.865964419617992,14.430869689661812,hard,0.226348592353292,0.2156350018137049,0.23759830797263226,0.218640309728205
0.0,0.0,15.67129467546259,0.17186515751964096,0.7885965711070995,0.8874683092933517,0.8874683092933517,0.13999999999999999,0.9848857801796105,0.0,15.395440883586286,14.430869689661812,hard,0.2263912026399034,0.21591900603674516,0.23755572662498248,0.2196594385231036
0.0,0.0,20.17296846595175,0.1719224945426018,0.7857726161874338,0.8874683092933517,0.8874683092933517,0.13999999999999999,0.9848857801796105,0.0,19.71725132973661,14.430869689661812,hard,0.2263778493365599,0.2157953332686112,0.2379089226526188,0.22003500439767135
0.0,0.0,18.86358101825715,0.1720581244598326,0.7833516438956928,0.8874683092933517,0.8874683092933517,0.13999999999999999,0.9848857801796105,0.0,18.41826267594205,14.430869689661812,hard,0.2260995516527572,0.21559420139488875,0.23774055185844922,0.22092218457169627
0.0,0.0,11.50668954895954,0.17234279505149966,0.7801971513742603,0.8874683092933517,0.8874683092933517,0.13999999999999999,0.9848857801796105,0.0,11.423992296916172,14.430869689661812,hard,0.22589853824520503,0.21559945802903802,0.23807506807220957,0.22115913271890633
0.0,0.0,32.32825058765995,0.17218551898612514,0.7778871119504093,0.8874683092933517,0.8874683092933517,0.13999999999999999,0.9848857801796105,0.0,32.142489013764944,14.430869689661812,hard,0.2257698233701387,0.2151125814045964,0.23783723659723482,0.22089641276367375
0.0,0.0,21.175332477105506,0.1723048214627196,0.776662188588718,0.8874683092933517,0.8874683092933517,0.13999999999999999,0.9848857801796105,0.0,20.257107394689893,14.430869689661812,hard,0.2256520717964947,0.21491561471800122,0.23806094526565366,0.22105715780762766
0.0,0.0,25.92991875475371,0.17243614554319897,0.7776888406174366,0.8874683092933517,0.8874683092933517,0.13999999999999999,0.9848857801796105,0.0,22.002727103702394,14.430869689661812,hard,0.22551681371044782,0.21451987607234946,0.23866268481742353,0.22151600757637582
0.0,0.0,20.811894795449348,0.17256434156161415,0.7791516371593302,0.8874683092933517,0.8874683092933517,0.13999999999999999,0.9848857801796105,0.0,16.085223032336234,14.430869689661812,hard,0.2254495256672643,0.2142778009716735,0.238950178505829,0.22203452994187872
0.0,0.0,17.07736680462783,0.1724211509415081,0.7776801741171764,0.8874683092933517,0.8874683092933517,0.13999999999999999,0.9848857801796105,0.0,16.540326478035432,14.430869689661812,hard,0.2253487194668982,0.21400101046284387,0.23860581206498954,0.22239361036344826
0.0,0.0,20.481408192055902,0.17241871326903468,0.7765146524354672,0.8874683092933517,0.8874683092933517,0.13999999999999999,0.9848857801796105,0.0,19.650587777468644,14.430869689661812,hard,0.2252865547983735,0.21380460326427006,0.23847301561956954,0.22264229836297997
0.0,0.0,14.527957313408526,0.1724757746526,0.775347802949566,0.8874683092933517,0.8874683092933517,0.13999999999999999,0.9848857801796105,0.0,13.99155459554084,14.430869689661812,hard,0.2252763277567531,0.21358755190748252,0.23854323088863696,0.22331889241568312
0.0,0.0,21.479597084891225,0.17269892167187184,0.7758430079369998,0.8874683092933517,0.8874683092933517,0.13999999999999999,0.9848857801796105,0.0,20.507764383276886,14.430869689661812,hard,0.2252841738328961,0.21346148474969492,0.238825148177412,0.22410952356272082
0.0,0.0,25.70175900252587,0.1725636289260472,0.7742612014203478,0.8874683092933517,0.8874683092933517,0.13999999999999999,0.9848857801796105,0.0,23.65515588619107,14.430869689661812,hard,0.22528654800575668,0.21307720167739724,0.23814698035211618,0.22492697886143526
0.0,0.0,29.042431751784417,0.17249300536129825,0.7730348416740712,0.8944271909999159,0.8944271909999159,0.13999999999999999,0.9806120537705011,0.0,27.77048793233565,14.430869689661812,hard,0.2252174197863524,0.2128512880958025,0.23743797010272907,0.22548496221062608
0.0,0.0,29.024372558860023,0.17274644812001022,0.7718812031507204,0.8944271909999159,0.8944271909999159,0.13999999999999999,0.9806120537705011,0.0,28.03230279516829,14.430869689661812,hard,0.22524152964891808,0.21258621944866005,0.23797123536710457,0.22592768264300223
0.0,0.0,19.518465607264805,0.17293320365141643,0.7709114018214035,0.9008884503644167,0.9008884503644167,0.13999999999999999,0.9759098319004681,0.0,16.3560386402087,14.430869689661812,hard,0.22523263954416362,0.21247841568550332,0.23806734643993696,0.22610399447981352
0.0,0.0,48.22094517729611,0.17280784249707626,0.7702182658512009,0.8845337754998391,0.8845337754998391,0.13999999999999999,0.9499473669630334,0.0,41.21252722170773,14.430869689661812,hard,0.22522976130932681,0.21232329337989334,0.23634353494408725,0.22437685121025563
0.0,0.0,36.232652743515025,0.17218790979143578,0.7650545596197786,0.8674099376880576,0.8674099376880576,0.13999999999999999,0.9228217596047461,0.0,33.12548263799337,14.430869689661812,hard,0.22522976130932681,0.21216974332319072,0.2348526624785629,0.22195610579827807
0.0,0.0,32.167181067121085,0.17226116132275904,0.7650545596197786,0.8494704232638121,0.8494704232638121,0.13999999999999999,0.8944271909999159,0.0,30.61874589201851,14.430869689661812,hard,0.22522976130932681,0.21271707989171565,0.2342635486256313,0.22093446082278234
0.0,0.0,39.251922971878315,0.1713013698422403,0.7541620453591404,0.8544003745317531,0.8544003745317531,0.13999999999999999,0.8874683092933517,0.0,37.077912562602556,14.430869689661812,hard,0.22527695472881493,0.21284068739747078,0.23336993273924533,0.21929831724848642
0.0,0.0,21.035479236343203,0.17105074586672112,0.7538173388401497,0.8544003745317531,0.8544003745317531,0.13999999999999999,0.8874683092933517,0.0,21.623135757794238,14.430869689661812,hard,0.22534140727745927,0.21281508402783134,0.2330896072669144,0.2194356293787343
0.0,0.0,19.792661963332613,0.17093158851822027,0.7536493131311623,0.8544003745317531,0.8544003745317531,0.13999999999999999,0.8874683092933517,0.0,19.512703554351454,14.430869689661812,hard,0.22543300603817598,0.21284327810110926,0.23299601658301886,0.21960226368671268
0.0,0.0,29.44258557434138,0.17116528468773315,0.7538033568354708,0.8544003745317531,0.8544003745317531,0.13999999999999999,0.8874683092933517,0.0,29.513800161958134,14.430869689661812,hard,0.22555978310902372,0.2128542356038306,0.23327836479431366,0.21981275772301442
0.0,0.0,18.983683673518414,0.1710809090632881,0.7540747636302012,0.8544003745317531,0.8544003745317531,0.13999999999999999,0.8874683092933517,0.0,16.576236002180956,14.430869689661812,hard,0.2256459013295729,0.2127518461329357,0.23329628840692204,0.220130321795411
0.0,0.0,27.189431757219012,0.171144850524048,0.7545381968472544,0.8544003745317531,0.8544003745317531,0.13999999999999999,0.8874683092933517,0.0,21.296234408927788,14.430869689661812,hard,0.22573189903218627,0.2126312542426,0.2334368850434436,0.22082927322373247
0.0,0.0,34.0662005861903,0.17123575891675658,0.7552424541958921,0.8544003745317531,0.8544003745317531,0.13999999999999999,0.8874683092933517,0.0,27.315995314101222,14.430869689661812,hard,0.2257369123620042,0.21255725272255588,0.2333603805267912,0.221920762706252
0.0,0.0,24.366872218374134,0.17133431645320824,0.7558144447435212,0.8544003745317531,0.8544003745317531,0.13999999999999999,0.8874683092933517,0.0,23.904108433489,14.430869689661812,hard,0.2257419504894214,0.2124707848701599,0.23365097750946734,0.22281758812175348
0.0,0.0,13.174538897267164,0.17146271189129225,0.7558144447435212,0.8544003745317531,0.8544003745317531,0.13999999999999999,0.8874683092933517,0.0,12.393950137062841,14.430869689661812,hard,0.2257419504894214,0.21241615647321088,0.2341018483433635,0.22324243840667377
0.0,0.0,20.556428452297826,0.1716021458389872,0.7558144447435212,0.8544003745317531,0.8544003745317531,0.13999999999999999,0.8874683092933517,0.0,20.52155939493877,14.430869689661812,hard,0.2257346350669344,0.21223645957111292,0.2348301277396275,0.22380545702164686
0.0,0.0,9.477924372483585,0.17164810192620694,0.7558144447435212,0.8544003745317531,0.8544003745317531,0.13999999999999999,0.8874683092933517,0.0,9.380000000000004,14.430869689661812,hard,0.2257346350669344,0.21216349934870543,0.23504318581861253,0.2240508061154597
0.0,0.0,13.16017648662414,0.17169816217536807,0.7560186108034024,0.8544003745317531,0.8544003745317531,0.13999999999999999,0.8874683092933517,0.0,11.724913645737436,14.430869689661812,hard,0.2257174919409702,0.2120422970017799,0.23529297888257178,0.2243767924661627
0.0,0.0,11.236961029506867,0.17182211022622204,0.7560186108034024,0.8544003745317531,0.8544003745317531,0.13999999999999999,0.8874683092933517,0.0,11.353395967727012,14.430869689661812,hard,0.2257174919409702,0.21196992499333192,0.23560985969637482,0.22477052638319195
0.0,0.0,9.949970651669434,0.17195667623366453,0.7560186108034024,0.8544003745317531,0.8544003745317531,0.13999999999999999,0.8874683092933517,0.0,10.173868487453529,14.430869689661812,hard,0.2257174919409702,0.21190931354356032,0.23578042006927483,0.22533332827790806
0.0,0.0,20.3365299513633,0.17251295631615465,0.7555121380973482,0.8726969691708572,0.8726969691708572,0.13999999999999999,0.9243376006633074,0.0,20.346950631482844,14.430869689661812,hard,0.2251542030214519,0.21225798592683215,0.2361183569632704,0.22612783595767666
0.0,0.0,39.60322948694828,0.17330372648188272,0.7554430295845767,0.8901685233707155,0.8901685233707155,0.13999999999999999,0.9593747964169164,0.0,40.01561695138536,14.430869689661812,hard,0.2235011403921412,0.21322191210705835,0.23660386659734176,0.22699488376624674
0.0,0.0,18.426970485660405,0.17356551294051925,0.7554430295845767,0.8901685233707155,0.8901685233707155,0.13999999999999999,0.9593747964169164,0.0,18.468351307033338,14.430869689661812,hard,0.22318416522649565,0.21369566718173746,0.2370207985456099,0.22688840406540906
0.0,0.0,30.82847503608879,0.17424436565833437,0.7554430295845767,0.9286549412995119,0.9286549412995119,0.13999999999999999,0.9724196624914574,0.0,29.96066754930537,14.430869689661812,hard,0.222130280515873,0.21454873631271787,0.23813624176405904,0.2262339063417731
0.0,0.0,22.271805394403163,0.17473718529683507,0.7554430295845767,0.9286549412995119,0.9286549412995119,0.13999999999999999,0.9724196624914574,0.0,21.72140879409068,14.430869689661812,hard,0.22165302745826196,0.21479900278261493,0.23889919370934928,0.2261529944165
0.0,0.0,20.660263066011908,0.17486562127237,0.7554430295845767,0.9340235543068494,0.9340235543068494,0.13999999999999999,0.9643650760992954,0.0,14.116104278447363,14.430869689661812,hard,0.22139902932109176,0.2150714172838646,0.23935355505210654,0.22563815277653337
0.0,0.0,30.547817004188705,0.17490932710139337,0.7546794117169989,0.9389355675444403,0.9389355675444403,0.13999999999999999,0.9558242516278816,0.0,24.758804494563144,14.430869689661812,hard,0.22114637130740372,0.2155438228075481,0.2394888162679987,0.22494350831329624
0.0,0.0,24.707938887233784,0.1750616182528379,0.7545962395994984,0.9389355675444403,0.9389355675444403,0.13999999999999999,0.9558242516278816,0.0,23.486753713529676,14.430869689661812,hard,0.2208902521816149,0.21621067154603774,0.23962117990560233,0.22452926810606583
0.0,0.0,33.04970921119185,0.1752088482567672,0.7547547302034171,0.9389355675444403,0.9389355675444403,0.13999999999999999,0.9558242516278816,0.0,33.01188270910946,14.430869689661812,hard,0.22077488439924092,0.21582783111268428,0.24050052495995244,0.224818951804024
0.0,0.0,26.496297178754688,0.17508668126269528,0.7516691671621598,0.9433981132056604,0.9433981132056604,0.13999999999999999,0.9467840302835699,0.0,23.61627404990042,14.430869689661812,hard,0.22071387443245427,0.2158402490801728,0.2407291100195518,0.22452197736669954
0.0,0.0,33.62760037673011,0.17494661257173263,0.7505944126853776,0.9389355675444403,0.9389355675444403,0.13999999999999999,0.9583318840568752,0.0,33.366384281189355,14.430869689661812,hard,0.2206317850625081,0.21512716101586976,0.24050808402540647,0.22448470977809204
0.0,0.0,35.57510843235575,0.174953336611821,0.7497491431935025,0.9389355675444403,0.9389355675444403,0.13999999999999999,0.9583318840568752,0.0,24.37917964165324,14.430869689661812,hard,0.22056726915677086,0.2150565369068861,0.24047119224529553,0.22431727672798177
0.0,0.0,27.5094666801109,0.17513264229589806,0.7492878574280053,0.9389355675444403,0.9389355675444403,0.13999999999999999,0.9583318840568752,0.0,27.477816507138993,14.430869689661812,hard,0.22053415714198815,0.2149375997197118,0.2406834473176724,0.2249496155075778
0.0,0.0,33.882626208443035,0.17558893103998993,0.7492878574280053,0.9389355675444403,0.9389355675444403,0.13999999999999999,0.9583318840568752,0.0,25.601414023448,14.430869689661812,hard,0.22053415714198815,0.21467286699824498,0.24109213719884076,0.2251596073864311
0.0,0.0,21.617486356447117,0.17595499193765246,0.7493426144369064,0.9389355675444403,0.9389355675444403,0.13999999999999999,0.9583318840568752,0.0,20.89330036159917,14.430869689661812,hard,0.22053415714198815,0.21463239886944133,0.24141251848129008,0.22585285270638394
0.0,0.0,26.758496792936906,0.1763090454464075,0.7493426144369064,0.9389355675444403,0.9389355675444403,0.13999999999999999,0.9583318840568752,0.0,25.850036750457438,14.430869689661812,hard,0.22053415714198815,0.21466667434479117,0.2419025245978983,0.2273742482978571
0.0,0.0,23.84662274158447,0.17669710118435414,0.749030803349749,0.9389355675444403,0.9389355675444403,0.13999999999999999,0.9583318840568752,0.0,23.44665434555643,14.430869689661812,hard,0.22053415714198815,0.21470897412779594,0.24245038741358726,0.22836595565819975
0.0,0.0,20.8683050317321,0.17698877485049455,0.7483997422560794,0.9389355675444403,0.9389355675444403,0.13999999999999999,0.9583318840568752,0.0,20.388781228901347,14.430869689661812,hard,0.22052847093222921,0.21461347417039844,0.242739798676739,0.2289180176040881
0.0,0.0,25.796170317341176,0.17743013228480817,0.7483997422560794,0.9389355675444403,0.9389355675444403,0.13999999999999999,0.9583318840568752,0.0,25.01878494251869,14.430869689661812,hard,0.22052013444071153,0.21489573293460434,0.24320525337175208,0.22989893429010946
0.0,0.0,27.804386044072725,0.1778455940414299,0.7483997422560794,0.9389355675444403,0.9389355675444403,0.13999999999999999,0.9583318840568752,0.0,27.609534584994364,14.430869689661812,hard,0.2203793954790195,0.21520077758383685,0.24371193157537435,0.23093336175809343
0.0,0.0,18.104778805885328,0.17814924355499148,0.7483997422560794,0.9389355675444403,0.9389355675444403,0.13999999999999999,0.9583318840568752,0.0,17.587825334588697,14.430869689661812,hard,0.22035124813682017,0.2154475564026039,0.24421842895394769,0.2316425066237224
0.0,0.0,23.96961482635752,0.17840912375624027,0.7483997422560794,0.9389355675444403,0.9389355675444403,0.13999999999999999,0.9583318840568752,0.0,23.734877290603375,14.430869689661812,hard,0.22035124813682017,0.2155628685925254,0.2448160898221129,0.23221858215037894
0.0,0.0,21.37501208883849,0.17874998133395,0.7483997422560794,0.9389355675444403,0.9389355675444403,0.13999999999999999,0.9583318840568752,0.0,21.491402932335525,14.430869689661812,hard,0.22033948340420867,0.21583987465885146,0.24559384972271484,0.2324505168526356
0.0,0.0,17.77873212873539,0.17909677946191505,0.7483997422560794,0.9389355675444403,0.9389355675444403,0.13999999999999999,0.9583318840568752,0.0,17.69180601295413,14.430869689661812,hard,0.22031387408914901,0.21597995722310934,0.24651246342696795,0.23284836193001923
0.0,0.0,11.565271727957317,0.17931979160222522,0.7474907543803023,0.9389355675444403,0.9389355675444403,0.13999999999999999,0.9583318840568752,0.0,11.490239336062587,14.430869689661812,hard,0.22030996637421424,0.2160716417407378,0.247349254134181,0.23284101096671855
0.0,0.0,24.186418327695566,0.17982684422340015,0.7474907543803023,0.9389355675444403,0.9389355675444403,0.13999999999999999,0.9583318840568752,0.0,23.104112188093268,14.430869689661812,hard,0.22027111049050402,0.21627925203739815,0.24810436012384962,0.2335879265178246
0.0,0.0,16.782677688703217,0.18014731175269802,0.7474907543803023,0.9389355675444403,0.9389355675444403,0.13999999999999999,0.9583318840568752,0.0,16.427111736394806,14.430869689661812,hard,0.22026981354249464,0.2166051151243537,0.24875468262445918,0.2335548818715589
0.0,0.0,18.87802868498389,0.18059692452490078,0.7474907543803023,0.9389355675444403,0.9389355675444403,0.13999999999999999,0.9583318840568752,0.0,17.968027159373953,14.430869689661812,hard,0.22023801494351058,0.21693284997309145,0.24959452756621617,0.23344604857373807
0.0,0.0,16.99166243466293,0.18090032270022102,0.7474907543803023,0.9389355675444403,0.9389355675444403,0.13999999999999999,0.9583318840568752,0.0,16.23822650414755,14.430869689661812,hard,0.22023784519466152,0.21701287624772045,0.25037551618030246,0.23348766291559708
0.0,0.0,28.751749829399866,0.18138400974084087,0.7474907543803023,0.9340235543068494,0.9340235543068494,0.13999999999999999,0.9693296652842107,0.0,28.344488000314985,14.430869689661812,hard,0.22023817342437593,0.2175884368410058,0.2513019242847228,0.23387640320522401
0.0,0.0,17.209556008908848,0.18166949388706033,0.747533555034741,0.9340235543068494,0.9340235543068494,0.13999999999999999,0.9693296652842107,0.0,17.347322559980256,14.430869689661812,hard,0.22023817342437593,0.21773475339625184,0.25196363449306064,0.2344793430644867
0.0,0.0,14.544450040475875,0.18197412282436878,0.747533555034741,0.9340235543068494,0.9340235543068494,0.13999999999999999,0.9693296652842107,0.0,14.161412358942167,14.430869689661812,hard,0.22023817342437593,0.21786795989890906,0.2529473198815426,0.2348435225606567
0.0,0.0,10.7093543251654,0.18213133546442034,0.747533555034741,0.9340235543068494,0.9340235543068494,0.13999999999999999,0.9693296652842107,0.0,8.72580082284715,14.430869689661812,hard,0.22023817342437593,0.21794242935212998,0.2533640282281399,0.23493310731712388
0.0,0.0,7.384721276625814,0.1822076629822049,0.7470456942150538,0.9340235543068494,0.9340235543068494,0.13999999999999999,0.9693296652842107,0.0,6.004131910609559,14.430869689661812,hard,0.22023817342437593,0.21794002789869252,0.25348942070426234,0.23485176274528546
0.0,0.0,31.714225464523047,0.18185263377448826,0.7431172554550775,0.9389355675444403,0.9389355675444403,0.13999999999999999,0.9591663046625439,0.0,28.21293320447202,14.430869689661812,hard,0.22023817342437593,0.21791602047013736,0.2535157878502818,0.23376423808224567
0.0,0.0,17.38499188524494,0.18179126159989345,0.7413663068069124,0.9389355675444403,0.9389355675444403,0.13999999999999999,0.9591663046625439,0.0,16.107451691686055,14.430869689661812,hard,0.22023817342437593,0.21785478331984923,0.2535805387809257,0.2336679002172911
0.0,0.0,12.631722847028401,0.18189646953182806,0.7395874471352046,0.9389355675444403,0.9389355675444403,0.13999999999999999,0.9591663046625439,0.0,10.720746242682921,14.430869689661812,hard,0.22023817342437593,0.21782888323201818,0.25374637332837613,0.2338051903887525
0.0,0.0,5.614700174618648,0.18194086354979283,0.7384257437323689,0.9389355675444403,0.9389355675444403,0.13999999999999999,0.9591663046625439,0.0,5.351635264103861,14.430869689661812,hard,0.22023817342437593,0.21782125116693754,0.25380270210663713,0.23373220409053197
0.0,0.0,7.7888195385272025,0.18210203356962962,0.7373512828831614,0.9389355675444403,0.9389355675444403,0.13999999999999999,0.9591663046625439,0.0,7.383115873396543,14.430869689661812,hard,0.22023817342437593,0.21782125116693754,0.25413910073435253,0.2338911385273402
0.0,0.0,10.72478998873804,0.18228247039927653,0.7365122845892784,0.9389355675444403,0.9389355675444403,0.13999999999999999,0.9591663046625439,0.0,10.271202461250581,14.430869689661812,hard,0.22023817342437593,0.21782125116693754,0.2547173312006906,0.23399838068361795
0.0,0.0,7.400618085197732,0.1822898183646041,0.7359580201854031,0.9389355675444403,0.9389355675444403,0.13999999999999999,0.9591663046625439,0.0,6.09970491089528,14.430869689661812,hard,0.22023817342437593,0.21782125116693754,0.25474166812202165,0.23384104957704815
0.0,0.0,8.910995288718729,0.1822829334494233,0.7355217815590751,0.9389355675444403,0.9389355675444403,0.13999999999999999,0.9591663046625439,0.0,7.971975915668585,14.430869689661812,hard,0.22023817342437593,0.21782125116693754,0.25479300186996656,0.2338677380910544
0.0,0.0,9.282326881918838,0.18221897533284653,0.7352925708586392,0.9389355675444403,0.9389355675444403,0.13999999999999999,0.9591663046625439,0.0,8.818253795395096,14.430869689661812,hard,0.22023817342437593,0.21782125116693754,0.25482435214468224,0.23395501838703722
0.0,0.0,11.424800639769847,0.1820793961956742,0.7352991939109497,0.9389355675444403,0.9389355675444403,0.13999999999999999,0.9591663046625439,0.0,10.692071829163888,14.430869689661812,hard,0.22023817342437593,0.21782125116693754,0.25484623696379494,0.23391996232999748
0.0,0.0,14.27312236885494,0.18200582615512653,0.7355148728040067,0.9389355675444403,0.9389355675444403,0.13999999999999999,0.9591663046625439,0.0,14.569831845289087,14.430869689661812,hard,0.22023817342437593,0.21781685750993263,0.2551567406105002,0.23415074263778576
0.0,0.0,11.264185092484965,0.1819810259349789,0.7358847494137166,0.9389355675444403,0.9389355675444403,0.13999999999999999,0.9591663046625439,0.0,11.579291860904103,14.430869689661812,hard,0.22023817342437593,0.2178213555100994,0.2553530161938139,0.23455741671511662
0.0,0.0,24.224629720485627,0.1821496552009452,0.7367282797558746,0.9389355675444403,0.9389355675444403,0.13999999999999999,0.9591663046625439,0.0,19.7985454011147,14.430869689661812,hard,0.22023891412228824,0.2178213555100994,0.25566057310427875,0.23503691586718461
0.0,0.0,22.353909948002183,0.18250346103861168,0.7375785331713471,0.9551963149007642,0.9551963149007642,0.13999999999999999,0.9897474425326898,0.0,22.62335960904127,14.430869689661812,hard,0.21923981961873626,0.2178147510359695,0.25617079978996576,0.2357538190038987
0.0,0.0,33.230114757040724,0.1829602278407846,0.7375785331713471,0.9551963149007642,0.9551963149007642,0.13999999999999999,0.9897474425326898,0.0,29.41031111702152,14.430869689661812,hard,0.21870387492326587,0.21783920698079806,0.2565073562654791,0.23628586890885694
0.0,0.0,30.60941580762455,0.18344753773952893,0.7374299128107273,0.9551963149007642,0.9551963149007642,0.13999999999999999,0.9897474425326898,0.0,30.338918899657582,14.430869689661812,hard,0.21850349598625077,0.21788374293111498,0.2567510504688082,0.23708090409421
0.0,0.0,37.430226362548595,0.1845523264072813,0.7374299128107273,0.9797958971132712,0.9797958971132712,0.13999999999999999,1.0552724766618335,0.0,37.4918657844605,14.430869689661812,hard,0.21712686386247862,0.2177478024402286,0.2581035087920776,0.23775521604702596
0.0,0.0,30.498365039525805,0.18510025058115503,0.7374299128107273,0.9797958971132712,0.9797958971132712,0.13999999999999999,1.0552724766618335,0.0,23.65928147683272,14.430869689661812,hard,0.21694392073624785,0.21788672117814478,0.25922166423492565,0.2384845978106405
0.0,0.0,25.61220789381336,0.1857372289450603,0.7374299128107273,0.9442457307290301,0.9442457307290301,0.13999999999999999,1.0816653826391966,0.0,25.396031185994396,14.430869689661812,hard,0.21681014501116583,0.21820927345593047,0.2602469234152218,0.23982245081030118
0.0,0.0,14.788519608247226,0.18612122814209528,0.7374299128107273,0.9442457307290301,0.9442457307290301,0.13999999999999999,1.0816653826391966,0.0,13.53963071874562,14.430869689661812,hard,0.2167191453657332,0.21828955147565543,0.26063976563722574,0.24061905962631489
0.0,0.0,37.98183114814649,0.18637596708675203,0.7374299128107273,0.9591663046625439,0.9591663046625439,0.13999999999999999,1.0703270528207722,0.0,30.163056874262594,14.430869689661812,hard,0.21587356356505805,0.2183104503256296,0.26065518310144925,0.24121462924012296
0.0,0.0,14.649579651148995,0.18645341858682776,0.7374299128107273,0.9591663046625439,0.9591663046625439,0.13999999999999999,1.0703270528207722,0.0,14.068418532301347,14.430869689661812,hard,0.2157197653442739,0.2183648611187966,0.2606951073800842,0.24141782079511484
0.0,0.0,5.817549282595298,0.18640570339469925,0.7364810913088056,0.9591663046625439,0.9591663046625439,0.13999999999999999,1.0703270528207722,0.0,5.012025538642037,14.430869689661812,hard,0.2156489721209166,0.2182756915456865,0.26070026966923204,0.24144825763005284
0.0,0.0,27.39261668557118,0.18630909587915795,0.7364810913088056,0.9442457307290301,0.9442457307290301,0.13999999999999999,1.0394229168149027,0.0,23.508092223742874,14.430869689661812,hard,0.21563471857657157,0.2182818998360764,0.2606500184480501,0.23971367729519602
0.0,0.0,14.480951608200309,0.1866200969596068,0.7364810913088056,0.9499473669630334,0.9499473669630334,0.13999999999999999,1.0268398122394748,0.0,10.53681166197821,14.430869689661812,hard,0.21562534706152992,0.21829720151478507,0.2606552180617423,0.23979655544897907
0.0,0.0,9.777981819887927,0.18687472267942423,0.7364810913088056,0.9499473669630334,0.9499473669630334,0.13999999999999999,1.0268398122394748,0.0,8.22522948008139,14.430869689661812,hard,0.215602376340672,0.2183041089034976,0.2606761252483344,0.2399822345132734
0.0,0.0,9.079014598835288,0.18705376823834183,0.7364810913088056,0.9499473669630334,0.9499473669630334,0.13999999999999999,1.0268398122394748,0.0,7.845737696354625,14.430869689661812,hard,0.215602376340672,0.2183041089034976,0.2607103313951819,0.23987014041761068
0.0,0.0,8.461180317003489,0.18721867265215847,0.7364810913088056,0.9499473669630334,0.9499473669630334,0.13999999999999999,1.0268398122394748,0.0,7.447308238551699,14.430869689661812,hard,0.215602376340672,0.2183041089034976,0.260715587444472,0.23971226038330995
0.0,0.0,6.715311540999085,0.18734939308733656,0.7366686746157014,0.9499473669630334,0.9499473669630334,0.13999999999999999,1.0268398122394748,0.0,6.355595959467531,14.430869689661812,hard,0.215602376340672,0.2183041089034976,0.260647544004992,0.23956751924502978
0.0,0.0,9.090305303266618,0.18752711175851397,0.7366686746157014,0.9499473669630334,0.9499473669630334,0.13999999999999999,1.0268398122394748,0.0,8.398952315616516,14.430869689661812,hard,0.215602376340672,0.2183041089034976,0.26071433579581166,0.23943377686015607
0.0,0.0,10.848987557407465,0.18772969889799593,0.7366686746157014,0.9499473669630334,0.9499473669630334,0.13999999999999999,1.0268398122394748,0.0,10.078114903095718,14.430869689661812,hard,0.215602376340672,0.2183041089034976,0.2607951076426133,0.2393655250391401
0.0,0.0,10.824991082574643,0.18801546187721033,0.7362564934645718,0.9499473669630334,0.9499473669630334,0.13999999999999999,1.0268398122394748,0.0,10.800462953040485,14.430869689661812,hard,0.215602376340672,0.2183041089034976,0.2609825056645647,0.23964805927332447
0.0,0.0,36.01515538827409,0.1886435156698144,0.7360393475575974,0.9499473669630334,0.9499473669630334,0.13999999999999999,1.0268398122394748,0.0,32.458120709615955,14.430869689661812,hard,0.21495362162906367,0.21766631628747052,0.26136872297146996,0.24008471392536365
0.0,0.0,14.357503249200684,0.18900968484668032,0.7360393475575974,0.9499473669630334,0.9499473669630334,0.13999999999999999,1.0268398122394748,0.0,13.638181696985855,14.430869689661812,hard,0.2146334300000464,0.2175755091498384,0.26161954317065406,0.24088893891910218
0.0,0.0,12.216935607578755,0.18934774194141624,0.7360393475575974,0.9499473669630334,0.9499473669630334,0.13999999999999999,1.0268398122394748,0.0,12.684541773355472,14.430869689661812,hard,0.2143837288469658,0.21785328075337143,0.26179151729432226,0.2416428436260434
0.0,0.0,10.200593056701685,0.18960748441428676,0.7360393475575974,0.9499473669630334,0.9499473669630334,0.13999999999999999,1.0268398122394748,0.0,10.456404735854479,14.430869689661812,hard,0.21436104242516646,0.2179547418586091,0.2616839176911733,0.24213895259288182
0.0,0.0,11.77795845789996,0.18965882762867908,0.7345478066290636,0.9856977224281286,0.9856977224281286,0.13999999999999999,1.0712609392673664,0.0,11.925837496796609,14.430869689661812,hard,0.21420260667330593,0.21785665237494636,0.26167841086550603,0.24195809917583613
0.0,0.0,5.6653770761087445,0.18974975977107694,0.7345478066290636,0.9856977224281286,0.9856977224281286,0.13999999999999999,1.0712609392673664,0.0,5.738850059027505,14.430869689661812,hard,0.21413420054624405,0.2178947945867505,0.26167841086550603,0.24197108375433313
0.0,0.0,5.164074962303414,0.18983565439684516,0.7345478066290636,0.9856977224281286,0.9856977224281286,0.13999999999999999,1.0712609392673664,0.0,4.731553656041532,14.430869689661812,hard,0.21410879455901016,0.21798629371918704,0.2616944621604967,0.24202320818297665
0.0,0.0,7.436064390227899,0.19001075903077777,0.7338624685961868,0.9856977224281286,0.9856977224281286,0.13999999999999999,1.0712609392673664,0.0,6.70787596784556,14.430869689661812,hard,0.21406968980189764,0.21809961370921632,0.2617381202444271,0.2422718152717751
0.0,0.0,4.234945928292486,0.19003509809868033,0.7338624685961868,0.9856977224281286,0.9856977224281286,0.13999999999999999,1.0712609392673664,0.0,3.64,14.430869689661812,hard,0.21406968980189764,0.21809961370921632,0.26177734041357514,0.2425000008926977
0.0,0.0,5.8559141188615005,0.1900561206716076,0.7338624685961868,0.9856977224281286,0.9856977224281286,0.13999999999999999,1.0712609392673664,0.0,3.3600000000000003,14.430869689661812,hard,0.21406968980189764,0.21809961370921632,0.26177734041357514,0.24277530193576718
0.0,0.0,19.764035606570555,0.1901854745294146,0.7338624685961868,0.9856977224281286,0.9856977224281286,0.13999999999999999,1.100727032465361,0.0,19.919528106860366,14.430869689661812,hard,0.21384878513180502,0.2180815357307936,0.2623235861196217,0.24343326330595058
0.0,0.0,12.360577303703364,0.1903439553609334,0.7338624685961868,0.9856977224281286,0.9856977224281286,0.13999999999999999,1.100727032465361,0.0,11.859595271340417,14.430869689661812,hard,0.21384878513180502,0.21806847592535233,0.262868315200707,0.2441584881953403
0.0,0.0,28.76710697939931,0.19103376420405166,0.7339841910495692,0.9856977224281286,0.9856977224281286,0.13999999999999999,1.100727032465361,0.0,28.155596246572365,14.430869689661812,hard,0.2137866116927917,0.21842132210432252,0.26327413997872445,0.2450810000779021
0.0,0.0,7.912041592260633,0.19111748801578582,0.7339841910495692,0.9856977224281286,0.9856977224281286,0.13999999999999999,1.100727032465361,0.0,6.127185324437316,14.430869689661812,hard,0.2137866116927917,0.21842009303157425,0.26330093096595536,0.24589560360796173
0.0,0.0,2.97580458805545,0.19111748801578582,0.7339841910495692,0.9856977224281286,0.9856977224281286,0.13999999999999999,1.100727032465361,0.0,0.0,14.430869689661812,hard,0.2137866116927917,0.21842009303157425,0.26330093096595536,0.24589560360796173
0.0,0.0,3.495264406078327,0.19111748801578582,0.7339841910495692,0.9856977224281286,0.9856977224281286,0.13999999999999999,1.100727032465361,0.0,0.0,14.430869689661812,hard,0.2137866116927917,0.21842009303157425,0.26330093096595536,0.24589560360796173
0.0,0.0,16.97103421848672,0.1908253533948826,0.7318343332353544,0.9911609354691093,0.9911609354691093,0.13999999999999999,1.087382177525455,0.0,12.74,14.430869689661812,hard,0.2137866116927917,0.21842009303157425,0.26330093096595536,0.24498038575824235
0.0,0.0,13.160123460901271,0.19065946297396136,0.731020705088971,0.9911609354691093,0.9911609354691093,0.13999999999999999,1.087382177525455,0.0,11.798728745080972,14.430869689661812,hard,0.21377822225302856,0.2184876257195594,0.26330093096595536,0.24433473102652065
0.0,0.0,18.944312679045005,0.1901508698720302,0.7260741381332039,0.9911609354691093,0.9911609354691093,0.13999999999999999,1.0777754868245983,0.0,16.541837866452443,14.430869689661812,hard,0.21377822225302856,0.2184876257195594,0.2629473523175815,0.24308690502348093
0.0,0.0,34.07764909107721,0.1890020248258862,0.7202755509217399,0.9911609354691093,0.9911609354691093,0.13999999999999999,1.0777754868245983,0.0,30.20702567284638,14.430869689661812,hard,0.21377822225302856,0.2184876257195594,0.2617940096177082,0.24158730806595266
0.0,0.0,57.51282370329767,0.18813047643893507,0.714863667561251,0.9911609354691093,0.9911609354691093,0.13999999999999999,1.0777754868245983,0.0,25.55171227139191,14.430869689661812,hard,0.21377822225302856,0.2184876257195594,0.26067749799995515,0.2407824368613903
