step,timestamp,reward,coverage,cov_trace,altitude,alt_idx,loop_closures,altitude_changes,frontier_count,new_cells,map_seed,difficulty,cov_alt0,cov_alt1,cov_alt2,cov_alt3
0.0,0.0,56.65303839889359,0.009116888780590348,0.03455474400125418,0.0,0.0,0.0,0.0,0.0,56.343095406624585,14.430869689661812,hard,0.03135475088265301,0.014770141322659223,0.0,0.0
0.0,0.0,43.76297238378019,0.011082267131336697,0.06288316776124103,0.0,0.0,0.0,0.0,0.0,43.609631963592626,14.430869689661812,hard,0.036169575974895715,0.017641627570200366,0.0,0.0
0.0,0.0,41.44184530449595,0.012934689161019653,0.08634865469904991,0.0,0.0,0.0,0.0,0.0,41.49600462695174,14.430869689661812,hard,0.03945653054089133,0.021764041025865103,0.0,0.0
0.0,0.0,38.13182367668333,0.015258587762242832,0.11598975184745786,0.0,0.0,0.0,0.0,0.0,37.681937317500015,14.430869689661812,hard,0.04379645747772586,0.025642326705223685,0.0,0.0
0.0,0.0,44.70755274731228,0.017919553377046395,0.14420697217624856,0.0,0.0,0.0,0.0,0.0,44.429431686664635,14.430869689661812,hard,0.04968609651081282,0.02900753281519555,0.0,0.0
0.0,0.0,48.76542968079744,0.02070647119799242,0.16850148846286436,0.0,0.0,0.0,0.0,0.0,48.56551863205004,14.430869689661812,hard,0.0563005676504698,0.03336604561927334,0.0,0.0
0.0,0.0,47.27193886251632,0.023337417702024656,0.19495861260530753,0.0,0.0,0.0,0.0,0.0,46.803286209410544,14.430869689661812,hard,0.06378699395124167,0.036642040683789553,0.0,0.0
0.0,0.0,51.50436715363538,0.026745075560449513,0.22571392820103828,0.0,0.0,0.0,0.0,0.0,50.91177074115573,14.430869689661812,hard,0.07183124795673065,0.04214999451631361,0.0,0.0
0.0,0.0,40.93404870201516,0.02930053280678247,0.25890590523923046,0.0,0.0,0.0,0.0,0.0,40.280521347172254,14.430869689661812,hard,0.07750694775899364,0.046980215276231224,0.0,0.0
0.0,0.0,34.752958798946175,0.0317652770712927,0.28572135184914016,0.0,0.0,0.0,0.0,0.0,34.39451119001403,14.430869689661812,hard,0.08351338397150662,0.05105658418228839,0.0,0.0
0.0,0.0,44.74696043222532,0.03467407031405029,0.3184697947008457,0.0,0.0,0.0,0.0,0.0,42.25760996554349,14.430869689661812,hard,0.09025592229462387,0.05600874337653724,0.0,0.0
0.0,0.0,48.86696306226244,0.0380625978231765,0.3495517545078386,0.0,0.0,0.0,0.0,0.0,48.38264151532035,14.430869689661812,hard,0.0967688983985922,0.06334658990617989,0.0,0.0
0.0,0.0,47.615490675338364,0.04067891094877802,0.38153594506931904,0.0,0.0,0.0,0.0,0.0,38.93648674444062,14.430869689661812,hard,0.102116781862094,0.06829490523879947,0.0,0.0
0.0,0.0,39.18366640814066,0.0430364392777471,0.41236066778445096,0.0,0.0,0.0,0.0,0.0,33.23188830024559,14.430869689661812,hard,0.10754636784373936,0.07239936627093867,0.0,0.0
0.0,0.0,44.753462830511516,0.045408474252928266,0.43890403875959955,0.0,0.0,0.0,0.0,0.0,40.11832498995939,14.430869689661812,hard,0.11247760449972488,0.07692863861872451,0.0,0.0
0.0,0.0,57.5698570653536,0.04888055549283408,0.4685010964796601,0.0,0.0,0.0,0.0,0.0,50.954257918254484,14.430869689661812,hard,0.12164698235532982,0.08195011325045949,0.0,0.0
0.0,0.0,40.872836006812484,0.052235014584613985,0.5007051249530929,0.0,0.0,0.0,0.0,0.0,40.128917254269396,14.430869689661812,hard,0.1285668500999226,0.08888431366867582,0.0,0.0
0.0,0.0,41.124725542568164,0.05473622350933407,0.5289336302999637,0.0,0.0,0.0,0.0,0.0,32.247300662225975,14.430869689661812,hard,0.13466984900542395,0.09293959447573508,0.0,0.0
0.0,0.0,38.55046985072064,0.05700219685297788,0.554727265595325,0.0,0.0,0.0,0.0,0.0,38.50660203134002,14.430869689661812,hard,0.13964758900140328,0.09714000649924237,0.0,0.0
0.0,0.0,42.435201760193785,0.05944441041969276,0.5815762287625182,0.0,0.0,0.0,0.0,0.0,42.17997629207489,14.430869689661812,hard,0.14439084712044387,0.1020918150155985,0.0,0.0
0.0,0.0,121.6513185732902,0.06931280582345903,0.6706087415339371,0.4737087712930805,0.47370877129308037,0.0,0.47370877129308037,0.0,101.04182302393401,14.430869689661812,hard,0.14606045489044048,0.11756504808402625,0.025743367791013265,0.0
0.0,0.0,78.30332660472628,0.07455076232695691,0.7025333298809356,0.48,0.48,0.0,0.48,0.0,65.97293081256889,14.430869689661812,hard,0.14835008743660988,0.12763450332693219,0.03563106858644856,0.0
0.0,0.0,58.31936042138036,0.07864735721006157,0.7340976330768809,0.48,0.48,0.0,0.48,0.0,53.89287151377258,14.430869689661812,hard,0.15144314243206353,0.13476647941380634,0.043154791852854,0.0
0.0,0.0,66.6198146827529,0.08393977948316214,0.7666489632274995,0.48,0.48,0.0,0.48,0.0,66.64330123875918,14.430869689661812,hard,0.15593536143004125,0.14385603482307335,0.05174690270974185,0.0
0.0,0.0,68.70455577134709,0.08847376685743051,0.798444783095488,0.4853864439804638,0.4853864439804639,0.0,0.4853864439804639,0.0,60.01253535720683,14.430869689661812,hard,0.16013794755955638,0.1516592878953037,0.058548646034972965,0.0
0.0,0.0,54.37815356799857,0.09276084354312607,0.8311730155844994,0.4853864439804638,0.4853864439804639,0.0,0.4853864439804639,0.0,51.16264653045228,14.430869689661812,hard,0.16427077131875753,0.1581227522695167,0.06551042216185816,0.0
0.0,0.0,37.89513749991166,0.09582347594241766,0.8599159994050919,0.4853864439804638,0.4853864439804639,0.0,0.4853864439804639,0.0,38.27864156419348,14.430869689661812,hard,0.16746375054500895,0.16247188173059074,0.07058448525046801,0.0
0.0,0.0,39.14942433603191,0.09846127790311025,0.8862329903761634,0.4853864439804638,0.4853864439804639,0.0,0.4853864439804639,0.0,38.51626150082586,14.430869689661812,hard,0.16917289945848168,0.16670333062273984,0.07563147944431249,0.0
0.0,0.0,38.95045293170592,0.10161042502956091,0.9138689524738687,0.4853864439804638,0.4853864439804639,0.0,0.4853864439804639,0.0,38.31498923397995,14.430869689661812,hard,0.1727721225574166,0.17073408463273215,0.08062538504771347,0.0
0.0,0.0,37.54064426181652,0.10425513013081338,0.942110009102084,0.4853864439804638,0.4853864439804639,0.0,0.4853864439804639,0.0,33.72631613443722,14.430869689661812,hard,0.17550414019430824,0.17413756875565067,0.08545291697969032,0.0
0.0,0.0,36.0802943406144,0.10621518692911176,0.9647759372076196,0.4853864439804638,0.4853864439804639,0.0,0.4853864439804639,0.0,30.131876808456525,14.430869689661812,hard,0.1775548991910766,0.17650155913035345,0.0887672293708861,0.0
0.0,0.0,37.98463290366908,0.10876024666746616,0.9858506332531277,0.4853864439804638,0.4853864439804639,0.0,0.4853864439804639,0.0,38.031697306325945,14.430869689661812,hard,0.17992429248089345,0.17973943057824707,0.09376565931232762,0.0
0.0,0.0,34.21325891190912,0.11089703473923695,1.0045447333036668,0.4853864439804638,0.4853864439804639,0.0,0.4853864439804639,0.0,32.93802665613106,14.430869689661812,hard,0.1814218543550367,0.18291444194142134,0.09763527411317185,0.0
0.0,0.0,37.49937093742544,0.11348100934368742,1.020722230446822,0.4853864439804638,0.4853864439804639,0.0,0.4853864439804639,0.0,35.651429143864625,14.430869689661812,hard,0.18465485352795302,0.1863662485406535,0.10144910992577764,0.0
0.0,0.0,48.0679594679366,0.11649904512985487,1.0403839285499081,0.4853864439804638,0.4853864439804639,0.0,0.4853864439804639,0.0,45.20364587065959,14.430869689661812,hard,0.1874683877725127,0.1914472104654536,0.10560133650572051,0.0
0.0,0.0,50.78362561014728,0.1198783808928318,1.0581724358739204,0.4853864439804638,0.4853864439804639,0.0,0.4853864439804639,0.0,50.71802835284511,14.430869689661812,hard,0.19027905255734498,0.19779983532310874,0.10977002683644764,0.0
0.0,0.0,49.97610286417845,0.1229193666451894,1.0732795148802952,0.4853864439804638,0.4853864439804639,0.0,0.4853864439804639,0.0,48.486802328056235,14.430869689661812,hard,0.19335986447144948,0.20273844216582307,0.11413563283235222,0.0
0.0,0.0,46.52697444934765,0.1261518719870593,1.0922850249639988,0.4853864439804638,0.4853864439804639,0.0,0.4853864439804639,0.0,46.82800871273516,14.430869689661812,hard,0.19713400420896857,0.20764975303764963,0.11860452736177851,0.0
0.0,0.0,38.297528935661056,0.12889715367554874,1.1131118364391708,0.4853864439804638,0.4853864439804639,0.0,0.4853864439804639,0.0,35.65147402282268,14.430869689661812,hard,0.19966824072022632,0.21140536818525277,0.12319714027100659,0.0
0.0,0.0,21.816445063853138,0.13033453485571014,1.1308198314598503,0.4853864439804638,0.4853864439804639,0.0,0.4853864439804639,0.0,21.97092624356106,14.430869689661812,hard,0.2012888234174438,0.2131778742047226,0.12563590420219242,0.0
0.0,0.0,17.171219490536902,0.13091809224310597,1.1447311384853234,0.4853864439804638,0.4853864439804639,0.0,0.4853864439804639,0.0,17.689556240901016,14.430869689661812,hard,0.20160103171944713,0.21403585448091036,0.12695553678862873,0.0
0.0,0.0,113.26509842911159,0.14042243849803887,1.2124337437923265,0.8856635930193812,0.8856635930193811,0.0,0.8856635930193811,0.0,94.15379758671448,14.430869689661812,hard,0.20145481661428646,0.21425063796813185,0.13979864422537963,0.027561939249826032
0.0,0.0,68.90131719746866,0.14323516276718373,1.222120770132821,0.9042123644365853,0.9042123644365851,0.0,0.9042123644365851,0.0,67.08608201408099,14.430869689661812,hard,0.20145685008979866,0.21474554299771392,0.14590939487599613,0.03209297913578669
0.0,0.0,39.26254087701997,0.14523394129581238,1.2300206932130449,0.9042123644365853,0.9042123644365851,0.0,0.9042123644365851,0.0,35.51948197820458,14.430869689661812,hard,0.20142949976113592,0.21510413926259103,0.15049674517852524,0.03606146222324999
0.0,0.0,43.50038196143072,0.1471586621835693,1.2388014286075226,0.9042123644365853,0.9042123644365851,0.0,0.9042123644365851,0.0,39.72467746879766,14.430869689661812,hard,0.20229255754338754,0.2155090112212011,0.1554185454080024,0.0397705224677645
0.0,0.0,85.84929710166915,0.14886412960301132,1.2491049946093695,0.9068627239003708,0.9068627239003708,0.0,0.9068627239003708,0.0,74.85901682496238,14.430869689661812,hard,0.20254716663287797,0.21587380812532314,0.1578575486885837,0.04310796447840659
0.0,0.0,53.01407861197822,0.15031108098699947,1.2598232245031797,0.9068627239003708,0.9068627239003708,0.0,0.9068627239003708,0.0,46.70128477890089,14.430869689661812,hard,0.20274701433426928,0.2167006492049549,0.16015091855198826,0.0472323681893649
0.0,0.0,42.59784911695095,0.15237065637875513,1.271553440455957,0.9068627239003708,0.9068627239003708,0.0,0.9068627239003708,0.0,39.2378847544054,14.430869689661812,hard,0.20307267070859975,0.2176089200150209,0.16473139932038905,0.05095132377554036
0.0,0.0,33.57789984926303,0.1539983488211384,1.2786828101020393,0.9068627239003708,0.9068627239003708,0.0,0.9068627239003708,0.0,33.24672013898514,14.430869689661812,hard,0.20345579148882215,0.21868612653222377,0.16765763828926292,0.05415224399151413
0.0,0.0,50.04907211787811,0.15580719955734318,1.2844636453631024,0.9068627239003708,0.9068627239003708,0.0,0.9068627239003708,0.0,38.38867020359002,14.430869689661812,hard,0.20418769329488642,0.21989935654611045,0.1717402186660219,0.057226519119276516
0.0,0.0,45.129009357662035,0.15783470629715857,1.2904870713842687,0.9068627239003708,0.9068627239003708,0.0,0.9068627239003708,0.0,39.3846467547952,14.430869689661812,hard,0.20468471529376542,0.22168876493269632,0.17546982292758528,0.061282790628083526
0.0,0.0,36.90446319055332,0.16012877633270717,1.2972940282857715,0.9068627239003708,0.9068627239003708,0.0,0.9068627239003708,0.0,37.07679058386796,14.430869689661812,hard,0.20516733359947179,0.22294175079440726,0.1802546309883809,0.06573938698013101
0.0,0.0,37.66108971244539,0.16225114329604146,1.3031098757644575,0.9068627239003708,0.9068627239003708,0.0,0.9068627239003708,0.0,33.200006024095835,14.430869689661812,hard,0.2054197836996448,0.22456250904336655,0.1841023611202735,0.06983903492506147
0.0,0.0,31.61206319256325,0.16403272645137226,1.3071865618079381,0.9068627239003708,0.9068627239003708,0.0,0.9068627239003708,0.0,31.412889074391106,14.430869689661812,hard,0.20557803757997783,0.22606145531407512,0.18744687750841377,0.07297528533413966
0.0,0.0,25.62675993579854,0.16561560750563548,1.3111569290662595,0.9068627239003708,0.9068627239003708,0.0,0.9068627239003708,0.0,25.528807257684406,14.430869689661812,hard,0.2060106720728309,0.22732130308191972,0.19081888511621822,0.075191923485611
0.0,0.0,25.854584382631643,0.16701656079789773,1.315702314088837,0.9068627239003708,0.9068627239003708,0.0,0.9068627239003708,0.0,26.323555990785138,14.430869689661812,hard,0.2060106720728309,0.2287741572003342,0.19313292655774256,0.07796964588172124
0.0,0.0,33.574597644078274,0.16859696670158336,1.320643830357985,0.9068627239003708,0.9068627239003708,0.0,0.9068627239003708,0.0,31.78327232995369,14.430869689661812,hard,0.2069257191956122,0.2303073650169554,0.1952914474806184,0.08144410058982189
0.0,0.0,26.73305436845501,0.16972629716460363,1.325878818698454,0.9068627239003708,0.9068627239003708,0.0,0.9068627239003708,0.0,23.016724354260315,14.430869689661812,hard,0.20742389232153083,0.2314003910793809,0.19712672512089732,0.08398231140666507
0.0,0.0,34.14301067181415,0.1717091526138132,1.3316253879011721,0.9068627239003708,0.9068627239003708,0.0,0.9068627239003708,0.0,33.97330716901138,14.430869689661812,hard,0.20778016815374686,0.23356188688033136,0.201550638458445,0.08627218246486051
0.0,0.0,23.823950783387545,0.17306837901320737,1.3375954064297884,0.9068627239003708,0.9068627239003708,0.0,0.9068627239003708,0.0,24.12550517605797,14.430869689661812,hard,0.20818398093924678,0.23442400255088372,0.20389961820451116,0.08899288013025376
0.0,0.0,20.061252123094967,0.1740896576705102,1.3440104490433205,0.9068627239003708,0.9068627239003708,0.0,0.9068627239003708,0.0,19.326924225028666,14.430869689661812,hard,0.2084474167664549,0.23561534220543884,0.20519484204021562,0.09134560802645746
0.0,0.0,33.44672225696612,0.17569966490218836,1.3498120064579855,0.9068627239003708,0.9068627239003708,0.0,0.9068627239003708,0.0,33.05523256611576,14.430869689661812,hard,0.2088129385941379,0.23741805438681124,0.2075989236439478,0.09351834289463282
0.0,0.0,72.11500940418013,0.18091153389349657,1.3698445640857548,1.1357816691600546,1.1357816691600549,0.0,1.1357816691600549,0.0,65.04898154467908,14.430869689661812,hard,0.2090881410159941,0.2384676299500594,0.21107647566230509,0.10600596927477053
0.0,0.0,46.08374791886407,0.1841904809205374,1.3768404338911486,1.1357816691600546,1.1357816691600549,0.0,1.1357816691600549,0.0,39.13039228017016,14.430869689661812,hard,0.20961237303200994,0.2392731966587257,0.2147914532408106,0.11416430442377601
0.0,0.0,36.86266636614071,0.1870623145267746,1.3857806645237414,1.1357816691600546,1.1357816691600549,0.0,1.1357816691600549,0.0,36.59630582449545,14.430869689661812,hard,0.2099643266823896,0.24023192716306574,0.21806100208067053,0.12172911111561177
0.0,0.0,38.06400962408237,0.1899913435061434,1.3949511888541157,1.1357816691600546,1.1357816691600549,0.0,1.1357816691600549,0.0,34.522317419315875,14.430869689661812,hard,0.2102445783577088,0.2411822324148622,0.22179034002404363,0.1295202986406145
0.0,0.0,67.78748540338947,0.1933384883594393,1.412949007444989,1.1655041827466772,1.1655041827466772,0.0,1.1655041827466772,0.0,55.22209702646215,14.430869689661812,hard,0.2102445783577088,0.24150129029673195,0.22444607506085143,0.13749739099756517
0.0,0.0,41.630980729834484,0.1961958915655591,1.42302344720518,1.1655041827466772,1.1655041827466772,0.0,1.1655041827466772,0.0,39.408953297442444,14.430869689661812,hard,0.2102445783577088,0.2417999573629594,0.22797702473064232,0.14518090994002053
0.0,0.0,40.32623244317384,0.19891301233559375,1.4315330336709096,1.1655041827466772,1.1655041827466772,0.0,1.1655041827466772,0.0,38.800417523526725,14.430869689661812,hard,0.2102445783577088,0.24206388557960865,0.2321754555971809,0.15112571353940046
0.0,0.0,42.17447122784197,0.20135259637096004,1.4398078742903269,1.1655041827466772,1.1655041827466772,0.0,1.1655041827466772,0.0,36.46862212916743,14.430869689661812,hard,0.2102445783577088,0.24325057949847306,0.23594619571847153,0.15618590339916907
0.0,0.0,41.83187510215758,0.203325336172477,1.4443419111415055,1.1655041827466772,1.1655041827466772,0.0,1.1655041827466772,0.0,35.47294743885825,14.430869689661812,hard,0.2102445783577088,0.24394955980610394,0.2387330634809087,0.1604090110536518
0.0,0.0,39.70276743026031,0.20565981575095302,1.4474154067681781,1.1655041827466772,1.1655041827466772,0.0,1.1655041827466772,0.0,37.4,14.430869689661812,hard,0.2102445783577088,0.24434072551349947,0.2416287142616123,0.16534314284038773
0.0,0.0,44.2016273613244,0.2081557159405099,1.4500560764686299,1.1655041827466772,1.1655041827466772,0.0,1.1655041827466772,0.0,40.441073180616755,14.430869689661812,hard,0.2102445783577088,0.24476159635829572,0.2446637947075502,0.17247688491691585
0.0,0.0,25.29508104733331,0.2095753819860188,1.4500560764686299,1.1655041827466772,1.1655041827466772,0.0,1.1655041827466772,0.0,25.332856135856453,14.430869689661812,hard,0.2102445783577088,0.2451852401231242,0.24681867548410122,0.17599435951780737
0.0,0.0,28.167379620352097,0.2111217769374202,1.4500560764686299,1.1655041827466772,1.1655041827466772,0.0,1.1655041827466772,0.0,24.657891231814613,14.430869689661812,hard,0.2102445783577088,0.24561623475083436,0.24977396075485256,0.17950042829801177
0.0,0.0,30.173305026441728,0.21256053242567233,1.4500560764686299,1.1655041827466772,1.1655041827466772,0.0,1.1655041827466772,0.0,29.61397643005748,14.430869689661812,hard,0.2102445783577088,0.24608818803840057,0.2523006845692671,0.18266365607399987
0.0,0.0,27.792102753837852,0.2141211405746434,1.4500560764686299,1.1655041827466772,1.1655041827466772,0.0,1.1655041827466772,0.0,28.07971509826978,14.430869689661812,hard,0.2102445783577088,0.2464014908338261,0.25394039936451457,0.18654579482997477
0.0,0.0,23.295760328858933,0.21570623633605532,1.4500560764686299,1.1655041827466772,1.1655041827466772,0.0,1.1655041827466772,0.0,23.017289154025065,14.430869689661812,hard,0.2102445783577088,0.24652200735223406,0.25622293911420047,0.1903815902905146
0.0,0.0,36.86723740505844,0.2181294318914832,1.4500560764686299,1.1655041827466772,1.1655041827466772,0.0,1.1655041827466772,0.0,36.618334205695376,14.430869689661812,hard,0.2102445783577088,0.24663051662385302,0.2594354022988254,0.19640585773567937
0.0,0.0,24.613922762904448,0.2197173182797283,1.4500560764686299,1.1655041827466772,1.1655041827466772,0.0,1.1655041827466772,0.0,24.59532475898621,14.430869689661812,hard,0.2102445783577088,0.24671611115688374,0.26154642005232376,0.20075976119129835
0.0,0.0,24.072246964098962,0.2214284275937169,1.4500560764686299,1.1655041827466772,1.1655041827466772,0.0,1.1655041827466772,0.0,23.631199715630178,14.430869689661812,hard,0.2102445783577088,0.24688815558340724,0.26441387164262653,0.20465135029872117
0.0,0.0,25.765102944300317,0.2234793572530309,1.4500560764686299,1.1655041827466772,1.1655041827466772,0.0,1.1655041827466772,0.0,26.185805315093905,14.430869689661812,hard,0.2102445783577088,0.24697458192228086,0.26755452308848293,0.20980129579821022
0.0,0.0,20.23997827734945,0.22486204572395024,1.4500560764686299,1.1655041827466772,1.1655041827466772,0.0,1.1655041827466772,0.0,19.705075488310108,14.430869689661812,hard,0.2102445783577088,0.24709640056211024,0.2692809046834947,0.21361565745811306
0.0,0.0,42.145254083525515,0.2274965068984027,1.4500560764686299,1.1655041827466772,1.1655041827466772,0.0,1.1655041827466772,0.0,41.78516483155236,14.430869689661812,hard,0.2102445783577088,0.24814245286326359,0.2723258277827138,0.21861717401084635
0.0,0.0,27.70301007276377,0.22938739748352613,1.4500560764686299,1.1655041827466772,1.1655041827466772,0.0,1.1655041827466772,0.0,27.470864565936036,14.430869689661812,hard,0.2102445783577088,0.24868443210573896,0.2747352437758482,0.22272308609918723
0.0,0.0,29.411144969100512,0.2311829566822282,1.4500560764686299,1.1655041827466772,1.1655041827466772,0.0,1.1655041827466772,0.0,24.626985199167198,14.430869689661812,hard,0.2102445783577088,0.24926105520244865,0.2769468870413901,0.22709699794040916
0.0,0.0,29.787774730941468,0.23312760164320348,1.4500560764686299,1.1655041827466772,1.1655041827466772,0.0,1.1655041827466772,0.0,25.998776894307934,14.430869689661812,hard,0.2102445783577088,0.250097810539295,0.2787347235709035,0.23225332616636882
0.0,0.0,26.322143736919262,0.23513700597602774,1.4500560764686299,1.1914696806885183,1.1914696806885183,0.0,1.1914696806885183,0.0,24.646533224776256,14.430869689661812,hard,0.2102445783577088,0.25055253175477993,0.28059044252888077,0.23722637624412754
0.0,0.0,26.16812672028637,0.23719056407261332,1.4500560764686299,1.1914696806885183,1.1914696806885183,0.0,1.1914696806885183,0.0,26.48746118449256,14.430869689661812,hard,0.2102445783577088,0.251402511242068,0.28228435775665434,0.24321394169265365
0.0,0.0,24.347241406994257,0.23904904577674294,1.4500560764686299,1.1914696806885183,1.1914696806885183,0.0,1.1914696806885183,0.0,24.20298328719003,14.430869689661812,hard,0.2102445783577088,0.25235629494199535,0.28373238704650394,0.24865871678473903
0.0,0.0,23.26783881743824,0.24040118639921068,1.4500560764686299,1.1914696806885183,1.1914696806885183,0.0,1.1914696806885183,0.0,22.78421383326622,14.430869689661812,hard,0.2102445783577088,0.2531468794211495,0.28512792024622424,0.25153201627301053
0.0,0.0,33.27070541998911,0.24207624814571008,1.4500560764686299,1.2165525060596438,1.2165525060596438,0.0,1.2165525060596438,0.0,29.94542369044058,14.430869689661812,hard,0.2102445783577088,0.2537441125689703,0.28681510674130256,0.25519392908216526
0.0,0.0,24.461729006431757,0.24373609297451196,1.4500560764686299,1.2165525060596438,1.2165525060596438,0.0,1.2165525060596438,0.0,23.455694404557715,14.430869689661812,hard,0.2102445783577088,0.2542585815210952,0.2882976276016287,0.25967580715951927
0.0,0.0,18.621811218983918,0.24481344210524217,1.4500560764686299,1.2165525060596438,1.2165525060596438,0.0,1.2165525060596438,0.0,17.72863220894381,14.430869689661812,hard,0.2102445783577088,0.25454270551278496,0.28954994349905794,0.26281044264361314
0.0,0.0,26.80852834834846,0.2464053585714461,1.4500560764686299,1.2165525060596438,1.2165525060596438,0.0,1.2165525060596438,0.0,27.250365135168373,14.430869689661812,hard,0.2102445783577088,0.25493950921631625,0.29202639760736293,0.26658299836753835
0.0,0.0,21.202586496396947,0.24757162072347608,1.4500560764686299,1.2165525060596438,1.2165525060596438,0.0,1.2165525060596438,0.0,19.9684150597888,14.430869689661812,hard,0.2102445783577088,0.2550089872335919,0.2935172073843955,0.26978253682054004
0.0,0.0,20.12647304138441,0.24864671889926562,1.4500560764686299,1.2165525060596438,1.2165525060596438,0.0,1.2165525060596438,0.0,19.95851697897416,14.430869689661812,hard,0.2102445783577088,0.2550089872335919,0.29508655447080506,0.27256485661647883
0.0,0.0,15.052846263694432,0.24949227926292425,1.4500560764686299,1.2165525060596438,1.2165525060596438,0.0,1.2165525060596438,0.0,14.615827037838125,14.430869689661812,hard,0.2102445783577088,0.2550089872335919,0.2959022738199236,0.2753063334561097
0.0,0.0,16.860569031602157,0.25043767327455435,1.4500560764686299,1.2165525060596438,1.2165525060596438,0.0,1.2165525060596438,0.0,17.021445297036326,14.430869689661812,hard,0.2102445783577088,0.2550089872335919,0.29737483953754607,0.2770872343700726
0.0,0.0,14.888042001029605,0.2509016361846756,1.448526934149911,1.2165525060596438,1.2165525060596438,0.0,1.2165525060596438,0.0,11.191067866830226,14.430869689661812,hard,0.21016889695956595,0.25488643165536295,0.2980383044648861,0.2784545722075254
0.0,0.0,13.758546708763307,0.2513354605567971,1.4469374412911071,1.2165525060596438,1.2165525060596438,0.0,1.2165525060596438,0.0,12.876583397780639,14.430869689661812,hard,0.20973472327692078,0.25477659654589974,0.2991887822668337,0.2794419136605782
0.0,0.0,10.729367882845553,0.25171504017417745,1.4453948344430902,1.2165525060596438,1.2165525060596438,0.0,1.2165525060596438,0.0,10.78821579316988,14.430869689661812,hard,0.20937757186223205,0.25477659654589974,0.29987178111312346,0.2803325534160059
0.0,0.0,4.486171700837706,0.25186690384841365,1.4453948344430902,1.2165525060596438,1.2165525060596438,0.0,1.2165525060596438,0.0,4.9773888736967296,14.430869689661812,hard,0.20937757186223205,0.25477659654589974,0.29999150624798093,0.2808479660321901
0.0,0.0,18.09107617809967,0.2524789222065597,1.4453948344430902,1.2165525060596438,1.2165525060596438,0.0,1.2165525060596438,0.0,17.782699457618914,14.430869689661812,hard,0.20937757186223205,0.25477659654589974,0.301697078586298,0.2814006466081804
0.0,0.0,13.241931421329468,0.2528879550599986,1.4453948344430902,1.2165525060596438,1.2165525060596438,0.0,1.2165525060596438,0.0,12.597396556431807,14.430869689661812,hard,0.20937757186223205,0.25477659654589974,0.30255486431594353,0.28216133878878585
0.0,0.0,11.585731701766868,0.2534343472409567,1.4453948344430902,1.2165525060596438,1.2165525060596438,0.0,1.2165525060596438,0.0,12.264159164003052,14.430869689661812,hard,0.20937757186223205,0.25477659654589974,0.3032709257543154,0.28377998463674753
0.0,0.0,11.552033523728037,0.2538831808527819,1.4453948344430902,1.2165525060596438,1.2165525060596438,0.0,1.2165525060596438,0.0,11.250617760816512,14.430869689661812,hard,0.20937757186223205,0.25477659654589974,0.3043340229677074,0.284527348066902
0.0,0.0,30.622513036624465,0.25391356850929697,1.443946847150565,1.2165525060596438,1.2165525060596438,0.0,1.2165525060596438,0.0,30.68213812627796,14.430869689661812,hard,0.20834282235392287,0.2540254778183314,0.30542072663274994,0.285072114717042
0.0,0.0,34.61437664040018,0.25385966996675985,1.4434640358166908,1.2165525060596438,1.2165525060596438,0.0,1.2165525060596438,0.0,34.27073970605245,14.430869689661812,hard,0.20829955287298388,0.25363036928863447,0.3059041771769678,0.2851969325892185
0.0,0.0,21.404891856009257,0.2538699588863333,1.4431444051594775,1.2165525060596438,1.2165525060596438,0.0,1.2165525060596438,0.0,21.70968447490659,14.430869689661812,hard,0.20841580008375288,0.25345669904860346,0.3062110790121066,0.28525333087858407
0.0,0.0,18.44643281163829,0.253837374686328,1.4431276196430922,1.2165525060596438,1.2165525060596438,0.0,1.2165525060596438,0.0,18.440173534975205,14.430869689661812,hard,0.2085299738281595,0.2533086420771891,0.3062479379511067,0.28538640733714626
0.0,0.0,17.07807835554806,0.2537670959811014,1.4432842440934206,1.2165525060596438,1.2165525060596438,0.0,1.2165525060596438,0.0,16.69520889357183,14.430869689661812,hard,0.2085916341448167,0.2532714377290001,0.3062208408028805,0.28538640733714626
0.0,0.0,26.800711443923564,0.25370317119502717,1.4436609503297375,1.2165525060596438,1.2165525060596438,0.0,1.2165525060596438,0.0,19.943811070103926,14.430869689661812,hard,0.20861321685338047,0.25301435452592513,0.3064278423917931,0.2854429327995835
0.0,0.0,22.982058985422935,0.2536627892173645,1.4441573661572984,1.2165525060596438,1.2165525060596438,0.0,1.2165525060596438,0.0,22.81088336737532,14.430869689661812,hard,0.20864313864982723,0.2530676419422709,0.3064525425424002,0.28569797981256784
0.0,0.0,23.687616123814987,0.25366213659417014,1.444920875074626,1.2165525060596438,1.2165525060596438,0.0,1.2165525060596438,0.0,23.218957771614125,14.430869689661812,hard,0.2087208449831215,0.25322544968812344,0.3065199732666831,0.2859541413172521
0.0,0.0,22.70844168046915,0.25371651192407646,1.4460300714991294,1.2165525060596438,1.2165525060596438,0.0,1.2165525060596438,0.0,22.96940573893891,14.430869689661812,hard,0.20887263797442218,0.2534991173142635,0.30667183209730003,0.2861827736361131
0.0,0.0,43.52000217125038,0.25403016262777484,1.450227471952686,1.2245815611873305,1.2245815611873305,0.0,1.2245815611873305,0.0,39.71428458376155,14.430869689661812,hard,0.20890861109981515,0.25351114659642615,0.30742164060691113,0.2861110718541935
0.0,0.0,33.71034715742994,0.25435043962743475,1.4518798482880997,1.2245815611873305,1.2245815611873305,0.0,1.2245815611873305,0.0,30.43183201846382,14.430869689661812,hard,0.20900420452101065,0.2536111270375791,0.3086005565728475,0.28597339416447903
0.0,0.0,29.47382404643911,0.254569840713752,1.4538041144293774,1.2245815611873305,1.2245815611873305,0.0,1.2245815611873305,0.13999999999999999,21.857072082051612,14.430869689661812,hard,0.2090604646139229,0.2536001585204622,0.3095265648925527,0.28598568086850024
0.0,0.0,24.79436421575952,0.25477976434275934,1.4561068163359785,1.2245815611873305,1.2245815611873305,0.0,1.2245815611873305,0.27999999999999997,20.483837531087772,14.430869689661812,hard,0.2090604646139229,0.2541241099535113,0.30986233140705305,0.2859293690593346
0.0,0.0,54.34106046544542,0.2546756293932735,1.458571025165649,1.215894732285653,1.215894732285653,0.0,1.215894732285653,0.42000000000000004,51.040235109176365,14.430869689661812,hard,0.20907355743964082,0.2544624959309703,0.30920149277633463,0.2858939363501279
0.0,0.0,37.477679130705916,0.25469841809063143,1.4611560368147154,1.215894732285653,1.215894732285653,0.0,1.215894732285653,0.5599999999999999,28.919087122521695,14.430869689661812,hard,0.20922834730737172,0.25491114921979374,0.3091794262374563,0.28587940670319995
0.0,0.0,21.61865730382156,0.25483273576707,1.4638832901776082,1.215894732285653,1.215894732285653,0.0,1.215894732285653,0.5599999999999999,20.714526304021536,14.430869689661812,hard,0.20925989179958296,0.2553142072402145,0.3093277861118595,0.28586758942418816
0.0,0.0,28.643771263095438,0.2550335350802501,1.4667476123535714,1.215894732285653,1.215894732285653,0.0,1.215894732285653,0.5599999999999999,28.964592177346464,14.430869689661812,hard,0.20954170694508364,0.25589657244426983,0.3096389545248365,0.28588325505654927
0.0,0.0,22.056189879075184,0.25519531012796765,1.4702006753046857,1.215894732285653,1.215894732285653,0.0,1.215894732285653,0.5599999999999999,19.082305940320733,14.430869689661812,hard,0.20957838691930436,0.25640880762829193,0.3099891350059873,0.28589848349393976
0.0,0.0,24.10091590827512,0.2555044579766429,1.4722837956276047,1.215894732285653,1.215894732285653,0.0,1.215894732285653,0.5599999999999999,23.736562514399594,14.430869689661812,hard,0.20963522494210962,0.25696514509462204,0.31069736327387976,0.2859579641400755
0.0,0.0,32.05741129641881,0.25582253010433753,1.4730068988595288,1.215894732285653,1.215894732285653,0.0,1.215894732285653,0.5599999999999999,31.655805154821135,14.430869689661812,hard,0.21034093346425695,0.2577532394723617,0.3113095959769922,0.28600591904437744
0.0,0.0,24.09430836963307,0.25607754732484955,1.476244129067737,1.215894732285653,1.215894732285653,0.0,1.215894732285653,0.5599999999999999,24.259010697058525,14.430869689661812,hard,0.21086033603599624,0.25839407050069163,0.31162800558664605,0.2861966227619095
0.0,0.0,21.27447321830078,0.25632681896271586,1.477192419834656,1.215894732285653,1.215894732285653,0.0,1.215894732285653,0.5599999999999999,21.301981128524172,14.430869689661812,hard,0.21130623470391197,0.2588444183567163,0.31201294061330376,0.2863083080658648
0.0,0.0,16.034354310238204,0.25641241512593954,1.478351171656351,1.215894732285653,1.215894732285653,0.0,1.215894732285653,0.5599999999999999,15.259999999999996,14.430869689661812,hard,0.2117218439042401,0.25923060445693324,0.3120259880164655,0.2863083080658648
0.0,0.0,1.0048389958934378,0.25641241512593954,1.478351171656351,1.215894732285653,1.215894732285653,0.0,1.215894732285653,0.5599999999999999,0.0,14.430869689661812,hard,0.2117218439042401,0.25923060445693324,0.3120259880164655,0.2863083080658648
0.0,0.0,0.770620886050654,0.25641241512593954,1.478351171656351,1.215894732285653,1.215894732285653,0.0,1.215894732285653,0.5599999999999999,0.13999999999999999,14.430869689661812,hard,0.2117218439042401,0.25923060445693324,0.3120259880164655,0.2863083080658648
0.0,0.0,0.5947342140438111,0.25641241512593954,1.478351171656351,1.215894732285653,1.215894732285653,0.0,1.215894732285653,0.5599999999999999,0.0,14.430869689661812,hard,0.2117218439042401,0.25923060445693324,0.3120259880164655,0.2863083080658648
0.0,0.0,22.51458964010602,0.25657075036344773,1.4794605738174962,1.215894732285653,1.215894732285653,0.0,1.215894732285653,0.5599999999999999,23.099999999999998,14.430869689661812,hard,0.21210356068165392,0.260119334770485,0.31208055641802246,0.2863083080658648
0.0,0.0,15.462087813526834,0.2567015695663758,1.4806888110043888,1.215894732285653,1.215894732285653,0.0,1.215894732285653,0.5599999999999999,15.679999999999996,14.430869689661812,hard,0.21253649952210513,0.26062701990606635,0.3121498323420281,0.2863083080658648
0.0,0.0,15.228197260575827,0.2567757308784975,1.482020524326427,1.215894732285653,1.215894732285653,0.0,1.215894732285653,0.5599999999999999,11.200000000000003,14.430869689661812,hard,0.21280608081982996,0.2608546317931425,0.3121982134065928,0.2863083080658648
0.0,0.0,2.7623232638361115,0.2567962593990348,1.4836311711709311,1.215894732285653,1.215894732285653,0.0,1.215894732285653,0.5599999999999999,2.6600000000000006,14.430869689661812,hard,0.21286401952968226,0.26089784998428134,0.3122185340442897,0.2863083080658648
0.0,0.0,23.683281545226862,0.25712899653802407,1.4852538038041858,1.2395160345876934,1.2395160345876934,0.0,1.2395160345876934,0.5599999999999999,19.603764944520226,14.430869689661812,hard,0.21296640184574508,0.26097025942440194,0.31233825940467275,0.2868230033994874
0.0,0.0,25.963074405440587,0.25747344473628897,1.4869063758095071,1.2395160345876934,1.2395160345876934,0.0,1.2395160345876934,0.5599999999999999,25.78223419333553,14.430869689661812,hard,0.21379834910369938,0.2618759954626822,0.31277816948337395,0.28690676917747104
0.0,0.0,31.508941878106008,0.25791433487808124,1.4886216665164191,1.2395160345876934,1.2395160345876934,0.0,1.2395160345876934,0.5599999999999999,31.474491258795595,14.430869689661812,hard,0.21468683533897284,0.26324001994087887,0.3132888902584535,0.2870306445295776
0.0,0.0,22.66900222618661,0.25836744763192565,1.4909677632046803,1.2395160345876934,1.2395160345876934,0.0,1.2395160345876934,0.5599999999999999,22.82731696893001,14.430869689661812,hard,0.21505839769685092,0.2638803490011106,0.31384215916845865,0.28747122624913685
0.0,0.0,50.12024110761483,0.2590462373500927,1.4965721799469385,1.2464349160706307,1.2464349160706307,0.0,1.2464349160706307,0.5599999999999999,38.13258973633971,14.430869689661812,hard,0.21505839769685092,0.26400583963457036,0.3147068241728193,0.2871899448225198
0.0,0.0,26.7766878750343,0.2595104488956097,1.498693811376227,1.2464349160706307,1.2464349160706307,0.0,1.2464349160706307,0.5599999999999999,19.987836301110733,14.430869689661812,hard,0.21505839769685092,0.2640779512092219,0.3158340326092305,0.2873435864074622
0.0,0.0,12.012660775538812,0.2598131329970519,1.5012591272719276,1.2464349160706307,1.2464349160706307,0.0,1.2464349160706307,0.5599999999999999,12.424556330106924,14.430869689661812,hard,0.21505839769685092,0.2640960248201489,0.31644828456351626,0.2876082731516422
0.0,0.0,21.735669723224284,0.2600754307651554,1.5041299939848143,1.2464349160706307,1.2464349160706307,0.0,1.2464349160706307,0.5599999999999999,21.673799851433525,14.430869689661812,hard,0.21505839769685092,0.2642015841223235,0.3168933426184496,0.28757645961092687
0.0,0.0,17.701886711977256,0.2603448975348821,1.5068438865328388,1.2464349160706307,1.2464349160706307,0.0,1.2464349160706307,0.5599999999999999,16.912527900937814,14.430869689661812,hard,0.21505839769685092,0.2642960717826871,0.31722944400549946,0.2877770749075662
0.0,0.0,11.051061816525072,0.2605931917965664,1.5068438865328388,1.2464349160706307,1.2464349160706307,0.0,1.2464349160706307,0.5599999999999999,10.4273678366115,14.430869689661812,hard,0.21505839769685092,0.2642960717826871,0.31781093297066926,0.28793991033692956
0.0,0.0,9.090499692793308,0.2608406989119026,1.5068438865328388,1.2464349160706307,1.2464349160706307,0.0,1.2464349160706307,0.5599999999999999,9.229604541907523,14.430869689661812,hard,0.21505839769685092,0.2642960717826871,0.31830122786810117,0.28815054186807465
0.0,0.0,5.817795944736173,0.26097198552209666,1.5068438865328388,1.2464349160706307,1.2464349160706307,0.0,1.2464349160706307,0.5599999999999999,5.412023651093923,14.430869689661812,hard,0.21505839769685092,0.2642960717826871,0.318609967470407,0.2882065796299484
0.0,0.0,13.715729625248558,0.2612097204198686,1.5068438865328388,1.2464349160706307,1.2464349160706307,0.0,1.2464349160706307,0.5599999999999999,9.51764676797789,14.430869689661812,hard,0.21505839769685092,0.2643141281579009,0.31929518973026677,0.2883894419929818
0.0,0.0,17.319474255473107,0.261577366706788,1.5068438865328388,1.2464349160706307,1.2464349160706307,0.0,1.2464349160706307,0.5599999999999999,16.94017709470595,14.430869689661812,hard,0.21505839769685092,0.2643141281579009,0.31996787861105863,0.2892016687253253
0.0,0.0,17.71974734021558,0.2619925305214098,1.5068438865328388,1.2464349160706307,1.2464349160706307,0.0,1.2464349160706307,0.5599999999999999,17.67575740951431,14.430869689661812,hard,0.21505839769685092,0.2643141281579009,0.32049540570225793,0.29028954223135534
0.0,0.0,16.67480800499592,0.262383292050231,1.5068438865328388,1.2464349160706307,1.2464349160706307,0.0,1.2464349160706307,0.5599999999999999,16.37774099196834,14.430869689661812,hard,0.21505839769685092,0.2643141281579009,0.321167219805464,0.2913113423027737
0.0,0.0,7.7188472003782005,0.2625926376318598,1.5068438865328388,1.2464349160706307,1.2464349160706307,0.0,1.2464349160706307,0.5599999999999999,8.073685651547253,14.430869689661812,hard,0.21505839769685092,0.2643141281579009,0.32133809492412807,0.2919384400814931
0.0,0.0,6.42988172282534,0.2627423009628773,1.5068438865328388,1.2464349160706307,1.2464349160706307,0.0,1.2464349160706307,0.5599999999999999,5.884522070652806,14.430869689661812,hard,0.21505839769685092,0.2643141281579009,0.3215869706556265,0.29214607175388707
0.0,0.0,2.213769008490426,0.2627864998115668,1.5068438865328388,1.2464349160706307,1.2464349160706307,0.0,1.2464349160706307,0.5599999999999999,2.3812601705819545,14.430869689661812,hard,0.21505839769685092,0.2643141281579009,0.32172198541886093,0.2922099863578096
0.0,0.0,2.6262513125405142,0.2628506747299295,1.5068438865328388,1.2464349160706307,1.2464349160706307,0.0,1.2464349160706307,0.5599999999999999,2.3597457490161937,14.430869689661812,hard,0.21505839769685092,0.2643141281579009,0.321768640040288,0.29237533221351397
0.0,0.0,6.089928839290884,0.2629553850699014,1.5068438865328388,1.2464349160706307,1.2464349160706307,0.0,1.2464349160706307,0.5599999999999999,5.106231487114542,14.430869689661812,hard,0.21505839769685092,0.2643141281579009,0.3217880130609752,0.2925145383807779
0.0,0.0,2.0768637761702435,0.26296679644446264,1.5068438865328388,1.2464349160706307,1.2464349160706307,0.0,1.2464349160706307,0.5599999999999999,0.84,14.430869689661812,hard,0.21505839769685092,0.2643141281579009,0.3217880130609752,0.29256251009709333
0.0,0.0,6.868387720642477,0.2629782184230022,1.4287380118448054,1.2464349160706307,1.2464349160706307,0.23748684174075835,1.2464349160706307,0.5599999999999999,0.9799999999999999,14.430869689661812,hard,0.21505839769685092,0.2643141281579009,0.3217880130609752,0.2926106291285941
0.0,0.0,1.625572082343623,0.2630010941864889,1.4325810684329756,1.2464349160706307,1.2464349160706307,0.23748684174075835,1.2464349160706307,0.5599999999999999,1.26,14.430869689661812,hard,0.21505839769685092,0.2643141281579009,0.3217880130609752,0.2927073088463181
0.0,0.0,3.598739785955514,0.2630431431986766,1.4366303080360314,1.2464349160706307,1.2464349160706307,0.23748684174075835,1.2464349160706307,0.5599999999999999,2.52,14.430869689661812,hard,0.21505839769685092,0.2643141281579009,0.3217880130609752,0.2928860827431559
0.0,0.0,10.095115740040267,0.2631452027866372,1.4411241115149098,1.2688577540449522,1.2688577540449522,0.23748684174075835,1.2688577540449522,0.5599999999999999,4.671787666407797,14.430869689661812,hard,0.21505839769685092,0.2643141281579009,0.3217880130609752,0.29304129318510364
0.0,0.0,4.9006548793637785,0.2632267350364741,1.445972370877666,1.2688577540449522,1.2688577540449522,0.23748684174075835,1.2688577540449522,0.5599999999999999,4.459999999999999,14.430869689661812,hard,0.21505839769685092,0.2643141281579009,0.3218074004040814,0.29314794528502713
0.0,0.0,3.592840558911353,0.26329744959576545,1.4509817677116303,1.2688577540449522,1.2688577540449522,0.23748684174075835,1.2688577540449522,0.5599999999999999,3.0782462539569515,14.430869689661812,hard,0.21505839769685092,0.2643141281579009,0.3218074004040814,0.29333164328106026
0.0,0.0,3.5907161929322977,0.2633873783528046,1.4563736208678693,1.2688577540449522,1.2688577540449522,0.23748684174075835,1.2688577540449522,0.5599999999999999,3.5000000000000004,14.430869689661812,hard,0.21505839769685092,0.2643141281579009,0.3218074004040814,0.2935648776056102
0.0,0.0,11.784443907037378,0.26345822096418653,1.46116465834844,1.2688577540449522,1.2688577540449522,0.23748684174075835,1.2688577540449522,0.5599999999999999,9.175968613721388,14.430869689661812,hard,0.21502248376414076,0.26419670230450726,0.3218074004040814,0.2937729023380156
0.0,0.0,11.71746877790865,0.2635312922964061,1.4665938192611236,1.2688577540449522,1.2688577540449522,0.23748684174075835,1.2688577540449522,0.5599999999999999,11.071133636624571,14.430869689661812,hard,0.21489138605088934,0.264129249506816,0.32183133924819957,0.2940624117526981
0.0,0.0,10.052677593235376,0.26360005337195025,1.4722784815347356,1.2688577540449522,1.2688577540449522,0.23748684174075835,1.2688577540449522,0.5599999999999999,9.592997446054074,14.430869689661812,hard,0.21478643284455803,0.26411162945725475,0.32183133924819957,0.2943746286849499
0.0,0.0,11.853505329547698,0.2637027938577938,1.4782437259283798,1.2688577540449522,1.2688577540449522,0.23748684174075835,1.2688577540449522,0.5599999999999999,12.104362849815764,14.430869689661812,hard,0.21474742618084533,0.26403381672637966,0.32183133924819957,0.2947325521865451
0.0,0.0,43.50077525734088,0.26361003852908793,1.4839577534492419,1.2592060990957756,1.2592060990957756,0.23748684174075835,1.2592060990957756,0.5599999999999999,39.995204712565226,14.430869689661812,hard,0.214738534181202,0.2638013832207859,0.321457935542216,0.295103622508908
0.0,0.0,27.367276873582554,0.26373212338080404,1.49046177086735,1.2592060990957756,1.2592060990957756,0.23748684174075835,1.2592060990957756,0.5599999999999999,22.594875525215883,14.430869689661812,hard,0.2147563176334431,0.2638432604075773,0.3212957219060168,0.2956109997078463
0.0,0.0,25.12281285976189,0.2639540045538302,1.4972020725120063,1.2592060990957756,1.2592060990957756,0.23748684174075835,1.2592060990957756,0.5599999999999999,17.730245345172186,14.430869689661812,hard,0.21477590036041472,0.26389413697359737,0.3211815116955329,0.2962921032134253
0.0,0.0,14.845685190541495,0.2642026446465677,1.503444021083469,1.2592060990957756,1.2592060990957756,0.23748684174075835,1.2592060990957756,0.5599999999999999,14.957606760441324,14.430869689661812,hard,0.2148003701243169,0.26392485237047375,0.3211785968583209,0.2970129438262945
0.0,0.0,27.55167641911193,0.264501675567951,1.5036806830559422,1.2592060990957756,1.2592060990957756,0.23748684174075835,1.2592060990957756,0.5599999999999999,18.88,14.430869689661812,hard,0.214844559025892,0.2639857797840454,0.3213043763878891,0.2977606469211182
0.0,0.0,14.09262410233466,0.26474395270230466,1.5039849131355092,1.2592060990957756,1.2592060990957756,0.23748684174075835,1.2592060990957756,0.5599999999999999,14.076491040028406,14.430869689661812,hard,0.21486967188472683,0.2640652407964204,0.32160960127567295,0.2981812980643128
0.0,0.0,0.8549012464008432,0.26474395270230466,1.5039849131355092,1.2592060990957756,1.2592060990957756,0.23748684174075835,1.2592060990957756,0.5599999999999999,0.0,14.430869689661812,hard,0.21486967188472683,0.2640652407964204,0.32160960127567295,0.2981812980643128
0.0,0.0,2.7495539716557964,0.264736598983338,1.504397789467819,1.2592060990957756,1.2592060990957756,0.23748684174075835,1.2592060990957756,0.5599999999999999,2.6600000000000006,14.430869689661812,hard,0.21488321272152106,0.2640848239196186,0.3215876699483902,0.2981812980643128
0.0,0.0,0.9115867106940168,0.264736598983338,1.504397789467819,1.2592060990957756,1.2592060990957756,0.23748684174075835,1.2592060990957756,0.5599999999999999,0.0,14.430869689661812,hard,0.21488321272152106,0.2640848239196186,0.3215876699483902,0.2981812980643128
0.0,0.0,6.8193815588587805,0.264736598983338,1.4273840826535955,1.2592060990957756,1.2592060990957756,0.4749736834815167,1.2592060990957756,0.5599999999999999,0.0,14.430869689661812,hard,0.21488321272152106,0.2640848239196186,0.3215876699483902,0.2981812980643128
0.0,0.0,14.460880544865065,0.2647597669406213,1.4317724778539398,1.2592060990957756,1.2592060990957756,0.4749736834815167,1.2592060990957756,0.5599999999999999,14.419999999999998,14.430869689661812,hard,0.21488321272152106,0.26417779108596207,0.3216383750729532,0.2980577411945717
0.0,0.0,1.0929946121163316,0.2647597669406213,1.436048033093056,1.2592060990957756,1.2592060990957756,0.4749736834815167,1.2592060990957756,0.5599999999999999,0.0,14.430869689661812,hard,0.21488321272152106,0.26417779108596207,0.3216383750729532,0.2980577411945717
0.0,0.0,0.882868604344711,0.2647597669406213,1.4406965385902581,1.2592060990957756,1.2592060990957756,0.4749736834815167,1.2592060990957756,0.5599999999999999,0.0,14.430869689661812,hard,0.21488321272152106,0.26417779108596207,0.3216383750729532,0.2980577411945717
0.0,0.0,1.0474498510535581,0.2647597669406213,1.4453660772074817,1.2592060990957756,1.2592060990957756,0.4749736834815167,1.2592060990957756,0.5599999999999999,0.0,14.430869689661812,hard,0.21488321272152106,0.26417779108596207,0.3216383750729532,0.2980577411945717
0.0,0.0,0.7941819477701103,0.2647597669406213,1.450117964959904,1.2592060990957756,1.2592060990957756,0.4749736834815167,1.2592060990957756,0.5599999999999999,0.0,14.430869689661812,hard,0.21488321272152106,0.26417779108596207,0.3216383750729532,0.2980577411945717
0.0,0.0,1.0882885308887895,0.2647597669406213,1.4553892722385935,1.2592060990957756,1.2592060990957756,0.4749736834815167,1.2592060990957756,0.5599999999999999,0.0,14.430869689661812,hard,0.21488321272152106,0.26417779108596207,0.3216383750729532,0.2980577411945717
0.0,0.0,0.8621068588422898,0.2647597669406213,1.46095986335182,1.2592060990957756,1.2592060990957756,0.4749736834815167,1.2592060990957756,0.5599999999999999,0.0,14.430869689661812,hard,0.21488321272152106,0.26417779108596207,0.3216383750729532,0.2980577411945717
0.0,0.0,5.166504060911516,0.2647597669406213,1.4662135398243055,1.2592060990957756,1.2592060990957756,0.4749736834815167,1.2592060990957756,0.5599999999999999,0.0,14.430869689661812,hard,0.21488321272152106,0.26417779108596207,0.3216383750729532,0.2980577411945717
0.0,0.0,0.8853750360100833,0.2647597669406213,1.4719707966439513,1.2592060990957756,1.2592060990957756,0.4749736834815167,1.2592060990957756,0.5599999999999999,0.0,14.430869689661812,hard,0.21488321272152106,0.26417779108596207,0.3216383750729532,0.2980577411945717
0.0,0.0,1.0010228911581083,0.2647597669406213,1.477742859239401,1.2592060990957756,1.2592060990957756,0.4749736834815167,1.2592060990957756,0.5599999999999999,0.0,14.430869689661812,hard,0.21488321272152106,0.26417779108596207,0.3216383750729532,0.2980577411945717
0.0,0.0,0.8429590978018421,0.2647597669406213,1.4839577389547935,1.2592060990957756,1.2592060990957756,0.4749736834815167,1.2592060990957756,0.5599999999999999,0.0,14.430869689661812,hard,0.21488321272152106,0.26417779108596207,0.3216383750729532,0.2980577411945717
0.0,0.0,30.47735086750741,0.2646974163408217,1.4917517046269897,1.2650691680694774,1.2650691680694774,0.4749736834815167,1.2650691680694774,0.5599999999999999,26.459999999999994,14.430869689661812,hard,0.21488321272152106,0.26417779108596207,0.3214881986522805,0.29735444581362824
0.0,0.0,2.3104957387354497,0.2646974163408217,1.4986403615314805,1.2650691680694774,1.2650691680694774,0.4749736834815167,1.2650691680694774,0.5599999999999999,0.0,14.430869689661812,hard,0.21488321272152106,0.26417779108596207,0.3214881986522805,0.29735444581362824
0.0,0.0,1.0534862347692973,0.2646974163408217,1.505385055399563,1.2650691680694774,1.2650691680694774,0.4749736834815167,1.2650691680694774,0.5599999999999999,0.0,14.430869689661812,hard,0.21488321272152106,0.26417779108596207,0.3214881986522805,0.29735444581362824
0.0,0.0,0.8394150345976888,0.2646974163408217,1.505723312603285,1.2650691680694774,1.2650691680694774,0.4749736834815167,1.2650691680694774,0.5599999999999999,0.0,14.430869689661812,hard,0.21488321272152106,0.26417779108596207,0.3214881986522805,0.29735444581362824
0.0,0.0,3.7826612509996247,0.2646974163408217,1.505723312603285,1.2650691680694774,1.2650691680694774,0.4749736834815167,1.2650691680694774,0.5599999999999999,0.0,14.430869689661812,hard,0.21488321272152106,0.26417779108596207,0.3214881986522805,0.29735444581362824
0.0,0.0,0.8569393880433596,0.2646974163408217,1.505723312603285,1.2650691680694774,1.2650691680694774,0.4749736834815167,1.2650691680694774,0.5599999999999999,0.0,14.430869689661812,hard,0.21488321272152106,0.26417779108596207,0.3214881986522805,0.29735444581362824
0.0,0.0,1.0978996248118285,0.2646974163408217,1.505723312603285,1.2650691680694774,1.2650691680694774,0.4749736834815167,1.2650691680694774,0.5599999999999999,0.0,14.430869689661812,hard,0.21488321272152106,0.26417779108596207,0.3214881986522805,0.29735444581362824
0.0,0.0,0.874219703127163,0.2646974163408217,1.505723312603285,1.2650691680694774,1.2650691680694774,0.4749736834815167,1.2650691680694774,0.5599999999999999,0.0,14.430869689661812,hard,0.21488321272152106,0.26417779108596207,0.3214881986522805,0.29735444581362824
0.0,0.0,11.27647328422442,0.2646974163408217,1.4290820992353177,1.2650691680694774,1.2650691680694774,0.7124605252222751,1.2650691680694774,0.5599999999999999,0.0,14.430869689661812,hard,0.21488321272152106,0.26417779108596207,0.3214881986522805,0.29735444581362824
0.0,0.0,0.8298697352170348,0.2646974163408217,1.4330529109728716,1.2650691680694774,1.2650691680694774,0.7124605252222751,1.2650691680694774,0.5599999999999999,0.0,14.430869689661812,hard,0.21488321272152106,0.26417779108596207,0.3214881986522805,0.29735444581362824
0.0,0.0,0.9717563096844456,0.2646974163408217,1.4364189490030763,1.2650691680694774,1.2650691680694774,0.7124605252222751,1.2650691680694774,0.5599999999999999,0.0,14.430869689661812,hard,0.21488321272152106,0.26417779108596207,0.3214881986522805,0.29735444581362824
0.0,0.0,0.9368536998949822,0.2646974163408217,1.440715096611493,1.2650691680694774,1.2650691680694774,0.7124605252222751,1.2650691680694774,0.5599999999999999,0.0,14.430869689661812,hard,0.21488321272152106,0.26417779108596207,0.3214881986522805,0.29735444581362824
0.0,0.0,0.49251672933487756,0.2646974163408217,1.4442748828660574,1.2650691680694774,1.2650691680694774,0.7124605252222751,1.2650691680694774,0.5599999999999999,0.0,14.430869689661812,hard,0.21488321272152106,0.26417779108596207,0.3214881986522805,0.29735444581362824
0.0,0.0,1.0763674666318432,0.2646974163408217,1.4492778345391295,1.2650691680694774,1.2650691680694774,0.7124605252222751,1.2650691680694774,0.5599999999999999,0.0,14.430869689661812,hard,0.21488321272152106,0.26417779108596207,0.3214881986522805,0.29735444581362824
0.0,0.0,0.8322528143308566,0.2646974163408217,1.454398049603045,1.2650691680694774,1.2650691680694774,0.7124605252222751,1.2650691680694774,0.5599999999999999,0.0,14.430869689661812,hard,0.21488321272152106,0.26417779108596207,0.3214881986522805,0.29735444581362824
0.0,0.0,1.0824193356477638,0.2646974163408217,1.45980745239632,1.2650691680694774,1.2650691680694774,0.7124605252222751,1.2650691680694774,0.5599999999999999,0.0,14.430869689661812,hard,0.21488321272152106,0.26417779108596207,0.3214881986522805,0.29735444581362824
0.0,0.0,0.8392762590569873,0.2646974163408217,1.4651796052924453,1.2650691680694774,1.2650691680694774,0.7124605252222751,1.2650691680694774,0.5599999999999999,0.0,14.430869689661812,hard,0.21488321272152106,0.26417779108596207,0.3214881986522805,0.29735444581362824
0.0,0.0,1.1032822296133058,0.2646974163408217,1.4712477992443214,1.2650691680694774,1.2650691680694774,0.7124605252222751,1.2650691680694774,0.5599999999999999,0.0,14.430869689661812,hard,0.21488321272152106,0.26417779108596207,0.3214881986522805,0.29735444581362824
0.0,0.0,0.8542983934494007,0.2646974163408217,1.4772185253343917,1.2650691680694774,1.2650691680694774,0.7124605252222751,1.2650691680694774,0.5599999999999999,0.0,14.430869689661812,hard,0.21488321272152106,0.26417779108596207,0.3214881986522805,0.29735444581362824
0.0,0.0,1.0288911493134199,0.2646974163408217,1.483146194395812,1.2650691680694774,1.2650691680694774,0.7124605252222751,1.2650691680694774,0.5599999999999999,0.0,14.430869689661812,hard,0.21488321272152106,0.26417779108596207,0.3214881986522805,0.29735444581362824
0.0,0.0,0.8176621261780589,0.2646974163408217,1.4896047852314673,1.2650691680694774,1.2650691680694774,0.7124605252222751,1.2650691680694774,0.5599999999999999,0.0,14.430869689661812,hard,0.21488321272152106,0.26417779108596207,0.3214881986522805,0.29735444581362824
0.0,0.0,5.748252476732776,0.2646974163408217,1.4963259311176824,1.2650691680694774,1.2650691680694774,0.7124605252222751,1.2650691680694774,0.5599999999999999,0.0,14.430869689661812,hard,0.21488321272152106,0.26417779108596207,0.3214881986522805,0.29735444581362824
0.0,0.0,0.8379520762986506,0.2646974163408217,1.503254001747912,1.2650691680694774,1.2650691680694774,0.7124605252222751,1.2650691680694774,0.5599999999999999,0.0,14.430869689661812,hard,0.21488321272152106,0.26417779108596207,0.3214881986522805,0.29735444581362824
0.0,0.0,1.0325785587706424,0.2646974163408217,1.505723312603285,1.2650691680694774,1.2650691680694774,0.7124605252222751,1.2650691680694774,0.5599999999999999,0.0,14.430869689661812,hard,0.21488321272152106,0.26417779108596207,0.3214881986522805,0.29735444581362824
0.0,0.0,0.8062720344148566,0.2646974163408217,1.505723312603285,1.2650691680694774,1.2650691680694774,0.7124605252222751,1.2650691680694774,0.5599999999999999,0.0,14.430869689661812,hard,0.21488321272152106,0.26417779108596207,0.3214881986522805,0.29735444581362824
0.0,0.0,6.314953000774739,0.2646974163408217,1.505723312603285,1.2650691680694774,1.2650691680694774,0.7124605252222751,1.2650691680694774,0.5599999999999999,0.0,14.430869689661812,hard,0.21488321272152106,0.26417779108596207,0.3214881986522805,0.29735444581362824
0.0,0.0,2.302545583518014,0.2646974163408217,1.505723312603285,1.2650691680694774,1.2650691680694774,0.7124605252222751,1.2650691680694774,0.5599999999999999,0.0,14.430869689661812,hard,0.21488321272152106,0.26417779108596207,0.3214881986522805,0.29735444581362824
0.0,0.0,1.0955810696319228,0.2646974163408217,1.505723312603285,1.2650691680694774,1.2650691680694774,0.7124605252222751,1.2650691680694774,0.5599999999999999,0.0,14.430869689661812,hard,0.21488321272152106,0.26417779108596207,0.3214881986522805,0.29735444581362824
0.0,0.0,5.367630295897765,0.2646974163408217,1.4289575412974724,1.2650691680694774,1.2650691680694774,0.9499473669630334,1.2650691680694774,0.5599999999999999,0.0,14.430869689661812,hard,0.21488321272152106,0.26417779108596207,0.3214881986522805,0.29735444581362824
0.0,0.0,3.8053395904757994,0.2646974163408217,1.433019800787729,1.2650691680694774,1.2650691680694774,0.9499473669630334,1.2650691680694774,0.5599999999999999,0.0,14.430869689661812,hard,0.21488321272152106,0.26417779108596207,0.3214881986522805,0.29735444581362824
0.0,0.0,0.8764099127236361,0.2646974163408217,1.437451573824418,1.2650691680694774,1.2650691680694774,0.9499473669630334,1.2650691680694774,0.5599999999999999,0.0,14.430869689661812,hard,0.21488321272152106,0.26417779108596207,0.3214881986522805,0.29735444581362824
0.0,0.0,1.032980232748396,0.2646974163408217,1.4419367960894536,1.2650691680694774,1.2650691680694774,0.9499473669630334,1.2650691680694774,0.5599999999999999,0.0,14.430869689661812,hard,0.21488321272152106,0.26417779108596207,0.3214881986522805,0.29735444581362824
0.0,0.0,0.8211228676381598,0.2646974163408217,1.4466633480187683,1.2650691680694774,1.2650691680694774,0.9499473669630334,1.2650691680694774,0.5599999999999999,0.0,14.430869689661812,hard,0.21488321272152106,0.26417779108596207,0.3214881986522805,0.29735444581362824
0.0,0.0,7.499149912913865,0.2646974163408217,1.4506038194126667,1.2650691680694774,1.2650691680694774,0.9499473669630334,1.2650691680694774,0.5599999999999999,0.0,14.430869689661812,hard,0.21488321272152106,0.26417779108596207,0.3214881986522805,0.29735444581362824
0.0,0.0,0.9514206538496701,0.2646974163408217,1.4557386224824247,1.2650691680694774,1.2650691680694774,0.9499473669630334,1.2650691680694774,0.5599999999999999,0.0,14.430869689661812,hard,0.21488321272152106,0.26417779108596207,0.3214881986522805,0.29735444581362824
0.0,0.0,0.9191273118827951,0.2646974163408217,1.4607231644523575,1.2650691680694774,1.2650691680694774,0.9499473669630334,1.2650691680694774,0.5599999999999999,0.0,14.430869689661812,hard,0.21488321272152106,0.26417779108596207,0.3214881986522805,0.29735444581362824
0.0,0.0,0.957698317833565,0.2646974163408217,1.4666313815313157,1.2650691680694774,1.2650691680694774,0.9499473669630334,1.2650691680694774,0.5599999999999999,0.0,14.430869689661812,hard,0.21488321272152106,0.26417779108596207,0.3214881986522805,0.29735444581362824
0.0,0.0,1.0206704365056078,0.2646974163408217,1.472685811521074,1.2650691680694774,1.2650691680694774,0.9499473669630334,1.2650691680694774,0.5599999999999999,0.0,14.430869689661812,hard,0.21488321272152106,0.26417779108596207,0.3214881986522805,0.29735444581362824
0.0,0.0,0.8804766566981203,0.2646974163408217,1.4770990425554034,1.2650691680694774,1.2650691680694774,0.9499473669630334,1.2650691680694774,0.5599999999999999,0.0,14.430869689661812,hard,0.21488321272152106,0.26417779108596207,0.3214881986522805,0.29735444581362824
0.0,0.0,0.9793143403404913,0.2646974163408217,1.4832434417227733,1.2650691680694774,1.2650691680694774,0.9499473669630334,1.2650691680694774,0.5599999999999999,0.0,14.430869689661812,hard,0.21488321272152106,0.26417779108596207,0.3214881986522805,0.29735444581362824
0.0,0.0,0.9843543915275141,0.2646974163408217,1.489703109633696,1.2650691680694774,1.2650691680694774,0.9499473669630334,1.2650691680694774,0.5599999999999999,0.0,14.430869689661812,hard,0.21488321272152106,0.26417779108596207,0.3214881986522805,0.29735444581362824
0.0,0.0,0.9767837016609193,0.2646974163408217,1.49653860185543,1.2650691680694774,1.2650691680694774,0.9499473669630334,1.2650691680694774,0.5599999999999999,0.0,14.430869689661812,hard,0.21488321272152106,0.26417779108596207,0.3214881986522805,0.29735444581362824
0.0,0.0,0.9294116373662453,0.2646974163408217,1.5034326200080614,1.2650691680694774,1.2650691680694774,0.9499473669630334,1.2650691680694774,0.5599999999999999,0.0,14.430869689661812,hard,0.21488321272152106,0.26417779108596207,0.3214881986522805,0.29735444581362824
0.0,0.0,0.9081833720747011,0.2646974163408217,1.505723312603285,1.2650691680694774,1.2650691680694774,0.9499473669630334,1.2650691680694774,0.5599999999999999,0.0,14.430869689661812,hard,0.21488321272152106,0.26417779108596207,0.3214881986522805,0.29735444581362824
0.0,0.0,0.9485090425393632,0.2646974163408217,1.505723312603285,1.2650691680694774,1.2650691680694774,0.9499473669630334,1.2650691680694774,0.5599999999999999,0.0,14.430869689661812,hard,0.21488321272152106,0.26417779108596207,0.3214881986522805,0.29735444581362824
0.0,0.0,0.9370820071027623,0.2646974163408217,1.505723312603285,1.2650691680694774,1.2650691680694774,0.9499473669630334,1.2650691680694774,0.5599999999999999,0.0,14.430869689661812,hard,0.21488321272152106,0.26417779108596207,0.3214881986522805,0.29735444581362824
0.0,0.0,6.155429346405062,0.2646974163408217,1.505723312603285,1.2650691680694774,1.2650691680694774,0.9499473669630334,1.2650691680694774,0.5599999999999999,0.0,14.430869689661812,hard,0.21488321272152106,0.26417779108596207,0.3214881986522805,0.29735444581362824
0.0,0.0,0.9387744051094963,0.2646974163408217,1.505723312603285,1.2650691680694774,1.2650691680694774,0.9499473669630334,1.2650691680694774,0.5599999999999999,0.0,14.430869689661812,hard,0.21488321272152106,0.26417779108596207,0.3214881986522805,0.29735444581362824
0.0,0.0,6.129586942849477,0.2646974163408217,1.4289170100631017,1.2650691680694774,1.2650691680694774,1.187434208703792,1.2650691680694774,0.5599999999999999,0.0,14.430869689661812,hard,0.21488321272152106,0.26417779108596207,0.3214881986522805,0.29735444581362824
0.0,0.0,0.9898056706301572,0.2646974163408217,1.4327624288739689,1.2650691680694774,1.2650691680694774,1.187434208703792,1.2650691680694774,0.5599999999999999,0.0,14.430869689661812,hard,0.21488321272152106,0.26417779108596207,0.3214881986522805,0.29735444581362824
0.0,0.0,6.191818731843726,0.2646974163408217,1.4368424772236597,1.2650691680694774,1.2650691680694774,1.187434208703792,1.2650691680694774,0.5599999999999999,0.0,14.430869689661812,hard,0.21488321272152106,0.26417779108596207,0.3214881986522805,0.29735444581362824
0.0,0.0,2.406865586511045,0.2646974163408217,1.441490335836726,1.2650691680694774,1.2650691680694774,1.187434208703792,1.2650691680694774,0.5599999999999999,0.0,14.430869689661812,hard,0.21488321272152106,0.26417779108596207,0.3214881986522805,0.29735444581362824
0.0,0.0,1.0000996973633314,0.2646974163408217,1.4462539699928332,1.2650691680694774,1.2650691680694774,1.187434208703792,1.2650691680694774,0.5599999999999999,0.0,14.430869689661812,hard,0.21488321272152106,0.26417779108596207,0.3214881986522805,0.29735444581362824
0.0,0.0,0.9775376661972975,0.2646974163408217,1.4514013582256928,1.2650691680694774,1.2650691680694774,1.187434208703792,1.2650691680694774,0.5599999999999999,0.0,14.430869689661812,hard,0.21488321272152106,0.26417779108596207,0.3214881986522805,0.29735444581362824
0.0,0.0,3.6992276236518835,0.2646974163408217,1.4565898229701209,1.2650691680694774,1.2650691680694774,1.187434208703792,1.2650691680694774,0.5599999999999999,0.0,14.430869689661812,hard,0.21488321272152106,0.26417779108596207,0.3214881986522805,0.29735444581362824
0.0,0.0,0.9770804705867747,0.2646974163408217,1.461986677414093,1.2650691680694774,1.2650691680694774,1.187434208703792,1.2650691680694774,0.5599999999999999,0.0,14.430869689661812,hard,0.21488321272152106,0.26417779108596207,0.3214881986522805,0.29735444581362824
0.0,0.0,12.0578674323884,0.26493067010814597,1.467606472799807,1.2650691680694774,1.2650691680694774,1.187434208703792,1.2650691680694774,0.5599999999999999,11.620000000000001,14.430869689661812,hard,0.21488321272152106,0.26417779108596207,0.32156220690173054,0.2983495722123505
0.0,0.0,19.824502480141756,0.2653711860973715,1.4736645919061806,1.2650691680694774,1.2650691680694774,1.187434208703792,1.2650691680694774,0.5599999999999999,19.74,14.430869689661812,hard,0.21488321272152106,0.26417779108596207,0.3225940969799019,0.29893758881411264
0.0,0.0,13.266691597281977,0.2655839123400105,1.4800108756810728,1.2650691680694774,1.2650691680694774,1.187434208703792,1.2650691680694774,0.5599999999999999,10.360000000000001,14.430869689661812,hard,0.21488321272152106,0.26417779108596207,0.3229625563947157,0.2994390533284201
0.0,0.0,3.685203571212827,0.26566795139032917,1.4865319671567312,1.2650691680694774,1.2650691680694774,1.187434208703792,1.2650691680694774,0.5599999999999999,3.36,14.430869689661812,hard,0.21488321272152106,0.26417779108596207,0.32313927843187773,0.29959729519445927
0.0,0.0,12.001821872848241,0.2659463155263525,1.4932844120498319,1.2650691680694774,1.2650691680694774,1.187434208703792,1.2650691680694774,0.5599999999999999,11.9,14.430869689661812,hard,0.21488321272152106,0.26417779108596207,0.3237009993250112,0.30016992339411974
0.0,0.0,9.68550071854723,0.2661584669749453,1.5001121011277196,1.2650691680694774,1.2650691680694774,1.187434208703792,1.2650691680694774,0.5599999999999999,9.52,14.430869689661812,hard,0.21488321272152106,0.26417779108596207,0.3239719669569976,0.3008326849739094
0.0,0.0,8.518609154371044,0.2663432339292292,1.5056905364399618,1.2650691680694774,1.2650691680694774,1.187434208703792,1.2650691680694774,0.5599999999999999,8.4,14.430869689661812,hard,0.21488321272152106,0.26417779108596207,0.324389923826993,0.30117139451399244
0.0,0.0,0.9820183679567054,0.2663432339292292,1.505723312603285,1.2650691680694774,1.2650691680694774,1.187434208703792,1.2650691680694774,0.5599999999999999,0.0,14.430869689661812,hard,0.21488321272152106,0.26417779108596207,0.324389923826993,0.30117139451399244
0.0,0.0,0.9671388046099285,0.2663432339292292,1.505723312603285,1.2650691680694774,1.2650691680694774,1.187434208703792,1.2650691680694774,0.5599999999999999,0.0,14.430869689661812,hard,0.21488321272152106,0.26417779108596207,0.324389923826993,0.30117139451399244
0.0,0.0,1.0087537761277139,0.2663432339292292,1.505723312603285,1.2650691680694774,1.2650691680694774,1.187434208703792,1.2650691680694774,0.5599999999999999,0.0,14.430869689661812,hard,0.21488321272152106,0.26417779108596207,0.324389923826993,0.30117139451399244
0.0,0.0,0.9680558864163704,0.2663432339292292,1.505723312603285,1.2650691680694774,1.2650691680694774,1.187434208703792,1.2650691680694774,0.5599999999999999,0.0,14.430869689661812,hard,0.21488321272152106,0.26417779108596207,0.324389923826993,0.30117139451399244
0.0,0.0,1.0025374701917247,0.2663432339292292,1.505723312603285,1.2650691680694774,1.2650691680694774,1.187434208703792,1.2650691680694774,0.5599999999999999,0.0,14.430869689661812,hard,0.21488321272152106,0.26417779108596207,0.324389923826993,0.30117139451399244
0.0,0.0,6.083449694864917,0.2663432339292292,1.4290715639951506,1.2650691680694774,1.2650691680694774,1.4249210504445502,1.2650691680694774,0.5599999999999999,0.0,14.430869689661812,hard,0.21488321272152106,0.26417779108596207,0.324389923826993,0.30117139451399244
0.0,0.0,1.0074839614949436,0.2663432339292292,1.43310969672768,1.2650691680694774,1.2650691680694774,1.4249210504445502,1.2650691680694774,0.5599999999999999,0.0,14.430869689661812,hard,0.21488321272152106,0.26417779108596207,0.324389923826993,0.30117139451399244
0.0,0.0,0.9421598764585373,0.2663432339292292,1.4372562170776306,1.2650691680694774,1.2650691680694774,1.4249210504445502,1.2650691680694774,0.5599999999999999,0.0,14.430869689661812,hard,0.21488321272152106,0.26417779108596207,0.324389923826993,0.30117139451399244
0.0,0.0,5.798652357907338,0.2663432339292292,1.4416288952910545,1.2650691680694774,1.2650691680694774,1.4249210504445502,1.2650691680694774,0.5599999999999999,0.0,14.430869689661812,hard,0.21488321272152106,0.26417779108596207,0.324389923826993,0.30117139451399244
0.0,0.0,0.9797084249995438,0.2663432339292292,1.4464194996797834,1.2650691680694774,1.2650691680694774,1.4249210504445502,1.2650691680694774,0.5599999999999999,0.0,14.430869689661812,hard,0.21488321272152106,0.26417779108596207,0.324389923826993,0.30117139451399244
0.0,0.0,0.9877155938358053,0.2663432339292292,1.4514839547319505,1.2650691680694774,1.2650691680694774,1.4249210504445502,1.2650691680694774,0.5599999999999999,0.0,14.430869689661812,hard,0.21488321272152106,0.26417779108596207,0.324389923826993,0.30117139451399244
0.0,0.0,0.9510637779143364,0.2663432339292292,1.456614263694639,1.2650691680694774,1.2650691680694774,1.4249210504445502,1.2650691680694774,0.5599999999999999,0.0,14.430869689661812,hard,0.21488321272152106,0.26417779108596207,0.324389923826993,0.30117139451399244
0.0,0.0,6.218939477829018,0.2663432339292292,1.462049072203128,1.2650691680694774,1.2650691680694774,1.4249210504445502,1.2650691680694774,0.5599999999999999,0.0,14.430869689661812,hard,0.21488321272152106,0.26417779108596207,0.324389923826993,0.30117139451399244
0.0,0.0,2.3516269198212627,0.2663432339292292,1.4676088739947957,1.2650691680694774,1.2650691680694774,1.4249210504445502,1.2650691680694774,0.5599999999999999,0.0,14.430869689661812,hard,0.21488321272152106,0.26417779108596207,0.324389923826993,0.30117139451399244
0.0,0.0,1.0048775700001635,0.2663432339292292,1.4734336545448512,1.2650691680694774,1.2650691680694774,1.4249210504445502,1.2650691680694774,0.5599999999999999,0.0,14.430869689661812,hard,0.21488321272152106,0.26417779108596207,0.324389923826993,0.30117139451399244
0.0,0.0,0.9304862275265584,0.2663432339292292,1.4792769929675136,1.2650691680694774,1.2650691680694774,1.4249210504445502,1.2650691680694774,0.5599999999999999,0.0,14.430869689661812,hard,0.21488321272152106,0.26417779108596207,0.324389923826993,0.30117139451399244
0.0,0.0,3.7369100154254746,0.2663432339292292,1.4857140021507367,1.2650691680694774,1.2650691680694774,1.4249210504445502,1.2650691680694774,0.5599999999999999,0.0,14.430869689661812,hard,0.21488321272152106,0.26417779108596207,0.324389923826993,0.30117139451399244
0.0,0.0,0.9197177716267304,0.2663432339292292,1.4919848072972592,1.2650691680694774,1.2650691680694774,1.4249210504445502,1.2650691680694774,0.5599999999999999,0.0,14.430869689661812,hard,0.21488321272152106,0.26417779108596207,0.324389923826993,0.30117139451399244
0.0,0.0,0.9766209629621986,0.2663432339292292,1.4971613899168843,1.2650691680694774,1.2650691680694774,1.4249210504445502,1.2650691680694774,0.5599999999999999,0.0,14.430869689661812,hard,0.21488321272152106,0.26417779108596207,0.324389923826993,0.30117139451399244
0.0,0.0,0.960801527762846,0.2663432339292292,1.5041285148570012,1.2650691680694774,1.2650691680694774,1.4249210504445502,1.2650691680694774,0.5599999999999999,0.0,14.430869689661812,hard,0.21488321272152106,0.26417779108596207,0.324389923826993,0.30117139451399244
0.0,0.0,7.433362161410896,0.2663432339292292,1.505723312603285,1.2650691680694774,1.2650691680694774,1.4249210504445502,1.2650691680694774,0.5599999999999999,0.0,14.430869689661812,hard,0.21488321272152106,0.26417779108596207,0.324389923826993,0.30117139451399244
0.0,0.0,0.9181794826111982,0.2663432339292292,1.505723312603285,1.2650691680694774,1.2650691680694774,1.4249210504445502,1.2650691680694774,0.5599999999999999,0.0,14.430869689661812,hard,0.21488321272152106,0.26417779108596207,0.324389923826993,0.30117139451399244
0.0,0.0,0.9889375225310172,0.2663432339292292,1.505723312603285,1.2650691680694774,1.2650691680694774,1.4249210504445502,1.2650691680694774,0.5599999999999999,0.0,14.430869689661812,hard,0.21488321272152106,0.26417779108596207,0.324389923826993,0.30117139451399244
0.0,0.0,0.980322490384241,0.2663432339292292,1.505723312603285,1.2650691680694774,1.2650691680694774,1.4249210504445502,1.2650691680694774,0.5599999999999999,0.0,14.430869689661812,hard,0.21488321272152106,0.26417779108596207,0.324389923826993,0.30117139451399244
0.0,0.0,0.9780498724181662,0.2663432339292292,1.505723312603285,1.2650691680694774,1.2650691680694774,1.4249210504445502,1.2650691680694774,0.5599999999999999,0.0,14.430869689661812,hard,0.21488321272152106,0.26417779108596207,0.324389923826993,0.30117139451399244
0.0,0.0,6.033243205464905,0.2663432339292292,1.428966227398963,1.2650691680694774,1.2650691680694774,1.6624078921853085,1.2650691680694774,0.5599999999999999,0.0,14.430869689661812,hard,0.21488321272152106,0.26417779108596207,0.324389923826993,0.30117139451399244
0.0,0.0,1.050144941672166,0.2663432339292292,1.4330910314153162,1.2650691680694774,1.2650691680694774,1.6624078921853085,1.2650691680694774,0.5599999999999999,0.0,14.430869689661812,hard,0.21488321272152106,0.26417779108596207,0.324389923826993,0.30117139451399244
0.0,0.0,0.992586913013411,0.2663432339292292,1.437625343053148,1.2650691680694774,1.2650691680694774,1.6624078921853085,1.2650691680694774,0.5599999999999999,0.0,14.430869689661812,hard,0.21488321272152106,0.26417779108596207,0.324389923826993,0.30117139451399244
0.0,0.0,0.5196586623289321,0.2663432339292292,1.441216357430239,1.2650691680694774,1.2650691680694774,1.6624078921853085,1.2650691680694774,0.5599999999999999,0.0,14.430869689661812,hard,0.21488321272152106,0.26417779108596207,0.324389923826993,0.30117139451399244
0.0,0.0,0.9218859075746222,0.2663432339292292,1.4450456927701594,1.2650691680694774,1.2650691680694774,1.6624078921853085,1.2650691680694774,0.5599999999999999,0.0,14.430869689661812,hard,0.21488321272152106,0.26417779108596207,0.324389923826993,0.30117139451399244
0.0,0.0,0.9729024692594639,0.2663432339292292,1.4500315087674895,1.2650691680694774,1.2650691680694774,1.6624078921853085,1.2650691680694774,0.5599999999999999,0.0,14.430869689661812,hard,0.21488321272152106,0.26417779108596207,0.324389923826993,0.30117139451399244
0.0,0.0,1.0297742003503692,0.2663432339292292,1.4552631585535498,1.2650691680694774,1.2650691680694774,1.6624078921853085,1.2650691680694774,0.5599999999999999,0.0,14.430869689661812,hard,0.21488321272152106,0.26417779108596207,0.324389923826993,0.30117139451399244
0.0,0.0,0.9612615053584049,0.2663432339292292,1.4607171423170613,1.2650691680694774,1.2650691680694774,1.6624078921853085,1.2650691680694774,0.5599999999999999,0.0,14.430869689661812,hard,0.21488321272152106,0.26417779108596207,0.324389923826993,0.30117139451399244
0.0,0.0,6.039607982646586,0.2663432339292292,1.4664845696794366,1.2650691680694774,1.2650691680694774,1.6624078921853085,1.2650691680694774,0.5599999999999999,0.0,14.430869689661812,hard,0.21488321272152106,0.26417779108596207,0.324389923826993,0.30117139451399244
0.0,0.0,27.533050590481896,0.26664004610093345,1.4745975077114228,1.2650691680694774,1.2650691680694774,1.6624078921853085,1.2650691680694774,0.5599999999999999,27.860000000000003,14.430869689661812,hard,0.21488321272152106,0.26480374837040893,0.3249818611287285,0.3014142896120731
0.0,0.0,13.851065913614534,0.2667753615002834,1.4828427731079725,1.2650691680694774,1.2650691680694774,1.6624078921853085,1.2650691680694774,0.5599999999999999,14.0,14.430869689661812,hard,0.21488321272152106,0.26512876301760063,0.3251549742366358,0.30156139219476125
0.0,0.0,7.261341421801952,0.2668359222035381,1.4912284586910551,1.2650691680694774,1.2650691680694774,1.6624078921853085,1.2650691680694774,0.5599999999999999,6.580000000000001,14.430869689661812,hard,0.21488321272152106,0.2652522717624471,0.3251843116871127,0.3016696162666387
0.0,0.0,6.212230420033125,0.2668359222035381,1.497804396731064,1.2650691680694774,1.2650691680694774,1.6624078921853085,1.2650691680694774,0.5599999999999999,0.0,14.430869689661812,hard,0.21488321272152106,0.2652522717624471,0.3251843116871127,0.3016696162666387
0.0,0.0,1.0064987119466178,0.2668359222035381,1.5047531477635976,1.2650691680694774,1.2650691680694774,1.6624078921853085,1.2650691680694774,0.5599999999999999,0.0,14.430869689661812,hard,0.21488321272152106,0.2652522717624471,0.3251843116871127,0.3016696162666387
0.0,0.0,0.9723854393071321,0.2668359222035381,1.5101073433457997,1.2650691680694774,1.2650691680694774,1.6624078921853085,1.2650691680694774,0.5599999999999999,0.0,14.430869689661812,hard,0.21488321272152106,0.2652522717624471,0.3251843116871127,0.3016696162666387
0.0,0.0,0.9140988856212062,0.2668359222035381,1.5119544403155691,1.2650691680694774,1.2650691680694774,1.6624078921853085,1.2650691680694774,0.5599999999999999,0.0,14.430869689661812,hard,0.21488321272152106,0.2652522717624471,0.3251843116871127,0.3016696162666387
0.0,0.0,3.7465877312255897,0.2668359222035381,1.5119544403155691,1.2650691680694774,1.2650691680694774,1.6624078921853085,1.2650691680694774,0.5599999999999999,0.0,14.430869689661812,hard,0.21488321272152106,0.2652522717624471,0.3251843116871127,0.3016696162666387
0.0,0.0,1.0036673500507685,0.2668359222035381,1.5119544403155691,1.2650691680694774,1.2650691680694774,1.6624078921853085,1.2650691680694774,0.5599999999999999,0.0,14.430869689661812,hard,0.21488321272152106,0.2652522717624471,0.3251843116871127,0.3016696162666387
0.0,0.0,0.9916400621927305,0.2668359222035381,1.5119544403155691,1.2650691680694774,1.2650691680694774,1.6624078921853085,1.2650691680694774,0.5599999999999999,0.0,14.430869689661812,hard,0.21488321272152106,0.2652522717624471,0.3251843116871127,0.3016696162666387
0.0,0.0,0.911446179354857,0.2668359222035381,1.5119544403155691,1.2650691680694774,1.2650691680694774,1.6624078921853085,1.2650691680694774,0.5599999999999999,0.0,14.430869689661812,hard,0.21488321272152106,0.2652522717624471,0.3251843116871127,0.3016696162666387
0.0,0.0,10.795281905179648,0.2668359222035381,1.435857078806891,1.2650691680694774,1.2650691680694774,1.8998947339260668,1.2650691680694774,0.5599999999999999,0.0,14.430869689661812,hard,0.21488321272152106,0.2652522717624471,0.3251843116871127,0.3016696162666387
0.0,0.0,1.0047063564120164,0.2668359222035381,1.4397525354376415,1.2650691680694774,1.2650691680694774,1.8998947339260668,1.2650691680694774,0.5599999999999999,0.0,14.430869689661812,hard,0.21488321272152106,0.2652522717624471,0.3251843116871127,0.3016696162666387
0.0,0.0,1.048171935547728,0.2668359222035381,1.4439454153315538,1.2650691680694774,1.2650691680694774,1.8998947339260668,1.2650691680694774,0.5599999999999999,0.0,14.430869689661812,hard,0.21488321272152106,0.2652522717624471,0.3251843116871127,0.3016696162666387
0.0,0.0,0.9577727230034593,0.2668359222035381,1.448433821576261,1.2650691680694774,1.2650691680694774,1.8998947339260668,1.2650691680694774,0.5599999999999999,0.0,14.430869689661812,hard,0.21488321272152106,0.2652522717624471,0.3251843116871127,0.3016696162666387
0.0,0.0,1.0483166941329158,0.2668359222035381,1.4530081480334553,1.2650691680694774,1.2650691680694774,1.8998947339260668,1.2650691680694774,0.5599999999999999,0.0,14.430869689661812,hard,0.21488321272152106,0.2652522717624471,0.3251843116871127,0.3016696162666387
0.0,0.0,0.9815513294476342,0.2668359222035381,1.4578625978935331,1.2650691680694774,1.2650691680694774,1.8998947339260668,1.2650691680694774,0.5599999999999999,0.0,14.430869689661812,hard,0.21488321272152106,0.2652522717624471,0.3251843116871127,0.3016696162666387
0.0,0.0,0.9880759122557637,0.2668359222035381,1.46318607914626,1.2650691680694774,1.2650691680694774,1.8998947339260668,1.2650691680694774,0.5599999999999999,0.0,14.430869689661812,hard,0.21488321272152106,0.2652522717624471,0.3251843116871127,0.3016696162666387
0.0,0.0,1.0106019208652544,0.2668359222035381,1.4689329193762908,1.2650691680694774,1.2650691680694774,1.8998947339260668,1.2650691680694774,0.5599999999999999,0.0,14.430869689661812,hard,0.21488321272152106,0.2652522717624471,0.3251843116871127,0.3016696162666387
0.0,0.0,1.0419940986967167,0.2668359222035381,1.4748697092857255,1.2650691680694774,1.2650691680694774,1.8998947339260668,1.2650691680694774,0.5599999999999999,0.0,14.430869689661812,hard,0.21488321272152106,0.2652522717624471,0.3251843116871127,0.3016696162666387
0.0,0.0,0.9932914364377992,0.2668359222035381,1.4809191503279562,1.2650691680694774,1.2650691680694774,1.8998947339260668,1.2650691680694774,0.5599999999999999,0.0,14.430869689661812,hard,0.21488321272152106,0.2652522717624471,0.3251843116871127,0.3016696162666387
0.0,0.0,0.9932878707408813,0.2668359222035381,1.4869845236547043,1.2650691680694774,1.2650691680694774,1.8998947339260668,1.2650691680694774,0.5599999999999999,0.0,14.430869689661812,hard,0.21488321272152106,0.2652522717624471,0.3251843116871127,0.3016696162666387
0.0,0.0,0.9725922415101769,0.2668359222035381,1.4931825401151078,1.2650691680694774,1.2650691680694774,1.8998947339260668,1.2650691680694774,0.5599999999999999,0.0,14.430869689661812,hard,0.21488321272152106,0.2652522717624471,0.3251843116871127,0.3016696162666387
0.0,0.0,0.957597144180315,0.2668359222035381,1.4998199430205914,1.2650691680694774,1.2650691680694774,1.8998947339260668,1.2650691680694774,0.5599999999999999,0.0,14.430869689661812,hard,0.21488321272152106,0.2652522717624471,0.3251843116871127,0.3016696162666387
0.0,0.0,6.164939499280516,0.2668359222035381,1.5064363756864976,1.2650691680694774,1.2650691680694774,1.8998947339260668,1.2650691680694774,0.5599999999999999,0.0,14.430869689661812,hard,0.21488321272152106,0.2652522717624471,0.3251843116871127,0.3016696162666387
0.0,0.0,0.9586555823452827,0.2668359222035381,1.5116626450366057,1.2650691680694774,1.2650691680694774,1.8998947339260668,1.2650691680694774,0.5599999999999999,0.0,14.430869689661812,hard,0.21488321272152106,0.2652522717624471,0.3251843116871127,0.3016696162666387
0.0,0.0,0.9597603743414034,0.2668359222035381,1.5119544403155691,1.2650691680694774,1.2650691680694774,1.8998947339260668,1.2650691680694774,0.5599999999999999,0.0,14.430869689661812,hard,0.21488321272152106,0.2652522717624471,0.3251843116871127,0.3016696162666387
0.0,0.0,1.0293105851129984,0.2668359222035381,1.5119544403155691,1.2650691680694774,1.2650691680694774,1.8998947339260668,1.2650691680694774,0.5599999999999999,0.0,14.430869689661812,hard,0.21488321272152106,0.2652522717624471,0.3251843116871127,0.3016696162666387
0.0,0.0,6.192297727874405,0.2668359222035381,1.5119544403155691,1.2650691680694774,1.2650691680694774,1.8998947339260668,1.2650691680694774,0.5599999999999999,0.0,14.430869689661812,hard,0.21488321272152106,0.2652522717624471,0.3251843116871127,0.3016696162666387
0.0,0.0,2.4009196099777848,0.2668359222035381,1.5119544403155691,1.2650691680694774,1.2650691680694774,1.8998947339260668,1.2650691680694774,0.5599999999999999,0.0,14.430869689661812,hard,0.21488321272152106,0.2652522717624471,0.3251843116871127,0.3016696162666387
0.0,0.0,0.9752658944339828,0.2668359222035381,1.5119544403155691,1.2650691680694774,1.2650691680694774,1.8998947339260668,1.2650691680694774,0.5599999999999999,0.0,14.430869689661812,hard,0.21488321272152106,0.2652522717624471,0.3251843116871127,0.3016696162666387
0.0,0.0,6.298180145526314,0.2668359222035381,1.4357437686721846,1.2650691680694774,1.2650691680694774,2.1373815756668253,1.2650691680694774,0.5599999999999999,0.0,14.430869689661812,hard,0.21488321272152106,0.2652522717624471,0.3251843116871127,0.3016696162666387
0.0,0.0,3.713397559286405,0.2668359222035381,1.4395241877312737,1.2650691680694774,1.2650691680694774,2.1373815756668253,1.2650691680694774,0.5599999999999999,0.0,14.430869689661812,hard,0.21488321272152106,0.2652522717624471,0.3251843116871127,0.3016696162666387
0.0,0.0,0.9647002138134081,0.2668359222035381,1.4434911511136304,1.2650691680694774,1.2650691680694774,2.1373815756668253,1.2650691680694774,0.5599999999999999,0.0,14.430869689661812,hard,0.21488321272152106,0.2652522717624471,0.3251843116871127,0.3016696162666387
0.0,0.0,0.956941339927858,0.2668359222035381,1.4479021122784241,1.2650691680694774,1.2650691680694774,2.1373815756668253,1.2650691680694774,0.5599999999999999,0.0,14.430869689661812,hard,0.21488321272152106,0.2652522717624471,0.3251843116871127,0.3016696162666387
0.0,0.0,1.0042261553011442,0.2668359222035381,1.45254914177587,1.2650691680694774,1.2650691680694774,2.1373815756668253,1.2650691680694774,0.5599999999999999,0.0,14.430869689661812,hard,0.21488321272152106,0.2652522717624471,0.3251843116871127,0.3016696162666387
0.0,0.0,7.358378829755753,0.2668359222035381,1.457486130501021,1.2650691680694774,1.2650691680694774,2.1373815756668253,1.2650691680694774,0.5599999999999999,0.0,14.430869689661812,hard,0.21488321272152106,0.2652522717624471,0.3251843116871127,0.3016696162666387
0.0,0.0,0.8925273268169516,0.2668359222035381,1.4624473503451842,1.2650691680694774,1.2650691680694774,2.1373815756668253,1.2650691680694774,0.5599999999999999,0.0,14.430869689661812,hard,0.21488321272152106,0.2652522717624471,0.3251843116871127,0.3016696162666387
0.0,0.0,0.9277069869674066,0.2668359222035381,1.4677035473259603,1.2650691680694774,1.2650691680694774,2.1373815756668253,1.2650691680694774,0.5599999999999999,0.0,14.430869689661812,hard,0.21488321272152106,0.2652522717624471,0.3251843116871127,0.3016696162666387
0.0,0.0,2.3918304295809207,0.26685125523777053,1.475908174012552,1.2650691680694774,1.2650691680694774,2.1373815756668253,1.2650691680694774,0.5599999999999999,2.1,14.430869689661812,hard,0.21488321272152106,0.26526361501668616,0.3251941216275531,0.301706850511214
0.0,0.0,9.228180686269605,0.26705109220670337,1.4842563112849938,1.2650691680694774,1.2650691680694774,2.1373815756668253,1.2650691680694774,0.5599999999999999,8.371379814582541,14.430869689661812,hard,0.21488321272152106,0.26528635908408205,0.325435127288933,0.3020558352069869
0.0,0.0,10.17071341802836,0.2673339470134307,1.4906849319964801,1.2650691680694774,1.2650691680694774,2.1373815756668253,1.2650691680694774,0.5599999999999999,10.825820985033882,14.430869689661812,hard,0.21488321272152106,0.26540122995574084,0.32580452244715213,0.3024919429235537
0.0,0.0,19.52570030136351,0.26785366704162833,1.4966245637067463,1.2650691680694774,1.2650691680694774,2.1373815756668253,1.2650691680694774,0.5599999999999999,19.880935591666702,14.430869689661812,hard,0.21488321272152106,0.2655062517582026,0.326100691500492,0.30387753193676226
0.0,0.0,18.354499913791383,0.2683069235974582,1.5026850078164709,1.2650691680694774,1.2650691680694774,2.1373815756668253,1.2650691680694774,0.5599999999999999,17.569621509867535,14.430869689661812,hard,0.21488321272152106,0.2655298004818339,0.3264303924468369,0.30512386027804095
0.0,0.0,11.72463080845953,0.268611065206464,1.5093745996498504,1.2650691680694774,1.2650691680694774,2.1373815756668253,1.2650691680694774,0.5599999999999999,11.620000000000003,14.430869689661812,hard,0.21488321272152106,0.2655298004818339,0.32675264778917007,0.3058634690493346
0.0,0.0,12.512213884661454,0.26890156758991723,1.5162529934946882,1.2650691680694774,1.2650691680694774,2.1373815756668253,1.2650691680694774,0.5599999999999999,12.319999999999999,14.430869689661812,hard,0.21488321272152106,0.2655298004818339,0.32715858517979673,0.30645667622892137
0.0,0.0,5.8789327787137555,0.2690284587136197,1.5173416787034073,1.2650691680694774,1.2650691680694774,2.1373815756668253,1.2650691680694774,0.5599999999999999,6.159999999999999,14.430869689661812,hard,0.21488321272152106,0.2655298004818339,0.3272539762737867,0.3068355024011747
0.0,0.0,7.69110941916648,0.26924792446696616,1.5173416787034073,1.2650691680694774,1.2650691680694774,2.1373815756668253,1.2650691680694774,0.5599999999999999,7.979999999999998,14.430869689661812,hard,0.21488321272152106,0.2655298004818339,0.3276576836330615,0.3071711687292512
0.0,0.0,8.237875665922383,0.26942831627766717,1.5173416787034073,1.2650691680694774,1.2650691680694774,2.1373815756668253,1.2650691680694774,0.5599999999999999,8.120000000000001,14.430869689661812,hard,0.21488321272152106,0.2655298004818339,0.3280907815913222,0.3073241106945755
0.0,0.0,7.920181858205728,0.2695724293442729,1.5173416787034073,1.2650691680694774,1.2650691680694774,2.1373815756668253,1.2650691680694774,0.5599999999999999,5.460000000000001,14.430869689661812,hard,0.21488321272152106,0.2655298004818339,0.32836695270788574,0.307547095417245
0.0,0.0,5.642956829506308,0.2696963788126862,1.5173416787034073,1.2650691680694774,1.2650691680694774,2.1373815756668253,1.2650691680694774,0.5599999999999999,4.9,14.430869689661812,hard,0.21488321272152106,0.2655298004818339,0.32862250955656225,0.30772028267877993
0.0,0.0,8.271771921404556,0.2698039914570129,1.441545647455553,1.2650691680694774,1.2650691680694774,2.374868417407584,1.2650691680694774,0.5599999999999999,4.759999999999999,14.430869689661812,hard,0.21488321272152106,0.2655298004818339,0.32885573514848504,0.30785987032665546
0.0,0.0,6.428917341931212,0.26998199657043764,1.4452216977077765,1.2650691680694774,1.2650691680694774,2.374868417407584,1.2650691680694774,0.5599999999999999,6.3,14.430869689661812,hard,0.21488321272152106,0.2655298004818339,0.3291073731673369,0.30826631159966333
0.0,0.0,9.35662280065531,0.270144254155516,1.4492056411747167,1.2650691680694774,1.2650691680694774,2.374868417407584,1.2650691680694774,0.5599999999999999,6.159999999999999,14.430869689661812,hard,0.21488321272152106,0.2655298004818339,0.32933509524045856,0.3086440342888943
0.0,0.0,9.171905808717787,0.27037934709690725,1.4533117872787151,1.2650691680694774,1.2650691680694774,2.374868417407584,1.2650691680694774,0.5599999999999999,8.120000000000001,14.430869689661812,hard,0.21488321272152106,0.2655298004818339,0.329683796631826,0.30917600215467256
0.0,0.0,7.587375161090623,0.2706040088817137,1.457820226079154,1.2650691680694774,1.2650691680694774,2.374868417407584,1.2650691680694774,0.5599999999999999,7.979999999999998,14.430869689661812,hard,0.21488321272152106,0.2655298004818339,0.32998088896039857,0.30973888890906576
0.0,0.0,6.339360074065927,0.2707401432661443,1.4624277075642083,1.2650691680694774,1.2650691680694774,2.374868417407584,1.2650691680694774,0.5599999999999999,5.460000000000001,14.430869689661812,hard,0.21488321272152106,0.2655298004818339,0.3299958985646691,0.3102951040842709
0.0,0.0,12.461773657642851,0.27111270248870134,1.4663754493256371,1.2650691680694774,1.2650691680694774,2.374868417407584,1.2650691680694774,0.5599999999999999,12.459999999999997,14.430869689661812,hard,0.21488321272152106,0.2655298004818339,0.3309870959665412,0.3106266616309693
0.0,0.0,8.363127183408855,0.27134630726953335,1.4717921954475799,1.2650691680694774,1.2650691680694774,2.374868417407584,1.2650691680694774,0.5599999999999999,7.7,14.430869689661812,hard,0.21488321272152106,0.2655298004818339,0.3316701335417876,0.31078409070818286
0.0,0.0,4.505325042236018,0.27144052304026883,1.4773068747126192,1.2650691680694774,1.2650691680694774,2.374868417407584,1.2650691680694774,0.5599999999999999,4.340000000000001,14.430869689661812,hard,0.21488321272152106,0.2655298004818339,0.331970716130821,0.31082358793811016
0.0,0.0,2.134263094006015,0.2714688738879971,1.4831659609560754,1.2650691680694774,1.2650691680694774,2.374868417407584,1.2650691680694774,0.5599999999999999,2.1,14.430869689661812,hard,0.21488321272152106,0.2655298004818339,0.3320719538395235,0.31082358793811016
0.0,0.0,7.242829400296372,0.2714688738879971,1.4895466211223256,1.2650691680694774,1.2650691680694774,2.374868417407584,1.2650691680694774,0.5599999999999999,0.27999999999999997,14.430869689661812,hard,0.21488321272152106,0.2655298004818339,0.3320719538395235,0.31082358793811016
0.0,0.0,1.5513209586948389,0.2714830642091259,1.496085301464399,1.2650691680694774,1.2650691680694774,2.374868417407584,1.2650691680694774,0.5599999999999999,0.5599999999999999,14.430869689661812,hard,0.21488321272152106,0.2655298004818339,0.3321227680849233,0.31082358793811016
0.0,0.0,1.6369267821531308,0.271502000082814,1.5024553901133237,1.2650691680694774,1.2650691680694774,2.374868417407584,1.2650691680694774,0.5599999999999999,0.8400000000000001,14.430869689661812,hard,0.21488321272152106,0.2655298004818339,0.3321907229056212,0.31082358793811016
0.0,0.0,1.2921905121878379,0.271502000082814,1.5089357994739845,1.2650691680694774,1.2650691680694774,2.374868417407584,1.2650691680694774,0.5599999999999999,0.42000000000000004,14.430869689661812,hard,0.21488321272152106,0.2655298004818339,0.3321907229056212,0.31082358793811016
0.0,0.0,1.110846421342465,0.271502000082814,1.514905237283804,1.2650691680694774,1.2650691680694774,2.374868417407584,1.2650691680694774,0.5599999999999999,0.13999999999999999,14.430869689661812,hard,0.21488321272152106,0.2655298004818339,0.3321907229056212,0.31082358793811016
0.0,0.0,1.2729051160975313,0.271502000082814,1.5173416787034073,1.2650691680694774,1.2650691680694774,2.374868417407584,1.2650691680694774,0.5599999999999999,0.13999999999999999,14.430869689661812,hard,0.21488321272152106,0.2655298004818339,0.3321907229056212,0.31082358793811016
0.0,0.0,1.0195195894053515,0.271502000082814,1.5173416787034073,1.2650691680694774,1.2650691680694774,2.374868417407584,1.2650691680694774,0.5599999999999999,0.0,14.430869689661812,hard,0.21488321272152106,0.2655298004818339,0.3321907229056212,0.31082358793811016
0.0,0.0,1.1063662630281028,0.271502000082814,1.5173416787034073,1.2650691680694774,1.2650691680694774,2.374868417407584,1.2650691680694774,0.5599999999999999,0.0,14.430869689661812,hard,0.21488321272152106,0.2655298004818339,0.3321907229056212,0.31082358793811016
0.0,0.0,0.9160204748163698,0.271502000082814,1.5173416787034073,1.2650691680694774,1.2650691680694774,2.374868417407584,1.2650691680694774,0.5599999999999999,0.0,14.430869689661812,hard,0.21488321272152106,0.2655298004818339,0.3321907229056212,0.31082358793811016
0.0,0.0,1.0727969636294172,0.271502000082814,1.5173416787034073,1.2650691680694774,1.2650691680694774,2.374868417407584,1.2650691680694774,0.5599999999999999,0.0,14.430869689661812,hard,0.21488321272152106,0.2655298004818339,0.3321907229056212,0.31082358793811016
0.0,0.0,5.37413389621777,0.2715067368089793,1.4416768606657144,1.2650691680694774,1.2650691680694774,2.612355259148342,1.2650691680694774,0.5599999999999999,0.13999999999999999,14.430869689661812,hard,0.21488321272152106,0.2655298004818339,0.3321907229056212,0.31084335753251374
0.0,0.0,1.1256239960540302,0.2715067368089793,1.4456151591544977,1.2650691680694774,1.2650691680694774,2.612355259148342,1.2650691680694774,0.5599999999999999,0.0,14.430869689661812,hard,0.21488321272152106,0.2655298004818339,0.3321907229056212,0.31084335753251374
0.0,0.0,0.8496715353053971,0.2715067368089793,1.449854462253072,1.2650691680694774,1.2650691680694774,2.612355259148342,1.2650691680694774,0.5599999999999999,0.0,14.430869689661812,hard,0.21488321272152106,0.2655298004818339,0.3321907229056212,0.31084335753251374
0.0,0.0,5.47654674292896,0.27151147463812647,1.4543595156346758,1.2650691680694774,1.2650691680694774,2.612355259148342,1.2650691680694774,0.5599999999999999,0.27999999999999997,14.430869689661812,hard,0.21488321272152106,0.2655298004818339,0.3321907229056212,0.3108631411096533
0.0,0.0,1.228681600380008,0.2715399247723946,1.4588706231252773,1.2650691680694774,1.2650691680694774,2.612355259148342,1.2650691680694774,0.5599999999999999,0.8400000000000001,14.430869689661812,hard,0.21488321272152106,0.2655298004818339,0.3321907229056212,0.3109821360603742
0.0,0.0,1.3035956407345175,0.27155416472510474,1.4637809525212861,1.2650691680694774,1.2650691680694774,2.612355259148342,1.2650691680694774,0.5599999999999999,0.7000000000000002,14.430869689661812,hard,0.21488321272152106,0.2655298004818339,0.332207747755562,0.31102191278468083
0.0,0.0,3.3739052119926374,0.2716827705855616,1.4690250961795366,1.2650691680694774,1.2650691680694774,2.612355259148342,1.2650691680694774,0.5599999999999999,3.7800000000000002,14.430869689661812,hard,0.21488321272152106,0.2655298004818339,0.3322418408136117,0.3115238259360022
0.0,0.0,10.697499581467348,0.2719230478420083,1.4732730449905875,1.2650691680694774,1.2650691680694774,2.612355259148342,1.2650691680694774,0.5599999999999999,7.419999999999998,14.430869689661812,hard,0.21488321272152106,0.2655298004818339,0.33237879082809474,0.3123865633217537
0.0,0.0,5.931637162074132,0.27209287551612565,1.4790072033849662,1.2650691680694774,1.2650691680694774,2.612355259148342,1.2650691680694774,0.5599999999999999,5.320000000000001,14.430869689661812,hard,0.21488321272152106,0.2655298004818339,0.3324303852591322,0.31306020917937205
0.0,0.0,6.84061468593733,0.2723279645010807,1.4848272907455622,1.2650691680694774,1.2650691680694774,2.612355259148342,1.2650691680694774,0.5599999999999999,6.86,14.430869689661812,hard,0.21488321272152106,0.2655298004818339,0.3324303852591322,0.31409692965709946
0.0,0.0,7.1538014501693885,0.2725605960365831,1.491057074117636,1.2650691680694774,1.2650691680694774,2.612355259148342,1.2650691680694774,0.5599999999999999,7.28,14.430869689661812,hard,0.21488321272152106,0.2655298004818339,0.3324303852591322,0.3151423099047155
0.0,0.0,16.04517715165118,0.27303307787915787,1.4972688665732055,1.2650691680694774,1.2650691680694774,2.612355259148342,1.2650691680694774,0.5599999999999999,15.120000000000001,14.430869689661812,hard,0.21488321272152106,0.2655298004818339,0.33338122509584545,0.3160553544751778
0.0,0.0,11.806723436255425,0.2734272534790705,1.5033954039251416,1.2650691680694774,1.2650691680694774,2.612355259148342,1.2650691680694774,0.5599999999999999,11.479999999999997,14.430869689661812,hard,0.21488321272152106,0.2655298004818339,0.3336527636784587,0.31751256725448884
0.0,0.0,5.723564650865735,0.2735514235543426,1.5100444707760015,1.2650691680694774,1.2650691680694774,2.612355259148342,1.2650691680694774,0.5599999999999999,5.32165387826003,14.430869689661812,hard,0.21488321272152106,0.2655298004818339,0.3336709804695463,0.31806600848650457
0.0,0.0,13.526075916837327,0.2740037649055966,1.5164608249155846,1.2650691680694774,1.2650691680694774,2.612355259148342,1.2650691680694774,0.5599999999999999,13.455719973305031,14.430869689661812,hard,0.21488321272152106,0.26557712746244916,0.33484729660480006,0.31860184809633446
0.0,0.0,14.035616678087415,0.27415819681633247,1.5160769251779525,1.2650691680694774,1.2650691680694774,2.612355259148342,1.2650691680694774,0.5599999999999999,11.851092776617689,14.430869689661812,hard,0.21478383039015694,0.2654259805235112,0.3355446672402355,0.31882286855058184
0.0,0.0,2.9543916567778767,0.27419432806336114,1.5160769251779525,1.2650691680694774,1.2650691680694774,2.612355259148342,1.2650691680694774,0.5599999999999999,2.245796072665548,14.430869689661812,hard,0.21478383039015694,0.2654259805235112,0.3355839441166405,0.31892694842357616
0.0,0.0,1.109796449152422,0.2742049932509585,1.5160769251779525,1.2650691680694774,1.2650691680694774,2.612355259148342,1.2650691680694774,0.6209669878504009,0.4999999999999999,14.430869689661812,hard,0.21478383039015694,0.2654259805235112,0.3356036035884802,0.318951606071453
0.0,0.0,1.2190469922489275,0.2742263364683447,1.5160769251779525,1.2650691680694774,1.2650691680694774,2.612355259148342,1.2650691680694774,0.6209669878504009,1.2599999999999998,14.430869689661812,hard,0.21478383039015694,0.2654259805235112,0.3356823816425802,0.318951606071453
0.0,0.0,1.0393540251858924,0.2742263364683447,1.5160769251779525,1.2650691680694774,1.2650691680694774,2.612355259148342,1.2650691680694774,0.6931089380465383,0.27999999999999997,14.430869689661812,hard,0.21478383039015694,0.2654259805235112,0.3356823816425802,0.318951606071453
0.0,0.0,6.010982172952887,0.2742263364683447,1.440318042613101,1.2650691680694774,1.2650691680694774,2.8498421008891004,1.2650691680694774,0.6931089380465383,0.42000000000000004,14.430869689661812,hard,0.21478383039015694,0.2654259805235112,0.3356823816425802,0.318951606071453
0.0,0.0,1.0616548715601468,0.2742263364683447,1.4442431651753207,1.2650691680694774,1.2650691680694774,2.8498421008891004,1.2650691680694774,0.6931089380465383,0.0,14.430869689661812,hard,0.21478383039015694,0.2654259805235112,0.3356823816425802,0.318951606071453
0.0,0.0,0.9589233629153581,0.2742263364683447,1.4484249007571115,1.2650691680694774,1.2650691680694774,2.8498421008891004,1.2650691680694774,0.6931089380465383,0.13999999999999999,14.430869689661812,hard,0.21478383039015694,0.2654259805235112,0.3356823816425802,0.318951606071453
0.0,0.0,0.9666486649636646,0.2742263364683447,1.452780529331295,1.2650691680694774,1.2650691680694774,2.8498421008891004,1.2650691680694774,0.6931089380465383,0.0,14.430869689661812,hard,0.21478383039015694,0.2654259805235112,0.3356823816425802,0.318951606071453
0.0,0.0,0.9320529172670975,0.2742263364683447,1.4573846078398938,1.2650691680694774,1.2650691680694774,2.8498421008891004,1.2650691680694774,0.6931089380465383,0.0,14.430869689661812,hard,0.21478383039015694,0.2654259805235112,0.3356823816425802,0.318951606071453
0.0,0.0,1.0262678097462594,0.2742263364683447,1.4621572946424084,1.2650691680694774,1.2650691680694774,2.8498421008891004,1.2650691680694774,0.6931089380465383,0.0,14.430869689661812,hard,0.21478383039015694,0.2654259805235112,0.3356823816425802,0.318951606071453
0.0,0.0,1.0241171536189575,0.2742263364683447,1.4673460690931879,1.2650691680694774,1.2650691680694774,2.8498421008891004,1.2650691680694774,0.6931089380465383,0.0,14.430869689661812,hard,0.21478383039015694,0.2654259805235112,0.3356823816425802,0.318951606071453
0.0,0.0,1.0755886498010614,0.2742263364683447,1.4729262343736305,1.2650691680694774,1.2650691680694774,2.8498421008891004,1.2650691680694774,0.6931089380465383,0.0,14.430869689661812,hard,0.21478383039015694,0.2654259805235112,0.3356823816425802,0.318951606071453
0.0,0.0,6.130061224472283,0.2742263364683447,1.4771867198465152,1.2650691680694774,1.2650691680694774,2.8498421008891004,1.2650691680694774,0.6931089380465383,0.0,14.430869689661812,hard,0.21478383039015694,0.2654259805235112,0.3356823816425802,0.318951606071453
0.0,0.0,1.0130693952325824,0.2742263364683447,1.4828349301276045,1.2650691680694774,1.2650691680694774,2.8498421008891004,1.2650691680694774,0.6931089380465383,0.0,14.430869689661812,hard,0.21478383039015694,0.2654259805235112,0.3356823816425802,0.318951606071453
0.0,0.0,0.8589813071725979,0.2742263364683447,1.4888714297030752,1.2650691680694774,1.2650691680694774,2.8498421008891004,1.2650691680694774,0.6931089380465383,0.0,14.430869689661812,hard,0.21478383039015694,0.2654259805235112,0.3356823816425802,0.318951606071453
0.0,0.0,1.092778562202117,0.2742263364683447,1.4950250725893162,1.2650691680694774,1.2650691680694774,2.8498421008891004,1.2650691680694774,0.6931089380465383,0.0,14.430869689661812,hard,0.21478383039015694,0.2654259805235112,0.3356823816425802,0.318951606071453
0.0,0.0,6.085793364179016,0.2742263364683447,1.5014781742664554,1.2650691680694774,1.2650691680694774,2.8498421008891004,1.2650691680694774,0.6931089380465383,0.0,14.430869689661812,hard,0.21478383039015694,0.2654259805235112,0.3356823816425802,0.318951606071453
0.0,0.0,2.429002595173841,0.2742263364683447,1.5080945307944158,1.2650691680694774,1.2650691680694774,2.8498421008891004,1.2650691680694774,0.6931089380465383,0.27999999999999997,14.430869689661812,hard,0.21478383039015694,0.2654259805235112,0.3356823816425802,0.318951606071453
0.0,0.0,1.1124843223658025,0.2742263364683447,1.5149482478202443,1.2650691680694774,1.2650691680694774,2.8498421008891004,1.2650691680694774,0.6931089380465383,0.0,14.430869689661812,hard,0.21478383039015694,0.2654259805235112,0.3356823816425802,0.318951606071453
0.0,0.0,1.2539862852225705,0.2742263364683447,1.5160769251779525,1.2650691680694774,1.2650691680694774,2.8498421008891004,1.2650691680694774,0.6931089380465383,0.0,14.430869689661812,hard,0.21478383039015694,0.2654259805235112,0.3356823816425802,0.318951606071453
0.0,0.0,21.615902032755066,0.2740583874533664,1.5142382402883467,1.2547509713086498,1.2547509713086498,2.8498421008891004,1.2547509713086498,0.6931089380465383,18.06,14.430869689661812,hard,0.21478383039015694,0.26518250748036326,0.33520878770896567,0.318951606071453
0.0,0.0,1.1635224031984017,0.2740583874533664,1.5142382402883467,1.2547509713086498,1.2547509713086498,2.8498421008891004,1.2547509713086498,0.6931089380465383,0.0,14.430869689661812,hard,0.21478383039015694,0.26518250748036326,0.33520878770896567,0.318951606071453
0.0,0.0,1.0692787319849921,0.2740583874533664,1.5142382402883467,1.2547509713086498,1.2547509713086498,2.8498421008891004,1.2547509713086498,0.6931089380465383,0.0,14.430869689661812,hard,0.21478383039015694,0.26518250748036326,0.33520878770896567,0.318951606071453
0.0,0.0,1.1228543127208597,0.2740583874533664,1.5142382402883467,1.2547509713086498,1.2547509713086498,2.8498421008891004,1.2547509713086498,0.6931089380465383,0.0,14.430869689661812,hard,0.21478383039015694,0.26518250748036326,0.33520878770896567,0.318951606071453
0.0,0.0,60.84626346734826,0.2740583874533664,1.4387701201386889,1.2547509713086498,1.2547509713086498,3.0873289426298585,1.2547509713086498,0.6931089380465383,0.0,14.430869689661812,hard,0.21478383039015694,0.26518250748036326,0.33520878770896567,0.318951606071453
