step,timestamp,reward,coverage,cov_trace,altitude,alt_idx,loop_closures,altitude_changes,frontier_count,new_cells,map_seed,difficulty,cov_alt0,cov_alt1,cov_alt2,cov_alt3
0.0,0.0,40.6739367395875,0.009229666095519399,0.03152837158510263,0.0,0.0,0.0,0.0,0.0,40.404658147297816,14.430869689661812,hard,0.029032696550575682,0.016447609341656427,0.0,0.0
0.0,0.0,35.92504057593635,0.010191525556156501,0.050796046555942616,0.0,0.0,0.0,0.0,0.0,35.830763318690266,14.430869689661812,hard,0.03343756971103813,0.015903430033478976,0.0,0.0
0.0,0.0,36.08519710321354,0.009773670073182895,0.05762548871243693,0.0,0.0,0.0,0.0,0.0,36.31363380329763,14.430869689661812,hard,0.03358822146194013,0.016449567670796816,0.0,0.0
0.0,0.0,31.061725254353096,0.010741878475078357,0.0654554597546822,0.0,0.0,0.0,0.0,0.0,30.863337473448976,14.430869689661812,hard,0.03593657611639641,0.01714031665643188,0.0,0.0
0.0,0.0,34.93970981177864,0.011073988199767813,0.06822574558529118,0.0,0.0,0.0,0.0,0.0,34.68661989874482,14.430869689661812,hard,0.03711177894588436,0.01792909794129448,0.0,0.0
0.0,0.0,27.785724024930726,0.011465221879502016,0.07679048716454571,0.0,0.0,0.0,0.0,0.0,28.059964362058622,14.430869689661812,hard,0.037675502144395454,0.019116429927856348,0.0,0.0
0.0,0.0,27.337857366608628,0.012087272680448412,0.08819740789349015,0.0,0.0,0.0,0.0,0.0,27.013189371120173,14.430869689661812,hard,0.03934937428884477,0.0204378439047155,0.0,0.0
0.0,0.0,28.679779935970675,0.01225587048082267,0.09736079615086848,0.0,0.0,0.0,0.0,0.0,28.413722037072155,14.430869689661812,hard,0.03790728076581805,0.02338453002884359,0.0,0.0
0.0,0.0,22.794620330137064,0.012147807278608593,0.10477375083094427,0.0,0.0,0.0,0.0,0.0,23.067110785705264,14.430869689661812,hard,0.0374790416720294,0.022738780114075107,0.0,0.0
0.0,0.0,25.381739503871977,0.012737437062387499,0.10536103933921748,0.0,0.0,0.0,0.0,0.0,25.77546119858964,14.430869689661812,hard,0.03806720624305753,0.025015153386729307,0.0,0.0
0.0,0.0,18.66192252303738,0.01343420932500098,0.11946375828897324,0.0,0.0,0.0,0.0,0.0,17.98261382558164,14.430869689661812,hard,0.03959602544172011,0.02605427043879284,0.0,0.0
0.0,0.0,18.718087868250233,0.014196913750826722,0.12169684320538662,0.0,0.0,0.0,0.0,0.0,17.75455997765081,14.430869689661812,hard,0.040552878835340374,0.028647052722065976,0.0,0.0
0.0,0.0,15.760751220128315,0.015081428764820904,0.12927488411290644,0.0,0.0,0.0,0.0,0.0,15.551527256189342,14.430869689661812,hard,0.04257222313133187,0.02957199892129757,0.0,0.0
0.0,0.0,16.62941319542185,0.0158420210881672,0.13594009778410718,0.0,0.0,0.0,0.0,0.0,16.438065579623412,14.430869689661812,hard,0.04411409715703391,0.030771934543956013,0.0,0.0
0.0,0.0,12.55357024506258,0.016220565443451063,0.14968718900247746,0.0,0.0,0.0,0.0,0.0,11.449524007573416,14.430869689661812,hard,0.04520462445082025,0.03134293750084106,0.0,0.0
0.0,0.0,17.62548002685651,0.016090888134112243,0.15699965274181457,0.0,0.0,0.0,0.0,0.0,17.288146227979446,14.430869689661812,hard,0.04529574029683543,0.030853191744548602,0.0,0.0
0.0,0.0,17.983092112244123,0.01636592888425531,0.16584591652310626,0.0,0.0,0.0,0.0,0.0,18.036862254838006,14.430869689661812,hard,0.04525811080374893,0.03216987728653243,0.0,0.0
0.0,0.0,17.58026270851725,0.016656038288032096,0.16920863909148348,0.0,0.0,0.0,0.0,0.0,17.1939640571917,14.430869689661812,hard,0.04559982472213535,0.03255813572867486,0.0,0.0
0.0,0.0,14.79846770709385,0.016927583101861186,0.1737708085983142,0.0,0.0,0.0,0.0,0.0,14.575335330619327,14.430869689661812,hard,0.04606377035748515,0.032967994946434695,0.0,0.0
0.0,0.0,15.838132503833016,0.017059625171807837,0.18331822293371144,0.0,0.0,0.0,0.0,0.0,15.684387141358123,14.430869689661812,hard,0.04639021737368201,0.033369758400731385,0.0,0.0
0.0,0.0,89.11940126891623,0.021086355841752356,0.2138844427804785,0.4737087712930805,0.47370877129308037,0.0,0.47370877129308037,0.0,78.96693991791756,14.430869689661812,hard,0.04684183256015929,0.034801102668684906,0.027215419610330867,0.0
0.0,0.0,93.41034594431945,0.02266853529654509,0.2141992080711118,0.4898979485566356,0.4898979485566356,0.0,0.4898979485566356,0.0,84.80237968359144,14.430869689661812,hard,0.04664657287326129,0.03959803890233254,0.03263297755951697,0.0
0.0,0.0,63.828195401379105,0.022528918377074637,0.21708237868708255,0.4270831300812525,0.4270831300812525,0.0,0.4270831300812525,0.0,57.464409855144254,14.430869689661812,hard,0.046843345507616374,0.04123143502260707,0.03286575335966361,0.0
0.0,0.0,70.30585615682247,0.02332911087788967,0.22795498679808418,0.3,0.3,0.0,0.3,0.0,64.3126146257482,14.430869689661812,hard,0.046064949218185484,0.04432211804847365,0.028211633735030002,0.0
0.0,0.0,38.63117420913908,0.0234988407866157,0.2194550264682955,0.23748684174075838,0.23748684174075838,0.0,0.23748684174075838,0.0,35.74286502226703,14.430869689661812,hard,0.04597070074884572,0.044774170879423064,0.02816653428774442,0.0
0.0,0.0,36.46528095412635,0.02338552568077588,0.21930316098612476,0.23748684174075838,0.23748684174075838,0.0,0.23748684174075838,0.0,36.057820233619225,14.430869689661812,hard,0.04511939852862255,0.04574577256110495,0.02912083339736451,0.0
0.0,0.0,39.092077627982334,0.023646838131963988,0.2216841621325532,0.23748684174075838,0.23748684174075838,0.0,0.23748684174075838,0.0,38.81805765362301,14.430869689661812,hard,0.044899591843154056,0.0467488713002249,0.030420443642378458,0.0
0.0,0.0,24.7846361557851,0.024490760522837673,0.23576669662168304,0.23748684174075838,0.23748684174075838,0.0,0.23748684174075838,0.0,24.874798491646118,14.430869689661812,hard,0.04430868620436698,0.048941280582194234,0.03231756515966891,0.0
0.0,0.0,31.39718234086431,0.02472510544760355,0.2356464107521459,0.23748684174075838,0.23748684174075838,0.0,0.23748684174075838,0.0,31.129253123067375,14.430869689661812,hard,0.04342198402582463,0.05045031841945429,0.033006013007603835,0.0
0.0,0.0,29.886371429542624,0.02549083915668957,0.23784095906342542,0.23748684174075838,0.23748684174075838,0.0,0.23748684174075838,0.0,29.4220053701307,14.430869689661812,hard,0.043741358372087646,0.05270459253249225,0.03299713444580601,0.0
0.0,0.0,32.16852234120082,0.02669246572775108,0.2423847848073259,0.23748684174075838,0.23748684174075838,0.0,0.23748684174075838,0.0,32.19766451157599,14.430869689661812,hard,0.04413389507972579,0.055268222021495714,0.03458578189861403,0.0
0.0,0.0,19.9989620800458,0.02732194363334944,0.24290542591280764,0.23748684174075838,0.23748684174075838,0.0,0.23748684174075838,0.0,19.506142622261326,14.430869689661812,hard,0.04394841102218453,0.05716867448026181,0.03558868382567319,0.0
0.0,0.0,23.504749321336497,0.02774436853185362,0.24111909073758506,0.23748684174075838,0.23748684174075838,0.0,0.23748684174075838,0.0,22.44281622256886,14.430869689661812,hard,0.04402723188027877,0.05814903306184684,0.03705910755399263,0.0
0.0,0.0,19.931089818692627,0.027864308304689816,0.23921081974309358,0.23748684174075838,0.23748684174075838,0.0,0.23748684174075838,0.0,20.381010769831807,14.430869689661812,hard,0.043864960614291126,0.0584046991368085,0.03807677866975628,0.0
0.0,0.0,24.931207527912846,0.02805903472960581,0.23465277609246699,0.23748684174075838,0.23748684174075838,0.0,0.23748684174075838,0.0,24.59352760382292,14.430869689661812,hard,0.04399879739023394,0.05938480303021315,0.03866036680025894,0.0
0.0,0.0,27.421754646753385,0.027999922880184394,0.24177662469468056,0.23748684174075838,0.23748684174075838,0.0,0.23748684174075838,0.0,23.563531144546225,14.430869689661812,hard,0.04404700708063256,0.05958258437219551,0.0388369279776159,0.0
0.0,0.0,28.439840075976605,0.027923690484763338,0.24706995670887388,0.23748684174075838,0.23748684174075838,0.0,0.23748684174075838,0.0,28.030954318395942,14.430869689661812,hard,0.04391630766340753,0.059441434196989655,0.039082148021264675,0.0
0.0,0.0,29.136807106264747,0.02811960970592511,0.24522465092178122,0.23748684174075838,0.23748684174075838,0.0,0.23748684174075838,0.0,29.11363254559623,14.430869689661812,hard,0.04403685631308597,0.05975054935575027,0.03994943231469372,0.0
0.0,0.0,31.029900343828494,0.028268375159916943,0.24804445885188722,0.23748684174075838,0.23748684174075838,0.0,0.23748684174075838,0.0,30.520157273513515,14.430869689661812,hard,0.04200453738708299,0.06000857028160935,0.04126724719892308,0.0
0.0,0.0,26.82642950832943,0.028704929078954822,0.247133628686874,0.23748684174075838,0.23748684174075838,0.0,0.23748684174075838,0.0,26.66402070206217,14.430869689661812,hard,0.04151728288149412,0.06090293254881546,0.0420950407727794,0.0
0.0,0.0,23.617727948705905,0.029236456246565987,0.2479728363970091,0.23748684174075838,0.23748684174075838,0.0,0.23748684174075838,0.0,22.792103895867097,14.430869689661812,hard,0.04144117311958286,0.06256250457562935,0.04335471982624155,0.0
0.0,0.0,82.96642858975238,0.031434148052860135,0.2721611961515669,0.5946427498927402,0.5946427498927402,0.0,0.5499090833947008,0.0,75.65648947710963,14.430869689661812,hard,0.041225909539351444,0.06353801968000769,0.04760349474272125,0.024800333766276984
0.0,0.0,67.8803794803708,0.033600103418700615,0.28291434900805423,0.7704544113703289,0.7704544113703289,0.0,0.6079473661428265,0.0,61.75710161592754,14.430869689661812,hard,0.04049613229586746,0.06379939331594078,0.05380676219447017,0.03228315697833915
0.0,0.0,57.558045504744626,0.034015829546238045,0.2841380066587277,0.8681013765684283,0.8681013765684283,0.0,0.5919459434779496,0.0,52.91676860882569,14.430869689661812,hard,0.04024716262076691,0.06357010329122449,0.056754507280264856,0.037438932179796144
0.0,0.0,55.83728555623778,0.03495566027683636,0.29179636280113674,0.9558242516278818,0.9558242516278818,0.0,0.5291502622129182,0.0,50.367068606382084,14.430869689661812,hard,0.04109943222075758,0.0638619142375908,0.060418998844308895,0.040594066779821324
0.0,0.0,54.69988106240652,0.03576144472913196,0.2815873271775176,0.9693296652842107,0.9693296652842107,0.0,0.44766058571198786,0.0,50.36812087024887,14.430869689661812,hard,0.04213209592339712,0.06346886880095434,0.06090790389086082,0.0440465060514869
0.0,0.0,37.55031546736118,0.036659773702503715,0.2844979892622521,0.9797958971132712,0.9797958971132712,0.0,0.43081318457076034,0.0,35.592027197112564,14.430869689661812,hard,0.043137639007121316,0.06408167002438497,0.0631907326128036,0.04600868156036299
0.0,0.0,35.18067977730591,0.037370671030566564,0.27080339867539255,0.9897474425326898,0.9897474425326898,0.0,0.41231056256176607,0.0,33.22939060530602,14.430869689661812,hard,0.04477375037735084,0.06447587575425658,0.06499988369451842,0.047935277395718304
0.0,0.0,33.65364777627631,0.03816332173221118,0.2686724612911915,0.9789790600416334,0.9789790600416334,0.0,0.33704599092705434,0.0,31.321104705932708,14.430869689661812,hard,0.045436562719327764,0.06423892689257352,0.06561960678587432,0.05133501212171958
0.0,0.0,30.07067838820988,0.03907113503903469,0.27777804671373174,0.9789790600416334,0.9789790600416334,0.0,0.33704599092705434,0.0,30.20598616168656,14.430869689661812,hard,0.04573974894815375,0.06411742016438166,0.06724170636143802,0.054483268354357
0.0,0.0,24.333038902676495,0.039730525186620284,0.28072532097243014,0.9789790600416334,0.9789790600416334,0.0,0.33704599092705434,0.0,24.746143133829964,14.430869689661812,hard,0.04686391207491487,0.06367121922014646,0.06877008345989438,0.05659565451809339
0.0,0.0,24.65800077158362,0.04047408717161682,0.2828276778599718,0.9789790600416334,0.9789790600416334,0.0,0.33704599092705434,0.0,23.797781409198628,14.430869689661812,hard,0.04827914027608777,0.06329428850092714,0.06942947719386545,0.058767879178157165
0.0,0.0,16.48894111812022,0.041174427145552604,0.2863868272458708,0.9789790600416334,0.9789790600416334,0.0,0.33704599092705434,0.0,16.178702049299257,14.430869689661812,hard,0.04915618146499124,0.06314335751878213,0.07058314822188987,0.060914457287941516
0.0,0.0,14.04580492673176,0.04111014512171221,0.29193456966692005,0.9789790600416334,0.9789790600416334,0.0,0.33704599092705434,0.0,13.645277571379777,14.430869689661812,hard,0.05017525833968309,0.0627524810835926,0.07077139009362501,0.062043050664286614
0.0,0.0,12.663667123467691,0.041208466861297866,0.2957103716842082,0.9789790600416334,0.9789790600416334,0.0,0.33704599092705434,0.0,12.666191219147134,14.430869689661812,hard,0.05121299810960444,0.06257933968096813,0.07168818086699008,0.06277463410430907
0.0,0.0,19.693987203266296,0.041342064558366844,0.29934256022309985,0.9789790600416334,0.9789790600416334,0.0,0.33704599092705434,0.0,18.20773462021017,14.430869689661812,hard,0.05136234022550481,0.062024222880495285,0.07315629295276355,0.06389961025880672
0.0,0.0,25.122919223224596,0.04202659616377943,0.30678525962506575,0.9789790600416334,0.9789790600416334,0.0,0.33704599092705434,0.0,25.188886438268764,14.430869689661812,hard,0.05234306217712082,0.06209362046051375,0.07497948828860153,0.06603874903039918
0.0,0.0,28.014652336608872,0.04282109039083403,0.30541180286589215,0.9789790600416334,0.9789790600416334,0.0,0.33704599092705434,0.0,27.324831198014742,14.430869689661812,hard,0.05239569967109691,0.06231243738306421,0.0764785144950862,0.06871635989985075
0.0,0.0,19.262417130809684,0.04310454369416358,0.2987673192869092,0.9789790600416334,0.9789790600416334,0.0,0.33704599092705434,0.0,13.828029505319982,14.430869689661812,hard,0.05295835136526898,0.06268501012636303,0.07702840361540468,0.06998426418828879
0.0,0.0,20.428612305342135,0.0434091095216402,0.3039160901692675,0.9789790600416334,0.9789790600416334,0.0,0.33704599092705434,0.0,20.788881643801812,14.430869689661812,hard,0.05406938173317962,0.06273867344765488,0.07820160286866083,0.0717959338147539
0.0,0.0,18.72125148507639,0.0440013925145165,0.41639935908248077,0.9789790600416334,0.9789790600416334,0.23748684174075835,0.33704599092705434,0.0,17.698316304100793,14.430869689661812,hard,0.055298507374609965,0.06321402673688967,0.07960977478780144,0.07309162590761371
0.0,0.0,30.17217560593002,0.04457190085184831,0.4250058462317459,0.9789790600416334,0.9789790600416334,0.2712931993250107,0.33704599092705434,0.0,21.654828560854508,14.430869689661812,hard,0.05702018402622608,0.06392599140877249,0.08091556807980144,0.0743672715693512
0.0,0.0,42.3083743629374,0.04569915463478845,0.4072116435273987,0.9881295461628501,0.9881295461628501,0.2712931993250107,0.5063595560468865,0.0,38.39081140064638,14.430869689661812,hard,0.05857467349739319,0.06468540948415431,0.08184632814512323,0.07863597219839223
0.0,0.0,47.68952654813075,0.04643577963333641,0.3888237463142545,0.9765244492586963,0.9765244492586963,0.2712931993250107,0.6183849933496123,0.0,41.69289627742357,14.430869689661812,hard,0.06136627803082686,0.06755052210760379,0.08117236663819187,0.08068076178471296
0.0,0.0,34.68482057144765,0.04727693937110151,0.3731400623969681,0.9457272334029511,0.9457272334029511,0.2712931993250107,0.6681317235396027,0.0,32.16545351771058,14.430869689661812,hard,0.062275173268552884,0.06958381067093863,0.0809906113335666,0.08457682375938062
0.0,0.0,45.74571069290624,0.04757929249249878,0.35482004442224363,0.926066952223218,0.926066952223218,0.2712931993250107,0.656048778674269,0.0,41.20487349816767,14.430869689661812,hard,0.062285199507754206,0.07258844896971041,0.07920311586182593,0.08867502877515013
0.0,0.0,34.20609591730504,0.048969289970610765,0.3451435390428562,0.8738420909981391,0.8738420909981391,0.2712931993250107,0.626418390534633,0.0,28.544008127801536,14.430869689661812,hard,0.06230643043533459,0.0750719458763698,0.07903183501941238,0.09278234595945313
0.0,0.0,23.112381481615518,0.05006404519404241,0.3413669784383219,0.8979977728257459,0.8979977728257459,0.2712931993250107,0.6183849933496123,0.0,21.563163033284336,14.430869689661812,hard,0.06236814819894102,0.07657459734987164,0.07986938580763372,0.0961514748479658
0.0,0.0,50.910718353059096,0.051549098984427576,0.3335005741315174,0.8997777503361595,0.8997777503361595,0.2712931993250107,0.6,0.0,38.08949986544848,14.430869689661812,hard,0.06269134052810749,0.07897341763722215,0.08033248856145472,0.1006801898071802
0.0,0.0,45.0523343036334,0.05175117716928778,0.31823950110308313,0.9,0.9,0.2712931993250107,0.554616984954482,0.0,42.367704681750226,14.430869689661812,hard,0.061993499751687366,0.08041342109256046,0.07973469594363122,0.10338286512764508
0.0,0.0,39.08606574067682,0.05129262212639617,0.2811791608975383,0.8774964387392122,0.8774964387392122,0.2712931993250107,0.44766058571198786,0.0,34.9910217055747,14.430869689661812,hard,0.06217061285610427,0.08123946427168478,0.07718046128979182,0.1057487330969569
0.0,0.0,31.011194761644145,0.051547344248257056,0.2759385149027611,0.8991106717195608,0.8991106717195608,0.2712931993250107,0.3605551275463989,0.0,26.527427315893263,14.430869689661812,hard,0.06204116101827045,0.08328036572054617,0.0770931986039168,0.10707854726798467
0.0,0.0,25.05046347361538,0.0514279987592961,0.272291899422223,0.8991106717195608,0.8991106717195608,0.2712931993250107,0.3605551275463989,0.0,25.27231687044146,14.430869689661812,hard,0.06230745751771568,0.08302862641589874,0.07684379082053307,0.1082176850840631
0.0,0.0,25.437940195411205,0.05103290085702952,0.25963318257388174,0.8991106717195608,0.8991106717195608,0.2712931993250107,0.3605551275463989,0.0,25.235815817999622,14.430869689661812,hard,0.06313147175136634,0.08280503260635168,0.07587755014544492,0.1101108251829802
0.0,0.0,39.607543689070724,0.05189538446742751,0.24548639267150674,0.8991106717195608,0.8991106717195608,0.2712931993250107,0.3605551275463989,0.0,38.52301130493305,14.430869689661812,hard,0.06484575837348752,0.08563982634768363,0.07605507846760873,0.11164590654830127
0.0,0.0,28.22118175478926,0.05290915674358992,0.24458286384386393,0.8991106717195608,0.8991106717195608,0.2712931993250107,0.3605551275463989,0.0,28.053691379210683,14.430869689661812,hard,0.06663615626253235,0.08872238524708748,0.07644988250252074,0.11229436084020518
0.0,0.0,27.519582966621744,0.05291870137506605,0.23263845404694566,0.8991106717195608,0.8991106717195608,0.2712931993250107,0.3605551275463989,0.0,25.171261390720968,14.430869689661812,hard,0.06728932905837783,0.0899897001332364,0.07589973813759124,0.11304224668749589
0.0,0.0,23.628437329216933,0.053085412574385996,0.22027498601856782,0.8991106717195608,0.8991106717195608,0.2712931993250107,0.3605551275463989,0.0,23.490500207530705,14.430869689661812,hard,0.06820960564398677,0.09159712113535633,0.07571426213229901,0.11377699501846068
0.0,0.0,14.089845261599175,0.053219863235183594,0.21205886548162073,0.8991106717195608,0.8991106717195608,0.2712931993250107,0.3605551275463989,0.0,13.827638988634323,14.430869689661812,hard,0.06849644809544551,0.09190411877144401,0.0757835097964809,0.11445405427324104
0.0,0.0,27.37922549702188,0.053594624691228984,0.36392178317891016,0.8991106717195608,0.8991106717195608,0.36660605559646714,0.3605551275463989,0.0,21.673024708148144,14.430869689661812,hard,0.06952110398626667,0.09355878808208536,0.07574857458201206,0.11502565240498219
0.0,0.0,24.894065022134058,0.05391346516196734,0.40976374003675126,0.8991106717195608,0.8991106717195608,0.4472135954999579,0.3605551275463989,0.0,24.148904737068307,14.430869689661812,hard,0.07042718810747116,0.09455455286169183,0.07573478038808829,0.11564511183258347
0.0,0.0,18.7636782589859,0.053908515576779475,0.4353437007334278,0.8991106717195608,0.8991106717195608,0.47159304490206383,0.3605551275463989,0.0,17.950554308990014,14.430869689661812,hard,0.07091857233923402,0.0954198999681564,0.07559049326201472,0.11661984738098707
0.0,0.0,20.36166378837199,0.05409848105238045,0.4154236612509117,0.8991106717195608,0.8991106717195608,0.47159304490206383,0.3605551275463989,0.0,19.53351990809644,14.430869689661812,hard,0.0713875512190468,0.09612988054323282,0.07531226414878803,0.1178023332924496
0.0,0.0,17.103689938301383,0.05448821021547314,0.3880046596263435,0.9414881836751855,0.9414881836751855,0.47159304490206383,0.44542114902640173,0.0,16.734694499751107,14.430869689661812,hard,0.07204674663036341,0.09656088420075129,0.07509615949078355,0.11877705119380845
0.0,0.0,39.63308602689278,0.055167840372032935,0.35838288887868364,0.9840731680114034,0.9840731680114034,0.47159304490206383,0.544426303552648,0.0,34.10835088361793,14.430869689661812,hard,0.07251339783975493,0.09751164576126407,0.07556231829508919,0.11852009934892485
0.0,0.0,45.566722293665656,0.05559118441054238,0.3120087919864354,1.1092339699089637,1.109233969908964,0.47159304490206383,0.6499230723708769,0.0,38.92742477996714,14.430869689661812,hard,0.0738382939018472,0.0986142652413395,0.07593731546180206,0.11885137287456879
0.0,0.0,55.926280980678605,0.056839446081903174,0.30971373570245425,1.091970695577496,1.091970695577496,0.482078831727758,0.698856208386246,0.0,53.120225903134106,14.430869689661812,hard,0.07449918562151045,0.0985389425221715,0.0780031225902881,0.11865582731911889
0.0,0.0,51.02243426579501,0.05830161251573221,0.28123379931023257,1.0547037498748169,1.0547037498748169,0.482078831727758,0.6896375859826667,0.0,43.13962911291659,14.430869689661812,hard,0.07493200744729253,0.09789512722572628,0.0801730282610956,0.11545560786509933
0.0,0.0,28.483654457022595,0.05850707730803792,0.2577359398948903,0.9526804291051644,0.9526804291051644,0.482078831727758,0.626418390534633,0.0,28.548828347236952,14.430869689661812,hard,0.07564802009348966,0.0964347499528655,0.07920629350994284,0.11529984756439544
0.0,0.0,22.726979714575574,0.058420778151018,0.2358224928510558,0.9516301802696255,0.9516301802696255,0.482078831727758,0.6,0.0,20.792893016605458,14.430869689661812,hard,0.07737657949913068,0.09535208301369431,0.07941912616774116,0.11505097592680873
0.0,0.0,19.85795226793756,0.05881146178636561,0.21569267487779825,0.98,0.98,0.482078831727758,0.554616984954482,0.0,19.086162526815073,14.430869689661812,hard,0.07832159315480539,0.09490518816169871,0.08014467472910672,0.11475330250808363
0.0,0.0,42.882872676271155,0.05891223328937833,0.17776567753395292,0.9937806599043875,0.9937806599043876,0.482078831727758,0.44766058571198786,0.0,40.13308360941133,14.430869689661812,hard,0.07923825964186264,0.0941933344442614,0.08024393100381276,0.11419555203496513
0.0,0.0,22.74238544071179,0.05929003911320999,0.15255877584778388,0.9937806599043875,0.9937806599043876,0.482078831727758,0.44766058571198786,0.0,21.865964419617992,14.430869689661812,hard,0.08000260950548296,0.09408123512774866,0.08085291787188974,0.11445960481419735
0.0,0.0,36.651816377459,0.05930529830187222,0.13076988052620872,0.9856977224281286,0.9856977224281286,0.482078831727758,0.3605551275463989,0.0,36.8801518435052,14.430869689661812,hard,0.08055402005012588,0.09401967615560385,0.08009365060905234,0.11456203818865755
0.0,0.0,18.51468628899545,0.05924340520207518,0.1155043530088372,0.9856977224281286,0.9856977224281286,0.482078831727758,0.3605551275463989,0.0,15.601653758496244,14.430869689661812,hard,0.08102868035032723,0.09384884281460946,0.08007201590688447,0.11470823976537416
0.0,0.0,14.935041568073148,0.05912357484568166,0.09761981917889112,0.9856977224281286,0.9856977224281286,0.482078831727758,0.3605551275463989,0.0,14.204562647262323,14.430869689661812,hard,0.08134619645442583,0.09349820285725972,0.07991386881519592,0.1146814350369084
0.0,0.0,13.284635261770177,0.05915122258849385,0.07501541564598418,0.9856977224281286,0.9856977224281286,0.482078831727758,0.3605551275463989,0.0,12.999830768129252,14.430869689661812,hard,0.08169471248912959,0.09311154831625418,0.08039323228415446,0.11509593250479058
0.0,0.0,15.22967663786427,0.05912175826178706,0.05814009253262661,0.9856977224281286,0.9856977224281286,0.482078831727758,0.3605551275463989,0.0,13.223373245885481,14.430869689661812,hard,0.08201513088597182,0.09253936540277484,0.08060787417396369,0.1154656806578832
0.0,0.0,24.031848160062992,0.059730008210051096,0.044624157463131524,0.9856977224281286,0.9856977224281286,0.482078831727758,0.3605551275463989,0.0,21.09617026855823,14.430869689661812,hard,0.0837230837420993,0.0920206354526717,0.0817504353059065,0.11674579625466754
0.0,0.0,23.710991702441937,0.060111882555674484,0.278540699930114,0.9856977224281286,0.9856977224281286,0.5075431016179808,0.3605551275463989,0.0,20.927503434475884,14.430869689661812,hard,0.084148213342359,0.09166664447890961,0.08335029594083374,0.11774862634147687
0.0,0.0,26.884602570018338,0.0601748211016861,0.3694206798341968,0.9856977224281286,0.9856977224281286,0.5617828762075255,0.3605551275463989,0.0,26.80659620317358,14.430869689661812,hard,0.08470302868156361,0.09167238068602335,0.08395106719024567,0.11826458844136928
0.0,0.0,19.341627891080133,0.06057041533959488,0.35836238380555835,0.9856977224281286,0.9856977224281286,0.5617828762075255,0.3605551275463989,0.0,15.921859187921491,14.430869689661812,hard,0.085539284457104,0.09158413439036697,0.08513272790822886,0.11927104225978959
0.0,0.0,24.89260597326526,0.06126178680509572,0.3677645855868041,0.9856977224281286,0.9856977224281286,0.565685424949238,0.3605551275463989,0.0,22.265668640308107,14.430869689661812,hard,0.08625541903771534,0.0915560450186206,0.08658144472295347,0.11952310288675802
0.0,0.0,23.96848660547812,0.06166395631024142,0.39889311166671726,0.9856977224281286,0.9856977224281286,0.6053098380168622,0.3605551275463989,0.0,23.609015227238935,14.430869689661812,hard,0.08699964011595224,0.09143860873017419,0.08749239258970277,0.12041163735317627
0.0,0.0,20.533791252054936,0.06222380965234447,0.39805379119990114,0.9856977224281286,0.9856977224281286,0.6069596362197408,0.3605551275463989,0.0,20.152627620238505,14.430869689661812,hard,0.08784721593584692,0.0916814452583234,0.0885188232227323,0.12086625709227755
0.0,0.0,25.899666364635397,0.06279491187332426,0.3714828509609925,0.9911609354691093,0.9911609354691094,0.6069596362197408,0.44542114902640173,0.0,25.438749969288978,14.430869689661812,hard,0.08821470915621601,0.09184113053065839,0.08981596312371248,0.12127507101942983
0.0,0.0,37.80175183567331,0.06290135449053248,0.32957276022025117,0.9079647570252932,0.9079647570252934,0.6069596362197408,0.6003332407921453,0.0,26.556422951896213,14.430869689661812,hard,0.08826601730150441,0.0912079885706124,0.08999042959555688,0.12226877920745588
0.0,0.0,36.72335237257552,0.06331902679456228,0.3565236411709381,0.8506468127254696,0.8506468127254696,0.6082762530298219,0.6814690014960328,0.0,35.0333326990168,14.430869689661812,hard,0.08845366426509978,0.09107454734846664,0.09066236107614781,0.12314608724318934
0.0,0.0,42.50488673658028,0.06519202407209489,0.3176285977687144,0.9433981132056604,0.9433981132056604,0.6082762530298219,0.7,0.0,38.240967560980984,14.430869689661812,hard,0.08867723046143672,0.09167265510815267,0.09174562987843864,0.1283533781154973
0.0,0.0,31.430047003344733,0.06567432222448086,0.27956506062137615,1.0017983829094554,1.0017983829094554,0.6082762530298219,0.6896375859826667,0.0,29.34621611042895,14.430869689661812,hard,0.08917902440296348,0.09219903018298,0.09001734641916158,0.13257005484038858
0.0,0.0,31.83993965926729,0.06618859168696954,0.2508165640508151,0.9921693403849969,0.992169340384997,0.6082762530298219,0.6708203932499369,0.0,26.82816430544587,14.430869689661812,hard,0.08925744755516149,0.0929239424830732,0.08855381446979722,0.1361213512353014
0.0,0.0,45.962297449229595,0.06660384855636935,0.22980047991662314,0.980612053770501,0.9806120537705009,0.6082762530298219,0.6183849933496123,0.0,40.76264957040943,14.430869689661812,hard,0.08941133009130041,0.09379683730431322,0.08857014183572659,0.13765541541330997
0.0,0.0,26.081991532965876,0.06713573337774567,0.27679585527062284,0.9389355675444402,0.9389355675444401,0.64,0.5656854249492381,0.0,22.8237069732329,14.430869689661812,hard,0.08989508054187831,0.09416385611786653,0.08914644275989765,0.13955431330153617
0.0,0.0,34.4114618081683,0.06768300501488143,0.2527866600595241,0.9389355675444402,0.9389355675444401,0.64,0.5656854249492381,0.0,23.629853998702576,14.430869689661812,hard,0.09038325022213295,0.09514653891969649,0.08915797877411683,0.14200361074087414
0.0,0.0,34.62251618266108,0.06826861927357263,0.23019073050051816,0.9707728879609276,0.9707728879609278,0.64,0.463033476111609,0.0,24.841867884682102,14.430869689661812,hard,0.09043491565181856,0.09529633315903942,0.08961094125242822,0.14416613029291875
0.0,0.0,31.86748793058338,0.06878150040287019,0.21323489316096622,0.9707728879609276,0.9707728879609278,0.64,0.3815756805667783,0.0,25.121019087608687,14.430869689661812,hard,0.09043577743229264,0.09561772047002419,0.09009307400949908,0.1458221876736942
0.0,0.0,21.177321984866897,0.06924347044708985,0.19911773598388768,0.9707728879609276,0.9707728879609278,0.64,0.3815756805667783,0.0,20.60606706773517,14.430869689661812,hard,0.09043089541104278,0.09577097837626912,0.09057111735109265,0.14683158930830992
0.0,0.0,24.260770413536587,0.0695675268071793,0.1877487561847796,0.9707728879609276,0.9707728879609278,0.64,0.3815756805667783,0.0,17.792537761657275,14.430869689661812,hard,0.09044883690881315,0.09567011952092395,0.0908110620461695,0.1479020834921106
0.0,0.0,18.33252185197571,0.07002797545691868,0.1714447799298566,0.9707728879609276,0.9707728879609278,0.64,0.3815756805667783,0.0,15.6770022644637,14.430869689661812,hard,0.09042981067291259,0.09578555365950503,0.09106290672069971,0.1498217640542853
0.0,0.0,19.68559966779534,0.0703961998304661,0.3423912654186108,0.9707728879609276,0.9707728879609278,0.6928203230275509,0.3815756805667783,0.0,18.702342099320074,14.430869689661812,hard,0.09038522880744224,0.09546394183376168,0.09156043548108263,0.15201622222044278
0.0,0.0,18.288551790425892,0.07023542168535404,0.3523585094622035,0.9707728879609276,0.9707728879609278,0.6896375859826667,0.3815756805667783,0.0,18.261095257404474,14.430869689661812,hard,0.09027115525693023,0.09497711944489734,0.09135044146227905,0.15317018341918667
0.0,0.0,27.344036416258238,0.07040503936360984,0.32373222324211265,0.9707728879609276,0.9707728879609278,0.6896375859826667,0.3815756805667783,0.0,16.809057082418395,14.430869689661812,hard,0.0903625835111516,0.09539705885158822,0.09155472945086425,0.1548715524379574
0.0,0.0,22.903387270209965,0.07073602153342272,0.3345449633725309,0.9707728879609276,0.9707728879609278,0.6858571279792899,0.3815756805667783,0.0,21.962158363876714,14.430869689661812,hard,0.09060788462841292,0.09570140305023984,0.09208708737509701,0.15664064769435562
0.0,0.0,24.824058265977506,0.07146940555268994,0.3100993729368834,0.9707728879609276,0.9707728879609278,0.6858571279792899,0.3815756805667783,0.0,21.557374608240213,14.430869689661812,hard,0.09116628108630767,0.0969838971078382,0.09326283768326225,0.1583141285252084
0.0,0.0,18.573960298626677,0.07216379965075843,0.28343165584589675,0.9707728879609276,0.9707728879609278,0.6858571279792899,0.3815756805667783,0.0,11.895948890273528,14.430869689661812,hard,0.09121813970474782,0.09729656551869038,0.09416403265274766,0.16018903269597648
0.0,0.0,15.1052788708712,0.07251268628797651,0.263133215056227,0.9707728879609276,0.9707728879609278,0.6858571279792899,0.3815756805667783,0.0,11.480418110852932,14.430869689661812,hard,0.09156172664481856,0.09768915903335773,0.09425060939550263,0.1612263141742471
0.0,0.0,11.940540569798474,0.07263526772994655,0.272994602418281,0.9806120537705011,0.980612053770501,0.6814690014960328,0.43999999999999995,0.0,11.239145875020931,14.430869689661812,hard,0.09172683974120249,0.09798719199150377,0.0944390196940663,0.1616239088751209
0.0,0.0,46.5834166401206,0.07246017603827601,0.3333838450677866,0.9961927524329818,0.9961927524329818,0.7280109889280517,0.58,0.0,43.29743179450716,14.430869689661812,hard,0.09191457550523148,0.09842065128083988,0.09384470769515016,0.16024697370123903
0.0,0.0,58.854281903066486,0.07424495826596929,0.39158806306907523,1.0111379727811631,1.0111379727811631,0.7432361670424819,0.6939740629158989,0.0,46.2546213907324,14.430869689661812,hard,0.09292566882418207,0.09952055347980648,0.09572054448780634,0.1592425853869123
0.0,0.0,70.38058311309602,0.07505534183302114,0.39941499951593745,1.0355674772799695,1.0355674772799695,0.7364781055808788,0.7180529228406497,0.0,55.39156614503692,14.430869689661812,hard,0.0940117805588783,0.10020025888856746,0.09677230131837496,0.15689061693929265
0.0,0.0,33.14176603117134,0.07577737588809674,0.3778144083408028,1.02469507659596,1.02469507659596,0.7364781055808788,0.72691127381545,0.0,31.55315515126815,14.430869689661812,hard,0.09417155964514567,0.0999565861064112,0.09805534537408694,0.15606059807043773
0.0,0.0,53.576452589771485,0.07693531747065516,0.38193185968808213,0.9775479527879949,0.9775479527879949,0.756042326857432,0.7236021006050218,0.0,47.61642153711259,14.430869689661812,hard,0.09452955184969673,0.10057927677350867,0.0996931341594896,0.15376035286308234
0.0,0.0,39.95939445394665,0.07844223917628096,0.42580884769777916,0.964157663455516,0.964157663455516,0.766550715869472,0.705407683541936,0.0,39.168477121277,14.430869689661812,hard,0.0952471384695583,0.1009054466870541,0.10276525332944104,0.15382523010854887
0.0,0.0,33.45893419536165,0.07911288978151015,0.4078033462079342,1.0047885349664376,1.0047885349664376,0.766550715869472,0.664529909033446,0.0,25.844063148042334,14.430869689661812,hard,0.09555712459035193,0.10192038383016654,0.10410157492896133,0.15328876555599458
0.0,0.0,34.33269306253659,0.08033221157999117,0.3877552931528771,1.004987562112089,1.004987562112089,0.766550715869472,0.626418390534633,0.0,29.631712741588196,14.430869689661812,hard,0.09665343650128252,0.10272693716993388,0.10612838626676374,0.15344590664367078
0.0,0.0,23.663501206373763,0.0811109288043421,0.3642547922189332,0.9643650760992956,0.9643650760992956,0.766550715869472,0.5758472019555188,0.0,22.304878390163886,14.430869689661812,hard,0.09821897841764288,0.10385223805402209,0.10654088857507676,0.15362489577470162
0.0,0.0,18.497423037729646,0.08158523701901188,0.3515113868326214,0.964157663455516,0.964157663455516,0.766550715869472,0.5291502622129182,0.0,15.893004750518386,14.430869689661812,hard,0.09904377249435936,0.10423505748569253,0.107843444200748,0.15326187619168344
0.0,0.0,26.006836168110418,0.0820185121605639,0.35274774677659976,0.9425497334358544,0.9425497334358544,0.7838367176906169,0.43312815655415426,0.0,24.36874227365869,14.430869689661812,hard,0.09938615012454398,0.10420171706619434,0.10885988266915915,0.15315582444393513
0.0,0.0,21.355456194028342,0.08232079259147762,0.3279080566694801,0.9431860898041277,0.9431860898041277,0.7838367176906169,0.417612260356422,0.0,17.20585946705366,14.430869689661812,hard,0.10046702496369077,0.10455035819991905,0.10927533688687883,0.15278140462820253
0.0,0.0,15.528739221577249,0.08263387202354246,0.4295365851727056,0.9431860898041277,0.9431860898041277,0.8811356308764277,0.417612260356422,0.0,13.816164446039284,14.430869689661812,hard,0.10104836731769658,0.10495856755811232,0.10988629596424591,0.15278669080769947
0.0,0.0,16.23240886058272,0.08306244806844233,0.42382144677865025,0.9431860898041277,0.9431860898041277,0.8935323161475469,0.417612260356422,0.0,16.36490146624782,14.430869689661812,hard,0.10110530795657326,0.10501318802697848,0.11092082195726892,0.15312841507481467
0.0,0.0,11.045330380853207,0.08298966915997201,0.4049451195451968,0.9431860898041277,0.9431860898041277,0.8935323161475469,0.417612260356422,0.0,8.371403705472577,14.430869689661812,hard,0.10117218473281848,0.10495859955071822,0.111033576927886,0.15312613350049442
0.0,0.0,15.229067679716309,0.08334581363905008,0.38367923669686027,0.9431860898041277,0.9431860898041277,0.8935323161475469,0.417612260356422,0.0,14.84216965271587,14.430869689661812,hard,0.10134048955727956,0.10519974074596514,0.1120019384269902,0.15357372714789022
0.0,0.0,9.586869917809626,0.08363530289853886,0.3574975284982391,0.9431860898041277,0.9431860898041277,0.8935323161475469,0.417612260356422,0.0,9.011304012183809,14.430869689661812,hard,0.10158625426136077,0.10531642005452939,0.11258328209305486,0.15400213073340369
0.0,0.0,11.102587515878485,0.08396804931421141,0.3779324340520356,0.9431860898041277,0.9431860898041277,0.905317623820502,0.417612260356422,0.0,9.079669597512897,14.430869689661812,hard,0.1020604497762352,0.10556030429917139,0.11286160838647902,0.15423991642261506
0.0,0.0,11.941716136259638,0.08418314672907264,0.3783502453938502,0.9431860898041277,0.9431860898041277,0.916515138991168,0.417612260356422,0.0,10.86027623958065,14.430869689661812,hard,0.10259537880538058,0.105977080487371,0.1132947661331173,0.15424367996574412
0.0,0.0,14.5010497786483,0.08441504121540655,0.364214363847299,0.9431860898041277,0.9431860898041277,0.916515138991168,0.417612260356422,0.0,14.3,14.430869689661812,hard,0.1033435883842839,0.1062037078921423,0.11382925677667637,0.1542485237647481
0.0,0.0,22.365655721780186,0.08460865529944105,0.3462505365731122,0.9643650760992956,0.9643650760992956,0.916515138991168,0.44766058571198786,0.0,18.44695096757185,14.430869689661812,hard,0.10342579856521604,0.10655891993936761,0.11436630809874582,0.15382858918438883
0.0,0.0,37.30650674928604,0.08411381890601562,0.3147438661696303,0.9431860898041277,0.9431860898041277,0.916515138991168,0.5642694391866354,0.0,36.30030853863366,14.430869689661812,hard,0.1029135716863536,0.10558301002431848,0.11435333132062665,0.15383701875793254
0.0,0.0,34.246711601039905,0.08381215829587745,0.3105157964450319,0.9816312953446421,0.9816312953446421,0.905317623820502,0.6452906321960671,0.0,27.623931653549974,14.430869689661812,hard,0.10291437708148046,0.10575979479496489,0.11458836139704702,0.15322474789719437
0.0,0.0,32.30649972499385,0.08427055754795136,0.2777715314399201,0.9977975746613138,0.9977975746613138,0.905317623820502,0.7291090453423275,0.0,30.73044093403152,14.430869689661812,hard,0.10285973089134037,0.10590530223424427,0.11442898377329665,0.1526732407767621
0.0,0.0,25.115470248101456,0.08526789887665827,0.2836030262203144,1.0176443386566842,1.0176443386566842,0.9156418513807678,0.7644605941446557,0.0,25.288068332713753,14.430869689661812,hard,0.10232120017179905,0.10671219259841172,0.11492347949245782,0.1530300302756563
0.0,0.0,33.15659166531515,0.08580951349610262,0.25685261675985627,0.9977975746613138,0.9977975746613138,0.9156418513807678,0.7799999999999999,0.0,31.13040957006509,14.430869689661812,hard,0.10160190951284745,0.1080888958017138,0.11469881050681838,0.1532279871253718
0.0,0.0,28.001372147131345,0.0856943495362432,0.23304175548792166,1.0,1.0,0.9156418513807678,0.7787168933572715,0.0,28.47938903839055,14.430869689661812,hard,0.0998749322180275,0.10820410256932775,0.11380166791610563,0.15375396986766338
0.0,0.0,36.082309129825106,0.08645127440315142,0.22153525452053763,0.9357350052231668,0.9357350052231668,0.9156418513807678,0.7453858061433689,0.0,32.02134288252134,14.430869689661812,hard,0.0996337174135801,0.11050903950938326,0.1133744577146763,0.1543397124324109
0.0,0.0,17.64199080937721,0.08710636184159753,0.21080779515102546,0.9112628599915614,0.9112628599915614,0.9156418513807678,0.7418894796396563,0.0,13.3338066582653,14.430869689661812,hard,0.09981141957674153,0.11153183096461455,0.11376753930110729,0.15477598609611223
0.0,0.0,12.76366021679435,0.08751271934191722,0.1950309729974394,0.9079647570252933,0.9079647570252933,0.9156418513807678,0.7102112361825881,0.0,11.745109620603804,14.430869689661812,hard,0.09997894551691616,0.11249137871681167,0.1142459714462649,0.15501106759887157
0.0,0.0,38.43344611467091,0.08821441069547926,0.17252997640881187,0.9,0.9,0.9156418513807678,0.5936328831862332,0.0,30.87316634231092,14.430869689661812,hard,0.10005132490276118,0.11243133979855444,0.11445924377194258,0.15387100624358419
0.0,0.0,17.344172558760793,0.0883275603723103,0.16089290273851092,0.9173875952943772,0.9173875952943771,0.9156418513807678,0.512249938994628,0.0,12.890135763443299,14.430869689661812,hard,0.10046209085953157,0.11326008693967461,0.11441793318710748,0.1535851431076549
0.0,0.0,12.902276174490956,0.08836898806161123,0.271526855183152,0.9173875952943772,0.9173875952943771,0.9558242516278818,0.512249938994628,0.0,12.48559169603107,14.430869689661812,hard,0.10069988827535281,0.11324852426631403,0.11409290125208499,0.15369832674410058
0.0,0.0,15.235663947125886,0.08857322445689471,0.33773109355912756,0.9219544457292888,0.9219544457292888,0.9927738916792684,0.5015974481593781,0.0,14.598958866987743,14.430869689661812,hard,0.10071820205173661,0.1136405738901571,0.11379131415222259,0.15387242087555883
0.0,0.0,18.101383139489435,0.08890586348434244,0.3189697835134266,0.9219544457292888,0.9219544457292888,0.9927738916792684,0.5015974481593781,0.0,12.13175997124902,14.430869689661812,hard,0.10084321046284206,0.11353423152018202,0.11407471012986978,0.154204260791492
0.0,0.0,11.816614101104866,0.08910607788268106,0.2991444464713996,0.9219544457292888,0.9219544457292888,0.9927738916792684,0.5015974481593781,0.0,10.717163803917527,14.430869689661812,hard,0.10105762060321362,0.11357880254716544,0.11472293749959969,0.15426836447532688
0.0,0.0,18.035235552091397,0.08946836380154356,0.31282894891939933,0.9219544457292888,0.9219544457292888,0.98,0.5015974481593781,0.0,18.23272881386656,14.430869689661812,hard,0.10131753298905696,0.11409211385819394,0.1153593167576978,0.15447644941468835
0.0,0.0,13.423956372579484,0.09003028823261301,0.3240611899950148,0.9219544457292888,0.9219544457292888,0.9871170143402452,0.5015974481593781,0.0,12.935362383791187,14.430869689661812,hard,0.1015025266692244,0.114890637344841,0.11659022407840239,0.15470392967228105
0.0,0.0,15.300138294652035,0.09039976787060101,0.33504005243025176,0.9219544457292888,0.9219544457292888,1.0332473082471592,0.5015974481593781,0.0,14.267739835026429,14.430869689661812,hard,0.10150833678015986,0.11563564419711658,0.11738597682962369,0.15493281671833872
0.0,0.0,24.584655464695444,0.09111652533705127,0.316262484019175,0.9219544457292888,0.9219544457292888,1.0332473082471592,0.5015974481593781,0.0,23.794318649627268,14.430869689661812,hard,0.10201597705487306,0.11701022297163645,0.11817534254879215,0.1550670749289647
0.0,0.0,25.58683322640532,0.09143462951049945,0.29326388864092645,0.9219544457292888,0.9219544457292888,1.0332473082471592,0.5015974481593781,0.0,22.549935698356215,14.430869689661812,hard,0.10217403471350832,0.11691797006234293,0.11896933401305802,0.1553432271279107
0.0,0.0,18.9832597483459,0.0918832653170219,0.2705369564783443,0.9219544457292888,0.9219544457292888,1.0332473082471592,0.5015974481593781,0.0,19.244625223682586,14.430869689661812,hard,0.10213022784849161,0.11753373207554985,0.11966733877692293,0.1553116529077682
0.0,0.0,30.872520916747217,0.09177539731093774,0.2343375722981148,0.9433981132056604,0.9433981132056604,1.0332473082471592,0.5546169849544819,0.0,28.460498941515414,14.430869689661812,hard,0.10188373919742372,0.11816438591637153,0.11982470747004323,0.15400541072649845
0.0,0.0,34.47973053803488,0.09241018108106375,0.21304372764577853,0.8588364221433556,0.8588364221433555,1.0332473082471592,0.6916646586316233,0.0,32.849499235148166,14.430869689661812,hard,0.10196211203862872,0.1189417077321977,0.11983784841563029,0.15325455579869693
0.0,0.0,19.119034573933494,0.09274937109517317,0.18976567413112228,0.8919641248391103,0.8919641248391103,1.0332473082471592,0.7345747068882783,0.0,16.01760281690116,14.430869689661812,hard,0.1024203056514167,0.11920819438714347,0.1197926078321519,0.1532615955304816
0.0,0.0,26.576820777405768,0.09230629044023597,0.2609587033578507,0.9400000000000001,0.9400000000000001,1.0254754994635416,0.8002499609497024,0.0,22.98194943863553,14.430869689661812,hard,0.10341806752587816,0.1192663300113849,0.11937991927999125,0.15040978182002915
0.0,0.0,21.780696985424775,0.09283947441587471,0.23535779634921716,1.004987562112089,1.004987562112089,1.0254754994635416,0.8440379138403677,0.0,21.205508718255263,14.430869689661812,hard,0.10509012255887436,0.12031634713865676,0.11969085604471624,0.14921074342994847
0.0,0.0,17.774021553121784,0.09280810248079452,0.22511883886031558,1.0438390680559912,1.0438390680559912,1.0254754994635416,0.8662563131083085,0.0,12.662148316932635,14.430869689661812,hard,0.10531921788011564,0.12056839327405988,0.11966406549437626,0.14882634591412996
0.0,0.0,25.35005413492755,0.09295924562468302,0.3326977723909767,1.1151681487560519,1.1151681487560519,1.0547037498748169,0.8306623862918074,0.0,23.99499947905813,14.430869689661812,hard,0.10698711194525498,0.12079405042349194,0.11909435731844036,0.14782033799109268
0.0,0.0,31.56358771228517,0.09320459948577452,0.31672745347112324,1.0910545357588683,1.0910545357588683,1.0547037498748169,0.8284926070883193,0.0,31.137276695305264,14.430869689661812,hard,0.10824589817803863,0.12186217145847296,0.11974312989043531,0.14677103877709016
0.0,0.0,22.893461148814843,0.09347380737063794,0.3575372279700495,1.074988372030135,1.074988372030135,1.0590561835898982,0.8022468448052631,0.0,17.499302843256356,14.430869689661812,hard,0.10927337870020477,0.12220205780958542,0.11999429343805287,0.14601325400176118
0.0,0.0,20.897615770623187,0.09346592892115904,0.37434400318336547,1.1329607230614838,1.1329607230614838,1.0816653826391966,0.6814690014960328,0.0,17.609372504436383,14.430869689661812,hard,0.10989815935987217,0.12243953650294694,0.1201927257627998,0.14479248019591776
0.0,0.0,19.680652589869283,0.09361103822375642,0.48666041569378743,1.0934349546269315,1.0934349546269315,1.1151681487560519,0.6082762530298219,0.0,15.159168842650974,14.430869689661812,hard,0.11101411393549326,0.12289378533335972,0.11989426266781544,0.14444126997280118
0.0,0.0,14.819765487231109,0.09390918395026533,0.526145882557771,1.0934349546269315,1.0934349546269315,1.1173182178770735,0.6082762530298219,0.0,13.22415970865446,14.430869689661812,hard,0.11233478742106018,0.12317505690833655,0.11998865359006115,0.14403216344128703
0.0,0.0,14.856128693384234,0.09424683647452027,0.4993976103039805,1.0934349546269315,1.0934349546269315,1.1173182178770735,0.6082762530298219,0.0,14.478729226005989,14.430869689661812,hard,0.11362261058158017,0.12342431318877825,0.11984844625815937,0.1440148845511478
0.0,0.0,13.31070705841044,0.0944947765854311,0.4712151488373989,1.0725670142233537,1.0725670142233539,1.1173182178770735,0.530659966456864,0.0,12.807326028488536,14.430869689661812,hard,0.11476924868535955,0.12387597614367442,0.11958675259395084,0.1440636956929102
0.0,0.0,22.086625882951555,0.09495467842702297,0.5365255026738823,1.074988372030135,1.074988372030135,1.1704699910719625,0.5219195340279955,0.0,18.52424357430014,14.430869689661812,hard,0.11613940555175972,0.12418087008190953,0.12012228536376983,0.144310823752353
0.0,0.0,18.97060727449054,0.09538427010462519,0.5500729597413097,1.074988372030135,1.074988372030135,1.1689311356961964,0.5219195340279955,0.0,12.364934290161028,14.430869689661812,hard,0.11711861737912195,0.12455958799841073,0.12103156544980191,0.1442947422791168
0.0,0.0,12.145362807025688,0.09580684734452807,0.524278888492361,1.074988372030135,1.074988372030135,1.1689311356961964,0.5219195340279955,0.0,11.833241314196208,14.430869689661812,hard,0.11817593588283655,0.12513964446121978,0.12194212281155559,0.1444370160564291
0.0,0.0,16.002500288318117,0.09601995283146154,0.5171152690488116,1.074988372030135,1.074988372030135,1.1504781614615724,0.5219195340279955,0.0,13.714226190347016,14.430869689661812,hard,0.11872631462811259,0.12565661255824295,0.12229588945898165,0.14421280795699534
0.0,0.0,20.591616077952466,0.09619076437916399,0.5066947259473068,1.074988372030135,1.074988372030135,1.1661903789690602,0.5219195340279955,0.0,15.051591278001142,14.430869689661812,hard,0.11951247893038033,0.1260228453845657,0.12252312033343182,0.14450764558601434
0.0,0.0,26.12395915551745,0.09658446700266494,0.5117725769757441,1.074988372030135,1.074988372030135,1.1643023662262308,0.5219195340279955,0.0,18.57104197399812,14.430869689661812,hard,0.11980874302848235,0.1263071433230384,0.1232807372120969,0.14499040673912605
0.0,0.0,16.513552348127998,0.09670484277070066,0.49242815945206275,1.074988372030135,1.074988372030135,1.1643023662262308,0.5219195340279955,0.0,16.37612896871541,14.430869689661812,hard,0.12024580038301595,0.12664049645980735,0.12368892988989244,0.14511291325380055
0.0,0.0,20.20563713918066,0.09657765142460889,0.47514534673793607,1.074988372030135,1.074988372030135,1.1447270417003348,0.5219195340279955,0.0,19.60799836801299,14.430869689661812,hard,0.12072696991871036,0.12662041507304236,0.12400525598366062,0.14495399218746338
0.0,0.0,25.22459178517302,0.09657617925101851,0.4554211443412709,1.1313708498984762,1.1313708498984762,1.1447270417003348,0.6437390775772432,0.0,24.25716389028198,14.430869689661812,hard,0.12175423202239385,0.12715661076961132,0.12394868847295633,0.14531388571166814
0.0,0.0,21.900107181777503,0.09711833291323375,0.4332561452751083,1.1341957503006261,1.1341957503006261,1.1447270417003348,0.7472616676907762,0.0,20.787005556356593,14.430869689661812,hard,0.1229019746858268,0.12823826339485941,0.12466451739971696,0.14601588100269747
0.0,0.0,19.099324068775307,0.09719516795636145,0.4056048903290766,1.1532562594670797,1.1532562594670797,1.1447270417003348,0.7871467461661771,0.0,15.260615977082967,14.430869689661812,hard,0.12331564905632636,0.12856091466870478,0.12488251729863666,0.14678055457224265
0.0,0.0,16.555505578577826,0.09761048441363733,0.3916407850731377,1.1867602959317438,1.1867602959317438,1.1447270417003348,0.8101851640211637,0.0,14.36462321120885,14.430869689661812,hard,0.12406631329450525,0.12930745547429276,0.12497218733663415,0.14651210337442178
0.0,0.0,38.493773608121536,0.0981336351653402,0.3993658000045602,1.1115754585272204,1.1115754585272204,1.1594826432508594,0.87840765023991,0.0,35.32849275018678,14.430869689661812,hard,0.12304083847706199,0.12997510010177465,0.12608258894228205,0.14662619145977335
0.0,0.0,46.80986633453466,0.09819986389216516,0.3670591336386261,1.0630145812734648,1.0630145812734648,1.1594826432508594,0.8692525524840292,0.0,45.784032150958474,14.430869689661812,hard,0.12283594149920676,0.1310813993144422,0.12530096969598248,0.14748756726593526
0.0,0.0,31.481619604502708,0.09873848071264914,0.39101503700351137,1.0476640682967036,1.0476640682967036,1.1906300852909775,0.8754427451295717,0.0,27.325951035599843,14.430869689661812,hard,0.12311294542521173,0.13234144568061038,0.1253010542446566,0.14828541515491941
0.0,0.0,31.999945024087232,0.09969648432204285,0.397136840210157,1.0087616170334792,1.0087616170334794,1.2041594578792296,0.8304215796810679,0.0,31.40952721707221,14.430869689661812,hard,0.12285157219751666,0.13403981661743683,0.1273867178696158,0.1487109310297528
0.0,0.0,19.022158855071783,0.09959755910435354,0.4416951504704623,0.9643650760992956,0.9643650760992954,1.192644121270046,0.7769169839822013,0.0,18.375461898956445,14.430869689661812,hard,0.12293959497068076,0.13399632958094473,0.1271578810196126,0.14829222558337485
0.0,0.0,30.505149155720954,0.1004894443278527,0.4119776113650835,0.9541488353501251,0.954148835350125,1.192644121270046,0.6858571279792899,0.0,23.909504386331392,14.430869689661812,hard,0.12350277499749442,0.134805675692204,0.12768130826967192,0.1478244552479504
0.0,0.0,19.743865446090656,0.10114348433370744,0.42504079878249845,0.9541488353501251,0.954148835350125,1.2213107712617621,0.6858571279792899,0.0,16.391473393200503,14.430869689661812,hard,0.12444531150138484,0.13561845227586478,0.12828292800353416,0.1477278527080825
0.0,0.0,15.363814979838013,0.10164326603106937,0.44306504584368606,0.9541488353501251,0.954148835350125,1.2278436382536662,0.6858571279792899,0.0,15.083355064441069,14.430869689661812,hard,0.12492518323584431,0.13593959500080247,0.12838037048395143,0.14780395983969905
0.0,0.0,20.242165791328603,0.10228064183615324,0.41795038293187814,0.9357350052231669,0.9357350052231669,1.2278436382536662,0.6514598989960932,0.0,19.548718628084043,14.430869689661812,hard,0.12501574538361346,0.13669642661620718,0.12902884182058272,0.14815212483280826
0.0,0.0,27.964712602618906,0.10272359417040403,0.4817522577827784,0.9541488353501251,0.9541488353501251,1.2963024338479041,0.6462197768561405,0.0,27.384966678818508,14.430869689661812,hard,0.12531136942708992,0.13749035269464652,0.12907648832333013,0.1485748878731195
0.0,0.0,32.04715089773771,0.10299323278600549,0.5074049562112449,0.9541488353501251,0.9541488353501251,1.351147660324363,0.6462197768561405,0.0,20.739729988599176,14.430869689661812,hard,0.12556951223851986,0.13867160382549332,0.12912493146387705,0.14871167020112486
0.0,0.0,14.44746255953642,0.10341074844646204,0.4861669193806999,0.9718024490605074,0.9718024490605074,1.351147660324363,0.5744562646538028,0.0,12.718490476467718,14.430869689661812,hard,0.12548294609165817,0.13992130173833706,0.12942150991077556,0.1489186190584778
0.0,0.0,23.303475863722774,0.10418125226080857,0.4598123418165741,0.9718024490605074,0.9718024490605074,1.351147660324363,0.5744562646538028,0.0,23.443216502860693,14.430869689661812,hard,0.12572519365752735,0.14059789371092982,0.13006760044636537,0.1500225081563105
0.0,0.0,25.18421856619479,0.10491913143001796,0.4373028777610398,0.9718024490605074,0.9718024490605074,1.351147660324363,0.5744562646538028,0.0,19.287467433543473,14.430869689661812,hard,0.12601005349084873,0.14128536741328251,0.1310558362198716,0.15102313913232565
0.0,0.0,21.679448956293932,0.10539605947230948,0.41612593297075734,0.9718024490605074,0.9718024490605074,1.351147660324363,0.5744562646538028,0.0,19.302393633951205,14.430869689661812,hard,0.12596161791650226,0.14166678397511145,0.13188687887584258,0.15201824612960418
0.0,0.0,28.347848801854063,0.10556153807552623,0.41185502035331345,0.9718024490605074,0.9718024490605074,1.3601470508735443,0.5744562646538028,0.0,20.731386832530042,14.430869689661812,hard,0.1260790033217804,0.14201199856452365,0.13202992685173232,0.15320287991659612
0.0,0.0,12.699067772254871,0.10567097630380622,0.4284550492269318,0.9718024490605074,0.9718024490605074,1.3833293172632466,0.5744562646538028,0.0,12.584371259621992,14.430869689661812,hard,0.12660645830083292,0.14201846197370288,0.132077289071741,0.15398329915920608
0.0,0.0,24.043224512269774,0.10604041117233733,0.4459606671257066,0.9509994742374992,0.9509994742374992,1.3558761005342634,0.626418390534633,0.0,24.177973446920653,14.430869689661812,hard,0.12682886411088798,0.14266962508670938,0.13246781157061013,0.1540263964290437
0.0,0.0,36.74186040133063,0.10598247622395844,0.4084739078106298,0.9816312953446422,0.9816312953446422,1.3558761005342634,0.748598690888516,0.0,30.331739152247767,14.430869689661812,hard,0.12614186826003904,0.14207375196421052,0.13238022603527286,0.15391438968727436
0.0,0.0,23.767226673526814,0.1058653638438219,0.3820402498740549,0.9848857801796105,0.9848857801796105,1.3558761005342634,0.8101851640211637,0.0,23.85362865477703,14.430869689661812,hard,0.12594607452707393,0.1418857573749094,0.13186100823424918,0.15387715768081808
0.0,0.0,8.345917880135204,0.1058533442866017,0.3654891055905511,0.9848857801796105,0.9848857801796105,1.3558761005342634,0.8101851640211637,0.0,7.902126296130683,14.430869689661812,hard,0.12575857534268453,0.14230280253751867,0.13178679888447142,0.15377420493655636
0.0,0.0,11.760479279750331,0.10585408354007111,0.37379901338881416,1.043264108459598,1.043264108459598,1.3926952286842946,0.86,0.0,10.529976258282826,14.430869689661812,hard,0.12567577233735663,0.14240643447045198,0.1316203312935611,0.15373492530796093
0.0,0.0,36.69650395192961,0.10583519755935578,0.3337970275379887,1.0814804667676619,1.0814804667676619,1.3926952286842946,0.9243376006633074,0.0,31.608384963487136,14.430869689661812,hard,0.12587192055612603,0.14251230066349352,0.13109245112890772,0.1506564747283462
0.0,0.0,38.6434578146436,0.10603238716389728,0.40233464950736986,1.118033988749895,1.118033988749895,1.4211263138792414,0.9340235543068494,0.0,30.50413742429049,14.430869689661812,hard,0.12670073452182737,0.1414935293954288,0.1306678315471076,0.15014902150882178
0.0,0.0,28.92000706065396,0.10706964101128584,0.42837734543368405,1.1178550889985697,1.1178550889985697,1.4478950238190613,0.9260669522232181,0.0,29.130739777767403,14.430869689661812,hard,0.12759046184225134,0.14088162671078022,0.13137631467697075,0.15049186658826497
0.0,0.0,22.96408804683168,0.10741674999264436,0.41585062422348945,1.1173182178770735,1.1173182178770735,1.4675149062275312,0.8964373932405989,0.0,17.981368134822223,14.430869689661812,hard,0.12799683985522853,0.1407839926794394,0.13194455365170357,0.14920110762465016
0.0,0.0,23.109721516114373,0.10763161057172113,0.4130883029112187,1.1135528725660044,1.1135528725660044,1.4866068747318504,0.8059776671843953,0.0,20.40015686214202,14.430869689661812,hard,0.12824551763391132,0.1407628268233465,0.13215949175753883,0.14897451624824484
0.0,0.0,17.28784008951925,0.10769000330914676,0.3912518199042942,1.1115754585272204,1.1115754585272204,1.4866068747318504,0.806225774829855,0.0,16.826360271906697,14.430869689661812,hard,0.12827927353120905,0.14066279261285564,0.1325982636066909,0.14899488565261926
0.0,0.0,11.611952522186078,0.10760175167464349,0.45217502535266985,1.0910545357588686,1.0910545357588686,1.4880860190190621,0.7807688518377254,0.0,10.66838319521754,14.430869689661812,hard,0.12844392445373526,0.14058569950144648,0.1326575467717764,0.14925847450630825
0.0,0.0,17.64262364409341,0.108004480367759,0.46323238141294354,1.1065260954898442,1.1065260954898442,1.4966629547095767,0.7539230729988305,0.0,15.293514965500899,14.430869689661812,hard,0.1285415689523834,0.14029124722787487,0.13360302662130696,0.14978299821016292
0.0,0.0,24.31542693725725,0.10845177248110273,0.47968012679254496,1.0910545357588683,1.0910545357588683,1.4636939570825591,0.7525955088890712,0.0,20.685995262495833,14.430869689661812,hard,0.1288650080908709,0.13988178606832818,0.13437349979427768,0.14984917383192342
0.0,0.0,24.2651470183202,0.10906308186854262,0.4517431857213723,1.0910545357588683,1.0910545357588683,1.4636939570825591,0.7525955088890712,0.0,20.970684299755217,14.430869689661812,hard,0.1287771217001029,0.13996900644720622,0.13554508713294622,0.1506699207181645
0.0,0.0,16.170349049296078,0.10963680426638148,0.43503748565001177,1.0910545357588683,1.0910545357588683,1.4534097839219329,0.7525955088890712,0.0,15.936122489489092,14.430869689661812,hard,0.12911979841065988,0.13988336860273373,0.13638974151497651,0.15068643279491964
0.0,0.0,9.632650738307166,0.10963898750751266,0.47767662905113856,1.0910545357588683,1.0910545357588683,1.5,0.7525955088890712,0.0,7.516940867134715,14.430869689661812,hard,0.1291859841525424,0.13980181588967175,0.13661252888844794,0.15073429950777362
0.0,0.0,8.802627336012756,0.10959609811315557,0.47157475252504405,1.074988372030135,1.074988372030135,1.5157836257197133,0.6954135460285484,0.0,8.002599577637255,14.430869689661812,hard,0.1289829693789959,0.13974556627826987,0.13686564802071896,0.15105613843487484
0.0,0.0,14.576997513284496,0.10964511612950267,0.48624290642066476,1.074988372030135,1.074988372030135,1.5698407562552323,0.6954135460285484,0.0,9.353266808981768,14.430869689661812,hard,0.12949641568419953,0.1399159574721882,0.13680717914466944,0.1509808829684225
0.0,0.0,8.410702691839349,0.10969522830635207,0.4779648382485113,1.074988372030135,1.074988372030135,1.546091847207015,0.6954135460285484,0.0,7.131928210519228,14.430869689661812,hard,0.12954699752655505,0.13998107607884122,0.13690621440087752,0.15104866621822757
0.0,0.0,7.973638217897305,0.10972498255405899,0.4510732800734215,1.074988372030135,1.074988372030135,1.546091847207015,0.6954135460285484,0.0,7.701662158261683,14.430869689661812,hard,0.12998461184115348,0.14018129312753602,0.13713633247351323,0.1508959245063683
0.0,0.0,24.97968444327256,0.11007225913972173,0.47593318023765313,1.0934349546269315,1.0934349546269315,1.5734039532173547,0.7453858061433689,0.0,18.029975041580062,14.430869689661812,hard,0.13105167364298378,0.14084765778463051,0.13739857239825307,0.1507992702255545
0.0,0.0,19.93058661480082,0.1101976241542809,0.4846593395473691,1.1115754585272204,1.1115754585272204,1.575944161447353,0.7901898506055365,0.0,17.450833790968268,14.430869689661812,hard,0.13076589281707013,0.14090006840548247,0.1378644828346537,0.15141086082192953
0.0,0.0,24.464126955374716,0.11061777882921423,0.4625002410099629,1.085172797300043,1.085172797300043,1.575944161447353,0.8494704232638121,0.0,24.86237317715266,14.430869689661812,hard,0.13276334290030012,0.14147222875065643,0.1379995629779165,0.1520116526747353
0.0,0.0,23.94191700250839,0.110825169042643,0.48652385999071884,1.068831137270991,1.0688311372709909,1.5647363995254921,0.916515138991168,0.0,18.541294453192855,14.430869689661812,hard,0.13281682877232892,0.14104331697478534,0.13798982345927452,0.15217888961396128
0.0,0.0,26.433255696369294,0.11138275411466439,0.4592284724942436,1.0332473082471592,1.0332473082471592,1.5647363995254921,0.9593747964169165,0.0,18.507771340709827,14.430869689661812,hard,0.1341652980477726,0.14099054590445517,0.138477002157451,0.1526759687584484
0.0,0.0,23.938311982349983,0.11184213023311212,0.4366947914042014,1.0584894897919392,1.0584894897919392,1.5647363995254921,1.0293687385966217,0.0,21.46223660292655,14.430869689661812,hard,0.13547427715196284,0.14109392143001281,0.1387690492739936,0.15219997298680182
0.0,0.0,34.596315488311454,0.11191860521216555,0.4872056884213845,0.9927738916792684,0.9927738916792684,1.565119803721108,1.0361467077590893,0.0,35.18304136938704,14.430869689661812,hard,0.1351795703556481,0.14035700621279112,0.13874445085091633,0.15237000385977167
0.0,0.0,17.16515812658172,0.11193677902163905,0.494854617670032,0.9881295461628501,0.9881295461628501,1.6026228502052502,1.0584894897919392,0.0,17.425269007966563,14.430869689661812,hard,0.13530007332137567,0.14064620989776724,0.13850970897997994,0.1528981399997547
0.0,0.0,24.091492900216824,0.11232840235695514,0.5393481266546355,0.9724196624914574,0.9724196624914574,1.6381697103780182,1.0590561835898982,0.0,24.289825030246718,14.430869689661812,hard,0.1360407394232516,0.14198348367260244,0.13775416484108677,0.15293680851016736
0.0,0.0,26.025690253991385,0.11249441879301957,0.511830672784749,0.9724196624914574,0.9724196624914574,1.6381697103780182,1.0087616170334794,0.0,21.104843046087787,14.430869689661812,hard,0.13510354239449807,0.14218647024158634,0.13747245450032552,0.15340847128703589
0.0,0.0,16.82012536888695,0.11288372805354756,0.49068161774351865,0.9526804291051643,0.9526804291051644,1.6381697103780182,0.977547952787995,0.0,15.72856001037603,14.430869689661812,hard,0.13508681330609085,0.14274808138775857,0.137938786202635,0.15375098389762967
0.0,0.0,25.60602284429561,0.11335485889945028,0.45838690603695226,0.9797958971132712,0.9797958971132712,1.6381697103780182,0.9591663046625438,0.0,20.8953966222228,14.430869689661812,hard,0.13523362170935577,0.1429765977615432,0.13882800580027135,0.15433138867591464
0.0,0.0,31.821809598865578,0.11374122493458305,0.4371404757807442,0.9380831519646858,0.9380831519646858,1.6381697103780182,0.8979977728257459,0.0,16.7083811304387,14.430869689661812,hard,0.13532114150251395,0.1430925766615473,0.13952683479740607,0.15465862346073173
0.0,0.0,16.632301028217963,0.11393961803312808,0.41151574955814774,0.9526804291051643,0.9526804291051644,1.6381697103780182,0.8991106717195609,0.0,16.853059069498332,14.430869689661812,hard,0.1354036490799301,0.14317709911001122,0.13943175531950952,0.1547583266464422
0.0,0.0,17.351969028758415,0.11393581712393015,0.43721661084550245,0.9526804291051643,0.9526804291051644,1.6110865898517064,0.8991106717195609,0.0,14.321675879588952,14.430869689661812,hard,0.13554961446939698,0.1434041341663477,0.13894730962292515,0.1548094923490115
0.0,0.0,14.583058013788063,0.11390695942432845,0.47187873730097724,0.9526804291051643,0.9526804291051644,1.6094719630984569,0.8991106717195609,0.0,13.945838088834964,14.430869689661812,hard,0.13575575923263405,0.1434003833238786,0.13849975061862735,0.15459096594910715
0.0,0.0,25.28199181430355,0.11453387999103548,0.46910213118711097,0.9228217596047461,0.9228217596047461,1.62,0.806225774829855,0.0,21.66102490649969,14.430869689661812,hard,0.13619139912544972,0.14335247552877622,0.13952402823036678,0.15478616654637672
0.0,0.0,20.830027504506525,0.11492119445424882,0.44880466208517683,0.9228217596047461,0.9228217596047461,1.62,0.806225774829855,0.0,17.369812894789625,14.430869689661812,hard,0.13646928630350938,0.143631132719346,0.14050134103307002,0.15489251358986583
0.0,0.0,21.455684245458208,0.115260315853054,0.4763912823695861,0.9286549412995119,0.928654941299512,1.6155494421403511,0.7547184905645282,0.0,21.578841488828818,14.430869689661812,hard,0.13623650227334866,0.14393540409309796,0.14147777510112144,0.15501248292399095
0.0,0.0,18.771759549118904,0.11567622822257802,0.47401784609091363,0.9286549412995119,0.928654941299512,1.6375591592366976,0.7547184905645282,0.0,18.24636950190366,14.430869689661812,hard,0.1365690793149419,0.14420754619347503,0.1422336793165646,0.15552777619244404
0.0,0.0,19.536800704694723,0.11597835414435873,0.47687687620018254,0.9286549412995119,0.928654941299512,1.6224672569885656,0.7547184905645282,0.0,13.596411291219459,14.430869689661812,hard,0.1366528048535078,0.14460945828220878,0.1427091587488353,0.15602368615289203
0.0,0.0,10.945132100290818,0.11641126646015669,0.4565019137410138,0.9123595782365636,0.9123595782365636,1.6224672569885656,0.7799999999999999,0.0,10.357683138617439,14.430869689661812,hard,0.1373490626036708,0.14539069121658718,0.1429213080884041,0.1562382058528159
0.0,0.0,20.177010501293633,0.11705850789958304,0.4253041121382193,0.8845337754998392,0.8845337754998392,1.6224672569885656,0.848528137423857,0.0,19.983553237600166,14.430869689661812,hard,0.1379418081445131,0.14623162019616864,0.14347055876508769,0.15659362681317104
0.0,0.0,26.95032530777907,0.11644669814836509,0.405419841024753,0.8553361912137238,0.8553361912137238,1.6224672569885656,0.9079647570252933,0.0,21.58503185079883,14.430869689661812,hard,0.13759155874037304,0.14559984266885867,0.14308826719639237,0.1555816188802871
0.0,0.0,31.15576437252702,0.11665385862435688,0.3997107179479805,0.8316249154516716,0.8316249154516716,1.6316862443496913,0.9433981132056605,0.0,20.33652871067233,14.430869689661812,hard,0.13840588323323363,0.1456976414479491,0.1427251264532728,0.15550010076952925
0.0,0.0,17.399437205069784,0.11738403351574231,0.38144735614055897,0.8380930735902785,0.8380930735902785,1.6316862443496913,0.9911609354691093,0.0,16.46329250180534,14.430869689661812,hard,0.1388522325289303,0.14667749528887133,0.14374811332868068,0.15560615107882939
0.0,0.0,19.248675741147338,0.11756268339246266,0.47108156286644604,0.8306623862918074,0.8306623862918074,1.697174121886143,1.0816653826391969,0.0,15.993298596599764,14.430869689661812,hard,0.13904674204519268,0.1470124137335842,0.14433803527969497,0.1555425819496901
0.0,0.0,13.957814147469865,0.11779301606418477,0.4730916280700165,0.8494704232638121,0.8494704232638121,1.7,1.0762899237658967,0.0,13.3982685448531,14.430869689661812,hard,0.1396870410274068,0.14722278570013428,0.14494477912881476,0.15535737356544174
0.0,0.0,18.042551404768403,0.1178169263249576,0.5086493554937195,0.8588364221433555,0.8588364221433556,1.7596590578859306,1.0954451150103321,0.0,15.093323027087177,14.430869689661812,hard,0.14027495663712408,0.1473336886303768,0.14474225074378466,0.15552728748929998
0.0,0.0,35.32671954926554,0.11756723180584176,0.4790022750150067,0.8662563131083086,0.8662563131083086,1.7596590578859306,1.1426285485668561,0.0,30.380888729594464,14.430869689661812,hard,0.14047012557586502,0.14717518515145772,0.14475897239839777,0.15140623117584048
0.0,0.0,24.227571916037398,0.11779055532186117,0.4930387192304815,0.9357350052231668,0.9357350052231668,1.8106352476410041,1.100727032465361,0.0,22.177466041006582,14.430869689661812,hard,0.14135348942181497,0.14715213122622103,0.14471336341918523,0.15243506330337733
0.0,0.0,23.165102382396178,0.1179464303905419,0.4776555973129877,0.9718024490605074,0.9718024490605074,1.8164801127455263,1.0630145812734648,0.0,15.683315975902545,14.430869689661812,hard,0.1419219767824092,0.1471253170734879,0.14474194529851106,0.15321344830961797
0.0,0.0,9.314724364906901,0.11806040673983371,0.4878459685222593,0.9748846085563152,0.9748846085563152,1.865475810617763,1.0476640682967036,0.0,8.915514567314665,14.430869689661812,hard,0.14215984121115127,0.14705177956910795,0.1449694493907296,0.15355146681240242
0.0,0.0,23.124895689931314,0.11822208854965151,0.44908275393710795,0.947417542586161,0.947417542586161,1.865475810617763,0.9797958971132712,0.0,22.51702467023563,14.430869689661812,hard,0.14200293775504108,0.14702404785143772,0.14549113770300692,0.1536962814647726
0.0,0.0,39.335096586024235,0.11956340796637778,0.4232752270995523,0.9112628599915613,0.9112628599915614,1.865475810617763,0.8979977728257459,0.0,37.888700162449496,14.430869689661812,hard,0.14200388052371307,0.14916035577495423,0.14750588275916354,0.15366419199763895
0.0,0.0,21.963377997555334,0.12018163456009166,0.48192522777330493,0.9112628599915613,0.9112628599915614,1.9121715404220405,0.8979977728257459,0.0,21.173577874322515,14.430869689661812,hard,0.14219303179280868,0.14970451789991251,0.14921524829389332,0.15403483651413785
0.0,0.0,16.92113459087105,0.12015432708238591,0.5169199408954575,0.8919641248391104,0.8919641248391104,1.9209372712298545,0.8991106717195609,0.0,11.235942328082679,14.430869689661812,hard,0.1422788184676226,0.14956122255367013,0.1492169771614914,0.1540804189243876
0.0,0.0,39.38547690443388,0.12083517594139095,0.48995318887369704,0.8944271909999159,0.8944271909999159,1.9209372712298545,0.8304215796810679,0.0,34.33727420748478,14.430869689661812,hard,0.14188377668697208,0.15067729495112206,0.14955959502532404,0.1542157548360331
0.0,0.0,34.20375061850702,0.12092789500493856,0.46121002157165353,0.9141115905621151,0.9141115905621151,1.9209372712298545,0.806225774829855,0.0,27.84097699435133,14.430869689661812,hard,0.14178417985908673,0.15116612656748266,0.1493889846606947,0.15468825398641706
0.0,0.0,23.58548121092037,0.12107823728794896,0.4433921858329138,0.9112628599915613,0.9112628599915614,1.9209372712298545,0.7547184905645282,0.0,20.72606088961431,14.430869689661812,hard,0.14209605707876916,0.15198576271350636,0.14897932042545073,0.15501250557717078
0.0,0.0,10.263712245803674,0.12104835064881896,0.42218268721243146,0.9112628599915613,0.9112628599915614,1.9209372712298545,0.7547184905645282,0.0,9.773863105241446,14.430869689661812,hard,0.1421853713552216,0.15208648943266992,0.1488068536782114,0.15508734685341183
0.0,0.0,15.962787912621312,0.12112588864685163,0.39064370193822995,0.9112628599915613,0.9112628599915614,1.9209372712298545,0.7547184905645282,0.0,12.205326705991936,14.430869689661812,hard,0.14220245215400065,0.15226677038796488,0.14885195820876013,0.15532408678403542
0.0,0.0,17.44544334545743,0.1210451359862001,0.41081608856756835,0.9297311439335567,0.9297311439335568,1.9288338445807092,0.7799999999999999,0.0,11.179785328887133,14.430869689661812,hard,0.14215215882427806,0.152407998475929,0.1489127640458651,0.15560457172933986
0.0,0.0,8.508439362809758,0.12102121080698829,0.40616827471522876,0.932952303175248,0.9329523031752481,1.9427815111329427,0.8039900496896712,0.0,7.297369389033284,14.430869689661812,hard,0.1422432658947456,0.15249282657025143,0.14902707714172328,0.1557953863032729
0.0,0.0,18.003058712914207,0.12115677844100854,0.3840781806386092,0.9748846085563152,0.9748846085563152,1.9427815111329427,0.8890444308357147,0.0,17.80049437515711,14.430869689661812,hard,0.14194843317758496,0.1528011009151564,0.1496408977976561,0.15578594561691061
0.0,0.0,22.90443565354382,0.12108936206203533,0.38065541977589523,0.9951884243699782,0.9951884243699783,1.9358718965882014,0.9260669522232181,0.0,18.625240938038896,14.430869689661812,hard,0.14220858953326282,0.1527709907784236,0.1496428344543318,0.15597564608571793
0.0,0.0,21.880009214108824,0.12096022275012458,0.503154219493751,0.9921693403849969,0.992169340384997,2.000399960007998,0.9759098319004682,0.0,18.715768752578665,14.430869689661812,hard,0.14206609592799838,0.15258478106908788,0.14961230565869213,0.15602929433257112
0.0,0.0,8.984120856898404,0.12093570418618231,0.49231400237251055,1.02469507659596,1.02469507659596,2.014348529922267,1.0584894897919392,0.0,7.383765976789893,14.430869689661812,hard,0.14218233496166302,0.15245531864121978,0.14942814685936948,0.15613914552193897
0.0,0.0,11.697398126060547,0.12083014071357759,0.5011497684916696,1.0316976301223144,1.0316976301223144,2.0357799488156867,1.0816653826391966,0.0,10.713076122197583,14.430869689661812,hard,0.14227070754405616,0.15239619604475085,0.14925334240743174,0.1554278537283179
0.0,0.0,10.610016508287087,0.12087332580112925,0.47474953764696387,0.992169340384997,0.992169340384997,2.0357799488156867,1.0846197490365,0.0,11.070483277617107,14.430869689661812,hard,0.14226637970485584,0.15278458175553364,0.14901229169805683,0.15547946657822062
0.0,0.0,15.986393733279023,0.12087248209012354,0.5109764920095367,1.0087616170334794,1.0087616170334794,2.040490137197433,1.1285388783732708,0.0,12.915107432770352,14.430869689661812,hard,0.1422531487272011,0.15284789475994673,0.14875722186313492,0.1550277156342616
0.0,0.0,11.434019037546053,0.12080382471516111,0.5075932241389455,1.0121264743103997,1.0121264743103997,2.0416659863944444,1.095627673984187,0.0,7.12261188048317,14.430869689661812,hard,0.1421357956742119,0.15297258255329155,0.14852766377721352,0.15511046419051788
0.0,0.0,16.955180942976764,0.12099274069452928,0.5003998191200082,0.947417542586161,0.9474175425861608,2.0518284528683193,1.0954451150103321,0.0,16.79304617989244,14.430869689661812,hard,0.14214075621940508,0.15288575177386093,0.1486999570793314,0.15498459281929053
0.0,0.0,18.61940317107329,0.12121580605443423,0.4774096314654098,0.9112628599915613,0.9112628599915614,2.0518284528683193,1.0476640682967036,0.0,19.00963965991991,14.430869689661812,hard,0.14221006340408066,0.15250723497352967,0.14871207694644664,0.1545705783240409
0.0,0.0,17.56574670494969,0.12118601723378199,0.4525445533548173,0.9357350052231668,0.9357350052231668,2.0518284528683193,0.977547952787995,0.0,17.84252224322559,14.430869689661812,hard,0.14240626907045192,0.1521170573888063,0.14868870994789932,0.1543620540889196
0.0,0.0,26.591475520656463,0.12187292855876573,0.45460198609268426,0.94,0.94,2.071134954559939,0.94,0.0,24.68764873372918,14.430869689661812,hard,0.14314287418249744,0.1531452816719736,0.1485809548293886,0.1542196291445587
0.0,0.0,16.734316932217496,0.12219534502009734,0.43057098603634536,0.94,0.94,2.071134954559939,0.94,0.0,15.627718963431612,14.430869689661812,hard,0.14387106749940556,0.1535891269689852,0.14855849668157475,0.15425661735897317
0.0,0.0,11.616508912702383,0.12230313300378208,0.4573035449378043,0.977547952787995,0.977547952787995,2.0703622871372054,0.8991106717195609,0.0,10.596301241471005,14.430869689661812,hard,0.14397377374108322,0.15369442154123197,0.1485384178260868,0.15431473094842627
0.0,0.0,9.988312234020817,0.1225004220280203,0.43667575152276256,1.0,1.0,2.0703622871372054,0.8304215796810679,0.0,9.767292357659825,14.430869689661812,hard,0.14415339469753088,0.1538271614347724,0.14854345816647807,0.15428746691491263
0.0,0.0,9.143582016824377,0.12274128848245444,0.4097630254497458,1.0,1.0,2.0703622871372054,0.8304215796810679,0.0,8.893953001899662,14.430869689661812,hard,0.14426407492843296,0.1545619184120038,0.14858825700504913,0.15417946525319737
0.0,0.0,20.809266464020276,0.1227948934171834,0.47986659222926414,0.9816312953446422,0.9816312953446422,2.124994117638917,0.806225774829855,0.0,13.200000000000001,14.430869689661812,hard,0.14432410104106094,0.15491613385239367,0.14844469182736172,0.15380964975216738
0.0,0.0,11.596665760464676,0.12293189445754274,0.46894193026511005,0.9816312953446422,0.9816312953446422,2.1143320458244017,0.806225774829855,0.0,10.890362712049585,14.430869689661812,hard,0.14435475691262417,0.15528061906098647,0.14859395009627302,0.15372928040255873
0.0,0.0,9.0165560234837,0.12296308322196892,0.4624213305852375,0.9816312953446422,0.9816312953446422,2.1129126815843575,0.806225774829855,0.0,6.365814951755982,14.430869689661812,hard,0.1444385316005545,0.15522673898626235,0.14856065371806867,0.15361305337882805
0.0,0.0,11.295834807052755,0.12276520802857774,0.43031441595470954,1.0,1.0,2.1129126815843575,0.7547184905645282,0.0,11.06533325300237,14.430869689661812,hard,0.1444237236147409,0.15513533671398355,0.14835933526755232,0.15344131356349452
0.0,0.0,16.130524280151516,0.12258197861522953,0.4087903842284564,1.0,1.0,2.1129126815843575,0.7547184905645282,0.0,15.76173848279434,14.430869689661812,hard,0.14421237212296692,0.15489563060321243,0.14820474604004752,0.15336407609028158
0.0,0.0,36.288572959550145,0.12270040774863107,0.392779643026207,0.9848857801796105,0.9848857801796105,2.101808744867144,0.8692525524840291,0.0,29.80269115365255,14.430869689661812,hard,0.1449247477547088,0.1547413176291537,0.1480180218968804,0.15326394590894546
0.0,0.0,29.78307652670044,0.1225582389198343,0.41634504000907435,0.9846826900072938,0.9846826900072938,2.1169789795838785,0.8890444308357147,0.0,22.11012437775961,14.430869689661812,hard,0.14497563942984237,0.1550750650249327,0.14759487801832502,0.15339133013324222
0.0,0.0,41.285210648166135,0.12211509654798595,0.4567848368048984,1.02469507659596,1.02469507659596,2.1098815132608753,0.9433981132056605,0.0,36.4726801866822,14.430869689661812,hard,0.1450057612044606,0.15530716170155437,0.1468483225539307,0.15188330911674083
0.0,0.0,15.215055106897575,0.12231762359230042,0.4646301883141806,1.0239140588936162,1.0239140588936162,2.113669794457025,0.9759098319004681,0.0,14.951668803180468,14.430869689661812,hard,0.1454909157987878,0.1559359241659731,0.14665520737329565,0.1517850412576244
0.0,0.0,20.878012199468184,0.12246163414215888,0.4369643362782667,1.019803902718557,1.019803902718557,2.113669794457025,1.0461357464497616,0.0,20.272039857892942,14.430869689661812,hard,0.1458111732957158,0.15600349709886838,0.14652360429179903,0.15176512542377935
0.0,0.0,13.217681388307264,0.12282931317902655,0.4076624528188974,1.0215674231297707,1.0215674231297707,2.113669794457025,1.0630145812734648,0.0,12.512090153127893,14.430869689661812,hard,0.14630741754845591,0.1563938404434352,0.14633417811134625,0.1519250555986482
0.0,0.0,12.38703163445033,0.12300388232728969,0.48378218061251715,0.9848857801796105,0.9848857801796106,2.1283796653792764,1.1043550153822819,0.0,10.869793006308813,14.430869689661812,hard,0.14688120886168202,0.15645358423197742,0.14626932543948973,0.15199464202632104
0.0,0.0,10.319713852690763,0.12315439021145454,0.4928866521190144,0.9951884243699782,0.9951884243699783,2.1618510586994653,1.088852607105296,0.0,9.545700602889239,14.430869689661812,hard,0.14734318160689297,0.15658514007944097,0.14635245378384726,0.15198767788694081
0.0,0.0,17.68554903777251,0.12367504043122186,0.4692585074950796,1.0121264743103997,1.0121264743103997,2.1618510586994653,1.095627673984187,0.0,17.23495285749282,14.430869689661812,hard,0.14843654451550098,0.15656972908790795,0.14645046601404188,0.15202104927679788
0.0,0.0,26.702654869119446,0.12440757975006429,0.47087481276366244,1.0409610943738483,1.0409610943738483,2.2087100307645637,1.044030650891055,0.0,26.341176890943956,14.430869689661812,hard,0.1498142609822643,0.15676147520836298,0.14755376890809707,0.15121107352642935
0.0,0.0,15.76715975202442,0.1243322809976835,0.473628792253842,1.0371113729971337,1.0371113729971337,2.172556098240043,1.0121264743103997,0.0,15.357981638223169,14.430869689661812,hard,0.14990795298476836,0.15706302477690887,0.14759363081500296,0.15081751815318617
0.0,0.0,16.11684018506211,0.12455051356888876,0.4999490481606837,1.0392304845413265,1.0392304845413265,2.1946298093300385,0.9591663046625438,0.0,15.986256597465212,14.430869689661812,hard,0.15050353189955396,0.15728173377748808,0.14791555510827134,0.15057364370741047
0.0,0.0,14.002031206925022,0.1246470866756362,0.4803386628910027,1.0215674231297707,1.0215674231297707,2.1946298093300385,0.94,0.0,13.705706840582867,14.430869689661812,hard,0.15065123854340248,0.15747807344036724,0.14813180031749207,0.1505181215822454
0.0,0.0,15.508575412132116,0.1246300035344007,0.4621849661041325,0.977547952787995,0.977547952787995,2.1946298093300385,0.8991106717195609,0.0,11.501373830982105,14.430869689661812,hard,0.15083342504478048,0.15752040101907033,0.14860381856734134,0.14994890760010662
0.0,0.0,11.73278680190328,0.12484013991553398,0.43837220478649347,0.9591663046625439,0.9591663046625439,2.1946298093300385,0.8304215796810679,0.0,11.382372336204787,14.430869689661812,hard,0.1516099890998721,0.15763053250566428,0.14879884691695025,0.14999596448856956
0.0,0.0,6.172965586320788,0.1249951823612014,0.4208229185042043,0.9591663046625439,0.9591663046625439,2.1946298093300385,0.8304215796810679,0.0,5.9965323312728005,14.430869689661812,hard,0.15179118419869223,0.15763258682431003,0.14911929028993196,0.15017004982793272
0.0,0.0,11.951474133411379,0.12491999894864983,0.39237101175068057,0.9816312953446422,0.9816312953446422,2.1946298093300385,0.806225774829855,0.0,10.690631412596732,14.430869689661812,hard,0.15206323780983655,0.15752381015664021,0.14916309769517164,0.149297532226734
0.0,0.0,10.683257859412707,0.12474615638795197,0.37452531242626325,0.9816312953446422,0.9816312953446422,2.1946298093300385,0.806225774829855,0.0,9.951401911288679,14.430869689661812,hard,0.1520664832282579,0.1573132524031403,0.14878935655330688,0.14955833776042554
0.0,0.0,10.463441201448441,0.12437849432659158,0.3613851180658289,0.9816312953446422,0.9816312953446422,2.1946298093300385,0.806225774829855,0.0,10.079702376558545,14.430869689661812,hard,0.1519294393788464,0.15661498341850905,0.14866867848283186,0.1497370780145829
0.0,0.0,8.69896307758152,0.12420297771536898,0.34083603436042637,0.9816312953446422,0.9816312953446422,2.1946298093300385,0.806225774829855,0.0,8.836288813749809,14.430869689661812,hard,0.15196202804905606,0.156391806991846,0.1484886760681049,0.14981726134668064
0.0,0.0,6.42762827992703,0.12423972953486902,0.32366459566149614,0.9816312953446422,0.9816312953446422,2.1946298093300385,0.806225774829855,0.0,5.250714237130031,14.430869689661812,hard,0.15215077002685426,0.1563954480334643,0.14867411326724525,0.14947810315304977
0.0,0.0,10.624205736758602,0.12398481240977255,0.4160746417370968,1.0239140588936164,1.0239140588936164,2.227195545972558,0.8534635317340747,0.0,9.020509963411161,14.430869689661812,hard,0.1520972974928017,0.15629665164494447,0.14854587149713022,0.1495010593165369
0.0,0.0,22.377376995318482,0.12392021893571892,0.46022763207752543,1.0017983829094554,1.0017983829094554,2.295125268912353,0.8268010643437755,0.0,22.158348313897402,14.430869689661812,hard,0.15212151149684255,0.15632879550643916,0.14846215248343794,0.14959165414155895
0.0,0.0,19.303812421788802,0.12378565943219294,0.4822812435490387,1.0031948963187562,1.0031948963187562,2.2978250586152114,0.8890444308357147,0.0,18.92246284181845,14.430869689661812,hard,0.15204897498603193,0.15595431204979615,0.14878964358332217,0.1496191384012508
0.0,0.0,10.6956495537517,0.12388447464529495,0.47946728744824557,1.0239140588936164,1.0239140588936164,2.2916369695045504,0.9079647570252933,0.0,9.201217310769264,14.430869689661812,hard,0.15216399419774548,0.1559661372958361,0.14893339748012027,0.14977923399928664
0.0,0.0,16.682324976885955,0.12394822320046683,0.4489126438631586,0.9846826900072937,0.9846826900072937,2.2916369695045504,0.9911609354691094,0.0,9.336487562247378,14.430869689661812,hard,0.15211746582680127,0.15607036109627104,0.14919132020726467,0.14968918928108532
0.0,0.0,8.263532524215352,0.12401211347964229,0.44213557643240947,0.9846826900072938,0.9846826900072938,2.2939921534303465,1.0268398122394748,0.0,7.3265544425739435,14.430869689661812,hard,0.1523242111046894,0.1559533915223109,0.1494691951552764,0.14963781292287784
0.0,0.0,12.104876130954162,0.12415731357263467,0.4090652418471185,0.9414881836751856,0.9414881836751856,2.2939921534303465,1.0762899237658967,0.0,12.657408897558774,14.430869689661812,hard,0.15260139803200576,0.15606851981086547,0.14939273142104523,0.15001408056017698
0.0,0.0,15.704502568408698,0.12412297598148375,0.36328254544461264,0.9830564581955606,0.9830564581955606,2.2939921534303465,1.0740577265678042,0.0,15.368031754261834,14.430869689661812,hard,0.15252553302942318,0.15599732296188734,0.14958895047715207,0.1501230782823515
0.0,0.0,24.257088505969644,0.12355842823196223,0.3404727742850049,0.9610411021387171,0.9610411021387171,2.2939921534303465,1.0816653826391966,0.0,17.293339758415666,14.430869689661812,hard,0.15251703096077213,0.1554425471561943,0.14876054268725625,0.14978825601747048
0.0,0.0,13.910286053089862,0.12341515912593885,0.32062388529573693,0.9610411021387171,0.9610411021387171,2.2939921534303465,1.0332473082471592,0.0,13.876541355827829,14.430869689661812,hard,0.15245634044579834,0.15549666107432744,0.14880726858965937,0.1495959663769632
0.0,0.0,10.16835823564901,0.12332559555841839,0.3891533744690502,0.9610411021387171,0.9610411021387171,2.29128784747792,1.0547037498748169,0.0,5.637339798167217,14.430869689661812,hard,0.1524838730010852,0.15558338300624341,0.14879821810377922,0.14908561860309572
0.0,0.0,12.753294581944862,0.12324116124309878,0.4446503893724945,0.9816312953446421,0.9816312953446421,2.3303218661807215,0.9718024490605074,0.0,11.426793075924671,14.430869689661812,hard,0.15259195228195033,0.1552572009248594,0.14853083786843735,0.14935045509328979
0.0,0.0,15.287533301767315,0.12314265832750268,0.42456086402676285,0.9591663046625439,0.9591663046625439,2.3303218661807215,0.9748846085563152,0.0,14.296349184319752,14.430869689661812,hard,0.15264992521618753,0.15490686102863638,0.1483723888418459,0.1495020796863617
0.0,0.0,8.752135995929665,0.12301675704057798,0.4204588289234039,1.0017983829094554,1.0017983829094554,2.331437324913539,0.9184770002564028,0.0,8.495269271777087,14.430869689661812,hard,0.152632185656863,0.1547316352748774,0.14819524205391044,0.14942253523121474
0.0,0.0,9.518904616782525,0.12287233494028003,0.43164564806135847,1.0,1.0,2.3072927859289987,0.8522910301065006,0.0,6.619244669900033,14.430869689661812,hard,0.1527609901632603,0.1545635086790198,0.14806380451640955,0.1494467252555302
0.0,0.0,9.560310353465255,0.1227155978283467,0.42823234076912065,1.0,1.0,2.299217258111986,0.8522910301065006,0.0,8.836311447657332,14.430869689661812,hard,0.1528527815004065,0.1544590887117067,0.1478673217828682,0.14926386635177855
0.0,0.0,9.71397061326304,0.12275572324361383,0.40354812472221785,1.0,1.0,2.299217258111986,0.8522910301065006,0.0,8.997088417927213,14.430869689661812,hard,0.15288594978613518,0.1543919858114587,0.1480665387783275,0.14936775575837444
0.0,0.0,10.599147874750146,0.12284806288869786,0.3791471350903036,1.0,1.0,2.299217258111986,0.8522910301065006,0.0,9.923225282134837,14.430869689661812,hard,0.15296985595806709,0.15465537435404395,0.1483228601195216,0.14936102287481295
0.0,0.0,15.965451913583244,0.12288187558041007,0.39440675215621523,1.0,1.0,2.299913041834408,0.8522910301065006,0.0,15.046607591081786,14.430869689661812,hard,0.1530921022635457,0.1547299649357067,0.14838297101154319,0.1493554038239508
0.0,0.0,10.083750878356446,0.12296424114735188,0.37293412217422794,1.0,1.0,2.299913041834408,0.8522910301065006,0.0,9.091996480421669,14.430869689661812,hard,0.15313914540091092,0.15493277166308758,0.14853380993213475,0.14940460951122764
0.0,0.0,21.46720393689187,0.12291393149446019,0.4788380438537425,0.9816312953446421,0.9816312953446421,2.3237900077244498,0.8296987405076616,0.0,20.812198346162283,14.430869689661812,hard,0.1536949765646681,0.1551177846865708,0.14813862849419457,0.1493884193766482
0.0,0.0,9.435029339485542,0.12282009117462148,0.5226292701338584,0.9425497334358542,0.9425497334358542,2.35465496410833,0.8774964387392122,0.0,6.620241687431057,14.430869689661812,hard,0.15377345229004075,0.15507229790910565,0.14809991467689443,0.1493884193766482
0.0,0.0,20.780530124009626,0.12285163243983654,0.5499561679392502,0.9414881836751856,0.9414881836751856,2.4020824298928627,0.8997777503361595,0.0,20.526285587022315,14.430869689661812,hard,0.1539161697131089,0.15515338114915891,0.14802444658298614,0.14931780553835275
0.0,0.0,12.178773094589149,0.1227647662164275,0.5433014357852614,0.9414881836751855,0.9414881836751855,2.4003333101883992,0.8754427451295715,0.0,12.40369299845816,14.430869689661812,hard,0.15419562566572725,0.15507665598516446,0.14803471805732574,0.14977657407787096
0.0,0.0,18.975752942488548,0.1224187357042513,0.545715353174536,0.9643650760992956,0.9643650760992956,2.4377038376308144,0.9357350052231668,0.0,18.422334271204615,14.430869689661812,hard,0.15424727631886787,0.15399321041957104,0.1477466118257134,0.1505333598444757
0.0,0.0,9.607288585363033,0.12234183183981259,0.5408418342889453,0.9830564581955606,0.9830564581955606,2.4354876308452074,0.9887365675446621,0.0,9.216159720838176,14.430869689661812,hard,0.15454094112553812,0.1538763141185165,0.14767403460402123,0.15099704579724102
0.0,0.0,13.454021272037888,0.1224097096486106,0.5135468894851616,1.0239140588936162,1.0239140588936162,2.4354876308452074,1.016070863670443,0.0,9.960803180466925,14.430869689661812,hard,0.1549041243316578,0.1538847071073319,0.1478282527059817,0.15169906814998135
0.0,0.0,16.383290229275737,0.12232684080402852,0.4957432943759468,1.077032961426901,1.077032961426901,2.39741527483246,1.0583005244258363,0.0,11.188851594332638,14.430869689661812,hard,0.1554423973235588,0.1538923684447704,0.14774377763859325,0.15168411450094382
0.0,0.0,27.761162195517382,0.12323565127668362,0.5188502335016045,1.06,1.06,2.383358974221047,1.0660206376989143,0.0,24.72605103933906,14.430869689661812,hard,0.1558218252497161,0.1541390079971708,0.1479654364540375,0.15301050253049062
0.0,0.0,13.779057543275302,0.12334893220218165,0.49859659517713245,1.078702924812944,1.078702924812944,2.383358974221047,1.0860939185908371,0.0,13.812878049125027,14.430869689661812,hard,0.15655071616310134,0.15439764046210694,0.14793762344531866,0.1533122756926388
0.0,0.0,13.142413363930409,0.12344310330548032,0.4855442714434415,1.077032961426901,1.077032961426901,2.3685438564654024,1.0740577265678042,0.0,12.448694710691559,14.430869689661812,hard,0.1573399018360211,0.15480671315818614,0.14807704731285037,0.15322586617730774
0.0,0.0,23.512634537014577,0.12361155601439912,0.4654621963797376,1.078702924812944,1.078702924812944,2.3395726105423615,1.0772186407596185,0.0,23.093072554339756,14.430869689661812,hard,0.1578410730938116,0.15515490985127847,0.1486530702953988,0.15260366237429443
0.0,0.0,19.730330534383985,0.12365669570290941,0.44306959488491743,1.1115754585272202,1.1115754585272202,2.3395726105423615,1.0524257693538297,0.0,19.589885145145697,14.430869689661812,hard,0.1594452711117208,0.15481157560121564,0.14867944723024437,0.1524917033235144
0.0,0.0,21.43264700438529,0.12355602055511279,0.5701898607172728,1.1135528725660044,1.1135528725660044,2.36211769393483,1.049952379872535,0.0,12.993675384586151,14.430869689661812,hard,0.15970637677848448,0.15473268074081206,0.14824752293255072,0.1523224891651969
0.0,0.0,9.635880929606968,0.12345948930391913,0.5450167903142198,1.0583005244258363,1.0583005244258363,2.36211769393483,1.0087616170334794,0.0,9.225703225228958,14.430869689661812,hard,0.16006251377821187,0.15440887097779543,0.1482283391152653,0.15269933933241547
0.0,0.0,21.17069876107147,0.12331914345505379,0.526674457263417,1.06,1.06,2.3234457170332172,0.9141115905621151,0.0,17.44476998988522,14.430869689661812,hard,0.16017516236691118,0.1543348400439816,0.14833316773611266,0.1533354292681453
0.0,0.0,7.354630823330337,0.12343979329425146,0.4979246724263564,1.06,1.06,2.3234457170332172,0.9141115905621151,0.0,7.368826229461514,14.430869689661812,hard,0.16090884712709985,0.15448634039431822,0.1483813226899755,0.15378276180524075
0.0,0.0,14.416755222104177,0.12354839277727171,0.5008808576847535,1.06,1.06,2.313784778236731,0.9141115905621151,0.0,13.064394360244949,14.430869689661812,hard,0.16160160280653557,0.1546163105453722,0.14840922758275135,0.15410182305669715
0.0,0.0,18.03900213717936,0.12368060284152688,0.4710096605436839,1.0392304845413265,1.0392304845413265,2.313784778236731,0.8717797887081347,0.0,17.784757518729347,14.430869689661812,hard,0.16221495387541118,0.15461164999808694,0.1487251773486746,0.1544193831586262
0.0,0.0,27.06406811320891,0.12376357953056737,0.4489117060941554,1.0392304845413265,1.0392304845413265,2.313784778236731,0.8717797887081347,0.0,27.59383264427035,14.430869689661812,hard,0.16316570620459392,0.15525127700274227,0.148472306675436,0.15387641693943802
0.0,0.0,15.372371652392744,0.12386820533388951,0.49695391240687187,1.0392304845413265,1.0392304845413265,2.297912095794789,0.8717797887081347,0.0,14.588008774332431,14.430869689661812,hard,0.1635934104364214,0.15554829460852296,0.14859411816752982,0.15355669623895943
0.0,0.0,13.96243387208626,0.124094986163925,0.4792939738593363,1.037111372997134,1.037111372997134,2.309632005320328,0.8506468127254695,0.0,14.265426737395556,14.430869689661812,hard,0.16381978223626018,0.15631028308558106,0.14862329690475384,0.1535906741931358
0.0,0.0,8.091599577079272,0.12412057590295605,0.4888245916664477,1.0583005244258363,1.0583005244258363,2.2776303475322766,0.8754427451295715,0.0,6.622054061996172,14.430869689661812,hard,0.16376488918892695,0.15661111285385435,0.1486904181596109,0.15364270755629694
0.0,0.0,20.306727330059367,0.12413627766025014,0.48534284047506815,1.0770329614269007,1.0770329614269007,2.2207206037680653,0.9217374897442331,0.0,20.566030244069953,14.430869689661812,hard,0.1639356571314021,0.1564931931690578,0.1486240217711445,0.154134389603673
0.0,0.0,30.903159646669327,0.12381453496604447,0.4567742902982006,1.074988372030135,1.074988372030135,2.2207206037680653,0.9433981132056604,0.0,22.143721457785723,14.430869689661812,hard,0.16292319802758198,0.1561744914582887,0.14859144886041387,0.15442413782332318
0.0,0.0,11.983225969240776,0.12384198406553328,0.4316348306698725,1.0583005244258363,1.0583005244258363,2.2207206037680653,0.964157663455516,0.0,12.074121086025269,14.430869689661812,hard,0.16307829389541914,0.1565251943904748,0.14848133015823753,0.15493187991395618
0.0,0.0,10.469764852220257,0.123759004093323,0.40948280823269717,1.0562196741208716,1.0562196741208716,2.2207206037680653,0.9840731680114035,0.0,10.119071103614205,14.430869689661812,hard,0.16303662930930712,0.1566854741299125,0.14819693530293704,0.15500110525880498
0.0,0.0,17.220600253307285,0.12344435717160537,0.41294483182472663,1.06,1.06,2.2231509170544403,1.037111372997134,0.0,16.225362861890023,14.430869689661812,hard,0.16304835049571847,0.15676245992545523,0.14776249127116436,0.1540456804935418
0.0,0.0,24.88292357522665,0.12329555542152927,0.4236383901100427,1.0423051376636308,1.0423051376636308,2.24535075210979,1.0537551897855593,0.0,24.652310236568095,14.430869689661812,hard,0.1631335249138313,0.15665068939839566,0.1473200012531223,0.1538241785229188
0.0,0.0,13.522415957500474,0.12365009410256055,0.41912436597409,1.0809255293497328,1.0809255293497328,2.238302928559939,1.0734989520255713,0.0,13.081039714028849,14.430869689661812,hard,0.16306517169786366,0.15660538765637985,0.14734252880786497,0.15473925165131613
0.0,0.0,13.248205553494063,0.12384751389373637,0.46383712500008684,1.0628264204469138,1.0628264204469138,2.187327136026982,1.1135528725660044,0.0,12.44959437090221,14.430869689661812,hard,0.16315764024942345,0.1565394993346493,0.14729652352657016,0.15498632178433022
0.0,0.0,7.607990809781348,0.1240261792388523,0.45805445937790173,1.0409610943738483,1.0409610943738483,2.1978170988505847,1.1137324633860683,0.0,6.814719363260676,14.430869689661812,hard,0.16334505120881326,0.15649669914938605,0.14731194112865875,0.15551797954861188
0.0,0.0,19.49977192202839,0.1239936897715248,0.44616243468945216,1.019803902718557,1.019803902718557,2.198999772623908,1.1306635220082055,0.0,17.14964722669245,14.430869689661812,hard,0.16364104586913553,0.1558714412955031,0.14735182699407712,0.1554279841239769
0.0,0.0,19.622276648980936,0.12406957394317053,0.4318949772052981,1.0121264743103997,1.0121264743103997,2.198999772623908,1.1043550153822819,0.0,17.077048925385203,14.430869689661812,hard,0.16380057655152,0.15567286437113143,0.147392857791755,0.1548520554058674
0.0,0.0,7.029822379991074,0.12412374579545232,0.4057560324354023,1.0007996802557444,1.0007996802557442,2.198999772623908,1.1106754701531856,0.0,6.1773780845922,14.430869689661812,hard,0.16382204707341227,0.15568121173573982,0.1471960090739141,0.15494271954694006
0.0,0.0,23.4578067051937,0.12448352003203196,0.3718985968065949,1.016070863670443,1.016070863670443,2.198999772623908,1.0712609392673664,0.0,18.715223749664336,14.430869689661812,hard,0.16396961343977,0.15577823430272333,0.14799238319305907,0.15477252606353617
0.0,0.0,34.786166449752194,0.12484615844064548,0.3378159265068491,0.9848857801796105,0.9848857801796105,2.198999772623908,0.9961927524329817,0.0,30.410103584170837,14.430869689661812,hard,0.16301690905495803,0.15584625983773823,0.14783742543951586,0.15458750278854966
0.0,0.0,12.438305801527175,0.12481227112402966,0.33882637170856444,1.0007996802557442,1.0007996802557442,2.2181073012818833,0.96,0.0,11.488011142055877,14.430869689661812,hard,0.162813467924712,0.1558049697846728,0.14764571829176465,0.15433508008123473
0.0,0.0,14.835456867903469,0.12485193138888682,0.4827235054339375,1.0007996802557442,1.0007996802557442,2.238302928559939,0.96,0.0,14.204562647262323,14.430869689661812,hard,0.1626799818799037,0.1558353411065356,0.14760204905497323,0.1546377929925175
0.0,0.0,12.778079955017786,0.12466622606552809,0.473759948276932,1.0007996802557442,1.0007996802557442,2.238213573366045,0.96,0.0,12.467557900406959,14.430869689661812,hard,0.16264799453380005,0.15564210339564286,0.1472212141151589,0.15430323313395658
0.0,0.0,20.497961293732658,0.12440358032032786,0.5334814834193192,1.0007996802557442,1.0007996802557442,2.2715633383201093,0.96,0.0,12.54733437826537,14.430869689661812,hard,0.1626152696746642,0.15531017486392548,0.1464177997153169,0.15410145851335247
0.0,0.0,10.121799011399803,0.12416895343487999,0.5219595071557296,1.0007996802557442,1.0007996802557442,2.2350838910430184,0.96,0.0,9.664864199770218,14.430869689661812,hard,0.16258704634678656,0.1548072804171741,0.14617296329740095,0.1544383546170145
0.0,0.0,16.791416084770187,0.12387311477010876,0.5295460809718103,1.0283968105745953,1.0283968105745953,2.2428553230201898,0.9042123644365854,0.0,16.017103358597645,14.430869689661812,hard,0.16255714574164837,0.15426777266673394,0.14578247341156456,0.1546843796334168
0.0,0.0,20.971234600749735,0.12369907031415553,0.5061378162262017,1.0283968105745953,1.0283968105745953,2.2428553230201898,0.9042123644365854,0.0,16.811139164256538,14.430869689661812,hard,0.16210406017554138,0.15387862709723302,0.1456607571516601,0.15437017962471647
0.0,0.0,17.867064790302347,0.12351868308203855,0.48523461275334956,1.0121264743103997,1.0121264743103997,2.2428553230201898,0.9297311439335567,0.0,15.528605861441651,14.430869689661812,hard,0.16114992696439293,0.1536942427329106,0.1458342569074245,0.15408579679607398
0.0,0.0,19.45509645863624,0.12338552436589617,0.48091357653380357,0.9951884243699783,0.9951884243699783,2.2681269805722963,0.954148835350125,0.0,19.76280344485569,14.430869689661812,hard,0.16098745539039264,0.1538336786660191,0.1461525952174964,0.15369483494283798
0.0,0.0,14.638790733776757,0.12312496976591639,0.47031600457816214,0.992169340384997,0.992169340384997,2.318965286501719,0.9775479527879949,0.0,12.302910224820792,14.430869689661812,hard,0.16073628489698202,0.1537987149388108,0.14612914700091137,0.15350476624855036
0.0,0.0,9.67286078881499,0.12315615817662681,0.5028332165345617,0.988736567544662,0.988736567544662,2.3068593368473946,1.0,0.0,7.910600482896353,14.430869689661812,hard,0.16111884938039533,0.15362353870476528,0.14611902371108917,0.15353799445870076
0.0,0.0,11.803765417365401,0.12331620617661962,0.5438413409951264,0.977547952787995,0.977547952787995,2.337177785278647,1.0816653826391966,0.0,10.933544713403792,14.430869689661812,hard,0.16101813285794178,0.1538424202316515,0.14607321596369688,0.1533673881440328
0.0,0.0,19.059849661175015,0.1232618379639114,0.5223409394384583,0.9718024490605073,0.9718024490605074,2.337177785278647,1.1173182178770737,0.0,19.02761151589973,14.430869689661812,hard,0.16110540409330962,0.154057950077312,0.14598101004503244,0.1520851086816726
0.0,0.0,10.61007498776822,0.12316043182893088,0.5023577580480368,0.9682974749528164,0.9682974749528164,2.337177785278647,1.1341957503006261,0.0,9.717386479913207,14.430869689661812,hard,0.16096528075667807,0.1539543213115339,0.14585746893358706,0.15169377492958125
0.0,0.0,16.78564524612807,0.12305574600880355,0.47021972038263204,0.9848857801796105,0.9848857801796105,2.337177785278647,1.1934822998268553,0.0,17.386489007272285,14.430869689661812,hard,0.1608604726713801,0.15391208094218697,0.14571081507023947,0.1515776853217173
0.0,0.0,49.92424570714321,0.12226520947503011,0.43676035181030964,0.947417542586161,0.947417542586161,2.337177785278647,1.209297316626478,0.0,36.113687155980074,14.430869689661812,hard,0.16091693965536336,0.15387413660023957,0.14415285659216345,0.14827217427781816
0.0,0.0,22.46450203459587,0.12218613891093208,0.41324633436770203,0.9123595782365634,0.9123595782365634,2.337177785278647,1.2001666550941998,0.0,22.695162480141008,14.430869689661812,hard,0.16063949610894393,0.1541722612768083,0.14415850669260777,0.14687493601185272
0.0,0.0,15.086370052388606,0.12188452894904274,0.42281672861729713,0.9068627239003707,0.9068627239003707,2.334866163187946,1.1805083650698964,0.0,14.705495571384189,14.430869689661812,hard,0.1604035590654589,0.15382137116447717,0.14353119932308586,0.146863258002984
0.0,0.0,12.833727023050285,0.12166420083282144,0.39697590912577563,0.8845337754998392,0.8845337754998392,2.334866163187946,1.2,0.0,11.759863944791196,14.430869689661812,hard,0.16005387937964743,0.15380048165385643,0.1429015559136064,0.14660771945133702
0.0,0.0,25.813899447061825,0.12142145612823656,0.42811224441852136,0.8616263691415206,0.8616263691415206,2.3664319132398464,1.1805083650698964,0.0,20.54292092181635,14.430869689661812,hard,0.1592012473786912,0.15333090732290985,0.1420795323981316,0.1456176166685909
0.0,0.0,21.857924499787355,0.12159489760288837,0.41755876380025775,0.824621125123532,0.8246211251235323,2.3664319132398464,1.1771151175649728,0.0,20.16358103115615,14.430869689661812,hard,0.15911185026530622,0.15326876030631925,0.14182337755918167,0.14535412294206138
0.0,0.0,8.884483308929699,0.12180302527247325,0.4392207366696884,0.8674099376880576,0.8674099376880576,2.3946607275353227,1.160861748874516,0.0,7.739147239844969,14.430869689661812,hard,0.15905787278630443,0.15331116804081205,0.14182880638184658,0.14526313699231744
0.0,0.0,13.2338937644221,0.12192195794297678,0.4356555619974649,0.8726969691708572,0.8726969691708572,2.366516427156169,1.1135528725660044,0.0,12.386702547490192,14.430869689661812,hard,0.15906244114749607,0.1535392561954682,0.14169362481462533,0.14524115290777942
0.0,0.0,46.994096706122264,0.12186547489369207,0.5445514984012071,0.8726969691708572,0.8726969691708572,2.4534873140083686,1.1135528725660044,0.0,8.854287097220192,14.430869689661812,hard,0.15902940478828484,0.15356974279709204,0.14158944612613591,0.14475472196349612
