step,timestamp,reward,coverage,cov_trace,altitude,alt_idx,loop_closures,altitude_changes,frontier_count,new_cells,map_seed,difficulty,cov_alt0,cov_alt1,cov_alt2,cov_alt3
0.0,0.0,50.27216046980141,0.010431219277209705,0.03457686867040277,0.0,0.0,0.0,0.0,0.0,49.94727219778874,14.430869689661812,hard,0.03129657131697456,0.019565853551704385,0.0,0.0
0.0,0.0,44.266079994378586,0.013224566138584573,0.07026919056790396,0.0,0.0,0.0,0.0,0.0,44.24782932529007,14.430869689661812,hard,0.039897943621661894,0.021306274988233505,0.0,0.0
0.0,0.0,42.181590266676864,0.015262821925665646,0.10489536295590234,0.0,0.0,0.0,0.0,0.0,41.43537136312404,14.430869689661812,hard,0.04482267125072277,0.02347480108714442,0.0,0.0
0.0,0.0,37.75188099088328,0.016821005489032752,0.13736722745892796,0.0,0.0,0.0,0.0,0.0,37.321650552996715,14.430869689661812,hard,0.04837748371566733,0.02585309165827219,0.0,0.0
0.0,0.0,36.052773635662014,0.018467666012316808,0.16773835109135435,0.0,0.0,0.0,0.0,0.0,36.118493877790634,14.430869689661812,hard,0.051867062895638014,0.028867657982139812,0.0,0.0
0.0,0.0,36.6315161297128,0.020316823517456055,0.1958942463142452,0.0,0.0,0.0,0.0,0.0,36.17186199243827,14.430869689661812,hard,0.056411838040239984,0.031928644679795316,0.0,0.0
0.0,0.0,32.92713232313064,0.02240133345741383,0.23011857275778771,0.0,0.0,0.0,0.0,0.0,33.238146759408835,14.430869689661812,hard,0.06086755069684918,0.03593935908411777,0.0,0.0
0.0,0.0,46.36664982664517,0.024720942220888772,0.2591312385100801,0.0,0.0,0.0,0.0,0.0,45.38012340221212,14.430869689661812,hard,0.06508161351345994,0.04067093629535845,0.0,0.0
0.0,0.0,53.066182851894986,0.027452462332311165,0.28071344897909983,0.0,0.0,0.0,0.0,0.0,53.03081745551354,14.430869689661812,hard,0.07135310540907844,0.04544031619010977,0.0,0.0
0.0,0.0,48.306258077520106,0.03034901857669088,0.3049180892578523,0.0,0.0,0.0,0.0,0.0,48.21172056668378,14.430869689661812,hard,0.07856505184715679,0.04999171176101561,0.0,0.0
0.0,0.0,42.6791462380275,0.03324795078231928,0.332118294117421,0.0,0.0,0.0,0.0,0.0,42.504587987651405,14.430869689661812,hard,0.08518179803339845,0.05522391976338888,0.0,0.0
0.0,0.0,35.63423104165396,0.03560571955596348,0.35633181233511946,0.0,0.0,0.0,0.0,0.0,35.02449999643107,14.430869689661812,hard,0.09073810277264295,0.0593001545694455,0.0,0.0
0.0,0.0,34.7128702883031,0.03775907971815707,0.38049462603545714,0.0,0.0,0.0,0.0,0.0,34.58464399122825,14.430869689661812,hard,0.09576257343766588,0.06319802316671917,0.0,0.0
0.0,0.0,31.567572257297925,0.04011158879569287,0.40780628007889624,0.0,0.0,0.0,0.0,0.0,31.47250228373969,14.430869689661812,hard,0.1010300133674981,0.067522906249658,0.0,0.0
0.0,0.0,52.43732750482205,0.04274754721941656,0.435079033210689,0.0,0.0,0.0,0.0,0.0,42.98431807066386,14.430869689661812,hard,0.10703916441315192,0.07219091608439723,0.0,0.0
0.0,0.0,36.4394039432193,0.044515584324087636,0.4604236794947655,0.0,0.0,0.0,0.0,0.0,36.49405979060154,14.430869689661812,hard,0.11019744364769406,0.07623319260017308,0.0,0.0
0.0,0.0,31.968194054035056,0.046232317130484334,0.48665290284380847,0.0,0.0,0.0,0.0,0.0,28.77779699699058,14.430869689661812,hard,0.11371302362627173,0.07959387269168589,0.0,0.0
0.0,0.0,30.61846593274895,0.047822445141303044,0.5092950523883355,0.0,0.0,0.0,0.0,0.0,26.81578639533064,14.430869689661812,hard,0.11774880065826752,0.08180500965283988,0.0,0.0
0.0,0.0,46.2172771335964,0.04937204563085207,0.5232399161687239,0.0,0.0,0.0,0.0,0.0,37.49052680344729,14.430869689661812,hard,0.12124896219146473,0.08446052626723491,0.0,0.0
0.0,0.0,17.64522038991348,0.049685231710053755,0.530691784079939,0.0,0.0,0.0,0.0,0.0,17.630666464997855,14.430869689661812,hard,0.12207540142841584,0.08489204533961699,0.0,0.0
0.0,0.0,113.44381422297604,0.04267381631714676,0.4843754392765219,0.4853864439804638,0.4853864439804639,0.0,0.4853864439804639,0.0,103.70978931614894,14.430869689661812,hard,0.12207540142841584,0.07481521278714943,0.02886758632497956,0.0
0.0,0.0,73.44046279099705,0.04124418464380351,0.47002792044792646,0.4853864439804638,0.4853864439804639,0.0,0.4853864439804639,0.0,73.6318110601661,14.430869689661812,hard,0.11791541043579651,0.07438216007498806,0.037902080898682196,0.0
0.0,0.0,67.06440116177944,0.04308462290445678,0.4791025432507897,0.466476151587624,0.466476151587624,0.0,0.466476151587624,0.0,61.92953737918603,14.430869689661812,hard,0.11784512314891579,0.07789341462636817,0.04298938155314696,0.0
0.0,0.0,66.28124905616784,0.0455100659493003,0.49080184376966823,0.458257569495584,0.458257569495584,0.0,0.458257569495584,0.0,65.17453797304589,14.430869689661812,hard,0.11609498093378391,0.08391264763876619,0.05095946556241674,0.0
0.0,0.0,55.28918566271028,0.04793959519439431,0.5031238949308104,0.458257569495584,0.458257569495584,0.0,0.458257569495584,0.0,55.24245106799662,14.430869689661812,hard,0.11447465236245741,0.08839320027617756,0.057759314776083606,0.0
0.0,0.0,60.60120239690353,0.050597062969888036,0.523293585182754,0.458257569495584,0.458257569495584,0.0,0.458257569495584,0.0,55.94511953691761,14.430869689661812,hard,0.11478972331970412,0.09259363026208914,0.0639904684106672,0.0
0.0,0.0,44.58493190439468,0.05254369670761011,0.5411467997906081,0.458257569495584,0.458257569495584,0.0,0.458257569495584,0.0,41.16078230549075,14.430869689661812,hard,0.11561108654681712,0.09500767432853148,0.06844822226472366,0.0
0.0,0.0,43.68514951188102,0.054114194820429236,0.5589360074851321,0.458257569495584,0.458257569495584,0.0,0.458257569495584,0.0,38.99273778538768,14.430869689661812,hard,0.11493961115568126,0.09696296952505942,0.07245860683481024,0.0
0.0,0.0,34.82064958856044,0.055437660983996356,0.5785023949763201,0.458257569495584,0.458257569495584,0.0,0.458257569495584,0.0,30.346241941960457,14.430869689661812,hard,0.1145532879887834,0.09823292570474866,0.07611933555859182,0.0
0.0,0.0,52.85907320885259,0.056859247886677476,0.6034449276414481,0.458257569495584,0.458257569495584,0.0,0.458257569495584,0.0,52.26411388323732,14.430869689661812,hard,0.11451564669384079,0.09954390556966358,0.0796032507839193,0.0
0.0,0.0,32.05130490647464,0.05775507008894003,0.6306853594285456,0.458257569495584,0.458257569495584,0.0,0.458257569495584,0.0,32.075292672086405,14.430869689661812,hard,0.11463524503903413,0.10059663548458839,0.08143265058358781,0.0
0.0,0.0,20.111676698205923,0.05798165700332797,0.6515096802591975,0.458257569495584,0.458257569495584,0.0,0.458257569495584,0.0,19.089263998384013,14.430869689661812,hard,0.11481313303809407,0.10089112131357401,0.08191185506970594,0.0
0.0,0.0,8.515775974654314,0.05790428261576851,0.6704188705947728,0.458257569495584,0.458257569495584,0.0,0.458257569495584,0.0,8.461229225118533,14.430869689661812,hard,0.1148156251217649,0.10074496806561105,0.08200637506202597,0.0
0.0,0.0,9.278513449981673,0.05782914699495144,0.6888773644462373,0.458257569495584,0.458257569495584,0.0,0.458257569495584,0.0,8.953747818651136,14.430869689661812,hard,0.11480470399569827,0.10061614136015509,0.08207199481984745,0.0
0.0,0.0,17.447114198347045,0.05805082764575161,0.7001298328898611,0.458257569495584,0.458257569495584,0.0,0.458257569495584,0.0,16.982343772283023,14.430869689661812,hard,0.11471521316989494,0.10056631990726968,0.08313879050742914,0.0
0.0,0.0,1.1561007117967845,0.0580603545528186,0.7079189101397323,0.458257569495584,0.458257569495584,0.0,0.458257569495584,0.0,0.6740919818541087,14.430869689661812,hard,0.1147177166319913,0.10057874995382042,0.0831553063710458,0.0
0.0,0.0,12.14328235011,0.05816904892728556,0.7087582542454747,0.458257569495584,0.458257569495584,0.0,0.458257569495584,0.0,12.08014900570353,14.430869689661812,hard,0.11474660264343259,0.10081352368439457,0.08337286493963639,0.0
0.0,0.0,24.586341247459515,0.05842261930421697,0.7089136638877588,0.458257569495584,0.458257569495584,0.0,0.458257569495584,0.0,24.481838166281552,14.430869689661812,hard,0.11448637645579635,0.1014804306906628,0.08403899660394609,0.0
0.0,0.0,40.97806805376361,0.05861238536256368,0.7133263358720077,0.458257569495584,0.458257569495584,0.0,0.458257569495584,0.0,41.04972594305595,14.430869689661812,hard,0.11415057980318541,0.10187944593744591,0.08480842993062433,0.0
0.0,0.0,2.0429653694498557,0.05866214125595999,0.7170592588531349,0.458257569495584,0.458257569495584,0.0,0.458257569495584,0.0,2.1,14.430869689661812,hard,0.11418199029607703,0.10200022384554926,0.08482754227899332,0.0
0.0,0.0,10.15698637635704,0.05897434646931093,0.7244920011405873,0.458257569495584,0.458257569495584,0.0,0.458257569495584,0.0,10.083828637972783,14.430869689661812,hard,0.11440716859711447,0.10240895122467297,0.08513077866102578,0.0
0.0,0.0,118.93234551734874,0.056593167678596755,0.7022884139643213,0.8646386528486915,0.8646386528486916,0.0,0.8646386528486916,0.0,108.25292790497632,14.430869689661812,hard,0.11462454114556454,0.10292638676456974,0.09236751410037523,0.03148913900633097
0.0,0.0,68.89929102462105,0.059199108759530376,0.720946641461029,0.87840765023991,0.87840765023991,0.0,0.87840765023991,0.0,67.40536773877879,14.430869689661812,hard,0.11466891784505809,0.10572246623491142,0.09886369047731175,0.03739610520214775
0.0,0.0,63.731518552154384,0.060503790295532926,0.7351557521264306,0.8901685233707155,0.8901685233707155,0.0,0.8901685233707155,0.0,61.61427107415943,14.430869689661812,hard,0.11467125280371174,0.10555180155513616,0.10346885416650593,0.04222422349878009
0.0,0.0,54.58413259482988,0.06343812323352886,0.752832664474515,0.8953211714239756,0.8953211714239756,0.0,0.8953211714239756,0.0,53.65513582127997,14.430869689661812,hard,0.11467125280371174,0.10651164743543143,0.10864834424010868,0.04770965373635107
0.0,0.0,79.54913220220841,0.06595405920634327,0.7753950349033147,0.6390618123468182,0.6390618123468182,0.0,0.6390618123468182,0.0,71.04111767138802,14.430869689661812,hard,0.11467363733252196,0.10933853833891681,0.10166571489017481,0.052485406037789374
0.0,0.0,45.43814389498719,0.06937385690653958,0.7951820291769535,0.6390618123468182,0.6390618123468182,0.0,0.6390618123468182,0.0,45.028879621860455,14.430869689661812,hard,0.11468982522530984,0.11168912122049972,0.10484502750050406,0.059253740169858335
0.0,0.0,56.77644727195507,0.07323430432708639,0.8250183378306422,0.6352952069707437,0.6352952069707437,0.0,0.6352952069707437,0.0,51.79280258877675,14.430869689661812,hard,0.11473579659580316,0.11425982497563471,0.11007274128691619,0.0630802344106706
0.0,0.0,48.95187972072464,0.07642070347057324,0.8532869223216564,0.6352952069707437,0.6352952069707437,0.0,0.6352952069707437,0.0,43.946167068357624,14.430869689661812,hard,0.11480508647590383,0.11705586524834732,0.11401336194820907,0.06737672602427183
0.0,0.0,49.91685442291078,0.07906127355562394,0.8806154481403913,0.6352952069707437,0.6352952069707437,0.0,0.6352952069707437,0.0,40.707738821997964,14.430869689661812,hard,0.11567400148881761,0.11880588634182812,0.11692454283854987,0.07171016542046849
0.0,0.0,43.86110652175062,0.08103639420162008,0.909229477975346,0.6352952069707437,0.6352952069707437,0.0,0.6352952069707437,0.0,35.636638449775255,14.430869689661812,hard,0.11600542173227545,0.12030437958656394,0.11879483681958726,0.07516012244315803
0.0,0.0,41.775348146996144,0.08245389130018785,0.9367988891437045,0.6352952069707437,0.6352952069707437,0.0,0.6352952069707437,0.0,36.49232796081938,14.430869689661812,hard,0.11801773941418574,0.12179463568470561,0.12035340029730497,0.07731688115935711
0.0,0.0,33.557302880669845,0.08385102329621522,0.963465495325358,0.6352952069707437,0.6352952069707437,0.0,0.6352952069707437,0.0,33.8338351358518,14.430869689661812,hard,0.11977856775278495,0.12341020234301495,0.12204900232185423,0.07912372107533239
0.0,0.0,24.505533512218143,0.08465011459381389,0.9848244721924418,0.6352952069707437,0.6352952069707437,0.0,0.6352952069707437,0.0,23.6722706980129,14.430869689661812,hard,0.12050565270229259,0.12400958156319936,0.1225556111229438,0.08093756312193108
0.0,0.0,25.42805338215851,0.08531100678240179,1.0109102624717707,0.6352952069707437,0.6352952069707437,0.0,0.6352952069707437,0.0,25.861508076676426,14.430869689661812,hard,0.12053326535346424,0.12445242738474639,0.12379789903658248,0.08225265020269694
0.0,0.0,19.66047823074365,0.08576678797664361,1.0295629348919084,0.6352952069707437,0.6352952069707437,0.0,0.6352952069707437,0.0,19.173356513662387,14.430869689661812,hard,0.12056091832063538,0.12471035245838036,0.12460246840125179,0.08384872233966238
0.0,0.0,26.273689120004192,0.08590638296695757,1.0468725978043383,0.6352952069707437,0.6352952069707437,0.0,0.6352952069707437,0.0,26.152820115620415,14.430869689661812,hard,0.12056091832063538,0.12477285810296877,0.1253287922411586,0.08438798903331786
0.0,0.0,12.478353269770093,0.08600757021608636,1.0634432518894628,0.6352952069707437,0.6352952069707437,0.0,0.6352952069707437,0.0,12.041328830324332,14.430869689661812,hard,0.12056091832063538,0.12484829179822554,0.1256538267790374,0.08467578948678649
0.0,0.0,10.43470791185745,0.08605736974626708,1.0678948276444042,0.6352952069707437,0.6352952069707437,0.0,0.6352952069707437,0.0,9.808486121721335,14.430869689661812,hard,0.12056091832063538,0.12488471879084147,0.12583203583976524,0.08491725598280285
0.0,0.0,11.708564433709022,0.08633104080642347,1.0675322026875091,0.6352952069707437,0.6352952069707437,0.0,0.6352952069707437,0.0,11.613853796221134,14.430869689661812,hard,0.12056091832063538,0.12522680205911124,0.12629194577424405,0.08528834167607591
0.0,0.0,25.390973459056212,0.08699895970565147,1.0742247260613478,0.6352952069707437,0.6352952069707437,0.0,0.6352952069707437,0.0,25.355267697265592,14.430869689661812,hard,0.12056091832063538,0.12586673991843572,0.12770538290243041,0.08618137125914288
0.0,0.0,12.842011858395226,0.08736085859821628,1.0777583410751863,0.6352952069707437,0.6352952069707437,0.0,0.6352952069707437,0.0,12.0879444075492,14.430869689661812,hard,0.12056091832063538,0.12615042219401268,0.1284310236292647,0.08676618445791556
0.0,0.0,63.347462061666555,0.08533828036067002,1.0615593998189277,0.9789790600416334,0.9789790600416334,0.0,0.9789790600416334,0.0,54.19501453085883,14.430869689661812,hard,0.12056091832063538,0.12615042219401268,0.12861166798584334,0.09187468841612431
0.0,0.0,57.64638797527721,0.08380861924856282,1.0615526197199066,1.0,1.0,0.0,1.0,0.0,53.62241695410605,14.430869689661812,hard,0.12104309903604231,0.1267699666894196,0.12683794139880866,0.09875718160218896
0.0,0.0,48.499682565217086,0.08292996229898501,1.0642499919689787,1.0361467077590896,1.0361467077590896,0.0,1.0361467077590896,0.0,46.92547282660026,14.430869689661812,hard,0.12132346855454171,0.12709569421901679,0.1239132442213101,0.10605928197606003
0.0,0.0,48.80608177514184,0.08181300180516245,1.0700373862865402,1.0361467077590896,1.0361467077590896,0.0,1.0361467077590896,0.0,49.141168077285265,14.430869689661812,hard,0.12147316696401411,0.12755051751346902,0.12260926805531709,0.11379252492876137
0.0,0.0,76.79003585246132,0.08023994764001859,1.0771970300848333,0.9260669522232181,0.9260669522232181,0.0,0.9260669522232181,0.0,69.18104075539772,14.430869689661812,hard,0.12163626043975355,0.12795879745654948,0.11814881368945851,0.11062398439637007
0.0,0.0,40.544968465764306,0.07974956822911689,1.082816992097494,0.9260669522232181,0.9260669522232181,0.0,0.9260669522232181,0.0,40.728000196425064,14.430869689661812,hard,0.12163626043975355,0.1281927415460446,0.11650478720012078,0.11485657595035918
0.0,0.0,46.302733834701684,0.07977619580348254,1.0910560741046975,0.9112628599915613,0.9112628599915613,0.0,0.9112628599915613,0.0,41.46778990976008,14.430869689661812,hard,0.12163626043975355,0.1281927415460446,0.11520115686783274,0.11760451280846035
0.0,0.0,50.77435891207562,0.08080068668914746,1.1056209279733422,0.8944271909999159,0.8944271909999159,0.0,0.8944271909999159,0.0,44.94068980333969,14.430869689661812,hard,0.12163626043975355,0.12820446106041397,0.11458294381640838,0.11992297419084619
0.0,0.0,49.04316505709934,0.08220298214215677,1.1231987139142803,0.876584280032445,0.876584280032445,0.0,0.876584280032445,0.0,46.53831109956613,14.430869689661812,hard,0.12163626043975355,0.12820619373201395,0.11428426086550585,0.12253491105150174
0.0,0.0,38.60620362710807,0.08335192388544446,1.1366090621809035,0.876584280032445,0.876584280032445,0.0,0.876584280032445,0.0,39.447808557637266,14.430869689661812,hard,0.12163626043975355,0.12824982668072152,0.11454293200840195,0.12686763492169312
0.0,0.0,38.415097187514405,0.08422336732844361,1.147914787512226,0.876584280032445,0.876584280032445,0.0,0.876584280032445,0.0,36.842850052622154,14.430869689661812,hard,0.12163626043975355,0.12836167085630043,0.11486510229556648,0.12993891820041736
0.0,0.0,35.889505591172515,0.08508338318157939,1.1612424503897862,0.876584280032445,0.876584280032445,0.0,0.876584280032445,0.0,36.18402409904128,14.430869689661812,hard,0.12163626043975355,0.12850528855442236,0.11565011311271334,0.13243438016043269
0.0,0.0,32.59722802661327,0.08619622363446448,1.174816082118778,0.876584280032445,0.876584280032445,0.0,0.876584280032445,0.0,31.724621353138318,14.430869689661812,hard,0.12163626043975355,0.12870757420280954,0.11690796378560163,0.13370802319821867
0.0,0.0,23.26995091435534,0.08691404426660702,1.1828829115900479,0.876584280032445,0.876584280032445,0.0,0.876584280032445,0.0,18.823347205000495,14.430869689661812,hard,0.12163626043975355,0.128891762474773,0.11752856441468966,0.13412290354788953
0.0,0.0,33.006627233958525,0.08683690537781309,1.1824763934721083,0.876584280032445,0.876584280032445,0.0,0.876584280032445,0.0,32.52014760114105,14.430869689661812,hard,0.12163626043975355,0.1290656472856948,0.11688994303969584,0.13407433466252544
0.0,0.0,32.96946284096733,0.08718863585423509,1.1831744336499896,0.876584280032445,0.876584280032445,0.0,0.876584280032445,0.0,28.30520093551713,14.430869689661812,hard,0.12163626043975355,0.1292220687632403,0.11741213248155978,0.13482086504467836
0.0,0.0,22.924455686727285,0.08715656114889318,1.1813359988646286,0.876584280032445,0.876584280032445,0.0,0.876584280032445,0.0,23.4475499786225,14.430869689661812,hard,0.12163626043975355,0.1292220687632403,0.11771112465563535,0.1359667208949859
0.0,0.0,16.773290419274748,0.08716527960444623,1.179579400058631,0.876584280032445,0.876584280032445,0.0,0.876584280032445,0.0,17.49052314826518,14.430869689661812,hard,0.12163626043975355,0.12923113066100014,0.1180430081121381,0.13712696726375692
0.0,0.0,22.834510636243376,0.08719550990412861,1.1791769313874034,0.876584280032445,0.876584280032445,0.0,0.876584280032445,0.0,22.581487993487052,14.430869689661812,hard,0.12163626043975355,0.12923113066100014,0.11844712640459626,0.13817850379656174
0.0,0.0,22.831731632054783,0.08722929110003652,1.1774904817739318,0.876584280032445,0.876584280032445,0.0,0.876584280032445,0.0,22.642756015997698,14.430869689661812,hard,0.12163626043975355,0.12923113066100014,0.11864952172285215,0.13895445364522221
0.0,0.0,20.267041667632174,0.08731064728751353,1.176308528715126,0.876584280032445,0.876584280032445,0.0,0.876584280032445,0.0,20.255656000238552,14.430869689661812,hard,0.12163626043975355,0.12923113066100014,0.11887932015128734,0.14010051332291554
0.0,0.0,17.572170843261322,0.08743467925160592,1.1733926156648655,0.876584280032445,0.876584280032445,0.0,0.876584280032445,0.0,17.811243639903417,14.430869689661812,hard,0.12163626043975355,0.12923113066100014,0.11906955312744662,0.14135065529378918
0.0,0.0,27.09963525613458,0.08758923752622465,1.1751157354345354,0.876584280032445,0.876584280032445,0.0,0.876584280032445,0.0,18.79349887594112,14.430869689661812,hard,0.12163626043975355,0.12923113066100014,0.11936904908646681,0.14219762269065783
0.0,0.0,16.603450362703416,0.08773000270911015,1.1794860021826523,0.876584280032445,0.876584280032445,0.0,0.876584280032445,0.0,16.11041898896487,14.430869689661812,hard,0.12163626043975355,0.12923113066100014,0.11986673979571874,0.14292670511490937
0.0,0.0,15.775700181210116,0.08777154029085901,1.1839666337811967,0.876584280032445,0.876584280032445,0.0,0.876584280032445,0.0,9.13868699540585,14.430869689661812,hard,0.12163626043975355,0.12923113066100014,0.12008429063154592,0.14352854833927822
0.0,0.0,36.89025487924115,0.08717431054951444,1.181193984555377,0.8717797887081347,0.8717797887081347,0.0,0.8717797887081347,0.0,28.72907934480324,14.430869689661812,hard,0.12163626043975355,0.12923113066100014,0.12041958564772812,0.1406391094846024
0.0,0.0,37.03461109538612,0.08661249616616908,1.184677776530422,0.8717797887081347,0.8717797887081347,0.0,0.8717797887081347,0.0,33.03044050569111,14.430869689661812,hard,0.12163626043975355,0.12923113066100014,0.12015894442012479,0.1399476840825584
0.0,0.0,30.883083264993708,0.08625528996107132,1.1906491660979985,0.8662563131083085,0.8662563131083085,0.0,0.8662563131083085,0.0,30.662393905238385,14.430869689661812,hard,0.12163626043975355,0.12923113066100014,0.11888160629583694,0.13971519696546092
0.0,0.0,24.3702614273601,0.0862143628185635,1.1928037753593288,0.8662563131083085,0.8662563131083085,0.0,0.8662563131083085,0.0,23.402871618671075,14.430869689661812,hard,0.12163626043975355,0.12923113066100014,0.11801101650217867,0.14081163458923787
0.0,0.0,20.664654731766955,0.08617950561490388,1.1940526155217805,0.8662563131083085,0.8662563131083085,0.0,0.8662563131083085,0.0,20.840115162829598,14.430869689661812,hard,0.12163626043975355,0.12923113066100014,0.1174535409635231,0.14179997569951885
0.0,0.0,32.2614593518573,0.08598729817385088,1.1939886985665724,0.8627861844049196,0.8627861844049196,0.0,0.8627861844049196,0.0,31.22278655085097,14.430869689661812,hard,0.12163626043975355,0.12923113066100014,0.11787319525896509,0.14257151671262822
0.0,0.0,22.1109768218976,0.08592706201520528,1.1948928879906708,0.8588364221433556,0.8588364221433556,0.0,0.8588364221433556,0.0,22.694748291179614,14.430869689661812,hard,0.12163626043975355,0.12923113066100014,0.11777698823643602,0.14329314051114778
0.0,0.0,16.744637737316594,0.0859145236948273,1.192495289207011,0.8588364221433556,0.8588364221433556,0.0,0.8588364221433556,0.0,16.619939831419366,14.430869689661812,hard,0.12163626043975355,0.12923113066100014,0.11773676371225694,0.14356678571450285
0.0,0.0,24.436565930939146,0.08586324591623386,1.1909038816515096,0.8588364221433556,0.8588364221433556,0.0,0.8588364221433556,0.0,19.72856811834047,14.430869689661812,hard,0.12163626043975355,0.12923113066100014,0.11755651494999553,0.1440528021791807
0.0,0.0,9.599475996107016,0.08586426383436134,1.1893902537051648,0.8588364221433556,0.8588364221433556,0.0,0.8588364221433556,0.0,9.02239436070049,14.430869689661812,hard,0.12163626043975355,0.12923113066100014,0.1174633760620539,0.1441503026281067
0.0,0.0,9.273587500637765,0.085867007708188,1.1885981890244623,0.8588364221433556,0.8588364221433556,0.0,0.8588364221433556,0.0,8.978218086012392,14.430869689661812,hard,0.12163626043975355,0.12923113066100014,0.11741352829662449,0.1442821437139916
0.0,0.0,11.059996017158491,0.08586446244447511,1.1858509412019285,0.8588364221433556,0.8588364221433556,0.0,0.8588364221433556,0.0,10.447985451750974,14.430869689661812,hard,0.12163626043975355,0.12923113066100014,0.11740749606710492,0.1444963778339633
0.0,0.0,18.282080388948227,0.08586304786272504,1.182962659552701,0.8588364221433556,0.8588364221433556,0.0,0.8588364221433556,0.0,8.934629259236221,14.430869689661812,hard,0.12163626043975355,0.12923113066100014,0.11742183981551832,0.14484754261360003
0.0,0.0,4.235968386789661,0.08580733567154945,1.1798911188201688,0.8588364221433556,0.8588364221433556,0.0,0.8588364221433556,0.0,4.0027990206854,14.430869689661812,hard,0.12163626043975355,0.12923113066100014,0.1174549688100874,0.14491257777459024
0.0,0.0,13.134230411099688,0.0858544949942245,1.1779214959040765,0.8588364221433556,0.8588364221433556,0.0,0.8588364221433556,0.0,12.890244373168416,14.430869689661812,hard,0.12163626043975355,0.12923113066100014,0.11744329670008846,0.14507640658669124
0.0,0.0,9.805251038138898,0.08591749345415246,1.176987752209373,0.8588364221433556,0.8588364221433556,0.0,0.8588364221433556,0.0,9.518739412338169,14.430869689661812,hard,0.12163626043975355,0.12923113066100014,0.11744857288220453,0.14535052310225122
0.0,0.0,11.160949367416963,0.08603522677374946,1.1763177153204163,0.8588364221433556,0.8588364221433556,0.0,0.8588364221433556,0.0,10.911718471441606,14.430869689661812,hard,0.12163626043975355,0.12923113066100014,0.11746237124478512,0.14595875179427045
0.0,0.0,8.034997887146853,0.08610866271576412,1.1756197378692452,0.8588364221433556,0.8588364221433556,0.0,0.8588364221433556,0.0,8.000099999375008,14.430869689661812,hard,0.12163626043975355,0.12923113066100014,0.11751661734976987,0.14642108954769015
0.0,0.0,25.572944195042993,0.0863218830760984,1.1763931515065198,0.8588364221433556,0.8588364221433556,0.0,0.8588364221433556,0.0,17.490122926955088,14.430869689661812,hard,0.12163626043975355,0.12923113066100014,0.11780949752090647,0.14688169073166316
0.0,0.0,4.991612276180382,0.08639647664975657,1.1760381134624274,0.8588364221433556,0.8588364221433556,0.0,0.8588364221433556,0.0,5.097018736477237,14.430869689661812,hard,0.12163626043975355,0.12923113066100014,0.11791709494683118,0.1470896239774813
0.0,0.0,5.649036443791092,0.0864771671795938,1.1751272290236603,0.8588364221433556,0.8588364221433556,0.0,0.8588364221433556,0.0,4.922154000028849,14.430869689661812,hard,0.12163626043975355,0.12923113066100014,0.11808549365355803,0.14729743733351233
0.0,0.0,7.808846140633313,0.08656227665684155,1.1751616929296567,0.8588364221433556,0.8588364221433556,0.0,0.8588364221433556,0.0,6.7023577940900765,14.430869689661812,hard,0.12163626043975355,0.12923113066100014,0.11838768833288824,0.1474964987721184
0.0,0.0,8.72948392821759,0.08664608138941259,1.1760215830666985,0.8588364221433556,0.8588364221433556,0.0,0.8588364221433556,0.0,7.397296803562772,14.430869689661812,hard,0.12163626043975355,0.12923113066100014,0.1187960023387577,0.14766532783971767
0.0,0.0,6.796787008601576,0.08668008369085207,1.1773872951623714,0.8588364221433556,0.8588364221433556,0.0,0.8588364221433556,0.0,5.894438056337516,14.430869689661812,hard,0.12163626043975355,0.12923113066100014,0.11914562953531482,0.14783974447705123
0.0,0.0,14.984083133710987,0.0867183099390027,1.1784325354963492,0.8588364221433556,0.8588364221433556,0.0,0.8588364221433556,0.0,8.083959425924897,14.430869689661812,hard,0.12163626043975355,0.12923113066100014,0.11963731101010161,0.14796613697589941
0.0,0.0,18.770544414616698,0.08682208702917804,1.1800554053915626,0.8544003745317532,0.8544003745317532,0.0,0.8544003745317532,0.0,14.341882721595518,14.430869689661812,hard,0.12163626043975355,0.12923113066100014,0.11989381713841762,0.14840406004795906
0.0,0.0,8.605062386740974,0.0868562004972806,1.1823667964914994,0.8544003745317532,0.8544003745317532,0.0,0.8544003745317532,0.0,7.108895835500756,14.430869689661812,hard,0.12163626043975355,0.12923113066100014,0.12011379600023808,0.14851448372643417
0.0,0.0,6.345043005802945,0.08686599382226533,1.1848596354298906,0.8544003745317532,0.8544003745317532,0.0,0.8544003745317532,0.0,3.7523859076592854,14.430869689661812,hard,0.12163626043975355,0.12923113066100014,0.12023075284773965,0.14860364224854322
0.0,0.0,7.20481113280254,0.08690657309081597,1.1874095478719264,0.8544003745317532,0.8544003745317532,0.0,0.8544003745317532,0.0,6.360377347296306,14.430869689661812,hard,0.12163626043975355,0.12923113066100014,0.12067716539016449,0.14889447301212133
0.0,0.0,9.430215808309699,0.08701863622759846,1.190773274754019,0.8544003745317532,0.8544003745317532,0.0,0.8544003745317532,0.0,7.7530897066911315,14.430869689661812,hard,0.12163626043975355,0.12923113066100014,0.12118295659135471,0.14955617980568006
0.0,0.0,11.38134040341245,0.08722939804937233,1.1941181784494692,0.8544003745317532,0.8544003745317532,0.0,0.8544003745317532,0.0,7.467369014586061,14.430869689661812,hard,0.12163626043975355,0.12923113066100014,0.12179759546496885,0.14986595690060706
0.0,0.0,8.604981129839805,0.08746349043216134,1.1971616338541966,0.8544003745317532,0.8544003745317532,0.0,0.8544003745317532,0.0,7.792534889238547,14.430869689661812,hard,0.12163626043975355,0.12923113066100014,0.1224685725275508,0.15014830548006888
0.0,0.0,11.119841658492389,0.08753940611483002,1.158625081503463,0.8544003745317532,0.8544003745317532,0.4142463035441596,0.8544003745317532,0.0,3.581284685695903,14.430869689661812,hard,0.12163626043975355,0.12923113066100014,0.12271874260445119,0.15028834020966358
0.0,0.0,8.735500195686724,0.0875845188330544,1.1016855689325498,0.8544003745317532,0.8544003745317532,0.48,0.8544003745317532,0.0,2.6018454988719055,14.430869689661812,hard,0.12163626043975355,0.12923113066100014,0.12297905393404993,0.1503280707734178
0.0,0.0,4.7137236604492525,0.08761877869202644,1.0995146765209487,0.8544003745317532,0.8544003745317532,0.4853864439804639,0.8544003745317532,0.0,1.6800000000000002,14.430869689661812,hard,0.12163626043975355,0.12923113066100014,0.12311412396307513,0.15041471762293035
0.0,0.0,4.671046673896881,0.08764958187084787,1.091695610991575,0.8544003745317532,0.8544003745317532,0.4898979485566356,0.8544003745317532,0.0,1.2851459061133876,14.430869689661812,hard,0.12163626043975355,0.12923113066100014,0.12313676654541239,0.15045360086118859
0.0,0.0,5.318781466637685,0.08769276223275801,1.084055707627108,0.8544003745317532,0.8544003745317532,0.4935585071701226,0.8544003745317532,0.0,2.6695317941541736,14.430869689661812,hard,0.12163626043975355,0.12923113066100014,0.12315944647594668,0.15065105475138457
0.0,0.0,7.138593432794189,0.08770992007630175,1.0669996370817907,0.8544003745317532,0.8544003745317532,0.49839743177508455,0.8544003745317532,0.0,0.887468309293352,14.430869689661812,hard,0.12163626043975355,0.12923113066100014,0.12318216373404857,0.15073218837683242
0.0,0.0,1.9379330690711096,0.08770992007630175,1.07065159705196,0.8544003745317532,0.8544003745317532,0.49839743177508455,0.8544003745317532,0.0,0.0,14.430869689661812,hard,0.12163626043975355,0.12923113066100014,0.12318216373404857,0.15073218837683242
0.0,0.0,2.388986089268158,0.08770992007630175,1.072729887150701,0.8544003745317532,0.8544003745317532,0.49839743177508455,0.8544003745317532,0.0,0.0,14.430869689661812,hard,0.12163626043975355,0.12923113066100014,0.12318216373404857,0.15073218837683242
0.0,0.0,2.041734964792683,0.08770992007630175,1.074740851890304,0.8544003745317532,0.8544003745317532,0.49839743177508455,0.8544003745317532,0.0,0.0,14.430869689661812,hard,0.12163626043975355,0.12923113066100014,0.12318216373404857,0.15073218837683242
0.0,0.0,3.3797052386378943,0.08769946613890706,1.07746728697236,0.8544003745317532,0.8544003745317532,0.49839743177508455,0.8544003745317532,0.0,2.467063031217484,14.430869689661812,hard,0.12163626043975355,0.12923113066100014,0.12319422957542565,0.15082084885760133
0.0,0.0,2.8385660434016784,0.0877046870940241,1.0830917310445833,0.8544003745317532,0.8544003745317532,0.49839743177508455,0.8544003745317532,0.0,1.7749366185867035,14.430869689661812,hard,0.12163626043975355,0.12923113066100014,0.1231837674006574,0.15093211341667434
0.0,0.0,4.734981270314643,0.08770221225008734,1.0873924563705448,0.8544003745317532,0.8544003745317532,0.49839743177508455,0.8544003745317532,0.0,3.840260407836948,14.430869689661812,hard,0.12163626043975355,0.12923113066100014,0.1232041446562279,0.15109565204644096
0.0,0.0,9.286023049583854,0.08770911217909338,1.0930287694030376,0.8544003745317532,0.8544003745317532,0.49839743177508455,0.8544003745317532,0.0,1.768162888424028,14.430869689661812,hard,0.12163626043975355,0.12923113066100014,0.12319930004778007,0.15122401704876554
0.0,0.0,5.827010966901832,0.08771887489718312,1.083042385053856,0.8544003745317532,0.8544003745317532,0.5,0.8544003745317532,0.0,0.5744562646538028,14.430869689661812,hard,0.12163626043975355,0.12923113066100014,0.12319930004778007,0.15128274701534852
0.0,0.0,3.110626127166567,0.08771003723579593,1.090553509600511,0.8544003745317532,0.8544003745317532,0.5,0.8544003745317532,0.0,1.543502510525979,14.430869689661812,hard,0.12163626043975355,0.12923113066100014,0.12319930004778007,0.1513982930341968
0.0,0.0,3.1440797085051257,0.08770876427109205,1.0997219998356638,0.8544003745317532,0.8544003745317532,0.5,0.8544003745317532,0.0,0.9314504817756016,14.430869689661812,hard,0.12163626043975355,0.12923113066100014,0.12321589398596439,0.15145266201382804
0.0,0.0,4.057735897234597,0.08770443798687395,1.1032049166866476,0.8544003745317532,0.8544003745317532,0.49959983987187184,0.8544003745317532,0.0,0.49999999999999994,14.430869689661812,hard,0.12163626043975355,0.12923113066100014,0.1232060558628931,0.151474625243984
0.0,0.0,2.4149379296073215,0.0876870510352502,1.1146871705268022,0.8544003745317532,0.8544003745317532,0.49959983987187184,0.8544003745317532,0.0,1.3683566786477859,14.430869689661812,hard,0.12163626043975355,0.12923113066100014,0.12320119862516658,0.1515138882561564
0.0,0.0,7.73449950380055,0.08767986453006371,1.122466528768761,0.8544003745317532,0.8544003745317532,0.49839743177508455,0.8544003745317532,0.0,0.42000000000000004,14.430869689661812,hard,0.12163626043975355,0.12923113066100014,0.12319638260982661,0.1515181652405066
0.0,0.0,2.9247023144015305,0.08767986453006371,1.1304419787819944,0.8544003745317532,0.8544003745317532,0.49839743177508455,0.8544003745317532,0.0,0.0,14.430869689661812,hard,0.12163626043975355,0.12923113066100014,0.12319638260982661,0.1515181652405066
0.0,0.0,11.349175275917096,0.08767986453006371,1.0395731038952085,0.8544003745317532,0.8544003745317532,0.7810249675906655,0.8544003745317532,0.0,0.0,14.430869689661812,hard,0.12163626043975355,0.12923113066100014,0.12319638260982661,0.1515181652405066
0.0,0.0,10.66479453901541,0.08767878116797068,0.8745009507599045,0.8544003745317532,0.8544003745317532,0.8248636250920514,0.8544003745317532,0.0,0.13999999999999999,14.430869689661812,hard,0.12163626043975355,0.12923113066100014,0.12319995976990654,0.1515181652405066
0.0,0.0,4.0717375991969025,0.08767878116797068,0.8886123668558756,0.8544003745317532,0.8544003745317532,0.8248636250920514,0.8544003745317532,0.0,0.0,14.430869689661812,hard,0.12163626043975355,0.12923113066100014,0.12319995976990654,0.1515181652405066
0.0,0.0,3.284402258870589,0.08767878116797068,0.900368423435325,0.8544003745317532,0.8544003745317532,0.8248636250920514,0.8544003745317532,0.0,0.0,14.430869689661812,hard,0.12163626043975355,0.12923113066100014,0.12319995976990654,0.1515181652405066
0.0,0.0,3.945534411375999,0.08767574635396946,0.9132777277495556,0.8544003745317532,0.8544003745317532,0.8248636250920514,0.8544003745317532,0.0,1.26,14.430869689661812,hard,0.12163626043975355,0.12923113066100014,0.12319995976990654,0.15157509625036605
0.0,0.0,5.210595531404076,0.08767574635396946,0.9194701507502195,0.8544003745317532,0.8544003745317532,0.8333066662399864,0.8544003745317532,0.0,0.0,14.430869689661812,hard,0.12163626043975355,0.12923113066100014,0.12319995976990654,0.15157509625036605
0.0,0.0,4.893373446453841,0.08767574635396946,0.9115984785020866,0.8544003745317532,0.8544003745317532,0.8411896337925238,0.8544003745317532,0.0,0.0,14.430869689661812,hard,0.12163626043975355,0.12923113066100014,0.12319995976990654,0.15157509625036605
0.0,0.0,9.657806645384767,0.08777335669922406,0.9210086919666187,0.8544003745317532,0.8544003745317532,0.8411896337925238,0.8544003745317532,0.0,9.8,14.430869689661812,hard,0.12163626043975355,0.12923113066100014,0.12318796729420953,0.15160892627094405
0.0,0.0,12.70140471049437,0.08788560754831118,0.9245500077404251,0.8544003745317532,0.8544003745317532,0.848528137423857,0.8544003745317532,0.0,10.935154319898736,14.430869689661812,hard,0.12163626043975355,0.12923113066100014,0.12316856920720666,0.15178013623714562
0.0,0.0,14.387807426897414,0.08805869472408416,0.9346754850470718,0.8544003745317532,0.8544003745317532,0.848528137423857,0.8544003745317532,0.0,14.252634844126193,14.430869689661812,hard,0.12163626043975355,0.12923113066100014,0.12312995041375531,0.1522393916179055
0.0,0.0,21.58136736726583,0.08816523725780677,0.9442714332193347,0.8544003745317532,0.8544003745317532,0.848528137423857,0.8544003745317532,0.0,12.86870622867738,14.430869689661812,hard,0.12163626043975355,0.12923113066100014,0.12307463333709456,0.15284158649214766
0.0,0.0,22.856332132685164,0.08833236497774055,0.9555526235898771,0.8544003745317532,0.8544003745317532,0.848528137423857,0.8544003745317532,0.0,22.121482771279144,14.430869689661812,hard,0.12163626043975355,0.12923113066100014,0.12295529108340388,0.1535589728095757
0.0,0.0,13.509134424009128,0.08832472537508809,0.9663984483878348,0.8544003745317532,0.8544003745317532,0.848528137423857,0.8544003745317532,0.0,13.414753072643567,14.430869689661812,hard,0.12163626043975355,0.12923113066100014,0.12289660471857591,0.15409938671889964
0.0,0.0,8.246545886936678,0.08828984952351393,0.9789823213027246,0.8544003745317532,0.8544003745317532,0.848528137423857,0.8544003745317532,0.0,7.0992957397195395,14.430869689661812,hard,0.12163626043975355,0.12923113066100014,0.12285294662341063,0.15433997184309178
0.0,0.0,8.27578861111323,0.08823001640062735,0.9946277835444488,0.8544003745317532,0.8544003745317532,0.848528137423857,0.8544003745317532,0.0,7.338010629591645,14.430869689661812,hard,0.12163626043975355,0.12923113066100014,0.12284532175565371,0.15463444878255234
0.0,0.0,4.363022539883548,0.08825295312785392,0.9991640614982511,0.8544003745317532,0.8544003745317532,0.8316249154516717,0.8544003745317532,0.0,1.3717142559585798,14.430869689661812,hard,0.12163626043975355,0.12923113066100014,0.12284532175565371,0.1547634409186119
0.0,0.0,2.6565508820988604,0.0882534416579122,1.0156335872548756,0.8544003745317532,0.8544003745317532,0.8316249154516717,0.8544003745317532,0.0,0.7000000000000001,14.430869689661812,hard,0.12163626043975355,0.12923113066100014,0.12284532175565371,0.1547847461052124
0.0,0.0,14.66291182469545,0.08821449551833392,1.036151264816782,0.8544003745317532,0.8544003745317532,0.8316249154516717,0.8544003745317532,0.0,6.354242677140997,14.430869689661812,hard,0.12163626043975355,0.12923113066100014,0.12284532175565371,0.155192641915812
0.0,0.0,6.537303720025369,0.08817123607930143,1.0485479177349917,0.8544003745317532,0.8544003745317532,0.8380930735902785,0.8544003745317532,0.0,5.600035714171832,14.430869689661812,hard,0.12163626043975355,0.12923113066100014,0.12284397381828123,0.15546950708693635
0.0,0.0,10.937002283522341,0.08810828302383222,1.0704457147732582,0.8544003745317532,0.8544003745317532,0.8380930735902785,0.8544003745317532,0.0,11.138060872521754,14.430869689661812,hard,0.12163626043975355,0.12923113066100014,0.12298656910590204,0.15562998840942577
0.0,0.0,11.998995532733911,0.08811553335314432,1.0150769547726355,0.8544003745317532,0.8544003745317532,1.116422858956229,0.8544003745317532,0.0,0.8874683092933516,14.430869689661812,hard,0.12163626043975355,0.12923113066100014,0.12300678530452439,0.1556517408893479
0.0,0.0,11.70687085120159,0.08814702331080758,0.8880450005073927,0.8544003745317532,0.8544003745317532,1.1832159566199232,0.8544003745317532,0.0,2.7071017712675665,14.430869689661812,hard,0.12163626043975355,0.12923113066100014,0.12308661679845097,0.15568484880007516
0.0,0.0,5.8260086521057675,0.08821664264613718,0.9008474374180432,0.8544003745317532,0.8544003745317532,1.1832159566199232,0.8544003745317532,0.0,5.320000000000001,14.430869689661812,hard,0.12163626043975355,0.12923113066100014,0.12325247219524317,0.15573009250255115
0.0,0.0,10.409800829299147,0.08829937168654536,0.8958123358312335,0.8544003745317532,0.8544003745317532,1.1948221624995077,0.8544003745317532,0.0,5.600000000000001,14.430869689661812,hard,0.12163626043975355,0.12923113066100014,0.12349492632286586,0.15575289520165894
0.0,0.0,4.93498457645793,0.08834913950537458,0.9049161898771483,0.8544003745317532,0.8544003745317532,1.1948221624995077,0.8544003745317532,0.0,3.8099343826370555,14.430869689661812,hard,0.12163626043975355,0.12923113066100014,0.12362414505529681,0.15583724812332855
0.0,0.0,7.224227958828231,0.08841535700440684,0.9080673986693844,0.8544003745317532,0.8544003745317532,1.1892854997854805,0.8544003745317532,0.0,4.759999999999999,14.430869689661812,hard,0.12163626043975355,0.12923113066100014,0.12374848599221304,0.1559787283324516
0.0,0.0,2.620815257905402,0.088436214537434,0.916930831592735,0.8544003745317532,0.8544003745317532,1.1892854997854805,0.8544003745317532,0.0,1.2599999999999998,14.430869689661812,hard,0.12163626043975355,0.12923113066100014,0.1237761431727321,0.15603895406697083
0.0,0.0,6.577038838676045,0.0884400221965996,0.9071368528126355,0.8544003745317532,0.8544003745317532,1.2001666550941998,0.8544003745317532,0.0,0.5878775382679627,14.430869689661812,hard,0.12163626043975355,0.12923113066100014,0.12378779673953337,0.15606639133795128
0.0,0.0,3.6236431786293406,0.08844160016744225,0.9172058383311499,0.8544003745317532,0.8544003745317532,1.2001666550941998,0.8544003745317532,0.0,1.5596153371905521,14.430869689661812,hard,0.12163626043975355,0.12923113066100014,0.12380444054338584,0.1561173448616651
0.0,0.0,6.059731701687902,0.08844098928986666,0.9115407015619501,0.8544003745317532,0.8544003745317532,1.2106196760337247,0.8544003745317532,0.0,2.546291420870753,14.430869689661812,hard,0.12163626043975355,0.12923113066100014,0.12380444054338584,0.15625443863333957
0.0,0.0,3.794896691801986,0.08844095704244354,0.9200452270364265,0.8544003745317532,0.8544003745317532,1.2106196760337247,0.8544003745317532,0.0,1.9640773915505467,14.430869689661812,hard,0.12163626043975355,0.12923113066100014,0.12381211363674187,0.15629997095515147
0.0,0.0,4.621739341744064,0.08844404841786595,0.9112677677933674,0.8544003745317532,0.8544003745317532,1.2041594578792294,0.8544003745317532,0.0,0.13999999999999999,14.430869689661812,hard,0.12163626043975355,0.12923113066100014,0.12381211363674187,0.15631076641305058
0.0,0.0,1.7830891345912994,0.08844714332480107,0.9177910480215932,0.8544003745317532,0.8544003745317532,1.2041594578792294,0.8544003745317532,0.0,0.42000000000000004,14.430869689661812,hard,0.12163626043975355,0.12923113066100014,0.12381333053358899,0.15631076641305058
0.0,0.0,2.522767159765178,0.08845360919934618,0.9283163604407391,0.8544003745317532,0.8544003745317532,1.2041594578792294,0.8544003745317532,0.0,1.42884568795934,14.430869689661812,hard,0.12163626043975355,0.12923113066100014,0.12381986352457648,0.15637022670992767
0.0,0.0,4.700320493662876,0.08849927177111229,0.9406489184486838,0.8544003745317532,0.8544003745317532,1.2041594578792294,0.8544003745317532,0.0,2.906819567843866,14.430869689661812,hard,0.12163626043975355,0.12923113066100014,0.12384101538475402,0.15642653446867838
0.0,0.0,7.351578489420103,0.08858260711733879,0.9544188386372843,0.8544003745317532,0.8544003745317532,1.2041594578792294,0.8544003745317532,0.0,4.759999999999999,14.430869689661812,hard,0.12163626043975355,0.12923113066100014,0.12389544409600443,0.15645923504909115
0.0,0.0,4.686680106614806,0.08865165124358067,0.9699031152131075,0.8544003745317532,0.8544003745317532,1.2041594578792294,0.8544003745317532,0.0,3.220186330012597,14.430869689661812,hard,0.12163626043975355,0.12923113066100014,0.12396409643006814,0.15645923504909115
0.0,0.0,3.811741588090405,0.08868843458502125,0.9871886582480724,0.8544003745317532,0.8544003745317532,1.2041594578792294,0.8544003745317532,0.0,2.8000000000000007,14.430869689661812,hard,0.12163626043975355,0.12923113066100014,0.12400313921583689,0.15647019427924552
0.0,0.0,8.940591351817272,0.08874611488082436,1.006795503227578,0.8544003745317532,0.8544003745317532,1.2041594578792294,0.8544003745317532,0.0,3.64,14.430869689661812,hard,0.12163626043975355,0.12923113066100014,0.12406467342569547,0.15650324899294332
0.0,0.0,2.8004286952667043,0.08879784819359944,1.0277155130574478,0.8544003745317532,0.8544003745317532,1.2041594578792294,0.8544003745317532,0.0,2.2399999999999998,14.430869689661812,hard,0.12163626043975355,0.12923113066100014,0.12407890176812422,0.15663812018572823
0.0,0.0,12.876466286189057,0.0888048053149679,0.9598253811613544,0.8544003745317532,0.8544003745317532,1.4422205101855958,0.8544003745317532,0.0,0.42000000000000004,14.430869689661812,hard,0.12163626043975355,0.12923113066100014,0.12408372625428318,0.15664955078992426
0.0,0.0,11.439317253787141,0.08881526715877835,0.8246641982975439,0.8544003745317532,0.8544003745317532,1.5647363995254921,0.8544003745317532,0.0,0.42000000000000004,14.430869689661812,hard,0.12163626043975355,0.12923113066100014,0.12408859158520882,0.15667250021220053
0.0,0.0,4.774268756814456,0.08881876141487417,0.8362315881484012,0.8544003745317532,0.8544003745317532,1.5651198037211083,0.8544003745317532,0.0,0.27999999999999997,14.430869689661812,hard,0.12163626043975355,0.12923113066100014,0.12408859158520882,0.1566840190173601
0.0,0.0,2.3374751492050962,0.0888319232022132,0.8472511657020846,0.8544003745317532,0.8544003745317532,1.5651198037211083,0.8544003745317532,0.0,0.7000000000000002,14.430869689661812,hard,0.12163626043975355,0.12923113066100014,0.12408859158520882,0.15674531738310005
0.0,0.0,2.617099038233716,0.0888319232022132,0.8578644454260733,0.8544003745317532,0.8544003745317532,1.5651198037211083,0.8544003745317532,0.0,0.0,14.430869689661812,hard,0.12163626043975355,0.12923113066100014,0.12408859158520882,0.15674531738310005
0.0,0.0,4.870424985693832,0.0888319232022132,0.8558060583643659,0.8544003745317532,0.8544003745317532,1.57797338380595,0.8544003745317532,0.0,0.0,14.430869689661812,hard,0.12163626043975355,0.12923113066100014,0.12408859158520882,0.15674531738310005
0.0,0.0,4.794749830778395,0.0888319232022132,0.8629289981894739,0.8544003745317532,0.8544003745317532,1.5778466338652815,0.8544003745317532,0.0,0.0,14.430869689661812,hard,0.12163626043975355,0.12923113066100014,0.12408859158520882,0.15674531738310005
0.0,0.0,2.0792150143591215,0.0888319232022132,0.8734495347841811,0.8544003745317532,0.8544003745317532,1.5778466338652815,0.8544003745317532,0.0,0.0,14.430869689661812,hard,0.12163626043975355,0.12923113066100014,0.12408859158520882,0.15674531738310005
0.0,0.0,8.261183543671343,0.0888319232022132,0.8875390235872148,0.8544003745317532,0.8544003745317532,1.5778466338652815,0.8544003745317532,0.0,0.0,14.430869689661812,hard,0.12163626043975355,0.12923113066100014,0.12408859158520882,0.15674531738310005
0.0,0.0,3.446055691953765,0.0888319232022132,0.8955273173547907,0.8544003745317532,0.8544003745317532,1.5778466338652815,0.8544003745317532,0.0,0.0,14.430869689661812,hard,0.12163626043975355,0.12923113066100014,0.12408859158520882,0.15674531738310005
0.0,0.0,5.352882751080245,0.0888319232022132,0.9010734414160854,0.8544003745317532,0.8544003745317532,1.5778466338652815,0.8544003745317532,0.0,0.0,14.430869689661812,hard,0.12163626043975355,0.12923113066100014,0.12408859158520882,0.15674531738310005
0.0,0.0,1.9061170583123095,0.0888319232022132,0.9086950541758955,0.8544003745317532,0.8544003745317532,1.5778466338652815,0.8544003745317532,0.0,0.0,14.430869689661812,hard,0.12163626043975355,0.12923113066100014,0.12408859158520882,0.15674531738310005
0.0,0.0,4.460955256420343,0.0888319232022132,0.9176112620924262,0.8544003745317532,0.8544003745317532,1.5778466338652815,0.8544003745317532,0.0,0.0,14.430869689661812,hard,0.12163626043975355,0.12923113066100014,0.12408859158520882,0.15674531738310005
0.0,0.0,4.086190958314487,0.0888319232022132,0.9091554446671333,0.8544003745317532,0.8544003745317532,1.564736399525492,0.8544003745317532,0.0,0.0,14.430869689661812,hard,0.12163626043975355,0.12923113066100014,0.12408859158520882,0.15674531738310005
0.0,0.0,3.5807396035278103,0.0888319232022132,0.9212163059989227,0.8544003745317532,0.8544003745317532,1.564736399525492,0.8544003745317532,0.0,0.0,14.430869689661812,hard,0.12163626043975355,0.12923113066100014,0.12408859158520882,0.15674531738310005
0.0,0.0,2.9869104076457864,0.0888319232022132,0.9360522088655453,0.8544003745317532,0.8544003745317532,1.564736399525492,0.8544003745317532,0.0,0.0,14.430869689661812,hard,0.12163626043975355,0.12923113066100014,0.12408859158520882,0.15674531738310005
0.0,0.0,3.8487706912732915,0.0888319232022132,0.9558887781039977,0.8544003745317532,0.8544003745317532,1.564736399525492,0.8544003745317532,0.0,0.0,14.430869689661812,hard,0.12163626043975355,0.12923113066100014,0.12408859158520882,0.15674531738310005
0.0,0.0,5.311176477759914,0.0888424242263374,0.9546931994932344,0.8544003745317532,0.8544003745317532,1.5885842753848474,0.8544003745317532,0.0,0.42000000000000004,14.430869689661812,hard,0.12163626043975355,0.12923113066100014,0.12408859158520882,0.15678002718397321
0.0,0.0,4.90962700692101,0.08886704857322353,0.9624585734700732,0.8544003745317532,0.8544003745317532,1.5874507866387544,0.8544003745317532,0.0,0.9799999999999998,14.430869689661812,hard,0.12163626043975355,0.12923113066100014,0.12408859158520882,0.1568620439257742
0.0,0.0,3.7001938756183947,0.08887058026897153,0.9866536650373249,0.8544003745317532,0.8544003745317532,1.5874507866387544,0.8544003745317532,0.0,0.13999999999999999,14.430869689661812,hard,0.12163626043975355,0.12923113066100014,0.12408859158520882,0.1568738779018671
0.0,0.0,13.254309332838117,0.08887058026897153,0.9251596176931424,0.8544003745317532,0.8544003745317532,1.7551068343551055,0.8544003745317532,0.0,0.0,14.430869689661812,hard,0.12163626043975355,0.12923113066100014,0.12408859158520882,0.1568738779018671
0.0,0.0,11.151080677177854,0.08887322125532574,0.7808554450667173,0.8544003745317532,0.8544003745317532,1.8974720024284941,0.8544003745317532,0.0,0.13999999999999999,14.430869689661812,hard,0.12163626043975355,0.12923113066100014,0.12408859158520882,0.15688621003235959
0.0,0.0,2.687439704625134,0.08887851381110715,0.800140686581231,0.8544003745317532,0.8544003745317532,1.8974720024284941,0.8544003745317532,0.0,0.27999999999999997,14.430869689661812,hard,0.12163626043975355,0.12923113066100014,0.12408859158520882,0.15691096358826645
0.0,0.0,3.737303020827885,0.08888647909773258,0.8097380775555406,0.8544003745317532,0.8544003745317532,1.9116485032557635,0.8544003745317532,0.0,0.5599999999999999,14.430869689661812,hard,0.12163626043975355,0.12923113066100014,0.12408859158520882,0.15694831705367923
0.0,0.0,7.481145749873982,0.08888647909773258,0.8141791888371047,0.8544003745317532,0.8544003745317532,1.9420607611503817,0.8544003745317532,0.0,0.0,14.430869689661812,hard,0.12163626043975355,0.12923113066100014,0.12408859158520882,0.15694831705367923
0.0,0.0,2.7259187040607595,0.08888647909773258,0.8336179487011828,0.8544003745317532,0.8544003745317532,1.9420607611503817,0.8544003745317532,0.0,0.0,14.430869689661812,hard,0.12163626043975355,0.12923113066100014,0.12408859158520882,0.15694831705367923
0.0,0.0,3.9524384786525593,0.08888647909773258,0.8289881392244363,0.8544003745317532,0.8544003745317532,1.9345283662949997,0.8544003745317532,0.0,0.0,14.430869689661812,hard,0.12163626043975355,0.12923113066100014,0.12408859158520882,0.15694831705367923
0.0,0.0,4.760903998933707,0.08888647909773258,0.8189475553910276,0.8544003745317532,0.8544003745317532,1.9474085344374972,0.8544003745317532,0.0,0.0,14.430869689661812,hard,0.12163626043975355,0.12923113066100014,0.12408859158520882,0.15694831705367923
0.0,0.0,1.7191197431442813,0.08888647909773258,0.831855389726787,0.8544003745317532,0.8544003745317532,1.9474085344374972,0.8544003745317532,0.0,0.0,14.430869689661812,hard,0.12163626043975355,0.12923113066100014,0.12408859158520882,0.15694831705367923
0.0,0.0,1.7360658847489632,0.08888647909773258,0.8445725483945768,0.8544003745317532,0.8544003745317532,1.9474085344374972,0.8544003745317532,0.0,0.0,14.430869689661812,hard,0.12163626043975355,0.12923113066100014,0.12408859158520882,0.15694831705367923
0.0,0.0,5.09579151268517,0.08888647909773258,0.8511769511035491,0.8544003745317532,0.8544003745317532,1.9621416870348585,0.8544003745317532,0.0,0.0,14.430869689661812,hard,0.12163626043975355,0.12923113066100014,0.12408859158520882,0.15694831705367923
0.0,0.0,2.0006199832548854,0.08888647909773258,0.8588402084177741,0.8544003745317532,0.8544003745317532,1.9621416870348585,0.8544003745317532,0.0,0.0,14.430869689661812,hard,0.12163626043975355,0.12923113066100014,0.12408859158520882,0.15694831705367923
0.0,0.0,1.811124758574581,0.08888647909773258,0.867632624696644,0.8544003745317532,0.8544003745317532,1.9621416870348585,0.8544003745317532,0.0,0.0,14.430869689661812,hard,0.12163626043975355,0.12923113066100014,0.12408859158520882,0.15694831705367923
0.0,0.0,7.8831698075697565,0.08889001320043706,0.876625898100315,0.8544003745317532,0.8544003745317532,1.9621416870348585,0.8544003745317532,0.0,0.13999999999999999,14.430869689661812,hard,0.12163626043975355,0.12923113066100014,0.12408859158520882,0.15696017097949477
0.0,0.0,3.887951006650849,0.08889355078392198,0.8871947018786344,0.8544003745317532,0.8544003745317532,1.9621416870348585,0.8544003745317532,0.0,0.13999999999999999,14.430869689661812,hard,0.12163626043975355,0.12923113066100014,0.12408859158520882,0.15697205419102558
0.0,0.0,5.713009491240856,0.08890063639157053,0.8998366877388054,0.8544003745317532,0.8544003745317532,1.9621416870348585,0.8544003745317532,0.0,0.42000000000000004,14.430869689661812,hard,0.12163626043975355,0.12923113066100014,0.12408859158520882,0.15699590844461653
0.0,0.0,2.919904046360298,0.08892554560172704,0.9123974561634883,0.8544003745317532,0.8544003745317532,1.9621416870348585,0.8544003745317532,0.0,1.6800000000000002,14.430869689661812,hard,0.12163626043975355,0.12923113066100014,0.12411353074180605,0.15701987976107562
0.0,0.0,5.330571312170287,0.08892554560172704,0.9293333294361883,0.8544003745317532,0.8544003745317532,1.9621416870348585,0.8544003745317532,0.0,0.0,14.430869689661812,hard,0.12163626043975355,0.12923113066100014,0.12411353074180605,0.15701987976107562
0.0,0.0,3.145151618248546,0.08892554560172704,0.9522566936535798,0.8544003745317532,0.8544003745317532,1.9621416870348585,0.8544003745317532,0.0,0.0,14.430869689661812,hard,0.12163626043975355,0.12923113066100014,0.12411353074180605,0.15701987976107562
0.0,0.0,3.614222352501838,0.08892554560172704,0.9791204618168785,0.8544003745317532,0.8544003745317532,1.9621416870348585,0.8544003745317532,0.0,0.0,14.430869689661812,hard,0.12163626043975355,0.12923113066100014,0.12411353074180605,0.15701987976107562
0.0,0.0,8.27887055610161,0.08892554560172704,1.0115815301664928,0.8544003745317532,0.8544003745317532,2.03066491573573,0.8544003745317532,0.0,0.0,14.430869689661812,hard,0.12163626043975355,0.12923113066100014,0.12411353074180605,0.15701987976107562
0.0,0.0,13.050102817121061,0.08892554560172704,0.7675670659352137,0.8544003745317532,0.8544003745317532,2.3345235059857505,0.8544003745317532,0.0,0.0,14.430869689661812,hard,0.12163626043975355,0.12923113066100014,0.12411353074180605,0.15701987976107562
0.0,0.0,3.2553927178671724,0.08892554560172704,0.7823831956314536,0.8544003745317532,0.8544003745317532,2.3345235059857505,0.8544003745317532,0.0,0.0,14.430869689661812,hard,0.12163626043975355,0.12923113066100014,0.12411353074180605,0.15701987976107562
0.0,0.0,2.6973329138781588,0.08892554560172704,0.7951691854996338,0.8544003745317532,0.8544003745317532,2.3345235059857505,0.8544003745317532,0.0,0.0,14.430869689661812,hard,0.12163626043975355,0.12923113066100014,0.12411353074180605,0.15701987976107562
0.0,0.0,3.1796850495302262,0.08892554560172704,0.8094739134871619,0.8544003745317532,0.8544003745317532,2.3345235059857505,0.8544003745317532,0.0,0.0,14.430869689661812,hard,0.12163626043975355,0.12923113066100014,0.12411353074180605,0.15701987976107562
0.0,0.0,6.228219842013228,0.08892554560172704,0.8071787814902531,0.8544003745317532,0.8544003745317532,2.3481056194302674,0.8544003745317532,0.0,0.0,14.430869689661812,hard,0.12163626043975355,0.12923113066100014,0.12411353074180605,0.15701987976107562
0.0,0.0,2.789943009051083,0.08892554560172704,0.8231075468135113,0.8544003745317532,0.8544003745317532,2.3481056194302674,0.8544003745317532,0.0,0.0,14.430869689661812,hard,0.12163626043975355,0.12923113066100014,0.12411353074180605,0.15701987976107562
0.0,0.0,3.87290891747953,0.08892554560172704,0.8473613837521642,0.8544003745317532,0.8544003745317532,2.3529555881911586,0.8544003745317532,0.0,0.0,14.430869689661812,hard,0.12163626043975355,0.12923113066100014,0.12411353074180605,0.15701987976107562
0.0,0.0,2.517634820784055,0.08892554560172704,0.862081186895666,0.8544003745317532,0.8544003745317532,2.3529555881911586,0.8544003745317532,0.0,0.0,14.430869689661812,hard,0.12163626043975355,0.12923113066100014,0.12411353074180605,0.15701987976107562
0.0,0.0,1.7725120964117362,0.08892554560172704,0.8750807793502892,0.8544003745317532,0.8544003745317532,2.3529555881911586,0.8544003745317532,0.0,0.0,14.430869689661812,hard,0.12163626043975355,0.12923113066100014,0.12411353074180605,0.15701987976107562
0.0,0.0,1.8620426599551827,0.08892554560172704,0.8890025631970042,0.8544003745317532,0.8544003745317532,2.3529555881911586,0.8544003745317532,0.0,0.0,14.430869689661812,hard,0.12163626043975355,0.12923113066100014,0.12411353074180605,0.15701987976107562
0.0,0.0,1.7802134983642983,0.08892554560172704,0.8999919053723927,0.8544003745317532,0.8544003745317532,2.3529555881911586,0.8544003745317532,0.0,0.0,14.430869689661812,hard,0.12163626043975355,0.12923113066100014,0.12411353074180605,0.15701987976107562
0.0,0.0,6.237272341592733,0.08892554560172704,0.8877895341876545,0.8544003745317532,0.8544003745317532,2.3789913829183997,0.8544003745317532,0.0,0.0,14.430869689661812,hard,0.12163626043975355,0.12923113066100014,0.12411353074180605,0.15701987976107562
0.0,0.0,2.176791498798032,0.08892554560172704,0.8899461357156392,0.8544003745317532,0.8544003745317532,2.3789913829183997,0.8544003745317532,0.0,0.0,14.430869689661812,hard,0.12163626043975355,0.12923113066100014,0.12411353074180605,0.15701987976107562
0.0,0.0,2.003286443756068,0.08892554560172704,0.8939346027914029,0.8544003745317532,0.8544003745317532,2.3789913829183997,0.8544003745317532,0.0,0.0,14.430869689661812,hard,0.12163626043975355,0.12923113066100014,0.12411353074180605,0.15701987976107562
0.0,0.0,1.9200186499761853,0.08892554560172704,0.901338627408084,0.8544003745317532,0.8544003745317532,2.3789913829183997,0.8544003745317532,0.0,0.0,14.430869689661812,hard,0.12163626043975355,0.12923113066100014,0.12411353074180605,0.15701987976107562
0.0,0.0,4.447060117247519,0.08892554560172704,0.9174145545917443,0.8544003745317532,0.8544003745317532,2.3664319132398464,0.8544003745317532,0.0,0.0,14.430869689661812,hard,0.12163626043975355,0.12923113066100014,0.12411353074180605,0.15701987976107562
0.0,0.0,2.1122679768638912,0.08892554560172704,0.9303311940466958,0.8544003745317532,0.8544003745317532,2.3664319132398464,0.8544003745317532,0.0,0.0,14.430869689661812,hard,0.12163626043975355,0.12923113066100014,0.12411353074180605,0.15701987976107562
0.0,0.0,7.730781981750461,0.08892554560172704,0.9486383837297968,0.8544003745317532,0.8544003745317532,2.3664319132398464,0.8544003745317532,0.0,0.0,14.430869689661812,hard,0.12163626043975355,0.12923113066100014,0.12411353074180605,0.15701987976107562
0.0,0.0,3.77796400936097,0.08892554560172704,0.968500236624786,0.8544003745317532,0.8544003745317532,2.3664319132398464,0.8544003745317532,0.0,0.0,14.430869689661812,hard,0.12163626043975355,0.12923113066100014,0.12411353074180605,0.15701987976107562
0.0,0.0,11.061767524456727,0.08892554560172704,0.9773089652114629,0.8544003745317532,0.8544003745317532,2.5083062014036486,0.8544003745317532,0.0,0.0,14.430869689661812,hard,0.12163626043975355,0.12923113066100014,0.12411353074180605,0.15701987976107562
0.0,0.0,13.35062057557621,0.08892554560172704,0.701221210948499,0.8544003745317532,0.8544003745317532,2.7341543482400548,0.8544003745317532,0.0,0.0,14.430869689661812,hard,0.12163626043975355,0.12923113066100014,0.12411353074180605,0.15701987976107562
0.0,0.0,5.010996619479704,0.08892554560172704,0.7218427855544388,0.8544003745317532,0.8544003745317532,2.7341543482400548,0.8544003745317532,0.0,0.0,14.430869689661812,hard,0.12163626043975355,0.12923113066100014,0.12411353074180605,0.15701987976107562
0.0,0.0,4.217697146941867,0.08892554560172704,0.7290989397919272,0.8544003745317532,0.8544003745317532,2.747799119295295,0.8544003745317532,0.0,0.0,14.430869689661812,hard,0.12163626043975355,0.12923113066100014,0.12411353074180605,0.15701987976107562
0.0,0.0,3.7755689192111603,0.08892554560172704,0.7434880445920556,0.8544003745317532,0.8544003745317532,2.747799119295295,0.8544003745317532,0.0,0.0,14.430869689661812,hard,0.12163626043975355,0.12923113066100014,0.12411353074180605,0.15701987976107562
0.0,0.0,3.0438102228968487,0.08892554560172704,0.756819030336374,0.8544003745317532,0.8544003745317532,2.747799119295295,0.8544003745317532,0.0,0.0,14.430869689661812,hard,0.12163626043975355,0.12923113066100014,0.12411353074180605,0.15701987976107562
0.0,0.0,3.6877098361793466,0.08892554560172704,0.7763331094120763,0.8544003745317532,0.8544003745317532,2.747799119295295,0.8544003745317532,0.0,0.0,14.430869689661812,hard,0.12163626043975355,0.12923113066100014,0.12411353074180605,0.15701987976107562
0.0,0.0,2.38641937231463,0.08892554560172704,0.7956102295855314,0.8544003745317532,0.8544003745317532,2.747799119295295,0.8544003745317532,0.0,0.0,14.430869689661812,hard,0.12163626043975355,0.12923113066100014,0.12411353074180605,0.15701987976107562
0.0,0.0,1.9034567923735968,0.08892554560172704,0.8129207089446229,0.8544003745317532,0.8544003745317532,2.747799119295295,0.8544003745317532,0.0,0.0,14.430869689661812,hard,0.12163626043975355,0.12923113066100014,0.12411353074180605,0.15701987976107562
0.0,0.0,2.9386852165046076,0.08892554560172704,0.8328613723681317,0.8544003745317532,0.8544003745317532,2.747799119295295,0.8544003745317532,0.0,0.0,14.430869689661812,hard,0.12163626043975355,0.12923113066100014,0.12411353074180605,0.15701987976107562
0.0,0.0,4.261629371598217,0.08892554560172704,0.8461730720818048,0.8544003745317532,0.8544003745317532,2.747799119295295,0.8544003745317532,0.0,0.0,14.430869689661812,hard,0.12163626043975355,0.12923113066100014,0.12411353074180605,0.15701987976107562
0.0,0.0,2.162480431761293,0.08892554560172704,0.8590958987493035,0.8544003745317532,0.8544003745317532,2.747799119295295,0.8544003745317532,0.0,0.0,14.430869689661812,hard,0.12163626043975355,0.12923113066100014,0.12411353074180605,0.15701987976107562
0.0,0.0,3.5028969685297344,0.08892554560172704,0.8745445782422391,0.8544003745317532,0.8544003745317532,2.7539789396435115,0.8544003745317532,0.0,0.0,14.430869689661812,hard,0.12163626043975355,0.12923113066100014,0.12411353074180605,0.15701987976107562
0.0,0.0,2.014812067202053,0.08892554560172704,0.8836846339324066,0.8544003745317532,0.8544003745317532,2.7539789396435115,0.8544003745317532,0.0,0.0,14.430869689661812,hard,0.12163626043975355,0.12923113066100014,0.12411353074180605,0.15701987976107562
0.0,0.0,2.045752081324202,0.08892554560172704,0.8938399575552844,0.8544003745317532,0.8544003745317532,2.7539789396435115,0.8544003745317532,0.0,0.0,14.430869689661812,hard,0.12163626043975355,0.12923113066100014,0.12411353074180605,0.15701987976107562
0.0,0.0,2.2681644450274043,0.08892554560172704,0.9057611187922245,0.8544003745317532,0.8544003745317532,2.7539789396435115,0.8544003745317532,0.0,0.0,14.430869689661812,hard,0.12163626043975355,0.12923113066100014,0.12411353074180605,0.15701987976107562
0.0,0.0,4.71103568733841,0.08892554560172704,0.907990580478277,0.8544003745317532,0.8544003745317532,2.752744085453641,0.8544003745317532,0.0,0.0,14.430869689661812,hard,0.12163626043975355,0.12923113066100014,0.12411353074180605,0.15701987976107562
0.0,0.0,6.602133697428188,0.08892554560172704,0.9103976076367044,0.8544003745317532,0.8544003745317532,2.778776709273345,0.8544003745317532,0.0,0.0,14.430869689661812,hard,0.12163626043975355,0.12923113066100014,0.12411353074180605,0.15701987976107562
0.0,0.0,2.203890136527685,0.08892554560172704,0.924869245720671,0.8544003745317532,0.8544003745317532,2.778776709273345,0.8544003745317532,0.0,0.0,14.430869689661812,hard,0.12163626043975355,0.12923113066100014,0.12411353074180605,0.15701987976107562
0.0,0.0,2.6288380286518125,0.08892554560172704,0.9451375730527736,0.8544003745317532,0.8544003745317532,2.778776709273345,0.8544003745317532,0.0,0.0,14.430869689661812,hard,0.12163626043975355,0.12923113066100014,0.12411353074180605,0.15701987976107562
0.0,0.0,9.14559050216564,0.08892554560172704,0.9602334658115984,0.8544003745317532,0.8544003745317532,2.8706096913373647,0.8544003745317532,0.0,0.0,14.430869689661812,hard,0.12163626043975355,0.12923113066100014,0.12411353074180605,0.15701987976107562
0.0,0.0,12.872205823449068,0.08892554560172704,0.6961604985839415,0.8544003745317532,0.8544003745317532,3.1396815125104647,0.8544003745317532,0.0,0.0,14.430869689661812,hard,0.12163626043975355,0.12923113066100014,0.12411353074180605,0.15701987976107562
0.0,0.0,5.095186833131919,0.08892554560172704,0.716977835007597,0.8544003745317532,0.8544003745317532,3.1534742745105753,0.8544003745317532,0.0,0.0,14.430869689661812,hard,0.12163626043975355,0.12923113066100014,0.12411353074180605,0.15701987976107562
0.0,0.0,7.447735036875277,0.08892554560172704,0.7417826782762668,0.8544003745317532,0.8544003745317532,3.1534742745105753,0.8544003745317532,0.0,0.0,14.430869689661812,hard,0.12163626043975355,0.12923113066100014,0.12411353074180605,0.15701987976107562
0.0,0.0,4.8758655278444465,0.08892554560172704,0.7580895703235419,0.8544003745317532,0.8544003745317532,3.15442546274278,0.8544003745317532,0.0,0.0,14.430869689661812,hard,0.12163626043975355,0.12923113066100014,0.12411353074180605,0.15701987976107562
0.0,0.0,5.985496927198033,0.08892554560172704,0.765709117192906,0.8544003745317532,0.8544003745317532,3.1679015136206488,0.8544003745317532,0.0,0.0,14.430869689661812,hard,0.12163626043975355,0.12923113066100014,0.12411353074180605,0.15701987976107562
0.0,0.0,1.9884227893211692,0.08892554560172704,0.7824551880279009,0.8544003745317532,0.8544003745317532,3.1679015136206488,0.8544003745317532,0.0,0.0,14.430869689661812,hard,0.12163626043975355,0.12923113066100014,0.12411353074180605,0.15701987976107562
0.0,0.0,4.443064919019146,0.08892554560172704,0.7988222604419329,0.8544003745317532,0.8544003745317532,3.1679015136206488,0.8544003745317532,0.0,0.0,14.430869689661812,hard,0.12163626043975355,0.12923113066100014,0.12411353074180605,0.15701987976107562
0.0,0.0,3.544202650939583,0.08892554560172704,0.8167520454143253,0.8544003745317532,0.8544003745317532,3.1679015136206488,0.8544003745317532,0.0,0.0,14.430869689661812,hard,0.12163626043975355,0.12923113066100014,0.12411353074180605,0.15701987976107562
0.0,0.0,3.483489143518439,0.08892554560172704,0.8341455175294149,0.8544003745317532,0.8544003745317532,3.1679015136206488,0.8544003745317532,0.0,0.0,14.430869689661812,hard,0.12163626043975355,0.12923113066100014,0.12411353074180605,0.15701987976107562
0.0,0.0,4.300027807967799,0.08892554560172704,0.8596033100925,0.8544003745317532,0.8544003745317532,3.1749015732775088,0.8544003745317532,0.0,0.0,14.430869689661812,hard,0.12163626043975355,0.12923113066100014,0.12411353074180605,0.15701987976107562
0.0,0.0,3.488664418318236,0.08892554560172704,0.8717189974789699,0.8544003745317532,0.8544003745317532,3.1749015732775088,0.8544003745317532,0.0,0.0,14.430869689661812,hard,0.12163626043975355,0.12923113066100014,0.12411353074180605,0.15701987976107562
0.0,0.0,1.59888669649814,0.08892554560172704,0.8853952556460961,0.8544003745317532,0.8544003745317532,3.1749015732775088,0.8544003745317532,0.0,0.0,14.430869689661812,hard,0.12163626043975355,0.12923113066100014,0.12411353074180605,0.15701987976107562
0.0,0.0,1.5193373258085179,0.08892554560172704,0.894587791416829,0.8544003745317532,0.8544003745317532,3.1749015732775088,0.8544003745317532,0.0,0.0,14.430869689661812,hard,0.12163626043975355,0.12923113066100014,0.12411353074180605,0.15701987976107562
0.0,0.0,2.645119210223199,0.08892554560172704,0.9042089832494347,0.8544003745317532,0.8544003745317532,3.1749015732775088,0.8544003745317532,0.0,0.0,14.430869689661812,hard,0.12163626043975355,0.12923113066100014,0.12411353074180605,0.15701987976107562
0.0,0.0,6.459576366956052,0.08892554560172704,0.9186191366459449,0.8544003745317532,0.8544003745317532,3.1759093186046736,0.8544003745317532,0.0,0.0,14.430869689661812,hard,0.12163626043975355,0.12923113066100014,0.12411353074180605,0.15701987976107562
0.0,0.0,4.731601282033813,0.08892554560172704,0.9115962803162702,0.8544003745317532,0.8544003745317532,3.188792875054759,0.8544003745317532,0.0,0.0,14.430869689661812,hard,0.12163626043975355,0.12923113066100014,0.12411353074180605,0.15701987976107562
0.0,0.0,1.8999609943144566,0.08892554560172704,0.9218892530938569,0.8544003745317532,0.8544003745317532,3.188792875054759,0.8544003745317532,0.0,0.0,14.430869689661812,hard,0.12163626043975355,0.12923113066100014,0.12411353074180605,0.15701987976107562
0.0,0.0,2.232457767113364,0.08892554560172704,0.9346673579799809,0.8544003745317532,0.8544003745317532,3.188792875054759,0.8544003745317532,0.0,0.0,14.430869689661812,hard,0.12163626043975355,0.12923113066100014,0.12411353074180605,0.15701987976107562
0.0,0.0,2.5577561722531934,0.08892554560172704,0.949055289363375,0.8544003745317532,0.8544003745317532,3.188792875054759,0.8544003745317532,0.0,0.0,14.430869689661812,hard,0.12163626043975355,0.12923113066100014,0.12411353074180605,0.15701987976107562
0.0,0.0,10.474154816597038,0.08892554560172704,0.9356832768687267,0.8544003745317532,0.8544003745317532,3.325296979218548,0.8544003745317532,0.0,0.0,14.430869689661812,hard,0.12163626043975355,0.12923113066100014,0.12411353074180605,0.15701987976107562
0.0,0.0,12.63640650793565,0.08892554560172704,0.6914845422231501,0.8544003745317532,0.8544003745317532,3.5463220383941447,0.8544003745317532,0.0,0.0,14.430869689661812,hard,0.12163626043975355,0.12923113066100014,0.12411353074180605,0.15701987976107562
0.0,0.0,4.390955922325749,0.08892554560172704,0.7071496368824157,0.8544003745317532,0.8544003745317532,3.5599999999999996,0.8544003745317532,0.0,0.0,14.430869689661812,hard,0.12163626043975355,0.12923113066100014,0.12411353074180605,0.15701987976107562
0.0,0.0,2.6977552685054187,0.08892554560172704,0.7310218874888432,0.8544003745317532,0.8544003745317532,3.5599999999999996,0.8544003745317532,0.0,0.0,14.430869689661812,hard,0.12163626043975355,0.12923113066100014,0.12411353074180605,0.15701987976107562
0.0,0.0,5.042093259913091,0.08892554560172704,0.7656511041095468,0.8544003745317532,0.8544003745317532,3.567912554982254,0.8544003745317532,0.0,0.0,14.430869689661812,hard,0.12163626043975355,0.12923113066100014,0.12411353074180605,0.15701987976107562
0.0,0.0,3.080796231727698,0.08892554560172704,0.7896393410136782,0.8544003745317532,0.8544003745317532,3.567912554982254,0.8544003745317532,0.0,0.0,14.430869689661812,hard,0.12163626043975355,0.12923113066100014,0.12411353074180605,0.15701987976107562
0.0,0.0,2.510740768268881,0.08892554560172704,0.8106828776610597,0.8544003745317532,0.8544003745317532,3.567912554982254,0.8544003745317532,0.0,0.0,14.430869689661812,hard,0.12163626043975355,0.12923113066100014,0.12411353074180605,0.15701987976107562
0.0,0.0,4.667681360455945,0.08892554560172704,0.8043834131080954,0.8544003745317532,0.8544003745317532,3.575695736496605,0.8544003745317532,0.0,0.0,14.430869689661812,hard,0.12163626043975355,0.12923113066100014,0.12411353074180605,0.15701987976107562
0.0,0.0,8.169279984735953,0.08892554560172704,0.8245238695091168,0.8544003745317532,0.8544003745317532,3.575695736496605,0.8544003745317532,0.0,0.0,14.430869689661812,hard,0.12163626043975355,0.12923113066100014,0.12411353074180605,0.15701987976107562
0.0,0.0,4.078215385586841,0.08892554560172704,0.8448419400348496,0.8544003745317532,0.8544003745317532,3.575695736496605,0.8544003745317532,0.0,0.0,14.430869689661812,hard,0.12163626043975355,0.12923113066100014,0.12411353074180605,0.15701987976107562
0.0,0.0,8.100730730798208,0.08892554560172704,0.8515068962240853,0.8544003745317532,0.8544003745317532,3.6019994447528725,0.8544003745317532,0.0,0.0,14.430869689661812,hard,0.12163626043975355,0.12923113066100014,0.12411353074180605,0.15701987976107562
0.0,0.0,2.1733694140655886,0.08892554560172704,0.870296186051461,0.8544003745317532,0.8544003745317532,3.6019994447528725,0.8544003745317532,0.0,0.0,14.430869689661812,hard,0.12163626043975355,0.12923113066100014,0.12411353074180605,0.15701987976107562
0.0,0.0,4.211157648454752,0.08892554560172704,0.8862466588731208,0.8544003745317532,0.8544003745317532,3.6019994447528725,0.8544003745317532,0.0,0.0,14.430869689661812,hard,0.12163626043975355,0.12923113066100014,0.12411353074180605,0.15701987976107562
0.0,0.0,2.500565588849698,0.08892554560172704,0.9000788163396121,0.8544003745317532,0.8544003745317532,3.6019994447528725,0.8544003745317532,0.0,0.0,14.430869689661812,hard,0.12163626043975355,0.12923113066100014,0.12411353074180605,0.15701987976107562
0.0,0.0,4.401206669078529,0.08892554560172704,0.8978079506934595,0.8544003745317532,0.8544003745317532,3.6149135535998647,0.8544003745317532,0.0,0.0,14.430869689661812,hard,0.12163626043975355,0.12923113066100014,0.12411353074180605,0.15701987976107562
0.0,0.0,2.9771881496716763,0.08892554560172704,0.9024856814147008,0.8544003745317532,0.8544003745317532,3.6149135535998647,0.8544003745317532,0.0,0.0,14.430869689661812,hard,0.12163626043975355,0.12923113066100014,0.12411353074180605,0.15701987976107562
0.0,0.0,3.617772813674667,0.08892554560172704,0.9072063087165521,0.8544003745317532,0.8544003745317532,3.6149135535998647,0.8544003745317532,0.0,0.0,14.430869689661812,hard,0.12163626043975355,0.12923113066100014,0.12411353074180605,0.15701987976107562
0.0,0.0,2.2030190791780884,0.08892554560172704,0.9170761167040029,0.8544003745317532,0.8544003745317532,3.6149135535998647,0.8544003745317532,0.0,0.0,14.430869689661812,hard,0.12163626043975355,0.12923113066100014,0.12411353074180605,0.15701987976107562
0.0,0.0,1.8994798413403076,0.08892554560172704,0.9290262778629366,0.8544003745317532,0.8544003745317532,3.6149135535998647,0.8544003745317532,0.0,0.0,14.430869689661812,hard,0.12163626043975355,0.12923113066100014,0.12411353074180605,0.15701987976107562
0.0,0.0,3.0148633285593,0.08892554560172704,0.9453711803883271,0.8544003745317532,0.8544003745317532,3.6149135535998647,0.8544003745317532,0.0,0.0,14.430869689661812,hard,0.12163626043975355,0.12923113066100014,0.12411353074180605,0.15701987976107562
0.0,0.0,12.1200270905435,0.08892554560172704,0.8958660984501965,0.8544003745317532,0.8544003745317532,3.7687663764154973,0.8544003745317532,0.0,0.0,14.430869689661812,hard,0.12163626043975355,0.12923113066100014,0.12411353074180605,0.15701987976107562
0.0,0.0,11.859053784165786,0.08892554560172704,0.7131357859489662,0.8544003745317532,0.8544003745317532,3.967669341061576,0.8544003745317532,0.0,0.0,14.430869689661812,hard,0.12163626043975355,0.12923113066100014,0.12411353074180605,0.15701987976107562
0.0,0.0,2.5437488732108333,0.08892554560172704,0.7275453484548936,0.8544003745317532,0.8544003745317532,3.967669341061576,0.8544003745317532,0.0,0.0,14.430869689661812,hard,0.12163626043975355,0.12923113066100014,0.12411353074180605,0.15701987976107562
0.0,0.0,2.680321948927452,0.08892554560172704,0.7491355691912884,0.8544003745317532,0.8544003745317532,3.967669341061576,0.8544003745317532,0.0,0.0,14.430869689661812,hard,0.12163626043975355,0.12923113066100014,0.12411353074180605,0.15701987976107562
0.0,0.0,2.431571679317692,0.08892554560172704,0.7704382196699097,0.8544003745317532,0.8544003745317532,3.967669341061576,0.8544003745317532,0.0,0.0,14.430869689661812,hard,0.12163626043975355,0.12923113066100014,0.12411353074180605,0.15701987976107562
0.0,0.0,4.867357102876122,0.08892554560172704,0.771587696858671,0.8544003745317532,0.8544003745317532,3.976380263505994,0.8544003745317532,0.0,0.0,14.430869689661812,hard,0.12163626043975355,0.12923113066100014,0.12411353074180605,0.15701987976107562
0.0,0.0,2.8483240872672506,0.08892554560172704,0.7926020418136002,0.8544003745317532,0.8544003745317532,3.976380263505994,0.8544003745317532,0.0,0.0,14.430869689661812,hard,0.12163626043975355,0.12923113066100014,0.12411353074180605,0.15701987976107562
0.0,0.0,2.3201831715113532,0.08892554560172704,0.8085757297660559,0.8544003745317532,0.8544003745317532,3.976380263505994,0.8544003745317532,0.0,0.0,14.430869689661812,hard,0.12163626043975355,0.12923113066100014,0.12411353074180605,0.15701987976107562
0.0,0.0,2.0990658061668217,0.08892554560172704,0.825269856938229,0.8544003745317532,0.8544003745317532,3.976380263505994,0.8544003745317532,0.0,0.0,14.430869689661812,hard,0.12163626043975355,0.12923113066100014,0.12411353074180605,0.15701987976107562
0.0,0.0,2.1346373935444616,0.08892554560172704,0.844482360994112,0.8544003745317532,0.8544003745317532,3.976380263505994,0.8544003745317532,0.0,0.0,14.430869689661812,hard,0.12163626043975355,0.12923113066100014,0.12411353074180605,0.15701987976107562
0.0,0.0,4.095945351503501,0.08892554560172704,0.8651083837544945,0.8544003745317532,0.8544003745317532,3.9899874686520005,0.8544003745317532,0.0,0.0,14.430869689661812,hard,0.12163626043975355,0.12923113066100014,0.12411353074180605,0.15701987976107562
0.0,0.0,2.1708964556060693,0.08892554560172704,0.881825988657783,0.8544003745317532,0.8544003745317532,3.9899874686520005,0.8544003745317532,0.0,0.0,14.430869689661812,hard,0.12163626043975355,0.12923113066100014,0.12411353074180605,0.15701987976107562
0.0,0.0,3.5820665944082317,0.08892554560172704,0.8940005169195463,0.8544003745317532,0.8544003745317532,4.003448513469356,0.8544003745317532,0.0,0.0,14.430869689661812,hard,0.12163626043975355,0.12923113066100014,0.12411353074180605,0.15701987976107562
0.0,0.0,8.002166456956209,0.08892554560172704,0.9069367025413532,0.8544003745317532,0.8544003745317532,4.003448513469356,0.8544003745317532,0.0,0.0,14.430869689661812,hard,0.12163626043975355,0.12923113066100014,0.12411353074180605,0.15701987976107562
0.0,0.0,5.67909485067109,0.08892554560172704,0.9199727437705646,0.8544003745317532,0.8544003745317532,4.006794229805169,0.8544003745317532,0.0,0.0,14.430869689661812,hard,0.12163626043975355,0.12923113066100014,0.12411353074180605,0.15701987976107562
0.0,0.0,5.635771795024966,0.08892554560172704,0.9299015962050652,0.8544003745317532,0.8544003745317532,4.006794229805169,0.8544003745317532,0.0,0.0,14.430869689661812,hard,0.12163626043975355,0.12923113066100014,0.12411353074180605,0.15701987976107562
0.0,0.0,4.802206502517616,0.08892554560172704,0.9266021178004946,0.8544003745317532,0.8544003745317532,4.02,0.8544003745317532,0.0,0.0,14.430869689661812,hard,0.12163626043975355,0.12923113066100014,0.12411353074180605,0.15701987976107562
0.0,0.0,6.526512434666201,0.08892554560172704,0.9268933297437973,0.8544003745317532,0.8544003745317532,4.045985664828782,0.8544003745317532,0.0,0.0,14.430869689661812,hard,0.12163626043975355,0.12923113066100014,0.12411353074180605,0.15701987976107562
0.0,0.0,3.462339911497166,0.08892554560172704,0.9339571063379563,0.8544003745317532,0.8544003745317532,4.045985664828782,0.8544003745317532,0.0,0.0,14.430869689661812,hard,0.12163626043975355,0.12923113066100014,0.12411353074180605,0.15701987976107562
0.0,0.0,3.7364196600446173,0.08892554560172704,0.9429490904623737,0.8544003745317532,0.8544003745317532,4.045985664828782,0.8544003745317532,0.0,0.0,14.430869689661812,hard,0.12163626043975355,0.12923113066100014,0.12411353074180605,0.15701987976107562
0.0,0.0,12.311102753720277,0.08892554560172704,0.813164412183005,0.8544003745317532,0.8544003745317532,4.29157313813944,0.8544003745317532,0.0,0.0,14.430869689661812,hard,0.12163626043975355,0.12923113066100014,0.12411353074180605,0.15701987976107562
0.0,0.0,9.98533044072687,0.08892554560172704,0.7022738483403574,0.8544003745317532,0.8544003745317532,4.378310176312318,0.8544003745317532,0.0,0.0,14.430869689661812,hard,0.12163626043975355,0.12923113066100014,0.12411353074180605,0.15701987976107562
0.0,0.0,2.472530801551475,0.08892554560172704,0.7193625225553959,0.8544003745317532,0.8544003745317532,4.378310176312318,0.8544003745317532,0.0,0.0,14.430869689661812,hard,0.12163626043975355,0.12923113066100014,0.12411353074180605,0.15701987976107562
0.0,0.0,5.191918800141837,0.08892554560172704,0.7131809306059377,0.8544003745317532,0.8544003745317532,4.391992714019458,0.8544003745317532,0.0,0.0,14.430869689661812,hard,0.12163626043975355,0.12923113066100014,0.12411353074180605,0.15701987976107562
0.0,0.0,3.4234079315249852,0.08892554560172704,0.7317978292843667,0.8544003745317532,0.8544003745317532,4.391992714019458,0.8544003745317532,0.0,0.0,14.430869689661812,hard,0.12163626043975355,0.12923113066100014,0.12411353074180605,0.15701987976107562
0.0,0.0,4.90141658011294,0.08892554560172704,0.7527133645494831,0.8544003745317532,0.8544003745317532,4.391992714019458,0.8544003745317532,0.0,0.0,14.430869689661812,hard,0.12163626043975355,0.12923113066100014,0.12411353074180605,0.15701987976107562
0.0,0.0,2.32651013481456,0.08892554560172704,0.7745503691573065,0.8544003745317532,0.8544003745317532,4.391992714019458,0.8544003745317532,0.0,0.0,14.430869689661812,hard,0.12163626043975355,0.12923113066100014,0.12411353074180605,0.15701987976107562
0.0,0.0,2.72535692361295,0.08892554560172704,0.8002314476797457,0.8544003745317532,0.8544003745317532,4.391992714019458,0.8544003745317532,0.0,0.0,14.430869689661812,hard,0.12163626043975355,0.12923113066100014,0.12411353074180605,0.15701987976107562
0.0,0.0,4.21751330697467,0.08892554560172704,0.8179385884917489,0.8544003745317532,0.8544003745317532,4.405496566790172,0.8544003745317532,0.0,0.0,14.430869689661812,hard,0.12163626043975355,0.12923113066100014,0.12411353074180605,0.15701987976107562
0.0,0.0,3.6368525154864138,0.08892554560172704,0.8437253977163568,0.8544003745317532,0.8544003745317532,4.4143402678089965,0.8544003745317532,0.0,0.0,14.430869689661812,hard,0.12163626043975355,0.12923113066100014,0.12411353074180605,0.15701987976107562
0.0,0.0,3.48200216437079,0.08892554560172704,0.8561724201398186,0.8544003745317532,0.8544003745317532,4.42759528412433,0.8544003745317532,0.0,0.0,14.430869689661812,hard,0.12163626043975355,0.12923113066100014,0.12411353074180605,0.15701987976107562
0.0,0.0,2.5151370457160653,0.08892554560172704,0.8752023312189515,0.8544003745317532,0.8544003745317532,4.42759528412433,0.8544003745317532,0.0,0.0,14.430869689661812,hard,0.12163626043975355,0.12923113066100014,0.12411353074180605,0.15701987976107562
0.0,0.0,1.9511566947454302,0.08892554560172704,0.8938899225868698,0.8544003745317532,0.8544003745317532,4.42759528412433,0.8544003745317532,0.0,0.0,14.430869689661812,hard,0.12163626043975355,0.12923113066100014,0.12411353074180605,0.15701987976107562
0.0,0.0,2.198553585201204,0.08892554560172704,0.9147064027759989,0.8544003745317532,0.8544003745317532,4.42759528412433,0.8544003745317532,0.0,0.0,14.430869689661812,hard,0.12163626043975355,0.12923113066100014,0.12411353074180605,0.15701987976107562
0.0,0.0,3.49964228125282,0.08892554560172704,0.9207205753810699,0.8544003745317532,0.8544003745317532,4.440720662234903,0.8544003745317532,0.0,0.0,14.430869689661812,hard,0.12163626043975355,0.12923113066100014,0.12411353074180605,0.15701987976107562
0.0,0.0,2.1391879851535456,0.08892554560172704,0.9301111092710885,0.8544003745317532,0.8544003745317532,4.440720662234903,0.8544003745317532,0.0,0.0,14.430869689661812,hard,0.12163626043975355,0.12923113066100014,0.12411353074180605,0.15701987976107562
0.0,0.0,1.8560305588535206,0.08892554560172704,0.9355075687744262,0.8544003745317532,0.8544003745317532,4.440720662234903,0.8544003745317532,0.0,0.0,14.430869689661812,hard,0.12163626043975355,0.12923113066100014,0.12411353074180605,0.15701987976107562
0.0,0.0,4.530837080291979,0.08892554560172704,0.9519522672290514,0.8544003745317532,0.8544003745317532,4.466587063967297,0.8544003745317532,0.0,0.0,14.430869689661812,hard,0.12163626043975355,0.12923113066100014,0.12411353074180605,0.15701987976107562
0.0,0.0,8.044931608837754,0.08892554560172704,0.9596035409147874,0.8544003745317532,0.8544003745317532,4.466587063967297,0.8544003745317532,0.0,0.0,14.430869689661812,hard,0.12163626043975355,0.12923113066100014,0.12411353074180605,0.15701987976107562
0.0,0.0,4.2520479959777155,0.08892554560172704,0.9690717580299216,0.8544003745317532,0.8544003745317532,4.466587063967297,0.8544003745317532,0.0,0.0,14.430869689661812,hard,0.12163626043975355,0.12923113066100014,0.12411353074180605,0.15701987976107562
0.0,0.0,12.919566227686133,0.08892554560172704,0.8811336623441014,0.8544003745317532,0.8544003745317532,4.662231225497079,0.8544003745317532,0.0,0.0,14.430869689661812,hard,0.12163626043975355,0.12923113066100014,0.12411353074180605,0.15701987976107562
0.0,0.0,11.566261042009739,0.08892554560172704,0.6610036610366654,0.8544003745317532,0.8544003745317532,4.848958651092005,0.8544003745317532,0.0,0.0,14.430869689661812,hard,0.12163626043975355,0.12923113066100014,0.12411353074180605,0.15701987976107562
0.0,0.0,4.881389248374923,0.08892554560172704,0.6729952553419724,0.8544003745317532,0.8544003745317532,4.848958651092005,0.8544003745317532,0.0,0.0,14.430869689661812,hard,0.12163626043975355,0.12923113066100014,0.12411353074180605,0.15701987976107562
0.0,0.0,3.649658604896297,0.08892554560172704,0.690454153539035,0.8544003745317532,0.8544003745317532,4.848958651092005,0.8544003745317532,0.0,0.0,14.430869689661812,hard,0.12163626043975355,0.12923113066100014,0.12411353074180605,0.15701987976107562
0.0,0.0,3.8933395672434816,0.08892554560172704,0.7115473249683784,0.8544003745317532,0.8544003745317532,4.848958651092005,0.8544003745317532,0.0,0.0,14.430869689661812,hard,0.12163626043975355,0.12923113066100014,0.12411353074180605,0.15701987976107562
0.0,0.0,3.3426599831642756,0.08892554560172704,0.7362927689313333,0.8544003745317532,0.8544003745317532,4.848958651092005,0.8544003745317532,0.0,0.0,14.430869689661812,hard,0.12163626043975355,0.12923113066100014,0.12411353074180605,0.15701987976107562
0.0,0.0,4.665689701883508,0.08892554560172704,0.7722683811814017,0.8544003745317532,0.8544003745317532,4.8581477951993195,0.8544003745317532,0.0,0.0,14.430869689661812,hard,0.12163626043975355,0.12923113066100014,0.12411353074180605,0.15701987976107562
0.0,0.0,2.6573190512552958,0.08892554560172704,0.7951468799068308,0.8544003745317532,0.8544003745317532,4.8581477951993195,0.8544003745317532,0.0,0.0,14.430869689661812,hard,0.12163626043975355,0.12923113066100014,0.12411353074180605,0.15701987976107562
0.0,0.0,6.415983886042947,0.08892554560172704,0.8160540106948251,0.8544003745317532,0.8544003745317532,4.884424224000204,0.8544003745317532,0.0,0.0,14.430869689661812,hard,0.12163626043975355,0.12923113066100014,0.12411353074180605,0.15701987976107562
0.0,0.0,3.2676136304035466,0.08892554560172704,0.8334973960640518,0.8544003745317532,0.8544003745317532,4.884424224000204,0.8544003745317532,0.0,0.0,14.430869689661812,hard,0.12163626043975355,0.12923113066100014,0.12411353074180605,0.15701987976107562
0.0,0.0,4.346089779754307,0.08892554560172704,0.8511308928957798,0.8544003745317532,0.8544003745317532,4.884424224000204,0.8544003745317532,0.0,0.0,14.430869689661812,hard,0.12163626043975355,0.12923113066100014,0.12411353074180605,0.15701987976107562
0.0,0.0,4.0160515597574955,0.08892554560172704,0.8692773376588047,0.8544003745317532,0.8544003745317532,4.889212615544553,0.8544003745317532,0.0,0.0,14.430869689661812,hard,0.12163626043975355,0.12923113066100014,0.12411353074180605,0.15701987976107562
0.0,0.0,3.7191318483568767,0.08892554560172704,0.8831300320134425,0.8544003745317532,0.8544003745317532,4.902081190678098,0.8544003745317532,0.0,0.0,14.430869689661812,hard,0.12163626043975355,0.12923113066100014,0.12411353074180605,0.15701987976107562
0.0,0.0,2.0424837498381594,0.08892554560172704,0.8985208701780864,0.8544003745317532,0.8544003745317532,4.902081190678098,0.8544003745317532,0.0,0.0,14.430869689661812,hard,0.12163626043975355,0.12923113066100014,0.12411353074180605,0.15701987976107562
0.0,0.0,2.1964535993388075,0.08892554560172704,0.9179238740643634,0.8544003745317532,0.8544003745317532,4.902081190678098,0.8544003745317532,0.0,0.0,14.430869689661812,hard,0.12163626043975355,0.12923113066100014,0.12411353074180605,0.15701987976107562
0.0,0.0,1.8046423013493542,0.08892554560172704,0.9318046437886792,0.8544003745317532,0.8544003745317532,4.902081190678098,0.8544003745317532,0.0,0.0,14.430869689661812,hard,0.12163626043975355,0.12923113066100014,0.12411353074180605,0.15701987976107562
0.0,0.0,4.430861071344751,0.08892554560172704,0.9556774043982665,0.8544003745317532,0.8544003745317532,4.890357860116169,0.8544003745317532,0.0,0.0,14.430869689661812,hard,0.12163626043975355,0.12923113066100014,0.12411353074180605,0.15701987976107562
0.0,0.0,1.8591501546500053,0.08892554560172704,0.963685908050023,0.8544003745317532,0.8544003745317532,4.890357860116169,0.8544003745317532,0.0,0.0,14.430869689661812,hard,0.12163626043975355,0.12923113066100014,0.12411353074180605,0.15701987976107562
0.0,0.0,2.1721923400882974,0.08892554560172704,0.9746834335350603,0.8544003745317532,0.8544003745317532,4.890357860116169,0.8544003745317532,0.0,0.0,14.430869689661812,hard,0.12163626043975355,0.12923113066100014,0.12411353074180605,0.15701987976107562
0.0,0.0,2.0825393063143,0.08892554560172704,0.9843591058687974,0.8544003745317532,0.8544003745317532,4.890357860116169,0.8544003745317532,0.0,0.0,14.430869689661812,hard,0.12163626043975355,0.12923113066100014,0.12411353074180605,0.15701987976107562
0.0,0.0,12.578573611908752,0.08892554560172704,0.8484992035404507,0.8544003745317532,0.8544003745317532,5.1536394906900505,0.8544003745317532,0.0,0.0,14.430869689661812,hard,0.12163626043975355,0.12923113066100014,0.12411353074180605,0.15701987976107562
0.0,0.0,10.160228555614037,0.08892554560172704,0.6779284713501731,0.8544003745317532,0.8544003745317532,5.298905547374854,0.8544003745317532,0.0,0.0,14.430869689661812,hard,0.12163626043975355,0.12923113066100014,0.12411353074180605,0.15701987976107562
0.0,0.0,2.141621858881051,0.08892554560172704,0.6871206106329353,0.8544003745317532,0.8544003745317532,5.298905547374854,0.8544003745317532,0.0,0.0,14.430869689661812,hard,0.12163626043975355,0.12923113066100014,0.12411353074180605,0.15701987976107562
0.0,0.0,7.380265186544072,0.08892554560172704,0.6982823413632159,0.8544003745317532,0.8544003745317532,5.298905547374854,0.8544003745317532,0.0,0.0,14.430869689661812,hard,0.12163626043975355,0.12923113066100014,0.12411353074180605,0.15701987976107562
0.0,0.0,3.646063252468133,0.08892554560172704,0.7151153356928056,0.8544003745317532,0.8544003745317532,5.298905547374854,0.8544003745317532,0.0,0.0,14.430869689661812,hard,0.12163626043975355,0.12923113066100014,0.12411353074180605,0.15701987976107562
0.0,0.0,5.230393684627316,0.08892554560172704,0.7336035900366786,0.8544003745317532,0.8544003745317532,5.298905547374854,0.8544003745317532,0.0,0.0,14.430869689661812,hard,0.12163626043975355,0.12923113066100014,0.12411353074180605,0.15701987976107562
0.0,0.0,4.960137150829815,0.08892554560172704,0.7623719842228852,0.8544003745317532,0.8544003745317532,5.308144685292594,0.8544003745317532,0.0,0.0,14.430869689661812,hard,0.12163626043975355,0.12923113066100014,0.12411353074180605,0.15701987976107562
0.0,0.0,4.680732414545194,0.08892554560172704,0.7869801842796632,0.8544003745317532,0.8544003745317532,5.308144685292594,0.8544003745317532,0.0,0.0,14.430869689661812,hard,0.12163626043975355,0.12923113066100014,0.12411353074180605,0.15701987976107562
0.0,0.0,3.5168043521386365,0.08892554560172704,0.8127869245663317,0.8544003745317532,0.8544003745317532,5.308144685292594,0.8544003745317532,0.0,0.0,14.430869689661812,hard,0.12163626043975355,0.12923113066100014,0.12411353074180605,0.15701987976107562
0.0,0.0,4.27027626308629,0.08892554560172704,0.8371579135611233,0.8544003745317532,0.8544003745317532,5.308144685292594,0.8544003745317532,0.0,0.0,14.430869689661812,hard,0.12163626043975355,0.12923113066100014,0.12411353074180605,0.15701987976107562
0.0,0.0,4.311324364469869,0.08892554560172704,0.8503928962884865,0.8544003745317532,0.8544003745317532,5.3210525274610845,0.8544003745317532,0.0,0.0,14.430869689661812,hard,0.12163626043975355,0.12923113066100014,0.12411353074180605,0.15701987976107562
0.0,0.0,3.532125673014464,0.08892554560172704,0.866171104920476,0.8544003745317532,0.8544003745317532,5.3210525274610845,0.8544003745317532,0.0,0.0,14.430869689661812,hard,0.12163626043975355,0.12923113066100014,0.12411353074180605,0.15701987976107562
0.0,0.0,2.48775544476467,0.08892554560172704,0.8856693632836021,0.8544003745317532,0.8544003745317532,5.3210525274610845,0.8544003745317532,0.0,0.0,14.430869689661812,hard,0.12163626043975355,0.12923113066100014,0.12411353074180605,0.15701987976107562
0.0,0.0,2.8153213527790504,0.08892554560172704,0.9067932538360275,0.8544003745317532,0.8544003745317532,5.3210525274610845,0.8544003745317532,0.0,0.0,14.430869689661812,hard,0.12163626043975355,0.12923113066100014,0.12411353074180605,0.15701987976107562
0.0,0.0,2.9217202959448754,0.08892554560172704,0.9236046843985258,0.8544003745317532,0.8544003745317532,5.3210525274610845,0.8544003745317532,0.0,0.0,14.430869689661812,hard,0.12163626043975355,0.12923113066100014,0.12411353074180605,0.15701987976107562
0.0,0.0,4.429049790830005,0.08892554560172704,0.9420576176910671,0.8544003745317532,0.8544003745317532,5.3210525274610845,0.8544003745317532,0.0,0.0,14.430869689661812,hard,0.12163626043975355,0.12923113066100014,0.12411353074180605,0.15701987976107562
0.0,0.0,2.3090178060781206,0.08892554560172704,0.9561142408056782,0.8544003745317532,0.8544003745317532,5.3210525274610845,0.8544003745317532,0.0,0.0,14.430869689661812,hard,0.12163626043975355,0.12923113066100014,0.12411353074180605,0.15701987976107562
0.0,0.0,3.9772242707961882,0.08892554560172704,0.9693752176200572,0.8544003745317532,0.8544003745317532,5.32634959423431,0.8544003745317532,0.0,0.0,14.430869689661812,hard,0.12163626043975355,0.12923113066100014,0.12411353074180605,0.15701987976107562
0.0,0.0,2.1079493887903338,0.08892554560172704,0.9748318838239244,0.8544003745317532,0.8544003745317532,5.32634959423431,0.8544003745317532,0.0,0.0,14.430869689661812,hard,0.12163626043975355,0.12923113066100014,0.12411353074180605,0.15701987976107562
0.0,0.0,2.1675836852701975,0.08892554560172704,0.9832178877562234,0.8544003745317532,0.8544003745317532,5.32634959423431,0.8544003745317532,0.0,0.0,14.430869689661812,hard,0.12163626043975355,0.12923113066100014,0.12411353074180605,0.15701987976107562
0.0,0.0,12.404033038455472,0.08892554560172704,0.844261879139985,0.8544003745317532,0.8544003745317532,5.572216794059614,0.8544003745317532,0.0,0.0,14.430869689661812,hard,0.12163626043975355,0.12923113066100014,0.12411353074180605,0.15701987976107562
0.0,0.0,10.011017689291393,0.08892554560172704,0.6945199149991754,0.8544003745317532,0.8544003745317532,5.7,0.8544003745317532,0.0,0.0,14.430869689661812,hard,0.12163626043975355,0.12923113066100014,0.12411353074180605,0.15701987976107562
0.0,0.0,1.7866823621929235,0.08892554560172704,0.7057876538987236,0.8544003745317532,0.8544003745317532,5.7,0.8544003745317532,0.0,0.0,14.430869689661812,hard,0.12163626043975355,0.12923113066100014,0.12411353074180605,0.15701987976107562
0.0,0.0,2.067935476911851,0.08892554560172704,0.7203630308825022,0.8544003745317532,0.8544003745317532,5.7,0.8544003745317532,0.0,0.0,14.430869689661812,hard,0.12163626043975355,0.12923113066100014,0.12411353074180605,0.15701987976107562
0.0,0.0,5.662823934303008,0.08892554560172704,0.7296219303495262,0.8544003745317532,0.8544003745317532,5.722971256261909,0.8544003745317532,0.0,0.0,14.430869689661812,hard,0.12163626043975355,0.12923113066100014,0.12411353074180605,0.15701987976107562
0.0,0.0,2.3546214679484376,0.08892554560172704,0.7456538870891697,0.8544003745317532,0.8544003745317532,5.722971256261909,0.8544003745317532,0.0,0.0,14.430869689661812,hard,0.12163626043975355,0.12923113066100014,0.12411353074180605,0.15701987976107562
0.0,0.0,2.351143050279597,0.08892554560172704,0.7618290352155302,0.8544003745317532,0.8544003745317532,5.722971256261909,0.8544003745317532,0.0,0.0,14.430869689661812,hard,0.12163626043975355,0.12923113066100014,0.12411353074180605,0.15701987976107562
0.0,0.0,2.6838267909987303,0.08892554560172704,0.7830931730089526,0.8544003745317532,0.8544003745317532,5.722971256261909,0.8544003745317532,0.0,0.0,14.430869689661812,hard,0.12163626043975355,0.12923113066100014,0.12411353074180605,0.15701987976107562
0.0,0.0,7.716412565072238,0.08892554560172704,0.808237067569876,0.8544003745317532,0.8544003745317532,5.722971256261909,0.8544003745317532,0.0,0.0,14.430869689661812,hard,0.12163626043975355,0.12923113066100014,0.12411353074180605,0.15701987976107562
0.0,0.0,3.2748152231317333,0.08892554560172704,0.8328488505916644,0.8544003745317532,0.8544003745317532,5.722971256261909,0.8544003745317532,0.0,0.0,14.430869689661812,hard,0.12163626043975355,0.12923113066100014,0.12411353074180605,0.15701987976107562
0.0,0.0,6.153036924171608,0.08892554560172704,0.859099143562465,0.8544003745317532,0.8544003745317532,5.722971256261909,0.8544003745317532,0.0,0.0,14.430869689661812,hard,0.12163626043975355,0.12923113066100014,0.12411353074180605,0.15701987976107562
0.0,0.0,2.2965501912853465,0.08892554560172704,0.8784965699584452,0.8544003745317532,0.8544003745317532,5.722971256261909,0.8544003745317532,0.0,0.0,14.430869689661812,hard,0.12163626043975355,0.12923113066100014,0.12411353074180605,0.15701987976107562
0.0,0.0,4.5109382718093896,0.08892554560172704,0.8949721656915963,0.8544003745317532,0.8544003745317532,5.722971256261909,0.8544003745317532,0.0,0.0,14.430869689661812,hard,0.12163626043975355,0.12923113066100014,0.12411353074180605,0.15701987976107562
0.0,0.0,2.551922832525331,0.08892554560172704,0.9149545115024871,0.8544003745317532,0.8544003745317532,5.722971256261909,0.8544003745317532,0.0,0.0,14.430869689661812,hard,0.12163626043975355,0.12923113066100014,0.12411353074180605,0.15701987976107562
0.0,0.0,4.216118828548893,0.08892554560172704,0.9374247534073898,0.8544003745317532,0.8544003745317532,5.722971256261909,0.8544003745317532,0.0,0.0,14.430869689661812,hard,0.12163626043975355,0.12923113066100014,0.12411353074180605,0.15701987976107562
0.0,0.0,4.74567118996386,0.08892554560172704,0.9650449076974478,0.8544003745317532,0.8544003745317532,5.711602227046278,0.8544003745317532,0.0,0.0,14.430869689661812,hard,0.12163626043975355,0.12923113066100014,0.12411353074180605,0.15701987976107562
0.0,0.0,5.894588626521859,0.08892554560172704,0.9706818080161043,0.8544003745317532,0.8544003745317532,5.721153729799611,0.8544003745317532,0.0,0.0,14.430869689661812,hard,0.12163626043975355,0.12923113066100014,0.12411353074180605,0.15701987976107562
0.0,0.0,5.5323571190680125,0.08892554560172704,0.9817782787236159,0.8544003745317532,0.8544003745317532,5.7527732442709745,0.8544003745317532,0.0,0.0,14.430869689661812,hard,0.12163626043975355,0.12923113066100014,0.12411353074180605,0.15701987976107562
0.0,0.0,2.2072616579009803,0.08892554560172704,0.9904951132303115,0.8544003745317532,0.8544003745317532,5.7527732442709745,0.8544003745317532,0.0,0.0,14.430869689661812,hard,0.12163626043975355,0.12923113066100014,0.12411353074180605,0.15701987976107562
0.0,0.0,2.7487159259351372,0.08892554560172704,0.995607892206777,0.8544003745317532,0.8544003745317532,5.7527732442709745,0.8544003745317532,0.0,0.0,14.430869689661812,hard,0.12163626043975355,0.12923113066100014,0.12411353074180605,0.15701987976107562
0.0,0.0,30.017383451582972,0.08892554560172704,0.8531003956206756,0.8544003745317532,0.8544003745317532,5.9833101206606365,0.8544003745317532,0.0,0.0,14.430869689661812,hard,0.12163626043975355,0.12923113066100014,0.12411353074180605,0.15701987976107562
