step,timestamp,reward,coverage,cov_trace,altitude,alt_idx,loop_closures,altitude_changes,frontier_count,new_cells,map_seed,difficulty,cov_alt0,cov_alt1,cov_alt2,cov_alt3
0.0,0.0,35.913153615841814,0.00979237379638867,0.018475963836852457,0.0,0.0,0.0,0.0,0.0,35.80042457848789,14.430869689661812,hard,0.030382460036007256,0.01611631499991375,0.0,0.0
0.0,0.0,38.505219130160604,0.011650270064483272,0.0415471314608358,0.0,0.0,0.0,0.0,0.0,38.713491188473306,14.430869689661812,hard,0.03451057842428048,0.019129974697053437,0.0,0.0
0.0,0.0,37.16404637326651,0.012747363589849266,0.07132055918666447,0.0,0.0,0.0,0.0,0.0,36.766968871529244,14.430869689661812,hard,0.03752363392507536,0.021323850594361274,0.0,0.0
0.0,0.0,46.524991478199524,0.014805376816492442,0.09828250349790109,0.0,0.0,0.0,0.0,0.0,46.001373892526296,14.430869689661812,hard,0.04180590938744797,0.025090051817878368,0.0,0.0
0.0,0.0,43.06475676237513,0.017127324517400747,0.12920452036282898,0.0,0.0,0.0,0.0,0.0,42.24388239733654,14.430869689661812,hard,0.04706984941977834,0.02890434582050061,0.0,0.0
0.0,0.0,49.86695567874749,0.02028709419933938,0.15873793440309136,0.0,0.0,0.0,0.0,0.0,49.198276392572936,14.430869689661812,hard,0.054265165140183216,0.03427783248972474,0.0,0.0
0.0,0.0,40.86756087767197,0.022451330947852545,0.1889709293332972,0.0,0.0,0.0,0.0,0.0,40.07475015517876,14.430869689661812,hard,0.058973780871944305,0.03791227540686593,0.0,0.0
0.0,0.0,45.63148075014496,0.02512779306842096,0.22321375968753931,0.0,0.0,0.0,0.0,0.0,44.999151103104154,14.430869689661812,hard,0.06500420635139745,0.04207169838278972,0.0,0.0
0.0,0.0,51.36666003692701,0.028158406979118353,0.2528802040184687,0.0,0.0,0.0,0.0,0.0,51.03675538276312,14.430869689661812,hard,0.07280243978974123,0.046858877932648195,0.0,0.0
0.0,0.0,47.36684349158311,0.03149483904620572,0.28608993579554853,0.0,0.0,0.0,0.0,0.0,46.6959056020975,14.430869689661812,hard,0.08188378977263353,0.05140694439984988,0.0,0.0
0.0,0.0,55.48328447369947,0.0353552993145417,0.31908105063776526,0.0,0.0,0.0,0.0,0.0,53.80159477190245,14.430869689661812,hard,0.09129294248997218,0.057892158604239304,0.0,0.0
0.0,0.0,55.468292130643654,0.038864539721965706,0.3516793162836625,0.0,0.0,0.0,0.0,0.0,45.50701484386775,14.430869689661812,hard,0.09981712373394469,0.06365248371465733,0.0,0.0
0.0,0.0,47.13090942404251,0.04150916304954189,0.38352027148144746,0.0,0.0,0.0,0.0,0.0,37.77779241829782,14.430869689661812,hard,0.10576983349382217,0.06844369019754458,0.0,0.0
0.0,0.0,46.377020333547854,0.04385885900208946,0.413234668627599,0.0,0.0,0.0,0.0,0.0,42.123931440453184,14.430869689661812,hard,0.11193967869491124,0.07164068623983795,0.0,0.0
0.0,0.0,41.103546219802375,0.04606048073312387,0.4405166870837243,0.0,0.0,0.0,0.0,0.0,37.91000395673944,14.430869689661812,hard,0.11744110416531549,0.07488183855862791,0.0,0.0
0.0,0.0,59.66675230044819,0.04960887862213322,0.47304018608491255,0.0,0.0,0.0,0.0,0.0,53.66935811056436,14.430869689661812,hard,0.12583431403612608,0.0808897469270391,0.0,0.0
0.0,0.0,60.68076241680269,0.05288716515343064,0.5059275398475012,0.0,0.0,0.0,0.0,0.0,51.15363525693946,14.430869689661812,hard,0.1342329662818151,0.08605644200838679,0.0,0.0
0.0,0.0,41.15584705732354,0.055445086170728776,0.5408191794498544,0.0,0.0,0.0,0.0,0.0,38.134205118239976,14.430869689661812,hard,0.1401538373670296,0.09071157838821417,0.0,0.0
0.0,0.0,41.220567537623445,0.05830146780837707,0.5757794299059641,0.0,0.0,0.0,0.0,0.0,40.27902680055713,14.430869689661812,hard,0.1463512819077628,0.09594593187073111,0.0,0.0
0.0,0.0,42.339425125352356,0.06119725375838042,0.6134587637285354,0.0,0.0,0.0,0.0,0.0,42.20331740515193,14.430869689661812,hard,0.15205233385932712,0.10205496773647808,0.0,0.0
0.0,0.0,43.63644818615834,0.06413912687523758,0.6478834191427779,0.0,0.0,0.0,0.0,0.0,40.659188383439236,14.430869689661812,hard,0.15808426206342602,0.10795375636308449,0.0,0.0
0.0,0.0,56.48411480474504,0.06712075792647337,0.6833029204384251,0.0,0.0,0.0,0.0,0.0,40.849695225301254,14.430869689661812,hard,0.16432702409869657,0.1137360555065694,0.0,0.0
0.0,0.0,72.48267420525491,0.06739473410635236,0.6981024709489742,0.2712931993250107,0.2712931993250107,0.0,0.2712931993250107,0.0,63.36654006650513,14.430869689661812,hard,0.1700666223995795,0.11383878231743291,0.013134271421809892,0.0
0.0,0.0,66.95636412624833,0.06876925966555301,0.7213150523774635,0.3,0.3,0.0,0.3,0.0,61.76471808403241,14.430869689661812,hard,0.17578388024289024,0.11709383340524981,0.021866007461871464,0.0
0.0,0.0,66.48105207229389,0.06917467789379432,0.7385548664767375,0.3469870314579494,0.3469870314579494,0.0,0.3469870314579494,0.0,58.88905161403094,14.430869689661812,hard,0.18023766101079067,0.1183710898651201,0.02942716917749638,0.0
0.0,0.0,45.60334089628423,0.07114478457317407,0.7640254867686458,0.3469870314579494,0.3469870314579494,0.0,0.3469870314579494,0.0,44.7899497655445,14.430869689661812,hard,0.18554432762389556,0.1218318746857509,0.03239740032913323,0.0
0.0,0.0,56.893538072087104,0.07246267886443514,0.7823491278867342,0.3469870314579494,0.3469870314579494,0.0,0.3469870314579494,0.0,51.57171317689573,14.430869689661812,hard,0.1887675440524453,0.12436618827922194,0.03723124836540025,0.0
0.0,0.0,53.18822437914247,0.07446015411542084,0.8027197911175504,0.3469870314579494,0.3469870314579494,0.0,0.3469870314579494,0.0,50.6382819613778,14.430869689661812,hard,0.1918700267013057,0.12937472901670952,0.04111766095410751,0.0
0.0,0.0,44.804403419425164,0.07592919097905258,0.823355782538532,0.3469870314579494,0.3469870314579494,0.0,0.3469870314579494,0.0,38.76611406886174,14.430869689661812,hard,0.19420975420340678,0.13287086214478608,0.04471424721635345,0.0
0.0,0.0,46.73117137975818,0.07681987621520425,0.8443587023794802,0.3469870314579494,0.3469870314579494,0.0,0.3469870314579494,0.0,46.983588624114276,14.430869689661812,hard,0.19516585145606868,0.1351011253374019,0.049029953193844664,0.0
0.0,0.0,42.891877164858904,0.0782629234144026,0.8634534783750165,0.3469870314579494,0.3469870314579494,0.0,0.3469870314579494,0.0,40.56732182434527,14.430869689661812,hard,0.19704725604779413,0.1388872187138883,0.05325709779244851,0.0
0.0,0.0,48.16037025583404,0.07928783640020307,0.8837837414853592,0.3469870314579494,0.3469870314579494,0.0,0.3469870314579494,0.0,48.28550507139798,14.430869689661812,hard,0.19694109846721777,0.1420423619275323,0.057558370033958965,0.0
0.0,0.0,47.13664273995607,0.08031942467846008,0.9040601025377911,0.3469870314579494,0.3469870314579494,0.0,0.3469870314579494,0.0,40.628069114837345,14.430869689661812,hard,0.19850004607863878,0.14430444930184622,0.060453575612873386,0.0
0.0,0.0,42.76119781730988,0.08162269841006498,0.9264488773354923,0.3469870314579494,0.3469870314579494,0.0,0.3469870314579494,0.0,42.088597030549735,14.430869689661812,hard,0.2007882119400183,0.1476204425398042,0.06152144781582462,0.0
0.0,0.0,46.08043159906489,0.08318045875739459,0.9488790854741305,0.3469870314579494,0.3469870314579494,0.0,0.3469870314579494,0.0,42.8144835306932,14.430869689661812,hard,0.20412405034875425,0.15094241955800053,0.06267211110881955,0.0
0.0,0.0,45.63876315002346,0.08444242916559297,0.966796844736624,0.3469870314579494,0.3469870314579494,0.0,0.3469870314579494,0.0,44.99290610751878,14.430869689661812,hard,0.20589829823720796,0.15434753440608384,0.06422247844872467,0.0
0.0,0.0,34.70527851964564,0.08590541924492948,0.9844441748507782,0.3469870314579494,0.3469870314579494,0.0,0.3469870314579494,0.0,34.02008818330723,14.430869689661812,hard,0.208460669624277,0.15767743559246142,0.06541880902709606,0.0
0.0,0.0,55.27876978742219,0.08697719871504003,1.0020838630081372,0.3469870314579494,0.3469870314579494,0.0,0.3469870314579494,0.0,44.009653486479536,14.430869689661812,hard,0.21021558699762638,0.16057187841953505,0.06637931522801598,0.0
0.0,0.0,47.45771344595438,0.0889051057797251,1.022214407533077,0.3469870314579494,0.3469870314579494,0.0,0.3469870314579494,0.0,40.60504402164834,14.430869689661812,hard,0.21447310094781064,0.1643664758265417,0.06819666914651899,0.0
0.0,0.0,43.05385178199319,0.09089136119029102,1.038809791907287,0.3469870314579494,0.3469870314579494,0.0,0.3469870314579494,0.0,40.029569070875596,14.430869689661812,hard,0.21880281807497332,0.16846402463252527,0.06885161488403792,0.0
0.0,0.0,39.55072156726345,0.09284709501593787,1.0557688420034297,0.3469870314579494,0.3469870314579494,0.0,0.3469870314579494,0.0,39.10132478574096,14.430869689661812,hard,0.22298776358595182,0.17200298648389178,0.07069379679211883,0.0
0.0,0.0,42.59068504430082,0.09497823225499452,1.0764936783141916,0.3469870314579494,0.3469870314579494,0.0,0.3469870314579494,0.0,42.1530544563499,14.430869689661812,hard,0.22726193975067152,0.17615231120509273,0.07318035724269815,0.0
0.0,0.0,45.113926777845975,0.0970809481150899,1.0979521714185554,0.3469870314579494,0.3469870314579494,0.0,0.3469870314579494,0.0,41.7439624376987,14.430869689661812,hard,0.23239127018488948,0.17966562833246666,0.07498081804987249,0.0
0.0,0.0,48.70525542434916,0.0996890955715068,1.1149304461131258,0.3469870314579494,0.3469870314579494,0.0,0.3469870314579494,0.0,45.44588430210155,14.430869689661812,hard,0.23695986752133616,0.18514736314531194,0.07642629948826114,0.0
0.0,0.0,45.69788474533674,0.10077538423990111,1.1239390563472365,0.417612260356422,0.41761226035642196,0.0,0.41761226035642196,0.0,43.455982326947804,14.430869689661812,hard,0.24037039903261845,0.18827363823905968,0.07788441012721412,0.007766423357664235
0.0,0.0,51.11796975692226,0.10202156495523369,1.1347782410608134,0.43312815655415426,0.4331281565541544,0.0,0.4331281565541544,0.0,41.69892084934573,14.430869689661812,hard,0.24256762098927517,0.19085164581744643,0.0797878202948453,0.013012165450121653
0.0,0.0,82.12355240172235,0.10187108492152412,1.1346961875925954,0.5499090833947008,0.5499090833947008,0.0,0.5499090833947008,0.0,73.3600136314055,14.430869689661812,hard,0.24577648035855806,0.1924148088821971,0.08464438608846868,0.019119862982592967
0.0,0.0,72.00704543562252,0.10081256541562209,1.120736224056667,0.581033561853358,0.581033561853358,0.0,0.581033561853358,0.0,67.5209597088193,14.430869689661812,hard,0.24773527199167364,0.19272957886682288,0.09055377115974693,0.024222182215501684
0.0,0.0,61.5079813209375,0.10106801739002465,1.1193590120118493,0.581033561853358,0.581033561853358,0.0,0.581033561853358,0.0,61.0399868938387,14.430869689661812,hard,0.2497785380771128,0.19421485370379662,0.09598479332978421,0.026803302641577667
0.0,0.0,58.51123148736275,0.10234344379455584,1.1185758044373573,0.581033561853358,0.581033561853358,0.0,0.581033561853358,0.0,49.9271469242936,14.430869689661812,hard,0.2529461855348599,0.1964661093881877,0.10124978707443989,0.03011200209944156
0.0,0.0,45.98942483921971,0.10336761367742087,1.1172061986714958,0.581033561853358,0.581033561853358,0.0,0.581033561853358,0.0,44.77007929409998,14.430869689661812,hard,0.254992247139798,0.1987714245188988,0.10610617019120552,0.0333894669348659
0.0,0.0,47.66544485122137,0.10455771577278629,1.1176054170233451,0.581033561853358,0.581033561853358,0.0,0.581033561853358,0.0,45.43970070323967,14.430869689661812,hard,0.2573343479933987,0.20047765841927204,0.11156263482682688,0.03569215513600824
0.0,0.0,53.16926450900922,0.10512896767743264,1.118826001719657,0.581033561853358,0.581033561853358,0.0,0.581033561853358,0.0,52.77854109389535,14.430869689661812,hard,0.25939421011024727,0.20052453554162117,0.11654370885963973,0.0382313868728679
0.0,0.0,48.70835697969071,0.10601185528116083,1.1207038124478834,0.581033561853358,0.581033561853358,0.0,0.581033561853358,0.0,45.29386713452496,14.430869689661812,hard,0.26086226466696655,0.201576922413738,0.12191233609807785,0.03998234523530441
0.0,0.0,56.51970953144981,0.10739641854996299,1.1209690550974276,0.581033561853358,0.581033561853358,0.0,0.581033561853358,0.0,50.021551355390805,14.430869689661812,hard,0.26362529895773945,0.2031558634060892,0.12779883758715138,0.042556447432403145
0.0,0.0,58.42175089434975,0.10895561241045636,1.123444554077846,0.581033561853358,0.581033561853358,0.0,0.581033561853358,0.0,57.191971464533374,14.430869689661812,hard,0.2653664079846781,0.20550268764643148,0.13374581528387058,0.04801897623840008
0.0,0.0,59.95618009675098,0.10956394896124697,1.1247521844875683,0.581033561853358,0.581033561853358,0.0,0.581033561853358,0.0,55.87420156029078,14.430869689661812,hard,0.2667409678473885,0.20555002979053605,0.1388294664681901,0.05212810221334204
0.0,0.0,46.15874231800664,0.11078022396161255,1.1276916261808974,0.581033561853358,0.581033561853358,0.0,0.581033561853358,0.0,43.84347157787577,14.430869689661812,hard,0.2679539693118909,0.20759550965601756,0.14371484367811457,0.05426885259627429
0.0,0.0,47.543918862944366,0.11217548344250634,1.1314672654774987,0.581033561853358,0.581033561853358,0.0,0.581033561853358,0.0,47.50274097354804,14.430869689661812,hard,0.26803310094256627,0.20964780031003297,0.1491528826011139,0.056719899759726675
0.0,0.0,42.68834549920932,0.11398144456587903,1.1390572094613771,0.581033561853358,0.581033561853358,0.0,0.581033561853358,0.0,42.256478793198085,14.430869689661812,hard,0.269189112622694,0.2124996170716942,0.1538525905147776,0.05824065192960078
0.0,0.0,40.96696258011793,0.1155324941083032,1.1485745099310425,0.581033561853358,0.581033561853358,0.0,0.581033561853358,0.0,40.37231229444259,14.430869689661812,hard,0.2704490410363559,0.2145674699463456,0.15825659935500175,0.06047790251623413
0.0,0.0,51.39176122778579,0.11660703326805567,1.1542198326629423,0.581033561853358,0.581033561853358,0.0,0.581033561853358,0.0,45.49497115066675,14.430869689661812,hard,0.2715256626781523,0.21552806419447113,0.1622663154163816,0.060742152222692386
0.0,0.0,44.21833907354683,0.11754475226049842,1.1603099440220306,0.581033561853358,0.581033561853358,0.0,0.581033561853358,0.0,42.07089730443124,14.430869689661812,hard,0.2718574410322948,0.21673900886020633,0.16648015790105114,0.06164664216845715
0.0,0.0,41.83741209654915,0.1190720212097848,1.1662377546938354,0.581033561853358,0.581033561853358,0.0,0.581033561853358,0.0,38.61150605713276,14.430869689661812,hard,0.2746585619087582,0.21830258788651294,0.16982314636826815,0.06353681491785712
0.0,0.0,56.050810083401096,0.11967625003050554,1.1741995046713616,0.581033561853358,0.581033561853358,0.0,0.581033561853358,0.0,51.51753487891283,14.430869689661812,hard,0.2748612115878622,0.21929407705962628,0.17341791038494403,0.06353681491785712
0.0,0.0,45.083489603799556,0.12031717716818605,1.1829324559803855,0.581033561853358,0.581033561853358,0.0,0.581033561853358,0.0,40.910712533516204,14.430869689661812,hard,0.2753374220193709,0.2203980565117994,0.17563066525673646,0.06353681491785712
0.0,0.0,42.271708300398444,0.12105300619542116,1.1907368976626773,0.581033561853358,0.581033561853358,0.0,0.581033561853358,0.0,38.77401707329278,14.430869689661812,hard,0.27682921042984115,0.22150354108591933,0.17787862807739843,0.06353681491785712
0.0,0.0,54.11665933383138,0.12166079280552339,1.1958250526656982,0.581033561853358,0.581033561853358,0.0,0.581033561853358,0.0,47.71862948576793,14.430869689661812,hard,0.2776387275009018,0.22268718243977526,0.17984227870774844,0.06353681491785712
0.0,0.0,56.95330437784927,0.12255986031429122,1.1953538685059948,0.581033561853358,0.581033561853358,0.0,0.581033561853358,0.0,53.645462063440185,14.430869689661812,hard,0.2777847332285169,0.22407635915766744,0.18370569838821263,0.06437136894913523
0.0,0.0,50.817739652805045,0.12334273312995832,1.1937664158505294,0.581033561853358,0.581033561853358,0.0,0.581033561853358,0.0,44.24477370266458,14.430869689661812,hard,0.2785012768363182,0.22517082781346465,0.18692497292215646,0.06558072119419614
0.0,0.0,45.820514695559254,0.12464610703816756,1.193704147089842,0.581033561853358,0.581033561853358,0.0,0.581033561853358,0.0,45.01510857478853,14.430869689661812,hard,0.27924909532357106,0.22689812708898552,0.19015074658159845,0.06828211366044759
0.0,0.0,79.13517357302082,0.12489857875196612,1.1830198615451089,0.5919459434779497,0.5919459434779497,0.0,0.5919459434779497,0.0,73.12970395126729,14.430869689661812,hard,0.2803751423391489,0.22642004302421137,0.19512552098225566,0.07234593723798888
0.0,0.0,50.548671268294235,0.1259235299862712,1.1811275669478187,0.5919459434779497,0.5919459434779497,0.0,0.5919459434779497,0.0,39.88879040532566,14.430869689661812,hard,0.281061554841118,0.22717726209370356,0.19889139257713268,0.07426710735644404
0.0,0.0,67.02102194355224,0.125841076836755,1.1745645386385373,0.6053098380168623,0.6053098380168623,0.0,0.6053098380168623,0.0,61.99761608320114,14.430869689661812,hard,0.2821943629503359,0.22583649080941576,0.20022815601932453,0.07700982523779176
0.0,0.0,53.40147062919363,0.12632271402568776,1.1623147580406226,0.6079473661428265,0.6079473661428265,0.0,0.6079473661428265,0.0,47.375221371514456,14.430869689661812,hard,0.28217991878459814,0.22529219292009342,0.20310942646373223,0.07935670394964037
0.0,0.0,47.64686747435186,0.1272737280074933,1.1538434295208384,0.6079473661428265,0.6079473661428265,0.0,0.6079473661428265,0.0,42.5926002962956,14.430869689661812,hard,0.28225810477095165,0.2256381577909377,0.20713779051305373,0.08085740302387848
0.0,0.0,59.387708133642235,0.12726381892377256,1.1459453807570268,0.6079473661428265,0.6079473661428265,0.0,0.6079473661428265,0.0,58.74282934963211,14.430869689661812,hard,0.2801846566247479,0.22457581040387967,0.21159665435359754,0.08205925652965437
0.0,0.0,57.93907569712647,0.12771144919599217,1.1386915509412634,0.6079473661428265,0.6079473661428265,0.0,0.6079473661428265,0.0,47.162290020735846,14.430869689661812,hard,0.27903984046508595,0.22435331546755416,0.2152892511280243,0.0841860623052824
0.0,0.0,57.85624112314073,0.12774556086198963,1.1297728010234862,0.6079473661428265,0.6079473661428265,0.0,0.6079473661428265,0.0,54.70795189001321,14.430869689661812,hard,0.2765726597348926,0.22389532291292116,0.21845484161352913,0.08564798041011029
0.0,0.0,56.097365748819186,0.1282096110359963,1.1205491932169125,0.6079473661428265,0.6079473661428265,0.0,0.6079473661428265,0.0,51.402431849086675,14.430869689661812,hard,0.2749610076468405,0.2238228405988666,0.22282366878650847,0.08695443097501494
0.0,0.0,43.17388864728203,0.1289148666622164,1.1119520076926566,0.6079473661428265,0.6079473661428265,0.0,0.6079473661428265,0.0,43.26959209421785,14.430869689661812,hard,0.2741300340561754,0.22409671653324212,0.22689557064642513,0.08828515262221057
0.0,0.0,47.06506554615445,0.1294905717554898,1.1040260021286437,0.6079473661428265,0.6079473661428265,0.0,0.6079473661428265,0.0,46.76291265522284,14.430869689661812,hard,0.27206410191947644,0.2239413930285165,0.23219598064348834,0.09022615328822699
0.0,0.0,46.49405947332316,0.13034143498917297,1.0966272759557558,0.6079473661428265,0.6079473661428265,0.0,0.6079473661428265,0.0,46.15263372766499,14.430869689661812,hard,0.2707231276795345,0.22361442337883095,0.2370783650579181,0.0921613486007764
0.0,0.0,38.912330400891285,0.13148188067220945,1.0892540752900883,0.6079473661428265,0.6079473661428265,0.0,0.6079473661428265,0.0,38.77712727884829,14.430869689661812,hard,0.27081654403064953,0.22455272901419673,0.24078895269112244,0.09357525791069021
0.0,0.0,42.499330490996016,0.13226848263649915,1.0857346280825664,0.6079473661428265,0.6079473661428265,0.0,0.6079473661428265,0.0,37.76453362614186,14.430869689661812,hard,0.27008613706377754,0.2247930763685336,0.2439843108304122,0.09449453934684186
0.0,0.0,42.32923832853346,0.13318888651233535,1.081787545970075,0.6079473661428265,0.6079473661428265,0.0,0.6079473661428265,0.0,40.449988875152975,14.430869689661812,hard,0.2688661079529392,0.22471453158403523,0.24779033816576237,0.09698355421542366
0.0,0.0,55.52307326931716,0.13416156308210125,1.0774928221929398,0.6079473661428265,0.6079473661428265,0.0,0.6079473661428265,0.0,50.54210521931194,14.430869689661812,hard,0.26750884797244623,0.22426776440593169,0.2519114932958357,0.09861862303576972
0.0,0.0,44.431831688453244,0.1351521345169389,1.071061247353188,0.6079473661428265,0.6079473661428265,0.0,0.6079473661428265,0.0,40.304719326649575,14.430869689661812,hard,0.2668028433631317,0.22439960455506475,0.2553847124027939,0.1009201730128797
0.0,0.0,38.59160208823973,0.13640839118629336,1.0643074965878367,0.6079473661428265,0.6079473661428265,0.0,0.6079473661428265,0.0,35.66454822369127,14.430869689661812,hard,0.26621178239146853,0.22521006226064239,0.2590512856269099,0.10309408238823882
0.0,0.0,47.241379763678836,0.1372965919414972,1.0559851672841831,0.6079473661428265,0.6079473661428265,0.0,0.6079473661428265,0.0,43.505107746102645,14.430869689661812,hard,0.2646918985266569,0.22500329635801164,0.26296195001579725,0.10524228120192214
0.0,0.0,43.20394980490101,0.1378174685647841,1.0481319576175863,0.6079473661428265,0.6079473661428265,0.0,0.6079473661428265,0.0,39.73345693493079,14.430869689661812,hard,0.26323076056596567,0.22513284967674374,0.2660226266973004,0.1070248179874994
0.0,0.0,37.486380097655996,0.13865073715231693,1.0412647301783515,0.6079473661428265,0.6079473661428265,0.0,0.6079473661428265,0.0,35.66482300530875,14.430869689661812,hard,0.2622958560826762,0.22529643118661385,0.2687986425557256,0.107641534920778
0.0,0.0,46.89685584837938,0.13976333940728228,1.0343935026697588,0.6079473661428265,0.6079473661428265,0.0,0.6079473661428265,0.0,47.32236680471509,14.430869689661812,hard,0.26163932189155403,0.22555808186738524,0.27249380671540785,0.10781007454190548
0.0,0.0,39.09798582791047,0.14051000139662242,1.0278959151270215,0.6079473661428265,0.6079473661428265,0.0,0.6079473661428265,0.0,32.66045927417433,14.430869689661812,hard,0.2615962371629376,0.22568906089644453,0.27478017972888524,0.10803502128654188
0.0,0.0,38.28504714147181,0.1412082437375999,1.0216015015159754,0.6079473661428265,0.6079473661428265,0.0,0.6079473661428265,0.0,38.2193877501982,14.430869689661812,hard,0.2612112338718401,0.22568803079169156,0.27692733353091403,0.10865495150178948
0.0,0.0,39.76134509684026,0.14126609722208597,1.0158245737237395,0.64,0.64,0.0,0.64,0.0,35.93042721705379,14.430869689661812,hard,0.26087665989580333,0.22546902101070837,0.2767734582945726,0.11010094059697442
0.0,0.0,55.81523720452281,0.14151897562524735,1.002839831789271,0.6374950980203692,0.6374950980203692,0.0,0.7211102550927979,0.0,51.79251297243646,14.430869689661812,hard,0.25878249418365273,0.2253519611422291,0.27611354903593865,0.11150272103658597
0.0,0.0,48.12864768188693,0.14220234275952912,0.9988049579988327,0.6352952069707437,0.6352952069707437,0.0,0.7180529228406496,0.0,46.72524371258004,14.430869689661812,hard,0.25835328165589877,0.22642523316251748,0.2764936312593096,0.11307454416404689
0.0,0.0,54.745553379734,0.14268995858866623,0.9956251386911356,0.6352952069707437,0.6352952069707437,0.0,0.7180529228406496,0.0,53.06937346530482,14.430869689661812,hard,0.25679393360213076,0.22738188156350944,0.2777828359259638,0.11348886027459625
0.0,0.0,44.903253626647974,0.14310208499589977,0.9927346999011608,0.6352952069707437,0.6352952069707437,0.0,0.7180529228406496,0.0,37.62725076324338,14.430869689661812,hard,0.2561695238039301,0.22793885726134308,0.2788340717732038,0.11416112758637985
0.0,0.0,37.02099518057733,0.143168328534011,0.9905596942679932,0.6352952069707437,0.6352952069707437,0.0,0.7180529228406496,0.0,31.504596490036178,14.430869689661812,hard,0.2557672829380709,0.22788313478320263,0.27933019536770237,0.11459034332834969
0.0,0.0,37.24726987955419,0.14359217466214996,0.9889154484909882,0.6352952069707437,0.6352952069707437,0.0,0.7180529228406496,0.0,37.21787205093811,14.430869689661812,hard,0.2557980419669666,0.22829421246003792,0.2802655834264962,0.11500294316455874
0.0,0.0,37.48964213264418,0.14422410305907307,0.9891032984716057,0.6352952069707437,0.6352952069707437,0.0,0.7180529228406496,0.0,37.01351645007537,14.430869689661812,hard,0.25663382974862897,0.22941325112696326,0.28109431325286643,0.11526088401510742
0.0,0.0,37.842646234773596,0.14461738515147984,0.9888431116481282,0.6352952069707437,0.6352952069707437,0.0,0.7180529228406496,0.0,37.22992882077536,14.430869689661812,hard,0.2563718691903103,0.22982880607016526,0.2823150873589815,0.11543712712194477
0.0,0.0,28.7894202221149,0.1449734477053644,0.9870464994974333,0.6352952069707437,0.6352952069707437,0.0,0.7180529228406496,0.0,28.141080291985954,14.430869689661812,hard,0.25655086446174546,0.23007419833727644,0.2831907226686483,0.11543712712194477
0.0,0.0,29.910009046966533,0.14510872750987575,0.9847176816389103,0.6352952069707437,0.6352952069707437,0.0,0.7180529228406496,0.0,28.137263548540034,14.430869689661812,hard,0.25658188320195024,0.2299052039396821,0.28408130880818355,0.11543712712194477
0.0,0.0,23.69867016499122,0.1452088967407823,0.982655471917025,0.6352952069707437,0.6352952069707437,0.0,0.7180529228406496,0.0,23.61153108123232,14.430869689661812,hard,0.25686441211426714,0.22991922916874574,0.2846097902197893,0.11543712712194477
0.0,0.0,27.351687248914935,0.14513623503743792,0.9810227196517434,0.6352952069707437,0.6352952069707437,0.0,0.7180529228406496,0.0,24.021190644928488,14.430869689661812,hard,0.2566398376907227,0.23005798690225968,0.2847569566918834,0.11543712712194477
0.0,0.0,27.329791304959574,0.1452519493649278,0.9797604277031704,0.6352952069707437,0.6352952069707437,0.0,0.7180529228406496,0.0,27.262582416198214,14.430869689661812,hard,0.2565382309013437,0.2301528004279183,0.28554827009368916,0.11543712712194477
0.0,0.0,23.380006174095946,0.14527440822215573,0.9783136202975448,0.6352952069707437,0.6352952069707437,0.0,0.7180529228406496,0.0,23.844865275358547,14.430869689661812,hard,0.25666995390016156,0.23005855724679675,0.2861507245391142,0.11543712712194477
0.0,0.0,23.692559967433787,0.14536674319697013,0.9775718152965359,0.6352952069707437,0.6352952069707437,0.0,0.7180529228406496,0.0,23.284707427837695,14.430869689661812,hard,0.25681560042771695,0.23029791202640548,0.2863550841546565,0.11543712712194477
0.0,0.0,23.89067865548623,0.14536179791505927,0.9769643070526055,0.6352952069707437,0.6352952069707437,0.0,0.7180529228406496,0.0,23.020173761290334,14.430869689661812,hard,0.2564694327573306,0.23045140352158547,0.28670747978516514,0.11543712712194477
0.0,0.0,35.865841369518996,0.1452897758541156,0.9741441992087158,0.6352952069707437,0.6352952069707437,0.0,0.7180529228406496,0.0,30.822232235839113,14.430869689661812,hard,0.2558485473530316,0.23067042213760158,0.2872915674630852,0.11543712712194477
0.0,0.0,35.29158810133404,0.14545045173470508,0.9715742237580296,0.6352952069707437,0.6352952069707437,0.0,0.7180529228406496,0.0,29.450032258046846,14.430869689661812,hard,0.2555164580551086,0.23109571255792535,0.2878890981432854,0.11543712712194477
0.0,0.0,31.056760335390685,0.14539158284533935,0.9694139361867885,0.6352952069707437,0.6352952069707437,0.0,0.7180529228406496,0.0,31.30638912426663,14.430869689661812,hard,0.2553067025251204,0.23128772987759738,0.2883731255347223,0.11543712712194477
0.0,0.0,29.212769475068477,0.14565314127258674,0.9675196691797777,0.6352952069707437,0.6352952069707437,0.0,0.7180529228406496,0.0,28.350132274823693,14.430869689661812,hard,0.2554744998287389,0.2315964074144713,0.2889604088645507,0.11543712712194477
0.0,0.0,23.115497550290097,0.14566928132595872,0.9659471996047093,0.6352952069707437,0.6352952069707437,0.0,0.7180529228406496,0.0,22.946232806279994,14.430869689661812,hard,0.25535467237218856,0.23171118211778596,0.2894267126616721,0.11543712712194477
0.0,0.0,25.692978299996152,0.14577675008763666,0.963928300419866,0.6352952069707437,0.6352952069707437,0.0,0.7180529228406496,0.0,24.911844572411734,14.430869689661812,hard,0.25515835651812097,0.23192469755361453,0.2899439241714688,0.11543712712194477
0.0,0.0,40.11405981026975,0.14622265909583904,0.9531999919739321,0.745385806143369,0.7453858061433689,0.0,0.8774964387392122,0.0,36.17035250035587,14.430869689661812,hard,0.2531317166456334,0.2320755870923794,0.29036711773011964,0.11565538073348261
0.0,0.0,24.60198319579877,0.14684449135748595,0.9528578988760977,0.7211102550927979,0.7211102550927978,0.13999999999999999,0.9173875952943773,0.0,24.504897469689606,14.430869689661812,hard,0.25128848860857583,0.23226419783208047,0.2910010973921745,0.11582007771186452
0.0,0.0,45.18890568587446,0.146713097606078,0.9448526171887088,0.745385806143369,0.7453858061433689,0.13999999999999999,0.9340235543068494,0.0,42.44580544647492,14.430869689661812,hard,0.25088883170593645,0.23232433609757996,0.2922862042916855,0.11600063633671955
0.0,0.0,39.06405863957321,0.14692612469939115,0.942158912682096,0.7378346698278687,0.7378346698278687,0.13999999999999999,0.9228217596047461,0.0,35.61361537389878,14.430869689661812,hard,0.2504315809160605,0.23230059136598913,0.2917457551036283,0.11635483535281291
0.0,0.0,45.61350880920726,0.14787802035598593,0.9400273817271929,0.7549834435270749,0.7549834435270749,0.13999999999999999,0.9314504817756014,0.0,38.73801233930311,14.430869689661812,hard,0.25035955019477524,0.23269183295832446,0.29181002136925543,0.11664589673405575
0.0,0.0,56.21497039793901,0.14829326094677028,0.9371763887223065,0.7432361670424819,0.7432361670424819,0.13999999999999999,0.9167333309092672,0.0,52.82755341675403,14.430869689661812,hard,0.25046195041247044,0.23218947842395155,0.2919581901882167,0.11707529315586794
0.0,0.0,50.1859424865956,0.1489655153684927,0.9352591532655785,0.7364781055808788,0.7364781055808788,0.13999999999999999,0.9086253353280438,0.0,45.82079877086387,14.430869689661812,hard,0.25065498743006853,0.2318259474977728,0.2921611590585161,0.11788343073384502
0.0,0.0,32.5664483275092,0.1494900650863528,0.9339139714321875,0.7364781055808788,0.7364781055808788,0.13999999999999999,0.9086253353280438,0.0,31.689720730861605,14.430869689661812,hard,0.2508342361539486,0.23146348540095288,0.2930484559774548,0.11870156628690909
0.0,0.0,36.59634714497894,0.15031064694957358,0.9299485578874581,0.7364781055808788,0.7364781055808788,0.13999999999999999,0.9086253353280438,0.0,36.469302159487505,14.430869689661812,hard,0.25081156437934826,0.2311750315486692,0.29370254733912093,0.12022959302500429
0.0,0.0,29.574845955565564,0.15111232635729402,0.9293013598768809,0.7364781055808788,0.7364781055808788,0.13999999999999999,0.9086253353280438,0.0,27.19517604282054,14.430869689661812,hard,0.2506666599044243,0.23117946445345547,0.29454768182448265,0.12148724153757752
0.0,0.0,34.77463525530044,0.15105566162161674,0.9247547999581847,0.7364781055808788,0.7364781055808788,0.13999999999999999,0.9086253353280438,0.0,33.8969084136002,14.430869689661812,hard,0.24952782655343134,0.2295088436532029,0.29546635358585804,0.12238191633254089
0.0,0.0,27.711357015808417,0.1515068887634353,0.9206679112804187,0.7364781055808788,0.7364781055808788,0.13999999999999999,0.9086253353280438,0.0,27.714140794908296,14.430869689661812,hard,0.24937706177787142,0.22917676198133402,0.29659700606820455,0.12351417440419919
0.0,0.0,32.47443193565587,0.1520210437375469,0.9170066920628342,0.7364781055808788,0.7364781055808788,0.13999999999999999,0.9086253353280438,0.0,32.16721933894816,14.430869689661812,hard,0.2491196130270498,0.22852339732575103,0.29781118856119004,0.12522600953297053
0.0,0.0,25.808673184935984,0.1526181350629211,0.9142468991878522,0.7364781055808788,0.7364781055808788,0.13999999999999999,0.9086253353280438,0.0,25.712635026383428,14.430869689661812,hard,0.24906632691300398,0.22816400616911578,0.29843160376055167,0.12704051753184536
0.0,0.0,18.320684087932367,0.15292587943036381,0.9145807623727469,0.7364781055808788,0.7364781055808788,0.13999999999999999,0.9086253353280438,0.0,17.530829986055995,14.430869689661812,hard,0.24911518688298764,0.22826328289005127,0.2988413990115868,0.1278057851309363
0.0,0.0,18.305128747673226,0.15325129160902579,0.9150380902885585,0.7364781055808788,0.7364781055808788,0.13999999999999999,0.9086253353280438,0.0,18.341483037093813,14.430869689661812,hard,0.24902260743944293,0.228279431494414,0.2994284668100682,0.12871218042086066
0.0,0.0,12.69749284000881,0.15357719285393234,0.915796563277295,0.7364781055808788,0.7364781055808788,0.13999999999999999,0.9086253353280438,0.0,12.657661711390459,14.430869689661812,hard,0.24874740913593796,0.22845376942521955,0.2997292589246953,0.12937447153642803
0.0,0.0,16.379938286022018,0.15405425101473394,0.9157606917069937,0.7364781055808788,0.7364781055808788,0.13999999999999999,0.9086253353280438,0.0,15.81504347132818,14.430869689661812,hard,0.24852884713942666,0.22879024213607446,0.3001968651176168,0.13031117853022306
0.0,0.0,13.498931134691414,0.15456933993643968,0.9157586120479574,0.7364781055808788,0.7364781055808788,0.13999999999999999,0.9086253353280438,0.0,13.28645927250748,14.430869689661812,hard,0.24819896331119498,0.2290606137214648,0.3007044482446947,0.1312996582999983
0.0,0.0,24.323710307375446,0.15526818329716532,0.9156694790816592,0.7364781055808788,0.7364781055808788,0.13999999999999999,0.9086253353280438,0.0,17.738049498183276,14.430869689661812,hard,0.24764701306071837,0.22948060399971604,0.301277585467539,0.13247556760443518
0.0,0.0,16.885213643816073,0.15584106866769715,0.9156250631260009,0.7364781055808788,0.7364781055808788,0.13999999999999999,0.9086253353280438,0.0,16.498048369428428,14.430869689661812,hard,0.24689320045698626,0.22990648727017535,0.30174422048114635,0.13291881218491414
0.0,0.0,11.571857891926491,0.15621841474402298,0.915610332331144,0.7364781055808788,0.7364781055808788,0.13999999999999999,0.9086253353280438,0.0,11.352955562319444,14.430869689661812,hard,0.2467280959310436,0.2302663739123756,0.30228228608800467,0.13303090959586686
0.0,0.0,14.703267414425792,0.1563669532056202,0.9078175508205969,0.6873136110975834,0.6873136110975834,0.13999999999999999,0.9643650760992956,0.0,14.52585281489524,14.430869689661812,hard,0.24644020431742084,0.23043532546366377,0.30259289054663724,0.1332586015876316
0.0,0.0,20.00945269764213,0.15711456980831764,0.9077717151304099,0.6873136110975834,0.6873136110975834,0.13999999999999999,0.9643650760992956,0.0,19.971589821544,14.430869689661812,hard,0.24641565328576345,0.2306859505453349,0.3032452390361066,0.13599408075588929
0.0,0.0,36.36239758116805,0.1573629903609166,0.9000827300706002,0.7364781055808788,0.7364781055808788,0.13999999999999999,0.9967948635501691,0.0,26.224179682117796,14.430869689661812,hard,0.24664358471369557,0.2309953901854838,0.30393629595967736,0.1374381878458904
0.0,0.0,24.430615455296817,0.15781026956953267,0.8961677049655353,0.7364781055808788,0.7364781055808788,0.13999999999999999,0.9967948635501691,0.0,23.045554885921057,14.430869689661812,hard,0.24660999109235715,0.2313773739516576,0.30509894551319433,0.13866257222840056
0.0,0.0,35.97470946280501,0.15846707112891686,0.8927726785744002,0.7364781055808788,0.7364781055808788,0.13999999999999999,0.9967948635501691,0.0,35.523085451576414,14.430869689661812,hard,0.24712630244763373,0.2320647168075206,0.30617870997342655,0.14065709177589006
0.0,0.0,28.60336651775222,0.15921908440203428,0.9063284408770327,0.7364781055808788,0.7364781055808788,0.19595917942265428,0.9967948635501691,0.0,28.176933828931777,14.430869689661812,hard,0.24758095615713213,0.2327281712874094,0.30716803453016334,0.14199342488965525
0.0,0.0,57.60134186556274,0.15937743084802966,0.9022685839707435,0.7748548251124205,0.7748548251124207,0.19595917942265428,1.0097524449091468,0.0,46.95146430091398,14.430869689661812,hard,0.24783370656017442,0.23303531205754935,0.30632185133013307,0.14209106015937728
0.0,0.0,31.78561663273306,0.1595407245105731,0.898488882713806,0.7748548251124205,0.7748548251124207,0.19595917942265428,1.0097524449091468,0.0,28.158806792902286,14.430869689661812,hard,0.24804583738822356,0.23327171316207185,0.3064194361693923,0.1428850777516783
0.0,0.0,54.09368460642988,0.15902348476009828,0.8891719538503917,0.7959899496852959,0.795989949685296,0.19595917942265428,1.0166612021711068,0.0,50.17631313677799,14.430869689661812,hard,0.2480204806204851,0.23229030401042025,0.30526525023505374,0.14305759725832456
0.0,0.0,39.788778342691636,0.15931908418913052,0.879211872413226,0.7851114570556209,0.7851114570556209,0.19595917942265428,1.0049875621120892,0.0,35.95966629433593,14.430869689661812,hard,0.24704121539356325,0.23249960827345545,0.30492916273277015,0.14392617911685535
0.0,0.0,37.88101308903172,0.1595699130616739,0.8749030384357427,0.7851114570556209,0.7851114570556209,0.19595917942265428,1.0049875621120892,0.0,32.425921729381876,14.430869689661812,hard,0.24620999987997985,0.23213756521165696,0.30505068291975734,0.14507444540874315
0.0,0.0,36.29509697694757,0.1599002116796891,0.8731160941303258,0.7851114570556209,0.7851114570556209,0.19595917942265428,1.0049875621120892,0.0,29.777904560260783,14.430869689661812,hard,0.24620325296612755,0.23237576321456316,0.30532814888046383,0.14631553369226005
0.0,0.0,41.528807750804674,0.15956695392332135,0.8682239025380178,0.7851114570556209,0.7851114570556209,0.19595917942265428,1.0049875621120892,0.0,38.11464810279639,14.430869689661812,hard,0.2450161111705114,0.2315575708273563,0.3054109638162373,0.14782002808241165
0.0,0.0,23.893782791745682,0.1595606428281673,0.8655793952978523,0.7851114570556209,0.7851114570556209,0.19595917942265428,1.0049875621120892,0.0,23.872997298202836,14.430869689661812,hard,0.24462109088738695,0.23128413605968254,0.3056923315007392,0.1490703071057188
0.0,0.0,28.368887808811635,0.15977716392600225,0.8608321478085682,0.7851114570556209,0.7851114570556209,0.19595917942265428,1.0049875621120892,0.0,25.27864711569826,14.430869689661812,hard,0.24457892441896076,0.23117926876086853,0.3058190422467836,0.1507465498549125
0.0,0.0,28.43136881702431,0.1595139778402261,0.8560500089453522,0.7851114570556209,0.7851114570556209,0.19595917942265428,1.0049875621120892,0.0,28.105237945977258,14.430869689661812,hard,0.24406081349291,0.23021694836544895,0.30595483279357,0.1520303936002812
0.0,0.0,32.08323106214554,0.15954974848875683,0.8523674793451681,0.7851114570556209,0.7851114570556209,0.19595917942265428,1.0049875621120892,0.0,31.71738324641552,14.430869689661812,hard,0.244017005512812,0.22992030735585237,0.30701362739120797,0.15346197680109905
0.0,0.0,26.341644075695125,0.15987933232635768,0.8492463948429166,0.7851114570556209,0.7851114570556209,0.19595917942265428,1.0049875621120892,0.0,24.190254235952132,14.430869689661812,hard,0.2441137627873021,0.22979386653033598,0.30796759797544454,0.15474566110437216
0.0,0.0,22.1468883574563,0.16038083389243835,0.8486487688780937,0.7851114570556209,0.7851114570556209,0.19595917942265428,1.0049875621120892,0.0,21.457688598728428,14.430869689661812,hard,0.24415425182604494,0.2298771325068075,0.3088184436796594,0.15563481957312267
0.0,0.0,25.54091682123113,0.16095580279527147,0.8457209437218863,0.7851114570556209,0.7851114570556209,0.19595917942265428,1.0049875621120892,0.0,25.261235124197707,14.430869689661812,hard,0.24428125744697005,0.2301140915859974,0.3096886412301716,0.1569330164810627
0.0,0.0,28.207248801449463,0.16118192279797477,0.8430864801556106,0.7851114570556209,0.7851114570556209,0.19595917942265428,1.0049875621120892,0.0,24.17328277251561,14.430869689661812,hard,0.24433964731541838,0.23024207019870077,0.31014907457832613,0.15983927452197316
0.0,0.0,32.052045420976654,0.16135595314682336,0.8405956628580307,0.7851114570556209,0.7851114570556209,0.19595917942265428,1.0049875621120892,0.0,30.1554903790338,14.430869689661812,hard,0.24459897322458868,0.23032385163999944,0.3107417906999287,0.16260202787083317
0.0,0.0,29.801304437766596,0.16148110501547344,0.8385447048277113,0.7851114570556209,0.7851114570556209,0.19595917942265428,1.0049875621120892,0.0,29.975783559400078,14.430869689661812,hard,0.24471199034242236,0.23017246823704113,0.3117911631456831,0.16418078714008652
0.0,0.0,19.427836200230686,0.16157800312948628,0.8366443406170005,0.7851114570556209,0.7851114570556209,0.19595917942265428,1.0049875621120892,0.0,19.217086147488647,14.430869689661812,hard,0.2447285050596814,0.23007547018115562,0.3123377942988461,0.16526291748013677
0.0,0.0,20.56180725262753,0.1616329027595969,0.8352822064464184,0.7851114570556209,0.7851114570556209,0.19595917942265428,1.0049875621120892,0.0,20.60509645694482,14.430869689661812,hard,0.2447529262404261,0.22968354215762893,0.31294004015122723,0.16628492235022316
0.0,0.0,8.696512261486342,0.16177118202982085,0.8354935773132939,0.7851114570556209,0.7851114570556209,0.19595917942265428,1.0049875621120892,0.0,8.21776125231197,14.430869689661812,hard,0.24479815809472802,0.22977678593853387,0.3132232306648194,0.16655578968663298
0.0,0.0,18.558786347351923,0.16180581132577798,0.8346981099905554,0.7851114570556209,0.7851114570556209,0.19595917942265428,1.0049875621120892,0.0,17.650201131998468,14.430869689661812,hard,0.24470859051864502,0.2292778353302729,0.31356047743059967,0.16689598511237286
0.0,0.0,33.99970027588511,0.1624820795419593,0.8352693556288703,0.8717797887081347,0.8717797887081347,0.19595917942265428,1.065082156455548,0.0,28.159147714375163,14.430869689661812,hard,0.24470859051864502,0.22941564475620974,0.31434865270730517,0.16891020412042815
0.0,0.0,32.681636995791635,0.162984449547092,0.8354698215901039,0.8717797887081347,0.8717797887081347,0.19595917942265428,1.065082156455548,0.0,31.86047708368473,14.430869689661812,hard,0.24470859051864502,0.2298231120202924,0.3149232555107776,0.17032494367313533
0.0,0.0,32.68707630754133,0.16325596835288889,0.8354698215901039,0.893532316147547,0.893532316147547,0.19595917942265428,1.0770329614269007,0.0,29.31225682201901,14.430869689661812,hard,0.24470859051864502,0.22998562293537148,0.3154139686994234,0.17096617800715005
0.0,0.0,43.11757619911494,0.16371603511497876,0.8354698215901039,0.9000000000000001,0.9000000000000001,0.19595917942265428,1.0734989520255716,0.0,39.81479122135391,14.430869689661812,hard,0.24470859051864502,0.23012116735512494,0.3150471164699959,0.1730381725413772
0.0,0.0,41.9169238573153,0.164223446470253,0.8354698215901039,0.9303762679690405,0.9303762679690405,0.19595917942265428,1.0961751684835777,0.0,39.41991882284894,14.430869689661812,hard,0.24470859051864502,0.2301701855485289,0.31551462182549395,0.17738098061153187
0.0,0.0,38.93019159438928,0.16518453841206987,0.8354698215901039,0.9167333309092672,0.9167333309092672,0.19595917942265428,1.0816653826391969,0.0,37.4299345444258,14.430869689661812,hard,0.24470859051864502,0.23014694484984574,0.3155460300605696,0.18185318541303316
0.0,0.0,39.4415441226246,0.16584679675520864,0.8354698215901039,0.9097252332435327,0.9097252332435328,0.19595917942265428,1.0697663296253066,0.0,29.983495460002658,14.430869689661812,hard,0.24470859051864502,0.23019339927320911,0.3148859458437006,0.18494934052393838
0.0,0.0,30.864246906611005,0.16642300349462552,0.8418058311354405,0.8944271909999159,0.8944271909999159,0.23748684174075835,1.0537551897855593,0.0,26.618978192259743,14.430869689661812,hard,0.24470859051864502,0.23031891859354806,0.31413258752208,0.18757547748855324
0.0,0.0,35.347065436809324,0.16679083590100377,0.8383072624501925,0.8944271909999159,0.8944271909999159,0.23748684174075835,1.0537551897855593,0.0,35.06365069413052,14.430869689661812,hard,0.24417121749398626,0.22959109489989646,0.3141712778757884,0.19065485750419403
0.0,0.0,32.68830810308179,0.16763140498674275,0.8382772423520611,0.8944271909999159,0.8944271909999159,0.23748684174075835,1.0537551897855593,0.0,32.37394631489958,14.430869689661812,hard,0.24417961663285523,0.2297251279631134,0.313773301604834,0.19443693046117708
0.0,0.0,31.43235556715603,0.16823991575677358,0.8353846622862459,0.8944271909999159,0.8944271909999159,0.23748684174075835,1.0537551897855593,0.0,31.408922299244846,14.430869689661812,hard,0.2438420775624441,0.22944126843935742,0.3135078239622276,0.19880804950002356
0.0,0.0,44.061914380382525,0.1691590384835336,0.8353347985889364,0.8944271909999159,0.8944271909999159,0.23748684174075835,1.0537551897855593,0.0,44.38796683787172,14.430869689661812,hard,0.24389089714509576,0.22966230065115273,0.31412881234043355,0.20520995805124603
0.0,0.0,42.82112805482352,0.1699170623684763,0.8345023674721521,0.8944271909999159,0.8944271909999159,0.23748684174075835,1.0537551897855593,0.0,38.19489494683812,14.430869689661812,hard,0.244069879927411,0.2298203559355644,0.314720369684883,0.20871289352078526
0.0,0.0,44.57563791657756,0.1707547999723187,0.8344103535236176,0.8944271909999159,0.8944271909999159,0.23748684174075835,1.0537551897855593,0.0,40.17479807043217,14.430869689661812,hard,0.24431426992857416,0.23014557431981036,0.31455952229761314,0.21259090923541865
0.0,0.0,31.95190789677614,0.17109785190101057,0.8342530697051976,0.8944271909999159,0.8944271909999159,0.23748684174075835,1.0537551897855593,0.0,32.750719076075264,14.430869689661812,hard,0.24454090685764965,0.2304705825899229,0.31423969492080944,0.21542009171575352
0.0,0.0,32.83873843212221,0.1718635040935814,0.8342245422806717,0.8944271909999159,0.8944271909999159,0.23748684174075835,1.0537551897855593,0.0,32.09698428201627,14.430869689661812,hard,0.24477110007358607,0.23073851505812903,0.31475520035661,0.21893052737423993
0.0,0.0,42.71131254816016,0.17276330900489348,0.8342124074125614,0.8944271909999159,0.8944271909999159,0.23748684174075835,1.0537551897855593,0.0,37.303302802835034,14.430869689661812,hard,0.24488156338493075,0.23132473014478697,0.3160024920253947,0.2214900137379079
0.0,0.0,30.424788701131952,0.17352731347496225,0.8341762390045082,0.8944271909999159,0.8944271909999159,0.23748684174075835,1.0537551897855593,0.0,30.087745013543305,14.430869689661812,hard,0.24491765222859352,0.23161203773633773,0.3172450728947831,0.22323831813810333
0.0,0.0,21.99441957991143,0.17405592702404107,0.8399078201387962,0.8944271909999159,0.8944271909999159,0.2712931993250107,1.0537551897855593,0.0,22.12314625002511,14.430869689661812,hard,0.24487783649702358,0.2319188155203674,0.31775497315866574,0.22457766349565342
0.0,0.0,24.37058921515091,0.17467887965022796,0.8397856815769085,0.8944271909999159,0.8944271909999159,0.2712931993250107,1.0537551897855593,0.0,24.238060978551893,14.430869689661812,hard,0.2448849237406939,0.23227286963872984,0.31796937155919747,0.2256242254470389
0.0,0.0,14.66649985332106,0.1750143153205888,0.8393467314525144,0.8944271909999159,0.8944271909999159,0.2712931993250107,1.0537551897855593,0.0,14.721752613055282,14.430869689661812,hard,0.24489337738086042,0.23235714192340715,0.31830030452825997,0.22621161371839238
0.0,0.0,14.560443866318522,0.17537014190476838,0.8448322697242646,0.8944271909999159,0.8944271909999159,0.3,1.0537551897855593,0.0,14.262412138204391,14.430869689661812,hard,0.24491035370869865,0.23236972849392082,0.31860061626983105,0.22718204887878277
0.0,0.0,19.090528757820312,0.17572294881939138,0.8442597877719041,0.8944271909999159,0.8944271909999159,0.3,1.0537551897855593,0.0,13.573503600765722,14.430869689661812,hard,0.24491035370869865,0.23237693925803712,0.31870391975093487,0.2278424989567525
0.0,0.0,10.693201442111667,0.1760413833785004,0.8438053385354525,0.8944271909999159,0.8944271909999159,0.3,1.0537551897855593,0.0,10.502114072890276,14.430869689661812,hard,0.24491035370869865,0.23237693925803712,0.3188555949645911,0.22859435441035558
0.0,0.0,11.011494411172157,0.17619219671600575,0.8412587348636852,0.8944271909999159,0.8944271909999159,0.3,1.0537551897855593,0.0,10.63746210334025,14.430869689661812,hard,0.24457778576058334,0.23227675090979572,0.3189532374130575,0.2293012547417315
0.0,0.0,15.66502029337736,0.1766291310025677,0.8408178611070349,0.8944271909999159,0.8944271909999159,0.3,1.0537551897855593,0.0,14.783774890061062,14.430869689661812,hard,0.24457778576058334,0.23231766484191096,0.31922206027281175,0.23037530413377383
0.0,0.0,16.80776113689988,0.1771623964557629,0.8404899382213645,0.8944271909999159,0.8944271909999159,0.3,1.0537551897855593,0.0,15.89778600937879,14.430869689661812,hard,0.24457778576058334,0.2323897825426693,0.3196901868481333,0.23159759889009315
0.0,0.0,30.94585860411417,0.17817536096379313,0.837992828163038,0.9068627239003707,0.9068627239003707,0.3,1.058300524425836,0.0,27.133602783264884,14.430869689661812,hard,0.2445870284820899,0.23250988946165632,0.3204447671137185,0.23227133034472114
0.0,0.0,21.47896101237302,0.17899435670910016,0.8366498593031818,0.9068627239003707,0.9068627239003707,0.3,1.058300524425836,0.0,21.255973278116436,14.430869689661812,hard,0.24459629404148922,0.2327121431987124,0.32134568825904963,0.23347728471369233
0.0,0.0,46.00764801875484,0.17894010005862834,0.8312672979137582,0.8692525524840292,0.8692525524840292,0.3,1.0041912168506553,0.0,35.54490118146342,14.430869689661812,hard,0.24457081098979833,0.23294626978782543,0.3196481800979918,0.23334598334467355
0.0,0.0,27.764649145693166,0.17979019132899118,0.8302877548965558,0.8485281374238571,0.8485281374238571,0.3,0.9830564581955605,0.0,25.849131513457085,14.430869689661812,hard,0.24457791029849166,0.23317018538689285,0.3193644682589171,0.23473807282273074
0.0,0.0,26.402494437945904,0.180485846529903,0.8294625200996234,0.8506468127254695,0.8506468127254695,0.3,0.9816312953446422,0.0,24.208725699631525,14.430869689661812,hard,0.24469169774536662,0.233402775639758,0.3200879307411468,0.23554327040209005
0.0,0.0,33.35028942280992,0.1810610713046484,0.8289086235533747,0.8506468127254695,0.8506468127254695,0.3,0.9816312953446422,0.0,24.03051393541137,14.430869689661812,hard,0.2448485207084489,0.23352544254657998,0.3206131275629621,0.2364373775309748
0.0,0.0,27.913726071923808,0.18197304106879414,0.8282096770029215,0.8506468127254695,0.8506468127254695,0.3,0.9816312953446422,0.0,27.446675572826667,14.430869689661812,hard,0.24487857390615453,0.23386634184000382,0.3214666727349376,0.23839495889713416
0.0,0.0,35.07619847023341,0.18316486308025334,0.8279392709851154,0.8506468127254695,0.8506468127254695,0.3,0.9816312953446422,0.0,31.30127792918366,14.430869689661812,hard,0.2448731727765414,0.23438522383874957,0.322148424724645,0.24072416636802355
0.0,0.0,29.79021292483217,0.18438160310603918,0.827883751983926,0.8506468127254695,0.8506468127254695,0.3,0.9816312953446422,0.0,28.09768673752343,14.430869689661812,hard,0.24486347597486896,0.23462696705893887,0.32348473835790087,0.24286794177266074
0.0,0.0,26.52611251577576,0.18527753546649242,0.827907996770681,0.8506468127254695,0.8506468127254695,0.3,0.9816312953446422,0.0,26.465381161056417,14.430869689661812,hard,0.24486347597486896,0.23463708744356243,0.32406941690518015,0.24493274265223125
0.0,0.0,20.762409684772617,0.18620401811233425,0.8281665063516849,0.8506468127254695,0.8506468127254695,0.3,0.9816312953446422,0.0,20.536796244789496,14.430869689661812,hard,0.24481748934842165,0.23468249461257462,0.32490061615530963,0.24714382579376365
0.0,0.0,14.982490800181463,0.18672465053580198,0.8286407973950868,0.8506468127254695,0.8506468127254695,0.3,0.9816312953446422,0.0,14.994345600925703,14.430869689661812,hard,0.24481748934842165,0.23472722503245813,0.3254967457139003,0.2483089080238368
0.0,0.0,31.401712300153196,0.18793778768998443,0.8288898237386224,0.8506468127254695,0.8506468127254695,0.3,0.9816312953446422,0.0,26.01744799168435,14.430869689661812,hard,0.24481748934842165,0.23476319656093786,0.3272633968066661,0.2507079112709053
0.0,0.0,19.60085430828708,0.18877773234373638,0.8279484302073558,0.8506468127254695,0.8506468127254695,0.3,0.9816312953446422,0.0,19.347568322660088,14.430869689661812,hard,0.24481748934842165,0.23476319656093786,0.32850471702032624,0.2524246643027618
0.0,0.0,21.9466557645183,0.18975466421239467,0.8279266273620141,0.8506468127254695,0.8506468127254695,0.3,0.9816312953446422,0.0,21.71082679217906,14.430869689661812,hard,0.24481748934842165,0.2348896587296564,0.3296667849897601,0.25474573792635125
0.0,0.0,24.858984833622433,0.19067656726562376,0.834187281971634,0.8506468127254695,0.8506468127254695,0.3249615361854384,0.9816312953446422,0.0,24.152846623120844,14.430869689661812,hard,0.24479954026501205,0.23472295061363221,0.3311237702995199,0.2570598546030728
0.0,0.0,37.31732583840519,0.19129996518392384,0.8332425005400516,0.8506468127254695,0.8506468127254695,0.3249615361854384,0.9816312953446422,0.0,36.95844152558384,14.430869689661812,hard,0.24471117621171937,0.2341394286005167,0.33256308580023775,0.25909447609598363
0.0,0.0,37.08955901914168,0.1921197337707249,0.832324940202562,0.8506468127254695,0.8506468127254695,0.3249615361854384,0.9816312953446422,0.0,36.774991502378356,14.430869689661812,hard,0.24456624651965514,0.23358031181182706,0.33400605989777715,0.2616095321252858
0.0,0.0,30.111028422661736,0.1930578957774746,0.8317662993502062,0.8506468127254695,0.8506468127254695,0.3249615361854384,0.9816312953446422,0.0,29.648581753601636,14.430869689661812,hard,0.24447602236250157,0.23331652727991267,0.33538123253820656,0.26451473530707764
0.0,0.0,38.578313495715584,0.19370419734288477,0.8301320803766674,0.8506468127254695,0.8506468127254695,0.3249615361854384,0.9816312953446422,0.0,38.28940323379303,14.430869689661812,hard,0.24423680697234845,0.2328684900892248,0.3364786789045137,0.2675260096222775
0.0,0.0,33.52043289957441,0.19430029006972918,0.8298668260034033,0.8506468127254695,0.8506468127254695,0.3249615361854384,0.9816312953446422,0.0,33.719169622041406,14.430869689661812,hard,0.24412904915108907,0.23250504426942015,0.3376835957360166,0.2699264113175967
0.0,0.0,41.34954869117773,0.19503516850043298,0.8298014814713486,0.8506468127254695,0.8506468127254695,0.3249615361854384,0.9816312953446422,0.0,36.0292325757849,14.430869689661812,hard,0.24402651269754477,0.23239083890359769,0.3385136757872512,0.2740673817655868
0.0,0.0,42.76412497733031,0.1958004456157107,0.829967630944552,0.8754427451295715,0.8754427451295715,0.3249615361854384,1.0,0.0,41.14948359335752,14.430869689661812,hard,0.24367398327414563,0.231948813580902,0.3394753166235926,0.27764984297544365
0.0,0.0,34.47287889078406,0.19705693131368418,0.8301802277815136,0.92,0.92,0.3249615361854384,1.0537551897855593,0.0,32.874281741203106,14.430869689661812,hard,0.24345799037471103,0.23178511105782787,0.3404510499541908,0.28124756079104285
0.0,0.0,53.714064439367924,0.1969632350686101,0.8284738375046985,0.9635351576356723,0.9635351576356723,0.3249615361854384,1.0734989520255713,0.0,45.85630163892417,14.430869689661812,hard,0.24287548388613212,0.23170611592253787,0.33931471862130913,0.2814717650467107
0.0,0.0,44.73052507198863,0.19740634094247117,0.8275265536949473,0.9635351576356723,0.9635351576356723,0.3249615361854384,1.0734989520255713,0.0,38.33015001275106,14.430869689661812,hard,0.24234290940051562,0.23163819821427026,0.33862739340797227,0.28311319510345817
0.0,0.0,52.52785268879898,0.197160259551341,0.8223223784547123,0.977547952787995,0.977547952787995,0.3249615361854384,1.0712609392673664,0.0,48.96179735262993,14.430869689661812,hard,0.24186152346291923,0.23158717485600389,0.33775884515276317,0.28271644742325386
0.0,0.0,47.97897440168494,0.1965630460390367,0.8170092224235234,0.9219544457292888,0.9219544457292888,0.3249615361854384,1.004987562112089,0.0,42.13084855542314,14.430869689661812,hard,0.24157343194991795,0.2309126685925271,0.3343208786838518,0.28268964765959265
0.0,0.0,44.71331414750708,0.19673460151352654,0.811979366010638,0.9340235543068494,0.9340235543068494,0.3249615361854384,1.0081666528902848,0.0,40.394182749499954,14.430869689661812,hard,0.2411489350348024,0.23053011779550328,0.33324965267525375,0.283760257719272
0.0,0.0,53.13780873162837,0.19749722545798598,0.8086018098116529,0.928654941299512,0.928654941299512,0.3249615361854384,0.9991996797437438,0.0,51.24621351865911,14.430869689661812,hard,0.2408000838783488,0.22999589986901772,0.33356498719485855,0.2842188788338844
0.0,0.0,47.10230935073187,0.19779495219670862,0.8062909950715978,0.9008884503644167,0.9008884503644167,0.3249615361854384,0.9693296652842108,0.0,43.3078099192282,14.430869689661812,hard,0.2403797294786196,0.22942865709100357,0.3325233790731301,0.2844406810711144
0.0,0.0,40.25318449902459,0.19781481807311202,0.8047753307239783,0.9008884503644167,0.9008884503644167,0.3249615361854384,0.9693296652842108,0.0,40.3436289889742,14.430869689661812,hard,0.24012758360037811,0.2287394105206953,0.3317270018376461,0.28497324375665467
0.0,0.0,44.003622265243756,0.19833232488463653,0.8029512500179351,0.9008884503644167,0.9008884503644167,0.3249615361854384,0.9693296652842108,0.0,41.76953914038315,14.430869689661812,hard,0.23997985796838048,0.22832167254213936,0.33124556640184877,0.2866894589941354
0.0,0.0,45.15645948369844,0.197985667694106,0.8009592502012445,0.9008884503644167,0.9008884503644167,0.3249615361854384,0.9693296652842108,0.0,45.07416554968045,14.430869689661812,hard,0.23962298695938128,0.22717082086999618,0.3288649252227726,0.2882109203612271
0.0,0.0,55.665614541023714,0.1979744629060876,0.799422058404415,0.9008884503644167,0.9008884503644167,0.3249615361854384,0.9693296652842108,0.0,46.81678758736015,14.430869689661812,hard,0.23934182899371856,0.22646900175171178,0.3270636254666737,0.2898828814919827
0.0,0.0,50.70344865907737,0.19763003770318158,0.7985311842851441,0.9008884503644167,0.9008884503644167,0.3249615361854384,0.9693296652842108,0.0,48.565156233662,14.430869689661812,hard,0.23912296619632223,0.22597761960068954,0.32327918304854764,0.2915109666942929
0.0,0.0,49.912148196474796,0.1978256092935203,0.8063024425123805,0.9008884503644167,0.9008884503644167,0.3469870314579494,0.9693296652842108,0.0,50.06947573122771,14.430869689661812,hard,0.23900244300889642,0.2254721124688872,0.3204083936934224,0.2947124811294356
0.0,0.0,56.23520002543488,0.19833576899494898,0.8058329945013176,0.9008884503644167,0.9008884503644167,0.3469870314579494,0.9693296652842108,0.0,56.48801996883941,14.430869689661812,hard,0.23893045986304623,0.22545540630224725,0.3183646992345595,0.2975151254488592
0.0,0.0,45.96130723895594,0.19889525178257916,0.8054959116944953,0.9008884503644167,0.9008884503644167,0.3469870314579494,0.9693296652842108,0.0,42.46819515825931,14.430869689661812,hard,0.2389211356384921,0.22552590952574877,0.3171036276659191,0.3005525432442731
0.0,0.0,41.7740050369802,0.1993936648347111,0.805459567663078,0.9008884503644167,0.9008884503644167,0.3469870314579494,0.9693296652842108,0.0,35.598314566844316,14.430869689661812,hard,0.2389316589610091,0.22574257176501575,0.3160999096836789,0.3033243669172996
0.0,0.0,49.70787992991988,0.1999593820615058,0.8031578548289753,0.9008884503644167,0.9008884503644167,0.3469870314579494,0.9693296652842108,0.0,42.63519672758647,14.430869689661812,hard,0.23886740007568427,0.22589439086663848,0.3157175158816263,0.30648526416511757
0.0,0.0,42.375941120039975,0.19994148434742354,0.7957394903565926,0.9008884503644167,0.9008884503644167,0.3469870314579494,0.9693296652842108,0.0,42.18073493906905,14.430869689661812,hard,0.2384900247468596,0.2243724030416817,0.31443954353331144,0.3095927578440927
0.0,0.0,50.5631501892683,0.2002596449819715,0.7895893967955506,0.9008884503644167,0.9008884503644167,0.3469870314579494,0.9693296652842108,0.0,50.070366485577075,14.430869689661812,hard,0.2385976607872718,0.22356028692253269,0.3131241089032128,0.31241016283350886
0.0,0.0,49.44247510296224,0.20050371272271345,0.7827280682400094,0.9008884503644167,0.9008884503644167,0.3469870314579494,0.9693296652842108,0.0,45.56841449951929,14.430869689661812,hard,0.23842079631789342,0.22273373638112448,0.31229753883827993,0.31489336245082833
0.0,0.0,35.39813351518175,0.20072122635379175,0.7745328408273006,0.9008884503644167,0.9008884503644167,0.3469870314579494,0.9693296652842108,0.0,35.69979831875805,14.430869689661812,hard,0.23793726676054383,0.2217995695817359,0.31204712106137483,0.31742835925695484
0.0,0.0,44.48234293159147,0.2014601434002791,0.7677352928833805,0.9008884503644167,0.9008884503644167,0.3469870314579494,0.9693296652842108,0.0,44.29140322906918,14.430869689661812,hard,0.23782553033978152,0.22115042508816257,0.3118620049985826,0.32122355339638087
0.0,0.0,45.54822736575379,0.20148413768931417,0.7610803786328043,0.9008884503644167,0.9008884503644167,0.3469870314579494,0.9693296652842108,0.13999999999999999,42.35546717957435,14.430869689661812,hard,0.2362070531380435,0.22053865724623908,0.31187132941111056,0.324413395269223
0.0,0.0,47.2173467824381,0.20204035088676434,0.7550086155266915,0.916515138991168,0.916515138991168,0.3469870314579494,0.9797958971132712,0.27999999999999997,43.12460550544202,14.430869689661812,hard,0.23576073710627965,0.22037823342074925,0.3118608981712785,0.32728837749026557
0.0,0.0,49.97520297570783,0.20190640569718335,0.7434685467198433,0.9593747964169166,0.9593747964169166,0.3469870314579494,1.0081666528902848,0.27999999999999997,44.37159451721337,14.430869689661812,hard,0.2351349188173844,0.22005577068034204,0.31221161288034344,0.3274949587472887
0.0,0.0,47.810840988113725,0.2018011353233816,0.7344210991408178,0.9516301802696255,0.9516301802696255,0.3469870314579494,0.996794863550169,0.27999999999999997,41.19845142720779,14.430869689661812,hard,0.23467275780676203,0.21933073803227504,0.310524657834063,0.3293759134714757
0.0,0.0,43.220419995403184,0.2011995385109759,0.7220618775857492,0.9346657156438338,0.9346657156438338,0.3469870314579494,0.9724196624914574,0.27999999999999997,38.64495309869064,14.430869689661812,hard,0.2333648144106157,0.21843013598340447,0.3100020096420661,0.3282610840842458
0.0,0.0,46.29946414704866,0.20080055678462888,0.7132458000768147,0.9254188241007419,0.9254188241007419,0.3469870314579494,0.9593747964169165,0.27999999999999997,44.8308331397042,14.430869689661812,hard,0.23284774532665142,0.21783566845308766,0.30860031095186574,0.32831987339873253
0.0,0.0,47.284774060815316,0.1997355277117178,0.7042991264667774,0.916515138991168,0.916515138991168,0.3469870314579494,0.938083151964686,0.27999999999999997,40.03618862978843,14.430869689661812,hard,0.23190207884421973,0.21726721622266393,0.3068726033283773,0.32655690624638856
0.0,0.0,47.63481787105938,0.1989222522324377,0.6955558141114675,0.916515138991168,0.916515138991168,0.3469870314579494,0.938083151964686,0.27999999999999997,44.08619284991617,14.430869689661812,hard,0.2311771300589646,0.2164968909153316,0.3052564891957654,0.3243120623830402
0.0,0.0,46.19667702571304,0.1981334101949719,0.687219559107081,0.8829496021857646,0.8829496021857646,0.3469870314579494,0.9008884503644167,0.27999999999999997,41.3516094003607,14.430869689661812,hard,0.23074412414923676,0.21596075077045013,0.30151574439865236,0.3234654591311764
0.0,0.0,45.837811994223806,0.1978262359464583,0.6797522058332733,0.8829496021857646,0.8829496021857646,0.3469870314579494,0.9008884503644167,0.27999999999999997,40.787919780248664,14.430869689661812,hard,0.23008415535339907,0.21512518421413981,0.300452507916928,0.3235126068663847
0.0,0.0,36.92753948875124,0.1977490127362623,0.6726441099758317,0.8829496021857646,0.8829496021857646,0.3469870314579494,0.9008884503644167,0.27999999999999997,36.45558942055388,14.430869689661812,hard,0.2297296540433425,0.21448317171717957,0.30020742678351514,0.3235494408424511
0.0,0.0,45.963235206964505,0.19807686046625192,0.6655207609056851,0.8829496021857646,0.8829496021857646,0.3469870314579494,0.9008884503644167,0.27999999999999997,41.19856308173866,14.430869689661812,hard,0.22971275544607508,0.21450247901264594,0.3002959486179734,0.3237050678107353
0.0,0.0,36.52964104551104,0.1986411040069674,0.6604749488613988,0.8829496021857646,0.8829496021857646,0.3469870314579494,0.9008884503644167,0.27999999999999997,29.62043213729334,14.430869689661812,hard,0.22968987032373148,0.21453853523213995,0.30077777209915524,0.32433652751121517
0.0,0.0,33.88297797079742,0.19885799454260372,0.6558674819071257,0.8829496021857646,0.8829496021857646,0.3469870314579494,0.9008884503644167,0.27999999999999997,33.49746259047094,14.430869689661812,hard,0.22953802162542417,0.21409581214285883,0.3000251009492248,0.324491687384706
0.0,0.0,34.71943547729616,0.19878187141756795,0.6512661766883239,0.8829496021857646,0.8829496021857646,0.3469870314579494,0.9008884503644167,0.27999999999999997,34.331769543674845,14.430869689661812,hard,0.22914344064290607,0.21350976623662227,0.298753755113266,0.3246810971795951
0.0,0.0,26.486543529999643,0.19894011370114378,0.647452511031037,0.8829496021857646,0.8829496021857646,0.3469870314579494,0.9008884503644167,0.27999999999999997,26.24592158793438,14.430869689661812,hard,0.22900913226385727,0.21335346187907372,0.29869038803873127,0.32551572315119376
0.0,0.0,37.73495235438038,0.19816121933789071,0.6436517760184135,0.8829496021857646,0.8829496021857646,0.3469870314579494,0.9008884503644167,0.27999999999999997,38.02793183963598,14.430869689661812,hard,0.22820604128767608,0.21242289533074082,0.29623291202335,0.325669953626737
0.0,0.0,36.0075317779494,0.19773425200052994,0.6396704569537168,0.8829496021857646,0.8829496021857646,0.3469870314579494,0.9008884503644167,0.27999999999999997,31.11413826542525,14.430869689661812,hard,0.22768955866667112,0.2114504256763314,0.2950158362207109,0.32636385695061937
0.0,0.0,38.196984891673274,0.19732125020393246,0.6360307530833588,0.8829496021857646,0.8829496021857646,0.3469870314579494,0.9008884503644167,0.27999999999999997,31.14305058917639,14.430869689661812,hard,0.22734069679330934,0.21104062065799142,0.29350877392845737,0.3262042386976416
0.0,0.0,34.316036862429726,0.1971122171487967,0.632784717647705,0.8829496021857646,0.8829496021857646,0.3469870314579494,0.9008884503644167,0.27999999999999997,29.441983628825014,14.430869689661812,hard,0.22714748579534033,0.21083356813220508,0.29234139927603636,0.32629163468935923
0.0,0.0,23.20473411406143,0.19726549259471637,0.6466830983146015,0.8829496021857646,0.8829496021857646,0.36660605559646714,0.9008884503644167,0.27999999999999997,22.708447767295763,14.430869689661812,hard,0.22720827147278136,0.21098544891514154,0.2919237190003263,0.32648369962247664
0.0,0.0,27.980586579901523,0.19749717912774112,0.6463066693962304,0.8829496021857646,0.8829496021857646,0.36660605559646714,0.9008884503644167,0.27999999999999997,27.810364974232176,14.430869689661812,hard,0.2272684204753749,0.21123380891048765,0.2915988127804022,0.32635396920501586
0.0,0.0,20.761098288541582,0.19774244640458236,0.6461841859086095,0.8829496021857646,0.8829496021857646,0.36660605559646714,0.9008884503644167,0.27999999999999997,20.981896959045432,14.430869689661812,hard,0.22729352120550536,0.21129230782071387,0.291306629911682,0.3266211787409664
0.0,0.0,25.793748884086362,0.19796955720029183,0.6458887589845327,0.8829496021857646,0.8829496021857646,0.36660605559646714,0.9008884503644167,0.27999999999999997,21.835576475101362,14.430869689661812,hard,0.22731260522832245,0.21133517246302497,0.2910560222685155,0.326566673156023
0.0,0.0,33.837069443623605,0.19791158375131004,0.6450966239053111,0.893532316147547,0.893532316147547,0.36660605559646714,0.9068627239003708,0.27999999999999997,32.35616788187377,14.430869689661812,hard,0.22732545096269954,0.21143000438351503,0.28983604164063115,0.3260226170763387
0.0,0.0,32.1666883127445,0.1981292229629463,0.644234317523889,0.893532316147547,0.893532316147547,0.36660605559646714,0.9068627239003708,0.27999999999999997,31.595094555959157,14.430869689661812,hard,0.22733191073939185,0.21155131904096633,0.28940577796415023,0.32579588358341804
0.0,0.0,36.09449263147797,0.19800868869445062,0.643732146595839,0.9035485598461214,0.9035485598461214,0.36660605559646714,0.9123595782365634,0.27999999999999997,34.27864641434956,14.430869689661812,hard,0.22733191073939185,0.2115828118650801,0.28899164962403096,0.32395400349330705
0.0,0.0,23.86940736202178,0.1979507373682756,0.6433202171728742,0.9035485598461214,0.9035485598461214,0.36660605559646714,0.9123595782365634,0.27999999999999997,22.378784596130327,14.430869689661812,hard,0.22733839511962592,0.21159664845685655,0.2885258012356547,0.3232921572232749
0.0,0.0,31.288417593567086,0.19777020709533635,0.6433255981549039,0.9035485598461214,0.9035485598461214,0.36660605559646714,0.9123595782365634,0.27999999999999997,24.62620555424648,14.430869689661812,hard,0.22733839511962592,0.2115676712653969,0.28791185602256575,0.3223737997046399
0.0,0.0,16.185595996782254,0.19774156484226146,0.64352975978156,0.9035485598461214,0.9035485598461214,0.36660605559646714,0.9123595782365634,0.27999999999999997,15.106303320137592,14.430869689661812,hard,0.22733839511962592,0.21157948311827646,0.2877110101212298,0.32198159418853245
0.0,0.0,36.30577120881183,0.19736438421069716,0.65697802221289,0.9,0.9,0.38418745424597095,0.9,0.27999999999999997,32.74598601355592,14.430869689661812,hard,0.22733839511962592,0.21157948311827646,0.2862262684304158,0.3201233695758866
0.0,0.0,31.895917397104267,0.1968845772630948,0.6569090430437047,0.9,0.9,0.38418745424597095,0.9,0.27999999999999997,31.444713387149832,14.430869689661812,hard,0.22733839511962592,0.21158576009171254,0.2848429769513513,0.3191732491071035
0.0,0.0,28.741944380511757,0.19633340608894118,0.6529818163273253,0.8863407922464136,0.8863407922464136,0.38418745424597095,0.881816307401944,0.27999999999999997,27.345646819923648,14.430869689661812,hard,0.22733839511962592,0.21157213790495139,0.28354092108699985,0.3169342688054914
0.0,0.0,35.570340562231294,0.1959443218882348,0.6510932178924077,0.8863407922464136,0.8863407922464136,0.38418745424597095,0.881816307401944,0.27999999999999997,27.659074460292413,14.430869689661812,hard,0.22733839511962592,0.21156536273010548,0.2820215295378932,0.31626223541348086
0.0,0.0,47.85959200095666,0.19554382986752045,0.6493963950753278,0.8863407922464136,0.8863407922464136,0.38418745424597095,0.881816307401944,0.27999999999999997,46.833530723190194,14.430869689661812,hard,0.22733839511962592,0.21147302593457026,0.28115683807533465,0.31495825007346606
0.0,0.0,42.237586879149276,0.19520058363299356,0.6425341553446917,0.8863407922464136,0.8863407922464136,0.38418745424597095,0.881816307401944,0.27999999999999997,36.909776482661066,14.430869689661812,hard,0.22733839511962592,0.21121337486164057,0.2805607939369579,0.31513658098436625
0.0,0.0,37.07501661010697,0.19502117736720906,0.6416069557466949,0.8863407922464136,0.8863407922464136,0.38418745424597095,0.881816307401944,0.27999999999999997,32.958161356483465,14.430869689661812,hard,0.22733839511962592,0.21105069803001028,0.28037382926296706,0.31459035010856556
0.0,0.0,34.12970725942307,0.1947899605176581,0.641574321403896,0.8863407922464136,0.8863407922464136,0.38418745424597095,0.881816307401944,0.27999999999999997,34.47898490385121,14.430869689661812,hard,0.22733839511962592,0.21097054927271025,0.28006194640185716,0.31457825435941783
0.0,0.0,39.42650373768721,0.19476964893313212,0.6415423245002874,0.8863407922464136,0.8863407922464136,0.38418745424597095,0.881816307401944,0.27999999999999997,39.040491800181,14.430869689661812,hard,0.22733839511962592,0.21100293337908435,0.2804360277662697,0.31474615796973493
0.0,0.0,34.8972964500754,0.19499810981090276,0.641495816154375,0.8863407922464136,0.8863407922464136,0.38418745424597095,0.881816307401944,0.27999999999999997,32.468840447419744,14.430869689661812,hard,0.22733839511962592,0.21096544714841062,0.2808161516431467,0.3156644554579008
0.0,0.0,33.760957194875964,0.19519667329627505,0.6414744028089261,0.8863407922464136,0.8863407922464136,0.38418745424597095,0.881816307401944,0.27999999999999997,33.33481663366397,14.430869689661812,hard,0.22733839511962592,0.21092862398951842,0.2803034280760092,0.316352118907038
0.0,0.0,32.53511689437953,0.19533482147506334,0.6403543783815551,0.8863407922464136,0.8863407922464136,0.38418745424597095,0.881816307401944,0.27999999999999997,32.796225392566136,14.430869689661812,hard,0.22729217216681,0.2108831570406276,0.27999638963339674,0.31706920061654736
0.0,0.0,39.96817409128474,0.1955668602305899,0.6403046424967662,0.8863407922464136,0.8863407922464136,0.38418745424597095,0.881816307401944,0.27999999999999997,36.44566366524281,14.430869689661812,hard,0.22729217216681,0.21098930131988528,0.27923928510871626,0.3177537351939388
0.0,0.0,29.749225521731717,0.19605949278263013,0.6402267233432771,0.8863407922464136,0.8863407922464136,0.38418745424597095,0.881816307401944,0.27999999999999997,29.584455377782433,14.430869689661812,hard,0.22736826261656604,0.2109758235354233,0.2794011038347908,0.3188248532754611
0.0,0.0,29.798277773517622,0.19645263960399592,0.6401670555352655,0.8863407922464136,0.8863407922464136,0.38418745424597095,0.881816307401944,0.27999999999999997,29.520948494247264,14.430869689661812,hard,0.22738108802491624,0.21117066475690333,0.2790464860069986,0.31967011521914357
0.0,0.0,27.8931959277956,0.1969687215675162,0.6400870844141787,0.8863407922464136,0.8863407922464136,0.38418745424597095,0.881816307401944,0.27999999999999997,22.576173280695734,14.430869689661812,hard,0.22738108802491624,0.2112532271545665,0.27933729558679654,0.320627435824812
0.0,0.0,26.07370817417479,0.19745473520179965,0.640068173756138,0.8863407922464136,0.8863407922464136,0.38418745424597095,0.881816307401944,0.27999999999999997,25.64545963713655,14.430869689661812,hard,0.22738108802491624,0.21141622859412884,0.28001172015283593,0.3218065047465609
0.0,0.0,23.409993254828734,0.19789392711261136,0.6399630147440426,0.8863407922464136,0.8863407922464136,0.38418745424597095,0.881816307401944,0.27999999999999997,23.92545924324129,14.430869689661812,hard,0.22739413454808557,0.21146287100835112,0.2805680361605726,0.32234266251493027
0.0,0.0,22.68406798041369,0.1983298485099912,0.6399520332267479,0.8863407922464136,0.8863407922464136,0.38418745424597095,0.881816307401944,0.27999999999999997,21.91087401269059,14.430869689661812,hard,0.22741187380282823,0.21154711564368722,0.2808942304474439,0.3230253748830799
0.0,0.0,33.2334199569882,0.19888262150443364,0.6399400585909844,0.8863407922464136,0.8863407922464136,0.38418745424597095,0.881816307401944,0.27999999999999997,29.150066895292024,14.430869689661812,hard,0.22741187380282823,0.21161021521985432,0.2811194388855829,0.3237140614238129
0.0,0.0,25.369900890768836,0.19932611225128435,0.6399256755609201,0.8863407922464136,0.8863407922464136,0.38418745424597095,0.881816307401944,0.27999999999999997,25.07369139157615,14.430869689661812,hard,0.22741187380282823,0.2116221132970981,0.2812061190880402,0.32442122484969405
0.0,0.0,26.725807864530328,0.19955985904979803,0.6339257552497594,0.8946507698538018,0.8946507698538018,0.38418745424597095,0.8856635930193812,0.27999999999999997,20.207562940641804,14.430869689661812,hard,0.22741187380282823,0.21161422854876386,0.28097388720604866,0.3248394510175564
0.0,0.0,29.372481874429678,0.19956576653020952,0.6318006499580282,0.8799999999999999,0.8799999999999999,0.38418745424597095,0.8662563131083086,0.27999999999999997,26.419053730215243,14.430869689661812,hard,0.22741187380282823,0.21163117428754277,0.2806567445010832,0.32386862443029596
0.0,0.0,31.228992171307958,0.19958279773285983,0.6305423700099164,0.8646386528486916,0.8646386528486916,0.38418745424597095,0.845931439302264,0.27999999999999997,29.64416300049641,14.430869689661812,hard,0.22741187380282823,0.21164632775512465,0.28015470543183335,0.322473097367116
0.0,0.0,22.52122068705466,0.19960926928395814,0.6288265063548022,0.8717797887081347,0.8717797887081347,0.38418745424597095,0.848528137423857,0.27999999999999997,21.378390959096993,14.430869689661812,hard,0.22741187380282823,0.21165115580099875,0.27950260400962473,0.32202734824118134
0.0,0.0,20.606668180221593,0.19969644193992622,0.6271476185813557,0.87840765023991,0.87840765023991,0.38418745424597095,0.8506468127254695,0.27999999999999997,18.979989462589277,14.430869689661812,hard,0.22741187380282823,0.21165115580099875,0.2788604268623756,0.32176842796530375
0.0,0.0,23.90138404852241,0.19969023472436429,0.6257764409458724,0.8845337754998392,0.8845337754998392,0.38418745424597095,0.8522910301065006,0.27999999999999997,23.29275423817458,14.430869689661812,hard,0.22741187380282823,0.21165115580099875,0.2783254372588964,0.32092559733195947
0.0,0.0,32.38380455246163,0.19963266315921996,0.6234792803392949,0.8726969691708572,0.8726969691708572,0.38418745424597095,0.8304215796810678,0.27999999999999997,28.92005532498166,14.430869689661812,hard,0.22741187380282823,0.2116638089843744,0.2778912961782024,0.3184192901168359
0.0,0.0,34.214687323222144,0.19947923995073713,0.6223969179721017,0.8726969691708572,0.8726969691708572,0.38418745424597095,0.8304215796810678,0.27999999999999997,28.980055210437403,14.430869689661812,hard,0.22741187380282823,0.2116638089843744,0.27668408593390614,0.316830424982381
0.0,0.0,34.9470370448653,0.19981752932806077,0.6218426292664518,0.8726969691708572,0.8726969691708572,0.38418745424597095,0.8304215796810678,0.27999999999999997,33.966813215254675,14.430869689661812,hard,0.22741187380282823,0.21166830041270354,0.2762452942105181,0.31647181194728585
0.0,0.0,27.89650271062918,0.20004407734695304,0.6218166049992387,0.8726969691708572,0.8726969691708572,0.38418745424597095,0.8304215796810678,1.0137060717979351,27.12876701953113,14.430869689661812,hard,0.22741187380282823,0.21166831492723426,0.27581034334766247,0.3161959345529273
0.0,0.0,24.740176374202782,0.20018787986306494,0.6222457587746191,0.8726969691708572,0.8726969691708572,0.38418745424597095,0.8304215796810678,1.0137060717979351,24.42150691501243,14.430869689661812,hard,0.22741187380282823,0.21168394822318407,0.2754379619940472,0.3157661509973923
0.0,0.0,31.086188822872003,0.2001086895873022,0.6226235888815025,0.8726969691708572,0.8726969691708572,0.38418745424597095,0.8304215796810678,1.1489125293076057,30.76778185050069,14.430869689661812,hard,0.22741187380282823,0.2117161445092575,0.274860029628969,0.31349427394843016
0.0,0.0,27.29200276517194,0.20037392459720982,0.6229019265516982,0.8726969691708572,0.8726969691708572,0.38418745424597095,0.8304215796810678,1.1489125293076057,27.441290057138346,14.430869689661812,hard,0.22741187380282823,0.21189747073179802,0.2752682112608479,0.3119068697083693
0.0,0.0,20.380406605242268,0.20037362567407074,0.6229019265516982,0.8726969691708572,0.8726969691708572,0.38418745424597095,0.8304215796810678,1.1489125293076057,20.713821472630297,14.430869689661812,hard,0.22741187380282823,0.21212841419722986,0.2751892118487953,0.31061998436697846
0.0,0.0,45.27482834006111,0.2004282367202492,0.6229019265516982,0.8726969691708572,0.8726969691708572,0.38418745424597095,0.8304215796810678,1.1489125293076057,39.318702928758974,14.430869689661812,hard,0.22741187380282823,0.2123575625635943,0.2745162502970675,0.3093278424746132
0.0,0.0,21.12079061817542,0.2004603341186289,0.6229019265516982,0.8726969691708572,0.8726969691708572,0.38418745424597095,0.8304215796810678,1.1489125293076057,21.40505547762023,14.430869689661812,hard,0.22741187380282823,0.21249373943962885,0.27408929483213335,0.3082811944739937
0.0,0.0,19.537701518795448,0.20058253496981626,0.6229019265516982,0.8726969691708572,0.8726969691708572,0.38418745424597095,0.8304215796810678,1.1489125293076057,19.44416622023171,14.430869689661812,hard,0.22741187380282823,0.21257413043316992,0.2740086777698602,0.3075903583570264
0.0,0.0,33.08855853006902,0.20032529319121858,0.6229019265516982,0.8726969691708572,0.8726969691708572,0.38418745424597095,0.8304215796810678,1.1489125293076057,32.831137659240504,14.430869689661812,hard,0.22741187380282823,0.21261648080056456,0.2736579512120527,0.3070227999116867
0.0,0.0,29.114389514459116,0.2003389939437075,0.6378195991584651,0.8726969691708572,0.8726969691708572,0.4,0.8304215796810678,1.1489125293076057,28.820888258344848,14.430869689661812,hard,0.22741187380282823,0.21262131413568605,0.27333380673741237,0.30641927425191795
0.0,0.0,36.84397242485521,0.20049979931359274,0.6377810599548984,0.8726969691708572,0.8726969691708572,0.4,0.8304215796810678,1.1489125293076057,34.93241474619239,14.430869689661812,hard,0.22741187380282823,0.2127256329680247,0.272830141213772,0.3054528991530984
0.0,0.0,38.257044388914316,0.20037312985087855,0.6376100266546944,0.8726969691708572,0.8726969691708572,0.4,0.8304215796810678,1.1489125293076057,33.80440208020251,14.430869689661812,hard,0.22741187380282823,0.21284812565859101,0.27201410656913577,0.30406691889618814
0.0,0.0,29.115751986000834,0.20027693921092712,0.6365746503542106,0.8726969691708572,0.8726969691708572,0.4,0.8304215796810678,1.1489125293076057,28.647820161401462,14.430869689661812,hard,0.2272560451050792,0.21266749282890554,0.2713752471634825,0.30338982127919883
0.0,0.0,31.34636586776271,0.1991589835151411,0.6319494559061657,0.8674099376880576,0.8674099376880576,0.4,0.8544003745317531,1.1489125293076057,30.946560390453733,14.430869689661812,hard,0.22633263981708052,0.21145607755567136,0.2706262106683293,0.30265378198045917
0.0,0.0,31.667638388625633,0.1983719683991075,0.6280281102318622,0.8674099376880576,0.8674099376880576,0.4,0.8544003745317531,1.1489125293076057,26.942338428577425,14.430869689661812,hard,0.22593849272353148,0.21071394094823143,0.27001051803996273,0.3023865019525122
0.0,0.0,20.165420391810336,0.19781343041964444,0.619738446768181,0.8616263691415206,0.8616263691415206,0.4,0.8772684879784524,1.1489125293076057,20.08407329203914,14.430869689661812,hard,0.225690484204408,0.20940541002216315,0.269695772325824,0.3021292767782621
0.0,0.0,19.76457348295068,0.19745971412900692,0.6139698809749783,0.8616263691415206,0.8616263691415206,0.4,0.8772684879784524,1.6975276139138353,18.82164711177,14.430869689661812,hard,0.22546480319656745,0.20840990484263186,0.26962525826076195,0.3021211127464745
0.0,0.0,30.78805170874254,0.19641799241215865,0.6091800233958833,0.8674099376880576,0.8674099376880576,0.4,0.876584280032445,1.6975276139138353,28.49656821443593,14.430869689661812,hard,0.22457149519775188,0.20693836110237074,0.26951412719388923,0.301695991381829
0.0,0.0,30.68920506890602,0.1956933184453492,0.6044887070420484,0.8674099376880576,0.8674099376880576,0.4,0.876584280032445,1.6975276139138353,29.983388734430935,14.430869689661812,hard,0.22425962653414863,0.20606075092793524,0.2689792491033409,0.3014894431126553
0.0,0.0,24.327221108735422,0.19526875921346568,0.6002024311246356,0.8674099376880576,0.8674099376880576,0.4,0.876584280032445,1.6975276139138353,22.632401551757603,14.430869689661812,hard,0.22412270853362515,0.2051993127662955,0.26870255420022676,0.30122351240812545
0.0,0.0,20.80050908685302,0.1949095967673407,0.596284592560228,0.8674099376880576,0.8674099376880576,0.4,0.876584280032445,1.6975276139138353,20.1643249329106,14.430869689661812,hard,0.22399579147487922,0.20444233825935618,0.26867025287606044,0.30108503997874975
0.0,0.0,24.732347855315574,0.19480265537362765,0.5930793578711062,0.8674099376880576,0.8674099376880576,0.4,0.876584280032445,1.6975276139138353,20.803278587761113,14.430869689661812,hard,0.22399579147487922,0.20383763017976986,0.2684028866323315,0.3008910559085728
0.0,0.0,37.837870577165404,0.19451602002998367,0.5900971900651087,0.8544003745317531,0.8544003745317531,0.4,0.8506468127254695,1.6975276139138353,31.862554825374566,14.430869689661812,hard,0.22395373641371016,0.20339723495646228,0.2677518865615362,0.2987307260343042
0.0,0.0,33.740934833157176,0.19397312472867903,0.5875950705912191,0.8544003745317531,0.8544003745317531,0.4,0.8506468127254695,1.6975276139138353,33.38179743512922,14.430869689661812,hard,0.2238349413103532,0.2026127071163085,0.2664480857473916,0.2979193412043019
0.0,0.0,38.769908594108635,0.1923888395354884,0.5797513274057464,0.8109253973085316,0.8109253973085316,0.4,0.8,1.6975276139138353,36.84306719044982,14.430869689661812,hard,0.22367981150662666,0.20065616835653005,0.2622527017138758,0.2974377076347802
0.0,0.0,21.907774666359426,0.19210391327207035,0.5784445854352706,0.8109253973085316,0.8109253973085316,0.4,0.8,1.6975276139138353,21.58908057328982,14.430869689661812,hard,0.22357231025866786,0.20019507280719573,0.2617270002367804,0.2973636097850626
0.0,0.0,17.69032368119196,0.19179826903462335,0.5772986656963479,0.8109253973085316,0.8109253973085316,0.4,0.8,1.6975276139138353,17.15343697338816,14.430869689661812,hard,0.2235082000274031,0.1998555497217345,0.2612168331080354,0.29693416062402617
0.0,0.0,33.56047861151949,0.1907774811486979,0.5765962001103146,0.8109253973085316,0.8109253973085316,0.4,0.8,1.6975276139138353,32.8209445324171,14.430869689661812,hard,0.223278715362904,0.1983912581358908,0.2609470204919962,0.29632304468846943
0.0,0.0,26.798266717027644,0.1901749861777712,0.5759868881181084,0.8109253973085316,0.8109253973085316,0.4,0.8,1.6975276139138353,26.119793261050134,14.430869689661812,hard,0.22325900398426818,0.197672897298226,0.25994164852830604,0.29621325175209834
0.0,0.0,25.178003032667192,0.1898620820245136,0.5756342006022929,0.8109253973085316,0.8109253973085316,0.4,0.8,1.6975276139138353,24.850987907928328,14.430869689661812,hard,0.22332363638901842,0.19704752877395,0.2599093175229841,0.2963883890383084
0.0,0.0,21.676916129714204,0.18975667732847704,0.575557672014977,0.8109253973085316,0.8109253973085316,0.4,0.8,1.6975276139138353,21.9335359666425,14.430869689661812,hard,0.22339501032141093,0.19666117636245478,0.2598243592249837,0.2967939683960889
0.0,0.0,16.79065507428909,0.18959413442799428,0.5757561373989603,0.8109253973085316,0.8109253973085316,0.4,0.8,1.6975276139138353,17.007809970716394,14.430869689661812,hard,0.2234687612876339,0.19631247116415532,0.2598124680997423,0.2967768214039998
0.0,0.0,12.084740513070185,0.18960045448512797,0.5759787059929138,0.8109253973085316,0.8109253973085316,0.4,0.8,1.6975276139138353,11.749042514179612,14.430869689661812,hard,0.22354289522305273,0.19631474123905332,0.2598173631968749,0.29689791551407313
0.0,0.0,20.960672420475284,0.18977282383362723,0.5759787059929138,0.8109253973085316,0.8109253973085316,0.4,0.8,1.6975276139138353,20.208473470304483,14.430869689661812,hard,0.22360265203427393,0.19624473878887733,0.2599193055422806,0.29697199821206743
0.0,0.0,18.72153713995591,0.18974565928363374,0.5759787059929138,0.8109253973085316,0.8109253973085316,0.4,0.8,1.6975276139138353,19.136614120580475,14.430869689661812,hard,0.22370527993800637,0.19596992723301568,0.2602016887347759,0.2974084858854729
0.0,0.0,19.920296599739086,0.1895881205748058,0.5759787059929138,0.8109253973085316,0.8109253973085316,0.4,0.8,1.6975276139138353,19.57549488518745,14.430869689661812,hard,0.2238646450410336,0.19560267654280308,0.2604422884939302,0.2976044130709079
0.0,0.0,18.433608334720258,0.18938802387235798,0.5759787059929138,0.8109253973085316,0.8109253973085316,0.4,0.8,1.6975276139138353,18.90570284332217,14.430869689661812,hard,0.2240293124238735,0.1953467142375662,0.26057978075611177,0.29772915132296784
0.0,0.0,22.375403608955075,0.18937842328807009,0.5759787059929138,0.8109253973085316,0.8109253973085316,0.4,0.8,1.6975276139138353,20.522777589790326,14.430869689661812,hard,0.22417246464223692,0.1951398408878699,0.2606881360404707,0.29842904176106433
0.0,0.0,21.250885339637552,0.1893875191755138,0.5759787059929138,0.8109253973085316,0.8109253973085316,0.4,0.8,1.6975276139138353,20.75171318228931,14.430869689661812,hard,0.22437214507895012,0.19512784200571215,0.2607810818917908,0.29912671593219287
0.0,0.0,19.92414241466043,0.18935933687475268,0.5759787059929138,0.8109253973085316,0.8109253973085316,0.4,0.8,1.6975276139138353,18.972833209618432,14.430869689661812,hard,0.22451877215572597,0.19511044950257528,0.26088285139376927,0.2996338023806885
0.0,0.0,17.193864988959373,0.18967121306800977,0.5934503652212034,0.8109253973085316,0.8109253973085316,0.41424630354415964,0.8,1.6975276139138353,16.53390456002453,14.430869689661812,hard,0.22451877215572597,0.19526771047631547,0.2609245261426968,0.3005467393616812
0.0,0.0,12.95819550557057,0.1898702335727321,0.5930466004060831,0.8109253973085316,0.8109253973085316,0.41424630354415964,0.8,1.6975276139138353,12.028316590446066,14.430869689661812,hard,0.2245347291762072,0.19530510711311924,0.2609542000035992,0.30128240601171996
0.0,0.0,10.369475729034255,0.18999250123972075,0.5928291557869663,0.82,0.82,0.41424630354415964,0.8392854103342915,0.27999999999999997,8.995754554232791,14.430869689661812,hard,0.22455078565762937,0.19529115085599777,0.26100037900791745,0.3017354330094993
0.0,0.0,10.221915497476079,0.18997360793190546,0.5927029362911447,0.8306623862918074,0.8306623862918074,0.41424630354415964,0.8306623862918074,0.27999999999999997,7.437634032405735,14.430869689661812,hard,0.22462427007819355,0.19542196651187588,0.2610357636365204,0.3017967335783537
0.0,0.0,17.44593099645593,0.18972022849615564,0.5925984289547634,0.8306623862918074,0.8306623862918074,0.41424630354415964,0.8306623862918074,0.27999999999999997,17.791008965204874,14.430869689661812,hard,0.2246575756619586,0.19544328653403295,0.26009410418816253,0.30143284111997487
0.0,0.0,29.631462570484395,0.1896418983199198,0.6084767090169843,0.8306623862918074,0.8306623862918074,0.4270831300812525,0.8440379138403676,0.27999999999999997,21.111740809322193,14.430869689661812,hard,0.2246575756619586,0.19557434239576194,0.2589848463673352,0.30125156174788703
0.0,0.0,44.586295199033735,0.1879262215262647,0.6027775908546136,0.8109253973085316,0.8109253973085316,0.4270831300812525,0.8138795979750323,0.27999999999999997,41.487776513088775,14.430869689661812,hard,0.2246575756619586,0.19562397989845962,0.2550833442397279,0.2983176025201848
0.0,0.0,20.803023227355602,0.18773273394768827,0.6025520232313547,0.8109253973085316,0.8109253973085316,0.4270831300812525,0.8138795979750323,0.27999999999999997,20.6169250859579,14.430869689661812,hard,0.2246575756619586,0.19568749350335238,0.25412456233555,0.2978904809144955
0.0,0.0,13.27081884205587,0.18758665481915307,0.602221890920416,0.8109253973085316,0.8109253973085316,0.4270831300812525,0.8138795979750323,0.27999999999999997,12.926267829501292,14.430869689661812,hard,0.2246575756619586,0.19577281502662036,0.25367099550288413,0.2979292157317195
0.0,0.0,14.522142329931334,0.18741054784672628,0.6016986243870419,0.8109253973085316,0.8109253973085316,0.4270831300812525,0.8138795979750323,0.27999999999999997,13.992626629764692,14.430869689661812,hard,0.2246575756619586,0.195862807797257,0.2531448846561427,0.2976454066383405
0.0,0.0,17.681363383754025,0.18722370556539145,0.6014015655237456,0.8109253973085316,0.8109253973085316,0.4270831300812525,0.8138795979750323,0.27999999999999997,17.15692280101534,14.430869689661812,hard,0.22468281551634656,0.1958781713589602,0.2526529989910411,0.2970481084894042
0.0,0.0,22.966935721796506,0.18701662854410558,0.6010389573432168,0.8109253973085316,0.8109253973085316,0.4270831300812525,0.8138795979750323,0.27999999999999997,23.54379748468798,14.430869689661812,hard,0.22468281551634656,0.1958689965376654,0.2521242152886236,0.29654478931909234
0.0,0.0,14.702873568584137,0.18686131341161336,0.6006810700797645,0.8109253973085316,0.8109253973085316,0.4270831300812525,0.8138795979750323,0.27999999999999997,14.337656712308325,14.430869689661812,hard,0.22472537822484376,0.19586301147088342,0.2519390575707586,0.2960627632604398
0.0,0.0,12.273885162092512,0.18676421417354233,0.6002472003387871,0.8109253973085316,0.8109253973085316,0.4270831300812525,0.8138795979750323,0.27999999999999997,11.674656311857749,14.430869689661812,hard,0.22472537822484376,0.19584212774708915,0.25197765566297237,0.295935856033649
0.0,0.0,25.796337772666895,0.18656521903249895,0.6000232782174435,0.8109253973085316,0.8109253973085316,0.4270831300812525,0.8138795979750323,0.27999999999999997,21.283270425383407,14.430869689661812,hard,0.22477727190938493,0.19582028679787844,0.25162839986880536,0.295375510989332
0.0,0.0,19.516368845093055,0.1863224643159254,0.5996255387402581,0.8109253973085316,0.8109253973085316,0.4270831300812525,0.8138795979750323,0.27999999999999997,19.429101883514843,14.430869689661812,hard,0.22478600762048734,0.1957590101016279,0.25149928308271696,0.2947609347362354
0.0,0.0,19.06777055913878,0.1861019140004354,0.5989371182804231,0.8109253973085316,0.8109253973085316,0.4270831300812525,0.8138795979750323,0.27999999999999997,18.71016835840875,14.430869689661812,hard,0.22479476811353286,0.1957112505242773,0.2513242605257119,0.29432976528478794
0.0,0.0,17.667942628425887,0.18594385232352637,0.5986375269475471,0.8109253973085316,0.8109253973085316,0.4270831300812525,0.8138795979750323,0.27999999999999997,17.96400846136519,14.430869689661812,hard,0.22479476811353286,0.19569271750347633,0.2512811800196168,0.29365190163446564
0.0,0.0,22.967155903403178,0.18582481952006896,0.5982437829982759,0.8109253973085316,0.8109253973085316,0.4270831300812525,0.8138795979750323,0.27999999999999997,15.249144238284327,14.430869689661812,hard,0.22481236343385658,0.19568988418163852,0.25118986571919444,0.2933023094292742
0.0,0.0,20.631047383829674,0.18585150790345492,0.598061823349549,0.8109253973085316,0.8109253973085316,0.4270831300812525,0.8138795979750323,0.27999999999999997,20.25339477717254,14.430869689661812,hard,0.2248211982553171,0.19569066285584297,0.2512556236418835,0.29309729301499804
0.0,0.0,16.76263958759693,0.18594287925259828,0.5976761328891831,0.8109253973085316,0.8109253973085316,0.4270831300812525,0.8138795979750323,0.27999999999999997,16.501406000701877,14.430869689661812,hard,0.2248211982553171,0.19569066285584297,0.251365308311479,0.2931188063590511
0.0,0.0,17.544978276908896,0.18609970739381043,0.5972059150094032,0.8109253973085316,0.8109253973085316,0.4270831300812525,0.8138795979750323,0.27999999999999997,17.54971224835325,14.430869689661812,hard,0.2248211982553171,0.19573145924250746,0.25149231469077177,0.29335177565358056
0.0,0.0,26.528860326194053,0.18623936759678353,0.5970100500447085,0.8109253973085316,0.8109253973085316,0.4270831300812525,0.8138795979750323,0.27999999999999997,26.585439623974622,14.430869689661812,hard,0.2248211982553171,0.19575454771130849,0.25176255352478183,0.29329761158745493
0.0,0.0,22.64795077807495,0.18633135848673715,0.5965428376415194,0.806225774829855,0.806225774829855,0.4270831300812525,0.8316249154516716,0.27999999999999997,22.12867822532562,14.430869689661812,hard,0.2248211982553171,0.1957605107427088,0.252080229517658,0.2931871665119947
0.0,0.0,13.97854238487981,0.18639504884345579,0.5965018214211053,0.8440379138403676,0.8440379138403676,0.4270831300812525,0.8646386528486915,0.27999999999999997,13.172941964496768,14.430869689661812,hard,0.22473117327525124,0.1957605107427088,0.25233623112452513,0.29318740029189266
0.0,0.0,13.09373867774355,0.18644784917632656,0.5963235217099496,0.8616263691415206,0.8616263691415206,0.4270831300812525,0.9024411338142783,0.27999999999999997,12.334082860107598,14.430869689661812,hard,0.22459927510684466,0.1957605107427088,0.252530062812763,0.2932111021763519
0.0,0.0,15.93056666860089,0.18655790391189267,0.5957308180393638,0.8717797887081347,0.8717797887081347,0.4270831300812525,0.9516301802696255,0.0,14.831061998387035,14.430869689661812,hard,0.22459927510684466,0.1957453177453271,0.2526970483819142,0.2931121488980237
0.0,0.0,12.078058166174527,0.18667866372968894,0.5953181987740545,0.8874683092933516,0.8874683092933516,0.4270831300812525,0.9848857801796105,0.0,10.469689584701163,14.430869689661812,hard,0.22436759284673158,0.19571500689956228,0.2528486799437234,0.29330036031081175
0.0,0.0,31.956668097315166,0.18564471070587943,0.590407836313812,0.9068627239003707,0.9068627239003707,0.4270831300812525,0.9583318840568752,0.0,28.257253935936525,14.430869689661812,hard,0.2237797793004293,0.19560970861370575,0.2528763817927786,0.2898320773991881
0.0,0.0,24.265892143673693,0.18522805136215478,0.5880367600824289,0.9068627239003707,0.9068627239003707,0.4270831300812525,0.9583318840568752,0.0,23.736292886632484,14.430869689661812,hard,0.22333135113899355,0.19534459377311872,0.25277160565023643,0.28878255703608385
0.0,0.0,22.62812028867349,0.18510578406828126,0.5861364586342636,0.9068627239003707,0.9068627239003707,0.4270831300812525,0.9583318840568752,0.0,16.98017667752606,14.430869689661812,hard,0.22289840805928526,0.19507360947589272,0.25268928968726045,0.28804249325923914
0.0,0.0,15.098845286794049,0.18493262808956915,0.5846356812315626,0.9123595782365634,0.9123595782365634,0.4270831300812525,0.94847245611035,0.0,13.892285629082064,14.430869689661812,hard,0.22264055706911867,0.19493465332813473,0.25238003603312525,0.2871846586084187
0.0,0.0,16.9072849556355,0.18453298083111316,0.5832946885057831,0.9123595782365634,0.9123595782365634,0.4270831300812525,0.94847245611035,0.0,15.412254864230608,14.430869689661812,hard,0.2224603355067405,0.19473097604812237,0.2510348119264938,0.2864296628036821
0.0,0.0,18.881551972000526,0.1840150014805267,0.5818873331696653,0.9123595782365634,0.9123595782365634,0.4270831300812525,0.94847245611035,0.0,19.08218016894296,14.430869689661812,hard,0.22239189492097033,0.19472447680665342,0.25003438606367434,0.2849841687958349
0.0,0.0,17.86843658691235,0.1837311042246957,0.5808043008552533,0.9123595782365634,0.9123595782365634,0.4270831300812525,0.94847245611035,0.0,17.72885783123098,14.430869689661812,hard,0.22231420845942018,0.1947374414887043,0.24941412140494104,0.2839275687523466
0.0,0.0,13.049871672737574,0.1836513366618905,0.5802162957274687,0.9123595782365634,0.9123595782365634,0.4270831300812525,0.94847245611035,0.0,12.641265759408746,14.430869689661812,hard,0.222283510531431,0.1947731599804887,0.24911885148784774,0.2835804368101309
0.0,0.0,10.605728329249077,0.1835027006698628,0.57994373387845,0.9123595782365634,0.9123595782365634,0.4270831300812525,0.94847245611035,0.0,10.561988449151041,14.430869689661812,hard,0.2222788712854485,0.19479240029263023,0.2484131489765912,0.28335757998102706
0.0,0.0,9.936914065988079,0.18342428591235588,0.5797053100963984,0.9123595782365634,0.9123595782365634,0.4270831300812525,0.94847245611035,0.0,9.727096175118245,14.430869689661812,hard,0.22229228965781958,0.19482137435199331,0.24804670556924496,0.2832553776097968
0.0,0.0,9.8565872390718,0.18338680349711672,0.5794702203810564,0.9123595782365634,0.9123595782365634,0.4270831300812525,0.94847245611035,0.0,9.472592042308165,14.430869689661812,hard,0.22232739360454423,0.19484623473063167,0.24793465528042355,0.28288356468124776
0.0,0.0,11.139924870786206,0.18332282053712798,0.5793454319907367,0.9123595782365634,0.9123595782365634,0.4270831300812525,0.94847245611035,0.0,10.639548862616309,14.430869689661812,hard,0.22237046666100463,0.19486146299038465,0.2476626117948317,0.28255779881804877
0.0,0.0,17.901605709646343,0.1830575337869898,0.5792589411697215,0.9123595782365634,0.9123595782365634,0.4270831300812525,0.94847245611035,0.0,15.00399946680884,14.430869689661812,hard,0.2225105465882468,0.19488736330149842,0.2472174732199229,0.28175281353629705
0.0,0.0,20.360306395037668,0.1827374104403079,0.5959656738114206,0.9123595782365634,0.9123595782365634,0.4386342439892262,0.94847245611035,0.0,20.39765672816365,14.430869689661812,hard,0.22276246907620498,0.1948952259281838,0.24659473480399952,0.28070175607869186
0.0,0.0,8.821933681151464,0.18288331801342209,0.609258860458385,0.9123595782365634,0.9123595782365634,0.448998886412873,0.94847245611035,0.0,8.759360707266255,14.430869689661812,hard,0.2229283661227879,0.1948952259281838,0.24672312214113692,0.28067813159246513
0.0,0.0,11.888033219002935,0.1829922431385726,0.6064756501715322,0.9123595782365634,0.9123595782365634,0.448998886412873,0.94847245611035,0.0,11.90241992201586,14.430869689661812,hard,0.22312508100568026,0.19490048320880352,0.24671919026321085,0.2804860741004971
0.0,0.0,14.24411232969688,0.18316531678534584,0.6059331583153501,0.9123595782365634,0.9123595782365634,0.448998886412873,0.94847245611035,0.0,13.774251340817038,14.430869689661812,hard,0.22319866480373518,0.1949664523495833,0.24689836673862484,0.28043141611884004
0.0,0.0,10.789802011509787,0.18332162339299224,0.6161291004766902,0.9442457307290302,0.9442457307290302,0.4999999999999999,1.009752444909147,0.0,10.035855718372998,14.430869689661812,hard,0.2232895543418288,0.19501642466579103,0.24695116077059348,0.2804888351872987
0.0,0.0,9.081706670321175,0.1833661616679292,0.625156925504796,0.9591663046625439,0.9591663046625439,0.5075431016179807,1.0384603988597736,0.0,8.690707681196049,14.430869689661812,hard,0.2232895543418288,0.19501642466579103,0.24690018768482438,0.28048812221469127
0.0,0.0,25.89324329679909,0.182899173348978,0.6203756302495745,0.9871170143402452,0.9871170143402452,0.5075431016179807,1.092520022699813,0.0,16.964303699238588,14.430869689661812,hard,0.22328887551025858,0.19501642466579103,0.24551877770237693,0.28003736856408273
0.0,0.0,22.665222086134115,0.18222736225551434,0.6182498905757805,0.9871170143402452,0.9871170143402452,0.5075431016179807,1.092520022699813,0.0,22.530548151343318,14.430869689661812,hard,0.22329087446161472,0.19501642466579103,0.24432297043328213,0.27921956621739424
0.0,0.0,22.619342858958642,0.18186562307688717,0.6165620931332635,1.02,1.02,0.5075431016179807,1.1357816691600549,0.0,21.860466600692675,14.430869689661812,hard,0.22330507074258885,0.1950225516826714,0.2435139677926933,0.2787668848646237
0.0,0.0,22.556330462501478,0.18122387590727904,0.6278410367871663,1.012719112093773,1.012719112093773,0.5141984052872977,1.1426285485668561,0.0,22.481138761192682,14.430869689661812,hard,0.223324203658233,0.19364991525151756,0.24271454660715344,0.2783163593050999
0.0,0.0,10.031925856697608,0.18106877363898852,0.6261998771671721,1.004987562112089,1.004987562112089,0.5141984052872977,1.149086593777858,0.0,8.278067407311926,14.430869689661812,hard,0.22335339096400925,0.1933428066666386,0.2425777629196265,0.27830431949752565
0.0,0.0,17.373122897927946,0.18065217548716153,0.6253127870106735,1.004987562112089,1.004987562112089,0.5141984052872977,1.149086593777858,0.0,17.05637710652529,14.430869689661812,hard,0.22335339096400925,0.19287229164790892,0.24193086274830025,0.27830858708122097
0.0,0.0,14.828421540292544,0.18036459364957722,0.653349632840077,0.9967948635501691,0.9967948635501691,0.5571355310873648,1.1551623262554922,0.13999999999999999,13.295487956445976,14.430869689661812,hard,0.22335339096400925,0.19257754567032842,0.24143930852605563,0.2782889323882919
0.0,0.0,37.93912667058802,0.17967851712295402,0.6518097965607669,0.9927738916792685,0.9927738916792685,0.5571355310873648,1.1135528725660044,0.13999999999999999,29.683160209115197,14.430869689661812,hard,0.22335339096400925,0.19203826240580035,0.240313251927462,0.2757583978363026
0.0,0.0,22.813298285439576,0.17934879828737815,0.650862078970038,0.9927738916792685,0.9927738916792685,0.5571355310873648,1.1135528725660044,0.13999999999999999,21.42835504652655,14.430869689661812,hard,0.22335339096400925,0.19165998271040538,0.23955889638467323,0.27521072548418357
0.0,0.0,15.342894131492375,0.17906897981715175,0.6497053269658527,0.9927738916792685,0.9927738916792685,0.5571355310873648,1.1135528725660044,0.13999999999999999,14.68937030644949,14.430869689661812,hard,0.22335339096400925,0.19140766377977345,0.23879625900544707,0.2748739505146679
0.0,0.0,13.352884385674,0.1788478684344032,0.6485134108691655,0.9927738916792685,0.9927738916792685,0.5571355310873648,1.1135528725660044,0.13999999999999999,12.45165049300694,14.430869689661812,hard,0.22335339096400925,0.191388960323848,0.23842077945091666,0.2743916921168815
0.0,0.0,15.499702605944078,0.1786109195007708,0.6479147039131763,0.9927738916792685,0.9927738916792685,0.5571355310873648,1.1135528725660044,0.13999999999999999,15.741982086128798,14.430869689661812,hard,0.22335339096400925,0.19140104653715587,0.23779736517278482,0.2740080528199173
0.0,0.0,53.425559053601006,0.178498743066505,0.6471920497689103,0.9927738916792685,0.9927738916792685,0.5571355310873648,1.1135528725660044,0.13999999999999999,12.795014654153391,14.430869689661812,hard,0.22335339096400925,0.1914133728607348,0.23748395715030624,0.2735373706054796
