step,timestamp,reward,coverage,cov_trace,altitude,alt_idx,loop_closures,altitude_changes,frontier_count,new_cells,map_seed,difficulty,cov_alt0,cov_alt1,cov_alt2,cov_alt3
0.0,0.0,44.932455847602384,0.006500345352654867,0.02707958443038747,0.0,0.0,0.0,0.0,0.0,44.69686789921638,14.430869689661812,hard,0.021655110078077702,0.012067639360840043,0.0,0.0
0.0,0.0,41.85668305849577,0.00921641396603286,0.05400796688428634,0.0,0.0,0.0,0.0,0.0,41.79120003062846,14.430869689661812,hard,0.02850116446187163,0.014842116179505373,0.0,0.0
0.0,0.0,40.35288211238555,0.011261199805978561,0.0788183904706877,0.0,0.0,0.0,0.0,0.0,39.837213757992664,14.430869689661812,hard,0.032174552045712616,0.01885444528526378,0.0,0.0
0.0,0.0,42.15248115306396,0.013408878618409063,0.10665683287065301,0.0,0.0,0.0,0.0,0.0,41.45399377623343,14.430869689661812,hard,0.03612336860581451,0.02357376526798275,0.0,0.0
0.0,0.0,43.917183534577816,0.01584524520808326,0.13285879387838978,0.0,0.0,0.0,0.0,0.0,43.60093576977448,14.430869689661812,hard,0.041486109244313576,0.02750183640238551,0.0,0.0
0.0,0.0,43.17433806277108,0.017901605552066276,0.15967135132330712,0.0,0.0,0.0,0.0,0.0,42.91739041460932,14.430869689661812,hard,0.047530448407396314,0.030140523388131873,0.0,0.0
0.0,0.0,56.11234832536359,0.020849504180309016,0.18188339377590437,0.0,0.0,0.0,0.0,0.0,55.50477096610705,14.430869689661812,hard,0.055183442921741384,0.034489265526388604,0.0,0.0
0.0,0.0,45.44871775308009,0.023093665287259917,0.21201886969796446,0.0,0.0,0.0,0.0,0.0,45.35734119191732,14.430869689661812,hard,0.060201433724823145,0.03858490815694406,0.0,0.0
0.0,0.0,44.65752447210529,0.025196768105947585,0.24234145670096524,0.0,0.0,0.0,0.0,0.0,44.365950908326084,14.430869689661812,hard,0.06514776767185827,0.04200549988186526,0.0,0.0
0.0,0.0,59.25585255870932,0.02957207229925631,0.27589834869677665,0.0,0.0,0.0,0.0,0.0,58.53689776542655,14.430869689661812,hard,0.0748777154029864,0.04999722096533622,0.0,0.0
0.0,0.0,50.506242847013304,0.033276727555346865,0.3069364618994391,0.0,0.0,0.0,0.0,0.0,48.20609505031496,14.430869689661812,hard,0.08365259784449387,0.055793485892750155,0.0,0.0
0.0,0.0,41.957470425744184,0.03599013288431092,0.3389408712448682,0.0,0.0,0.0,0.0,0.0,39.275564922735356,14.430869689661812,hard,0.0895487690368007,0.06093349766898916,0.0,0.0
0.0,0.0,50.00695504462041,0.038748135302729726,0.370346465611576,0.0,0.0,0.0,0.0,0.0,44.70838847464757,14.430869689661812,hard,0.09506397423676552,0.06667456887772075,0.0,0.0
0.0,0.0,51.50917111381799,0.041638322244939914,0.39967793152669023,0.0,0.0,0.0,0.0,0.0,49.38176181547191,14.430869689661812,hard,0.1012538026055789,0.07202541339929239,0.0,0.0
0.0,0.0,38.74558096742785,0.043890183286867515,0.4329587231203158,0.0,0.0,0.0,0.0,0.0,34.05055065634034,14.430869689661812,hard,0.10606246105190366,0.07646331977654809,0.0,0.0
0.0,0.0,50.58254350409193,0.046955131623145366,0.4686533242902149,0.0,0.0,0.0,0.0,0.0,42.24305386687852,14.430869689661812,hard,0.11317605118698083,0.0816527356258246,0.0,0.0
0.0,0.0,56.9607936387278,0.05044683732435765,0.5035751436034247,0.0,0.0,0.0,0.0,0.0,48.71893266482754,14.430869689661812,hard,0.1211107492884428,0.08782869507145752,0.0,0.0
0.0,0.0,54.668786952002606,0.05399592060520782,0.5357461460983635,0.0,0.0,0.0,0.0,0.0,47.64975970558508,14.430869689661812,hard,0.12985442071992492,0.09358195128828346,0.0,0.0
0.0,0.0,61.063952650728034,0.057581867009920455,0.5667237614676278,0.0,0.0,0.0,0.0,0.0,52.485140754312546,14.430869689661812,hard,0.13798952342508805,0.10001584441532563,0.0,0.0
0.0,0.0,44.65303548306711,0.060731554356641564,0.6032862643823123,0.0,0.0,0.0,0.0,0.0,39.480633226938,14.430869689661812,hard,0.14557288942547586,0.10533720249055287,0.0,0.0
0.0,0.0,141.54829960038154,0.07272731043788647,0.7000724446132622,0.4963869458396342,0.4963869458396342,0.0,0.4963869458396342,0.0,125.02136777367299,14.430869689661812,hard,0.1477654890690913,0.12596572576272574,0.03197196535539699,0.0
0.0,0.0,97.66759458969959,0.07870109361296997,0.7355049154213879,0.4898979485566356,0.4898979485566356,0.0,0.4898979485566356,0.0,80.12671215019371,14.430869689661812,hard,0.14963691027163623,0.13852781759874006,0.039694243643910804,0.0
0.0,0.0,70.31058404129777,0.08345352193612875,0.7660870276105596,0.4898979485566356,0.4898979485566356,0.0,0.4898979485566356,0.0,60.44954590400163,14.430869689661812,hard,0.1530613834803812,0.1477958967507438,0.047292927620531514,0.0
0.0,0.0,57.90035547651683,0.08740244567554965,0.7973713223252118,0.4898979485566356,0.4898979485566356,0.0,0.4898979485566356,0.0,55.57177700955765,14.430869689661812,hard,0.15573935711312215,0.15479562082774476,0.053986032373137455,0.0
0.0,0.0,82.1273019706541,0.09208159632198194,0.8266044690476413,0.4898979485566356,0.4898979485566356,0.0,0.4898979485566356,0.0,69.76453253623936,14.430869689661812,hard,0.160046442948007,0.16327885059838407,0.06044232858751691,0.0
0.0,0.0,70.5686471306814,0.09647253343408653,0.8543723217189483,0.4898979485566356,0.4898979485566356,0.0,0.4898979485566356,0.0,64.691331722264,14.430869689661812,hard,0.16303651309878084,0.1715066776779988,0.06691223610680318,0.0
0.0,0.0,62.6300926820228,0.10025036613057356,0.8790296857128855,0.4898979485566356,0.4898979485566356,0.0,0.4898979485566356,0.0,57.10105077842263,14.430869689661812,hard,0.16508060961685322,0.17948718058578586,0.0731275958934104,0.0
0.0,0.0,68.80017418019212,0.10490873987148404,0.9105492033386794,0.4898979485566356,0.4898979485566356,0.0,0.4898979485566356,0.0,63.547742682175574,14.430869689661812,hard,0.16902592969776492,0.1874880247733116,0.0803900956442858,0.0
0.0,0.0,71.10249064787799,0.1097274825531263,0.9403171165620412,0.4898979485566356,0.4898979485566356,0.0,0.4898979485566356,0.0,65.30999617210217,14.430869689661812,hard,0.17467799552972726,0.19494700937809725,0.08680889212665742,0.0
0.0,0.0,47.88552084141554,0.11351660315909484,0.9678070241719017,0.4898979485566356,0.4898979485566356,0.0,0.4898979485566356,0.0,47.842579361903134,14.430869689661812,hard,0.17868849463006772,0.20138354156592367,0.09164366031894763,0.0
0.0,0.0,67.6114636545131,0.1179420236365118,0.9946693091640076,0.4898979485566356,0.4898979485566356,0.0,0.4898979485566356,0.0,65.92541543289659,14.430869689661812,hard,0.18243005895219477,0.20837964264638215,0.0986303995876939,0.0
0.0,0.0,57.789674023726036,0.12228551145277752,1.02322859584509,0.4898979485566356,0.4898979485566356,0.0,0.4898979485566356,0.0,56.56515181629057,14.430869689661812,hard,0.187107359705817,0.21454479024868373,0.10487351851913407,0.0
0.0,0.0,62.72509886140775,0.1269966915250575,1.054626430303666,0.4898979485566356,0.4898979485566356,0.0,0.4898979485566356,0.0,59.22018574776678,14.430869689661812,hard,0.19164162186475547,0.22221289432233657,0.1112144441489107,0.0
0.0,0.0,50.26443778198506,0.13049107590140077,1.0835464896984779,0.4898979485566356,0.4898979485566356,0.0,0.4898979485566356,0.0,48.35354795669083,14.430869689661812,hard,0.19567171135857886,0.22737477738825068,0.11582133015992936,0.0
0.0,0.0,48.24323372970515,0.1337966761884841,1.1055770151051374,0.4898979485566356,0.4898979485566356,0.0,0.4898979485566356,0.0,47.41223470793167,14.430869689661812,hard,0.19896313219507872,0.23207024183135327,0.12097344493360922,0.0
0.0,0.0,46.98340077347365,0.1366348788805665,1.1237222989235738,0.4898979485566356,0.4898979485566356,0.0,0.4898979485566356,0.0,44.890426596324524,14.430869689661812,hard,0.20335738792214547,0.23534440753224392,0.12500002140010677,0.0
0.0,0.0,42.01541731583781,0.13925486078279606,1.1451487863973542,0.4898979485566356,0.4898979485566356,0.0,0.4898979485566356,0.0,41.73472894365075,14.430869689661812,hard,0.20637571726613899,0.2387204081671834,0.129453319771616,0.0
0.0,0.0,48.811196592910655,0.14276663988459692,1.172261453878308,0.4898979485566356,0.4898979485566356,0.0,0.4898979485566356,0.0,47.430133881320636,14.430869689661812,hard,0.20914484922420676,0.24441225455422866,0.1353343183730967,0.0
0.0,0.0,42.80570159762159,0.14527001789762392,1.1968946861906964,0.4898979485566356,0.4898979485566356,0.0,0.4898979485566356,0.0,38.63482884652137,14.430869689661812,hard,0.21161418237283158,0.24773172086287823,0.1397636646657311,0.0
0.0,0.0,43.55756413589363,0.14772540123079123,1.2186244294676019,0.4898979485566356,0.4898979485566356,0.0,0.4898979485566356,0.0,40.38932532241657,14.430869689661812,hard,0.21369523316962646,0.25148466100981076,0.14413012881924236,0.0
0.0,0.0,60.502701803071545,0.14978626584104013,1.242694120273574,0.4898979485566356,0.4898979485566356,0.0,0.4898979485566356,0.0,57.133489303559955,14.430869689661812,hard,0.2159355091219008,0.2536672551402958,0.1480629702710948,0.0
0.0,0.0,139.20450398505375,0.16020985988469427,1.3308592730108122,0.9516301802696255,0.9516301802696255,0.0,0.9516301802696255,0.0,123.31817222129105,14.430869689661812,hard,0.21611449286485018,0.25573050750176224,0.16241926999472558,0.03134531289305047
0.0,0.0,74.26414769239605,0.1660850036592784,1.3652286667834108,0.9666436778875657,0.9666436778875658,0.0,0.9666436778875658,0.0,69.16564465108382,14.430869689661812,hard,0.21611449286485018,0.2588553771953647,0.17366691601273324,0.03809275956262833
0.0,0.0,55.69770148444421,0.17042110611171865,1.3945139509349747,0.9666436778875657,0.9666436778875658,0.0,0.9666436778875658,0.0,53.52311276448708,14.430869689661812,hard,0.2156624041088806,0.26065963886307153,0.18196961725298455,0.04562409789839656
0.0,0.0,54.885875164311514,0.17460680485393698,1.4228754992276833,0.9666436778875657,0.9666436778875658,0.0,0.9666436778875658,0.0,54.23476744672185,14.430869689661812,hard,0.2154401723855984,0.2634061483448876,0.18921441942850464,0.05292836047757766
0.0,0.0,56.462769866471746,0.17829158466265385,1.4446596702454815,0.9526804291051644,0.9526804291051644,0.0,0.9526804291051644,0.0,53.43779935588665,14.430869689661812,hard,0.21539650013308098,0.26597145070749006,0.19495936227677543,0.06008480445881062
0.0,0.0,56.58504070811597,0.18179734493683025,1.4659005815157173,0.9526804291051644,0.9526804291051644,0.0,0.9526804291051644,0.0,48.17280975820281,14.430869689661812,hard,0.21539650013308098,0.26757604618239206,0.20137216594556767,0.0667919425989526
0.0,0.0,44.312082472614875,0.18504834118073507,1.4823621351971474,0.9526804291051644,0.9526804291051644,0.0,0.9526804291051644,0.0,40.943101983117984,14.430869689661812,hard,0.21538889997851177,0.26892693727441846,0.20783265755708144,0.07279413594239287
0.0,0.0,54.44823051029772,0.18822657056231457,1.4968977030911745,0.9526804291051644,0.9526804291051644,0.0,0.9526804291051644,0.0,48.26776978481604,14.430869689661812,hard,0.21538889997851177,0.26981171750502625,0.21407322827482525,0.07956134623906734
0.0,0.0,49.11553758291957,0.19098544425083247,1.5079181100845078,0.9526804291051644,0.9526804291051644,0.0,0.9526804291051644,0.0,40.27721936777662,14.430869689661812,hard,0.2153478518626888,0.27068865331749686,0.21876274747422478,0.08533331122463873
0.0,0.0,52.935670924086644,0.1937416976466786,1.5201909862028096,0.9526804291051644,0.9526804291051644,0.0,0.9526804291051644,0.0,51.718565331996594,14.430869689661812,hard,0.2152685806125017,0.27197964058849566,0.2249162022535984,0.09006734178126467
0.0,0.0,59.95469449690013,0.19654827773582936,1.5270360910444265,0.9526804291051644,0.9526804291051644,0.0,0.9526804291051644,0.0,55.285643706119586,14.430869689661812,hard,0.2151380849551177,0.27342509834269163,0.23044532434148798,0.09692714240482209
0.0,0.0,43.57946386877236,0.19870254176053523,1.5329247771090566,0.9526804291051644,0.9526804291051644,0.0,0.9526804291051644,0.0,41.560851771829704,14.430869689661812,hard,0.2149847327825946,0.27426990466106776,0.23465979238748966,0.10245379219679071
0.0,0.0,30.9245931419276,0.20016245618071823,1.5392500417917632,0.9526804291051644,0.9526804291051644,0.0,0.9526804291051644,0.0,30.492622058458664,14.430869689661812,hard,0.21496257492398155,0.2749463489511092,0.2372923800173078,0.10653032438335423
0.0,0.0,41.52647135678302,0.20208613190205896,1.545553854177481,0.9526804291051644,0.9526804291051644,0.0,0.9526804291051644,0.0,41.35698248180106,14.430869689661812,hard,0.21495951452538,0.2757021806622457,0.24038185584519914,0.11252032539468865
0.0,0.0,29.010720024717187,0.20379257487878644,1.551755983836193,0.9526804291051644,0.9526804291051644,0.0,0.9526804291051644,0.0,28.869665741050763,14.430869689661812,hard,0.21495951452538,0.27646494374185354,0.24374035149073497,0.11632743097688256
0.0,0.0,36.12948633616643,0.2058815731796328,1.5570518716039403,0.9526804291051644,0.9526804291051644,0.0,0.9526804291051644,0.0,32.2396588071276,14.430869689661812,hard,0.21495648038262857,0.27744745307246466,0.2467465214220971,0.1218963344655877
0.0,0.0,38.464310108125645,0.20776950431684013,1.5607563185998985,0.9526804291051644,0.9526804291051644,0.0,0.9526804291051644,0.0,38.15572827243637,14.430869689661812,hard,0.21494170354520226,0.2785458509326419,0.249760735245676,0.1264133289891441
0.0,0.0,39.21818610503013,0.20961558891174145,1.5644365228394594,0.9526804291051644,0.9526804291051644,0.0,0.9526804291051644,0.0,39.1515057181713,14.430869689661812,hard,0.21491411967664978,0.279340436209082,0.25337790553902817,0.13083514244631667
0.0,0.0,40.02567964136352,0.21138409891973214,1.5676483864251027,0.9526804291051644,0.9526804291051644,0.0,0.9526804291051644,0.0,35.69815681516344,14.430869689661812,hard,0.21487991623418726,0.2801256300662771,0.2564537136426961,0.13545300990634765
0.0,0.0,48.383905358158685,0.21319337567611646,1.568029238551075,0.9526804291051644,0.9526804291051644,0.0,0.9526804291051644,0.0,43.4652228799071,14.430869689661812,hard,0.21374560252422461,0.28091189111552994,0.2601532575453014,0.1404685286198596
0.0,0.0,49.422892648069364,0.21544633047335587,1.567109301837112,0.9526804291051644,0.9526804291051644,0.0,0.9526804291051644,0.0,43.81369648865524,14.430869689661812,hard,0.213380378115919,0.2819165964594916,0.2653428139795206,0.14480858721157755
0.0,0.0,61.968112762363674,0.21894166923519107,1.578174246801869,1.162067123706716,1.162067123706716,0.0,1.162067123706716,0.0,51.458678568342584,14.430869689661812,hard,0.21302927945810787,0.2826705700531472,0.26813725785073933,0.1534309780191178
0.0,0.0,66.6220692517817,0.22283317400914238,1.5795785929215935,1.2,1.2,0.0,1.2,0.0,62.12527987864521,14.430869689661812,hard,0.21267244652478148,0.2834929903086008,0.2728065747060015,0.16028958177645966
0.0,0.0,50.528200758336226,0.22596021510225758,1.5811850621563583,1.2,1.2,0.0,1.2,0.0,48.002349942476776,14.430869689661812,hard,0.21223353082223634,0.28442045323996845,0.2761304346179954,0.16856694315350954
0.0,0.0,48.672042717337874,0.2284390317917617,1.5814988685673206,1.2,1.2,0.0,1.2,0.0,43.697729918154785,14.430869689661812,hard,0.21184987013093765,0.2844558824211803,0.2791453603588468,0.17606362794110683
0.0,0.0,53.21348227654695,0.23054398577138752,1.5819525728416972,1.2014990636700473,1.2014990636700473,0.0,1.2014990636700473,0.0,42.03069830492946,14.430869689661812,hard,0.21135850904367556,0.28465644372967563,0.2818857127570269,0.18171208200606007
0.0,0.0,50.06120421537687,0.23309708976027435,1.5796631617822905,1.2014990636700473,1.2014990636700473,0.0,1.2014990636700473,0.0,49.37811661049863,14.430869689661812,hard,0.21101858818229483,0.2849954783946065,0.28519151377833046,0.18919334550301262
0.0,0.0,48.01865139206655,0.23539009862962806,1.577354555423531,1.2014990636700473,1.2014990636700473,0.0,1.2014990636700473,0.0,44.98055135277912,14.430869689661812,hard,0.21028276315661168,0.2860859276845749,0.2889028304142076,0.1952126285836793
0.0,0.0,58.56669057559911,0.23684009717756704,1.573912446421021,1.2026637102698325,1.2026637102698325,0.0,1.2026637102698325,0.0,56.35483652713403,14.430869689661812,hard,0.20921075954931337,0.2860565464780282,0.29188064566848726,0.19927959531957146
0.0,0.0,65.2212727374625,0.23843524763205493,1.5694759358368855,1.1867602959317438,1.1867602959317438,0.0,1.1867602959317438,0.0,61.08386366300022,14.430869689661812,hard,0.2085017940645314,0.28579784351479137,0.2933187470933688,0.20598905359438888
0.0,0.0,56.49271451338508,0.24141541660146637,1.5688916125761672,1.1867602959317438,1.1867602959317438,0.0,1.1867602959317438,0.0,53.18210601320711,14.430869689661812,hard,0.2076348637382065,0.2874825531146988,0.29796027437963774,0.21401577187452067
0.0,0.0,49.315294884285144,0.24367384061173886,1.5688350024261446,1.1867602959317438,1.1867602959317438,0.0,1.1867602959317438,0.0,47.21322272414795,14.430869689661812,hard,0.20722709294636904,0.2884197186407071,0.30080508573719456,0.22113926478775434
0.0,0.0,53.01781452512394,0.2461848578992482,1.570180016910991,1.1867602959317438,1.1867602959317438,0.0,1.1867602959317438,0.0,46.606282838261194,14.430869689661812,hard,0.2070933209818657,0.2889129169280284,0.30422067852397067,0.22908552519764208
0.0,0.0,43.35540825289962,0.24846113432423306,1.5694119073321686,1.1867602959317438,1.1867602959317438,0.0,1.1867602959317438,0.0,40.67164122579762,14.430869689661812,hard,0.20703203278198262,0.28990001388607517,0.3080138065996078,0.23477983457810284
0.0,0.0,32.70578286771816,0.250375213704278,1.5686719324976068,1.1867602959317438,1.1867602959317438,0.0,1.1867602959317438,0.0,32.11846198061171,14.430869689661812,hard,0.2069683508803694,0.29038371370146115,0.31121584126106394,0.239677822013714
0.0,0.0,37.82275234463719,0.25269948197616215,1.569652919660784,1.1867602959317438,1.1867602959317438,0.0,1.1867602959317438,0.0,37.260601176041156,14.430869689661812,hard,0.20693600052450262,0.29185211505346953,0.31418869460701326,0.24501592271611322
0.0,0.0,45.59367176593811,0.2554228270734528,1.5692334778994421,1.1867602959317438,1.1867602959317438,0.0,1.1867602959317438,0.0,45.287190241833294,14.430869689661812,hard,0.20691713996482813,0.2927186387174264,0.31883613027368757,0.25110693905579945
0.0,0.0,37.98181917455522,0.25775805376844557,1.5708955905776687,1.1867602959317438,1.1867602959317438,0.0,1.1867602959317438,0.0,37.65655852570705,14.430869689661812,hard,0.20691713996482813,0.29345757235460607,0.3224979502314445,0.2571228394687897
0.0,0.0,32.02379685150499,0.25968294335721576,1.5708955905776687,1.1867602959317438,1.1867602959317438,0.0,1.1867602959317438,0.0,32.154433597872625,14.430869689661812,hard,0.20691713996482813,0.29416470133784317,0.32538801970255277,0.2621059250802592
0.0,0.0,29.554938324767747,0.26156910247251025,1.5708955905776687,1.1867602959317438,1.1867602959317438,0.0,1.1867602959317438,0.0,29.23250930043468,14.430869689661812,hard,0.20691713996482813,0.2957581123665841,0.32784159539193136,0.266222737239518
0.0,0.0,16.283828244163985,0.2626130305463291,1.5708955905776687,1.1867602959317438,1.1867602959317438,0.0,1.1867602959317438,0.0,16.092594570174196,14.430869689661812,hard,0.20691713996482813,0.29652934894450766,0.3289555586299148,0.2689420107335218
0.0,0.0,23.767279372010986,0.2640666069390472,1.5708955905776687,1.1867602959317438,1.1867602959317438,0.0,1.1867602959317438,0.0,22.678059881744737,14.430869689661812,hard,0.20691713996482813,0.29737459041285524,0.3306682745113024,0.2726059188127023
0.0,0.0,35.30055082031565,0.2658273403491449,1.5708955905776687,1.1867602959317438,1.1867602959317438,0.0,1.1867602959317438,0.0,34.841928764062416,14.430869689661812,hard,0.20691713996482813,0.2985527997851917,0.3318368373850741,0.2777180884312673
0.0,0.0,26.91043908009298,0.2671500863815928,1.5708955905776687,1.1867602959317438,1.1867602959317438,0.0,1.1867602959317438,0.0,26.80126116435568,14.430869689661812,hard,0.20691713996482813,0.2992347165577935,0.33330159093705314,0.28153906281441826
0.0,0.0,22.328134562570423,0.2682409168497094,1.5708955905776687,1.1867602959317438,1.1867602959317438,0.0,1.1867602959317438,0.0,22.29860085296833,14.430869689661812,hard,0.20691713996482813,0.2998179454113975,0.33501116816797566,0.2838359377925138
0.0,0.0,28.285394217594476,0.269602418161025,1.5708955905776687,1.1867602959317438,1.1867602959317438,0.0,1.1867602959317438,0.0,28.43536530449363,14.430869689661812,hard,0.20691713996482813,0.3001592971433507,0.3369779110546103,0.28695058016665315
0.0,0.0,21.627983150765292,0.2704069297313972,1.5708955905776687,1.2039933554633928,1.2039933554633928,0.0,1.2039933554633928,0.0,19.536110155299593,14.430869689661812,hard,0.20691713996482813,0.3002146689575441,0.3376770757496211,0.28940301895503784
0.0,0.0,20.748393321301364,0.27146688401913505,1.5708955905776687,1.2039933554633928,1.2039933554633928,0.0,1.2039933554633928,0.0,20.353869410998982,14.430869689661812,hard,0.20691713996482813,0.30032169860116964,0.3394371398583001,0.2919554456695909
0.0,0.0,18.755011490426433,0.27238261218523513,1.5708955905776687,1.2039933554633928,1.2039933554633928,0.0,1.2039933554633928,0.0,17.94490456926422,14.430869689661812,hard,0.20691713996482813,0.30043854277279686,0.34089671178557973,0.2944951141269347
0.0,0.0,26.304091698313883,0.27337639996907787,1.5708955905776687,1.2034949106664308,1.2034949106664308,0.0,1.2206555615733703,0.0,26.513581425375186,14.430869689661812,hard,0.2072649591007829,0.30101535647347855,0.34152206742787733,0.2959821228952121
0.0,0.0,35.14883769990927,0.2737089102841269,1.5679504701595073,1.2039933554633928,1.2039933554633928,0.0,1.2204917041913885,0.0,32.011404217872105,14.430869689661812,hard,0.2063485920952776,0.3008694309795044,0.34214978639413973,0.2971423219688038
0.0,0.0,18.968740754712442,0.2740859963137662,1.565759544170419,1.2039933554633928,1.2039933554633928,0.0,1.2204917041913885,0.0,18.845063013956732,14.430869689661812,hard,0.2059984478331508,0.30035525238760874,0.34288035499012814,0.2986547357647782
0.0,0.0,14.31087539472904,0.2743442423824158,1.563825268723957,1.2039933554633928,1.2039933554633928,0.0,1.2204917041913885,0.0,13.755362590640786,14.430869689661812,hard,0.2057374269486924,0.3000706331379095,0.34347857238695345,0.29959923270850175
0.0,0.0,24.418898209036314,0.27433504279896154,1.561824592409403,1.2039933554633928,1.2039933554633928,0.0,1.2204917041913885,0.0,24.251647366725418,14.430869689661812,hard,0.20498450972349805,0.2995104839983095,0.3438676027919248,0.30032322939437417
0.0,0.0,15.456381552591587,0.27454824875417244,1.5600747649505462,1.2039933554633928,1.2039933554633928,0.0,1.2204917041913885,0.0,15.461901564814076,14.430869689661812,hard,0.20473610180319393,0.2992760845382077,0.3443282533983065,0.3011923890680202
0.0,0.0,37.95717693002801,0.27442191801992555,1.5554939040090117,1.1874342087037917,1.1874342087037917,0.0,1.2034949106664306,0.0,34.69706615839443,14.430869689661812,hard,0.2047044980351798,0.2985185346606453,0.3433753864844125,0.30240201291243746
0.0,0.0,21.916519341445664,0.2745835313245541,1.5539999025435605,1.1874342087037917,1.1874342087037917,0.0,1.2034949106664306,0.0,17.188880126407305,14.430869689661812,hard,0.20463145001903738,0.2981256997095891,0.34339916036419404,0.30353503238613316
0.0,0.0,30.294812090526595,0.2746642274634142,1.5524989786608632,1.1874342087037917,1.1874342087037917,0.0,1.2034949106664306,0.0,30.46753025763657,14.430869689661812,hard,0.20440697522586015,0.2974685637624788,0.34379436432810484,0.3046515936974265
0.0,0.0,27.912770741260257,0.2749700276405377,1.5512284595443606,1.1874342087037917,1.1874342087037917,0.0,1.2034949106664306,0.0,25.268011397812852,14.430869689661812,hard,0.204268586838728,0.29719380422365405,0.34408156836235854,0.30631456023693593
0.0,0.0,31.912139299772367,0.27536736009171486,1.5499623703205563,1.1874342087037917,1.1874342087037917,0.0,1.2034949106664306,0.0,31.595094555959154,14.430869689661812,hard,0.20414100307216718,0.29699638510787274,0.34497203043830094,0.30774533958473776
0.0,0.0,24.746562381051806,0.2758242528739217,1.5489114737549066,1.1874342087037917,1.1874342087037917,0.0,1.2034949106664306,0.0,24.618927677703592,14.430869689661812,hard,0.20405162675485547,0.2969081025955714,0.34547774151203114,0.3099052930520017
0.0,0.0,38.243120911989024,0.27620624874696686,1.5479128803962785,1.1874342087037917,1.1874342087037917,0.0,1.2034949106664306,0.0,25.034344409231092,14.430869689661812,hard,0.2040081059804552,0.2968211970026689,0.34622847485095554,0.3113714506032971
0.0,0.0,25.730102307419653,0.2763682187029319,1.5320005854508196,1.1874342087037917,1.1874342087037917,0.13999999999999999,1.2034949106664306,0.0,25.593038115862683,14.430869689661812,hard,0.20399643462574304,0.2967665114855693,0.3466769480984041,0.31200445583398034
0.0,0.0,27.080555698108903,0.2763655416960727,1.5318164868206545,1.1874342087037917,1.1874342087037917,0.13999999999999999,1.2034949106664306,0.0,26.78450298213503,14.430869689661812,hard,0.20401947030815384,0.2967618610747752,0.34672886177539886,0.3124153838390296
0.0,0.0,17.416033262792006,0.27649261080903936,1.5315678325634718,1.1874342087037917,1.1874342087037917,0.13999999999999999,1.2034949106664306,0.0,17.770357340245017,14.430869689661812,hard,0.20405646566078373,0.29683311882858193,0.34695499357323845,0.31295337968361425
0.0,0.0,19.806058334692867,0.2765657743453388,1.5317340757983657,1.1874342087037917,1.1874342087037917,0.13999999999999999,1.2034949106664306,0.0,19.45276329985023,14.430869689661812,hard,0.20412909592821016,0.29690982908607466,0.3469005094841254,0.31344047633418654
0.0,0.0,13.931329642962968,0.2765177604482053,1.5320784760771013,1.1874342087037917,1.1874342087037917,0.13999999999999999,1.2034949106664306,0.0,13.295051711069046,14.430869689661812,hard,0.20417290337537455,0.29700974275909775,0.34680707869033617,0.31344047633418654
0.0,0.0,43.253528662549826,0.2770992842212051,1.5325104016357778,1.1874342087037917,1.1874342087037917,0.13999999999999999,1.2034949106664306,0.0,42.9949252819446,14.430869689661812,hard,0.20427524725629723,0.29712879370703793,0.34738957615743304,0.31565545938231854
0.0,0.0,22.266181593303127,0.2775272620250688,1.5331245848269837,1.1874342087037917,1.1874342087037917,0.13999999999999999,1.2034949106664306,0.0,22.074383343595358,14.430869689661812,hard,0.20430757066140826,0.297260669763757,0.3478748243627935,0.31717080384325863
0.0,0.0,29.564000482344237,0.27783577541257387,1.5340651865890726,1.1874342087037917,1.1874342087037917,0.13999999999999999,1.2034949106664306,0.0,29.314406014790745,14.430869689661812,hard,0.2047406132122461,0.297416461141246,0.3483778070813111,0.31814736355103285
0.0,0.0,25.412271119786485,0.27822768187207914,1.5352163430263834,1.1874342087037917,1.1874342087037917,0.13999999999999999,1.2034949106664306,0.0,25.294434170386175,14.430869689661812,hard,0.20493799406345298,0.2977459935949067,0.34900978355031276,0.3193416937849665
0.0,0.0,26.105731326703363,0.27874640135098294,1.5364710064939884,1.1874342087037917,1.1874342087037917,0.13999999999999999,1.2034949106664306,0.0,25.297399075794335,14.430869689661812,hard,0.20510308452279621,0.2980889858140706,0.3494011996027377,0.32146879456618493
0.0,0.0,32.995169469556004,0.2794684845674037,1.5378375664770985,1.1874342087037917,1.1874342087037917,0.13999999999999999,1.2034949106664306,0.0,29.611781439150196,14.430869689661812,hard,0.20547286353925498,0.29839304785522525,0.35042134191433677,0.32381599264847305
0.0,0.0,26.447528730157103,0.28013066361133865,1.539397439975673,1.1874342087037917,1.1874342087037917,0.13999999999999999,1.2034949106664306,0.0,26.436558021043513,14.430869689661812,hard,0.20575513740141105,0.2988195514445249,0.3512126076164398,0.3261704088434931
0.0,0.0,33.91143310117158,0.2807780593604709,1.5411995939540784,1.1874342087037917,1.1874342087037917,0.13999999999999999,1.2034949106664306,0.0,26.57223362835725,14.430869689661812,hard,0.20620213605668883,0.2991797891524681,0.3519576669502423,0.32844165553414895
0.0,0.0,30.171328103159627,0.2815404394392451,1.5430395912717507,1.1874342087037917,1.1874342087037917,0.13999999999999999,1.2034949106664306,0.0,27.970477293031664,14.430869689661812,hard,0.20655521923648637,0.29980603298666647,0.35311124621350237,0.33076172301787327
0.0,0.0,49.299005838221575,0.282450541897014,1.5460468020738025,1.1872657663724664,1.1872657663724664,0.13999999999999999,1.2026637102698328,0.0,46.19144942519124,14.430869689661812,hard,0.20655521923648637,0.2998665971221229,0.3543294750194701,0.3323482385774334
0.0,0.0,27.643934732053456,0.28322283981559065,1.5468202184863074,1.1872657663724664,1.1872657663724664,0.13999999999999999,1.2026637102698328,0.0,27.627732444049766,14.430869689661812,hard,0.20655521923648637,0.3000102614155791,0.3553250562334077,0.33471611020928416
0.0,0.0,18.022035529434213,0.2838783408662122,1.5477305554824883,1.1872657663724664,1.1872657663724664,0.13999999999999999,1.2026637102698328,0.0,17.86304565296747,14.430869689661812,hard,0.20655521923648637,0.30008332511183206,0.35612152162899174,0.33699376730170666
0.0,0.0,14.7868215167747,0.28437993952888796,1.5487445296166211,1.1872657663724664,1.1872657663724664,0.13999999999999999,1.2026637102698328,0.0,14.509321141941824,14.430869689661812,hard,0.20655521923648637,0.30019360811135887,0.35647655521919774,0.3389639592175959
0.0,0.0,22.87790436243202,0.2851465706979271,1.5497868311229532,1.1872657663724664,1.1872657663724664,0.13999999999999999,1.2026637102698328,0.0,21.881398492783774,14.430869689661812,hard,0.20655521923648637,0.3002643519497748,0.35696703745110214,0.34239760783598006
0.0,0.0,14.745281139687673,0.28563578761559866,1.5497868311229532,1.1872657663724664,1.1872657663724664,0.13999999999999999,1.2026637102698328,0.0,14.126344183829023,14.430869689661812,hard,0.20655521923648637,0.3003293217458014,0.3573291737487581,0.34459001598714534
0.0,0.0,7.725961480850775,0.2858627306439436,1.5497868311229532,1.1872657663724664,1.1872657663724664,0.13999999999999999,1.2026637102698328,0.0,7.6456785179603255,14.430869689661812,hard,0.20655521923648637,0.3003293217458014,0.35771924465616234,0.3453555590928555
0.0,0.0,11.088403979704934,0.2860766297705051,1.5497868311229532,1.1872657663724664,1.1872657663724664,0.13999999999999999,1.2026637102698328,0.0,7.463618425401985,14.430869689661812,hard,0.20655521923648637,0.3003293217458014,0.35797260019176425,0.3462455009694404
0.0,0.0,7.080924220999409,0.2862520470185244,1.5497868311229532,1.1872657663724664,1.1872657663724664,0.13999999999999999,1.2026637102698328,0.0,6.5883533602866216,14.430869689661812,hard,0.20655521923648637,0.3003293217458014,0.3583725303097651,0.3467466404916304
0.0,0.0,6.815592239224857,0.2864208884501361,1.5497868311229532,1.1872657663724664,1.1872657663724664,0.13999999999999999,1.2026637102698328,0.0,5.933262171857906,14.430869689661812,hard,0.20655521923648637,0.3003293217458014,0.35876985585093657,0.34722405941822304
0.0,0.0,3.530292364759029,0.28650440918468206,1.5497868311229532,1.1872657663724664,1.1872657663724664,0.13999999999999999,1.2026637102698328,0.0,3.5157360538015365,14.430869689661812,hard,0.20655521923648637,0.3003293217458014,0.35884628892054876,0.3475617959535703
0.0,0.0,5.975452968075274,0.28661684455582653,1.5497868311229532,1.1872657663724664,1.1872657663724664,0.13999999999999999,1.2026637102698328,0.0,5.662826149547591,14.430869689661812,hard,0.20655521923648637,0.3003554256126137,0.35921607072664735,0.3476933955365074
0.0,0.0,4.659934471436038,0.2867110111893764,1.5497868311229532,1.1872657663724664,1.1872657663724664,0.13999999999999999,1.2026637102698328,0.0,3.8209946349085597,14.430869689661812,hard,0.20655521923648637,0.30038159570976997,0.3595922647720969,0.3477215414906501
0.0,0.0,2.6908861799648127,0.28674963228325073,1.5497868311229532,1.1872657663724664,1.1872657663724664,0.13999999999999999,1.2026637102698328,0.0,1.9888690253508394,14.430869689661812,hard,0.20655521923648637,0.3003947055893195,0.3597430641605025,0.3477356340896791
0.0,0.0,1.1352819989261933,0.28675668491270473,1.5497868311229532,1.1872657663724664,1.1872657663724664,0.13999999999999999,1.2026637102698328,0.0,0.7000000000000001,14.430869689661812,hard,0.20655521923648637,0.3003947055893195,0.35977672080818457,0.3477356340896791
0.0,0.0,1.4487762524294863,0.28675668491270473,1.5497868311229532,1.1872657663724664,1.1872657663724664,0.13999999999999999,1.2026637102698328,0.0,0.748598690888516,14.430869689661812,hard,0.20655521923648637,0.3003947055893195,0.35977672080818457,0.3477356340896791
0.0,0.0,2.9797565555742507,0.2868237464461641,1.5497868311229532,1.1704699910719625,1.1704699910719625,0.13999999999999999,1.234341929936758,0.0,2.981610303175115,14.430869689661812,hard,0.20655521923648637,0.3005704046308538,0.35977672080818457,0.34774973976789325
0.0,0.0,4.367710748372657,0.2868948783539348,1.5497868311229532,1.1704699910719625,1.1704699910719625,0.13999999999999999,1.234341929936758,0.0,3.257053883496557,14.430869689661812,hard,0.20655521923648637,0.30076794742770135,0.35977672080818457,0.34774973976789325
0.0,0.0,4.577255507460843,0.28697646136459326,1.5497868311229532,1.1704699910719625,1.1704699910719625,0.13999999999999999,1.234341929936758,0.0,3.505481422001834,14.430869689661812,hard,0.20655521923648637,0.3009826613449794,0.35980089914985963,0.34774973976789325
0.0,0.0,4.523532582168426,0.28704768826613675,1.5497868311229532,1.1704699910719625,1.1704699910719625,0.13999999999999999,1.234341929936758,0.0,3.3714092009128764,14.430869689661812,hard,0.20655521923648637,0.3011726369521756,0.35982513381895215,0.34774973976789325
0.0,0.0,6.611591986046385,0.28712851397547634,1.5497868311229532,1.1704699910719625,1.1704699910719625,0.13999999999999999,1.234341929936758,0.0,3.041118215393805,14.430869689661812,hard,0.20655521923648637,0.3013460946016847,0.3599150152604545,0.34774973976789325
0.0,0.0,11.647208369634368,0.28725405806553045,1.5518210852158967,1.1872657663724664,1.1872657663724664,0.13999999999999999,1.2489995996796797,0.0,7.969341252575398,14.430869689661812,hard,0.20655521923648637,0.301390133161525,0.36001318537704075,0.3475770225138452
0.0,0.0,3.3202392661153595,0.2873172164769586,1.5224708545945338,1.1872657663724664,1.1872657663724664,0.23748684174075835,1.2489995996796797,0.0,2.255748212899658,14.430869689661812,hard,0.20655521923648637,0.3014383997360416,0.3601621273191802,0.3476241093898821
0.0,0.0,4.594381954208833,0.28743195980739905,1.4917397214903774,1.1872657663724664,1.1872657663724664,0.3,1.2489995996796797,0.0,3.288525505450733,14.430869689661812,hard,0.20655521923648637,0.30158380089224657,0.36033484553305445,0.34775095437155545
0.0,0.0,9.501706610312139,0.28759963742324096,1.4936165184064056,1.1872657663724664,1.1872657663724664,0.3,1.2489995996796797,0.0,5.27943178760745,14.430869689661812,hard,0.20655521923648637,0.30158380089224657,0.36055964211501873,0.3482464051689173
0.0,0.0,7.294577159382306,0.28780569599423317,1.4957566826326092,1.1872657663724664,1.1872657663724664,0.3,1.2489995996796797,0.0,6.693997311024257,14.430869689661812,hard,0.20655521923648637,0.30162911142769744,0.3608794879733933,0.34869486212056705
0.0,0.0,16.62993108348878,0.28817147805439136,1.4982129610164634,1.1872657663724664,1.1872657663724664,0.3,1.2489995996796797,0.0,16.63525172637913,14.430869689661812,hard,0.20655521923648637,0.30177189757236367,0.36155143376764093,0.3492042288240606
0.0,0.0,19.4608978871565,0.28861891172736753,1.5009552711261995,1.1872657663724664,1.1872657663724664,0.3,1.2489995996796797,0.0,18.97578456876026,14.430869689661812,hard,0.20655521923648637,0.3020625059544368,0.3623077376855894,0.3498338448771484
0.0,0.0,3.2462301307170676,0.28865353791120685,1.5039163107284648,1.1872657663724664,1.1872657663724664,0.3,1.2489995996796797,0.0,1.5000000000000002,14.430869689661812,hard,0.20655521923648637,0.3021080371874144,0.3623904137762354,0.3498338448771484
0.0,0.0,7.2489800056287725,0.28881808940694903,1.5070476438701852,1.1872657663724664,1.1872657663724664,0.3,1.2489995996796797,0.0,6.999885713352755,14.430869689661812,hard,0.20655521923648637,0.3023854380526706,0.3624070727516976,0.350209037097872
0.0,0.0,4.508234825575003,0.28890698738702175,1.509186187732493,1.1872657663724664,1.1872657663724664,0.3,1.2489995996796797,0.0,4.293297101296392,14.430869689661812,hard,0.20655521923648637,0.30252608800305514,0.3624791321648147,0.3503613959984075
0.0,0.0,1.4471058601514015,0.2889237883071456,1.5128484852342088,1.1872657663724664,1.1872657663724664,0.3,1.2489995996796797,0.0,0.9799999999999998,14.430869689661812,hard,0.20655521923648637,0.30252608800305514,0.3625486777584316,0.3503613959984075
0.0,0.0,6.950786716227733,0.28892715172497496,1.5166803584051296,1.1872657663724664,1.1872657663724664,0.3,1.2489995996796797,0.0,0.13999999999999999,14.430869689661812,hard,0.20655521923648637,0.30252608800305514,0.36256262841223685,0.3503613959984075
0.0,0.0,1.370086502677985,0.28892715172497496,1.520732001315261,1.1872657663724664,1.1872657663724664,0.3,1.2489995996796797,0.0,0.0,14.430869689661812,hard,0.20655521923648637,0.30252608800305514,0.36256262841223685,0.3503613959984075
0.0,0.0,1.4328404602058722,0.288934397702035,1.5250799954349696,1.1872657663724664,1.1872657663724664,0.3,1.2489995996796797,0.0,0.42,14.430869689661812,hard,0.20655521923648637,0.3025489039213987,0.36256262841223685,0.3503613959984075
0.0,0.0,1.391139594715857,0.2889380223047801,1.5282048172016094,1.1872657663724664,1.1872657663724664,0.3,1.2489995996796797,0.0,0.13999999999999999,14.430869689661812,hard,0.20655521923648637,0.30256033700077006,0.36256262841223685,0.3503613959984075
0.0,0.0,0.7650606910351061,0.2889380223047801,1.5314926641690623,1.1872657663724664,1.1872657663724664,0.3,1.2489995996796797,0.0,0.0,14.430869689661812,hard,0.20655521923648637,0.30256033700077006,0.36256262841223685,0.3503613959984075
0.0,0.0,9.222646712613612,0.289157466250133,1.5356990156440462,1.1874342087037917,1.1874342087037917,0.3,1.2944496900227525,0.0,9.660000000000002,14.430869689661812,hard,0.20658126080176298,0.30280429664835284,0.36256262841223685,0.3503613959984075
0.0,0.0,7.662202730634584,0.2893171125003009,1.537372589738579,1.1874342087037917,1.1874342087037917,0.3,1.2944496900227525,0.0,6.86,14.430869689661812,hard,0.20660235816872452,0.3031410317934332,0.36256262841223685,0.3503613959984075
0.0,0.0,3.4401403902775405,0.2893732694820429,1.537372589738579,1.1874342087037917,1.1874342087037917,0.3,1.2944496900227525,0.0,3.78,14.430869689661812,hard,0.2066056361499288,0.3033018125233643,0.36256262841223685,0.3503613959984075
0.0,0.0,9.690387978932005,0.2895660052744598,1.537372589738579,1.1874342087037917,1.1874342087037917,0.3,1.2944496900227525,0.0,9.1,14.430869689661812,hard,0.2066755123935986,0.30352906850024836,0.36256262841223685,0.3503613959984075
0.0,0.0,6.596926631218607,0.2897191166483857,1.537372589738579,1.1874342087037917,1.1874342087037917,0.3,1.2944496900227525,0.0,7.0,14.430869689661812,hard,0.2067261691630204,0.30381412170341415,0.36256262841223685,0.3503613959984075
0.0,0.0,5.185878461759763,0.2898350711064926,1.456299137837645,1.1874342087037917,1.1874342087037917,0.6095900261651268,1.2944496900227525,0.0,4.620000000000001,14.430869689661812,hard,0.2067354721279579,0.30417489705007417,0.36256262841223685,0.3503613959984075
0.0,0.0,10.301955190291073,0.290054085768087,1.4569968802765403,1.1874342087037917,1.1874342087037917,0.6799999999999999,1.2944496900227525,0.0,10.22,14.430869689661812,hard,0.2069311807322303,0.3042430269090413,0.36256262841223685,0.3503613959984075
0.0,0.0,4.176787780766866,0.2901370766876473,1.4598633995177093,1.1874342087037917,1.1874342087037917,0.6799999999999999,1.2944496900227525,0.0,3.92,14.430869689661812,hard,0.2069541822113613,0.30446380770465786,0.36256262841223685,0.3503613959984075
0.0,0.0,8.51703935102615,0.2900903743346044,1.4620322406931596,1.1874342087037917,1.1874342087037917,0.6799999999999999,1.2944496900227525,0.0,5.894539846332367,14.430869689661812,hard,0.20691926592632523,0.30428941619045136,0.36256262841223685,0.35038011008964914
0.0,0.0,10.257877246336664,0.290310374394685,1.4653703822931372,1.1874342087037917,1.1874342087037917,0.6799999999999999,1.2944496900227525,0.0,9.52,14.430869689661812,hard,0.20719810734400934,0.3043454699701572,0.36256262841223685,0.35038011008964914
0.0,0.0,3.9602168404921354,0.2903830714206028,1.4691797151023986,1.1874342087037917,1.1874342087037917,0.6799999999999999,1.2944496900227525,0.0,3.5,14.430869689661812,hard,0.2072739724732478,0.30437359543655396,0.3626293288488757,0.35038011008964914
0.0,0.0,6.9219956395562265,0.29042762005021416,1.4725268998596832,1.1874342087037917,1.1874342087037917,0.6799999999999999,1.2944496900227525,0.0,6.18,14.430869689661812,hard,0.20738471574778988,0.3042339715212385,0.3626460368219854,0.35038011008964914
0.0,0.0,9.954605107272558,0.2905710052260446,1.4772755600852168,1.1874342087037917,1.1874342087037917,0.6799999999999999,1.2944496900227525,0.0,5.88,14.430869689661812,hard,0.20764278005408351,0.30424810863992624,0.3626460368219854,0.35038011008964914
0.0,0.0,10.402137906833643,0.29067709916918694,1.48106695862512,1.1874342087037917,1.1874342087037917,0.6799999999999999,1.2944496900227525,0.0,9.676693650209248,14.430869689661812,hard,0.2079001837089743,0.3041248318770434,0.3626460368219854,0.35038011008964914
0.0,0.0,13.104847452534159,0.2906033477252037,1.4851158180542696,1.1874342087037917,1.1874342087037917,0.6799999999999999,1.2944496900227525,0.0,13.15460375686018,14.430869689661812,hard,0.20775646757900074,0.3039955338138209,0.3626460368219854,0.35038011008964914
0.0,0.0,11.489353485613396,0.2905468988823488,1.4900887734823676,1.1874342087037917,1.1874342087037917,0.6799999999999999,1.2944496900227525,0.0,10.840590389826563,14.430869689661812,hard,0.20774313830095056,0.30383928234305463,0.3626460368219854,0.35038011008964914
0.0,0.0,32.73089423058139,0.29016272845497043,1.4944562096014704,1.1702991070662236,1.1702991070662236,0.6799999999999999,1.2768711759609894,0.0,29.4,14.430869689661812,hard,0.2077343350542078,0.30340199130198536,0.3615233358095614,0.35038011008964914
0.0,0.0,19.88102348086561,0.2899304310350949,1.5001322534127208,1.1702991070662236,1.1702991070662236,0.6799999999999999,1.2768711759609894,0.0,19.73763916987035,14.430869689661812,hard,0.20765617566652325,0.30304589845938384,0.36123521661289093,0.35038011008964914
0.0,0.0,12.35497482665527,0.28992192908633097,1.506760153162217,1.1702991070662236,1.1702991070662236,0.6799999999999999,1.2768711759609894,0.0,12.629505136781884,14.430869689661812,hard,0.20791978103166692,0.3028912801655273,0.3610414063598109,0.35038011008964914
0.0,0.0,21.1754818208541,0.2899824985243426,1.5115817541859724,1.1702991070662236,1.1702991070662236,0.6799999999999999,1.2768711759609894,0.0,12.48052883494926,14.430869689661812,hard,0.20830716197230567,0.30280741087190577,0.3608707155259789,0.35038011008964914
0.0,0.0,17.22648339017682,0.2897920037666551,1.510699721938004,1.1702991070662236,1.1702991070662236,0.6799999999999999,1.2768711759609894,0.0,15.53217306110127,14.430869689661812,hard,0.20834270004547126,0.30222783517349255,0.3607213344506016,0.35038011008964914
0.0,0.0,13.84728109232208,0.28952921791951236,1.5091646480137935,1.1702991070662236,1.1702991070662236,0.6799999999999999,1.2768711759609894,0.0,13.312024639400274,14.430869689661812,hard,0.20773481519391027,0.3019167899622585,0.3606129231881212,0.35038011008964914
0.0,0.0,20.78041943570623,0.2894168325984866,1.509459601984739,1.1702991070662236,1.1702991070662236,0.6799999999999999,1.2768711759609894,0.0,12.74,14.430869689661812,hard,0.20768528869727768,0.3018614581679754,0.36043914993033926,0.35038011008964914
0.0,0.0,15.874409175328921,0.28928191682106524,1.5099670103286855,1.1702991070662236,1.1702991070662236,0.6799999999999999,1.2768711759609894,0.0,14.979999999999999,14.430869689661812,hard,0.20764937219362375,0.3018047490903356,0.3602484117354715,0.35038011008964914
0.0,0.0,21.704035931201133,0.28889165500907876,1.50836889425344,1.1702991070662236,1.1702991070662236,0.6799999999999999,1.2768711759609894,0.0,21.24,14.430869689661812,hard,0.2068314537338042,0.3014442951695767,0.3600574127598027,0.35038011008964914
0.0,0.0,35.810755497324784,0.2885040450688128,1.4404889559569365,1.1702991070662236,1.1702991070662236,0.9951884243699783,1.2768711759609894,0.0,35.644376835624435,14.430869689661812,hard,0.2066475910083476,0.301189119006176,0.3597359141192216,0.35038011008964914
0.0,0.0,28.911400029119868,0.28828668965861476,1.4415092006709336,1.1702991070662236,1.1702991070662236,0.9951884243699783,1.2768711759609894,0.0,29.589863129119067,14.430869689661812,hard,0.20667807302461894,0.30114831055354885,0.3595142297179242,0.35038011008964914
0.0,0.0,15.001888993994381,0.2881404244090501,1.4433174510068452,1.1702991070662236,1.1702991070662236,0.9951884243699783,1.2768711759609894,0.0,15.053238854146972,14.430869689661812,hard,0.20663452801731874,0.3010501329634631,0.3594019824463047,0.35038011008964914
0.0,0.0,23.854617764579906,0.2878192483261679,1.445699042704718,1.1702991070662236,1.1702991070662236,0.9951884243699783,1.2768711759609894,0.0,23.49407584903054,14.430869689661812,hard,0.2061664094138457,0.30088739974506495,0.3592841947846307,0.35038011008964914
0.0,0.0,17.11780158214216,0.28765857093255226,1.4484246864511334,1.1702991070662236,1.1702991070662236,0.9951884243699783,1.2768711759609894,0.0,16.660180071055656,14.430869689661812,hard,0.2061076779665722,0.3008555483511906,0.3591789850595006,0.35038011008964914
0.0,0.0,21.03846451123653,0.28761191315544093,1.453271637498082,1.1702991070662236,1.1702991070662236,0.9951884243699783,1.2768711759609894,0.0,20.86,14.430869689661812,hard,0.2063092105651772,0.3011319559423441,0.3590316159218142,0.35038011008964914
0.0,0.0,21.867209672230523,0.28749857521431144,1.4572792487288815,1.1702991070662236,1.1702991070662236,0.9951884243699783,1.2768711759609894,0.0,21.39940186079975,14.430869689661812,hard,0.20651337064937783,0.30113823904010817,0.3589173689623016,0.35038011008964914
0.0,0.0,15.049508449773024,0.2874930561325119,1.4617416423555782,1.1702991070662236,1.1702991070662236,0.9951884243699783,1.2768711759609894,0.0,15.259999999999998,14.430869689661812,hard,0.20668976114509252,0.3013952882330595,0.3588686642782068,0.35038011008964914
0.0,0.0,22.307559066264993,0.28740773630431193,1.4666719930938676,1.1702991070662236,1.1702991070662236,0.9951884243699783,1.2768711759609894,0.0,17.267819781315765,14.430869689661812,hard,0.20677482617328263,0.30154860827758,0.3588255901035208,0.35038011008964914
0.0,0.0,14.176582242034259,0.2874205678710604,1.4734422197296304,1.1702991070662236,1.1702991070662236,0.9951884243699783,1.2768711759609894,0.0,12.74,14.430869689661812,hard,0.20690938615266832,0.3018372133135773,0.35879970156671387,0.35038011008964914
0.0,0.0,14.84741816879627,0.2873290797713094,1.4799007777957347,1.1702991070662236,1.1702991070662236,0.9951884243699783,1.2768711759609894,0.0,14.631814651641811,14.430869689661812,hard,0.2069515797077443,0.30187339740140046,0.35879147519708837,0.35038011008964914
0.0,0.0,17.254240426491776,0.2871868921131115,1.4868496282275283,1.1702991070662236,1.1702991070662236,0.9951884243699783,1.2768711759609894,0.0,16.490918713037185,14.430869689661812,hard,0.20698126035657374,0.3017502882760951,0.35879681728115764,0.35038011008964914
0.0,0.0,56.26216381147544,0.2872108400604125,1.4968776569509894,1.1697863052711808,1.1697863052711808,0.9951884243699783,1.2745195173083856,0.0,43.5876129192687,14.430869689661812,hard,0.2069167686815711,0.30158379149384074,0.35895907822153483,0.3492879626425501
0.0,0.0,22.424931362812973,0.2872174966843393,1.5040831187300006,1.1697863052711808,1.1697863052711808,0.9951884243699783,1.2745195173083856,0.0,18.34654190849055,14.430869689661812,hard,0.20688776798304076,0.3014487801719988,0.35915809554725714,0.3490955687525625
0.0,0.0,12.788120438360155,0.28721575471185196,1.510190397442667,1.1697863052711808,1.1697863052711808,0.9951884243699783,1.2745195173083856,0.0,12.991135439213927,14.430869689661812,hard,0.2068828484058146,0.3015489161152489,0.3592900734471357,0.34904565722861325
0.0,0.0,28.27614385852517,0.2870946136574521,1.5110952008374856,1.1697863052711808,1.1697863052711808,0.9951884243699783,1.2745195173083856,0.0,28.26928368388559,14.430869689661812,hard,0.20677532855439534,0.30143843247388286,0.3594551019904079,0.34863716708891024
0.0,0.0,36.697819224397065,0.286911276666182,1.5112823674662343,1.1516944039110375,1.1516944039110375,0.9951884243699783,1.2560254774486066,0.0,33.84907679686404,14.430869689661812,hard,0.20678520467934958,0.30143940947039477,0.3583561157984563,0.3484623655259733
0.0,0.0,35.17373133642074,0.286788350679038,1.5127996840871405,1.1516944039110375,1.1516944039110375,0.9951884243699783,1.2560254774486066,0.0,28.434915157249897,14.430869689661812,hard,0.20679230275727484,0.30116733433133985,0.3582093156429946,0.34832560460668066
0.0,0.0,22.448414144577512,0.28676166510196044,1.5135152655512578,1.1516944039110375,1.1516944039110375,0.9951884243699783,1.2560254774486066,0.0,21.950134395943916,14.430869689661812,hard,0.20680490662029882,0.301056084179747,0.35820104186395635,0.34820688474923406
0.0,0.0,18.358045069808927,0.28678917824399824,1.514448156902891,1.1516944039110375,1.1516944039110375,0.9951884243699783,1.2560254774486066,0.0,18.473288824678725,14.430869689661812,hard,0.20680891549260522,0.3010101178395639,0.3582784805954499,0.34811871176744047
0.0,0.0,19.53091042535809,0.28680587774456123,1.4182598095414933,1.1516944039110375,1.1516944039110375,1.2688577540449522,1.2560254774486066,0.0,16.857235835094674,14.430869689661812,hard,0.20681316924844204,0.3009881082397508,0.3584157974050045,0.34807545351660857
0.0,0.0,13.947643921193334,0.2868130992388126,1.422006914624115,1.1516944039110375,1.1516944039110375,1.2688577540449522,1.2560254774486066,0.0,13.753544997563356,14.430869689661812,hard,0.20685184444317484,0.3011620177692803,0.35855576255736604,0.3480697657394564
0.0,0.0,29.63841078532775,0.2869368347745838,1.426291207874612,1.1516944039110375,1.1516944039110375,1.2688577540449522,1.2560254774486066,0.0,29.41592085928979,14.430869689661812,hard,0.20692579118935353,0.3015614319783374,0.35854387238638846,0.34795904326179283
0.0,0.0,16.789659508451177,0.28695230265654376,1.4308499250760918,1.1516944039110375,1.1516944039110375,1.2688577540449522,1.2560254774486066,0.0,16.69204601000129,14.430869689661812,hard,0.20699555751774684,0.3017401451443903,0.35859136680865195,0.3479458355218369
0.0,0.0,23.011640983190627,0.28699597402259386,1.4371748397503892,1.1516944039110375,1.1516944039110375,1.2688577540449522,1.2560254774486066,0.0,23.04972017183723,14.430869689661812,hard,0.20712920550065153,0.30191198386224183,0.35864136219594456,0.3479415966463893
0.0,0.0,45.2347098378119,0.28662079734584994,1.4434516810528504,1.1516944039110375,1.1516944039110375,1.2688577540449522,1.2560254774486066,0.0,45.71651780264985,14.430869689661812,hard,0.207202935804031,0.30162342874297454,0.3573134263452058,0.3477989670062894
0.0,0.0,30.455856386592604,0.286530098258017,1.4505490273502064,1.1516944039110375,1.1516944039110375,1.2688577540449522,1.2560254774486066,0.0,30.294976481258406,14.430869689661812,hard,0.20729416056619618,0.30163368465192875,0.3571515699855977,0.34744123988827863
0.0,0.0,26.36025357786343,0.2865877282692163,1.457992072593991,1.1516944039110375,1.1516944039110375,1.2688577540449522,1.2560254774486066,0.0,20.24969135567256,14.430869689661812,hard,0.20739995008143355,0.3017233012139529,0.35738964905945736,0.34732565478371563
0.0,0.0,21.834411981725736,0.2867255938082292,1.465651542355149,1.1516944039110375,1.1516944039110375,1.2688577540449522,1.2560254774486066,0.0,22.08891124523796,14.430869689661812,hard,0.20752182820345014,0.3019768167971174,0.35777644579152135,0.34717576189698196
0.0,0.0,23.602916459230492,0.28680888699086365,1.4750968379584903,1.1516944039110375,1.1516944039110375,1.2688577540449522,1.2560254774486066,0.0,23.14334461567731,14.430869689661812,hard,0.20771054962559335,0.3022731648513166,0.35808170593796323,0.34702398842970955
0.0,0.0,32.77939248293287,0.2868567190795092,1.485069172755536,1.1516944039110375,1.1516944039110375,1.2688577540449522,1.2560254774486066,0.0,27.702281494490663,14.430869689661812,hard,0.20794404826822754,0.30261600306075825,0.35814432142919705,0.34695166318884024
0.0,0.0,27.358636112529368,0.2871138220273462,1.4945254203161171,1.1516944039110375,1.1516944039110375,1.2688577540449522,1.2560254774486066,0.0,27.424077012727338,14.430869689661812,hard,0.20822971576436156,0.30310294209947275,0.3582988382434932,0.34711947114335806
0.0,0.0,24.63112488364871,0.287279708235191,1.5029072775851475,1.1516944039110375,1.1516944039110375,1.2688577540449522,1.2560254774486066,0.0,21.478361203779023,14.430869689661812,hard,0.20850736874188278,0.303362502730529,0.3583983221406287,0.3472553081902844
0.0,0.0,23.557563365986468,0.28741436536305054,1.5119964306256872,1.1516944039110375,1.1516944039110375,1.2688577540449522,1.2560254774486066,0.0,21.656601764819893,14.430869689661812,hard,0.20889335088593888,0.303625230247815,0.35859143203964217,0.34724277644885854
0.0,0.0,16.76543299520978,0.2876457105379725,1.5201052550239653,1.1516944039110375,1.1516944039110375,1.2688577540449522,1.2560254774486066,0.0,16.035273617871322,14.430869689661812,hard,0.20910065252259188,0.3037546134172608,0.3588960189161633,0.34750523265072747
0.0,0.0,19.937344497046965,0.2877615980472473,1.521600337912637,1.1516944039110375,1.1516944039110375,1.2688577540449522,1.2560254774486066,0.0,19.86072506229317,14.430869689661812,hard,0.209190782106514,0.30406555131130186,0.3590469852796329,0.3474964963335317
0.0,0.0,22.976456053473377,0.2878849228315433,1.5220946279316452,1.1516944039110375,1.1516944039110375,1.2688577540449522,1.2560254774486066,0.0,23.291964279553582,14.430869689661812,hard,0.209190782106514,0.3043962128091048,0.3593295037986524,0.3474638257801031
0.0,0.0,39.64248475406943,0.2878641877869774,1.523470254293697,1.1504781614615724,1.1504781614615724,1.2688577540449522,1.2529964086141667,0.0,30.08803749000589,14.430869689661812,hard,0.209190782106514,0.3043680255642387,0.35933012997224645,0.34615645272185414
0.0,0.0,25.584481530641348,0.28784436119408136,1.5251005704037033,1.1504781614615724,1.1504781614615724,1.2688577540449522,1.2529964086141667,0.0,21.90981515211847,14.430869689661812,hard,0.209190782106514,0.30433355972726633,0.35940243652281795,0.34583832402698494
0.0,0.0,26.33809195516735,0.2881269049417839,1.5269615466685094,1.1504781614615724,1.1504781614615724,1.2688577540449522,1.2529964086141667,0.0,26.42090838710887,14.430869689661812,hard,0.209190782106514,0.30510467669265817,0.35983506756642447,0.3459010042581511
0.0,0.0,12.374714587029334,0.2882617320992512,1.4356018106476593,1.1504781614615724,1.1504781614615724,1.6076069171286866,1.2529964086141667,0.0,11.8,14.430869689661812,hard,0.209190782106514,0.3054959128429354,0.36008471334887093,0.34593811020284265
0.0,0.0,6.638499792243145,0.28826427568788454,1.4402941738230703,1.1504781614615724,1.1504781614615724,1.6076069171286866,1.2529964086141667,0.0,5.32,14.430869689661812,hard,0.209190782106514,0.3054959128429354,0.3601789304568787,0.34593683591696384
0.0,0.0,16.479926408974723,0.288281196522971,1.4454961852192523,1.1504781614615724,1.1504781614615724,1.6076069171286866,1.2529964086141667,0.0,15.819999999999997,14.430869689661812,hard,0.209190782106514,0.3054959128429354,0.36033640698472297,0.34592585450409985
0.0,0.0,17.24465024335602,0.2883131306999099,1.4508692259521379,1.1504781614615724,1.1504781614615724,1.6076069171286866,1.2529964086141667,0.0,17.360000000000003,14.430869689661812,hard,0.209190782106514,0.3054774622030806,0.36056210029414526,0.34595005227877146
0.0,0.0,15.981366291264122,0.28835252076306134,1.457240346974649,1.1504781614615724,1.1504781614615724,1.6076069171286866,1.2529964086141667,0.0,15.540000000000001,14.430869689661812,hard,0.209190782106514,0.30546421390706463,0.3608100321617322,0.3459800075276338
0.0,0.0,16.016814400121834,0.28840107043828256,1.4640071930591843,1.1504781614615724,1.1504781614615724,1.6076069171286866,1.2529964086141667,0.0,14.28,14.430869689661812,hard,0.209190782106514,0.3054593442777047,0.3611043414947011,0.3460226873947011
0.0,0.0,15.338904816095127,0.28846251652804883,1.471569069529245,1.1504781614615724,1.1504781614615724,1.6076069171286866,1.2529964086141667,0.0,14.839999999999998,14.430869689661812,hard,0.209190782106514,0.3054593442777047,0.36153290371881247,0.34608782250576664
0.0,0.0,41.47244630263973,0.28864331906507146,1.4796017698743293,1.1504781614615724,1.1504781614615724,1.6076069171286866,1.2529964086141667,0.0,32.9,14.430869689661812,hard,0.209190782106514,0.3055132147085751,0.36216692299200703,0.346213191477003
0.0,0.0,24.504797910392544,0.2888177784627324,1.484686926387063,1.1504781614615724,1.1504781614615724,1.6076069171286866,1.2529964086141667,0.0,25.2,14.430869689661812,hard,0.209190782106514,0.3056006557241724,0.3628231494867255,0.34635960457117143
0.0,0.0,21.572346549062875,0.28898331405004,1.4903910618456235,1.1504781614615724,1.1504781614615724,1.6076069171286866,1.2529964086141667,0.0,21.28,14.430869689661812,hard,0.209190782106514,0.3056965533695995,0.3633745119619926,0.3465233639509603
0.0,0.0,18.10672043575931,0.28913760281605416,1.498003146223324,1.1504781614615724,1.1504781614615724,1.6076069171286866,1.2529964086141667,0.0,17.78,14.430869689661812,hard,0.209190782106514,0.3058346276611229,0.3636619351263902,0.34671779445384115
0.0,0.0,13.179140770800366,0.28927438086132407,1.5058392019593743,1.1504781614615724,1.1504781614615724,1.6076069171286866,1.2529964086141667,0.0,13.692640358966568,14.430869689661812,hard,0.209190782106514,0.30596599370827154,0.3638846490654063,0.3467249989766734
0.0,0.0,18.124356785182293,0.28946006693783843,1.5136593809033372,1.1504781614615724,1.1504781614615724,1.6076069171286866,1.2529964086141667,0.0,17.0270490690548,14.430869689661812,hard,0.209190782106514,0.3061552852630888,0.3641788779581353,0.34674475598359894
0.0,0.0,22.68509988714711,0.2893752322526358,1.5193372341606337,1.1504781614615724,1.1504781614615724,1.6076069171286866,1.2529964086141667,0.0,22.768934977288684,14.430869689661812,hard,0.20894924109464422,0.30531828498114666,0.36458507617573194,0.3468202350608416
0.0,0.0,18.280672439953705,0.2894461979764492,1.5250061040343175,1.1504781614615724,1.1504781614615724,1.6076069171286866,1.2529964086141667,0.0,18.291681169318473,14.430869689661812,hard,0.2087578443546632,0.3050996619269533,0.3650659550491696,0.34694425133398343
0.0,0.0,22.220076733197054,0.2895197111233796,1.5257109406137839,1.1504781614615724,1.1504781614615724,1.6076069171286866,1.2529964086141667,0.0,21.45272943007486,14.430869689661812,hard,0.20850004372016068,0.3047642671799652,0.36568141710323976,0.34710872839756246
0.0,0.0,24.61496793851535,0.2894388807894967,1.5239216228050991,1.1504781614615724,1.1504781614615724,1.6076069171286866,1.2529964086141667,0.0,24.008131955652026,14.430869689661812,hard,0.20746833289916375,0.30460234421221233,0.3661668786943679,0.34735220829141733
0.0,0.0,17.922170825695027,0.28928102073961376,1.5217752175438835,1.1504781614615724,1.1504781614615724,1.6076069171286866,1.2529964086141667,0.0,12.684242192578948,14.430869689661812,hard,0.2070084371520479,0.30435190363481157,0.3661592638244605,0.3472685778890505
0.0,0.0,30.694709015182266,0.2894982173199823,1.5200705307976985,1.1677328461596,1.1677328461596,1.6076069171286866,1.277654100294755,0.0,27.631257662292537,14.430869689661812,hard,0.20673790695835623,0.30436404447998777,0.3661586308114373,0.3469478231624512
0.0,0.0,17.836574111768748,0.2893397840579452,1.5186421049875585,1.1677328461596,1.1677328461596,1.6076069171286866,1.277654100294755,0.0,17.273378360934494,14.430869689661812,hard,0.20631031038777908,0.30400941323615094,0.3661586308114373,0.3468236485198235
0.0,0.0,19.807543667743605,0.28922251334287497,1.4293531318778874,1.1677328461596,1.1677328461596,1.9390719429665315,1.277654100294755,0.0,19.213162155147707,14.430869689661812,hard,0.20596653862553674,0.3036716785412441,0.3661555792941871,0.3467832763593793
0.0,0.0,24.654631133104132,0.2889614289115193,1.4300350134306499,1.1677328461596,1.1677328461596,1.9390719429665315,1.277654100294755,0.0,24.86965218896316,14.430869689661812,hard,0.20536198588525448,0.3032158995998072,0.3661600404414654,0.3468190072007706
0.0,0.0,20.580872009970328,0.28886367218876235,1.4315190283350752,1.1677328461596,1.1677328461596,1.9390719429665315,1.277654100294755,0.0,18.368244336353982,14.430869689661812,hard,0.20516579071844424,0.30286592176483057,0.3661687868850317,0.3469301728930939
0.0,0.0,21.38526429645826,0.28878811594542847,1.4332670334953648,1.1677328461596,1.1677328461596,1.9390719429665315,1.277654100294755,0.0,13.622466736975355,14.430869689661812,hard,0.2050017230888562,0.3026999644209851,0.3661803242331243,0.3470371986437621
0.0,0.0,23.48745551527981,0.28861211462810304,1.4360702181437799,1.1677328461596,1.1677328461596,1.9390719429665315,1.277654100294755,0.0,14.55961537953527,14.430869689661812,hard,0.20484335635027084,0.3024180552986235,0.36618648534029774,0.34710456955513747
0.0,0.0,21.32851124413902,0.28860286240238964,1.4393253897731437,1.1677328461596,1.1677328461596,1.9390719429665315,1.277654100294755,0.0,21.01017848567689,14.430869689661812,hard,0.20479226139301637,0.3021406849440284,0.3663174766949963,0.3472169809299259
0.0,0.0,33.088481227843616,0.28825953436074575,1.4407540049626493,1.1489125293076057,1.1489125293076057,1.9390719429665315,1.257934815481311,0.0,29.689600873032973,14.430869689661812,hard,0.20478436155913096,0.30168879019371475,0.3652626038314903,0.34723441053703114
0.0,0.0,14.444004248262463,0.2881620798940846,1.4448496569987317,1.1489125293076057,1.1489125293076057,1.9390719429665315,1.257934815481311,0.0,13.598176348319653,14.430869689661812,hard,0.2047769497493956,0.3014506886266882,0.3650630786892473,0.347318998074041
0.0,0.0,7.6355609291862665,0.2880788386526348,1.4499648978769493,1.1489125293076057,1.1489125293076057,1.9390719429665315,1.257934815481311,0.0,7.419568720619818,14.430869689661812,hard,0.2047726191806791,0.30134178859257416,0.36491830226580935,0.347318998074041
0.0,0.0,1.1360264429403293,0.2880788386526348,1.455985742831833,1.1489125293076057,1.1489125293076057,1.9390719429665315,1.257934815481311,0.0,0.0,14.430869689661812,hard,0.2047726191806791,0.30134178859257416,0.36491830226580935,0.347318998074041
0.0,0.0,7.085590383474144,0.2880788386526348,1.4632800881110894,1.1489125293076057,1.1489125293076057,1.9390719429665315,1.257934815481311,0.0,0.7000000000000002,14.430869689661812,hard,0.2047726191806791,0.30134178859257416,0.36491830226580935,0.347318998074041
0.0,0.0,1.3112365591020052,0.2880788386526348,1.4707101992407168,1.1489125293076057,1.1489125293076057,1.9390719429665315,1.257934815481311,0.0,0.27999999999999997,14.430869689661812,hard,0.2047726191806791,0.30134178859257416,0.36491830226580935,0.347318998074041
0.0,0.0,1.2407874867124005,0.2880788386526348,1.4790265201958421,1.1489125293076057,1.1489125293076057,1.9390719429665315,1.257934815481311,0.0,0.0,14.430869689661812,hard,0.2047726191806791,0.30134178859257416,0.36491830226580935,0.347318998074041
0.0,0.0,1.43479550643495,0.2880788386526348,1.4867862061216726,1.1489125293076057,1.1489125293076057,1.9390719429665315,1.257934815481311,0.0,0.0,14.430869689661812,hard,0.2047726191806791,0.30134178859257416,0.36491830226580935,0.347318998074041
0.0,0.0,1.5414467652434258,0.2880788386526348,1.495619857348886,1.1489125293076057,1.1489125293076057,1.9390719429665315,1.257934815481311,0.0,0.0,14.430869689661812,hard,0.2047726191806791,0.30134178859257416,0.36491830226580935,0.347318998074041
0.0,0.0,2.6938597600718115,0.2880788386526348,1.4987630273140486,1.1489125293076057,1.1489125293076057,1.9390719429665315,1.257934815481311,0.0,0.0,14.430869689661812,hard,0.2047726191806791,0.30134178859257416,0.36491830226580935,0.347318998074041
0.0,0.0,1.712882601190702,0.28808229480966296,1.5006885649230206,1.1489125293076057,1.1489125293076057,1.9390719429665315,1.257934815481311,0.0,0.19595917942265428,14.430869689661812,hard,0.2047726191806791,0.30134178859257416,0.36491830226580935,0.34733682128986
0.0,0.0,1.1481417242034593,0.28808229480966296,1.5022179283449235,1.1489125293076057,1.1489125293076057,1.9390719429665315,1.257934815481311,0.0,0.4399999999999999,14.430869689661812,hard,0.2047726191806791,0.30134178859257416,0.36491830226580935,0.34733682128986
0.0,0.0,1.0391669670156534,0.28809118913338594,1.503707996506884,1.1489125293076057,1.1489125293076057,1.9390719429665315,1.257934815481311,0.0,0.49999999999999994,14.430869689661812,hard,0.2047726191806791,0.30134178859257416,0.36492655141772595,0.3473725071690607
0.0,0.0,1.8253349141786699,0.2881085303672521,1.5043015398722863,1.1489125293076057,1.1489125293076057,1.9390719429665315,1.257934815481311,0.0,1.264911064067352,14.430869689661812,hard,0.2047726191806791,0.30134178859257416,0.36493481439244174,0.3474341641524351
0.0,0.0,4.647261156248016,0.28815999329336356,1.4472396016321005,1.1489125293076057,1.1489125293076057,2.1931712199461306,1.257934815481311,0.0,3.645051439966245,14.430869689661812,hard,0.2047726191806791,0.30134178859257416,0.3650266191494762,0.3475485567997514
0.0,0.0,6.760383164371772,0.2882448624387488,1.4488740822796964,1.1489125293076057,1.1489125293076057,2.1931712199461306,1.257934815481311,0.0,5.8788094032720615,14.430869689661812,hard,0.2047726191806791,0.30134178859257416,0.3651978175336767,0.3477192960444275
0.0,0.0,7.189495554268521,0.28835435328568654,1.4510066821709617,1.1489125293076057,1.1489125293076057,2.1931712199461306,1.257934815481311,0.0,7.0,14.430869689661812,hard,0.2047726191806791,0.30134178859257416,0.3654862763392385,0.3478774649276028
0.0,0.0,14.011609022215286,0.2885329314396524,1.4536079614171915,1.1489125293076057,1.1489125293076057,2.1931712199461306,1.257934815481311,0.0,12.905812643921342,14.430869689661812,hard,0.2047726191806791,0.30136924226200235,0.36583328027067363,0.34823610169569025
0.0,0.0,19.323321034433256,0.2888105025974465,1.4566998505071442,1.1489125293076057,1.1489125293076057,2.1931712199461306,1.257934815481311,0.0,18.76000000000001,14.430869689661812,hard,0.2047726191806791,0.3016328031073787,0.3662938492878055,0.3486632630833243
0.0,0.0,16.75889107081601,0.28907575872006036,1.459918261270783,1.1489125293076057,1.1489125293076057,2.1931712199461306,1.257934815481311,0.0,16.654380805061475,14.430869689661812,hard,0.2047726191806791,0.3018591837297794,0.36673098818049427,0.34911528003398035
0.0,0.0,11.421404659439585,0.2892627630437213,1.462825759624967,1.1489125293076057,1.1489125293076057,2.1931712199461306,1.257934815481311,0.0,10.425814116892742,14.430869689661812,hard,0.2047726191806791,0.30187928960331595,0.3669695658419319,0.34966662734611886
0.0,0.0,29.615291662596377,0.28901749237057134,1.4655418248561072,1.1469960767151735,1.1469960767151735,2.1931712199461306,1.2536347155371854,0.0,24.880844037130256,14.430869689661812,hard,0.2047726191806791,0.30187928960331595,0.36660273372616903,0.34884652672389005
0.0,0.0,4.7043989519701945,0.2890907115914927,1.469717177599977,1.1469960767151735,1.1469960767151735,2.1931712199461306,1.2536347155371854,0.0,3.92,14.430869689661812,hard,0.2047726191806791,0.30187928960331595,0.36676518390897583,0.34902764633933336
0.0,0.0,1.4728299981327342,0.28910821451074514,1.4743496763667556,1.1469960767151735,1.1469960767151735,2.1931712199461306,1.2536347155371854,0.0,0.98,14.430869689661812,hard,0.2047726191806791,0.30187928960331595,0.36679489084743894,0.3490822367977466
0.0,0.0,4.5963765291919385,0.28918554597189733,1.4795281108088822,1.1469960767151735,1.1469960767151735,2.1931712199461306,1.2536347155371854,0.0,3.78,14.430869689661812,hard,0.2047726191806791,0.30187928960331595,0.36707972052550564,0.34913694465389283
0.0,0.0,2.432933944685158,0.2891961313858271,1.4850590844260865,1.1469960767151735,1.1469960767151735,2.1931712199461306,1.2536347155371854,0.0,0.5599999999999999,14.430869689661812,hard,0.2047726191806791,0.30187928960331595,0.36710997747138546,0.3491552066847922
0.0,0.0,17.349713754446388,0.28948599449558016,1.490869807874809,1.1469960767151735,1.1469960767151735,2.1931712199461306,1.2536347155371854,0.0,17.220000000000002,14.430869689661812,hard,0.2047726191806791,0.30206326647499543,0.36771026257815453,0.3495969082765615
0.0,0.0,15.347317779943552,0.2897513212349432,1.496557878334965,1.1469960767151735,1.1469960767151735,2.1931712199461306,1.2536347155371854,0.0,15.540000000000004,14.430869689661812,hard,0.2047726191806791,0.3024585018113461,0.3679586364066886,0.3500502704777229
0.0,0.0,13.722523134846881,0.28996219613004504,1.501490502316688,1.1469960767151735,1.1469960767151735,2.1931712199461306,1.2536347155371854,0.0,13.580000000000002,14.430869689661812,hard,0.2047726191806791,0.3026930083931768,0.36812752837856777,0.35052545711613736
0.0,0.0,8.417531803546622,0.29003576842407464,1.5016146767931233,1.1469960767151735,1.1469960767151735,2.1931712199461306,1.2536347155371854,0.0,4.4799999999999995,14.430869689661812,hard,0.2047726191806791,0.3027157261239579,0.36821296582954977,0.3507288655467282
0.0,0.0,4.499292677157686,0.2901100692812378,1.5016146767931233,1.1469960767151735,1.1469960767151735,2.1931712199461306,1.2536347155371854,0.0,3.7800000000000002,14.430869689661812,hard,0.2047726191806791,0.30272710999549307,0.36822522509776584,0.35102237955916815
0.0,0.0,1.2293955032331338,0.2901100692812378,1.5016146767931233,1.1469960767151735,1.1469960767151735,2.1931712199461306,1.2536347155371854,0.0,0.0,14.430869689661812,hard,0.2047726191806791,0.30272710999549307,0.36822522509776584,0.35102237955916815
0.0,0.0,0.8672153973356589,0.2901100692812378,1.5016146767931233,1.1469960767151735,1.1469960767151735,2.1931712199461306,1.2536347155371854,0.0,0.0,14.430869689661812,hard,0.2047726191806791,0.30272710999549307,0.36822522509776584,0.35102237955916815
0.0,0.0,1.163145160580921,0.2901100692812378,1.5016146767931233,1.1469960767151735,1.1469960767151735,2.1931712199461306,1.2536347155371854,0.0,0.0,14.430869689661812,hard,0.2047726191806791,0.30272710999549307,0.36822522509776584,0.35102237955916815
0.0,0.0,2.3767077745242213,0.2901100692812378,1.4470070613036792,1.1469960767151735,1.1469960767151735,2.4576411454889016,1.2536347155371854,0.0,0.0,14.430869689661812,hard,0.2047726191806791,0.30272710999549307,0.36822522509776584,0.35102237955916815
0.0,0.0,1.109920406260983,0.2901100692812378,1.4489233071348278,1.1469960767151735,1.1469960767151735,2.4576411454889016,1.2536347155371854,0.0,0.0,14.430869689661812,hard,0.2047726191806791,0.30272710999549307,0.36822522509776584,0.35102237955916815
0.0,0.0,0.8883289977441009,0.2901100692812378,1.4511871955900708,1.1469960767151735,1.1469960767151735,2.4576411454889016,1.2536347155371854,0.0,0.0,14.430869689661812,hard,0.2047726191806791,0.30272710999549307,0.36822522509776584,0.35102237955916815
0.0,0.0,1.1298498409791833,0.2901100692812378,1.4392267617688568,1.1469960767151735,1.1469960767151735,2.493912588684696,1.2536347155371854,0.0,0.0,14.430869689661812,hard,0.2047726191806791,0.30272710999549307,0.36822522509776584,0.35102237955916815
0.0,0.0,0.8145031271558053,0.2901100692812378,1.4426870998074919,1.1469960767151735,1.1469960767151735,2.537400244344593,1.2536347155371854,0.0,0.0,14.430869689661812,hard,0.2047726191806791,0.30272710999549307,0.36822522509776584,0.35102237955916815
0.0,0.0,1.3732988094321588,0.2901100692812378,1.4455901087740706,1.1469960767151735,1.1469960767151735,2.537400244344593,1.2536347155371854,0.0,0.0,14.430869689661812,hard,0.2047726191806791,0.30272710999549307,0.36822522509776584,0.35102237955916815
0.0,0.0,1.0510875013470187,0.2901100692812378,1.4489881899569035,1.1469960767151735,1.1469960767151735,2.537400244344593,1.2536347155371854,0.0,0.0,14.430869689661812,hard,0.2047726191806791,0.30272710999549307,0.36822522509776584,0.35102237955916815
0.0,0.0,1.255609907078804,0.2901100692812378,1.452682553388913,1.1469960767151735,1.1469960767151735,2.537400244344593,1.2536347155371854,0.0,0.0,14.430869689661812,hard,0.2047726191806791,0.30272710999549307,0.36822522509776584,0.35102237955916815
0.0,0.0,6.62583820985087,0.2901100692812378,1.4568585723922172,1.1469960767151735,1.1469960767151735,2.537400244344593,1.2536347155371854,0.0,0.0,14.430869689661812,hard,0.2047726191806791,0.30272710999549307,0.36822522509776584,0.35102237955916815
0.0,0.0,3.8619246146769153,0.2901100692812378,1.4615045634156336,1.1469960767151735,1.1469960767151735,2.537400244344593,1.2536347155371854,0.0,0.0,14.430869689661812,hard,0.2047726191806791,0.30272710999549307,0.36822522509776584,0.35102237955916815
0.0,0.0,1.0621213260138478,0.2901100692812378,1.4666803353875972,1.1469960767151735,1.1469960767151735,2.537400244344593,1.2536347155371854,0.0,0.0,14.430869689661812,hard,0.2047726191806791,0.30272710999549307,0.36822522509776584,0.35102237955916815
0.0,0.0,2.394617984608402,0.2901100692812378,1.4723494638715917,1.1469960767151735,1.1469960767151735,2.537400244344593,1.2536347155371854,0.0,0.0,14.430869689661812,hard,0.2047726191806791,0.30272710999549307,0.36822522509776584,0.35102237955916815
0.0,0.0,7.110858334057369,0.2901100692812378,1.478423534878503,1.1469960767151735,1.1469960767151735,2.537400244344593,1.2536347155371854,0.0,0.0,14.430869689661812,hard,0.2047726191806791,0.30272710999549307,0.36822522509776584,0.35102237955916815
0.0,0.0,1.3863278373126784,0.2901100692812378,1.484882467411653,1.1469960767151735,1.1469960767151735,2.537400244344593,1.2536347155371854,0.0,0.0,14.430869689661812,hard,0.2047726191806791,0.30272710999549307,0.36822522509776584,0.35102237955916815
0.0,0.0,1.0341487903452633,0.2901100692812378,1.4890102094083941,1.1469960767151735,1.1469960767151735,2.537400244344593,1.2536347155371854,0.0,0.0,14.430869689661812,hard,0.2047726191806791,0.30272710999549307,0.36822522509776584,0.35102237955916815
0.0,0.0,2.530883483030015,0.2901100692812378,1.4893745053375522,1.1469960767151735,1.1469960767151735,2.537400244344593,1.2536347155371854,0.0,0.0,14.430869689661812,hard,0.2047726191806791,0.30272710999549307,0.36822522509776584,0.35102237955916815
0.0,0.0,2.367058947742908,0.2901100692812378,1.4898171758041652,1.1469960767151735,1.1469960767151735,2.537400244344593,1.2536347155371854,0.0,0.0,14.430869689661812,hard,0.2047726191806791,0.30272710999549307,0.36822522509776584,0.35102237955916815
0.0,0.0,1.2288109859752492,0.2901100692812378,1.4902486372683943,1.1469960767151735,1.1469960767151735,2.537400244344593,1.2536347155371854,0.0,0.0,14.430869689661812,hard,0.2047726191806791,0.30272710999549307,0.36822522509776584,0.35102237955916815
0.0,0.0,1.082865615178256,0.2901100692812378,1.4908271815492822,1.1469960767151735,1.1469960767151735,2.537400244344593,1.2536347155371854,0.0,0.0,14.430869689661812,hard,0.2047726191806791,0.30272710999549307,0.36822522509776584,0.35102237955916815
0.0,0.0,1.3373640271788598,0.2901100692812378,1.4914755090178915,1.1469960767151735,1.1469960767151735,2.537400244344593,1.2536347155371854,0.0,0.0,14.430869689661812,hard,0.2047726191806791,0.30272710999549307,0.36822522509776584,0.35102237955916815
0.0,0.0,6.572327750582572,0.2901100692812378,1.435715345832998,1.1469960767151735,1.1469960767151735,2.7396350121868425,1.2536347155371854,0.0,0.0,14.430869689661812,hard,0.2047726191806791,0.30272710999549307,0.36822522509776584,0.35102237955916815
0.0,0.0,1.3807875740969096,0.2901100692812378,1.438765693545829,1.1469960767151735,1.1469960767151735,2.7396350121868425,1.2536347155371854,0.0,0.0,14.430869689661812,hard,0.2047726191806791,0.30272710999549307,0.36822522509776584,0.35102237955916815
0.0,0.0,1.0949031755973122,0.2901100692812378,1.4421879276506224,1.1469960767151735,1.1469960767151735,2.7396350121868425,1.2536347155371854,0.0,0.0,14.430869689661812,hard,0.2047726191806791,0.30272710999549307,0.36822522509776584,0.35102237955916815
0.0,0.0,1.3010127930612263,0.2901100692812378,1.445880157622933,1.1469960767151735,1.1469960767151735,2.7396350121868425,1.2536347155371854,0.0,0.0,14.430869689661812,hard,0.2047726191806791,0.30272710999549307,0.36822522509776584,0.35102237955916815
0.0,0.0,1.1157976259843487,0.2901100692812378,1.45009437749944,1.1469960767151735,1.1469960767151735,2.7396350121868425,1.2536347155371854,0.0,0.0,14.430869689661812,hard,0.2047726191806791,0.30272710999549307,0.36822522509776584,0.35102237955916815
0.0,0.0,2.5986260198578335,0.2901100692812378,1.4548153839611462,1.1469960767151735,1.1469960767151735,2.7396350121868425,1.2536347155371854,0.0,0.0,14.430869689661812,hard,0.2047726191806791,0.30272710999549307,0.36822522509776584,0.35102237955916815
0.0,0.0,1.055489613237961,0.2901100692812378,1.4595833672798697,1.1469960767151735,1.1469960767151735,2.7396350121868425,1.2536347155371854,0.0,0.0,14.430869689661812,hard,0.2047726191806791,0.30272710999549307,0.36822522509776584,0.35102237955916815
0.0,0.0,1.3333546448485711,0.2901100692812378,1.464817630971737,1.1469960767151735,1.1469960767151735,2.7396350121868425,1.2536347155371854,0.0,0.0,14.430869689661812,hard,0.2047726191806791,0.30272710999549307,0.36822522509776584,0.35102237955916815
0.0,0.0,1.137334671608434,0.2901100692812378,1.470841149004685,1.1469960767151735,1.1469960767151735,2.7396350121868425,1.2536347155371854,0.0,0.0,14.430869689661812,hard,0.2047726191806791,0.30272710999549307,0.36822522509776584,0.35102237955916815
0.0,0.0,1.3571395748684174,0.2901100692812378,1.4761682525932542,1.1469960767151735,1.1469960767151735,2.7396350121868425,1.2536347155371854,0.0,0.0,14.430869689661812,hard,0.2047726191806791,0.30272710999549307,0.36822522509776584,0.35102237955916815
0.0,0.0,1.0483425115818834,0.2901100692812378,1.480960186936464,1.1469960767151735,1.1469960767151735,2.7396350121868425,1.2536347155371854,0.0,0.0,14.430869689661812,hard,0.2047726191806791,0.30272710999549307,0.36822522509776584,0.35102237955916815
0.0,0.0,1.336659052999993,0.2901100692812378,1.4860908976158986,1.1469960767151735,1.1469960767151735,2.7396350121868425,1.2536347155371854,0.0,0.0,14.430869689661812,hard,0.2047726191806791,0.30272710999549307,0.36822522509776584,0.35102237955916815
0.0,0.0,1.0148645253564221,0.2901100692812378,1.4914472145909503,1.1469960767151735,1.1469960767151735,2.7396350121868425,1.2536347155371854,0.0,0.0,14.430869689661812,hard,0.2047726191806791,0.30272710999549307,0.36822522509776584,0.35102237955916815
0.0,0.0,5.878116716930444,0.2901100692812378,1.4970521978247056,1.1469960767151735,1.1469960767151735,2.7396350121868425,1.2536347155371854,0.0,0.0,14.430869689661812,hard,0.2047726191806791,0.30272710999549307,0.36822522509776584,0.35102237955916815
0.0,0.0,3.7115563643031457,0.2901100692812378,1.5022157252274462,1.1469960767151735,1.1469960767151735,2.7396350121868425,1.2536347155371854,0.0,0.0,14.430869689661812,hard,0.2047726191806791,0.30272710999549307,0.36822522509776584,0.35102237955916815
0.0,0.0,1.3141702195755285,0.2901100692812378,1.5022157252274462,1.1469960767151735,1.1469960767151735,2.7396350121868425,1.2536347155371854,0.0,0.0,14.430869689661812,hard,0.2047726191806791,0.30272710999549307,0.36822522509776584,0.35102237955916815
0.0,0.0,2.340226168134061,0.2901100692812378,1.5022157252274462,1.1469960767151735,1.1469960767151735,2.7396350121868425,1.2536347155371854,0.0,0.0,14.430869689661812,hard,0.2047726191806791,0.30272710999549307,0.36822522509776584,0.35102237955916815
0.0,0.0,7.7229875440097295,0.2901100692812378,1.5022157252274462,1.1469960767151735,1.1469960767151735,2.7396350121868425,1.2536347155371854,0.0,0.0,14.430869689661812,hard,0.2047726191806791,0.30272710999549307,0.36822522509776584,0.35102237955916815
0.0,0.0,1.0944968521185963,0.2901100692812378,1.5022157252274462,1.1469960767151735,1.1469960767151735,2.7396350121868425,1.2536347155371854,0.0,0.0,14.430869689661812,hard,0.2047726191806791,0.30272710999549307,0.36822522509776584,0.35102237955916815
0.0,0.0,1.3653148238627812,0.2901100692812378,1.5022157252274462,1.1469960767151735,1.1469960767151735,2.7396350121868425,1.2536347155371854,0.0,0.0,14.430869689661812,hard,0.2047726191806791,0.30272710999549307,0.36822522509776584,0.35102237955916815
0.0,0.0,2.378662779807916,0.2901100692812378,1.4470197962266524,1.1469960767151735,1.1469960767151735,2.95296461204668,1.2536347155371854,0.0,0.0,14.430869689661812,hard,0.2047726191806791,0.30272710999549307,0.36822522509776584,0.35102237955916815
0.0,0.0,2.525410729134095,0.2901100692812378,1.4489465364558647,1.1469960767151735,1.1469960767151735,2.95296461204668,1.2536347155371854,0.0,0.0,14.430869689661812,hard,0.2047726191806791,0.30272710999549307,0.36822522509776584,0.35102237955916815
0.0,0.0,1.110520411850243,0.2901100692812378,1.4511733218590712,1.1469960767151735,1.1469960767151735,2.95296461204668,1.2536347155371854,0.0,0.0,14.430869689661812,hard,0.2047726191806791,0.30272710999549307,0.36822522509776584,0.35102237955916815
0.0,0.0,1.327635344608567,0.2901100692812378,1.45379791008586,1.1469960767151735,1.1469960767151735,2.95296461204668,1.2536347155371854,0.0,0.0,14.430869689661812,hard,0.2047726191806791,0.30272710999549307,0.36822522509776584,0.35102237955916815
0.0,0.0,1.1061026060668158,0.2901100692812378,1.456793172013424,1.1469960767151735,1.1469960767151735,2.95296461204668,1.2536347155371854,0.0,0.0,14.430869689661812,hard,0.2047726191806791,0.30272710999549307,0.36822522509776584,0.35102237955916815
0.0,0.0,6.810644014075366,0.2901100692812378,1.4593342387778432,1.1469960767151735,1.1469960767151735,2.95296461204668,1.2536347155371854,0.0,0.0,14.430869689661812,hard,0.2047726191806791,0.30272710999549307,0.36822522509776584,0.35102237955916815
0.0,0.0,1.0668489697049452,0.2901100692812378,1.4628602030097486,1.1469960767151735,1.1469960767151735,2.95296461204668,1.2536347155371854,0.0,0.0,14.430869689661812,hard,0.2047726191806791,0.30272710999549307,0.36822522509776584,0.35102237955916815
0.0,0.0,1.419686259371778,0.2901100692812378,1.4527205590149135,1.1469960767151735,1.1469960767151735,2.9481519635188413,1.2536347155371854,0.0,0.0,14.430869689661812,hard,0.2047726191806791,0.30272710999549307,0.36822522509776584,0.35102237955916815
0.0,0.0,1.0364895416598165,0.2901100692812378,1.4571075484541471,1.1469960767151735,1.1469960767151735,2.9481519635188413,1.2536347155371854,0.0,0.0,14.430869689661812,hard,0.2047726191806791,0.30272710999549307,0.36822522509776584,0.35102237955916815
0.0,0.0,1.3562894232437002,0.2901100692812378,1.4617570221684424,1.1469960767151735,1.1469960767151735,2.9481519635188413,1.2536347155371854,0.0,0.0,14.430869689661812,hard,0.2047726191806791,0.30272710999549307,0.36822522509776584,0.35102237955916815
0.0,0.0,2.397201489674347,0.2901100692812378,1.4670731132676924,1.1469960767151735,1.1469960767151735,2.9481519635188413,1.2536347155371854,0.0,0.0,14.430869689661812,hard,0.2047726191806791,0.30272710999549307,0.36822522509776584,0.35102237955916815
0.0,0.0,1.368789747510248,0.2901100692812378,1.4725784340900212,1.1469960767151735,1.1469960767151735,2.9481519635188413,1.2536347155371854,0.0,0.0,14.430869689661812,hard,0.2047726191806791,0.30272710999549307,0.36822522509776584,0.35102237955916815
0.0,0.0,0.930915538893182,0.2901100692812378,1.4779060049668618,1.1469960767151735,1.1469960767151735,2.9481519635188413,1.2536347155371854,0.0,0.0,14.430869689661812,hard,0.2047726191806791,0.30272710999549307,0.36822522509776584,0.35102237955916815
0.0,0.0,1.4361218028327472,0.2901100692812378,1.4845027410072573,1.1469960767151735,1.1469960767151735,2.9481519635188413,1.2536347155371854,0.0,0.0,14.430869689661812,hard,0.2047726191806791,0.30272710999549307,0.36822522509776584,0.35102237955916815
0.0,0.0,0.8707523836641407,0.2901100692812378,1.4904230020852867,1.1469960767151735,1.1469960767151735,2.9481519635188413,1.2536347155371854,0.0,0.0,14.430869689661812,hard,0.2047726191806791,0.30272710999549307,0.36822522509776584,0.35102237955916815
0.0,0.0,1.2039740232952614,0.2901100692812378,1.4927953711048374,1.1469960767151735,1.1469960767151735,2.9481519635188413,1.2536347155371854,0.0,0.0,14.430869689661812,hard,0.2047726191806791,0.30272710999549307,0.36822522509776584,0.35102237955916815
0.0,0.0,1.204166356999269,0.2901100692812378,1.4995625901719478,1.1469960767151735,1.1469960767151735,3.0037310132566795,1.2536347155371854,0.0,0.0,14.430869689661812,hard,0.2047726191806791,0.30272710999549307,0.36822522509776584,0.35102237955916815
0.0,0.0,1.4216035212781943,0.2901100692812378,1.4993969913152052,1.1469960767151735,1.1469960767151735,3.0037310132566795,1.2536347155371854,0.0,0.0,14.430869689661812,hard,0.2047726191806791,0.30272710999549307,0.36822522509776584,0.35102237955916815
0.0,0.0,6.2323308648517886,0.2901100692812378,1.4994295683609462,1.1469960767151735,1.1469960767151735,3.0037310132566795,1.2536347155371854,0.0,0.0,14.430869689661812,hard,0.2047726191806791,0.30272710999549307,0.36822522509776584,0.35102237955916815
0.0,0.0,3.7169813728855368,0.2901100692812378,1.4996934116395209,1.1469960767151735,1.1469960767151735,3.0037310132566795,1.2536347155371854,0.0,0.0,14.430869689661812,hard,0.2047726191806791,0.30272710999549307,0.36822522509776584,0.35102237955916815
0.0,0.0,1.4156409730173838,0.2901100692812378,1.417531631412265,1.1469960767151735,1.1469960767151735,3.260429419570373,1.2536347155371854,0.0,0.0,14.430869689661812,hard,0.2047726191806791,0.30272710999549307,0.36822522509776584,0.35102237955916815
0.0,0.0,2.2190897972228,0.2901100692812378,1.4204933493976732,1.1469960767151735,1.1469960767151735,3.260429419570373,1.2536347155371854,0.0,0.0,14.430869689661812,hard,0.2047726191806791,0.30272710999549307,0.36822522509776584,0.35102237955916815
0.0,0.0,7.7020171619672,0.2901100692812378,1.4235767739634373,1.1469960767151735,1.1469960767151735,3.260429419570373,1.2536347155371854,0.0,0.0,14.430869689661812,hard,0.2047726191806791,0.30272710999549307,0.36822522509776584,0.35102237955916815
0.0,0.0,0.9545305953564197,0.2901100692812378,1.426637472258314,1.1469960767151735,1.1469960767151735,3.260429419570373,1.2536347155371854,0.0,0.0,14.430869689661812,hard,0.2047726191806791,0.30272710999549307,0.36822522509776584,0.35102237955916815
0.0,0.0,1.393331644387207,0.2901100692812378,1.430530186466906,1.1469960767151735,1.1469960767151735,3.260429419570373,1.2536347155371854,0.0,0.0,14.430869689661812,hard,0.2047726191806791,0.30272710999549307,0.36822522509776584,0.35102237955916815
0.0,0.0,2.3079765134195007,0.2901100692812378,1.434823203321803,1.1469960767151735,1.1469960767151735,3.260429419570373,1.2536347155371854,0.0,0.0,14.430869689661812,hard,0.2047726191806791,0.30272710999549307,0.36822522509776584,0.35102237955916815
0.0,0.0,2.5726146421014855,0.2901100692812378,1.4397371874585032,1.1469960767151735,1.1469960767151735,3.260429419570373,1.2536347155371854,0.0,0.0,14.430869689661812,hard,0.2047726191806791,0.30272710999549307,0.36822522509776584,0.35102237955916815
0.0,0.0,0.9998748580241785,0.2901100692812378,1.4448628192077517,1.1469960767151735,1.1469960767151735,3.260429419570373,1.2536347155371854,0.0,0.0,14.430869689661812,hard,0.2047726191806791,0.30272710999549307,0.36822522509776584,0.35102237955916815
0.0,0.0,1.3975018053491048,0.2901100692812378,1.4505806920770878,1.1469960767151735,1.1469960767151735,3.260429419570373,1.2536347155371854,0.0,0.0,14.430869689661812,hard,0.2047726191806791,0.30272710999549307,0.36822522509776584,0.35102237955916815
0.0,0.0,0.9865191093142236,0.2901100692812378,1.456668165235821,1.1469960767151735,1.1469960767151735,3.260429419570373,1.2536347155371854,0.0,0.0,14.430869689661812,hard,0.2047726191806791,0.30272710999549307,0.36822522509776584,0.35102237955916815
0.0,0.0,6.872054518157491,0.2901100692812378,1.4632721164405293,1.1469960767151735,1.1469960767151735,3.260429419570373,1.2536347155371854,0.0,0.0,14.430869689661812,hard,0.2047726191806791,0.30272710999549307,0.36822522509776584,0.35102237955916815
0.0,0.0,1.4286240617597448,0.29011901030194215,1.4696844627295482,1.1469960767151735,1.1469960767151735,3.260429419570373,1.2536347155371854,0.0,1.26,14.430869689661812,hard,0.2047726191806791,0.3027570760309591,0.36823940062352223,0.35102237955916815
0.0,0.0,2.1964250387430453,0.29015487130013384,1.4761344224348236,1.1469960767151735,1.1469960767151735,3.260429419570373,1.2536347155371854,0.0,2.3799999999999994,14.430869689661812,hard,0.2047726191806791,0.30292304542404597,0.36823940062352223,0.35102814166191043
0.0,0.0,1.1006536222716725,0.29015487130013384,1.483932833799018,1.1469960767151735,1.1469960767151735,3.260429419570373,1.2536347155371854,0.0,0.0,14.430869689661812,hard,0.2047726191806791,0.30292304542404597,0.36823940062352223,0.35102814166191043
0.0,0.0,1.5536346379535635,0.29015487130013384,1.4896574398313593,1.1469960767151735,1.1469960767151735,3.260429419570373,1.2536347155371854,0.0,0.0,14.430869689661812,hard,0.2047726191806791,0.30292304542404597,0.36823940062352223,0.35102814166191043
0.0,0.0,12.305069064502018,0.2899188954411925,1.4878710357157374,1.1469960767151735,1.1469960767151735,3.260429419570373,1.2536347155371854,0.0,11.912497639034392,14.430869689661812,hard,0.2039800300139794,0.30264318860501366,0.36823940062352223,0.35103391723266814
0.0,0.0,1.088066199000881,0.2899188954411925,1.4878710357157374,1.1469960767151735,1.1469960767151735,3.260429419570373,1.2536347155371854,0.0,0.0,14.430869689661812,hard,0.2039800300139794,0.30264318860501366,0.36823940062352223,0.35103391723266814
0.0,0.0,3.186850208512389,0.28994592911878947,1.4878710357157374,1.1469960767151735,1.1469960767151735,3.260429419570373,1.2536347155371854,0.0,2.52,14.430869689661812,hard,0.2039800300139794,0.30265841394291015,0.36823940062352223,0.35108060656720225
0.0,0.0,1.1878906501874709,0.28994592911878947,1.4878710357157374,1.1469960767151735,1.1469960767151735,3.260429419570373,1.2536347155371854,0.0,0.0,14.430869689661812,hard,0.2039800300139794,0.30265841394291015,0.36823940062352223,0.35108060656720225
0.0,0.0,1.2534233601622766,0.28994592911878947,1.4878710357157374,1.1469960767151735,1.1469960767151735,3.260429419570373,1.2536347155371854,0.0,0.0,14.430869689661812,hard,0.2039800300139794,0.30265841394291015,0.36823940062352223,0.35108060656720225
0.0,0.0,1.2093806867846624,0.28994592911878947,1.4149895685351932,1.1469960767151735,1.1469960767151735,3.5225558902592304,1.2536347155371854,0.0,0.0,14.430869689661812,hard,0.2039800300139794,0.30265841394291015,0.36823940062352223,0.35108060656720225
0.0,0.0,1.2647536101677332,0.28994592911878947,1.417619134870668,1.1469960767151735,1.1469960767151735,3.5225558902592304,1.2536347155371854,0.0,0.0,14.430869689661812,hard,0.2039800300139794,0.30265841394291015,0.36823940062352223,0.35108060656720225
0.0,0.0,1.2095979427373371,0.28994592911878947,1.4206460543661612,1.1469960767151735,1.1469960767151735,3.5225558902592304,1.2536347155371854,0.0,0.0,14.430869689661812,hard,0.2039800300139794,0.30265841394291015,0.36823940062352223,0.35108060656720225
0.0,0.0,6.254705987524129,0.28994592911878947,1.4239218655007555,1.1469960767151735,1.1469960767151735,3.5225558902592304,1.2536347155371854,0.0,0.0,14.430869689661812,hard,0.2039800300139794,0.30265841394291015,0.36823940062352223,0.35108060656720225
0.0,0.0,3.815799541458452,0.28994592911878947,1.4273223740921963,1.1469960767151735,1.1469960767151735,3.5225558902592304,1.2536347155371854,0.0,0.0,14.430869689661812,hard,0.2039800300139794,0.30265841394291015,0.36823940062352223,0.35108060656720225
0.0,0.0,1.253895977244557,0.28994592911878947,1.431540670662713,1.1469960767151735,1.1469960767151735,3.5225558902592304,1.2536347155371854,0.0,0.0,14.430869689661812,hard,0.2039800300139794,0.30265841394291015,0.36823940062352223,0.35108060656720225
0.0,0.0,2.26860630675187,0.28994592911878947,1.4359888797578286,1.1469960767151735,1.1469960767151735,3.5225558902592304,1.2536347155371854,0.0,0.0,14.430869689661812,hard,0.2039800300139794,0.30265841394291015,0.36823940062352223,0.35108060656720225
0.0,0.0,7.520939692466982,0.28994592911878947,1.4405757771844545,1.1469960767151735,1.1469960767151735,3.5225558902592304,1.2536347155371854,0.0,0.0,14.430869689661812,hard,0.2039800300139794,0.30265841394291015,0.36823940062352223,0.35108060656720225
0.0,0.0,1.5100321746703733,0.2899510518914726,1.445464983732584,1.1469960767151735,1.1469960767151735,3.5225558902592304,1.2536347155371854,0.0,0.7000000000000002,14.430869689661812,hard,0.2039800300139794,0.30265841394291015,0.36824636850384906,0.3510842501796777
0.0,0.0,1.2711997871892573,0.2899510518914726,1.4514574193735816,1.1469960767151735,1.1469960767151735,3.5225558902592304,1.2536347155371854,0.0,0.0,14.430869689661812,hard,0.2039800300139794,0.30265841394291015,0.36824636850384906,0.3510842501796777
0.0,0.0,2.4516609275419152,0.2899510518914726,1.4577366673682615,1.1469960767151735,1.1469960767151735,3.5225558902592304,1.2536347155371854,0.0,0.0,14.430869689661812,hard,0.2039800300139794,0.30265841394291015,0.36824636850384906,0.3510842501796777
0.0,0.0,3.021490897474488,0.28995748013912076,1.4643161446047055,1.1469960767151735,1.1469960767151735,3.5225558902592304,1.2536347155371854,0.0,0.8400000000000001,14.430869689661812,hard,0.2039800300139794,0.30265841394291015,0.36824636850384906,0.35110267147564617
0.0,0.0,24.732894224619056,0.2901894620028027,1.4769197023296916,1.1469960767151735,1.1469960767151735,3.573457709278228,1.2536347155371854,0.0,24.639999999999997,14.430869689661812,hard,0.2039800300139794,0.30265841394291015,0.3683776785461021,0.3516409170264346
0.0,0.0,17.284389491306083,0.29036294553806796,1.483083091944431,1.1469960767151735,1.1469960767151735,3.573457709278228,1.2536347155371854,0.0,17.360000000000003,14.430869689661812,hard,0.2039800300139794,0.30265841394291015,0.3685057475214081,0.35207197818785185
0.0,0.0,17.978829395138604,0.290557326181678,1.4891177573727252,1.1469960767151735,1.1469960767151735,3.573457709278228,1.2536347155371854,0.0,17.5,14.430869689661812,hard,0.2039800300139794,0.30265841394291015,0.36863843952176895,0.3526355584389718
0.0,0.0,10.034626489575329,0.2906378544539049,1.4891822091012654,1.1469960767151735,1.1469960767151735,3.573457709278228,1.2536347155371854,0.0,7.0,14.430869689661812,hard,0.2039800300139794,0.30265841394291015,0.3686836091492651,0.3529035148251587
0.0,0.0,1.9054961178958993,0.2906503116722292,1.4883744210187821,1.1469960767151735,1.1469960767151735,3.573457709278228,1.2536347155371854,0.0,1.4000000000000004,14.430869689661812,hard,0.2039800300139794,0.30265841394291015,0.36870894549900884,0.3529114110399198
0.0,0.0,6.238569462856605,0.2907316728701339,1.4876617199854,1.1469960767151735,1.1469960767151735,3.573457709278228,1.2536347155371854,0.0,6.86,14.430869689661812,hard,0.2039800300139794,0.30265841394291015,0.36870894549900884,0.35328053386697883
0.0,0.0,14.246508268800484,0.2908913900294371,1.4876617199854,1.1469960767151735,1.1469960767151735,3.573457709278228,1.2536347155371854,0.0,13.300000000000002,14.430869689661812,hard,0.2039800300139794,0.30265841394291015,0.36871750047366936,0.3540319333572441
0.0,0.0,14.555100816537363,0.29108125232747234,1.4870326577853816,1.1469960767151735,1.1469960767151735,3.573457709278228,1.2536347155371854,0.0,14.419999999999998,14.430869689661812,hard,0.2039800300139794,0.30265841394291015,0.3687789182489517,0.3548636686775817
0.0,0.0,8.407930284538033,0.291177865340206,1.4138982548044936,1.1469960767151735,1.1469960767151735,3.8371343474004136,1.2536347155371854,0.0,7.979999999999998,14.430869689661812,hard,0.2039800300139794,0.30265841394291015,0.3687879111631949,0.3553576426400506
0.0,0.0,7.3711969736892105,0.29125137197328976,1.416127981836127,1.1469960767151735,1.1469960767151735,3.8371343474004136,1.2536347155371854,0.0,6.4399999999999995,14.430869689661812,hard,0.2039800300139794,0.30265841394291015,0.3687879111631949,0.35576014326908467
0.0,0.0,2.6571690557061816,0.29128755559295233,1.4189730709322748,1.1469960767151735,1.1469960767151735,3.8371343474004136,1.2536347155371854,0.0,2.94,14.430869689661812,hard,0.2039800300139794,0.30265841394291015,0.3688244300266083,0.35586622401689105
0.0,0.0,4.19834146256722,0.2913154372596237,1.4223826172921432,1.1469960767151735,1.1469960767151735,3.8371343474004136,1.2536347155371854,0.0,3.0799999999999996,14.430869689661812,hard,0.2039800300139794,0.30265841394291015,0.3688808494907753,0.35587807583675024
0.0,0.0,3.2448865810832093,0.29134350246276264,1.4262491944073368,1.1469960767151735,1.1469960767151735,3.8371343474004136,1.2536347155371854,0.0,2.94,14.430869689661812,hard,0.2039800300139794,0.30265841394291015,0.3688952619861371,0.3559973093297565
0.0,0.0,2.6367591406646573,0.2913673932569787,1.4306167887216878,1.1469960767151735,1.1469960767151735,3.8371343474004136,1.2536347155371854,0.0,1.9599999999999995,14.430869689661812,hard,0.2039800300139794,0.30265841394291015,0.36890979750456737,0.3560936319127192
0.0,0.0,1.5427924519670997,0.2913673932569787,1.4356125596957021,1.1469960767151735,1.1469960767151735,3.8371343474004136,1.2536347155371854,0.0,0.7000000000000002,14.430869689661812,hard,0.2039800300139794,0.30265841394291015,0.36890979750456737,0.3560936319127192
0.0,0.0,1.3032055127935498,0.2913673932569787,1.4408354142019795,1.1469960767151735,1.1469960767151735,3.8371343474004136,1.2536347155371854,0.0,0.27999999999999997,14.430869689661812,hard,0.2039800300139794,0.30265841394291015,0.36890979750456737,0.3560936319127192
0.0,0.0,6.249779079112748,0.2913673932569787,1.4466869854418456,1.1469960767151735,1.1469960767151735,3.8371343474004136,1.2536347155371854,0.0,0.0,14.430869689661812,hard,0.2039800300139794,0.30265841394291015,0.36890979750456737,0.3560936319127192
0.0,0.0,3.797467435292634,0.2913673932569787,1.4526764882007295,1.1469960767151735,1.1469960767151735,3.8371343474004136,1.2536347155371854,0.0,0.0,14.430869689661812,hard,0.2039800300139794,0.30265841394291015,0.36890979750456737,0.3560936319127192
0.0,0.0,1.531213941324184,0.2913673932569787,1.458944077023305,1.1469960767151735,1.1469960767151735,3.8371343474004136,1.2536347155371854,0.0,0.0,14.430869689661812,hard,0.2039800300139794,0.30265841394291015,0.36890979750456737,0.3560936319127192
0.0,0.0,2.5274217600717153,0.2913673932569787,1.4665211515653338,1.1469960767151735,1.1469960767151735,3.8371343474004136,1.2536347155371854,0.0,0.0,14.430869689661812,hard,0.2039800300139794,0.30265841394291015,0.36890979750456737,0.3560936319127192
0.0,0.0,7.463170022784925,0.2913673932569787,1.4740791959515325,1.1469960767151735,1.1469960767151735,3.8371343474004136,1.2536347155371854,0.0,0.0,14.430869689661812,hard,0.2039800300139794,0.30265841394291015,0.36890979750456737,0.3560936319127192
0.0,0.0,1.6628854410282563,0.2913673932569787,1.4820246960690984,1.1469960767151735,1.1469960767151735,3.8371343474004136,1.2536347155371854,0.0,0.27999999999999997,14.430869689661812,hard,0.2039800300139794,0.30265841394291015,0.36890979750456737,0.3560936319127192
0.0,0.0,1.428363461979253,0.2913739317236015,1.489516351936958,1.1469960767151735,1.1469960767151735,3.8371343474004136,1.2536347155371854,0.0,0.7000000000000002,14.430869689661812,hard,0.2039800300139794,0.30265841394291015,0.36891955618916095,0.3561057306848931
0.0,0.0,4.1299960124384185,0.291406770567241,1.4903689734476442,1.1469960767151735,1.1469960767151735,3.8371343474004136,1.2536347155371854,0.0,2.3799999999999994,14.430869689661812,hard,0.2039800300139794,0.30265841394291015,0.368969169516339,0.35616641928419296
0.0,0.0,5.429301682122812,0.2914620444291437,1.4913143184480724,1.1469960767151735,1.1469960767151735,3.8371343474004136,1.2536347155371854,0.0,3.919999999999999,14.430869689661812,hard,0.2039800300139794,0.30265841394291015,0.3690513920942027,0.35627647624547887
0.0,0.0,5.7741572579268,0.2915247557431179,1.4923828781574309,1.1469960767151735,1.1469960767151735,3.8371343474004136,1.2536347155371854,0.0,4.759999999999999,14.430869689661812,hard,0.2039800300139794,0.30265841394291015,0.3691535704522277,0.3563875834253975
0.0,0.0,8.007139755862841,0.291636544564184,1.493537316899012,1.1469960767151735,1.1469960767151735,3.8371343474004136,1.2536347155371854,0.0,7.839999999999998,14.430869689661812,hard,0.2039800300139794,0.30265841394291015,0.3692664463380247,0.35675272784919304
0.0,0.0,12.189358452750593,0.2918102936507764,1.49479056444318,1.1469960767151735,1.1469960767151735,3.8371343474004136,1.2536347155371854,0.0,12.040000000000003,14.430869689661812,hard,0.2039800300139794,0.30265841394291015,0.369477092949294,0.3572609015632539
0.0,0.0,71.12811230014339,0.2919924279084514,1.4146990648591486,1.1469960767151735,1.1469960767151735,4.153311931459037,1.2536347155371854,0.0,11.620000000000003,14.430869689661812,hard,0.2039800300139794,0.30265841394291015,0.36971789722123477,0.3577748580721739
