step,timestamp,reward,coverage,cov_trace,altitude,alt_idx,loop_closures,altitude_changes,frontier_count,new_cells,map_seed,difficulty,cov_alt0,cov_alt1,cov_alt2,cov_alt3
0.0,0.0,43.70348016466346,0.009511091125061743,0.034084870183654116,0.0,0.0,0.0,0.0,0.0,43.436003499401274,14.430869689661812,hard,0.03044860376770808,0.019014252964765107,0.0,0.0
0.0,0.0,37.5293372554035,0.010858187842759806,0.048513214984277575,0.0,0.0,0.0,0.0,0.0,37.30426785235169,14.430869689661812,hard,0.035240934534980436,0.02047929411421762,0.0,0.0
0.0,0.0,42.72096026873935,0.009833612459674465,0.05778049141088941,0.0,0.0,0.0,0.0,0.0,42.46725326648758,14.430869689661812,hard,0.03424173909370202,0.019331053944110273,0.0,0.0
0.0,0.0,36.27043580904843,0.009855759822493936,0.07556705834941375,0.0,0.0,0.0,0.0,0.0,35.928684918877835,14.430869689661812,hard,0.03455368617917854,0.019276624850655278,0.0,0.0
0.0,0.0,22.028703167428112,0.010645809294864568,0.08288598607264591,0.0,0.0,0.0,0.0,0.0,21.478258774863477,14.430869689661812,hard,0.03655142838672132,0.020110110818244837,0.0,0.0
0.0,0.0,27.096653963172376,0.011395898742475607,0.0925080442806213,0.0,0.0,0.0,0.0,0.0,26.743642235118234,14.430869689661812,hard,0.0389189878855686,0.020386819149495816,0.0,0.0
0.0,0.0,21.478298732891524,0.011657190274724892,0.09669548484304316,0.0,0.0,0.0,0.0,0.0,21.050377668821053,14.430869689661812,hard,0.04045671521711872,0.020011195191200405,0.0,0.0
0.0,0.0,24.073101045173182,0.01226781113136895,0.10642821255575075,0.0,0.0,0.0,0.0,0.0,23.853922109372284,14.430869689661812,hard,0.042267855968674266,0.01990402860019533,0.0,0.0
0.0,0.0,21.58563983374843,0.01313289179243349,0.12628987238214132,0.0,0.0,0.0,0.0,0.0,20.898621964139167,14.430869689661812,hard,0.04343406209506704,0.0219642778171094,0.0,0.0
0.0,0.0,21.98139779110814,0.013467346376991636,0.14397444615426325,0.0,0.0,0.0,0.0,0.0,21.14714165082364,14.430869689661812,hard,0.044414365787055377,0.02266316414752194,0.0,0.0
0.0,0.0,23.91127266851002,0.014470032370196935,0.15652520379992277,0.0,0.0,0.0,0.0,0.0,23.189006015782567,14.430869689661812,hard,0.0467761793737054,0.02333213731011645,0.0,0.0
0.0,0.0,26.063410911863997,0.014897973377836117,0.16091480526076857,0.0,0.0,0.0,0.0,0.0,25.252675105818,14.430869689661812,hard,0.04629575541393059,0.024942815191732873,0.0,0.0
0.0,0.0,26.784313231908644,0.01682873611234993,0.17574295177743784,0.0,0.0,0.0,0.0,0.0,26.808535954057618,14.430869689661812,hard,0.04967406196665313,0.028295909470032177,0.0,0.0
0.0,0.0,23.726348659937937,0.017853584565313538,0.18078872170831609,0.0,0.0,0.0,0.0,0.0,22.886895813980537,14.430869689661812,hard,0.051205774034474794,0.03087531221250161,0.0,0.0
0.0,0.0,24.895212348372283,0.018363453405280766,0.19341001504750865,0.0,0.0,0.0,0.0,0.0,24.335981591051553,14.430869689661812,hard,0.051891543326355156,0.032129252844891674,0.0,0.0
0.0,0.0,17.821072464796764,0.01865682287298828,0.19455748181468377,0.0,0.0,0.0,0.0,0.0,17.436754285130018,14.430869689661812,hard,0.05191163066957556,0.03332093634403397,0.0,0.0
0.0,0.0,22.241846493817246,0.018827252499095646,0.19998789030395211,0.0,0.0,0.0,0.0,0.0,21.7239499170846,14.430869689661812,hard,0.05104230175066298,0.03406675864121832,0.0,0.0
0.0,0.0,13.573471377507222,0.01896067428926312,0.20647000870926008,0.0,0.0,0.0,0.0,0.0,13.369876588809637,14.430869689661812,hard,0.05096484480097772,0.034270519939080854,0.0,0.0
0.0,0.0,20.669484811224393,0.019037351875844488,0.21760930957978386,0.0,0.0,0.0,0.0,0.0,20.493901531919196,14.430869689661812,hard,0.05127744422928946,0.033787707722580246,0.0,0.0
0.0,0.0,16.35167559160698,0.01932895044464651,0.21869421705126477,0.0,0.0,0.0,0.0,0.0,15.83703255032331,14.430869689661812,hard,0.05195631620503982,0.034076724615482286,0.0,0.0
0.0,0.0,100.06293534439962,0.021734431797705598,0.2103537057370521,0.48,0.48,0.0,0.48,0.0,90.4196084928485,14.430869689661812,hard,0.05241737341013905,0.03933995386222621,0.027697416443153818,0.0
0.0,0.0,78.85667363161235,0.02198268750825568,0.21510261718830642,0.4898979485566356,0.4898979485566356,0.0,0.4898979485566356,0.0,71.32261632890369,14.430869689661812,hard,0.052819021663225496,0.04093204162068558,0.03367002814399012,0.0
0.0,0.0,64.85882529130741,0.023767069848900785,0.22601858124884927,0.448998886412873,0.448998886412873,0.0,0.448998886412873,0.0,59.90261763896466,14.430869689661812,hard,0.05296047366048361,0.04480655936988711,0.03677917259742424,0.0
0.0,0.0,59.85049771186012,0.023937176050863335,0.23505929820791252,0.38418745424597095,0.38418745424597095,0.0,0.38418745424597095,0.0,54.54731524099054,14.430869689661812,hard,0.05313046360644768,0.045407202727079224,0.03574034961820349,0.0
0.0,0.0,44.395578035728924,0.022664946269124436,0.22937454788140307,0.34698703145794946,0.3469870314579494,0.0,0.3469870314579494,0.0,41.45187088660775,14.430869689661812,hard,0.05297947892502986,0.0453076087078648,0.03545284161428749,0.0
0.0,0.0,30.25221016070564,0.022519836731274324,0.23469659602085904,0.34698703145794946,0.3469870314579494,0.0,0.3469870314579494,0.0,29.896916228935716,14.430869689661812,hard,0.052574827665526146,0.046159539519823115,0.037226212012759524,0.0
0.0,0.0,39.85200773814367,0.024767802153950462,0.24617324063824195,0.34698703145794946,0.3469870314579494,0.0,0.3469870314579494,0.0,40.037562363360735,14.430869689661812,hard,0.05177488033567961,0.05013220329760499,0.04101917649887031,0.0
0.0,0.0,36.21028189071421,0.025343984585941323,0.24961511982139525,0.34698703145794946,0.3469870314579494,0.0,0.3469870314579494,0.0,35.69573644008483,14.430869689661812,hard,0.0512472426578396,0.05228758260559198,0.042939114777351725,0.0
0.0,0.0,26.949896787241784,0.02645602633738551,0.25478028051335977,0.34698703145794946,0.3469870314579494,0.0,0.3469870314579494,0.0,26.660262564348464,14.430869689661812,hard,0.051341970946120204,0.05511929756745131,0.044018404565869494,0.0
0.0,0.0,20.929640730154215,0.02666105531381645,0.2601808696828886,0.34698703145794946,0.3469870314579494,0.0,0.3469870314579494,0.0,20.567936211491904,14.430869689661812,hard,0.05147586485879406,0.05540326388982883,0.04510699724925585,0.0
0.0,0.0,34.44511213373675,0.027437765688374534,0.26104858944103976,0.34698703145794946,0.3469870314579494,0.0,0.3469870314579494,0.0,34.03601034198926,14.430869689661812,hard,0.050972518777552225,0.05558531435179388,0.04670688766887009,0.0
0.0,0.0,27.115762973561303,0.02840587899011103,0.260537789796469,0.34698703145794946,0.3469870314579494,0.0,0.3469870314579494,0.0,26.040552989520016,14.430869689661812,hard,0.05125257732357875,0.05724032282741377,0.04855295444665652,0.0
0.0,0.0,25.504208934290347,0.029049723788594963,0.264319343565185,0.34698703145794946,0.3469870314579494,0.0,0.3469870314579494,0.0,24.856902461891746,14.430869689661812,hard,0.0521162326313773,0.057959026686742264,0.049879565211313925,0.0
0.0,0.0,31.93284290146516,0.029893345373756302,0.26377011035056613,0.34698703145794946,0.3469870314579494,0.0,0.3469870314579494,0.0,31.332596445235747,14.430869689661812,hard,0.05309974214213085,0.05910976472809205,0.05163400966352145,0.0
0.0,0.0,34.5344672308781,0.031274601899972825,0.2604822970148632,0.34698703145794946,0.3469870314579494,0.0,0.3469870314579494,0.0,33.971776521106456,14.430869689661812,hard,0.05425077549139512,0.061324659564394764,0.05307697561492051,0.0
0.0,0.0,31.26494771382161,0.03266839388032808,0.2649349601774996,0.34698703145794946,0.3469870314579494,0.0,0.3469870314579494,0.0,31.200570507604503,14.430869689661812,hard,0.055403426117748185,0.06377670443200827,0.054278810958416863,0.0
0.0,0.0,26.814777945154017,0.03368564353164156,0.26962275632100324,0.34698703145794946,0.3469870314579494,0.0,0.3469870314579494,0.0,26.138286095304718,14.430869689661812,hard,0.05591593158281222,0.06574936648934655,0.05549993868534378,0.0
0.0,0.0,24.71402664275174,0.033850664968747175,0.27453448622814164,0.34698703145794946,0.3469870314579494,0.0,0.3469870314579494,0.0,21.41098783335323,14.430869689661812,hard,0.05571228410880094,0.06606331545222474,0.05649138499509169,0.0
0.0,0.0,24.440503050904866,0.03409198323274176,0.2749748425998123,0.34698703145794946,0.3469870314579494,0.0,0.3469870314579494,0.0,23.964106492836322,14.430869689661812,hard,0.055436626562472134,0.0666233052542536,0.0575605324234181,0.0
0.0,0.0,24.988507101841183,0.03451199917312231,0.27085690680740543,0.34698703145794946,0.3469870314579494,0.0,0.3469870314579494,0.0,25.22450395944388,14.430869689661812,hard,0.05605047638541409,0.0670645254490054,0.05860415618437678,0.0
0.0,0.0,17.879645140254294,0.03478248688888912,0.27500856046861777,0.34698703145794946,0.3469870314579494,0.0,0.3469870314579494,0.0,17.406033436713834,14.430869689661812,hard,0.05635807303285259,0.06758166419427875,0.05925503399134977,0.0
0.0,0.0,72.11093838755866,0.03684128547463656,0.29339659034235827,0.5599999999999999,0.5599999999999999,0.0,0.5642694391866354,0.0,65.76670586246509,14.430869689661812,hard,0.055499200791004365,0.06884307196870497,0.06326197703535884,0.017740284661777236
0.0,0.0,74.43646985174689,0.038475914010717926,0.3071927675994669,0.7652450587883596,0.7652450587883597,0.0,0.7054076835419358,0.0,67.68626448549219,14.430869689661812,hard,0.05701871093108061,0.06998494005136009,0.06796542195659383,0.027569564350317887
0.0,0.0,62.50753407093145,0.04130543080629001,0.30670467282862407,0.8720091742636656,0.8720091742636656,0.0,0.7280109889280518,0.0,57.2598463148479,14.430869689661812,hard,0.060401429917325535,0.07018992503510466,0.07322593167808264,0.034990247516995976
0.0,0.0,65.00301001080229,0.044067006005210504,0.3179998510404981,0.9591663046625439,0.9591663046625439,0.0,0.7054076835419358,0.0,61.06251223131915,14.430869689661812,hard,0.061405140795291566,0.07012089762747205,0.080411470875149,0.040949687442205854
0.0,0.0,43.622021322571776,0.04495260283435333,0.3051934516917896,0.9593747964169166,0.9593747964169166,0.0,0.5758472019555188,0.0,40.448485756576844,14.430869689661812,hard,0.0629196074580801,0.06976449049589283,0.08179561827159884,0.045025405214156856
0.0,0.0,39.41689447474764,0.04454116389762599,0.3115719244385725,0.9346657156438339,0.9346657156438339,0.0,0.41761226035642207,0.0,35.54003939221227,14.430869689661812,hard,0.06431576760015607,0.06828617937198872,0.0800907420383191,0.047690151079152636
0.0,0.0,23.25348279644476,0.04491798204626021,0.3141132961498745,0.9346657156438339,0.9346657156438339,0.0,0.41761226035642207,0.0,21.951665084908708,14.430869689661812,hard,0.06528853482552012,0.06777218897543587,0.08071792399934734,0.05029205627511424
0.0,0.0,21.2905755950258,0.04468782312678766,0.3185503855218428,0.9346657156438339,0.9346657156438339,0.0,0.41761226035642207,0.0,21.181359729724623,14.430869689661812,hard,0.06639563035563043,0.06670049694616957,0.08111902544870606,0.052267539300361876
0.0,0.0,16.07003826024508,0.04487669010048653,0.32929165848924036,0.9346657156438339,0.9346657156438339,0.0,0.41761226035642207,0.0,15.946610925209157,14.430869689661812,hard,0.06710694788004867,0.06638629274141124,0.0818680268738759,0.05423876051073703
0.0,0.0,21.474370976375507,0.04510107331180879,0.33811822476196784,0.9346657156438339,0.9346657156438339,0.0,0.41761226035642207,0.0,21.611330361641322,14.430869689661812,hard,0.06812682629366922,0.06576244601107759,0.08272395432174501,0.05656976734345337
0.0,0.0,21.20007755474167,0.045182163980358035,0.34329579844528585,0.9346657156438339,0.9346657156438339,0.0,0.41761226035642207,0.0,20.762697319953396,14.430869689661812,hard,0.06851233297211703,0.06534951561120471,0.0827805133721046,0.058126944277338284
0.0,0.0,22.167786430013003,0.0457363903622309,0.3384461469327199,0.9346657156438339,0.9346657156438339,0.0,0.41761226035642207,0.0,20.981792106490808,14.430869689661812,hard,0.06864980977520224,0.06505010253997016,0.08398447762272586,0.06066247930654814
0.0,0.0,34.01875877468657,0.04683022030410339,0.3345788049884821,0.9346657156438339,0.9346657156438339,0.0,0.41761226035642207,0.0,33.92907897364737,14.430869689661812,hard,0.06945745788564693,0.06476648366945634,0.08661942715262706,0.06383905527576697
0.0,0.0,29.563990845306126,0.04838016665174151,0.33453302700915116,0.9346657156438339,0.9346657156438339,0.0,0.41761226035642207,0.0,29.643407361502828,14.430869689661812,hard,0.07106725997327624,0.06475904484202118,0.09072389517312927,0.06700460958600102
0.0,0.0,23.764025733996323,0.04910771656943236,0.3219098850505721,0.9346657156438339,0.9346657156438339,0.0,0.41761226035642207,0.0,22.95133111608126,14.430869689661812,hard,0.07244647236421707,0.06454732128259079,0.09251789647051777,0.0698429897818644
0.0,0.0,23.60997840535947,0.049526280966900614,0.3113946537023068,0.9346657156438339,0.9346657156438339,0.0,0.41761226035642207,0.0,18.516813980812138,14.430869689661812,hard,0.07348988349548934,0.06502464948791149,0.0936418338157732,0.07073648629213047
0.0,0.0,26.72843697626686,0.05009564050436898,0.30617210058358596,0.9346657156438339,0.9346657156438339,0.0,0.41761226035642207,0.0,23.909964449994483,14.430869689661812,hard,0.07498160843387464,0.06524646632075844,0.0945301603339538,0.07247093787858526
0.0,0.0,21.096774168640422,0.050159227535791474,0.2959715879182753,0.9346657156438339,0.9346657156438339,0.0,0.41761226035642207,0.0,20.97927548796669,14.430869689661812,hard,0.07584352311472796,0.06502385997206768,0.09494652216539212,0.0735715883179102
0.0,0.0,32.23637712761132,0.05103842988779283,0.28782754505764535,0.9346657156438339,0.9346657156438339,0.0,0.41761226035642207,0.0,30.688760157425715,14.430869689661812,hard,0.07787894684266494,0.06538522910244332,0.09670773887336435,0.07552278379673526
0.0,0.0,35.7127853190343,0.05053151720434577,0.35312388677286594,0.9346657156438339,0.9346657156438339,0.19595917942265428,0.41761226035642207,0.0,34.41932015598216,14.430869689661812,hard,0.07855173801383093,0.06453478834049076,0.09665985547511108,0.07673733891790557
0.0,0.0,30.753374388118043,0.05104038349113121,0.34022471970535334,0.9346657156438339,0.9346657156438339,0.19595917942265428,0.41761226035642207,0.0,20.006249023742555,14.430869689661812,hard,0.08065755159324374,0.0647750449080139,0.09758216161674303,0.07863149004141862
0.0,0.0,45.03185855569308,0.05165529138521317,0.3281841337027509,1.0,1.0,0.19595917942265428,0.5642694391866353,0.0,42.330324827480354,14.430869689661812,hard,0.08163453260703411,0.06671962348195506,0.09776654462984471,0.082121747709606
0.0,0.0,41.072421081092045,0.052396863443504645,0.33437852418620034,1.0394229168149027,1.0394229168149027,0.23748684174075835,0.712460525222275,0.0,38.68881492111125,14.430869689661812,hard,0.08182945680899735,0.06596521392124988,0.09808743910651757,0.08823980826700778
0.0,0.0,36.650350200996655,0.05409002066673285,0.3122596734736189,1.0954451150103321,1.0954451150103321,0.23748684174075835,0.7493997598078078,0.0,33.86727624123321,14.430869689661812,hard,0.08138720517687878,0.0669177804779871,0.09863232893381145,0.09521745852672193
0.0,0.0,42.832221644659896,0.05574431692459751,0.277165528787047,1.0476640682967036,1.0476640682967036,0.23748684174075835,0.7807688518377254,0.0,41.885792340601604,14.430869689661812,hard,0.0816582070010283,0.06899355639884652,0.09712941263335359,0.10216087203086416
0.0,0.0,43.78040744153932,0.056295447812574215,0.25375998552809614,1.037111372997134,1.037111372997134,0.23748684174075835,0.6814690014960328,0.0,39.67114820622161,14.430869689661812,hard,0.08144305870284935,0.07039278460825983,0.09529945170712191,0.10645967066268254
0.0,0.0,62.572727882142,0.055549512268303014,0.23868161996528436,1.0047885349664376,1.0047885349664376,0.23748684174075835,0.5499090833947009,0.0,56.15527045612016,14.430869689661812,hard,0.08168222960958835,0.07201042874464376,0.09286327454775153,0.10935808870489762
0.0,0.0,29.89612306232207,0.055785846736326646,0.22103582677514513,1.0047885349664376,1.0047885349664376,0.23748684174075835,0.5499090833947009,0.0,29.298300291996462,14.430869689661812,hard,0.08276910039910058,0.07292143219515441,0.09257971183350468,0.11138263471058318
0.0,0.0,22.64972705064023,0.05637609902166329,0.20530739689595506,1.0047885349664376,1.0047885349664376,0.23748684174075835,0.5499090833947009,0.0,22.190123929351994,14.430869689661812,hard,0.08241253789534198,0.07352082259014336,0.09258204882580595,0.1134618665255541
0.0,0.0,27.27710211413162,0.05668337637661478,0.18304671035580744,0.9848857801796105,0.9848857801796105,0.23748684174075835,0.54,0.0,27.689102549559095,14.430869689661812,hard,0.0826223545628245,0.075027050045091,0.0918255238474194,0.11555057870864982
0.0,0.0,34.051372136201884,0.05632066948068747,0.17354053305979814,0.964157663455516,0.964157663455516,0.23748684174075835,0.4472135954999579,0.0,31.32817262465208,14.430869689661812,hard,0.08304303766661406,0.07605698842890479,0.08862235596937657,0.1169163637338089
0.0,0.0,23.193767568934568,0.05656889441438395,0.15860568925091104,0.964157663455516,0.964157663455516,0.23748684174075835,0.4472135954999579,0.0,19.85044080115099,14.430869689661812,hard,0.08320560828415013,0.0769281452256683,0.08802625765571084,0.1186945677873732
0.0,0.0,19.419354529822122,0.05692106767295139,0.15108665873296825,0.964157663455516,0.964157663455516,0.23748684174075835,0.4472135954999579,0.0,16.63400132259223,14.430869689661812,hard,0.08326743480718796,0.07765621331354892,0.0884149060552427,0.12036382485582241
0.0,0.0,35.09242869928899,0.05693159039517158,0.1355700291338162,0.964157663455516,0.964157663455516,0.23748684174075835,0.4472135954999579,0.0,33.19819272189376,14.430869689661812,hard,0.08359004844492404,0.07843794812979238,0.0874425629177366,0.12330785903566016
0.0,0.0,21.608786154965784,0.05695081280577324,0.11900385590421343,0.964157663455516,0.964157663455516,0.23748684174075835,0.4472135954999579,0.0,17.70225974275601,14.430869689661812,hard,0.08355479157257287,0.07881199875621246,0.0874334823602052,0.12506096939121808
0.0,0.0,26.133072460049252,0.057112437026156024,0.10680228697541432,0.964157663455516,0.964157663455516,0.23748684174075835,0.4472135954999579,0.0,26.50859483261985,14.430869689661812,hard,0.08340521737966862,0.07875749398733796,0.08784220211851312,0.1268962513850799
0.0,0.0,15.18646750178575,0.057256927926149746,0.09520692363412032,0.964157663455516,0.964157663455516,0.23748684174075835,0.4472135954999579,0.0,14.486462646208702,14.430869689661812,hard,0.08339936076866926,0.079657562506146,0.08769591257567416,0.128326289798197
0.0,0.0,26.582209261711963,0.05754295872484424,0.08810996384182442,0.964157663455516,0.964157663455516,0.23748684174075835,0.4472135954999579,0.0,21.847654336335513,14.430869689661812,hard,0.08361947916777321,0.08030911038921691,0.0881666552402129,0.12997770746522141
0.0,0.0,17.54260818308588,0.057747354753738676,0.3164164896424536,0.964157663455516,0.964157663455516,0.3469870314579494,0.4472135954999579,0.0,17.829290507476735,14.430869689661812,hard,0.08369403963574605,0.08103554996872406,0.08795778002957721,0.13189652926325207
0.0,0.0,24.90076393269869,0.05790816866291485,0.3026135421643474,0.964157663455516,0.964157663455516,0.3469870314579494,0.4472135954999579,0.0,24.35948275312922,14.430869689661812,hard,0.0845665480179857,0.08212829263783794,0.08738800130064195,0.1332439122683298
0.0,0.0,29.226166973103357,0.058314995780700075,0.28931749451217126,0.964157663455516,0.964157663455516,0.3469870314579494,0.4472135954999579,0.0,24.09814100713995,14.430869689661812,hard,0.08487319404761011,0.0825793024238613,0.08720730004577233,0.13527584124097713
0.0,0.0,29.38998452205955,0.05944799068587105,0.316226065231042,0.964157663455516,0.964157663455516,0.36660605559646714,0.4472135954999579,0.0,28.649781849082203,14.430869689661812,hard,0.08484739899436596,0.08441994330455685,0.08817307137414765,0.13663771308733488
0.0,0.0,42.93593733665247,0.06047292492987403,0.29033087559151427,0.9610411021387171,0.9610411021387171,0.36660605559646714,0.5295280917949491,0.0,39.019938493031994,14.430869689661812,hard,0.08490678341783135,0.08575059183080039,0.08881920861948253,0.13738438592752392
0.0,0.0,21.947176093464826,0.060618602528599165,0.27377819599808817,0.921737489744233,0.921737489744233,0.36660605559646714,0.63118935352238,0.0,16.38463914768952,14.430869689661812,hard,0.0851807742925196,0.08577501846917843,0.08950728718049518,0.13880662371048877
0.0,0.0,47.79749186601511,0.06089255832166504,0.24310518141961243,0.9431860898041277,0.9431860898041277,0.36660605559646714,0.7166589146867567,0.0,43.64813856282991,14.430869689661812,hard,0.08537770201816218,0.08601344610846721,0.09003709157344039,0.1392066583602591
0.0,0.0,60.248108786225664,0.061570240273526256,0.26442979073905465,0.9414881836751856,0.9414881836751856,0.38418745424597095,0.7745966692414834,0.0,52.76615961011375,14.430869689661812,hard,0.08566800015347466,0.08612863667953498,0.09063504132914448,0.13778323112343882
0.0,0.0,64.28567463625491,0.06096739745960118,0.2904316517420544,0.8979977728257459,0.8979977728257459,0.4,0.7787168933572715,0.0,57.24830477839497,14.430869689661812,hard,0.08766118352693231,0.08658992676948524,0.0914914009641294,0.13472486294074604
0.0,0.0,61.57330105433982,0.061003188994164105,0.2636766439291898,0.8991106717195608,0.8991106717195608,0.4,0.6896375859826668,0.0,53.42639422607518,14.430869689661812,hard,0.08856107641804963,0.08637544284399461,0.09216965722292765,0.13222795836956425
0.0,0.0,39.469738340492974,0.06071087792855504,0.2521406231749576,0.8991106717195608,0.8991106717195608,0.4,0.6514598989960932,0.0,36.987505998647705,14.430869689661812,hard,0.08883067403127391,0.08627848950680483,0.09295802355476081,0.13083048604989922
0.0,0.0,31.67013973472396,0.06045157827204477,0.2344454843211844,0.8754427451295715,0.8754427451295715,0.4,0.6144916598294886,0.0,30.008991985736547,14.430869689661812,hard,0.08902679433571555,0.0867222747351843,0.09169700960600598,0.13013538014102602
0.0,0.0,22.406602472295162,0.06067091636662483,0.2541244662957112,0.8754427451295715,0.8754427451295715,0.46,0.5670978751503131,0.0,21.723756581217717,14.430869689661812,hard,0.08951222143121539,0.08676324072200532,0.09230881226675858,0.12990850371112772
0.0,0.0,34.612339616953484,0.06036757200278692,0.23520885113436474,0.8738420909981391,0.8738420909981391,0.46,0.48207883172775806,0.0,29.990725232978278,14.430869689661812,hard,0.08991089267432051,0.08686487494787312,0.0917099504164887,0.1290363490265439
0.0,0.0,20.288132594796366,0.06027098070890925,0.21461908499996613,0.8738420909981391,0.8738420909981391,0.46,0.48207883172775806,0.0,20.14806194153671,14.430869689661812,hard,0.08994124996155997,0.08709988007066886,0.09149628832977297,0.12929510382439968
0.0,0.0,25.43645632077512,0.06046076946474706,0.19736055196103677,0.8738420909981391,0.8738420909981391,0.46,0.48207883172775806,0.0,22.921570626813512,14.430869689661812,hard,0.09001363591290262,0.08712876307531926,0.09173291331766278,0.12935020034262332
0.0,0.0,20.421201279171704,0.06046169458625754,0.18026782154203982,0.8738420909981391,0.8738420909981391,0.46,0.48207883172775806,0.0,19.789249606794087,14.430869689661812,hard,0.0909888304023276,0.08730739876211867,0.09135908060524661,0.1302481548062606
0.0,0.0,21.02366170115548,0.06087256383458772,0.1643146167699315,0.8738420909981391,0.8738420909981391,0.46,0.48207883172775806,0.0,19.464850371888296,14.430869689661812,hard,0.09125606113993283,0.08806476810575595,0.0922536003242363,0.1305644797179366
0.0,0.0,24.94122518409242,0.060880717950544894,0.14797345491604133,0.8738420909981391,0.8738420909981391,0.46,0.48207883172775806,0.0,24.37711221617524,14.430869689661812,hard,0.09156429127448969,0.08791386588713529,0.09223819782993471,0.1310406562456034
0.0,0.0,27.83579555530812,0.06136658436929879,0.1286804961276692,0.8738420909981391,0.8738420909981391,0.46,0.48207883172775806,0.0,22.67235320825785,14.430869689661812,hard,0.09230921768807579,0.08811170699626014,0.09258336402076545,0.13230882611387812
0.0,0.0,27.60113409040227,0.062164838862810136,0.24384003009422273,0.8738420909981391,0.8738420909981391,0.5219195340279956,0.48207883172775806,0.0,22.847923319199055,14.430869689661812,hard,0.09224997040574047,0.0891504866914352,0.09368082570865098,0.13256740189927693
0.0,0.0,17.845477729147092,0.06266566618987023,0.31339945468388497,0.8738420909981391,0.8738420909981391,0.5385164807134504,0.48207883172775806,0.0,16.826122547990668,14.430869689661812,hard,0.09233202702380913,0.08930568044994591,0.0939063671435728,0.13322734894612973
0.0,0.0,22.82768201529112,0.06257671187453746,0.2935831355320065,0.8738420909981391,0.8738420909981391,0.5385164807134504,0.48207883172775806,0.0,19.63516233699126,14.430869689661812,hard,0.0924138200212808,0.08926686844055443,0.0938426762095131,0.133489053692455
0.0,0.0,29.286027707345728,0.06310747355528827,0.27456766549289935,0.8738420909981391,0.8738420909981391,0.5385164807134504,0.48207883172775806,0.0,25.358580401907357,14.430869689661812,hard,0.0925801744429771,0.09020240370600013,0.09380709506473679,0.1337817676543806
0.0,0.0,26.15086096773243,0.06385080379328759,0.26068469851492065,0.8738420909981391,0.8738420909981391,0.5385164807134504,0.48207883172775806,0.0,21.942980654414296,14.430869689661812,hard,0.09258954411442208,0.09079837662311291,0.09444079166290753,0.13580486102789469
0.0,0.0,26.41175868029729,0.0642416712544098,0.23045698265511855,0.9165151389911681,0.9165151389911681,0.5385164807134504,0.565685424949238,0.0,23.442260983104855,14.430869689661812,hard,0.09258030489803,0.09109505056887535,0.09555252691105263,0.13574409583361097
0.0,0.0,21.304806181191054,0.06470284170398063,0.2214141938533131,0.9141115905621152,0.9141115905621152,0.5385164807134504,0.6327716807822551,0.0,18.315501631132026,14.430869689661812,hard,0.0927211440828578,0.09154368385266998,0.09617971195689266,0.13606850770294793
0.0,0.0,23.30489233621762,0.06565017385484036,0.2596090376956612,0.938083151964686,0.938083151964686,0.5455272678794342,0.6881860213634101,0.0,21.39159648086136,14.430869689661812,hard,0.09284540521356935,0.09163060525467592,0.09735119531171468,0.13656700253599885
0.0,0.0,26.143812091144305,0.06643456136032012,0.2383269848932549,0.9748846085563152,0.9748846085563152,0.5455272678794342,0.7735631842325487,0.0,24.30661638319904,14.430869689661812,hard,0.09354684265717955,0.0926426592951469,0.09819939619214833,0.13697061447074907
0.0,0.0,33.14092747234167,0.06644539139480819,0.2579602402195479,1.0017983829094554,1.0017983829094554,0.5517245689653488,0.8170679286326199,0.0,33.61521084271226,14.430869689661812,hard,0.09323053296184625,0.09212916982445128,0.09790606037492541,0.13718697825977447
0.0,0.0,47.97020767436228,0.06661795201976427,0.22863232318860888,1.0215674231297707,1.0215674231297707,0.5517245689653488,0.8392854103342915,0.0,39.57128251649168,14.430869689661812,hard,0.09410032772252513,0.09368999933161433,0.09576886572338637,0.13783343875476425
0.0,0.0,42.597764061136424,0.0672751273644383,0.19693571718543174,1.0176443386566842,1.0176443386566842,0.5517245689653488,0.7280109889280518,0.0,39.63483821084678,14.430869689661812,hard,0.09431519362120576,0.0955391912445647,0.09526847751797646,0.13689409356386967
0.0,0.0,32.64634653208074,0.06778152135268929,0.17470893379072913,1.034601372510205,1.034601372510205,0.5517245689653488,0.72773621594641,0.0,25.034727879487725,14.430869689661812,hard,0.09465593835872974,0.09590112213043481,0.09524050704836463,0.13726078630800156
0.0,0.0,38.29401998730329,0.06890451741705736,0.15674988416607658,1.0562196741208714,1.0562196741208714,0.5517245689653488,0.6660330322138686,0.0,32.389041356607024,14.430869689661812,hard,0.09578219820702814,0.09547688007089157,0.09485831054508996,0.13975527519729736
0.0,0.0,26.739977413510445,0.06961565761125832,0.13353098457818421,1.0409610943738483,1.0409610943738483,0.5517245689653488,0.5141984052872977,0.0,26.79325288202237,14.430869689661812,hard,0.09601701230152489,0.09494794094634461,0.0953003484200022,0.14124775207480808
0.0,0.0,17.23779961716718,0.06991883674381418,0.19572147016034452,1.0409610943738483,1.0409610943738483,0.5571355310873648,0.5141984052872977,0.0,16.93120196560185,14.430869689661812,hard,0.09725181495227252,0.09457952726031534,0.09508938105207435,0.14283963373956785
0.0,0.0,26.581818401594994,0.07012994129934692,0.18472180990056103,1.0409610943738483,1.0409610943738483,0.5571355310873648,0.5141984052872977,0.0,22.58229394902121,14.430869689661812,hard,0.09882030270483483,0.09467435740338387,0.09504712170315979,0.14366644314235028
0.0,0.0,38.97881923356948,0.07011130469301795,0.16441181377270508,1.0409610943738483,1.0409610943738483,0.5571355310873648,0.5141984052872977,0.0,20.064705330505106,14.430869689661812,hard,0.09962280901359752,0.09466650407605116,0.0951145464437951,0.14436204272189346
0.0,0.0,17.22715452269659,0.06995714455590103,0.14682644526132685,1.0409610943738483,1.0409610943738483,0.5571355310873648,0.5141984052872977,0.0,15.606524276724782,14.430869689661812,hard,0.10064008115648626,0.09487945665816597,0.09487244029645509,0.14465094133660514
0.0,0.0,11.601017157783128,0.070085101078022,0.13312686754652275,1.0409610943738483,1.0409610943738483,0.5571355310873648,0.5141984052872977,0.0,10.809421816174998,14.430869689661812,hard,0.10105786309392858,0.09562972121515312,0.09452199278155406,0.14519836322829655
0.0,0.0,17.399050515051368,0.0698843988540056,0.255010748541589,1.0409610943738483,1.0409610943738483,0.6000000000000001,0.5141984052872977,0.0,16.665281275754094,14.430869689661812,hard,0.10066039827873437,0.0961788892410915,0.09402659182092399,0.14581590926316845
0.0,0.0,14.133896299409853,0.06979228934577482,0.283062996178395,1.0409610943738483,1.0409610943738483,0.6029925372672534,0.5141984052872977,0.0,12.72503045182997,14.430869689661812,hard,0.10121705303819134,0.09643854702467754,0.0935475440055496,0.14613221220386743
0.0,0.0,10.036902879020259,0.06971630118231215,0.3409529530602849,1.0409610943738483,1.0409610943738483,0.6069596362197407,0.5141984052872977,0.0,9.337258698354674,14.430869689661812,hard,0.10203556931002261,0.09616090380026683,0.09317830844019613,0.14636576023237555
0.0,0.0,18.930190022391784,0.06974250610352642,0.4019868957048931,1.0409610943738483,1.0409610943738483,0.6705221845696084,0.5141984052872977,0.0,18.050252075802156,14.430869689661812,hard,0.10318233802325909,0.09572768451378559,0.0930212115572736,0.1468287237009512
0.0,0.0,19.31726578310817,0.0690504402241233,0.43440940827258573,1.0409610943738483,1.0409610943738483,0.7539230729988305,0.5141984052872977,0.0,18.709623192357455,14.430869689661812,hard,0.10341910395587384,0.0949601434197916,0.09229968347911116,0.14677952313016612
0.0,0.0,20.94542995478177,0.06883731231512408,0.41293122455057824,1.0409610943738483,1.0409610943738483,0.7539230729988305,0.5141984052872977,0.0,14.116217623712098,14.430869689661812,hard,0.10348182351669447,0.09503314807593687,0.09229233517563327,0.14700991402299987
0.0,0.0,14.664825441731734,0.06898869522094785,0.4085506577248355,1.043264108459598,1.043264108459598,0.7525955088890711,0.5744562646538028,0.0,12.826675329172403,14.430869689661812,hard,0.10364621519867899,0.09524560602334997,0.09211304638361412,0.14701886135088107
0.0,0.0,23.587060354160666,0.06906654137462692,0.4153278879527683,1.0423051376636308,1.0423051376636308,0.7769169839822013,0.6013318551349164,0.0,18.904824780991756,14.430869689661812,hard,0.10393177575372718,0.09535146792154275,0.09168242667834782,0.14782179772806595
0.0,0.0,39.4863548382951,0.06911304215712104,0.43955865637849284,1.0047885349664378,1.0047885349664378,0.7999999999999999,0.7310266752998826,0.0,31.79359054903991,14.430869689661812,hard,0.10438964823239638,0.09536250123316219,0.09145729299684575,0.14672686137351296
0.0,0.0,16.49630179797097,0.06912769304379232,0.41509919974800974,0.9641576634555161,0.9641576634555161,0.7999999999999999,0.7652450587883596,0.0,16.974203957770744,14.430869689661812,hard,0.10462514596770717,0.09532384800143305,0.09094603270777009,0.14653018134738693
0.0,0.0,30.977091934351343,0.0687202669336651,0.38067426778708563,1.0215674231297707,1.0215674231297707,0.7999999999999999,0.86,0.0,28.524543817561746,14.430869689661812,hard,0.1049280221612384,0.09504193838088991,0.08964502695041734,0.14582475276923423
0.0,0.0,32.436182310278944,0.06978087652828859,0.3524611687026372,1.0562196741208716,1.0562196741208716,0.7999999999999999,0.9167333309092672,0.0,31.580221658500122,14.430869689661812,hard,0.10545484161152213,0.09485054968163806,0.09119778525476992,0.14661641343780238
0.0,0.0,48.7106871861471,0.07065635014154806,0.3283703012411226,1.034601372510205,1.034601372510205,0.7999999999999999,0.8187795796183489,0.0,43.69020027420337,14.430869689661812,hard,0.10469617903271691,0.09486713651806628,0.0928345333696863,0.1454347871750467
0.0,0.0,21.098428887668202,0.07095601153400485,0.31516937910912374,1.0121264743103995,1.0121264743103997,0.7999999999999999,0.8219489035213806,0.0,18.319836243809604,14.430869689661812,hard,0.10510318900865367,0.09527401483076818,0.09369898424809726,0.14532145491686496
0.0,0.0,24.21853775331714,0.07096420716911725,0.29950032194419457,1.0392304845413265,1.0392304845413265,0.7999999999999999,0.7525955088890712,0.0,22.461380189115715,14.430869689661812,hard,0.10554413524215649,0.09570743891831088,0.0939567841001097,0.1448981027652163
0.0,0.0,29.761750907391587,0.07139291717476157,0.35297343669533693,0.9797958971132713,0.9797958971132713,0.8428523002282191,0.6705221845696083,0.0,29.773605760807676,14.430869689661812,hard,0.10535366995250084,0.0968117304303644,0.09457788181064483,0.14504018178770264
0.0,0.0,35.99838050862572,0.07207788045875925,0.32895262970491834,0.9816312953446422,0.9816312953446422,0.8428523002282191,0.5249761899362675,0.0,31.249601597460412,14.430869689661812,hard,0.10553477070108519,0.09753363660488472,0.09460251107209341,0.14322027498485218
0.0,0.0,20.079030780900617,0.07241418659873429,0.31045227737625225,0.9591663046625439,0.9591663046625439,0.8428523002282191,0.52,0.0,19.940320960305527,14.430869689661812,hard,0.10611971335917658,0.0982495722123079,0.09547411078494578,0.14307353768540088
0.0,0.0,20.75925741701753,0.0732831773248683,0.33359494466061684,0.9591663046625439,0.9591663046625439,0.8627861844049197,0.52,0.0,16.991303658048135,14.430869689661812,hard,0.10647245697760284,0.09945213325622529,0.09616091725362622,0.14310496911714046
0.0,0.0,9.843253579441372,0.07342441038547134,0.3125830775266205,0.9591663046625439,0.9591663046625439,0.8627861844049197,0.52,0.0,9.501915596341613,14.430869689661812,hard,0.10657195666165824,0.10011834128020793,0.09622264382448724,0.14286972888101365
0.0,0.0,18.711782657860155,0.07417819420286892,0.33229572688358416,0.9591663046625439,0.9591663046625439,0.9042123644365853,0.52,0.0,15.744726101142566,14.430869689661812,hard,0.1068200144496059,0.10126262617976123,0.09663840474264673,0.14358708518970972
0.0,0.0,14.036781462563702,0.07451969489239034,0.3741363473322649,0.9591663046625439,0.9591663046625439,0.9173875952943772,0.52,0.0,13.198802976027789,14.430869689661812,hard,0.10745018583235204,0.10150469487311597,0.09657456032389929,0.1446223522015101
0.0,0.0,26.992857905354384,0.07540278525483793,0.3492257143030198,0.9591663046625439,0.9591663046625439,0.9173875952943772,0.52,0.0,26.909188021937787,14.430869689661812,hard,0.10836940927362544,0.10216702677492968,0.097584485762707,0.14530270358537048
0.0,0.0,41.72517372873391,0.07670827853405418,0.4271020837706717,0.9591663046625439,0.9591663046625439,0.9911609354691094,0.52,0.0,30.65853225449646,14.430869689661812,hard,0.10919386202570051,0.10346613706366008,0.09914299242323107,0.146652084650525
0.0,0.0,20.746236061826103,0.07686220047877551,0.41012966080417324,0.9591663046625439,0.9591663046625439,0.9911609354691094,0.52,0.0,13.151486607984666,14.430869689661812,hard,0.10940872506231954,0.10345972853549959,0.09994258352932847,0.14681076331100837
0.0,0.0,18.221805067737638,0.07720667099199334,0.4273929469246703,0.9591663046625439,0.9591663046625439,1.063766891757776,0.52,0.0,13.194316958448436,14.430869689661812,hard,0.10984173840124738,0.10366443083115431,0.10036983495555585,0.14793103513793382
0.0,0.0,14.121179082064447,0.07731464128176042,0.4059613358382831,0.9591663046625439,0.9591663046625439,1.063766891757776,0.52,0.0,13.200378782444085,14.430869689661812,hard,0.11036935390554259,0.10348093465757507,0.10070253515953136,0.14835587340367482
0.0,0.0,22.187632514882242,0.07783234247989121,0.3846704519911918,0.9591663046625439,0.9591663046625439,1.063766891757776,0.52,0.0,19.771949827975995,14.430869689661812,hard,0.11199251620916735,0.10406371406248044,0.10132875596794133,0.14894831627369254
0.0,0.0,19.765065309381782,0.07776687652902267,0.3648013374270068,0.9400000000000001,0.9400000000000001,1.063766891757776,0.5517245689653488,0.0,19.303771652192736,14.430869689661812,hard,0.11305349316819047,0.10432536017541233,0.1011163417164035,0.1493884246432722
0.0,0.0,40.49629237893864,0.0786296376599432,0.446895230204646,0.9112628599915614,0.9112628599915614,1.1377170122662315,0.68,0.0,31.63289427162807,14.430869689661812,hard,0.11310473046223378,0.10600220701449864,0.1021885653744868,0.14992000339148992
0.0,0.0,22.88310782266718,0.07919289485948765,0.4208433610694268,0.9797958971132713,0.9797958971132713,1.1377170122662315,0.7578918128598566,0.0,22.479537361787497,14.430869689661812,hard,0.11307427908855013,0.10680163579386485,0.10283954552554689,0.15135331257752735
0.0,0.0,23.356199252004703,0.07922080354191206,0.39552527452797204,0.9797958971132713,0.9797958971132713,1.1377170122662315,0.8207313811473277,0.0,17.720316024269994,14.430869689661812,hard,0.11153122163751843,0.10749068711745442,0.10328323061074,0.1514991131278492
0.0,0.0,40.773660984454374,0.08006736075461496,0.3711389101504761,1.0017983829094554,1.0017983829094554,1.1377170122662315,0.8829496021857646,0.0,30.533548761976554,14.430869689661812,hard,0.11025435439072846,0.10831921644680459,0.1035745703311505,0.1524719420137683
0.0,0.0,29.64990084912565,0.08107361892774134,0.3530255362590258,0.9846826900072936,0.9846826900072936,1.1377170122662315,0.8717797887081347,0.0,28.16824453174177,14.430869689661812,hard,0.11005574340471165,0.10914977557052445,0.10376966244470961,0.1521695036540432
0.0,0.0,25.764773582939988,0.08175426530170092,0.40380295691421964,0.9635351576356723,0.9635351576356723,1.1600000000000001,0.8544003745317531,0.0,25.278101194512217,14.430869689661812,hard,0.11002643555008784,0.11042421182088746,0.10430330769186308,0.15308199374201756
0.0,0.0,22.25121295632121,0.08251842199804,0.38431033793483776,0.9643650760992956,0.9643650760992956,1.1600000000000001,0.8151073548925932,0.0,22.55968971417825,14.430869689661812,hard,0.10972340090915929,0.11119464994133997,0.104935365078828,0.15438909887481475
0.0,0.0,35.84402131802605,0.08324611375810113,0.3701431885338057,0.9635351576356723,0.9635351576356723,1.1600000000000001,0.7507329751649384,0.0,29.502820204177088,14.430869689661812,hard,0.10886813538700157,0.11234918723396234,0.10505385334245032,0.15279329141097142
0.0,0.0,39.56489951012352,0.08248027485860958,0.3960134181806315,0.9624967532412771,0.9624967532412771,1.1805083650698966,0.64,0.0,31.477712750452497,14.430869689661812,hard,0.10881180649804914,0.11295181601135162,0.10374866617941075,0.15164208149961242
0.0,0.0,26.087487485044864,0.08251891625831909,0.37495643251221217,0.9840731680114034,0.9840731680114034,1.1805083650698966,0.6390618123468182,0.0,21.858865478336245,14.430869689661812,hard,0.10950499678192786,0.11348602941552466,0.10337749296773571,0.15221818500538853
0.0,0.0,15.124846159539526,0.0824873563032758,0.3533446713294801,0.9840731680114034,0.9840731680114034,1.1805083650698966,0.6390618123468182,0.0,13.951344021276228,14.430869689661812,hard,0.10988197473766265,0.1139957679207757,0.10307676949934448,0.152361998953765
0.0,0.0,16.375712363136515,0.08263458606914344,0.454054998694316,0.9840731680114034,0.9840731680114034,1.2165525060596438,0.6390618123468182,0.0,15.925941102490617,14.430869689661812,hard,0.10928952607374862,0.11459746808766809,0.10286673840359602,0.15252779268535968
0.0,0.0,16.933085077389748,0.08293681069586448,0.4454939032885479,0.9624967532412771,0.9624967532412771,1.2245815611873307,0.6053098380168623,0.0,10.736498498113805,14.430869689661812,hard,0.10904509140182551,0.11488727929017799,0.10299929620247261,0.15301330884768294
0.0,0.0,22.38094735929445,0.08297249168423194,0.42137427700997776,0.9400000000000001,0.9400000000000001,1.2245815611873307,0.5688585061331156,0.0,13.105723940324701,14.430869689661812,hard,0.10895628341274742,0.11534051990800585,0.10299479916018185,0.15319704718596797
0.0,0.0,15.104656482358177,0.08292428298305757,0.40960132591909576,0.9400000000000001,0.9400000000000001,1.2245815611873307,0.5688585061331156,0.0,10.41644853104934,14.430869689661812,hard,0.10878457535712899,0.11550967461843575,0.10290159038978418,0.15336167410690352
0.0,0.0,15.972519188812663,0.08318544799062365,0.39253278865619345,0.9400000000000001,0.9400000000000001,1.2245815611873307,0.5688585061331156,0.0,11.500330430035477,14.430869689661812,hard,0.1087302692840637,0.11591230242574034,0.10343014028942817,0.15346156726032126
0.0,0.0,18.166863879282225,0.08317433049110777,0.371441856561199,0.9400000000000001,0.9400000000000001,1.2245815611873307,0.5688585061331156,0.0,17.921216476567654,14.430869689661812,hard,0.10889203977125705,0.11639728367606451,0.10334896216018558,0.153212454866974
0.0,0.0,11.702127155508618,0.08333830843119013,0.3766203604349708,0.9400000000000001,0.9400000000000001,1.215894732285653,0.5688585061331156,0.0,7.549940397115728,14.430869689661812,hard,0.10910723696111584,0.11642803749098377,0.10354544055594775,0.15322923681925685
0.0,0.0,22.387386764085736,0.08368972346739968,0.3599909923436551,0.9400000000000001,0.9400000000000001,1.215894732285653,0.5688585061331156,0.0,15.936574286840944,14.430869689661812,hard,0.10938336505495787,0.11690725917163851,0.10396604259488627,0.15303324444844893
0.0,0.0,11.813547339311187,0.08391903134430694,0.34442525954907666,0.9400000000000001,0.9400000000000001,1.215894732285653,0.5688585061331156,0.0,11.166754228512419,14.430869689661812,hard,0.11014414359108757,0.11694955882068092,0.10404399416789364,0.15320459719442905
0.0,0.0,15.938246008908097,0.08395078810300691,0.3534043620418164,0.9591663046625439,0.9591663046625439,1.2232742946698423,0.6,0.0,12.693321078425457,14.430869689661812,hard,0.11067608143387077,0.11701240093424681,0.10402037623435871,0.15336648261320474
0.0,0.0,35.92931410818416,0.08461984426870438,0.3577155775799224,0.9635351576356723,0.9635351576356723,1.2139192724394814,0.6814690014960328,0.0,36.21882935711755,14.430869689661812,hard,0.11069680982436626,0.11698990853398687,0.10511563413061832,0.15379620268221897
0.0,0.0,31.186169097214393,0.08567589208769816,0.3630359870150349,0.92,0.92,1.2041594578792296,0.7493997598078078,0.0,25.178474933958967,14.430869689661812,hard,0.11079494069698564,0.1169981948575335,0.1062478703616602,0.15401828262643452
0.0,0.0,15.468709772709483,0.08599293284663025,0.3445081411105934,0.977547952787995,0.977547952787995,1.2041594578792296,0.8072174428244226,0.0,15.704827283354632,14.430869689661812,hard,0.11119794791005788,0.11764216111334468,0.10690560935894648,0.15432057218438897
0.0,0.0,33.18123370017489,0.08719113558842628,0.3449173704273171,0.9568698971124548,0.9568698971124548,1.193984924527944,0.9,0.0,32.52327781758782,14.430869689661812,hard,0.11120085460914982,0.117578908007957,0.10809946493328612,0.15420323738356653
0.0,0.0,30.048541900585885,0.08808159980579208,0.34686324999239687,0.977547952787995,0.977547952787995,1.1833849753989614,0.9271461589199407,0.0,27.030271918721052,14.430869689661812,hard,0.11314415843834703,0.1193004134046258,0.10893114567757987,0.1549455259226798
0.0,0.0,28.194953066423423,0.08893791726424012,0.3691774755951859,0.938083151964686,0.938083151964686,1.1779643458101776,0.9243376006633074,0.0,23.872997298202836,14.430869689661812,hard,0.11369741511151064,0.12002332399660631,0.11047097521304615,0.15454991775550106
0.0,0.0,38.79033846596392,0.08835296741142416,0.3418494349938937,0.9635351576356723,0.9635351576356723,1.1779643458101776,0.9228217596047461,0.0,33.70141836777794,14.430869689661812,hard,0.11456227519829448,0.1201156361559734,0.10981758722674134,0.1513912716771855
0.0,0.0,31.05525600422126,0.0881997196920083,0.3516165841362445,0.9643650760992956,0.9643650760992956,1.1832159566199232,0.8774964387392122,0.0,30.298125354549576,14.430869689661812,hard,0.11303223925935871,0.11995044605867963,0.10970747853455269,0.15091051929073235
0.0,0.0,16.640927024624947,0.08794508608324968,0.3967189850509943,0.9830564581955605,0.9830564581955605,1.1926441212700458,0.8,0.0,16.27636323015679,14.430869689661812,hard,0.11267447863215142,0.11979267854857248,0.10923295094807406,0.1504569594484612
0.0,0.0,23.77579281666984,0.08752025558941084,0.37650200339725204,0.9797958971132713,0.9797958971132713,1.1926441212700458,0.7525955088890712,0.0,21.852679469575353,14.430869689661812,hard,0.11186211533794999,0.11936025159900632,0.10904214185037236,0.1490687706587166
0.0,0.0,28.838461792268337,0.08741022937130837,0.3603405277665869,0.9610411021387171,0.9610411021387171,1.1926441212700458,0.7539230729988305,0.0,21.61504105941046,14.430869689661812,hard,0.11166339483473083,0.11914526466679566,0.1094952411888409,0.1473746992300196
0.0,0.0,19.813128206439213,0.08737330722740848,0.42220936799554026,0.9414881836751855,0.9414881836751855,1.1565465835840767,0.699714227381436,0.0,17.526220356939483,14.430869689661812,hard,0.11157660379179121,0.11933304050872288,0.11021894191825217,0.14625813565019755
0.0,0.0,22.246513705874165,0.08719296927626158,0.39934748500060646,0.9610411021387171,0.9610411021387171,1.1565465835840767,0.6708203932499369,0.0,22.019954586692496,14.430869689661812,hard,0.11155574040828964,0.11927985041250257,0.11045409204693403,0.14486227364155027
0.0,0.0,24.492200188968773,0.08678934524313346,0.39680679510653205,0.9797958971132713,0.9797958971132713,1.1421033228215387,0.64,0.0,17.27843742935107,14.430869689661812,hard,0.11142012737120835,0.11927971337808095,0.11011589566737154,0.14432015286209737
0.0,0.0,17.94119928170099,0.08653461284218437,0.456887599350586,0.9797958971132713,0.9797958971132713,1.2000000000000002,0.64,0.0,11.954915307102764,14.430869689661812,hard,0.11147854047612048,0.11891272541130707,0.11011303246674527,0.14424883935055954
0.0,0.0,19.041627313430546,0.08655630338163176,0.43666158436065905,0.9797958971132713,0.9797958971132713,1.2000000000000002,0.64,0.0,15.301294062921606,14.430869689661812,hard,0.11127930967257693,0.11896713871609442,0.11055385737819177,0.14390772571383864
0.0,0.0,22.948993142733443,0.08652059035655091,0.41195959621068223,0.9797958971132713,0.9797958971132713,1.2000000000000002,0.64,0.0,15.595332635118753,14.430869689661812,hard,0.11097716764137824,0.1192408290540424,0.11075266067275581,0.1435501220723276
0.0,0.0,13.364388274086222,0.08631393198429717,0.4308174746903488,0.9797958971132713,0.9797958971132713,1.201499063670047,0.64,0.0,13.245693639821207,14.430869689661812,hard,0.1107646356115671,0.11959638266752241,0.11079464960231077,0.14280589223714207
0.0,0.0,21.95515792469214,0.0864521480248587,0.4251694466862851,0.9797958971132713,0.9797958971132713,1.2026637102698325,0.64,0.0,15.182885101323793,14.430869689661812,hard,0.11062323895127499,0.1201542894562718,0.11112274002582359,0.14211767128869449
0.0,0.0,12.01460512874523,0.08648699387785468,0.4014712634484976,0.9797958971132713,0.9797958971132713,1.2026637102698325,0.64,0.0,11.56859542036111,14.430869689661812,hard,0.11054470896656722,0.12061009505620376,0.11136325184205273,0.14139675704027566
0.0,0.0,13.962245446770723,0.08660885773911563,0.3786749591859764,0.9797958971132713,0.9797958971132713,1.2026637102698325,0.64,0.0,13.283734414689267,14.430869689661812,hard,0.11055268327959691,0.12086981160736338,0.11141385089017831,0.1415073073050678
0.0,0.0,19.48383387935759,0.08626555099363688,0.352589439751783,1.0,1.0,1.2026637102698325,0.6974238309665077,0.0,19.06461643988675,14.430869689661812,hard,0.11043483003901303,0.12081552666308044,0.11161619161676395,0.141067621495189
0.0,0.0,20.04191086906736,0.08611042447088875,0.32313390514453283,1.037111372997134,1.037111372997134,1.2026637102698325,0.7717512552629896,0.0,19.533816831331247,14.430869689661812,hard,0.11040823892495288,0.12124031116344144,0.11127890973426938,0.14089217379645586
0.0,0.0,15.98218437353176,0.08633302525612804,0.2973979404487579,1.037111372997134,1.037111372997134,1.2026637102698325,0.7717512552629896,0.0,16.177762515255317,14.430869689661812,hard,0.11105345984851511,0.12178547121766593,0.11141404887517302,0.14074244162910765
0.0,0.0,14.121069593884284,0.08591301693867096,0.32771367721026157,1.050904372433572,1.050904372433572,1.2204917041913885,0.8544003745317531,0.0,12.219656296312102,14.430869689661812,hard,0.11098161015766926,0.12139383201405332,0.11129847630342656,0.1406927389157386
0.0,0.0,17.615446854828498,0.08590564028941072,0.32790834933434465,1.0590561835898982,1.0590561835898982,1.2206555615733703,0.9724196624914574,0.0,17.669816071481897,14.430869689661812,hard,0.11110358624926209,0.12148562230436204,0.11159879294818141,0.14088635559565477
0.0,0.0,27.05728439605828,0.08543858841242306,0.3158200896283032,1.044796630928718,1.0447966309287182,1.2206555615733703,0.9897474425326898,0.0,24.810997561565316,14.430869689661812,hard,0.11109606568228166,0.12129490976139724,0.11109187994533234,0.140094869982787
0.0,0.0,24.907306259231994,0.08525685126005357,0.35931037040585395,1.0712609392673664,1.0712609392673664,1.22,1.004987562112089,0.0,22.98194943863553,14.430869689661812,hard,0.11114430556914856,0.1217431286165117,0.11132296881582596,0.13952183431128168
0.0,0.0,15.246774914331638,0.08521933431524902,0.4555003393715223,1.0897706180660223,1.0897706180660223,1.2310970717209915,0.9734474818910367,0.0,15.156002111374887,14.430869689661812,hard,0.11136144491077808,0.12206758507820313,0.11139604534923803,0.13922837250124492
0.0,0.0,17.627279345420558,0.08482358340286036,0.43841423160610327,1.095627673984187,1.095627673984187,1.2310970717209915,0.9228217596047461,0.0,16.824089871371942,14.430869689661812,hard,0.11176416250371592,0.12223045560696554,0.11134291259005097,0.13807378665820855
0.0,0.0,25.381243019147416,0.08500109961840155,0.5452588690185403,1.0712609392673664,1.0712609392673664,1.257934815481311,0.8774964387392122,0.0,21.26617031813674,14.430869689661812,hard,0.11229843910535052,0.12248895789332775,0.11128613748272387,0.13831184439473515
0.0,0.0,32.81461603785585,0.08483483377975179,0.5488016022141163,1.0583005244258363,1.0583005244258363,1.269488085804668,0.8246211251235321,0.0,27.122308161364142,14.430869689661812,hard,0.1130387170037496,0.12227962735853465,0.11021570830724114,0.1381909434834217
0.0,0.0,16.22216249753102,0.08499842652304995,0.5598876999407155,1.0712609392673664,1.0712609392673664,1.3016912076218383,0.7769169839822013,0.0,15.094701056993477,14.430869689661812,hard,0.11320464836177399,0.12226905917582967,0.1101257289481154,0.13944980821521794
0.0,0.0,20.94806414748081,0.08530026823367812,0.5513756848999194,1.0461357464497616,1.0461357464497616,1.280781011726829,0.7255342858886822,0.0,17.44839247609934,14.430869689661812,hard,0.11369280677137149,0.12227616045633946,0.11027588876501906,0.14028293730548297
0.0,0.0,8.779718978068914,0.08556897396406725,0.5451172631619183,1.0461357464497616,1.0461357464497616,1.3152946437965904,0.7255342858886822,0.0,8.20977466195023,14.430869689661812,hard,0.11409575270062249,0.1222920779519814,0.11042278933789586,0.14064111609572966
0.0,0.0,13.992031295247148,0.08572831350177255,0.56123025432015,1.0461357464497616,1.0461357464497616,1.3392535234226564,0.7255342858886822,0.0,9.976452275232916,14.430869689661812,hard,0.1141493811153143,0.12240885304421062,0.11037224651812211,0.14101590169350264
0.0,0.0,24.377694329683504,0.08657554707182398,0.5492909321461414,1.0332473082471592,1.0332473082471592,1.3177253128023307,0.6988562083862458,0.0,24.164469785203234,14.430869689661812,hard,0.11439651877037164,0.1223196775938669,0.11134417309329908,0.1422998824845464
0.0,0.0,16.456066403217708,0.08714411918822909,0.5317075120495175,1.0332473082471592,1.0332473082471592,1.3177253128023307,0.6988562083862458,0.0,13.255353635418409,14.430869689661812,hard,0.11447152339357144,0.12246635081133772,0.11186969910075649,0.14314474032769983
0.0,0.0,14.988952217520712,0.08756688584664406,0.5656019077203325,1.0332473082471592,1.0332473082471592,1.3340164916521833,0.6988562083862458,0.0,13.65084612762154,14.430869689661812,hard,0.11464023058765027,0.12248746564700226,0.11255537929044923,0.144079466928515
0.0,0.0,14.370936316671258,0.08786303362097816,0.5475652281172514,1.0332473082471592,1.0332473082471592,1.3340164916521833,0.6988562083862458,0.0,13.940229553346674,14.430869689661812,hard,0.11496677181692018,0.12251184866376959,0.11277653953116673,0.14501917656887983
0.0,0.0,16.493316851056953,0.08853570661788343,0.5254609021223293,1.0332473082471592,1.0332473082471592,1.3340164916521833,0.6988562083862458,0.0,16.280589669910608,14.430869689661812,hard,0.11566179273632933,0.12350541939649534,0.1131830666208761,0.14567528779450814
0.0,0.0,7.181611609258632,0.08865438457581029,0.49953549846058337,1.0332473082471592,1.0332473082471592,1.3340164916521833,0.6988562083862458,0.0,6.2493519664041965,14.430869689661812,hard,0.11575126560912535,0.12345985345034442,0.11310049707738967,0.14610890916825958
0.0,0.0,8.483337577308667,0.08873788310157013,0.4921175447947624,1.0583005244258363,1.0583005244258363,1.3266499161421599,0.72773621594641,0.0,8.479716976409058,14.430869689661812,hard,0.1162213520249744,0.12338008231127276,0.11317513463584672,0.146430644868198
0.0,0.0,14.675440138884323,0.08870934582059742,0.46459259860022567,1.0254754994635416,1.0254754994635416,1.3266499161421599,0.8052328855678957,0.0,14.40161102099345,14.430869689661812,hard,0.11704219159607095,0.12320549961064588,0.11262765823595819,0.14641542505539187
0.0,0.0,21.232535290571807,0.08926019590027448,0.43418112855574165,1.0111379727811631,1.0111379727811631,1.3266499161421599,0.8284926070883192,0.0,17.643593738238252,14.430869689661812,hard,0.1187021628045197,0.12358890510702357,0.11245045880044745,0.14641842137239539
0.0,0.0,18.92351508987048,0.08920697808884044,0.44333799742309615,1.0,1.0,1.3410443691392169,0.8717797887081347,0.0,19.219001014620922,14.430869689661812,hard,0.11912352664005409,0.12334989814109595,0.11286659540361008,0.14558222115310337
0.0,0.0,20.848151343407782,0.09007859298366028,0.43453870111904785,0.9937806599043876,0.9937806599043876,1.3328165665236908,0.9759098319004681,0.0,21.416479636018614,14.430869689661812,hard,0.12072951752062389,0.12385524612699114,0.11319883534800071,0.1451741982501224
0.0,0.0,26.604960789329684,0.09154224727016715,0.45807219634617813,0.9734474818910366,0.9734474818910366,1.3541048703848606,0.9734474818910367,0.0,26.396401269870104,14.430869689661812,hard,0.12099083718724604,0.12677060530164566,0.11484536310703176,0.14504913280316628
0.0,0.0,18.769070749593073,0.09187821016222843,0.4522257418274477,0.9551963149007643,0.9551963149007644,1.3453624047073711,1.0278132126023678,0.0,19.18124083577494,14.430869689661812,hard,0.12144975658406838,0.12777406705176053,0.11487343934788637,0.1448872119951214
0.0,0.0,26.16134765010306,0.0920370056989289,0.42383770283261685,0.928654941299512,0.928654941299512,1.3453624047073711,1.0190191362285597,0.0,14.160169490511052,14.430869689661812,hard,0.12184766159794329,0.12795452202095073,0.11465269997664115,0.1447553999306239
0.0,0.0,21.632447607117342,0.09225572836981452,0.446123127887927,0.928654941299512,0.928654941299512,1.3417898494175606,1.0190191362285597,0.0,15.059628149459733,14.430869689661812,hard,0.12223628003692885,0.12825880504754195,0.1145053241052978,0.14477707443691445
0.0,0.0,11.877933750971163,0.09216397809014595,0.47587859703749863,0.9591663046625439,0.9591663046625439,1.3666016244685208,0.9927738916792685,0.0,11.498886902652798,14.430869689661812,hard,0.12265860951599729,0.1281556772875842,0.1143985237966094,0.1447456802072647
0.0,0.0,57.98477045748203,0.09158254857176469,0.43532592826048205,0.8944271909999159,0.8944271909999159,1.3666016244685208,0.9389355675444403,0.0,41.73230882661537,14.430869689661812,hard,0.12265585035312564,0.12818261632411426,0.11411843624087852,0.14025978480889403
0.0,0.0,27.4557265435596,0.09197383042160567,0.4591205130132966,0.8646386528486915,0.8646386528486915,1.418308852119312,0.9079647570252933,0.0,27.235043601947844,14.430869689661812,hard,0.12275492325636644,0.12858648946562803,0.115418951677171,0.13971648721046692
0.0,0.0,18.246175726658684,0.09198903141376537,0.4350014011374794,0.8646386528486915,0.8646386528486915,1.418308852119312,0.9079647570252933,0.0,17.15949882718024,14.430869689661812,hard,0.12266277108966957,0.12919198327291417,0.11556964232607955,0.1389587507421506
0.0,0.0,14.301775695506096,0.09202925022351899,0.4106017465055566,0.8411896337925236,0.8411896337925236,1.418308852119312,0.8219489035213807,0.0,13.741047994967486,14.430869689661812,hard,0.12267560050591172,0.1292974807634603,0.11593500196358081,0.13818933859154334
0.0,0.0,26.19697328116439,0.09249882572348289,0.5007875464743754,0.8246211251235321,0.8246211251235321,1.4837789592793127,0.7745966692414834,0.0,17.426233098406552,14.430869689661812,hard,0.12276293242698383,0.12964276307839448,0.11663610041057212,0.1378620074607154
0.0,0.0,16.853533718850393,0.09260067079521553,0.4744313656592895,0.8246211251235321,0.8246211251235321,1.4837789592793127,0.7745966692414834,0.0,14.739185866254621,14.430869689661812,hard,0.12288035621330745,0.12957193253060842,0.1168891396813329,0.13740141721417964
0.0,0.0,13.332746850402977,0.09236378209153343,0.5420141582244161,0.8411896337925236,0.8411896337925236,1.5047923444781344,0.7507329751649384,0.0,13.586404969674648,14.430869689661812,hard,0.1228772003623915,0.12933746418756306,0.11679920840978084,0.13715561569627474
0.0,0.0,42.20069995355362,0.09234487638256335,0.5404872042660898,0.8246211251235321,0.8246211251235321,1.4934523762075578,0.6974238309665077,0.0,38.83415506998961,14.430869689661812,hard,0.12300209041580946,0.12867996207554547,0.11739119657516331,0.13740692327364934
0.0,0.0,33.46859246298651,0.0921503803189039,0.5151946060399415,0.8246211251235321,0.8246211251235321,1.4934523762075578,0.6974238309665077,0.0,26.660862701720664,14.430869689661812,hard,0.12305680179757689,0.12831253829914965,0.11758413438481087,0.1380829991873597
0.0,0.0,17.618370140577966,0.09241952608302527,0.49580346377086343,0.8246211251235321,0.8246211251235321,1.4934523762075578,0.6974238309665077,0.0,15.284515039738748,14.430869689661812,hard,0.12310960702491652,0.12857342185517667,0.11799118037892482,0.138278161296394
0.0,0.0,10.978488896236543,0.09263256585124933,0.4888834743806385,0.8246211251235321,0.8246211251235321,1.5477725931156685,0.6974238309665077,0.0,10.266080069822172,14.430869689661812,hard,0.12348042978094798,0.12886817012763754,0.11838289234899654,0.1384440490868433
0.0,0.0,19.41571459228305,0.09285188204675342,0.46171356581798895,0.8246211251235321,0.8246211251235321,1.5477725931156685,0.6974238309665077,0.0,12.75184692505364,14.430869689661812,hard,0.12354486459386967,0.12898882838561365,0.11889481787153193,0.1388025445519882
0.0,0.0,17.44968308633904,0.09303592436010488,0.4235909750806446,0.8380930735902786,0.8380930735902786,1.5477725931156685,0.7547184905645282,0.0,17.617820523549444,14.430869689661812,hard,0.12334936480575473,0.12923873658670582,0.11918602050984566,0.13907531627116868
0.0,0.0,23.326191456542443,0.09333941998644411,0.405965022274279,0.8553361912137238,0.8553361912137238,1.5477725931156685,0.7810249675906654,0.0,19.20729028259843,14.430869689661812,hard,0.12370088534816152,0.13003692343725082,0.1196888770818186,0.13919146649991632
0.0,0.0,11.863882454374325,0.09335319499962631,0.41236235531825854,0.87840765023991,0.87840765023991,1.5620499351813308,0.8296987405076616,0.0,10.206292176887745,14.430869689661812,hard,0.12379523427539484,0.13053797670625722,0.11981138018639374,0.1393453715906399
0.0,0.0,33.18503274151079,0.09347424740596097,0.3910964031355861,0.8333066662399862,0.8333066662399864,1.5620499351813308,0.9112628599915613,0.0,27.930807363912702,14.430869689661812,hard,0.12361772597035522,0.13016935222369644,0.11876590642101623,0.13945121239239522
0.0,0.0,30.08753055062416,0.0939535303163531,0.3569145170809545,0.8681013765684282,0.8681013765684282,1.5620499351813308,0.9707728879609279,0.0,28.84788380453582,14.430869689661812,hard,0.12410738500813885,0.1307865515958372,0.11875787464319483,0.13749602986231318
0.0,0.0,32.01766365851293,0.09403481971224038,0.3572024241011463,0.8708616422830897,0.8708616422830897,1.5374004032782094,1.0322790320451152,0.0,28.434071111960034,14.430869689661812,hard,0.123658478367446,0.13078875135650328,0.11868918656882375,0.13724446633679221
0.0,0.0,16.512084483662488,0.09439514932171279,0.380505224497252,0.8811356308764275,0.8811356308764275,1.538960688256851,1.047091209016674,0.0,16.76539292709837,14.430869689661812,hard,0.12405993150866966,0.1312423086335961,0.11873103550629838,0.13663792774248698
0.0,0.0,15.6908658949593,0.09456874848153772,0.4231908390799551,0.8544003745317531,0.8544003745317531,1.57797338380595,1.0293687385966217,0.0,11.951585668855829,14.430869689661812,hard,0.12453488885724583,0.13107520157156466,0.11894503455732114,0.13653017305521423
0.0,0.0,18.219366628658626,0.09492630785509569,0.4307622010519807,0.8487638069569178,0.8487638069569178,1.6400000000000001,1.0278132126023678,0.0,17.596636042153058,14.430869689661812,hard,0.12472489570283095,0.13113240343372173,0.11907612497432253,0.1363860776980553
0.0,0.0,22.870659433062656,0.09512699600476038,0.4892722531502505,0.8799999999999998,0.88,1.6503332996701001,1.0071742649611337,0.0,22.798280636925234,14.430869689661812,hard,0.12353257879133807,0.13119944264215672,0.11936334271318273,0.13601427315713766
0.0,0.0,30.895220973117517,0.09605830885388901,0.4632523276379915,0.8333066662399862,0.8333066662399864,1.6503332996701001,0.9911609354691093,0.0,28.355944703007165,14.430869689661812,hard,0.12318727848166552,0.13126797065777301,0.11942737779018907,0.13677120092318223
0.0,0.0,18.859066468917586,0.09632566345717765,0.4628655156405106,0.8646386528486915,0.8646386528486915,1.6733200530681513,0.9643650760992956,0.0,11.493110980061056,14.430869689661812,hard,0.12307924088896165,0.13133110803873685,0.11953887428301202,0.13693085298416158
0.0,0.0,11.892060207911276,0.09635803026714378,0.45002914131467975,0.8646386528486915,0.8646386528486915,1.7191858538273284,0.9643650760992956,0.0,11.141795187491107,14.430869689661812,hard,0.12324874024771802,0.13129732934262123,0.11940583794034051,0.1371454420427863
0.0,0.0,18.237988150400195,0.09666401555624435,0.42965878502866073,0.8946507698538017,0.8946507698538017,1.7191858538273284,0.8219489035213807,0.0,15.921004993404154,14.430869689661812,hard,0.12330700889247687,0.13145194278903566,0.11931796234813712,0.13589100199356094
0.0,0.0,17.47531241827947,0.0969805223669985,0.40701432394451936,0.9086253353280437,0.9086253353280437,1.7191858538273284,0.7745966692414834,0.0,17.189077927567844,14.430869689661812,hard,0.1233540695959826,0.13127500348309723,0.11910282874419241,0.13511980737656973
0.0,0.0,20.851920212488203,0.09739033372744947,0.38050627793082265,0.9086253353280437,0.9086253353280437,1.7191858538273284,0.7745966692414834,0.0,14.544125962050796,14.430869689661812,hard,0.1234786985455144,0.1313744412364183,0.11915611031510397,0.13506779485673126
0.0,0.0,24.318146681805334,0.09738025313546936,0.3983835237586709,0.9219544457292888,0.9219544457292888,1.692453839843202,0.7236021006050218,0.0,24.269231549433123,14.430869689661812,hard,0.1235028025548354,0.13117531163276103,0.11872573900764405,0.1348346811437648
0.0,0.0,13.747571927638862,0.09762727668032749,0.3881788820121115,0.9086253353280437,0.9086253353280437,1.690443728729235,0.6974238309665077,0.0,13.412471807985282,14.430869689661812,hard,0.12386121583894626,0.13138042398233093,0.11863674440738427,0.13473393323435356
0.0,0.0,22.792110568103272,0.09746024629326802,0.40395458404255646,0.9086253353280437,0.9086253353280437,1.6975276139138356,0.6974238309665077,0.0,22.51964475741125,14.430869689661812,hard,0.12388646549435639,0.13120224615691575,0.11781481409595929,0.1340084027536269
0.0,0.0,14.033464525911198,0.09797627950839903,0.38024543429052343,0.9086253353280437,0.9086253353280437,1.6975276139138356,0.6974238309665077,0.0,14.09033711449091,14.430869689661812,hard,0.12408969985839115,0.13168460210072938,0.11831230799817864,0.13371033854299777
0.0,0.0,25.942069033584136,0.09803541997468226,0.36022996872817875,0.9086253353280437,0.9086253353280437,1.6975276139138356,0.6974238309665077,0.0,13.096564434995921,14.430869689661812,hard,0.12418382977800946,0.13131510404226862,0.11822012742497637,0.13359498693608587
0.0,0.0,18.722501063047577,0.09811454277976012,0.34226711360200535,0.938296328459192,0.938296328459192,1.6975276139138356,0.7269112738154498,0.0,12.082400423756862,14.430869689661812,hard,0.12398845896148197,0.13109155791789454,0.118389077561397,0.1331537259341473
0.0,0.0,20.579605032958206,0.09851712442027183,0.3835176344461473,0.9303762679690405,0.9303762679690405,1.706575518399347,0.7547184905645282,0.0,20.383365767213224,14.430869689661812,hard,0.1241826497400339,0.13113724992179912,0.11914383702924532,0.13314614777922493
0.0,0.0,22.24914214225789,0.0993441738684197,0.36311408017191804,0.9167333309092671,0.9167333309092671,1.706575518399347,0.7810249675906654,0.0,22.176789668479973,14.430869689661812,hard,0.12427460143168831,0.13154219761418026,0.12052188886001441,0.13392385583016422
0.0,0.0,27.24054848363329,0.10020401774571562,0.3776348928003121,0.9303762679690406,0.9303762679690406,1.7004705231199981,0.8717797887081347,0.0,27.185466705576346,14.430869689661812,hard,0.12434318598888844,0.13155170818039583,0.12145497138789933,0.13427598160260773
0.0,0.0,34.38996989012313,0.10060803935442073,0.4390585773506441,0.8799999999999998,0.88,1.7168575945604807,0.9707728879609279,0.0,26.25691527959825,14.430869689661812,hard,0.12443666637198753,0.1315252877067055,0.1222382377110981,0.13325182905614663
0.0,0.0,23.441809617459416,0.10085422539055117,0.4699329558505286,0.9086253353280437,0.9086253353280437,1.716275036233995,1.0071742649611337,0.0,23.591523901605,14.430869689661812,hard,0.12492574927127449,0.13148119626638027,0.12265008451642648,0.13324108606567242
0.0,0.0,26.65615916722719,0.10093595160420858,0.4532712580439392,0.9303762679690405,0.9303762679690405,1.716275036233995,1.0361467077590893,0.0,20.141191623138884,14.430869689661812,hard,0.12570818166725933,0.13121496687606626,0.12246847587055747,0.13283172247072333
0.0,0.0,20.27365661219859,0.10133369365013827,0.48390486493326995,0.9593747964169165,0.9593747964169165,1.746424919657298,1.047091209016674,0.0,19.61722712311809,14.430869689661812,hard,0.12658957795514317,0.13128977774064954,0.1228128222320425,0.13303372932826932
0.0,0.0,15.942966730948871,0.10124449429808757,0.5112252271953202,0.9848857801796105,0.9848857801796105,1.7367786272291583,1.0293687385966217,0.0,13.115502277839001,14.430869689661812,hard,0.12707861363137501,0.1313368403105932,0.12275477026922983,0.13274496121240656
0.0,0.0,20.28281567817416,0.10127161893948053,0.49593536790962045,1.0584894897919392,1.0584894897919392,1.7367786272291583,1.0246950765959597,0.0,20.46598153033467,14.430869689661812,hard,0.12752309022525715,0.13117278557362036,0.12258949835173565,0.1331673056851791
0.0,0.0,20.79487633584682,0.10155046248150582,0.5114307585046551,1.0650821564555477,1.065082156455548,1.726151789385858,1.0071742649611337,0.0,20.733779202065406,14.430869689661812,hard,0.1280468598143511,0.13191607559031193,0.12237541039729087,0.1334515361264988
0.0,0.0,17.50915148398891,0.1018393880866792,0.5623014685943091,1.0584894897919392,1.0584894897919392,1.7605680901345453,1.0137060717979351,0.0,12.315583624010678,14.430869689661812,hard,0.12857151376632506,0.1321483346992263,0.12251379036376721,0.13412830887406244
0.0,0.0,10.026088592430305,0.10201592431358951,0.5351805267649182,1.0836973747315253,1.0836973747315253,1.7605680901345453,1.0111379727811631,0.0,10.070471687066103,14.430869689661812,hard,0.1288396449642036,0.13255115874708778,0.12277975015926715,0.1342016043322066
0.0,0.0,17.34034008105177,0.10221549923991484,0.5607577684730021,1.0712609392673664,1.0712609392673664,1.7995555006723187,0.9219544457292888,0.0,16.313442309947952,14.430869689661812,hard,0.12968997263063026,0.1330339380783632,0.12277991723873814,0.13424398284295944
0.0,0.0,9.54537880284087,0.10218578556252347,0.5351364096253804,1.0712609392673664,1.0712609392673664,1.7995555006723187,0.9219544457292888,0.0,8.780455569046518,14.430869689661812,hard,0.1296820957412068,0.13300937601968083,0.12277281108174383,0.1348679801411857
0.0,0.0,14.36490544793088,0.10223919788413315,0.5129969979361994,1.058300524425836,1.058300524425836,1.7995555006723187,0.8818163074019442,0.0,13.60735095453924,14.430869689661812,hard,0.13007767213014781,0.13332059369350144,0.12252661737447289,0.1348460343290047
0.0,0.0,10.537630533622842,0.10220314710908661,0.5657070807812095,1.044796630928718,1.044796630928718,1.7916472867168918,0.8392854103342915,0.0,10.141498903022175,14.430869689661812,hard,0.1303653929107606,0.13345735019195837,0.12234678399238094,0.13491636385033642
0.0,0.0,10.311490531520395,0.10233782872915632,0.5468532098917133,1.0583005244258363,1.058300524425836,1.7916472867168918,0.8187795796183489,0.0,9.862271543615092,14.430869689661812,hard,0.13047110314689397,0.13358533461868852,0.12222592468870172,0.13511530379469872
0.0,0.0,8.52993686998547,0.10225718196393233,0.5421840996850861,1.0583005244258363,1.058300524425836,1.8181309083781618,0.8187795796183489,0.0,8.26984884988837,14.430869689661812,hard,0.13047107506836617,0.13359353911869754,0.12218483488907482,0.13519861994673768
0.0,0.0,11.16854093791638,0.1020695828584064,0.5151118054350102,1.0583005244258363,1.058300524425836,1.8181309083781618,0.8187795796183489,0.0,10.46586833473458,14.430869689661812,hard,0.1305177178216262,0.13332603807400498,0.12191807590429665,0.13542029603598935
0.0,0.0,17.36962328710097,0.10206364059480784,0.5129248554552092,1.0583005244258363,1.058300524425836,1.8331393836803571,0.8187795796183489,0.0,9.951100441659705,14.430869689661812,hard,0.13068658244886955,0.13350185928881375,0.12175766827117263,0.13568193380681173
0.0,0.0,10.947351106939852,0.1019241569150885,0.5108563487420327,1.0332473082471592,1.0332473082471592,1.8260339536821324,0.845931439302264,0.0,10.12088928899037,14.430869689661812,hard,0.13076230604116393,0.13340448080339753,0.12117301829217574,0.13605183736893106
0.0,0.0,13.633969244958925,0.10178434629122397,0.49093721592669504,1.0392304845413265,1.0392304845413263,1.8260339536821324,0.8717797887081347,0.0,9.65890262918102,14.430869689661812,hard,0.13075792188815955,0.13345458668761945,0.12091666156125627,0.13610636515671623
0.0,0.0,14.426614752767192,0.1018120752372257,0.47471098131942374,1.0524257693538295,1.0524257693538297,1.8260339536821324,0.8964373932405988,0.0,9.624884414890396,14.430869689661812,hard,0.1307716615169802,0.1337972213208324,0.1210916406805964,0.13648495009863967
0.0,0.0,10.604456381590122,0.10175988084899855,0.4613632628298364,1.0703270528207722,1.0703270528207722,1.8513778652668398,0.9431860898041277,0.0,10.626457547085012,14.430869689661812,hard,0.13089277825855797,0.1338727634400378,0.12111401702645178,0.13565316025676394
0.0,0.0,39.809571735380004,0.10137645231540705,0.45491806435051874,1.1029052543169788,1.1029052543169788,1.82208671582886,1.0371113729971337,0.0,27.883392906889938,14.430869689661812,hard,0.1308929779903052,0.13286001503661604,0.12073238509030745,0.1354351246248089
0.0,0.0,10.629657755021485,0.1013968190673447,0.46707184806764945,1.1285388783732708,1.1285388783732708,1.8282231811242304,1.085172797300043,0.0,9.74268956705488,14.430869689661812,hard,0.1309217433069192,0.1327313558669906,0.12066027399332203,0.1355358814759809
0.0,0.0,15.785955632441262,0.10137134644365862,0.45563772955587845,1.092520022699813,1.092520022699813,1.7978876494375282,1.1489125293076057,0.0,9.143850392476903,14.430869689661812,hard,0.13099480040787634,0.13259487860270597,0.12076281347299891,0.1356699682462799
0.0,0.0,10.190421141531724,0.10123038403795168,0.4452999503900754,1.0660206376989143,1.0660206376989143,1.8443427013437605,1.160861748874516,0.0,10.050592022363658,14.430869689661812,hard,0.13097363235607135,0.1324384130476162,0.12087407331784096,0.1354844411215819
0.0,0.0,13.448178519654162,0.1010093118392279,0.4676168970391477,1.092520022699813,1.092520022699813,1.8287700784953804,1.1551623262554922,0.0,12.593982690158025,14.430869689661812,hard,0.13122264709023218,0.13209993105569567,0.12105512360504059,0.13530248412262477
0.0,0.0,22.335455350322825,0.10082425909755918,0.4402175715358537,1.0166612021711068,1.0166612021711068,1.8287700784953804,1.1655041827466772,0.0,9.528819444191395,14.430869689661812,hard,0.13123621264149457,0.13200814922592555,0.12099377868755783,0.13504297936943252
0.0,0.0,25.398694105497963,0.10089885362212117,0.459170306272249,0.9848857801796105,0.9848857801796105,1.8304097901836083,1.174563748802082,0.0,17.148480982291115,14.430869689661812,hard,0.13110229180509247,0.13199064531702423,0.12085000513345814,0.13515135297725975
0.0,0.0,19.792318350764802,0.10088652278601688,0.470688722135606,0.9643650760992954,0.9643650760992954,1.8098618731825917,1.1532562594670797,0.0,16.9356901247041,14.430869689661812,hard,0.13121727248410195,0.13189190771858234,0.1200826496486724,0.1361883714805365
0.0,0.0,17.547132709718078,0.10098874384465838,0.4514709816125432,0.9724196624914574,0.9724196624914574,1.8098618731825917,1.1600000000000001,0.0,17.151606338766058,14.430869689661812,hard,0.1310822918091472,0.1317608076850021,0.11991501914539263,0.13729314828883113
0.0,0.0,25.567282974273265,0.10094485798924843,0.42038212386633383,0.9516301802696255,0.9516301802696255,1.8098618731825917,1.0954451150103321,0.0,25.943700584149518,14.430869689661812,hard,0.1309339880114795,0.13179646095513897,0.1197261371496226,0.13817229036774137
0.0,0.0,18.880532590648418,0.10075538717236537,0.4024439356186513,0.9516301802696255,0.9516301802696255,1.8098618731825917,1.0954451150103321,0.0,18.342573429047516,14.430869689661812,hard,0.13091372225200054,0.13093492412902336,0.11933482027207111,0.1384943700542145
0.0,0.0,21.332905278803523,0.10058471090781552,0.3847767194440743,0.9516301802696255,0.9516301802696255,1.8098618731825917,1.0954451150103321,0.0,20.509470982938588,14.430869689661812,hard,0.13096006426041612,0.1305373982129813,0.11913565934924628,0.13907139931696758
0.0,0.0,18.09194814784403,0.10041796786100923,0.3702919134880048,0.9086253353280438,0.9086253353280438,1.8098618731825917,1.049952379872535,0.0,18.00604342991541,14.430869689661812,hard,0.13094467807049717,0.12998007890956648,0.11894079204341149,0.139069652880876
0.0,0.0,18.014955303079084,0.10048586143102786,0.3701779281024075,0.9167333309092671,0.9167333309092671,1.7999999999999998,1.016070863670443,0.0,17.770638705460193,14.430869689661812,hard,0.13093140451656518,0.13000501724443625,0.11907687923128762,0.13871100920771368
0.0,0.0,22.82950958116884,0.10061560458610451,0.404037687588054,0.9097252332435327,0.9097252332435327,1.8340119955987202,0.9219544457292888,0.0,22.905335622950385,14.430869689661812,hard,0.13184477321734114,0.13060246293743222,0.11861534442104266,0.1385369896103237
0.0,0.0,16.82015518107905,0.10033113795217609,0.38708732499787657,0.9097252332435327,0.9097252332435327,1.8340119955987202,0.9219544457292888,0.0,14.936987648117004,14.430869689661812,hard,0.1322016515800038,0.13042876574664725,0.11794840216160103,0.1383367869081723
0.0,0.0,18.578940952431314,0.10032594907816775,0.366321063363345,0.8944271909999157,0.894427190999916,1.8340119955987202,0.8588364221433555,0.0,12.390383367757432,14.430869689661812,hard,0.13240926464721256,0.1305412998466569,0.11794918321058669,0.13801532552502502
0.0,0.0,12.0870887526698,0.10036786368319366,0.37299680571629124,0.9228217596047461,0.9228217596047461,1.8456435192094922,0.885663593019381,0.0,6.899884056996899,14.430869689661812,hard,0.133011750813488,0.13066978886533823,0.1177169745481747,0.1381365231150323
0.0,0.0,12.31096740195458,0.10050639488421603,0.46011989318162544,0.9165151389911679,0.916515138991168,1.857417562100671,0.9112628599915613,0.0,12.041328830324336,14.430869689661812,hard,0.13328164774279233,0.13054097098081563,0.11765990794757775,0.13889123193514818
0.0,0.0,9.927894848315452,0.10056535528466505,0.44643836020048994,0.9165151389911679,0.916515138991168,1.857417562100671,0.9112628599915613,0.0,9.109906695460717,14.430869689661812,hard,0.13335382705231738,0.1306185675823566,0.11778175842926988,0.13915685119277904
0.0,0.0,13.725119056820432,0.10058836751335122,0.48571327629981725,0.9165151389911679,0.916515138991168,1.92,0.938083151964686,0.0,11.48774999727971,14.430869689661812,hard,0.1340867370805754,0.1305834734225163,0.11775118317090442,0.13931298993892227
0.0,0.0,19.22070129856287,0.10072628234027935,0.4618705690691,0.8953211714239757,0.8953211714239756,1.92,0.9846826900072937,0.0,19.054542765440477,14.430869689661812,hard,0.13444553291202896,0.13063389599466577,0.11813953085539007,0.1398706368508225
0.0,0.0,10.073722808432295,0.10110842725405338,0.49248194856273986,0.8662563131083086,0.8662563131083086,1.894835085172322,1.061319932913728,0.0,9.50420959364849,14.430869689661812,hard,0.1348859192111417,0.13103398699451305,0.11863309588171696,0.13987019106390403
0.0,0.0,28.76725507195831,0.10177002278860492,0.4907718655264869,0.8692525524840292,0.8692525524840292,1.8701871564097536,1.1244554237496478,0.0,28.900491345304147,14.430869689661812,hard,0.13368610217464907,0.13120531414523953,0.1196748377706815,0.14011403331350622
0.0,0.0,40.25105424597095,0.1009814094675163,0.49311483705122333,0.8392854103342915,0.8392854103342915,1.857417562100671,1.18,0.0,40.652301287872994,14.430869689661812,hard,0.13369573460704462,0.13049543647222825,0.11779394198852507,0.13943585010171802
0.0,0.0,26.251949913590263,0.10168051477410503,0.49162587305981315,0.8187795796183489,0.8187795796183489,1.895362762111781,1.192644121270046,0.0,19.25724798614797,14.430869689661812,hard,0.13357028055788342,0.13083441230704196,0.11924015999918167,0.14049846201477412
0.0,0.0,12.268915675065093,0.10212652762285336,0.4752442882968928,0.7939773296511683,0.7939773296511683,1.903260360539251,1.1892854997854805,0.0,11.802050669269304,14.430869689661812,hard,0.13350240587278048,0.13113707504018174,0.12033052488071254,0.14089393918282062
0.0,0.0,31.32000813276019,0.10297395795203548,0.4929413741877252,0.835224520712844,0.8352245207128441,1.8973665961010275,1.215894732285653,0.0,31.77841405734402,14.430869689661812,hard,0.13342853977044405,0.13166460543793324,0.12210014218814648,0.14171313877954161
0.0,0.0,11.118024700014468,0.10325891804638737,0.49288304087550794,0.8588364221433555,0.8588364221433556,1.932459572668986,1.2,0.0,11.584903970253702,14.430869689661812,hard,0.1334976368938282,0.13192725176486722,0.12263974698132771,0.1424417530877714
0.0,0.0,16.108137332521366,0.10387488823808683,0.46313936390334987,0.8588364221433555,0.8588364221433556,1.932459572668986,1.2,0.0,15.062921363400926,14.430869689661812,hard,0.13341376944871444,0.1326357785391448,0.12378151453854447,0.14344749961996794
0.0,0.0,18.947516814283475,0.10368454093260346,0.4349752282493633,0.8662563131083086,0.8662563131083086,1.932459572668986,1.2139192724394816,0.0,19.178832081229555,14.430869689661812,hard,0.13232697770699506,0.13162037574500984,0.1245430494791908,0.14400728122936612
0.0,0.0,12.915999102281807,0.10374270496891157,0.4311300880645074,0.8818163074019442,0.8818163074019442,1.9494614640972003,1.177115117564973,0.0,12.38101772876527,14.430869689661812,hard,0.13221396515902828,0.1309582072094797,0.12507943234716123,0.14448445661185305
0.0,0.0,10.839287561096821,0.10392329199977811,0.4085750480856982,0.8627861844049196,0.8627861844049197,1.9494614640972003,1.149086593777858,0.0,10.785990914144143,14.430869689661812,hard,0.1321664953042781,0.1312678202497305,0.12526835360830893,0.14477789605300379
0.0,0.0,24.128849952210643,0.1038346125582308,0.3775235813672993,0.8428523002282191,0.8428523002282191,1.9494614640972003,1.0770329614269007,0.0,24.32069900311255,14.430869689661812,hard,0.13134265737680936,0.13107662490392652,0.125522623405234,0.14307548516351715
0.0,0.0,18.922439974514663,0.1036874884980487,0.3726784842020712,0.8692525524840292,0.8692525524840292,1.9559141085436242,1.044796630928718,0.0,12.895208412429788,14.430869689661812,hard,0.13097617476596074,0.1306767110140973,0.12561554922336127,0.14262854984687487
0.0,0.0,20.84170219039374,0.1039482024176044,0.34234714273504857,0.885663593019381,0.8856635930193812,1.9559141085436242,0.9551963149007643,0.0,16.49073679372756,14.430869689661812,hard,0.13083812513619722,0.13044947412966515,0.1259661819355432,0.14223432920054893
0.0,0.0,19.089086842339633,0.10390211242657198,0.321715661608284,0.885663593019381,0.8856635930193812,1.9559141085436242,0.9551963149007643,0.0,18.993946404052004,14.430869689661812,hard,0.12992306101202136,0.13013290238159494,0.12637178284834877,0.14251355476052455
0.0,0.0,22.370124683472195,0.10401437118789561,0.3030460471070485,0.8890444308357147,0.8890444308357148,1.9559141085436242,0.8953211714239756,0.0,22.453730202351682,14.430869689661812,hard,0.12807037705668434,0.13013762091349823,0.12692000822780775,0.14237751200589524
0.0,0.0,8.768987893628832,0.10409456968584557,0.28281016092747746,0.8692525524840293,0.8692525524840293,1.9559141085436242,0.8544003745317531,0.0,8.835587133858168,14.430869689661812,hard,0.12785709181814145,0.13007118414975416,0.12726591945948743,0.1424236491713413
0.0,0.0,4.266800073923819,0.10422302037292981,0.2604111745102093,0.8890444308357148,0.8890444308357148,1.9559141085436242,0.8818163074019442,0.0,3.934259777899776,14.430869689661812,hard,0.12783386546802955,0.13008164699546787,0.1275379871474932,0.1425999835455385
0.0,0.0,23.283021029879237,0.1042415537650456,0.420446673174418,0.8627861844049195,0.8627861844049197,2.0735476845252436,0.9079647570252934,0.0,16.130579654804723,14.430869689661812,hard,0.12763970763082222,0.13001239396285633,0.1280099200331763,0.1420369916335587
0.0,0.0,22.70629292434065,0.10398085943237463,0.4715210339166816,0.8627861844049195,0.8627861844049197,2.1493254755853055,0.9079647570252934,0.0,22.15679579722664,14.430869689661812,hard,0.12642731408675584,0.12983991662085026,0.12778911260537654,0.14192647981091908
0.0,0.0,15.837476747179936,0.10445820748271073,0.4769407090998456,0.8919641248391105,0.8919641248391105,2.1578693194908722,0.9610411021387171,0.0,15.995449352862831,14.430869689661812,hard,0.12630948442413734,0.13064151388801112,0.12860825048515603,0.14234784202108947
0.0,0.0,19.066779535510847,0.10544740374827989,0.46289790799483643,0.9357350052231668,0.9357350052231668,2.14326853193901,0.9840731680114035,0.0,19.043991178321836,14.430869689661812,hard,0.12669338750641157,0.131563824312801,0.12995601350090782,0.1424688861881228
0.0,0.0,20.5833860927083,0.10592756402203893,0.48004543298244573,0.9951884243699783,0.9951884243699783,2.15072080940321,1.08,0.0,15.410658649129829,14.430869689661812,hard,0.12664138707674036,0.13199965498409857,0.13037603425996083,0.14253934804670715
0.0,0.0,29.64134763675561,0.1061569072300164,0.46047272604598444,1.0283968105745953,1.0283968105745953,2.1448543074064497,1.1271202242884297,0.0,26.39603000452909,14.430869689661812,hard,0.12692194595370374,0.13245040109167988,0.13075077586888137,0.14228301958070688
0.0,0.0,20.486220252760575,0.10671075801115774,0.5058564032105755,1.0087616170334794,1.0087616170334792,2.1567568244936655,1.1565465835840767,0.0,19.718265643813606,14.430869689661812,hard,0.1274934602897528,0.13261887738178169,0.13131102128877903,0.14280057008785146
0.0,0.0,24.35668686849314,0.1070251651635489,0.4836993480927633,1.0392304845413265,1.0392304845413265,2.14997674406027,1.1586198686368192,0.0,23.235317944887264,14.430869689661812,hard,0.12756941030999763,0.13214934797591324,0.1315590181166777,0.1433393158017798
0.0,0.0,9.180953094625341,0.10721510502599302,0.4522017980329616,1.0229369482035537,1.0229369482035537,2.14997674406027,1.1661903789690602,0.0,8.657112682644255,14.430869689661812,hard,0.12786886693302396,0.13204174774429242,0.13182269606576688,0.14346103337947586
0.0,0.0,11.65926954556249,0.10732864860055545,0.417854769394156,1.043264108459598,1.043264108459598,2.14997674406027,1.173200750084997,0.0,10.941663493271944,14.430869689661812,hard,0.12797946977387484,0.13204693312300025,0.13203675535185552,0.14368302278214867
0.0,0.0,13.596253264561314,0.10770387542551288,0.4275688956317511,1.0628264204469138,1.0628264204469138,2.1429885673983424,1.1825396399275585,0.0,13.233427371622213,14.430869689661812,hard,0.12862691549737462,0.1322512942563036,0.13260114856011374,0.14408828879477634
0.0,0.0,22.2307435072788,0.10829602485447752,0.41494251078157907,1.0816653826391966,1.0816653826391966,2.135790251873999,1.1914696806885183,0.0,22.045806857540963,14.430869689661812,hard,0.13025593120964424,0.13255452252571073,0.13339862966205254,0.1443189138247157
0.0,0.0,34.0427731841256,0.10821619377657278,0.39466357908596333,1.0799999999999998,1.0799999999999998,2.135790251873999,1.1993331480451959,0.0,26.753459589368997,14.430869689661812,hard,0.13034090757953354,0.1325448999840691,0.13409419097235678,0.14394245046059584
0.0,0.0,26.776482525707806,0.10862395183136131,0.3570451620087413,1.0983624174196784,1.0983624174196784,2.135790251873999,1.1461239025515524,0.0,26.798693998029083,14.430869689661812,hard,0.13101841113651683,0.13263451977625518,0.13553462236506336,0.14454440585045047
0.0,0.0,15.471441941026216,0.10903294476210328,0.3838795771032773,1.1135528725660044,1.1135528725660044,2.12075458268985,1.107068200247844,0.0,12.237646832622685,14.430869689661812,hard,0.1320077975745818,0.1331815248426203,0.13590476123090323,0.1445079543957974
0.0,0.0,11.513266105135399,0.10892829325570307,0.3819689806764517,1.1151681487560519,1.1151681487560519,2.1411212016137715,1.0772186407596185,0.0,11.716808439161237,14.430869689661812,hard,0.13148180816205637,0.13278745203233663,0.1361548171489331,0.14463051695026588
0.0,0.0,10.716714740840889,0.10939068976953145,0.46585909798177105,1.097087052152198,1.097087052152198,2.164162655624572,1.0137060717979351,0.0,10.557196597582145,14.430869689661812,hard,0.13290262972075187,0.13308930442432612,0.1361677536624755,0.14509079367604177
0.0,0.0,17.034787465788693,0.10952700990464663,0.43833919842307884,1.097087052152198,1.097087052152198,2.164162655624572,1.0137060717979351,0.0,11.146299834474219,14.430869689661812,hard,0.13400589310949854,0.1329931563192133,0.1360429071139026,0.14499073608688007
0.0,0.0,13.704476300580524,0.10968206833264184,0.41449346130640524,1.097087052152198,1.097087052152198,2.164162655624572,1.0137060717979351,0.0,12.592394530032802,14.430869689661812,hard,0.13548361863806133,0.1329861321510546,0.1358965395005039,0.14481796856978116
0.0,0.0,16.366453373787927,0.1093992797432252,0.4085623187324422,1.1115754585272202,1.1115754585272202,2.174028518672191,0.9228217596047461,0.0,15.551835904484074,14.430869689661812,hard,0.13587810488501464,0.13306136416288222,0.13525030382113506,0.14428681660735984
0.0,0.0,19.971656665169167,0.10940629778581493,0.3867275160947198,1.1115754585272202,1.1115754585272202,2.174028518672191,0.9228217596047461,0.0,10.852188719332151,14.430869689661812,hard,0.13661830169760975,0.1331905236574319,0.1350526369596488,0.1440487672837938
0.0,0.0,14.790341474644446,0.10964075926051467,0.39910645490494717,1.1115754585272202,1.1115754585272202,2.210972636646596,0.9228217596047461,0.0,13.808692914247894,14.430869689661812,hard,0.13692328679628427,0.13376741909924703,0.13499850203681246,0.14401426324685934
0.0,0.0,12.368633418052621,0.10985732761823891,0.37644458565813305,1.131370849898476,1.131370849898476,2.210972636646596,0.9499473669630334,0.0,7.890982194885501,14.430869689661812,hard,0.13731413203924822,0.13416020966248918,0.1351450504216899,0.1440256037354785
0.0,0.0,6.157782346592971,0.11002394597649161,0.407197897319853,1.116422858956229,1.116422858956229,2.2021807373601288,0.980612053770501,0.0,5.3933662957377555,14.430869689661812,hard,0.1380147708568389,0.1342842203295587,0.13519151580214356,0.14409206295582971
0.0,0.0,22.40283323537029,0.11066714180862652,0.4533976012317475,1.116422858956229,1.116422858956229,2.2289908030317216,1.0087616170334794,0.0,22.518578996020153,14.430869689661812,hard,0.13870331027223032,0.13516246302120313,0.13560382710646912,0.14415034221534956
0.0,0.0,13.77089389486106,0.11092627746544731,0.4812551309062279,1.1173182178770737,1.1173182178770737,2.2374986033515194,1.074988372030135,0.0,13.733535597216033,14.430869689661812,hard,0.13910315508794288,0.13561235381135572,0.13601377401987202,0.14443658689146727
0.0,0.0,19.131653758739674,0.11116814062896282,0.46752258872527763,1.0814804667676619,1.0814804667676619,2.2374986033515194,1.0983624174196784,0.0,17.536293793159377,14.430869689661812,hard,0.1393228612195994,0.13594816895186132,0.13602452272465773,0.1443844244168213
0.0,0.0,15.314527780900823,0.1111209843918336,0.43434136268911205,1.044030650891055,1.044030650891055,2.2374986033515194,1.1532562594670797,0.0,14.614732293134898,14.430869689661812,hard,0.13960866886240014,0.13605638380912577,0.13537193903175007,0.14419669467556484
0.0,0.0,17.525461508430492,0.11164169697275042,0.4322732368217327,1.043839068055991,1.043839068055991,2.2723556059736776,1.2,0.0,17.22676986553196,14.430869689661812,hard,0.1407298682102254,0.13717805077447,0.13507100940056926,0.1444997387441926
0.0,0.0,11.087545209757593,0.11205443555000283,0.4307060500697021,1.043839068055991,1.043839068055991,2.2715633383201093,1.2126005112979295,0.0,11.048692230304908,14.430869689661812,hard,0.14090181003934255,0.13790771760774057,0.135359160622858,0.14465579479153606
0.0,0.0,17.30385925218231,0.112543304861785,0.45621882614994486,1.0814804667676619,1.0814804667676619,2.294428033301546,1.2489995996796797,0.0,17.797258215803915,14.430869689661812,hard,0.1423710602179111,0.13863549239447104,0.1354681828768351,0.14444345357330882
0.0,0.0,12.889346312393348,0.11288798686835391,0.4413442093358585,1.0630145812734648,1.0630145812734648,2.294428033301546,1.26,0.0,12.427405199799354,14.430869689661812,hard,0.14304410760320097,0.1388324863313971,0.13595937004251082,0.14440110542513385
0.0,0.0,7.722825229293171,0.11298252548923338,0.48050098926903556,1.043839068055991,1.043839068055991,2.3259406699226015,1.2547509713086498,0.0,6.806496896348371,14.430869689661812,hard,0.14303385009419892,0.13892041472015876,0.13617313837298475,0.14444771925087868
0.0,0.0,18.954898456419404,0.11283459833722902,0.45288500866726233,1.043264108459598,1.043264108459598,2.3259406699226015,1.2650691680694774,0.0,14.168923741766699,14.430869689661812,hard,0.1431815291494257,0.1391677755548557,0.1356140987149955,0.14430305037982555
0.0,0.0,6.184949045137907,0.11297951994364826,0.43207363756664857,1.0438390680559912,1.0438390680559912,2.3259406699226015,1.2302845199383758,0.0,5.10858101629014,14.430869689661812,hard,0.14341058575030538,0.139339354313088,0.13583554274650028,0.1443389613246368
0.0,0.0,9.487184556049726,0.11301961628759805,0.4039266703258414,1.0041912168506553,1.0041912168506553,2.3259406699226015,1.2081390648431165,0.0,8.580186478160016,14.430869689661812,hard,0.14355377849657738,0.13933949806236548,0.13579050811118598,0.14432560013825313
0.0,0.0,12.242011492469528,0.11294068974963761,0.42636611215890025,1.0017983829094554,1.0017983829094554,2.358304475677388,1.1574109036984228,0.0,11.558010209374277,14.430869689661812,hard,0.14371964316477143,0.1393847773820793,0.13560999980327756,0.1441429558023911
0.0,0.0,10.320730994897788,0.11308099770522946,0.4397851392611978,0.9816312953446422,0.9816312953446422,2.34571950582332,1.1385956261992227,0.0,5.928372457934809,14.430869689661812,hard,0.14401072979843002,0.13967432282284095,0.13583918989365673,0.14392655444387556
0.0,0.0,7.953545617884063,0.1133095771193799,0.4370228372340616,0.9816312953446422,0.9816312953446422,2.360423690780958,1.1385956261992227,0.0,7.420215630289998,14.430869689661812,hard,0.14410593255786208,0.13981094345152645,0.13608126063232717,0.14395904416086275
0.0,0.0,23.096627390061293,0.11369707733688823,0.41692022207593826,0.977547952787995,0.977547952787995,2.360423690780958,1.0816653826391966,0.0,22.72761316108667,14.430869689661812,hard,0.14434792206418462,0.14040494102538442,0.13555410113277763,0.14381217217729894
0.0,0.0,11.639856104857255,0.11392230131962568,0.5399568760282623,0.9748846085563152,0.9748846085563152,2.3481056194302674,1.0322790320451152,0.0,11.69451153319368,14.430869689661812,hard,0.14427850974553177,0.1407601892041491,0.13562004557088345,0.14372354254934694
0.0,0.0,4.679764731379988,0.11397450259416517,0.5559045742226464,0.9509994742374993,0.9509994742374993,2.336578695443404,1.000199980003999,0.0,4.042969205917849,14.430869689661812,hard,0.14427759709078727,0.14082725480628397,0.13556163055160866,0.14372276725537034
0.0,0.0,7.839758426850843,0.11394927505712085,0.5245264829710234,0.9509994742374993,0.9509994742374993,2.336578695443404,1.000199980003999,0.0,6.7789084667076,14.430869689661812,hard,0.14430648276776642,0.14085123441334657,0.1355498356923359,0.14367718768179125
0.0,0.0,9.652928277092007,0.11406769714034189,0.5472024193563104,0.9329523031752481,0.9329523031752481,2.319396473223153,1.0268398122394748,0.0,10.11060829030578,14.430869689661812,hard,0.14429732604412346,0.1413042871160376,0.13552696690431337,0.14368464524524874
0.0,0.0,4.844096923138014,0.1141224556248188,0.5778145008377152,0.9219544457292888,0.9219544457292886,2.373520591863487,0.9856977224281286,0.0,4.013776276774778,14.430869689661812,hard,0.14429732604412346,0.14140279874481573,0.13556112343800744,0.14371154725033186
0.0,0.0,5.490608527815318,0.11423109929976895,0.5548244987334203,0.9219544457292888,0.9219544457292886,2.373520591863487,0.9856977224281286,0.0,4.493061317186758,14.430869689661812,hard,0.144321501524631,0.14171278722953815,0.13570368512290915,0.14373698598775334
0.0,0.0,23.236326151115613,0.11490361653331108,0.5397139125985222,0.9219544457292886,0.9219544457292888,2.3633873994755916,1.016070863670443,0.0,21.537400028787136,14.430869689661812,hard,0.14437105667760494,0.14190320270752807,0.1363247942640235,0.143911065237923
0.0,0.0,14.477691971239336,0.11507318399072765,0.5490221668075838,0.9297311439335567,0.9297311439335567,2.369472515139182,1.0630145812734648,0.0,9.63993775913517,14.430869689661812,hard,0.14436240333459968,0.14201366439108004,0.13672854693170447,0.14377222855912805
0.0,0.0,9.256176698465273,0.11523139419949609,0.5201674974013568,0.9509994742374992,0.9509994742374992,2.369472515139182,1.1065260954898442,0.0,8.723393834970423,14.430869689661812,hard,0.1444357067014728,0.14206222912446828,0.13730272252821032,0.14352901979742946
0.0,0.0,20.92848091589453,0.11601375645179801,0.5505996850689768,0.9340235543068494,0.9340235543068494,2.4248711305964283,1.1874342087037917,0.0,20.672532500881456,14.430869689661812,hard,0.14531164752681233,0.14255811618891293,0.1378773508967591,0.14312911250204766
0.0,0.0,16.622164544763073,0.11645912781172742,0.5206715457339729,0.9340235543068494,0.9340235543068494,2.4248711305964283,1.1874342087037917,0.0,16.237191875444474,14.430869689661812,hard,0.1453026145703895,0.14278718137936805,0.13857912548142065,0.143191268149284
0.0,0.0,22.682160046816904,0.11670964699746882,0.5245019459639004,0.9541488353501251,0.9541488353501251,2.427261831776704,1.24,0.0,23.183614903633988,14.430869689661812,hard,0.1455434859843511,0.142467675502337,0.13873900225987074,0.14115620587275934
0.0,0.0,19.996129289333265,0.11665808991002591,0.537316414071617,0.977547952787995,0.977547952787995,2.421239352067449,1.2529964086141667,0.0,15.077135006359795,14.430869689661812,hard,0.14558388015614343,0.14253889046084456,0.13917047457246245,0.13992580487822026
0.0,0.0,8.254107920757486,0.11673847564497129,0.5323553750076873,0.9797958971132713,0.9797958971132713,2.4067405344157895,1.2496399481450646,0.0,7.56489259672601,14.430869689661812,hard,0.14555065733932557,0.14252836720646508,0.13924829187151203,0.14000858655863724
0.0,0.0,6.549206229845884,0.11684149355505395,0.5204956160726191,0.9830564581955606,0.9830564581955606,2.4086510747719356,1.2737346662472526,0.0,5.481642089739169,14.430869689661812,hard,0.14557523391413854,0.14276965963609392,0.13941764241449822,0.13994077479247188
0.0,0.0,14.421952079676755,0.11729090574170786,0.5137145550972004,0.9624967532412771,0.9624967532412771,2.4284974778656863,1.2387090053761618,0.0,14.432255540974875,14.430869689661812,hard,0.14551389273538481,0.14309820772875204,0.1407282533816149,0.14013234621235152
0.0,0.0,16.978648169869956,0.11722345523271338,0.4865783651569051,1.0239140588936164,1.0239140588936164,2.4284974778656863,1.2206555615733703,0.0,16.794808721744943,14.430869689661812,hard,0.14531886411316455,0.14320112153996323,0.14084360983106695,0.13968938023794153
0.0,0.0,14.741573656078481,0.11728411973555838,0.4908976537127605,1.0041912168506553,1.0041912168506553,2.381260170581955,1.1732007500849972,0.0,14.856984889270096,14.430869689661812,hard,0.14508351857284,0.14315043518352796,0.1409959964865379,0.1393065963022603
0.0,0.0,22.668218046277083,0.11779846555642769,0.4710468121318693,1.0031948963187562,1.0031948963187562,2.381260170581955,1.148216007552586,0.0,18.61723932273526,14.430869689661812,hard,0.146494120644998,0.14298395878494646,0.14120164266390406,0.1395710280661284
0.0,0.0,9.867114854509571,0.11784530348231854,0.4404363237795729,0.9840731680114034,0.9840731680114034,2.381260170581955,1.1223190277278559,0.0,8.908984229416955,14.430869689661812,hard,0.1461512300104906,0.1431573274223933,0.14117295144151348,0.13944114728493356
0.0,0.0,12.707825453264594,0.1179847482589167,0.5079172957221816,1.02469507659596,1.02469507659596,2.418594633252956,1.1043550153822819,0.0,8.475399695589584,14.430869689661812,hard,0.14612803463642765,0.14322208277873857,0.14123402281748643,0.13969962464916982
0.0,0.0,11.671163967204162,0.11791511690349532,0.5357758984938802,1.0041912168506553,1.0041912168506553,2.4103111832292528,1.0278132126023678,0.0,11.064610250704721,14.430869689661812,hard,0.14603465320007844,0.14278536414045365,0.1412933582890159,0.14003652256634763
0.0,0.0,5.965357641044028,0.11792525280978337,0.5230145237745423,1.0041912168506553,1.0041912168506553,2.384617369726221,1.0278132126023678,0.0,5.838355932966061,14.430869689661812,hard,0.14593744176663442,0.14277145551251458,0.14130093547169872,0.14018369842764983
0.0,0.0,10.712637753717258,0.1180146215731751,0.5316545151593349,1.0229369482035537,1.0229369482035537,2.433105012119288,0.996794863550169,0.0,9.964436762808022,14.430869689661812,hard,0.14588095491054828,0.14281457344609122,0.14131905112962567,0.13975111428443837
0.0,0.0,9.956174326817619,0.11810904449605718,0.5024492819812438,1.043264108459598,1.043264108459598,2.433105012119288,1.02469507659596,0.0,8.548684109265006,14.430869689661812,hard,0.14580240570390537,0.14284716589800736,0.1415819470232321,0.13985830040474406
0.0,0.0,6.717984753703135,0.1180127545348541,0.4879532067564411,1.0239140588936164,1.0239140588936164,2.4322006496175432,0.9593747964169165,0.0,6.671161817854519,14.430869689661812,hard,0.14525283547021306,0.142842294034545,0.14178357068740885,0.1402295255087345
0.0,0.0,13.560571479772928,0.11808492686206463,0.5255832617312745,1.0239140588936164,1.0239140588936164,2.4787900274125683,0.9593747964169165,0.0,11.769876804792817,14.430869689661812,hard,0.14495801750042006,0.14328321924298443,0.1419367910313935,0.13926560394707044
0.0,0.0,13.968471844684167,0.11789791808823051,0.5075296132842203,1.044030650891055,1.044030650891055,2.4693318934481043,0.9937806599043876,0.0,13.424216923157939,14.430869689661812,hard,0.14482582903032235,0.14252422833401954,0.1420632967000579,0.13922962523997223
0.0,0.0,10.941014543654227,0.11834564581151338,0.4829861379367339,1.0432641084595982,1.0432641084595982,2.4693318934481043,1.044796630928718,0.0,11.124747188138704,14.430869689661812,hard,0.14481094488892937,0.14289968515493806,0.14258284962258244,0.13987765727729293
0.0,0.0,16.611434339204347,0.11873279323357783,0.4613607633007219,1.044030650891055,1.044030650891055,2.4693318934481043,1.0919706955774957,0.0,16.70043113215943,14.430869689661812,hard,0.14509176923664494,0.14346921170997062,0.14305104173039665,0.13987764940364522
0.0,0.0,23.2280069082553,0.11923008168772309,0.4837442532780683,1.02469507659596,1.02469507659596,2.5,1.1594826432508596,0.0,23.33148945095448,14.430869689661812,hard,0.14576200393405275,0.14373303602498272,0.14306300666537158,0.1397088267410873
0.0,0.0,27.302148800337907,0.11973490891587564,0.4922601151280988,1.044030650891055,1.044030650891055,2.5362176562747925,1.1981652640600127,0.0,26.58740303226323,14.430869689661812,hard,0.14504060819253542,0.14420080471278213,0.14374077510229533,0.13920877090603032
0.0,0.0,39.58801095363621,0.11994373168385052,0.4884537245771353,1.0392304845413265,1.0392304845413265,2.5421250952697036,1.2367699866992246,0.0,35.55853765272133,14.430869689661812,hard,0.14397266095918687,0.14413405959792883,0.1443230120815654,0.13811424800244676
0.0,0.0,28.484850993246074,0.12032413916965304,0.4721225533490621,1.0,1.0,2.5242028444639706,1.2649110640673518,0.0,27.920780791374728,14.430869689661812,hard,0.14405486425756087,0.1445516372247373,0.14495150553748465,0.13872401787655603
0.0,0.0,39.99850892821833,0.12025128975566533,0.46289901224793045,1.0,1.0,2.545584412271571,1.2649110640673518,0.0,33.669267886308425,14.430869689661812,hard,0.14305922297399865,0.1434761602905862,0.1453871670348548,0.1392507666879124
0.0,0.0,14.228301501987808,0.12023282512150928,0.4330621810206249,1.022936948203554,1.022936948203554,2.545584412271571,1.2768711759609894,0.0,14.075510647930328,14.430869689661812,hard,0.14277696538095608,0.1431600473948448,0.1454230325408909,0.1396338702765667
0.0,0.0,40.85772054809924,0.12072977615545823,0.41287546465515435,1.0041912168506553,1.0041912168506553,2.545584412271571,1.2688577540449522,0.0,33.82188640510757,14.430869689661812,hard,0.14163785470780338,0.14351124071887575,0.14598481451808631,0.13997583304266814
0.0,0.0,14.586341682531627,0.12069055367104718,0.41040047967738597,1.0041912168506553,1.0041912168506553,2.543147655957082,1.277654100294755,0.0,14.188178177623792,14.430869689661812,hard,0.14154276749401856,0.14360354611479048,0.145763598313248,0.14008415555165726
0.0,0.0,11.799241811730298,0.12106438029035696,0.4337804665132196,0.9830564581955606,0.9830564581955606,2.514040572464971,1.2737346662472526,0.0,11.146748404803978,14.430869689661812,hard,0.14142169570929217,0.14403015263948463,0.14639980075835915,0.1400717008333785
0.0,0.0,9.274614731887096,0.12125635934588756,0.5014190111912634,0.92,0.92,2.4609754163745725,1.2106196760337244,0.0,9.204890004774636,14.430869689661812,hard,0.14148956881512775,0.1441983409221947,0.14655498278240436,0.14022551467329739
0.0,0.0,44.757062346007714,0.1212560321670111,0.5060465218319562,0.964157663455516,0.964157663455516,2.4534873140083686,1.163443165779919,0.0,10.711563844742747,14.430869689661812,hard,0.14133624290242855,0.14428440102077986,0.14648674132892897,0.1400702955088409
