step,timestamp,reward,coverage,cov_trace,altitude,alt_idx,loop_closures,altitude_changes,frontier_count,new_cells,map_seed,difficulty,cov_alt0,cov_alt1,cov_alt2,cov_alt3
0.0,0.0,36.74418561495042,0.010082327999830366,0.01399793466077489,0.0,0.0,0.0,0.0,0.0,36.6842527523732,14.430869689661812,hard,0.03289698761697884,0.01652271355953236,0.0,0.0
0.0,0.0,32.92645196262181,0.01160474927672831,0.02678310986602604,0.0,0.0,0.0,0.0,0.0,32.73034677482046,14.430869689661812,hard,0.038541657666032986,0.017251060295243568,0.0,0.0
0.0,0.0,35.82386314812203,0.013100770042402366,0.04934364531106966,0.0,0.0,0.0,0.0,0.0,35.850244071693574,14.430869689661812,hard,0.04172909725298446,0.01835067200623426,0.0,0.0
0.0,0.0,39.01983699478841,0.014401392120794363,0.0741166992845769,0.0,0.0,0.0,0.0,0.0,37.988213961701334,14.430869689661812,hard,0.04409210530978106,0.020145093753400494,0.0,0.0
0.0,0.0,36.486965558814276,0.016680497584606928,0.10091316983996555,0.0,0.0,0.0,0.0,0.0,36.9646101020963,14.430869689661812,hard,0.049385256009455196,0.02356818058326372,0.0,0.0
0.0,0.0,42.70661309053448,0.018831024920867044,0.12945391048897867,0.0,0.0,0.0,0.0,0.0,42.384902972638734,14.430869689661812,hard,0.05508088438743333,0.026987408295370493,0.0,0.0
0.0,0.0,45.100789159112246,0.021538167220413733,0.15855129464141215,0.0,0.0,0.0,0.0,0.0,45.31940423262424,14.430869689661812,hard,0.06193007454863447,0.030556345434190422,0.0,0.0
0.0,0.0,44.46048759294998,0.02471060887761009,0.18849321591779808,0.0,0.0,0.0,0.0,0.0,43.866657041538964,14.430869689661812,hard,0.06912667122360183,0.03602305058069346,0.0,0.0
0.0,0.0,44.456562700947245,0.02739686221328565,0.21812898192703262,0.0,0.0,0.0,0.0,0.0,43.898045514578435,14.430869689661812,hard,0.07551103275179444,0.04070752008861199,0.0,0.0
0.0,0.0,46.75755754468664,0.02964052064268768,0.248002198245965,0.0,0.0,0.0,0.0,0.0,46.55588040194278,14.430869689661812,hard,0.08106853620030798,0.04442105072739134,0.0,0.0
0.0,0.0,50.74340530695878,0.03207826391888392,0.2794825127898351,0.0,0.0,0.0,0.0,0.0,45.53432112154523,14.430869689661812,hard,0.08706741308307192,0.04834963184185069,0.0,0.0
0.0,0.0,51.217195897704364,0.034491617258379396,0.31030175211778843,0.0,0.0,0.0,0.0,0.0,43.47523892976323,14.430869689661812,hard,0.09313263102465123,0.05164968355553127,0.0,0.0
0.0,0.0,50.31037555005161,0.03768879523000772,0.34225444053157666,0.0,0.0,0.0,0.0,0.0,44.78269755162143,14.430869689661812,hard,0.10080988011853358,0.05723474932045949,0.0,0.0
0.0,0.0,58.06964600933564,0.03972920695020959,0.3709955693665909,0.0,0.0,0.0,0.0,0.0,51.1044772989608,14.430869689661812,hard,0.10462908396187534,0.06153056021575446,0.0,0.0
0.0,0.0,50.95832492268776,0.04217998020173507,0.4013625259982745,0.0,0.0,0.0,0.0,0.0,43.86727253887572,14.430869689661812,hard,0.10982219060249754,0.06653073170657095,0.0,0.0
0.0,0.0,49.705323129265494,0.04486771263701107,0.43632681042645033,0.0,0.0,0.0,0.0,0.0,44.59950223937483,14.430869689661812,hard,0.11564862300314255,0.07233231207690907,0.0,0.0
0.0,0.0,48.525659885639136,0.04708650294931457,0.4650858343257703,0.0,0.0,0.0,0.0,0.0,43.34590638111055,14.430869689661812,hard,0.12079759354499255,0.07609327601333687,0.0,0.0
0.0,0.0,53.85520905917036,0.049305758381354266,0.4949477210003695,0.0,0.0,0.0,0.0,0.0,44.700286352550364,14.430869689661812,hard,0.12584138690466734,0.07992397964032501,0.0,0.0
0.0,0.0,44.84672187555523,0.05220811538626317,0.5270638666158854,0.0,0.0,0.0,0.0,0.0,43.39834559058674,14.430869689661812,hard,0.1319214302764206,0.08552493297163696,0.0,0.0
0.0,0.0,48.0693497591089,0.054816787750590436,0.5600421233301768,0.0,0.0,0.0,0.0,0.0,40.308688889617834,14.430869689661812,hard,0.13747765501787132,0.09054519080978701,0.0,0.0
0.0,0.0,50.856809316354465,0.05747280173282433,0.5928402485304561,0.0,0.0,0.0,0.0,0.0,43.931601382148585,14.430869689661812,hard,0.14368197481856299,0.09521768010224847,0.0,0.0
0.0,0.0,49.6195719557263,0.059491016727010314,0.6260674067906887,0.0,0.0,0.0,0.0,0.0,39.95710199701675,14.430869689661812,hard,0.14784057373429185,0.09929900402266909,0.0,0.0
0.0,0.0,64.8601492263745,0.05828598768264431,0.6454925973893804,0.19595917942265428,0.19595917942265428,0.0,0.19595917942265428,0.0,60.18385497789253,14.430869689661812,hard,0.15117737284760124,0.0976691376266999,0.014423317786159361,0.0
0.0,0.0,83.97939488724633,0.05555408815911925,0.6511629888830526,0.3,0.3,0.0,0.3,0.0,76.37419459477134,14.430869689661812,hard,0.15499954410990047,0.09271237896015018,0.024152718647996372,0.0
0.0,0.0,60.16255215070329,0.055048679969644444,0.6716616520277597,0.3,0.3,0.0,0.3,0.0,53.72627290255672,14.430869689661812,hard,0.1568531408735519,0.09199259792153287,0.029588721560308034,0.0
0.0,0.0,57.55758285696952,0.05550088698081041,0.6896959765498527,0.3,0.3,0.0,0.3,0.0,53.23961307147151,14.430869689661812,hard,0.15930583093010162,0.09493550738573744,0.03626059694023227,0.0
0.0,0.0,50.76265969875553,0.05624085091840674,0.7090475156442242,0.3,0.3,0.0,0.3,0.0,44.29880811037697,14.430869689661812,hard,0.16124216228763763,0.09704879643711024,0.03986202312522807,0.0
0.0,0.0,49.41294108266608,0.05696774169751062,0.7229251735017256,0.3,0.3,0.0,0.3,0.0,48.209994814353585,14.430869689661812,hard,0.16395942558167825,0.0986375890570558,0.04440349329400563,0.0
0.0,0.0,56.200190030386004,0.05785541018429254,0.7412451598815106,0.3,0.3,0.0,0.3,0.0,49.66273854712404,14.430869689661812,hard,0.16702886378290582,0.10038751899404662,0.04931155047895449,0.0
0.0,0.0,56.47833904347459,0.05980009635380246,0.7590818135428733,0.3,0.3,0.0,0.3,0.0,52.857710884978744,14.430869689661812,hard,0.16999065213973946,0.10487401388236837,0.05393106124621875,0.0
0.0,0.0,56.668193206225745,0.06062124802672485,0.7709606180956466,0.3,0.3,0.0,0.3,0.0,51.29795317554103,14.430869689661812,hard,0.171847791362031,0.10675928277021922,0.05919182036310664,0.0
0.0,0.0,55.07086280665237,0.06140465590079684,0.781593071253393,0.3,0.3,0.0,0.3,0.0,46.57805921246612,14.430869689661812,hard,0.1727762306793408,0.10961224153414298,0.06368827908478131,0.0
0.0,0.0,41.05812447005322,0.06284337458800306,0.7987008848278413,0.3,0.3,0.0,0.3,0.0,40.75727665092456,14.430869689661812,hard,0.1734447209730685,0.11337210799385072,0.06727487562333657,0.0
0.0,0.0,45.04282115957688,0.06490489519853782,0.8141011245472838,0.3,0.3,0.0,0.3,0.0,44.16150359759051,14.430869689661812,hard,0.17565609746413072,0.11873771019876711,0.07040572871710406,0.0
0.0,0.0,44.97171512456893,0.06634530768909311,0.8325620829840935,0.3,0.3,0.0,0.3,0.0,44.14902490429432,14.430869689661812,hard,0.17835925711076417,0.12114595961536785,0.07225761588660062,0.0
0.0,0.0,34.593740800304595,0.06746786138445036,0.8512703619006127,0.3,0.3,0.0,0.3,0.0,30.15416389157557,14.430869689661812,hard,0.18077470055478234,0.12333292569429997,0.07312200302874047,0.0
0.0,0.0,34.55673114285717,0.06877635063649477,0.864731813296622,0.3,0.3,0.0,0.3,0.0,34.278529723428925,14.430869689661812,hard,0.1821041512556314,0.12581615483017922,0.07396341353751557,0.0
0.0,0.0,41.57991337530961,0.06989630651198,0.8796416289760343,0.3,0.3,0.0,0.3,0.0,37.942277211574954,14.430869689661812,hard,0.1833998234338203,0.1291100646325465,0.07543712885217077,0.0
0.0,0.0,42.56117549371805,0.07107711268064626,0.8953802772394166,0.3,0.3,0.0,0.3,0.0,42.26925123538386,14.430869689661812,hard,0.18428048554117002,0.13181993126891398,0.07743521376102173,0.0
0.0,0.0,47.169618590400354,0.07223145430582281,0.9163356764791667,0.3,0.3,0.0,0.3,0.0,39.249132474489166,14.430869689661812,hard,0.1857425443972981,0.1347249970501394,0.07865910208907613,0.0
0.0,0.0,27.826213739345203,0.07238411871933484,0.9259679995709017,0.3,0.3,0.0,0.3,0.0,27.073234014428348,14.430869689661812,hard,0.1853993635249389,0.1353248593147264,0.07990425425218725,0.0
0.0,0.0,37.510406680758805,0.07223586569661614,0.9384766871529505,0.3,0.3,0.0,0.3,0.0,37.550717702861554,14.430869689661812,hard,0.18415916871022286,0.13640456120775254,0.08148600429825952,0.0
0.0,0.0,51.26313474606552,0.07195593044800183,0.9518420119908219,0.3,0.3,0.0,0.3,0.0,43.11699896792448,14.430869689661812,hard,0.18346684586613055,0.13581153374873914,0.08359168552565925,0.0
0.0,0.0,46.88226931033872,0.0720388128395229,0.9652406484353937,0.3,0.3,0.0,0.3,0.0,42.83230556484206,14.430869689661812,hard,0.18312561465079955,0.1366909939448565,0.0849511081730552,0.0
0.0,0.0,42.86688569830818,0.07255778254359514,0.9754740556383094,0.3,0.3,0.0,0.3,0.0,36.085919691757894,14.430869689661812,hard,0.18302686276167598,0.13809397526400075,0.087166107784435,0.0
0.0,0.0,42.14978688828296,0.07320137333451052,0.9758123442582066,0.32496153618543844,0.3249615361854384,0.0,0.3249615361854384,0.0,39.81336961373654,14.430869689661812,hard,0.1835776506679692,0.13903613662441872,0.08942542871073104,0.0
0.0,0.0,45.88183509609447,0.07402932649272213,0.9743549170090979,0.3469870314579494,0.3469870314579494,0.0,0.3469870314579494,0.0,40.51368163966341,14.430869689661812,hard,0.1848403897379688,0.1404221277069578,0.09220571751670409,0.0
0.0,0.0,55.796830767691986,0.07432223944199604,0.9731930419777222,0.4,0.4,0.0,0.4,0.0,43.23928306528683,14.430869689661812,hard,0.18514162362710126,0.1414702267337346,0.09455352308371931,0.0
0.0,0.0,54.96636133285201,0.07426680726942574,0.9716658231783333,0.4,0.4,0.0,0.4,0.0,51.18726794819195,14.430869689661812,hard,0.18477410924451537,0.14244420155125034,0.09630232326755513,0.0
0.0,0.0,50.63976543497108,0.07496257593109097,0.969070756852772,0.4,0.4,0.0,0.4,0.0,48.39747514075502,14.430869689661812,hard,0.1851635156274496,0.14461238540485788,0.098977662641708,0.0
0.0,0.0,38.49922744850571,0.07582931601275252,0.9685124749878905,0.4,0.4,0.0,0.4,0.0,38.12206185399735,14.430869689661812,hard,0.1870231164695794,0.14603618740104332,0.10108362717779762,0.0
0.0,0.0,36.8073566817185,0.07721774109701855,0.9699819157045315,0.4,0.4,0.0,0.4,0.0,33.19193275481257,14.430869689661812,hard,0.1893765072861722,0.14846494065944052,0.10321755821421585,0.0
0.0,0.0,53.72428166367699,0.08014579761464186,0.9737082071130704,0.4,0.4,0.0,0.4,0.0,52.316635977478526,14.430869689661812,hard,0.19275011420327084,0.15380220785474333,0.10753965107206893,0.0
0.0,0.0,50.87503631170634,0.08205094284167087,0.9729131515952611,0.4,0.4,0.0,0.4,0.0,44.5046918874853,14.430869689661812,hard,0.19482824537355026,0.1572265505960447,0.11200693132356439,0.0
0.0,0.0,38.65024698312872,0.08324948562317376,0.9725199585932474,0.4,0.4,0.0,0.4,0.0,34.452570295988075,14.430869689661812,hard,0.19632052459352772,0.15951044488008145,0.1152496313120815,0.0
0.0,0.0,36.16587366696428,0.0848065286646567,0.9718347413485029,0.4,0.4,0.0,0.4,0.0,33.64538006918632,14.430869689661812,hard,0.1987328812579995,0.1624221879951097,0.11842677098007993,0.0
0.0,0.0,39.56395197513593,0.08589196633318996,0.9667359636316653,0.4,0.4,0.0,0.4,0.0,39.47759364500324,14.430869689661812,hard,0.199727211655526,0.1660434093485942,0.11970532528243204,0.0
0.0,0.0,36.34528834863463,0.08652350363353536,0.9584817992594328,0.4,0.4,0.0,0.4,0.0,36.11615151147752,14.430869689661812,hard,0.20088541106773808,0.16804449609881128,0.12114214718172221,0.0
0.0,0.0,59.24277093841528,0.08736545537581251,0.9512249021578261,0.4,0.4,0.0,0.4,0.0,53.402400695099836,14.430869689661812,hard,0.2002698514622102,0.16959771760988002,0.12555916288089944,0.0
0.0,0.0,43.372465326402875,0.08793752816750255,0.9463437530866575,0.4,0.4,0.0,0.4,0.0,43.07036568221821,14.430869689661812,hard,0.2008117648691679,0.17063382346836933,0.12830361419050967,0.0
0.0,0.0,59.646229753804185,0.0893778953851416,0.9448647927658129,0.4,0.4,0.0,0.4,0.0,56.9695532719013,14.430869689661812,hard,0.20067242909609023,0.17232510045739524,0.13285189003574022,0.0
0.0,0.0,37.41862851364473,0.09029962211134784,0.9433607415489447,0.4,0.4,0.0,0.4,0.0,36.76735508572788,14.430869689661812,hard,0.20031662340252662,0.17346251904609672,0.1358959006089496,0.0
0.0,0.0,41.342042032593014,0.09086186357032507,0.9397616559209638,0.4,0.4,0.0,0.4,0.0,41.43542445782353,14.430869689661812,hard,0.19955163329211556,0.17386953137770628,0.13921901658050154,0.0
0.0,0.0,44.937022693050864,0.09141650493472563,0.934388688055322,0.4,0.4,0.0,0.4,0.0,42.27447929898132,14.430869689661812,hard,0.1980568804255803,0.17379032991187154,0.14346403701080254,0.0
0.0,0.0,47.44090162488666,0.09158621219454129,0.925281754713806,0.4,0.4,0.0,0.4,0.0,41.61968764899612,14.430869689661812,hard,0.19560149124864232,0.17377397482706858,0.14709710246599794,0.0
0.0,0.0,39.1976643208008,0.09218133195888895,0.9198660337927498,0.4,0.4,0.0,0.4,0.0,37.15812697109476,14.430869689661812,hard,0.19565603822818023,0.1745899198089862,0.14962459562533817,0.0
0.0,0.0,55.09939622305404,0.09258953109041344,0.9156419946514063,0.4,0.4,0.0,0.4,0.0,46.78709651175204,14.430869689661812,hard,0.19491099865379657,0.17447201421334246,0.15342450730766843,0.0
0.0,0.0,41.680982547587,0.09327861545862562,0.9121272527823543,0.4,0.4,0.0,0.4,0.0,39.04829829838939,14.430869689661812,hard,0.1942716940540065,0.17563332977458143,0.15661638908904987,0.0
0.0,0.0,61.11792646628379,0.09411139529473038,0.9057054927496906,0.4,0.4,0.0,0.4,0.0,46.6514565689004,14.430869689661812,hard,0.19332939978684194,0.17713949957689445,0.15962409474061282,0.0
0.0,0.0,54.76407659556484,0.09450235085832068,0.895498260393361,0.46,0.46,0.0,0.46,0.0,50.50901305707724,14.430869689661812,hard,0.193376289001911,0.17862714041939343,0.16196967974141788,0.010195503421309876
0.0,0.0,40.439032309527306,0.09444740100231248,0.8792669444866351,0.47159304490206383,0.47159304490206383,0.0,0.47159304490206383,0.0,39.004353603155636,14.430869689661812,hard,0.19342525485368847,0.17869229831112193,0.164320994007334,0.010195503421309876
0.0,0.0,42.75225358571563,0.0951891910408847,0.8703337274054616,0.4915282290977803,0.4915282290977803,0.0,0.4915282290977803,0.0,37.26103058156068,14.430869689661812,hard,0.19341860102560837,0.17977265180555702,0.16638162903754453,0.010195503421309876
0.0,0.0,50.30837453459299,0.09483903304718713,0.8519950258568418,0.5,0.49999999999999994,0.0,0.49999999999999994,0.0,45.05138843587398,14.430869689661812,hard,0.19248986277121857,0.1793602175074956,0.16858574481298114,0.010195503421309876
0.0,0.0,45.25118011657411,0.09592535641221815,0.8443517927986128,0.5075431016179808,0.5075431016179808,0.0,0.5075431016179808,0.0,43.96478590872473,14.430869689661812,hard,0.1914616861905593,0.18060375589942973,0.17197511659062734,0.010195503421309876
0.0,0.0,50.68179635530974,0.09651330008437531,0.834594281243892,0.5141984052872977,0.5141984052872977,0.0,0.5141984052872977,0.0,46.242270705491954,14.430869689661812,hard,0.19088800109663837,0.18084258473489712,0.17473391579460668,0.010195503421309876
0.0,0.0,51.387633188693954,0.09772282223801809,0.8277393358324221,0.5141984052872977,0.5141984052872977,0.0,0.5141984052872977,0.0,47.344613209952406,14.430869689661812,hard,0.19007136241902298,0.1818755606858278,0.17826489053047212,0.010195503421309876
0.0,0.0,40.530561825526696,0.09917494090833412,0.8213950620537173,0.5141984052872977,0.5141984052872977,0.0,0.5141984052872977,0.0,40.42189505701087,14.430869689661812,hard,0.18991677552237812,0.18378174355423574,0.18156138501308758,0.010195503421309876
0.0,0.0,47.13352936867919,0.10054441359224399,0.8146539631609305,0.5141984052872977,0.5141984052872977,0.0,0.5141984052872977,0.0,46.0733154873838,14.430869689661812,hard,0.18937611430846693,0.18626610093227497,0.18383900394604386,0.010195503421309876
0.0,0.0,47.90296401795124,0.1016760761025699,0.8077574796053816,0.5141984052872977,0.5141984052872977,0.0,0.5141984052872977,0.0,48.01676790455601,14.430869689661812,hard,0.1888510308139331,0.18749582271294518,0.1872278394440842,0.010195503421309876
0.0,0.0,45.86627147325822,0.10270734968944646,0.8021669765592134,0.5141984052872977,0.5141984052872977,0.0,0.5141984052872977,0.0,42.54056417115316,14.430869689661812,hard,0.18817286727625135,0.18915848368014257,0.19021148798699336,0.010195503421309876
0.0,0.0,38.89983132555509,0.10394103007944742,0.7973705713451844,0.5141984052872977,0.5141984052872977,0.0,0.5141984052872977,0.0,38.51349893219259,14.430869689661812,hard,0.18783588035623178,0.19021034854581267,0.19377104426699807,0.010195503421309876
0.0,0.0,24.260558312785715,0.10437003349012063,0.7939632984467683,0.5141984052872977,0.5141984052872977,0.0,0.5141984052872977,0.0,23.47697595517787,14.430869689661812,hard,0.1876227494004771,0.1905817146764416,0.1958630137954613,0.010195503421309876
0.0,0.0,45.709105444271145,0.10594097066472555,0.7922938597791832,0.5141984052872977,0.5141984052872977,0.0,0.5141984052872977,0.0,45.406911368204725,14.430869689661812,hard,0.18835053074377298,0.19256537907334823,0.19864295160061293,0.010195503421309876
0.0,0.0,42.026071716782674,0.10703690642446341,0.7924410917257944,0.5141984052872977,0.5141984052872977,0.0,0.5141984052872977,0.0,41.60748009673261,14.430869689661812,hard,0.18921963312594822,0.19356180726194316,0.201694186939664,0.010195503421309876
0.0,0.0,43.7434943846955,0.10853354561012338,0.7921648561743851,0.5141984052872977,0.5141984052872977,0.0,0.5141984052872977,0.0,43.58646120069855,14.430869689661812,hard,0.19004707187690037,0.19503495462224918,0.20445417285048767,0.010195503421309876
0.0,0.0,28.006150225674993,0.10920849705183164,0.7922629119046596,0.5141984052872977,0.5141984052872977,0.0,0.5141984052872977,0.0,28.387609973366903,14.430869689661812,hard,0.190144782112503,0.1961831919547354,0.20643633466522918,0.010195503421309876
0.0,0.0,42.37559858086227,0.10995755234845339,0.7931427238600469,0.5141984052872977,0.5141984052872977,0.0,0.5141984052872977,0.0,42.13264767374583,14.430869689661812,hard,0.1901143085419507,0.19672706875260282,0.20883196607242105,0.010195503421309876
0.0,0.0,32.65652442618382,0.1101490950728631,0.7940411940013848,0.5141984052872977,0.5141984052872977,0.0,0.5141984052872977,0.0,32.58589265310987,14.430869689661812,hard,0.18957853268908084,0.19651472341839488,0.21073568054113698,0.010195503421309876
0.0,0.0,28.913329021498033,0.11038348578038272,0.8001244987689534,0.5141984052872977,0.5141984052872977,0.13999999999999999,0.5141984052872977,0.0,29.064865387611896,14.430869689661812,hard,0.18951583849416365,0.1964142161618456,0.21235084947485414,0.010195503421309876
0.0,0.0,33.17371984080975,0.11024333493007805,0.8000366205193995,0.5141984052872977,0.5141984052872977,0.13999999999999999,0.5141984052872977,0.0,30.892646374177787,14.430869689661812,hard,0.1897430008084913,0.19593525566775216,0.21299780637773733,0.010195503421309876
0.0,0.0,31.65601477385081,0.11066531782988202,0.7997486330682392,0.5141984052872977,0.5141984052872977,0.13999999999999999,0.5141984052872977,0.13999999999999999,30.19719192242881,14.430869689661812,hard,0.19053888627681018,0.195948067521121,0.21511159839697028,0.010195503421309876
0.0,0.0,43.05617226227729,0.11088944523107189,0.7960117169236657,0.5919459434779497,0.5919459434779497,0.13999999999999999,0.5919459434779497,0.5599999999999999,38.39077493356965,14.430869689661812,hard,0.19096604031105036,0.19606675631920528,0.21739953087116543,0.023401759530791783
0.0,0.0,41.852907412939,0.10984745687792319,0.7872104483199229,0.6289674077406555,0.6289674077406555,0.13999999999999999,0.6289674077406555,0.5599999999999999,38.98783912965683,14.430869689661812,hard,0.19116202285854295,0.1961770135538524,0.2180614791072615,0.030662610346068053
0.0,0.0,40.86370162733536,0.11020667859581643,0.7864643883593893,0.66332495807108,0.66332495807108,0.13999999999999999,0.66332495807108,0.5599999999999999,38.75688841999574,14.430869689661812,hard,0.19135667411844665,0.196935987715002,0.21886711976468692,0.035464461373856594
0.0,0.0,44.36115498765083,0.10982415029471511,0.7754214419694864,0.6954135460285484,0.6954135460285484,0.13999999999999999,0.6954135460285484,0.5599999999999999,40.209332250113285,14.430869689661812,hard,0.19189865119778893,0.19777151012112731,0.2197174046387566,0.0387075392905624
0.0,0.0,51.25506550110081,0.1098966451667945,0.7759355174832202,0.7255342858886822,0.7255342858886822,0.13999999999999999,0.7255342858886822,0.5599999999999999,47.20478365589656,14.430869689661812,hard,0.19196535656634547,0.19833039809181635,0.2206187928680008,0.04290366301444271
0.0,0.0,36.192302314934196,0.10987705896423425,0.7762735658948762,0.72691127381545,0.72691127381545,0.13999999999999999,0.72691127381545,0.5599999999999999,34.881634136032105,14.430869689661812,hard,0.19223646961122529,0.1989543939929505,0.22090582739162024,0.04576083068034346
0.0,0.0,34.7440649575848,0.10987861904498528,0.7765580402586042,0.72691127381545,0.72691127381545,0.13999999999999999,0.72691127381545,0.5599999999999999,34.242289643071466,14.430869689661812,hard,0.1925578264133566,0.19951086396368575,0.22134252985949,0.049262850305219985
0.0,0.0,32.83997890875869,0.10939026008908466,0.7660607015765669,0.7547184905645282,0.7547184905645282,0.13999999999999999,0.7547184905645282,0.5599999999999999,30.180125910936823,14.430869689661812,hard,0.19276208114380602,0.1997372161551141,0.2219528216077074,0.051918071440746415
0.0,0.0,25.17537682158733,0.10950053446132538,0.7658701210362336,0.7547184905645282,0.7547184905645282,0.13999999999999999,0.7547184905645282,0.5599999999999999,22.13504009483606,14.430869689661812,hard,0.19280432886122756,0.19999882878870642,0.22250429721618847,0.05700548235719543
0.0,0.0,40.80534700036101,0.10973506318519957,0.7659168046947925,0.7547184905645282,0.7547184905645282,0.13999999999999999,0.7547184905645282,0.5599999999999999,29.893651499942255,14.430869689661812,hard,0.19286350485550688,0.20040771589008707,0.2231533534340231,0.06590145786392218
0.0,0.0,26.019501311237992,0.11014867496358752,0.7662267767716121,0.7547184905645282,0.7547184905645282,0.13999999999999999,0.7547184905645282,0.5599999999999999,25.30909717868261,14.430869689661812,hard,0.19300680773972548,0.20106912498601923,0.22404461142938872,0.07160863174792988
0.0,0.0,22.169183228595585,0.11055519383119021,0.766288307228604,0.7547184905645282,0.7547184905645282,0.13999999999999999,0.7547184905645282,0.5599999999999999,21.934228958411097,14.430869689661812,hard,0.19312344368997092,0.2016725916615177,0.2247212362251509,0.07634377215303689
0.0,0.0,24.470861501456294,0.11104493282058708,0.7662967838173473,0.7547184905645282,0.7547184905645282,0.13999999999999999,0.7547184905645282,0.5599999999999999,23.1721902288066,14.430869689661812,hard,0.1933705301624744,0.202489882543297,0.22549283947273072,0.0799576804820667
0.0,0.0,20.817575625454364,0.11159457366227556,0.7663881596717235,0.7547184905645282,0.7547184905645282,0.13999999999999999,0.7547184905645282,0.5599999999999999,20.639389525855652,14.430869689661812,hard,0.19356764367551318,0.2028928523351632,0.2269105387422507,0.08290998167410026
0.0,0.0,22.064980859956222,0.11212082311273326,0.7610870880234408,0.7547184905645282,0.7547184905645282,0.13999999999999999,0.7547184905645282,0.5599999999999999,21.335425939033886,14.430869689661812,hard,0.1937316038921189,0.2033145266218349,0.22955544860144061,0.0848681458602823
0.0,0.0,36.47022665183364,0.11299147700891062,0.7609947569055712,0.7547184905645282,0.7547184905645282,0.13999999999999999,0.7547184905645282,0.5599999999999999,36.29393337735661,14.430869689661812,hard,0.19403189195060105,0.20417633476650643,0.2318256293573394,0.08646345841002889
0.0,0.0,37.44435477689096,0.11378083582435762,0.7607106960809241,0.7547184905645282,0.7547184905645282,0.13999999999999999,0.7547184905645282,0.5599999999999999,35.46793481442076,14.430869689661812,hard,0.19418719551042235,0.2043067144737727,0.2338379779345914,0.09086926399192909
0.0,0.0,32.803650567598986,0.11459310176057502,0.7607027024250483,0.7547184905645282,0.7547184905645282,0.13999999999999999,0.7547184905645282,0.5599999999999999,28.55195965253524,14.430869689661812,hard,0.1943826396613103,0.2047309405112644,0.2354088342764499,0.09465199912260594
0.0,0.0,42.231541294116276,0.1154333453392077,0.7601797503924952,0.7547184905645282,0.7547184905645282,0.13999999999999999,0.7547184905645282,0.5599999999999999,31.404770338278226,14.430869689661812,hard,0.1950021159675406,0.20566912242594568,0.23710826495619067,0.0974672348292905
0.0,0.0,27.160256970653307,0.11603642967453276,0.7600397251321162,0.7547184905645282,0.7547184905645282,0.13999999999999999,0.7547184905645282,0.5599999999999999,26.93743863102058,14.430869689661812,hard,0.19554980503006095,0.20613783121936965,0.23838937241538025,0.09802909872494008
0.0,0.0,59.80069816846076,0.11744594375250865,0.7600392767894633,0.7547184905645282,0.7547184905645282,0.13999999999999999,0.7547184905645282,0.5599999999999999,54.67504000913031,14.430869689661812,hard,0.19604350421337507,0.20673201271787778,0.24169275782452881,0.10691562175234164
0.0,0.0,26.986666179581484,0.11822927213248055,0.7599602039368168,0.7547184905645282,0.7547184905645282,0.13999999999999999,0.7547184905645282,0.5599999999999999,26.719700597124962,14.430869689661812,hard,0.196577829273317,0.20757065609131534,0.24360369872593024,0.10890542776453999
0.0,0.0,34.06413496827863,0.11941505029990725,0.7596283027878863,0.7547184905645282,0.7547184905645282,0.13999999999999999,0.7547184905645282,0.5599999999999999,34.49063061180529,14.430869689661812,hard,0.1965119743682467,0.20827727684768163,0.24636140514318985,0.11280892710932347
0.0,0.0,49.14384203282786,0.11977274331064859,0.7494563786431884,0.806225774829855,0.806225774829855,0.13999999999999999,0.806225774829855,0.5599999999999999,43.85540331589712,14.430869689661812,hard,0.19683313681182243,0.20911832716421536,0.24912358053854358,0.11612964989746709
0.0,0.0,41.53331453690624,0.12049048969116706,0.7457824689846106,0.806225774829855,0.806225774829855,0.13999999999999999,0.806225774829855,0.5599999999999999,40.7236589711681,14.430869689661812,hard,0.1966206253500062,0.20970020094029587,0.2529021093455616,0.11932905802676098
0.0,0.0,44.930911053697294,0.12031922916402006,0.7302111726373681,0.8541662601625051,0.8541662601625051,0.13999999999999999,0.8541662601625051,0.5599999999999999,42.719218157639546,14.430869689661812,hard,0.19638387195810508,0.2098881124760747,0.2565969083404287,0.12298396733854225
0.0,0.0,40.17308718489879,0.11993826366985959,0.720134007202931,0.8541662601625051,0.8541662601625051,0.13999999999999999,0.8541662601625051,0.5599999999999999,39.741570175321456,14.430869689661812,hard,0.1961163192635098,0.21006416049966115,0.2584843659298612,0.12821346066173264
0.0,0.0,30.071265402825752,0.11985388571882374,0.7108148803054258,0.8541662601625051,0.8541662601625051,0.13999999999999999,0.8541662601625051,0.5599999999999999,29.77301462734333,14.430869689661812,hard,0.19591665173962092,0.20998685514914903,0.26024724490734963,0.13275397896202085
0.0,0.0,43.77239961798567,0.12018849294009691,0.7009992082595172,0.8541662601625051,0.8541662601625051,0.13999999999999999,0.8541662601625051,0.5599999999999999,43.48281959578978,14.430869689661812,hard,0.19580665811551465,0.20997559225549836,0.2630514234512808,0.13728582330058922
0.0,0.0,53.66717080354541,0.12013221808768901,0.6920612744911996,0.8944271909999159,0.8944271909999159,0.13999999999999999,0.8944271909999159,0.5599999999999999,46.43981481444559,14.430869689661812,hard,0.1957497988140793,0.20990055406864558,0.2647203969341547,0.13961243299689152
0.0,0.0,40.65359508484128,0.11974442882580284,0.6845124220399667,0.8890444308357148,0.8890444308357147,0.13999999999999999,0.8890444308357147,0.5599999999999999,38.0152600938097,14.430869689661812,hard,0.19576722882149683,0.2101494020030329,0.26464177834365016,0.14181949338135752
0.0,0.0,36.74510664385003,0.11994497400334064,0.6764191585603324,0.8890444308357148,0.8890444308357147,0.13999999999999999,0.8890444308357147,0.5599999999999999,36.23689280277767,14.430869689661812,hard,0.19581302883538543,0.2104710867140056,0.26587300611204134,0.14447831936497965
0.0,0.0,38.71819010993974,0.12055316423366459,0.6694370579126743,0.885663593019381,0.8856635930193811,0.13999999999999999,0.8856635930193811,0.5599999999999999,36.704571922309626,14.430869689661812,hard,0.1959486614263532,0.21090073374907667,0.2676269259189216,0.14719356655383997
0.0,0.0,41.986252799092846,0.11971126354813875,0.649401214808972,0.8774964387392122,0.8774964387392122,0.13999999999999999,0.8774964387392122,0.5599999999999999,34.98116064398092,14.430869689661812,hard,0.1962509514210639,0.20963458053581832,0.26739045485468543,0.14936825000506987
0.0,0.0,33.18638450847605,0.11940845889877823,0.6356989371827304,0.8774964387392122,0.8774964387392122,0.13999999999999999,0.8774964387392122,0.5599999999999999,29.655684109458676,14.430869689661812,hard,0.19646307073954183,0.20919240623813282,0.268012836937033,0.1518498844741418
0.0,0.0,34.047039840650754,0.11929572166788531,0.6212204364199739,0.8774964387392122,0.8774964387392122,0.13999999999999999,0.8774964387392122,0.5599999999999999,28.279717113153733,14.430869689661812,hard,0.19653647627499785,0.20908527705579824,0.26886211301582347,0.15561589906656562
0.0,0.0,21.46713720560792,0.11918471744208005,0.6249555099955992,0.8774964387392122,0.8774964387392122,0.19595917942265428,0.8774964387392122,0.5599999999999999,21.377792215287336,14.430869689661812,hard,0.19676526567382116,0.20930610601134939,0.26910915912583444,0.15722580138044676
0.0,0.0,31.735441239160263,0.11895744962060326,0.6250929882804495,0.8774964387392122,0.8774964387392122,0.23748684174075835,0.8774964387392122,0.5599999999999999,28.98758354882311,14.430869689661812,hard,0.19717997803695783,0.20956246877604376,0.2694244464888012,0.15967223456853502
0.0,0.0,42.56632258023807,0.11880472904104711,0.6140835684038551,0.8774964387392122,0.8774964387392122,0.23748684174075835,0.8774964387392122,0.5599999999999999,35.317763236082776,14.430869689661812,hard,0.1978410167861321,0.210068734555109,0.270327123712199,0.1618430911729939
0.0,0.0,47.12912501899046,0.11857856327347957,0.6034913227926957,0.8774964387392122,0.8774964387392122,0.23748684174075835,0.8774964387392122,0.5599999999999999,47.40928179164919,14.430869689661812,hard,0.19834976592682732,0.21012407305899305,0.27183611226454524,0.1645625164704097
0.0,0.0,37.267815483213866,0.11832393669148078,0.5929955904390594,0.8774964387392122,0.8774964387392122,0.23748684174075835,0.8774964387392122,0.5599999999999999,31.988929335005885,14.430869689661812,hard,0.19869185974879197,0.21017456049935132,0.2732419561232796,0.16644781820760973
0.0,0.0,38.46598848110213,0.11820232643788225,0.5837803314685314,0.8774964387392122,0.8774964387392122,0.23748684174075835,0.8774964387392122,0.5599999999999999,38.07687487176435,14.430869689661812,hard,0.19913176734655727,0.2100817223284282,0.2752635420197891,0.1705583089715258
0.0,0.0,33.90816267109065,0.11881806273708426,0.6099319578787659,0.8774964387392122,0.8774964387392122,0.2712931993250107,0.8774964387392122,0.5599999999999999,26.27241899787684,14.430869689661812,hard,0.19937729557247233,0.21043283361120804,0.2765688547471215,0.17332390544531012
0.0,0.0,20.008045159004496,0.11945448214443838,0.6068009416257624,0.8774964387392122,0.8774964387392122,0.2712931993250107,0.8774964387392122,0.5599999999999999,20.018151762837647,14.430869689661812,hard,0.19962356416169105,0.21062995026904777,0.2779620224947204,0.1756319059561819
0.0,0.0,27.906784967145935,0.11995692292161744,0.6040899408272241,0.8774964387392122,0.8774964387392122,0.2712931993250107,0.8774964387392122,0.5599999999999999,27.221175580786365,14.430869689661812,hard,0.1997888932667511,0.21105705300422534,0.2795594758955965,0.17770547918559368
0.0,0.0,12.72407026007678,0.12017906416044638,0.6018376281416467,0.8774964387392122,0.8774964387392122,0.2712931993250107,0.8774964387392122,0.5599999999999999,12.83987538880343,14.430869689661812,hard,0.19981401141661767,0.21136724963430872,0.28009416335745496,0.17830308733517816
0.0,0.0,22.592223283165367,0.12037624567469712,0.599577011507973,0.8774964387392122,0.8774964387392122,0.2712931993250107,0.8774964387392122,0.5599999999999999,21.66431166688663,14.430869689661812,hard,0.1998867844743426,0.21141632459957482,0.2810467252867612,0.18107113241462947
0.0,0.0,24.150608793927685,0.12063724628130575,0.5974464628911584,0.8774964387392122,0.8774964387392122,0.2712931993250107,0.8774964387392122,0.5599999999999999,23.99300731463232,14.430869689661812,hard,0.19990326175045722,0.211341117037405,0.2820144359877035,0.18456499231065326
0.0,0.0,18.63513984864914,0.12080690354584385,0.5959634851753318,0.8774964387392122,0.8774964387392122,0.2712931993250107,0.8774964387392122,0.5599999999999999,17.865956453545945,14.430869689661812,hard,0.19989512383801258,0.21120080736247082,0.28283379110981555,0.18739464210698795
0.0,0.0,18.82133606580849,0.12119578888036041,0.5923105710659067,0.8774964387392122,0.8774964387392122,0.2712931993250107,0.8774964387392122,0.5599999999999999,18.65904606350496,14.430869689661812,hard,0.1999136867257793,0.2111762299643456,0.2836037644158752,0.1901910209573801
0.0,0.0,31.997641526821,0.12185232047013916,0.5885728744417943,0.8774964387392122,0.8774964387392122,0.2712931993250107,0.8774964387392122,0.5599999999999999,24.82002417404141,14.430869689661812,hard,0.19994174102755596,0.21119499984828763,0.2855136166662349,0.19287447511186653
0.0,0.0,22.969426660982236,0.12230828290288638,0.5853590995400478,0.9173875952943773,0.9173875952943773,0.2712931993250107,0.9173875952943773,0.5599999999999999,22.085144328258306,14.430869689661812,hard,0.20012261410568158,0.21177047587756517,0.2865275070751824,0.1940375256397792
0.0,0.0,14.099172220092045,0.12254010347638761,0.5834257592971751,0.9173875952943773,0.9173875952943773,0.2712931993250107,0.9173875952943773,0.5599999999999999,14.153501333592336,14.430869689661812,hard,0.2001965591982225,0.21185109492229712,0.287204555221776,0.19578294462536794
0.0,0.0,9.291862222962575,0.12275461069639095,0.5814079027295487,0.9173875952943773,0.9173875952943773,0.2712931993250107,0.9173875952943773,0.5599999999999999,8.187209536832437,14.430869689661812,hard,0.20020563349158035,0.21180934020112557,0.2876716055539718,0.19731664790314973
0.0,0.0,11.815620101259253,0.12294384153083171,0.6079278995420392,0.9173875952943773,0.9173875952943773,0.36055512754639896,0.9173875952943773,0.5599999999999999,11.299557513460428,14.430869689661812,hard,0.20020563349158035,0.21156557825961453,0.2883856323406659,0.19898765777635
0.0,0.0,47.19839354063747,0.12253756638059107,0.5995540648452086,0.9228217596047461,0.9228217596047461,0.36055512754639896,0.9228217596047461,0.5599999999999999,41.860382224724134,14.430869689661812,hard,0.20020563349158035,0.21142413757153627,0.28730503086287407,0.20080619216146303
0.0,0.0,55.13139420380604,0.12167625967575536,0.5784259607307087,0.8999999999999999,0.9000000000000001,0.36055512754639896,0.9000000000000001,0.5599999999999999,46.64214403305234,14.430869689661812,hard,0.20025987834198966,0.21037974453584476,0.2843810311073539,0.20179075669508892
0.0,0.0,43.37598006640334,0.12067019181832246,0.5558586885271031,0.905317623820502,0.905317623820502,0.36055512754639896,0.905317623820502,0.5599999999999999,38.26970080886445,14.430869689661812,hard,0.20035589606618262,0.21019474064715662,0.28306669396557577,0.2024790880056759
0.0,0.0,43.09024767764133,0.12104378249353138,0.5545943492907,0.8708616422830896,0.8708616422830896,0.36055512754639896,0.8708616422830896,0.5599999999999999,37.63925610316973,14.430869689661812,hard,0.20052487998223364,0.2101437236347023,0.28212565746889406,0.20367935357584618
0.0,0.0,31.975416691593473,0.12140409531185073,0.5530680483747198,0.8708616422830896,0.8708616422830896,0.36055512754639896,0.8708616422830896,0.5599999999999999,29.88819833981299,14.430869689661812,hard,0.20052487998223364,0.20996567662995622,0.28226236404429783,0.2045852587156028
0.0,0.0,32.525446533152866,0.12188362524719229,0.5483925109177484,0.8708616422830896,0.8708616422830896,0.36055512754639896,0.8708616422830896,0.5599999999999999,32.75683134859048,14.430869689661812,hard,0.20075325977733646,0.21029629602415256,0.282492513944915,0.20574087942851008
0.0,0.0,38.001826705855,0.1221790460905053,0.5439025004768296,0.8708616422830896,0.8708616422830896,0.36055512754639896,0.8708616422830896,0.5599999999999999,37.52657191910819,14.430869689661812,hard,0.20086798506186582,0.210262271093823,0.2822490117560239,0.2067245791179568
0.0,0.0,33.081586351848415,0.12242953051546976,0.5407379680481652,0.8708616422830896,0.8708616422830896,0.36055512754639896,0.8708616422830896,0.5599999999999999,30.003439802795945,14.430869689661812,hard,0.20086051563242707,0.21032836375707034,0.2826423932054518,0.20746502807562486
0.0,0.0,33.88371310288774,0.122560891550112,0.5352668056827776,0.8708616422830896,0.8708616422830896,0.36055512754639896,0.8708616422830896,0.5599999999999999,34.092251319031426,14.430869689661812,hard,0.20083935836519143,0.20993538072602597,0.28339420880194505,0.20872372917666784
0.0,0.0,36.73857807817635,0.12257867816099799,0.5280134161213305,0.8708616422830896,0.8708616422830896,0.36055512754639896,0.8708616422830896,0.5599999999999999,36.219331854687766,14.430869689661812,hard,0.20083307642743756,0.2098016396368872,0.2839638879944179,0.20970495030659989
0.0,0.0,44.53176756441113,0.12293503221276192,0.5379482697477272,0.8708616422830896,0.8708616422830896,0.38157568056677826,0.8708616422830896,0.5744562646538028,38.69263495808989,14.430869689661812,hard,0.20091432594600409,0.20954130734170767,0.2847546335260237,0.21090489126646275
0.0,0.0,41.536351806969925,0.1238185068355974,0.52737092674657,0.8708616422830896,0.8708616422830896,0.38157568056677826,0.8708616422830896,0.5744562646538028,41.34839779241754,14.430869689661812,hard,0.2009378049573149,0.2095429671043513,0.28593739040735994,0.21330760266551638
0.0,0.0,51.17481681206398,0.12438236687107325,0.5178655596308972,0.8708616422830896,0.8708616422830896,0.38157568056677826,0.8708616422830896,0.5744562646538028,45.543688915150476,14.430869689661812,hard,0.2011391350642967,0.20937964702490883,0.2875296197674097,0.21506102412308478
0.0,0.0,46.2923311418968,0.12549062558830615,0.5089045403601477,0.8708616422830896,0.8708616422830896,0.38157568056677826,0.8708616422830896,0.5744562646538028,46.4319028255358,14.430869689661812,hard,0.20137260629689485,0.20970312387763862,0.289997275813462,0.2182079538572751
0.0,0.0,36.88060408375045,0.1257717292602102,0.4988197315447564,0.8708616422830896,0.8708616422830896,0.38157568056677826,0.8708616422830896,0.5744562646538028,36.879934924020674,14.430869689661812,hard,0.20142845831125153,0.20940659366040604,0.2916623125950169,0.22057743377929934
0.0,0.0,49.76162008849841,0.12428097515784979,0.5011557703049716,0.8708616422830896,0.8708616422830896,0.40049968789001567,0.8708616422830896,0.5744562646538028,46.39655159599687,14.430869689661812,hard,0.20134417954541978,0.20738883357930163,0.292610066736884,0.22214232039266713
0.0,0.0,45.72429241325616,0.12329852893610938,0.49061354319448836,0.8708616422830896,0.8708616422830896,0.40049968789001567,0.8708616422830896,0.5744562646538028,44.43909990087558,14.430869689661812,hard,0.20142425507539372,0.20567898762104025,0.29371815108504984,0.2240258634430941
0.0,0.0,58.63733987738219,0.12360510451606531,0.4802497616851533,0.8708616422830896,0.8708616422830896,0.40049968789001567,0.8708616422830896,0.5744562646538028,57.756606548515286,14.430869689661812,hard,0.20187214066187958,0.20465686031663227,0.29570879824663865,0.22891430651210043
0.0,0.0,44.82317249114347,0.12392857611128051,0.47116206927015014,0.8364209466530593,0.8364209466530593,0.40049968789001567,0.925418824100742,0.5744562646538028,44.65601863131105,14.430869689661812,hard,0.2018484756086984,0.20340652937595513,0.29820497771302834,0.23270993213679944
0.0,0.0,43.82003501909838,0.12412425003664314,0.4628693208621637,0.8364209466530593,0.8364209466530593,0.40049968789001567,0.925418824100742,0.5744562646538028,43.65175368756678,14.430869689661812,hard,0.20164508963782793,0.20183094656892503,0.3010253918959964,0.23588289718145294
0.0,0.0,43.121207205662515,0.12430859007499073,0.4555635311103547,0.8364209466530593,0.8364209466530593,0.40049968789001567,0.925418824100742,0.5744562646538028,38.11626949217355,14.430869689661812,hard,0.20162709557362005,0.20054789787027813,0.3030750100427729,0.23862416769227934
0.0,0.0,45.628708230261864,0.12444161549234126,0.44860311408600545,0.8364209466530593,0.8364209466530593,0.40049968789001567,0.925418824100742,0.5744562646538028,38.28171887467959,14.430869689661812,hard,0.20174853636119755,0.19998879156350824,0.30455755181104327,0.24165842133814716
0.0,0.0,37.06103182695656,0.12482667854454527,0.48491194263325305,0.8364209466530593,0.8364209466530593,0.463033476111609,0.925418824100742,0.5744562646538028,34.75963751249429,14.430869689661812,hard,0.20185819551987136,0.19949310275626564,0.30668110219684036,0.2457541476099921
0.0,0.0,55.29238714723442,0.12426160793366435,0.466791932649028,0.8581375181169975,0.8581375181169975,0.463033476111609,0.9433981132056605,0.5744562646538028,51.4808702335149,14.430869689661812,hard,0.20190256980496854,0.19928941419079507,0.30666472495940783,0.2479308403021279
0.0,0.0,54.82231941172818,0.1255740655582438,0.4622627129602384,0.8634813257969162,0.8634813257969162,0.463033476111609,0.9457272334029511,0.5744562646538028,48.60182712614825,14.430869689661812,hard,0.2021132357113497,0.19960629430264512,0.3068929141351164,0.24946078346253628
0.0,0.0,40.9473336475614,0.1258483788612336,0.44943440744652047,0.856971411425142,0.856971411425142,0.463033476111609,0.938083151964686,0.5744562646538028,37.84989299852774,14.430869689661812,hard,0.2021787724283688,0.19996981826500246,0.30661419074160884,0.25083667079265515
0.0,0.0,49.63728380301756,0.12554464840273968,0.4264021113997386,0.806225774829855,0.806225774829855,0.463033476111609,0.8856635930193811,0.5744562646538028,42.148826792687835,14.430869689661812,hard,0.20228280093471054,0.20029112721736136,0.30351132645311096,0.25055435970226536
0.0,0.0,45.04890875685867,0.1257481564943509,0.41259698521414856,0.78587530817554,0.78587530817554,0.463033476111609,0.8662563131083084,0.6209669878504009,37.84433378988194,14.430869689661812,hard,0.20204371931850792,0.20064122783831348,0.3033804678309119,0.25081585726934025
0.0,0.0,42.91778115248401,0.1266954888800074,0.39969274221793205,0.7644605941446557,0.7644605941446557,0.463033476111609,0.845931439302264,0.6209669878504009,40.047097273085846,14.430869689661812,hard,0.20200814547400014,0.201312348831647,0.3021347643500565,0.25353930860908336
0.0,0.0,37.03771142828909,0.1271051147317707,0.3869362937928914,0.7644605941446557,0.7644605941446557,0.463033476111609,0.845931439302264,0.6209669878504009,37.10245813958962,14.430869689661812,hard,0.20204387963355389,0.20158931840306657,0.30147319449199106,0.25537918366122325
0.0,0.0,33.2969981819411,0.12765225111283673,0.37630018571533214,0.7644605941446557,0.7644605941446557,0.463033476111609,0.845931439302264,0.6209669878504009,32.64230996728019,14.430869689661812,hard,0.20191033361266286,0.2015709568408083,0.3018365417046096,0.25746596070027644
0.0,0.0,35.90118369299933,0.12784175022100355,0.3667088856274806,0.7644605941446557,0.7644605941446557,0.463033476111609,0.845931439302264,0.6209669878504009,29.213976107336023,14.430869689661812,hard,0.2018262397729957,0.20116360778360093,0.30240457558097134,0.2583241934016809
0.0,0.0,37.80249690193681,0.1280356392520821,0.35745265565255363,0.7644605941446557,0.7644605941446557,0.463033476111609,0.845931439302264,0.6209669878504009,37.128646622251125,14.430869689661812,hard,0.20160151613458016,0.2007808588826328,0.3030957248681914,0.2592536178178215
0.0,0.0,31.145764343909914,0.1282045336635996,0.34946025514798307,0.7644605941446557,0.7644605941446557,0.463033476111609,0.845931439302264,0.6209669878504009,31.30028114889705,14.430869689661812,hard,0.20155725470155628,0.2002806704302189,0.3029305359982615,0.2603289928304861
0.0,0.0,40.49777134399118,0.12882403502115486,0.3427363887958846,0.7644605941446557,0.7644605941446557,0.463033476111609,0.845931439302264,0.6209669878504009,39.74832826673343,14.430869689661812,hard,0.20152976956304852,0.19950783723082188,0.3033828599925663,0.2619860091229597
0.0,0.0,38.60320779483154,0.12944905493034825,0.33694382425028185,0.7644605941446557,0.7644605941446557,0.463033476111609,0.845931439302264,0.6209669878504009,31.616299593722225,14.430869689661812,hard,0.20152801635850917,0.19875138894378594,0.30429630314655753,0.26332795962486893
0.0,0.0,54.46043557429987,0.13049914678967003,0.33243891890583926,0.7644605941446557,0.7644605941446557,0.463033476111609,0.845931439302264,0.6209669878504009,47.35244872232058,14.430869689661812,hard,0.20152801635850917,0.1980599643004451,0.3054337842545441,0.26515744760646026
0.0,0.0,40.25147527815157,0.1312554308810913,0.32703680149191516,0.7644605941446557,0.7644605941446557,0.463033476111609,0.845931439302264,0.6209669878504009,39.989123521277634,14.430869689661812,hard,0.20152629116068863,0.19668371207370305,0.3072021781327163,0.2665001895528876
0.0,0.0,42.50640156481048,0.13234127362891066,0.323772391717966,0.7644605941446557,0.7644605941446557,0.463033476111609,0.845931439302264,0.6209669878504009,37.3022733891649,14.430869689661812,hard,0.20152629116068863,0.19557301574437747,0.30919829846501523,0.26834653421928895
0.0,0.0,44.45709783992027,0.13348118428557573,0.3195702875116464,0.7644605941446557,0.7644605941446557,0.463033476111609,0.845931439302264,0.6209669878504009,44.10270286501724,14.430869689661812,hard,0.20152629116068863,0.19426476828693598,0.31086302584833164,0.27049543803106774
0.0,0.0,37.76998050798387,0.13466327239050963,0.31601094368159205,0.7644605941446557,0.7644605941446557,0.463033476111609,0.845931439302264,0.6209669878504009,37.37485785926148,14.430869689661812,hard,0.2015445156386655,0.19331063066160445,0.3127229406034935,0.27253690878997533
0.0,0.0,33.94793546645584,0.13579300052994814,0.3112684086472455,0.7644605941446557,0.7644605941446557,0.463033476111609,0.845931439302264,0.6209669878504009,34.372320259185294,14.430869689661812,hard,0.2015445156386655,0.19233571506259667,0.31406299300661233,0.2745346453227476
0.0,0.0,31.78364870131529,0.13670151444624165,0.3073057469892879,0.7644605941446557,0.7644605941446557,0.463033476111609,0.845931439302264,0.6209669878504009,29.818282982090032,14.430869689661812,hard,0.2015445156386655,0.19169704091543022,0.31546119157433355,0.2764147748496511
0.0,0.0,33.68517038912749,0.1377752342366996,0.30452825299928965,0.7644605941446557,0.7644605941446557,0.463033476111609,0.845931439302264,0.6209669878504009,33.67093108305739,14.430869689661812,hard,0.2015445156386655,0.19128454087030564,0.3171601294994195,0.2788558057427015
0.0,0.0,38.73795716955897,0.1390636349075392,0.3027328594578686,0.7644605941446557,0.7644605941446557,0.463033476111609,0.845931439302264,0.6209669878504009,37.72532306024695,14.430869689661812,hard,0.20154104343372073,0.19081662557032314,0.31919611151634286,0.28198009621626113
0.0,0.0,51.30138211020976,0.1399071957625598,0.2835361113052615,0.7939773296511684,0.7939773296511683,0.463033476111609,0.8717797887081348,0.6209669878504009,48.16306053398185,14.430869689661812,hard,0.20154104343372073,0.1899086617763439,0.322203989002408,0.28443064257120293
0.0,0.0,39.51262370159403,0.14052222166032122,0.27282114319914347,0.7939773296511684,0.7939773296511683,0.463033476111609,0.8717797887081348,0.6209669878504009,36.324542667458324,14.430869689661812,hard,0.20154793576399635,0.18939361465069102,0.32437908594267767,0.286610089273982
0.0,0.0,37.85861186412172,0.14145426964557087,0.2634984081332741,0.79724525711979,0.79724525711979,0.463033476111609,0.873842090998139,0.6209669878504009,35.50231541744848,14.430869689661812,hard,0.20155878400682362,0.1889413375528499,0.3258930052714744,0.2890488005152584
0.0,0.0,37.230459742046726,0.1426044108052544,0.2546339443116821,0.8,0.8,0.463033476111609,0.8754427451295715,0.6209669878504009,35.94077906779429,14.430869689661812,hard,0.20160019011311137,0.18826077647058348,0.3274371080713186,0.2916451334122776
0.0,0.0,49.59823513627947,0.14339270839502222,0.24432319889258097,0.7787168933572715,0.7787168933572715,0.463033476111609,0.8541662601625049,0.6209669878504009,43.717749255880044,14.430869689661812,hard,0.20167727945681838,0.18773739046880328,0.3277142550717669,0.2932900501933179
0.0,0.0,50.35762403292433,0.14393900441523355,0.2360958957083096,0.7547184905645283,0.7547184905645283,0.463033476111609,0.8284926070883192,0.6209669878504009,45.55200983491288,14.430869689661812,hard,0.2016706024755069,0.1876950821771027,0.3275384468366785,0.2930021304649547
0.0,0.0,43.7621254553799,0.14458433000337212,0.2283464223130718,0.7255342858886822,0.7255342858886822,0.463033476111609,0.8,0.5599999999999999,41.27063847337475,14.430869689661812,hard,0.20164193073376094,0.18774661392937783,0.3263954187595988,0.29297156715672723
0.0,0.0,49.45205233022062,0.14523618058032395,0.21998104876493546,0.7236021006050218,0.7236021006050218,0.463033476111609,0.79724525711979,0.5599999999999999,44.620192738265935,14.430869689661812,hard,0.20157026508723197,0.1877794197338045,0.3247868383069174,0.29327173433000475
0.0,0.0,43.86683302188087,0.14529346616937192,0.21372527611039097,0.692820323027551,0.692820323027551,0.463033476111609,0.7683749084919419,0.5599999999999999,39.383671743503044,14.430869689661812,hard,0.20168904702287943,0.18791979242200338,0.32224451300267704,0.2933338142199071
0.0,0.0,34.279644975990564,0.1458756077274635,0.2072597535882496,0.692820323027551,0.692820323027551,0.463033476111609,0.7683749084919419,0.5599999999999999,33.97651541874181,14.430869689661812,hard,0.2017337670924157,0.18813556962409175,0.3212128749841294,0.29368285816872947
0.0,0.0,29.29591630127675,0.14644510609695688,0.2008203553725625,0.692820323027551,0.692820323027551,0.463033476111609,0.7683749084919419,0.5599999999999999,28.78,14.430869689661812,hard,0.20178834759723294,0.18831150201331096,0.320110734516165,0.2945703748101816
0.0,0.0,43.67181879103421,0.14716970719725478,0.19482756243583174,0.692820323027551,0.692820323027551,0.463033476111609,0.7683749084919419,0.5599999999999999,41.63623902323552,14.430869689661812,hard,0.20178834759723294,0.18866831365620915,0.319398010621159,0.2965265906464597
0.0,0.0,33.00670328869517,0.14789477446071908,0.1895960126913723,0.692820323027551,0.692820323027551,0.463033476111609,0.7683749084919419,0.5599999999999999,33.10087007919883,14.430869689661812,hard,0.20184392706791815,0.1890043893636058,0.3194915372731492,0.2983772685285852
0.0,0.0,38.324517718759374,0.1484757178917159,0.18512764002061843,0.692820323027551,0.692820323027551,0.463033476111609,0.7683749084919419,0.5599999999999999,36.56293751874977,14.430869689661812,hard,0.20185328737698982,0.1892489342247996,0.32025959011098043,0.30030407342021065
0.0,0.0,29.464419899508197,0.14851575164460346,0.18156329005237937,0.692820323027551,0.692820323027551,0.463033476111609,0.7683749084919419,0.5599999999999999,26.17960274717705,14.430869689661812,hard,0.20188291730929617,0.18938638016676682,0.3199506753702691,0.30091884652843714
0.0,0.0,27.826870089397413,0.14825599151343405,0.17904254686418866,0.692820323027551,0.692820323027551,0.463033476111609,0.7683749084919419,0.5599999999999999,27.29248980946956,14.430869689661812,hard,0.20192062334227226,0.18952677157089376,0.31893007123308476,0.30125089873945815
0.0,0.0,32.985950717660145,0.1485573881711073,0.17749060494307228,0.692820323027551,0.692820323027551,0.463033476111609,0.7683749084919419,0.5599999999999999,32.87440341664013,14.430869689661812,hard,0.20194004526218892,0.18958901992543556,0.3179083920360858,0.3019869774111411
0.0,0.0,27.207683781282938,0.14892273485612909,0.17663960045742047,0.692820323027551,0.692820323027551,0.463033476111609,0.7683749084919419,0.5599999999999999,26.844321559689302,14.430869689661812,hard,0.20194004526218892,0.1896074759212433,0.3174806095858546,0.302866676865488
0.0,0.0,68.45746034444721,0.1488856976113069,0.17657900463104526,0.692820323027551,0.692820323027551,0.463033476111609,0.7683749084919419,0.5599999999999999,60.630556652565865,14.430869689661812,hard,0.20194004526218892,0.19002690041994508,0.3153927121720883,0.30325934149568823
0.0,0.0,37.79294224145565,0.14898791637849873,0.176554165753509,0.6954135460285484,0.6954135460285484,0.463033476111609,0.8392854103342915,0.5599999999999999,37.31631814635522,14.430869689661812,hard,0.2013371116715621,0.19019357065993342,0.31482769401902366,0.30355722185451894
0.0,0.0,38.845904625087655,0.14911611027317886,0.17655116592619496,0.6954135460285484,0.6954135460285484,0.463033476111609,0.8392854103342915,0.5599999999999999,29.566765125728583,14.430869689661812,hard,0.2007614286687901,0.1899862950599927,0.3146769916159629,0.3037892022216612
0.0,0.0,33.68187776466815,0.14937696584330767,0.176531970717247,0.6954135460285484,0.6954135460285484,0.463033476111609,0.8392854103342915,0.5599999999999999,33.68121731766831,14.430869689661812,hard,0.2002677501572894,0.18948932932663654,0.31402690231236896,0.30426304281074934
0.0,0.0,30.8752078467144,0.14981167566242637,0.17652956202495362,0.6954135460285484,0.6954135460285484,0.463033476111609,0.8392854103342915,0.5599999999999999,30.67887872788052,14.430869689661812,hard,0.199823501419664,0.18906843365555603,0.31354208551617563,0.3051160383852416
0.0,0.0,38.353040685127986,0.14997079441708674,0.17651983245013145,0.6681317235396026,0.6681317235396026,0.463033476111609,0.8818163074019442,0.5599999999999999,36.280181917956256,14.430869689661812,hard,0.19949168282789506,0.18635664676226768,0.31295896773861687,0.30666538272283467
0.0,0.0,35.46159368003362,0.15039140066520987,0.17651817760730637,0.6681317235396026,0.6681317235396026,0.463033476111609,0.8818163074019442,0.5599999999999999,33.664319390119864,14.430869689661812,hard,0.19933874863460593,0.1855060403239913,0.31289380843264486,0.30809058428206426
0.0,0.0,44.634650605325525,0.1509154064758212,0.17651783290835635,0.6681317235396026,0.6681317235396026,0.463033476111609,0.8818163074019442,0.5599999999999999,36.371004935250276,14.430869689661812,hard,0.1990522541802266,0.1844136292569947,0.3127210024370494,0.30917140647038205
0.0,0.0,37.512798617522165,0.15148700297515502,0.17651657439586238,0.6681317235396027,0.6681317235396027,0.463033476111609,0.8953211714239756,0.0,35.76506116309603,14.430869689661812,hard,0.1987241116023838,0.1827689285205538,0.3128204775742804,0.3102322793568275
0.0,0.0,41.692129946812486,0.1519103185581462,0.17652559364257997,0.692820323027551,0.692820323027551,0.463033476111609,0.9068627239003708,0.0,41.553608748218245,14.430869689661812,hard,0.19866383395414794,0.18088709644200066,0.31239084295117026,0.3115218483201742
0.0,0.0,43.49435422067064,0.1518100701585861,0.1765700770275998,0.7102112361825881,0.7102112361825882,0.463033476111609,0.9097252332435326,0.0,39.64194243474959,14.430869689661812,hard,0.1987437258439956,0.17954421606700713,0.31180849304588665,0.31241914694430756
0.0,0.0,42.02472615553687,0.1521335001781703,0.1765700770275998,0.705407683541936,0.7054076835419358,0.463033476111609,0.9024411338142783,0.0,40.060274587176764,14.430869689661812,hard,0.19880813658369728,0.17816821437271227,0.31127078705748823,0.3131580333335923
0.0,0.0,51.39475062955329,0.15213885351826084,0.1765700770275998,0.664529909033446,0.664529909033446,0.463033476111609,0.8634813257969162,0.0,45.12274814325919,14.430869689661812,hard,0.19898637322807894,0.1771406432859285,0.31029016741289456,0.3134585403132376
0.0,0.0,50.61053917981223,0.1516796303243833,0.1765700770275998,0.6873136110975833,0.6873136110975834,0.463033476111609,0.8774964387392122,0.0,45.38501955491481,14.430869689661812,hard,0.19911024698258487,0.17555972506867468,0.3084179798714838,0.31403640322532445
0.0,0.0,38.273381940544326,0.15147506080967368,0.1765700770275998,0.6873136110975833,0.6873136110975834,0.463033476111609,0.8774964387392122,0.0,37.553993129892326,14.430869689661812,hard,0.19914900869696378,0.17482462206418964,0.3075503352784471,0.3143046782561443
0.0,0.0,52.899224162501035,0.1512702849758458,0.1765700770275998,0.68,0.68,0.463033476111609,0.8681013765684281,0.0,47.65333146800967,14.430869689661812,hard,0.1988616403423736,0.17384023650146174,0.30611891494461113,0.3139321909637246
0.0,0.0,40.60265846994298,0.15065187674520542,0.17254146272314716,0.68,0.68,0.463033476111609,0.8681013765684281,0.0,39.85919718208083,14.430869689661812,hard,0.19893445158637327,0.17320108273558285,0.30519233511258004,0.31363270118491665
0.0,0.0,39.541252807408846,0.14975940442983962,0.16277941699728815,0.68,0.68,0.463033476111609,0.8681013765684281,0.0,39.40248215531605,14.430869689661812,hard,0.1988514461615844,0.17184144167791357,0.3040213333578349,0.3137901090758167
0.0,0.0,41.60624803497933,0.14921815930833388,0.1505521228634834,0.68,0.68,0.463033476111609,0.8681013765684281,0.0,41.76534927424886,14.430869689661812,hard,0.1987509859719589,0.1707067964662615,0.30220970729346625,0.3137934633357358
0.0,0.0,33.19862126344692,0.1487745252595113,0.13770124630191946,0.68,0.68,0.463033476111609,0.8681013765684281,0.0,31.71180221936306,14.430869689661812,hard,0.1988325212157158,0.16989272063296162,0.3014490347307705,0.31344591385768156
0.0,0.0,34.42320522411322,0.1487295922132837,0.12571011669541765,0.68,0.68,0.463033476111609,0.8681013765684281,0.0,31.752297554665237,14.430869689661812,hard,0.1988504975309012,0.1696179250844946,0.3011079224101453,0.31349861699038434
0.0,0.0,43.25832898862151,0.14846555917289855,0.19422049624557303,0.68,0.68,0.4770744176750626,0.8681013765684281,0.0,40.63262236184123,14.430869689661812,hard,0.1988078847461064,0.16945824016232758,0.2992196693880114,0.3132852732727711
0.0,0.0,45.02326305738662,0.14811587772025647,0.17738216265371,0.68,0.68,0.4770744176750626,0.8681013765684281,0.0,41.13889157476171,14.430869689661812,hard,0.1988058051595953,0.16929022214419165,0.29728904446329035,0.31345335034071836
0.0,0.0,46.023976830021134,0.14791014840880803,0.1620205711676407,0.68,0.68,0.4770744176750626,0.8681013765684281,0.0,42.153343876850386,14.430869689661812,hard,0.19873814761816047,0.16885345591192708,0.29465257537693845,0.31460842340527617
0.0,0.0,40.75585747336895,0.14789256845031812,0.15507947689945817,0.68,0.68,0.4770744176750626,0.8681013765684281,0.0,40.2627420824762,14.430869689661812,hard,0.19874103725053627,0.16876528594111107,0.2934826048402983,0.314899417630853
0.0,0.0,46.58777159152621,0.14829402465845185,0.15001639235374853,0.68,0.68,0.4770744176750626,0.8681013765684281,0.0,43.2976904695851,14.430869689661812,hard,0.19885746315404218,0.1685776830066949,0.29358617428525874,0.3155890224141217
0.0,0.0,39.657641479012646,0.1485794219602507,0.14480439691539274,0.68,0.68,0.4770744176750626,0.8681013765684281,0.0,36.907023721779574,14.430869689661812,hard,0.19893212211561434,0.1683586104220046,0.2942153700091121,0.31644783330329673
0.0,0.0,35.708851881515784,0.14905128011142185,0.14093101506519506,0.68,0.68,0.4770744176750626,0.8681013765684281,0.0,35.564454164235386,14.430869689661812,hard,0.19900862680124679,0.16814455649271492,0.29501697859772524,0.3173923334505196
0.0,0.0,34.17717056399848,0.14967176375151517,0.1382218810820984,0.68,0.68,0.4770744176750626,0.8681013765684281,0.0,33.67964370357858,14.430869689661812,hard,0.1990792650681549,0.16813667887847628,0.29542640494428424,0.31847213604275343
0.0,0.0,43.38339572834099,0.15020515059707992,0.1366118481574534,0.68,0.68,0.4770744176750626,0.8681013765684281,0.0,39.05710690770631,14.430869689661812,hard,0.19909686459968834,0.1681208098730587,0.2966466423258963,0.3196528968843453
0.0,0.0,49.767335733682906,0.15069469444961608,0.26187887578545904,0.7011419257183241,0.7011419257183241,0.5291502622129182,0.8811356308764275,0.0,49.41058995802418,14.430869689661812,hard,0.19920799453022922,0.1669806833826788,0.2976941529680999,0.3201289686986827
0.0,0.0,40.90131689127302,0.15111321809813286,0.260751056299827,0.7011419257183241,0.7011419257183241,0.5291502622129182,0.8811356308764275,0.0,38.86489418485531,14.430869689661812,hard,0.19921990277806456,0.16629219189064962,0.29894532155005926,0.320522754138825
0.0,0.0,51.47542326463489,0.15217987504331268,0.25930103952729067,0.7011419257183241,0.7011419257183241,0.5291502622129182,0.8811356308764275,0.0,44.46033738063624,14.430869689661812,hard,0.19921990277806456,0.1655415775364785,0.3003934208684418,0.322341826448911
0.0,0.0,44.97897009362565,0.15257184935341708,0.2575991135963747,0.6838128398911503,0.6838128398911504,0.5291502622129182,0.9053176238205021,0.0,43.64521050470487,14.430869689661812,hard,0.19921990277806456,0.1649400279715086,0.3012554223626124,0.3228795667789956
0.0,0.0,41.71513886349639,0.1527827765092001,0.2991646747222701,0.6931089380465383,0.6931089380465383,0.54,0.905317623820502,0.0,39.99700488786629,14.430869689661812,hard,0.19921990277806456,0.16458536849868322,0.30194780163442414,0.32243666841332075
0.0,0.0,34.26828852455818,0.1534211987281298,0.2922834841143242,0.7110555533852471,0.7110555533852471,0.54,0.9156418513807678,0.0,33.15022775185715,14.430869689661812,hard,0.19921990277806456,0.16401399246660736,0.3027328309368886,0.32330041112129326
0.0,0.0,47.07930971268724,0.15276898581139278,0.2846765376854587,0.6755738301621815,0.6755738301621815,0.54,0.8774964387392121,0.0,42.42216401835248,14.430869689661812,hard,0.19921990277806456,0.1638143912153045,0.3024411368727914,0.3206575380470775
0.0,0.0,38.402623996109845,0.15281076491703197,0.2792471568001415,0.6755738301621815,0.6755738301621815,0.54,0.8720091742636656,0.0,36.5956281541935,14.430869689661812,hard,0.19922028370257122,0.16379848338743355,0.3020817727950518,0.3193231950416077
0.0,0.0,47.5361905803092,0.15314774445994994,0.2734039748581475,0.6755738301621815,0.6755738301621815,0.54,0.8720091742636656,0.0,42.68528552089115,14.430869689661812,hard,0.19927039389689385,0.1640012828916661,0.3016206526813537,0.3188859729462709
0.0,0.0,40.55899317636516,0.15393106018963804,0.268915248509876,0.6755738301621815,0.6755738301621815,0.54,0.8720091742636656,0.0,37.2627213176923,14.430869689661812,hard,0.1993039800469632,0.16407508807178553,0.3021694381309255,0.3191968393835559
0.0,0.0,35.50494699194391,0.15380628591088794,0.264688081078839,0.63118935352238,0.63118935352238,0.54,0.8333066662399862,0.0,33.532527491974115,14.430869689661812,hard,0.19931075917690724,0.16408773742931626,0.30081797754005,0.3194026532176874
0.0,0.0,32.31277018448418,0.1537907366827231,0.2586584592181316,0.63118935352238,0.63118935352238,0.54,0.8333066662399862,0.0,31.549484940328266,14.430869689661812,hard,0.1993130756848617,0.16399427756373228,0.30128908325013115,0.31902096600273955
0.0,0.0,31.818269240124042,0.153828531030279,0.2557190550699282,0.63118935352238,0.63118935352238,0.54,0.8333066662399862,0.0,31.100585203497374,14.430869689661812,hard,0.1993130756848617,0.16392044660706312,0.300933254793903,0.31933507200738176
0.0,0.0,29.78060181196596,0.15386703426041154,0.2540204027497408,0.63118935352238,0.63118935352238,0.54,0.8333066662399862,0.0,29.89022582718304,14.430869689661812,hard,0.1993130756848617,0.16386023691838497,0.29984874184688576,0.3198301865977257
0.0,0.0,26.8085855649424,0.15396665695849177,0.25320032470085474,0.63118935352238,0.63118935352238,0.54,0.8333066662399862,0.0,26.35362593648168,14.430869689661812,hard,0.1993130756848617,0.16382811499796127,0.2982268299251101,0.32050361805805716
0.0,0.0,42.331995669853164,0.153480390160143,0.25233550039243363,0.63118935352238,0.63118935352238,0.54,0.8333066662399862,0.0,41.98582617979548,14.430869689661812,hard,0.1993130756848617,0.16366732314949206,0.2957363113073488,0.321410759197536
0.0,0.0,45.059151220088424,0.1532532128761469,0.25187245401967046,0.63118935352238,0.63118935352238,0.54,0.8333066662399862,0.0,41.28825983254804,14.430869689661812,hard,0.1993130756848617,0.16333205613623716,0.2938300445332729,0.32242307147379945
0.0,0.0,39.38086253451727,0.153471881631474,0.25072787323309725,0.63118935352238,0.63118935352238,0.54,0.8333066662399862,0.0,35.0362326741903,14.430869689661812,hard,0.1993130756848617,0.16313007377899663,0.292622550008879,0.32375587054705685
0.0,0.0,29.178932104611835,0.1537595595166374,0.24896620690544669,0.63118935352238,0.63118935352238,0.54,0.8333066662399862,0.0,29.455899239371387,14.430869689661812,hard,0.1993130756848617,0.16302229733795534,0.29211601030854856,0.3245540991916997
0.0,0.0,32.925627074993756,0.15385619999432598,0.2483171824288903,0.63118935352238,0.63118935352238,0.54,0.8333066662399862,0.0,27.69150772348808,14.430869689661812,hard,0.1993130756848617,0.1629051614921915,0.29106589939648686,0.32499189801733475
0.0,0.0,33.81639818192237,0.15402438834512214,0.24787583523340226,0.63118935352238,0.63118935352238,0.54,0.8333066662399862,0.0,21.33662578759819,14.430869689661812,hard,0.1993130756848617,0.16286496567366618,0.2906679894810302,0.3255475904186737
0.0,0.0,38.555712422370064,0.1541764281675836,0.24614514892787573,0.63118935352238,0.63118935352238,0.54,0.8333066662399862,0.0,28.526506971586972,14.430869689661812,hard,0.1993130756848617,0.16271820179779228,0.29057532427581767,0.3263908932260289
0.0,0.0,45.95292653336973,0.15437944757912817,0.24488431320230297,0.63118935352238,0.63118935352238,0.54,0.8333066662399862,0.0,37.881546958908636,14.430869689661812,hard,0.1993130756848617,0.16237152792900938,0.29002883694827314,0.32742941163629463
0.0,0.0,44.143685416594195,0.1545577664772428,0.24424851953613097,0.63118935352238,0.63118935352238,0.54,0.8333066662399862,0.0,35.80291049621525,14.430869689661812,hard,0.1993130756848617,0.1619945347760398,0.28931415346380773,0.3281634532123001
0.0,0.0,34.71607155067086,0.15473246191036993,0.24256255375446226,0.63118935352238,0.63118935352238,0.54,0.8333066662399862,0.0,21.593739833572137,14.430869689661812,hard,0.1993130756848617,0.16201697244070223,0.28897785364190337,0.3287143150414697
0.0,0.0,43.42317211569504,0.15486162970889553,0.24139660423839618,0.63118935352238,0.63118935352238,0.54,0.8333066662399862,0.4200000000000001,32.1084474866039,14.430869689661812,hard,0.1993130756848617,0.1620810345990827,0.2879018007397395,0.32886845526818387
0.0,0.0,34.49885475970414,0.1550874179204976,0.24063917753951947,0.63118935352238,0.63118935352238,0.54,0.8333066662399862,0.7000000000000001,21.632281433080518,14.430869689661812,hard,0.1993130756848617,0.16211766706096448,0.2875530356742533,0.3292833024982047
0.0,0.0,44.797366505815255,0.15538464159469517,0.23963760010865182,0.6135144660071188,0.6135144660071188,0.54,0.8646386528486915,0.9799999999999998,29.699831649354515,14.430869689661812,hard,0.1993130756848617,0.16214272696467413,0.2874929182688623,0.3294411572478172
0.0,0.0,42.67271179729228,0.15571772556594496,0.23906122747444372,0.6135144660071188,0.6135144660071188,0.54,0.8646386528486915,1.1199999999999999,27.151198868558275,14.430869689661812,hard,0.1993130756848617,0.16214958546608751,0.2875732695002767,0.3298560882159687
0.0,0.0,34.636756217252916,0.15614984647096672,0.23833887912784232,0.63118935352238,0.63118935352238,0.54,0.8717797887081347,1.1199999999999999,20.946493740003362,14.430869689661812,hard,0.1993130756848617,0.16214958546608751,0.2877619447432866,0.3303735712463897
0.0,0.0,32.52220085972621,0.15649679475138112,0.2372508664092055,0.6633249580710799,0.6633249580710799,0.54,0.8845337754998392,1.1199999999999999,17.188368159892317,14.430869689661812,hard,0.1993130756848617,0.16214958546608751,0.2879582574578186,0.3305923836365154
0.0,0.0,49.479639228065004,0.15615546573079706,0.23606952437772163,0.6452906321960671,0.6452906321960671,0.54,0.8544003745317531,1.1199999999999999,35.99786660345304,14.430869689661812,hard,0.1993130756848617,0.16210778743204923,0.28701142165475707,0.3283979139009688
0.0,0.0,50.294190334976236,0.15527454562291196,0.214159463473924,0.6082762530298221,0.6082762530298221,0.54,0.8151073548925932,1.1199999999999999,35.14370498396548,14.430869689661812,hard,0.1993130756848617,0.16203977733123384,0.28517370361917893,0.32529439382949765
0.0,0.0,46.686451634616134,0.15488397708582985,0.2022187221124112,0.6209669878504009,0.6209669878504009,0.54,0.8187795796183488,1.1199999999999999,28.51484525646247,14.430869689661812,hard,0.1993130756848617,0.16190278348082202,0.28390298672326436,0.32374202960489223
0.0,0.0,46.675143801775086,0.1543541083093281,0.1902315456969419,0.6209669878504009,0.6209669878504009,0.54,0.8187795796183488,1.1199999999999999,28.69274472754393,14.430869689661812,hard,0.1993130756848617,0.16184796510696375,0.282437170155927,0.3219988820367384
0.0,0.0,42.6456830209157,0.15403420289787748,0.1790390650889409,0.6209669878504009,0.6209669878504009,0.54,0.8187795796183488,1.1199999999999999,24.41203801406183,14.430869689661812,hard,0.1993130756848617,0.1617951648768283,0.2809822216114659,0.3210280590976133
0.0,0.0,41.51846178900567,0.15372096098215807,0.16716267214387057,0.6209669878504009,0.6209669878504009,0.54,0.8187795796183488,1.1199999999999999,23.53619340505172,14.430869689661812,hard,0.1993130756848617,0.16175334112900883,0.2796290361634923,0.3201875806407721
0.0,0.0,43.06556038221131,0.15337792943494025,0.15450941967751758,0.6209669878504009,0.6209669878504009,0.54,0.8187795796183488,1.1199999999999999,23.907496732196783,14.430869689661812,hard,0.1993130756848617,0.16170319881438527,0.2783508038220612,0.3193854363433254
0.0,0.0,44.689840742282264,0.15323180798941596,0.14290732309602078,0.6209669878504009,0.6209669878504009,0.54,0.8187795796183488,1.1199999999999999,28.938942620628005,14.430869689661812,hard,0.1993130756848617,0.16170250114660759,0.277204525816612,0.31847389445028473
0.0,0.0,46.80284855797202,0.1527830979473429,0.13052622928679486,0.6209669878504009,0.6209669878504009,0.54,0.8187795796183488,1.1199999999999999,32.632352045171366,14.430869689661812,hard,0.1993130756848617,0.16122164753455057,0.276215478897942,0.3175267797533334
0.0,0.0,53.12449148517103,0.15203350544767408,0.11925107073309966,0.6209669878504009,0.6209669878504009,0.54,0.8187795796183488,1.1199999999999999,35.57934794231058,14.430869689661812,hard,0.1993130756848617,0.16037007796418581,0.2746401730658221,0.3166226548065435
0.0,0.0,45.054827574307794,0.1516100245580383,0.10769235893846567,0.6209669878504009,0.6209669878504009,0.54,0.8187795796183488,1.1199999999999999,26.70299608658175,14.430869689661812,hard,0.1993130756848617,0.15997002611651548,0.27350443956223425,0.3158857838556312
0.0,0.0,46.531938196788985,0.15140393029223487,0.09696568553013096,0.6209669878504009,0.6209669878504009,0.54,0.8187795796183488,1.1199999999999999,31.93039930849597,14.430869689661812,hard,0.1993130756848617,0.15950118342987235,0.2719728898487914,0.3157215085620116
0.0,0.0,53.39020539826351,0.15072172383756943,0.08584386741432247,0.6209669878504009,0.6209669878504009,0.54,0.8187795796183488,1.1199999999999999,41.78463353913733,14.430869689661812,hard,0.1993130756848617,0.15926360871628226,0.2692312812648868,0.3149675603689484
0.0,0.0,47.994096091782076,0.15047683705943493,0.07736856797349359,0.6003332407921455,0.6003332407921455,0.54,0.8919641248391103,1.1199999999999999,31.47977763580931,14.430869689661812,hard,0.1993130756848617,0.15933687301653668,0.2678793625986307,0.31451377891390037
0.0,0.0,49.885810374391156,0.14969318853570063,0.06905389582803352,0.6003332407921455,0.6003332407921455,0.54,0.8919641248391103,1.1199999999999999,36.17853507260901,14.430869689661812,hard,0.1993130756848617,0.15931811542325347,0.2645137731961976,0.3134907732605711
0.0,0.0,44.13025805261963,0.14915937850580746,0.0618778119779066,0.6003332407921455,0.6003332407921455,0.54,0.8919641248391103,1.1199999999999999,27.908106349231225,14.430869689661812,hard,0.1993130756848617,0.15932466038720744,0.262522927703667,0.31281238191060373
0.0,0.0,47.65729128182792,0.14913127013911623,0.0572542125026126,0.6003332407921455,0.6003332407921455,0.54,0.8919641248391103,1.1199999999999999,33.91229275646222,14.430869689661812,hard,0.1993130756848617,0.1592218732048991,0.2612921318917265,0.31336343188827287
0.0,0.0,46.21279872035413,0.14876855608750608,0.05475829002582136,0.6003332407921455,0.6003332407921455,0.54,0.8919641248391103,1.1199999999999999,30.534570571730654,14.430869689661812,hard,0.1993130756848617,0.15880111437806463,0.2601985649366531,0.3136483636802577
0.0,0.0,54.80193396126831,0.14844541912238277,0.0540088812645965,0.6003332407921455,0.6003332407921455,0.54,0.8919641248391103,1.1199999999999999,30.976997917809918,14.430869689661812,hard,0.1993130756848617,0.1583269683948138,0.25917165759843325,0.3137634274257452
0.0,0.0,55.0344959052094,0.14781702369907695,0.05397152039862941,0.6003332407921455,0.6003332407921455,0.54,0.8919641248391103,1.1199999999999999,31.321181331488763,14.430869689661812,hard,0.1993130756848617,0.1581002897631128,0.25769754957958607,0.31350675408780126
0.0,0.0,46.977077001803494,0.1476861580274285,0.042920601753257896,0.6209669878504009,0.6209669878504009,0.54,0.938083151964686,1.1199999999999999,19.266551326067674,14.430869689661812,hard,0.1993130756848617,0.15808152376063742,0.2573775618927505,0.3135032720446725
0.0,0.0,48.45635070995972,0.147486015340233,0.04238336800196511,0.6209669878504009,0.6209669878504009,0.54,0.938083151964686,1.1199999999999999,22.32405877075224,14.430869689661812,hard,0.1993130756848617,0.15802764651495077,0.25718861783833113,0.31328841795573414
0.0,0.0,46.37333601021761,0.14760983772277944,0.04224392892442842,0.6209669878504009,0.6209669878504009,0.54,0.938083151964686,1.1199999999999999,15.799607590063747,14.430869689661812,hard,0.1993130756848617,0.1580394023777126,0.2568763294715227,0.313512673162294
0.0,0.0,49.97282393612387,0.14739378895653546,0.04219722581700033,0.5782732917920383,0.5782732917920383,0.54,0.9414881836751855,1.1199999999999999,23.25644856808537,14.430869689661812,hard,0.1993130756848617,0.15804673294705557,0.2556184336796266,0.3128441469931816
0.0,0.0,46.79687687391908,0.14728546885997665,0.04217298745792589,0.5895761189193469,0.5895761189193469,0.54,0.9425497334358542,1.1199999999999999,17.338154457727036,14.430869689661812,hard,0.1993130756848617,0.15804857904878963,0.2548265051216093,0.3124771674866408
0.0,0.0,49.84099415346948,0.14691322144317043,0.04210280980756404,0.565685424949238,0.565685424949238,0.54,0.9217374897442331,1.1199999999999999,24.16076157740066,14.430869689661812,hard,0.1993130756848617,0.15803243928108415,0.25415373662537194,0.31069024766646464
0.0,0.0,50.048296080325514,0.14657193851498937,0.04207187617525399,0.565685424949238,0.565685424949238,0.54,0.9217374897442331,1.1199999999999999,21.889952032839176,14.430869689661812,hard,0.1993130756848617,0.15804519392120128,0.2529670821238719,0.30969848772491776
0.0,0.0,50.96778864726905,0.14583901822112566,0.042006333708407985,0.565685424949238,0.565685424949238,0.54,0.9217374897442331,1.1199999999999999,24.536511569495776,14.430869689661812,hard,0.1993130756848617,0.1578378312208841,0.25131615154654874,0.307816199808323
0.0,0.0,48.77685416442069,0.14545420177715349,0.0419761858562427,0.565685424949238,0.565685424949238,0.54,0.9217374897442331,1.1199999999999999,22.848623590929936,14.430869689661812,hard,0.1993130756848617,0.15755309184706495,0.250227411009736,0.3068537429988915
0.0,0.0,47.18258083452314,0.1452165415544024,0.17227581522411428,0.565685424949238,0.565685424949238,0.5851495535331118,0.9217374897442331,1.1199999999999999,19.363842593865506,14.430869689661812,hard,0.199321603880125,0.15737824166961822,0.24949876000497848,0.30638902193468176
0.0,0.0,50.91725466049947,0.1446418614350928,0.17227786978737866,0.565685424949238,0.565685424949238,0.5851495535331118,0.9217374897442331,1.1199999999999999,28.919861687082804,14.430869689661812,hard,0.1993559953733266,0.15725620550988562,0.24814903144928283,0.30521510808922214
0.0,0.0,54.02821347990408,0.14398543669127808,0.17186240159176397,0.565685424949238,0.565685424949238,0.5851495535331118,0.9217374897442331,1.1199999999999999,34.40567395067273,14.430869689661812,hard,0.1994261154239825,0.15732118006921655,0.24589168903997552,0.30454433806565406
0.0,0.0,57.67254143800185,0.14366428942068346,0.17188690214938235,0.565685424949238,0.565685424949238,0.5851495535331118,0.9217374897442331,1.1199999999999999,28.636766577251702,14.430869689661812,hard,0.1994261154239825,0.15704415551839515,0.2444488218180093,0.30410506619575883
0.0,0.0,60.97475794954781,0.14328073943415073,0.17189777471906414,0.565685424949238,0.565685424949238,0.5851495535331118,0.9217374897442331,1.1199999999999999,29.978398889867353,14.430869689661812,hard,0.19943500570864162,0.15676936377175885,0.24236216286078,0.3039044815410391
0.0,0.0,61.22628194864666,0.1427895921339022,0.17190136582157925,0.565685424949238,0.565685424949238,0.5851495535331118,0.9217374897442331,1.1199999999999999,31.004489997418116,14.430869689661812,hard,0.19943500570864162,0.15668932548382095,0.24063396158089592,0.30301308490340534
0.0,0.0,61.43339638144373,0.1422451537820681,0.17190136582157925,0.565685424949238,0.565685424949238,0.5851495535331118,0.9217374897442331,1.1199999999999999,31.146550370787452,14.430869689661812,hard,0.19944392382058734,0.1567136294914049,0.23855203944643724,0.3024278758656975
0.0,0.0,60.90829006940352,0.14184045587521418,0.17190136582157925,0.565685424949238,0.565685424949238,0.5851495535331118,0.9217374897442331,1.1199999999999999,29.65352592863115,14.430869689661812,hard,0.19944392382058734,0.15672799039952945,0.23661042363308515,0.3017294131890842
0.0,0.0,62.045483721540855,0.14137854930721805,0.17190136582157925,0.5758472019555188,0.5758472019555188,0.5851495535331118,1.004987562112089,1.1199999999999999,32.45612422948865,14.430869689661812,hard,0.19947987446641785,0.15670145780993128,0.23488503700815067,0.30028286935567167
0.0,0.0,60.33199598029356,0.14107002289703374,0.17190136582157925,0.5758472019555188,0.5758472019555188,0.5851495535331118,1.004987562112089,1.1199999999999999,26.032717875780857,14.430869689661812,hard,0.19961820063153346,0.1567092614352675,0.2333639095445162,0.29970810037004375
0.0,0.0,57.90290623228731,0.14104098988897465,0.17190136582157925,0.5758472019555188,0.5758472019555188,0.5851495535331118,1.004987562112089,1.1199999999999999,21.80700804787305,14.430869689661812,hard,0.19966570360970326,0.15681651171699873,0.23249753885008417,0.2995696581022564
0.0,0.0,57.54216637179753,0.14080480582410815,0.17190136582157925,0.5758472019555188,0.5758472019555188,0.5851495535331118,1.004987562112089,1.1199999999999999,18.628805651463537,14.430869689661812,hard,0.19967528742184215,0.15682365858357486,0.23153808824364766,0.29867232389290754
0.0,0.0,57.595124806830675,0.14067643165225757,0.17190136582157925,0.565685424949238,0.565685424949238,0.5851495535331118,1.0244998779892558,1.1199999999999999,20.48676646032751,14.430869689661812,hard,0.19967528742184215,0.15528804870126378,0.23074523638785074,0.29879888025384227
0.0,0.0,62.61772720699121,0.14069835448628376,0.17190136582157925,0.6225752966509351,0.6225752966509351,0.5851495535331118,1.0809255293497328,1.1199999999999999,33.05148105607372,14.430869689661812,hard,0.19967528742184215,0.15524011751747893,0.22994529981498948,0.29812911173473705
0.0,0.0,60.40235515972188,0.14071058805198416,0.17190136582157925,0.6225752966509351,0.6225752966509351,0.5851495535331118,1.0809255293497328,1.1199999999999999,23.368534399914772,14.430869689661812,hard,0.19967528742184215,0.15529405012543224,0.22938003790308106,0.29799353872321205
0.0,0.0,59.81927671243373,0.1407050182222093,0.17190136582157925,0.6636264009214823,0.6636264009214823,0.5851495535331118,1.1504781614615724,1.1199999999999999,26.524584822386945,14.430869689661812,hard,0.19780806596879483,0.15541042560532764,0.22926471223926806,0.29782265132748037
0.0,0.0,59.38305011551691,0.14089695817285122,0.17190136582157925,0.6636264009214823,0.6636264009214823,0.5851495535331118,1.1504781614615724,1.1199999999999999,24.72360006147972,14.430869689661812,hard,0.19764113663108285,0.1554409581369906,0.2293221832590774,0.2977148029231782
0.0,0.0,59.722479220852556,0.14117212409052424,0.22700049861399024,0.6708203932499369,0.6708203932499369,0.5936328831862332,1.1981652640600127,1.1199999999999999,25.22969678771428,14.430869689661812,hard,0.19764113663108285,0.1551594057840038,0.2295446191659359,0.2976467087306729
0.0,0.0,57.53390238374531,0.141406159989724,0.22644153876247014,0.6708203932499369,0.6708203932499369,0.5936328831862332,1.1981652640600127,1.1199999999999999,17.73583942191629,14.430869689661812,hard,0.19764113663108285,0.15497380644663405,0.22974773031662876,0.29786854242113947
0.0,0.0,60.732933363741246,0.14171747225206824,0.22511667263639398,0.6708203932499369,0.6708203932499369,0.5936328831862332,1.1981652640600127,1.1199999999999999,21.179763926918543,14.430869689661812,hard,0.19764113663108285,0.15464300643956824,0.2300136996878697,0.2977250578370736
0.0,0.0,59.46290396881297,0.14201530235600268,0.22494636660534537,0.6823488843692792,0.6823488843692792,0.5936328831862332,1.195993311018084,1.1199999999999999,24.1306858584666,14.430869689661812,hard,0.19764113663108285,0.15441238872430335,0.23026034761033773,0.29783007600193984
0.0,0.0,65.767352023068,0.14169795909077135,0.22406996966832934,0.6740919818541087,0.6740919818541087,0.5936328831862332,1.1737120600896969,1.1199999999999999,24.938837182194366,14.430869689661812,hard,0.19764113663108285,0.15383199715938273,0.22958421526165698,0.2966571584875204
0.0,0.0,66.75305668988574,0.14144925027820038,0.2240137588617744,0.6740919818541087,0.6740919818541087,0.5936328831862332,1.1737120600896969,1.1199999999999999,18.79881911184849,14.430869689661812,hard,0.19764113663108285,0.15279521796978032,0.2288752928169108,0.29630718294692004
0.0,0.0,70.79728568760527,0.14046586290174848,0.2223769228212468,0.7031358332498778,0.7031358332498778,0.5936328831862332,1.1668761716651856,1.1199999999999999,34.363498075719825,14.430869689661812,hard,0.19359036674021227,0.15113559971229668,0.22742431303550412,0.2956293511010986
0.0,0.0,67.15246318189241,0.1399011736346938,0.22223162665152482,0.7031358332498778,0.7031358332498778,0.5936328831862332,1.1668761716651856,1.1199999999999999,23.183994478950346,14.430869689661812,hard,0.19250698512527473,0.148968115251959,0.22614519102443215,0.2953986554764269
0.0,0.0,66.05596574863945,0.13956709527626532,0.21284720628601678,0.7031358332498778,0.7031358332498778,0.5936328831862332,1.1668761716651856,1.1199999999999999,18.058084062269728,14.430869689661812,hard,0.19185129418836175,0.1482528514557576,0.22519881160498087,0.29527733336831496
0.0,0.0,70.05845894452806,0.13916346994742007,0.21175077674517642,0.7031358332498778,0.7031358332498778,0.5936328831862332,1.1668761716651856,1.1199999999999999,25.04654866443678,14.430869689661812,hard,0.1908239651006162,0.14748195282281748,0.22421969460241736,0.2953684965384105
0.0,0.0,67.14838883917272,0.13885022074368952,0.2102824001444631,0.7031358332498778,0.7031358332498778,0.5936328831862332,1.1668761716651856,1.1199999999999999,22.708808863522545,14.430869689661812,hard,0.1902411979216409,0.1472337449967805,0.22349383387495228,0.2944684934665266
0.0,0.0,69.94169391808325,0.1385252187119659,0.2040940567367746,0.7031358332498778,0.7031358332498778,0.5936328831862332,1.1668761716651856,1.1199999999999999,23.05993061568053,14.430869689661812,hard,0.18980532583628504,0.14700594310184206,0.2223036949706047,0.2940412838326144
0.0,0.0,69.93528399862588,0.1381576762469392,0.20325471987378346,0.7031358332498778,0.7031358332498778,0.5936328831862332,1.1668761716651856,1.1199999999999999,23.4138847695123,14.430869689661812,hard,0.18938032748483474,0.1467190984086084,0.22190901417953376,0.2933261047512249
0.0,0.0,70.14295010685815,0.13816587548654077,0.2030361669921898,0.7031358332498778,0.7031358332498778,0.5936328831862332,1.1668761716651856,1.1199999999999999,23.36239713728024,14.430869689661812,hard,0.18910994440074508,0.14655827514923953,0.22209276823977717,0.2932091575010181
0.0,0.0,70.7984672920736,0.138184435022841,0.25834469396279675,0.7031358332498778,0.7031358332498778,0.6013318551349163,1.1668761716651856,1.1199999999999999,24.762067765031258,14.430869689661812,hard,0.18820999534401586,0.14646792500129138,0.22236875259932223,0.29347017553343413
0.0,0.0,71.0786877335852,0.1378588191756781,0.2577271636922225,0.7031358332498778,0.7031358332498778,0.6013318551349163,1.1668761716651856,1.1199999999999999,27.767758281863518,14.430869689661812,hard,0.18715780718352767,0.14643810569707197,0.221339528143935,0.29319919266437117
0.0,0.0,81.75200187989282,0.13692985339719438,0.2576943936093786,0.7031358332498778,0.7031358332498778,0.6013318551349163,1.1668761716651856,1.1199999999999999,50.95066240982545,14.430869689661812,hard,0.18632117186336034,0.1464837490619761,0.21816323543245583,0.2919019426642417
0.0,0.0,71.41975244299833,0.13644593304767708,0.2572245295602482,0.7031358332498778,0.7031358332498778,0.6013318551349163,1.1668761716651856,1.1199999999999999,27.86367527803897,14.430869689661812,hard,0.186062885546209,0.14651037839813488,0.21690608951419482,0.29084266759768346
0.0,0.0,70.05731950413121,0.13619346791893736,0.25566219906921406,0.7031358332498778,0.7031358332498778,0.6013318551349163,1.1668761716651856,1.1199999999999999,21.348058459728836,14.430869689661812,hard,0.18592084428822003,0.14651357415228522,0.21622675866138344,0.2904539664735187
0.0,0.0,69.81104827662699,0.13588524959736445,0.25533937894721065,0.7031358332498778,0.7031358332498778,0.6013318551349163,1.1668761716651856,1.1199999999999999,20.67583130130443,14.430869689661812,hard,0.18544955813401462,0.14652652430670995,0.21539196139556965,0.29000988305525915
0.0,0.0,70.88264271636966,0.1355688866471317,0.25477359436097624,0.7909487973314075,0.7909487973314075,0.6013318551349163,1.257934815481311,1.1199999999999999,22.726416347501864,14.430869689661812,hard,0.18352695219820148,0.14654878195061985,0.2150828645983195,0.28937940909949256
0.0,0.0,70.14518655992998,0.13528618682461682,0.24819018056719172,0.7909487973314075,0.7909487973314075,0.6013318551349163,1.257934815481311,1.1199999999999999,22.66892145647869,14.430869689661812,hard,0.18154012329216018,0.1465683132271865,0.21482583485880757,0.28894254662303853
0.0,0.0,71.8474001581108,0.13494261737652294,0.22926932491384586,0.8207313811473276,0.8207313811473276,0.6013318551349163,1.3114877048604001,1.1199999999999999,23.230505805944045,14.430869689661812,hard,0.1801811131718909,0.14599571533359132,0.21449310236994798,0.2884917272918815
0.0,0.0,72.61933597603665,0.13473815945756745,0.21837366978091077,0.8207313811473276,0.8207313811473276,0.6013318551349163,1.3114877048604001,1.1199999999999999,17.51485084150019,14.430869689661812,hard,0.17915983980481354,0.1458722942092025,0.21427522633387644,0.28841423995844057
0.0,0.0,71.12465581584384,0.13459073662736304,0.20696507993271188,0.8207313811473276,0.8207313811473276,0.6013318551349163,1.3114877048604001,1.1199999999999999,17.388053370058422,14.430869689661812,hard,0.17835507815823612,0.14545228931572984,0.21412886618580088,0.2883483216709398
0.0,0.0,72.25215919294305,0.13458303228259316,0.19621748909893602,0.8306623862918074,0.8306623862918074,0.6013318551349163,1.3067516979135707,1.1199999999999999,19.742299764718393,14.430869689661812,hard,0.17794976574779228,0.14492952521886746,0.21413246690421076,0.28777660987844955
0.0,0.0,70.47597857679949,0.13441710306743415,0.24541512734617102,0.8569714114251419,0.8569714114251419,0.6082762530298219,1.2905812643921342,1.1199999999999999,19.754989243226632,14.430869689661812,hard,0.17754644282948834,0.1443631858916948,0.21398798110733114,0.287519801339948
0.0,0.0,71.68373599970488,0.13439224522649323,0.2379086962586959,0.8646386528486916,0.8646386528486916,0.6082762530298219,1.2845232578665131,1.1199999999999999,22.162093763902366,14.430869689661812,hard,0.17718960361059732,0.1436356797416763,0.21396690568928123,0.28794897271143555
0.0,0.0,71.0531859868291,0.1344256125019923,0.2332700603121829,0.8717797887081347,0.8717797887081347,0.6082762530298219,1.2781236246936365,1.1199999999999999,13.24235628579748,14.430869689661812,hard,0.1772060456700843,0.14293521316387967,0.21393206747595953,0.28820551677330297
0.0,0.0,71.98800965622364,0.13448056388441448,0.23031033502869724,0.87840765023991,0.87840765023991,0.6082762530298219,1.2713772060250255,1.1199999999999999,15.408582024313594,14.430869689661812,hard,0.17692817610810976,0.14177088465978513,0.21400730885879965,0.2884603099821574
0.0,0.0,71.03111463022634,0.13459086741356158,0.2271414993558345,0.87840765023991,0.87840765023991,0.6082762530298219,1.2713772060250255,1.1199999999999999,15.508397725103647,14.430869689661812,hard,0.17695299590479754,0.14090505161982883,0.21413265986386298,0.2885203490979137
0.0,0.0,70.8587413715352,0.13462849054654777,0.22646040018611588,0.87840765023991,0.87840765023991,0.6082762530298219,1.2713772060250255,1.1199999999999999,13.766989503882103,14.430869689661812,hard,0.17696827027578732,0.14009081232315945,0.21425588380633087,0.2884354676658651
0.0,0.0,70.84073327918574,0.13465855141034885,0.2093947681493223,0.8845337754998392,0.8845337754998392,0.6082762530298219,1.2642784503423288,1.1199999999999999,15.854639699469676,14.430869689661812,hard,0.17699967927984306,0.1394504131427068,0.21429418662595243,0.28807620412671664
0.0,0.0,71.32612095995165,0.1347185417092791,0.20758128682198063,0.8845337754998392,0.8845337754998392,0.6082762530298219,1.2642784503423288,1.1199999999999999,17.29277305697383,14.430869689661812,hard,0.17701609036509494,0.13894352259868756,0.21419643163073065,0.2880398949447239
0.0,0.0,71.01954617663819,0.13471348478133952,0.20658635547050977,0.8845337754998392,0.8845337754998392,0.6082762530298219,1.2642784503423288,1.1199999999999999,16.217879022856224,14.430869689661812,hard,0.17704393460391868,0.13838302486215814,0.21416766385779967,0.28788031410265547
0.0,0.0,70.99552132686367,0.1346747370710568,0.20462485327694502,0.8845337754998392,0.8845337754998392,0.6082762530298219,1.2642784503423288,1.1199999999999999,13.817973802262038,14.430869689661812,hard,0.17704393460391868,0.13755422054774127,0.21421548665392284,0.2876163658316514
0.0,0.0,70.97863030712725,0.13467416923380882,0.20310726230863863,0.8845337754998392,0.8845337754998392,0.6082762530298219,1.2642784503423288,1.1199999999999999,13.06783838283899,14.430869689661812,hard,0.17704393460391868,0.1373587434084216,0.21425378440660303,0.28737508398820144
0.0,0.0,71.2099671756186,0.13468858565154768,0.2017401907171967,0.8845337754998392,0.8845337754998392,0.6082762530298219,1.2642784503423288,1.1199999999999999,11.973370452800665,14.430869689661812,hard,0.17704393460391868,0.1373587434084216,0.2142457167450619,0.28729531906126704
0.0,0.0,72.24054683223892,0.13463500687030083,0.20124751615951927,0.8845337754998392,0.8845337754998392,0.6082762530298219,1.2642784503423288,1.1199999999999999,13.669469631262217,14.430869689661812,hard,0.17704393460391868,0.1373587434084216,0.2142505473366243,0.2869519318656753
0.0,0.0,70.9843611531577,0.13454347859777768,0.19271785984392728,0.8845337754998392,0.8845337754998392,0.6082762530298219,1.2642784503423288,1.1199999999999999,14.45856147754679,14.430869689661812,hard,0.1763724156564829,0.13737911762327568,0.2142277092689334,0.28686006823381255
0.0,0.0,71.15553007720227,0.13447695424519118,0.18255519479141677,0.8845337754998392,0.8845337754998392,0.6082762530298219,1.2642784503423288,1.1199999999999999,16.51575005865613,14.430869689661812,hard,0.17573545681816363,0.13725049837249234,0.21421596261307754,0.2869589869582473
0.0,0.0,71.26893933913836,0.13444682625781698,0.173911380035869,0.8845337754998392,0.8845337754998392,0.6082762530298219,1.2642784503423288,1.1199999999999999,18.0772121744477,14.430869689661812,hard,0.1753649211891224,0.1364359738701353,0.21408189153293816,0.28739123877093475
0.0,0.0,70.69170693166387,0.13427066634366813,0.16588386987787754,0.8845337754998392,0.8845337754998392,0.6082762530298219,1.2642784503423288,1.1199999999999999,14.982656640262432,14.430869689661812,hard,0.17498003901860884,0.13618060422995504,0.2136457472112243,0.28720479212170036
0.0,0.0,71.6628581417723,0.1340692352365532,0.1587991628644233,0.8845337754998392,0.8845337754998392,0.6082762530298219,1.2642784503423288,1.1199999999999999,20.04351266619701,14.430869689661812,hard,0.1747041972643277,0.13584522082014858,0.21355441509354814,0.28663215682837867
0.0,0.0,71.89856498349592,0.13359907589735334,0.15189337594086685,0.8845337754998392,0.8845337754998392,0.6082762530298219,1.2642784503423288,1.1199999999999999,23.172233383944672,14.430869689661812,hard,0.17440180207335818,0.13468366385597186,0.21263445342551726,0.2856945318395521
0.0,0.0,71.72268253401066,0.13332018593349074,0.1440301131053593,0.8845337754998392,0.8845337754998392,0.6082762530298219,1.2642784503423288,1.1199999999999999,19.205790793403953,14.430869689661812,hard,0.17432719340283925,0.1340914857989197,0.21209592605396835,0.28525925750997533
0.0,0.0,72.41984847924789,0.13309017369868684,0.13842969202318794,0.8845337754998392,0.8845337754998392,0.6082762530298219,1.2642784503423288,1.1199999999999999,21.316434973981927,14.430869689661812,hard,0.17431666269700502,0.13407431945351242,0.21155470109531588,0.28466462673299003
0.0,0.0,72.7880487042071,0.1326489659783639,0.1339968053978343,0.8845337754998392,0.8845337754998392,0.6082762530298219,1.2642784503423288,1.1199999999999999,24.278130076264105,14.430869689661812,hard,0.17431666269700502,0.13400377525176646,0.21008198432474876,0.2838501847752181
0.0,0.0,76.1567580545749,0.13217265056784144,0.13044557226246373,0.9008884503644167,0.9008884503644167,0.6082762530298219,1.2882546332150333,1.1199999999999999,25.313427266966436,14.430869689661812,hard,0.17431666269700502,0.1340904566248524,0.20842576952625716,0.28305825627915
0.0,0.0,71.9676265887644,0.13187250809118684,0.12817331411898217,0.9008884503644167,0.9008884503644167,0.6082762530298219,1.2882546332150333,1.1199999999999999,19.15686822004056,14.430869689661812,hard,0.17431666269700502,0.13416130166453794,0.20724468807285998,0.28249983389152367
0.0,0.0,72.23145780599535,0.13165671701673476,0.20085406066786912,0.9008884503644167,0.9008884503644167,0.6144916598294886,1.2882546332150333,1.1199999999999999,19.727179220557613,14.430869689661812,hard,0.17425193150079363,0.13421185774446878,0.20640708462201937,0.2820108676850362
0.0,0.0,72.36473094837288,0.13144421944042878,0.19054902008830907,0.9068627239003707,0.9068627239003707,0.6144916598294886,1.2806248474865698,1.1199999999999999,17.578680269007684,14.430869689661812,hard,0.17425193150079363,0.13404355717939534,0.20554642218863522,0.2815363487627659
0.0,0.0,72.73753260816225,0.1311215382011596,0.1808817662461831,0.9123595782365634,0.9123595782365634,0.6144916598294886,1.2726350615946427,1.1199999999999999,19.908229454172965,14.430869689661812,hard,0.17425193150079363,0.13382156960697075,0.20457305301945572,0.28075608964383375
0.0,0.0,71.89802509568129,0.1309190847113287,0.1718778443655316,0.8944271909999159,0.8944271909999159,0.6144916598294886,1.2936769303036981,1.1199999999999999,18.086027756254275,14.430869689661812,hard,0.17408370076647284,0.13385034380783373,0.20391946453488344,0.28007464016222106
0.0,0.0,73.57236932422543,0.13063571897137538,0.16387869282841475,0.9097252332435327,0.9097252332435327,0.6144916598294886,1.284523257866513,0.0,23.290590374655597,14.430869689661812,hard,0.17221309279182145,0.13387373022912144,0.20308803816861268,0.2795907249557199
0.0,0.0,73.92758023592947,0.1300827508994764,0.15598730820523626,0.9008884503644167,0.9008884503644167,0.6144916598294886,1.2491597175701752,0.0,28.5923346371016,14.430869689661812,hard,0.17200588648703208,0.13388730174723784,0.2022609075239873,0.27664591430524776
0.0,0.0,71.10576985052917,0.12990347312954542,0.1482911674737779,0.9008884503644167,0.9008884503644167,0.6144916598294886,1.2491597175701752,0.0,17.018813119603845,14.430869689661812,hard,0.17159639891482836,0.13393411062459015,0.20203151251428775,0.2753963025560933
0.0,0.0,71.32226475906617,0.1296654925662858,0.141291652423095,0.9008884503644167,0.9008884503644167,0.6144916598294886,1.2491597175701752,0.0,18.343347567987692,14.430869689661812,hard,0.17159639891482836,0.13395641128191013,0.2017092210867821,0.2739474985038339
0.0,0.0,71.5829700095243,0.12943164203603202,0.13415306958703763,0.9008884503644167,0.9008884503644167,0.6144916598294886,1.2491597175701752,0.0,21.13424708855274,14.430869689661812,hard,0.17127497549793946,0.13396813423851756,0.20128546374162626,0.2726127887954178
0.0,0.0,71.17517832789193,0.1292004571406814,0.1310952864320935,0.9008884503644167,0.9008884503644167,0.6144916598294886,1.2491597175701752,0.0,15.772431645120545,14.430869689661812,hard,0.17120570704778587,0.13396813423851756,0.20105744711557855,0.2711587296265337
0.0,0.0,71.69273025328535,0.12899864601107597,0.12954636086140042,0.9008884503644167,0.9008884503644167,0.6144916598294886,1.2491597175701752,0.0,18.322401589311376,14.430869689661812,hard,0.17120570704778587,0.13396813423851756,0.20084022676814442,0.2698584075616203
0.0,0.0,73.69033096362759,0.12873473051565182,0.12930237227164823,0.9008884503644167,0.9008884503644167,0.6144916598294886,1.2491597175701752,0.0,21.479860334741474,14.430869689661812,hard,0.17120570704778587,0.13396813423851756,0.20044227789799113,0.26855899991498106
0.0,0.0,71.66772617385087,0.12866028089504736,0.12838563108621684,0.9008884503644167,0.9008884503644167,0.6144916598294886,1.2491597175701752,0.0,16.27655983308512,14.430869689661812,hard,0.17120570704778587,0.13398745404164702,0.20038298669724247,0.2681822556825529
0.0,0.0,71.70346976506316,0.12860006950835656,0.12627183124593172,0.9008884503644167,0.9008884503644167,0.6144916598294886,1.2491597175701752,0.0,17.385925342069083,14.430869689661812,hard,0.17120570704778587,0.13404369655845327,0.2002908437549176,0.26768321307991566
0.0,0.0,71.42518355263472,0.12861928713873072,0.12526430880597722,0.9008884503644167,0.9008884503644167,0.6144916598294886,1.2491597175701752,0.0,13.516523221598074,14.430869689661812,hard,0.17120570704778587,0.134116045109536,0.2003494318300899,0.2676209168402558
0.0,0.0,71.44840021182532,0.12867893738030436,0.12286357199883333,0.9008884503644167,0.9008884503644167,0.6144916598294886,1.2491597175701752,0.0,11.916979483073721,14.430869689661812,hard,0.17120570704778587,0.134116045109536,0.20038079735672165,0.2677436455144835
0.0,0.0,71.60965842517489,0.12873734825609232,0.1221657224040554,0.9008884503644167,0.9008884503644167,0.6144916598294886,1.2491597175701752,0.0,11.955985948469495,14.430869689661812,hard,0.17120570704778587,0.13412187396525727,0.20040488969365977,0.2678783020825339
0.0,0.0,71.34298351333095,0.12879068497356724,0.12152509830387913,0.8616263691415206,0.8616263691415206,0.6144916598294886,1.3016912076218385,0.0,11.518697843072367,14.430869689661812,hard,0.17120570704778587,0.1341583189805101,0.20043777988485523,0.26792300589781576
0.0,0.0,71.65742865193948,0.12882862789065777,0.12084326387264518,0.8616263691415206,0.8616263691415206,0.6144916598294886,1.3016912076218385,0.0,10.663882970100525,14.430869689661812,hard,0.17120570704778587,0.13399190096034674,0.20048863059229674,0.268022992012706
0.0,0.0,71.57855725662587,0.12885931798323538,0.12038521588743326,0.8616263691415206,0.8616263691415206,0.6144916598294886,1.3016912076218385,0.0,10.361100327667907,14.430869689661812,hard,0.17120570704778587,0.13379929039670577,0.20050932797829774,0.26805674958517794
0.0,0.0,71.74645013390476,0.12889884033626373,0.1195320147817126,0.9008884503644167,0.9008884503644167,0.6144916598294886,1.3370115930686612,0.13999999999999999,12.05925370825243,14.430869689661812,hard,0.17120570704778587,0.13372836183297537,0.20050177329812655,0.2679282028797384
0.0,0.0,71.68820670835514,0.12891095569229277,0.1191347025410893,0.9008884503644167,0.9008884503644167,0.6144916598294886,1.3370115930686612,0.27999999999999997,12.494302701631652,14.430869689661812,hard,0.17120570704778587,0.13364899488593357,0.2004591256347387,0.26773201761209825
0.0,0.0,72.10005199022093,0.12892253171998752,0.1183594872495885,0.9008884503644167,0.9008884503644167,0.6144916598294886,1.3370115930686612,0.5599999999999999,12.573877683515137,14.430869689661812,hard,0.17120570704778587,0.1335345047430991,0.20043747725207084,0.2675559978882753
0.0,0.0,72.04219026173557,0.12893393084614962,0.11661898622001711,0.9008884503644167,0.9008884503644167,0.6144916598294886,1.3370115930686612,0.5599999999999999,14.316996891806605,14.430869689661812,hard,0.171191453939788,0.13344354437524727,0.2004443929363888,0.2673693386398509
0.0,0.0,71.49587405258328,0.12893661000867543,0.11381467682327959,0.9008884503644167,0.9008884503644167,0.6144916598294886,1.3370115930686612,0.5599999999999999,11.997149661482098,14.430869689661812,hard,0.171191453939788,0.13324094302113784,0.20048864554481882,0.26727169625204006
0.0,0.0,72.12433647283385,0.12890697701166848,0.23496231637038817,0.9457272334029511,0.9457272334029511,0.6248199740725324,1.3937001112147476,0.5599999999999999,16.160754932861273,14.430869689661812,hard,0.17001720060434555,0.13229188808290865,0.20048714618990193,0.26726005636781397
0.0,0.0,72.6200048090508,0.12879898819930496,0.23384807128995788,0.9871170143402452,0.9871170143402452,0.6248199740725324,1.3862178760930766,0.5599999999999999,15.110592311355633,14.430869689661812,hard,0.16795006026563283,0.1316454801025693,0.2004842247357153,0.267211470120943
0.0,0.0,72.22879100475556,0.12873232601621412,0.2333728517571691,0.9871170143402452,0.9871170143402452,0.6248199740725324,1.3862178760930766,0.5599999999999999,12.058606884711018,14.430869689661812,hard,0.16648626811419717,0.1314319143283686,0.20048280263757137,0.26718090254488064
0.0,0.0,72.57960964482888,0.12875842601941326,0.23262100122590754,0.9871170143402452,0.9871170143402452,0.6248199740725324,1.3862178760930766,0.5599999999999999,21.074240199826896,14.430869689661812,hard,0.16544495771141512,0.13076422938549007,0.20059526421194473,0.26664078802814456
0.0,0.0,73.16124010043691,0.12873594160482876,0.2313570053756898,0.9871170143402452,0.9871170143402452,0.6248199740725324,1.3862178760930766,0.5599999999999999,15.916582547770735,14.430869689661812,hard,0.16438046894102765,0.1298064127850724,0.20062775981926126,0.26644418354489013
0.0,0.0,71.78121346689028,0.12871876592209736,0.22982008310503227,0.9734474818910367,0.9734474818910367,0.6248199740725324,1.3892443989449805,0.5599999999999999,15.452067822786697,14.430869689661812,hard,0.1630475149050772,0.1292224370078627,0.2006308645860679,0.2663238131560531
0.0,0.0,72.51685587701677,0.12870221752256217,0.22943778320519886,0.9734474818910367,0.9734474818910367,0.6248199740725324,1.3892443989449805,0.5599999999999999,12.755485094656338,14.430869689661812,hard,0.161999104463684,0.12881327349083202,0.2006329379922824,0.2662412824524449
0.0,0.0,71.91322567369922,0.12871942067584338,0.2290334976980116,0.9734474818910367,0.9734474818910367,0.6248199740725324,1.3892443989449805,0.5599999999999999,10.849589853999092,14.430869689661812,hard,0.16157340550867616,0.12881327349083202,0.20063611656006017,0.26614879036447286
0.0,0.0,55.21608404841082,0.12875045401287347,0.2281287103046633,0.9734474818910367,0.9734474818910367,0.6248199740725324,1.3892443989449805,0.5599999999999999,15.09299175114066,14.430869689661812,hard,0.16060368492042051,0.1287198947588522,0.20062838557405302,0.2660260973657022
