step,timestamp,reward,coverage,cov_trace,altitude,alt_idx,loop_closures,altitude_changes,frontier_count,new_cells,map_seed,difficulty,cov_alt0,cov_alt1,cov_alt2,cov_alt3
0.0,0.0,34.067492942979904,0.00828111890802764,0.014421962307495569,0.0,0.0,0.0,0.0,0.0,34.010992340712434,14.430869689661812,hard,0.027041415955411013,0.01611618524573124,0.0,0.0
0.0,0.0,45.546728070308546,0.010184152993145436,0.036868097926105,0.0,0.0,0.0,0.0,0.0,45.09988913511872,14.430869689661812,hard,0.030798252795139636,0.01823080720315925,0.0,0.0
0.0,0.0,42.0970523498039,0.012527606105653816,0.06716791939917922,0.0,0.0,0.0,0.0,0.0,41.77078404818373,14.430869689661812,hard,0.03591492299695813,0.02158313338481591,0.0,0.0
0.0,0.0,42.91294792040946,0.01458374266644229,0.09670084112660955,0.0,0.0,0.0,0.0,0.0,42.84665214459584,14.430869689661812,hard,0.040895870645985787,0.024821209739230844,0.0,0.0
0.0,0.0,42.1398377777423,0.01629134308474967,0.12844268385970115,0.0,0.0,0.0,0.0,0.0,41.580745544061614,14.430869689661812,hard,0.043976616434467215,0.028619571826091282,0.0,0.0
0.0,0.0,39.27214152935084,0.0179217145562894,0.15977690858427387,0.0,0.0,0.0,0.0,0.0,39.07853119041195,14.430869689661812,hard,0.047764731322319384,0.03185293921713123,0.0,0.0
0.0,0.0,36.06637628065512,0.01951199676812683,0.1879244514681403,0.0,0.0,0.0,0.0,0.0,35.86479610983451,14.430869689661812,hard,0.05191724470226309,0.033781226642569655,0.0,0.0
0.0,0.0,36.147643110237475,0.021503928635150295,0.21758952210807417,0.0,0.0,0.0,0.0,0.0,35.07558124963862,14.430869689661812,hard,0.055832214863486454,0.03776129570614054,0.0,0.0
0.0,0.0,28.9694761412939,0.022628413920283953,0.24627441339467515,0.0,0.0,0.0,0.0,0.0,28.47705040905747,14.430869689661812,hard,0.05878038608837063,0.039309055210092966,0.0,0.0
0.0,0.0,32.549381478900806,0.024542628784379288,0.27942427105417533,0.0,0.0,0.0,0.0,0.0,32.1477837494282,14.430869689661812,hard,0.06317786764256772,0.04263794197824817,0.0,0.0
0.0,0.0,20.8464674620981,0.02547505067308071,0.30637759778829743,0.0,0.0,0.0,0.0,0.0,20.515564822836346,14.430869689661812,hard,0.06541307285060778,0.044147215605207256,0.0,0.0
0.0,0.0,32.86642185366448,0.027091282451307316,0.3365520264479472,0.0,0.0,0.0,0.0,0.0,32.560890651209164,14.430869689661812,hard,0.06940383128737015,0.04651082180303376,0.0,0.0
0.0,0.0,27.087050216433703,0.02830051541500018,0.361863140642378,0.0,0.0,0.0,0.0,0.0,26.5243736966587,14.430869689661812,hard,0.07235072346816199,0.04832636582764382,0.0,0.0
0.0,0.0,34.52388112955885,0.02884395231981535,0.3879205754521366,0.0,0.0,0.0,0.0,0.0,34.83963260426263,14.430869689661812,hard,0.07383334812746138,0.04907111110357959,0.0,0.0
0.0,0.0,25.220651657495736,0.02955512987200004,0.4121355165326651,0.0,0.0,0.0,0.0,0.0,24.368906417810383,14.430869689661812,hard,0.07561190613133804,0.05026312363773377,0.0,0.0
0.0,0.0,17.364990648314425,0.0297437298425043,0.4335966153250287,0.0,0.0,0.0,0.0,0.0,17.74013528697005,14.430869689661812,hard,0.0761741916987624,0.05042706152016919,0.0,0.0
0.0,0.0,16.963914150580607,0.03011282748246098,0.45528733404539173,0.0,0.0,0.0,0.0,0.0,16.34972782648078,14.430869689661812,hard,0.07685839246847027,0.051151265147172546,0.0,0.0
0.0,0.0,16.105211781598832,0.030239787620787325,0.4776136217702105,0.0,0.0,0.0,0.0,0.0,15.27303506183365,14.430869689661812,hard,0.07682103846037668,0.05161541753850381,0.0,0.0
0.0,0.0,16.22465267141593,0.03041579070440632,0.5014485817206291,0.0,0.0,0.0,0.0,0.0,15.593024081299948,14.430869689661812,hard,0.07680254357365425,0.05231649269303864,0.0,0.0
0.0,0.0,24.275871740274763,0.030883090151825936,0.5252085894646995,0.0,0.0,0.0,0.0,0.0,16.182014707693227,14.430869689661812,hard,0.07785099320422728,0.05314153586353235,0.0,0.0
0.0,0.0,21.725176588417494,0.03125790795374597,0.549713733811887,0.13999999999999999,0.13999999999999999,0.0,0.13999999999999999,0.0,19.045429898009658,14.430869689661812,hard,0.07871993142688351,0.05397439110544229,0.0022256410256410258,0.0
0.0,0.0,50.808446155141255,0.03182712462470729,0.5672576615595188,0.2712931993250107,0.2712931993250107,0.0,0.2712931993250107,0.0,45.6953433076063,14.430869689661812,hard,0.07939442898726219,0.05507132507461609,0.012789194347684952,0.0
0.0,0.0,64.48394080081677,0.03297317279844462,0.5827746316990292,0.3469870314579494,0.3469870314579494,0.0,0.3469870314579494,0.0,59.507162594094495,14.430869689661812,hard,0.08049448281512188,0.057645609848805554,0.021251759942891045,0.0
0.0,0.0,67.58197045442408,0.03307825197211128,0.5945124218125968,0.41424630354415953,0.41424630354415964,0.0,0.41424630354415964,0.0,62.11068829114679,14.430869689661812,hard,0.07997329765767991,0.058878473143571614,0.028348881858722374,0.0
0.0,0.0,76.83361666391866,0.036314067604616605,0.6120179327860279,0.44899888641287294,0.44899888641287294,0.0,0.44899888641287294,0.0,72.86151247400784,14.430869689661812,hard,0.08122804129628518,0.065660084734004,0.036625406400760264,0.0
0.0,0.0,55.12018914191218,0.039472598758013275,0.6354562688422474,0.44899888641287294,0.44899888641287294,0.0,0.44899888641287294,0.0,54.909485519352664,14.430869689661812,hard,0.08158969744054514,0.07265848504050687,0.04239047155206357,0.0
0.0,0.0,38.9534132262935,0.04167891703359502,0.6598008806683746,0.44899888641287294,0.44899888641287294,0.0,0.44899888641287294,0.0,39.11368047115996,14.430869689661812,hard,0.08210207287363151,0.07776696086531443,0.04598961080775324,0.0
0.0,0.0,50.811486615631964,0.04500283149489529,0.6842316958116095,0.44899888641287294,0.44899888641287294,0.0,0.44899888641287294,0.0,49.95727774809192,14.430869689661812,hard,0.08416316757816389,0.08489168830041009,0.05026873524054219,0.0
0.0,0.0,47.40718956742558,0.04769631687717585,0.7081647600696319,0.44899888641287294,0.44899888641287294,0.0,0.44899888641287294,0.0,39.94007511259838,14.430869689661812,hard,0.08822496989066057,0.08904652301558233,0.0539299799418172,0.0
0.0,0.0,43.74365522672216,0.05089909089806684,0.7329925801305379,0.44899888641287294,0.44899888641287294,0.0,0.44899888641287294,0.0,43.49345238078946,14.430869689661812,hard,0.0912614761795468,0.09438090536199126,0.059089399868660714,0.0
0.0,0.0,45.373568838035474,0.05379657742757977,0.759291037105411,0.44899888641287294,0.44899888641287294,0.0,0.44899888641287294,0.0,44.595555832392094,14.430869689661812,hard,0.09427774382847648,0.0989050918108425,0.06344647635269084,0.0
0.0,0.0,46.778058054241846,0.0559044675194377,0.7803212467240767,0.44899888641287294,0.44899888641287294,0.0,0.44899888641287294,0.0,39.36392256876847,14.430869689661812,hard,0.09711289301782243,0.10184622588606561,0.06695239471144335,0.0
0.0,0.0,34.56777147565248,0.05742717919451431,0.8022791824073104,0.44899888641287294,0.44899888641287294,0.0,0.44899888641287294,0.0,31.704264697355782,14.430869689661812,hard,0.09878562222853479,0.1037805760137036,0.0698060538495778,0.0
0.0,0.0,42.80065138749192,0.060192703895620946,0.8268905024848145,0.44899888641287294,0.44899888641287294,0.0,0.44899888641287294,0.0,38.488341091816366,14.430869689661812,hard,0.10108424047777563,0.10808176543368762,0.07385195890790776,0.0
0.0,0.0,42.7185890770915,0.06308611923710249,0.854269906436469,0.44899888641287294,0.44899888641287294,0.0,0.44899888641287294,0.0,40.19765664811818,14.430869689661812,hard,0.10553062864466192,0.11261236595368644,0.07706614372899351,0.0
0.0,0.0,43.41523579299969,0.06530832493932531,0.8759915077182179,0.44899888641287294,0.44899888641287294,0.0,0.44899888641287294,0.0,42.74667706383737,14.430869689661812,hard,0.10839434770519955,0.11724268482979616,0.07931493262132014,0.0
0.0,0.0,49.263008554644806,0.06818314910659794,0.8937080847733121,0.44899888641287294,0.44899888641287294,0.0,0.44899888641287294,0.0,44.031098101228416,14.430869689661812,hard,0.11095392712552672,0.12150843485189114,0.08400629097521176,0.0
0.0,0.0,56.197169256165566,0.0701371399240239,0.9153847618520716,0.44899888641287294,0.44899888641287294,0.0,0.44899888641287294,0.0,50.46107410668147,14.430869689661812,hard,0.11233496012229197,0.12412379029488274,0.08779930031109393,0.0
0.0,0.0,38.06610664645686,0.07124636046280423,0.9368765761592283,0.44899888641287294,0.44899888641287294,0.0,0.44899888641287294,0.0,38.27383440419839,14.430869689661812,hard,0.11296400104197034,0.12629943039797892,0.0894500106298158,0.0
0.0,0.0,31.048147757661777,0.07293951745616836,0.9577859865992612,0.44899888641287294,0.44899888641287294,0.0,0.44899888641287294,0.0,27.817555607925005,14.430869689661812,hard,0.11425197311565928,0.12845764565487697,0.09272485071562475,0.0
0.0,0.0,29.08298725286443,0.07488162993401824,0.9812541470131776,0.44899888641287294,0.44899888641287294,0.0,0.44899888641287294,0.0,28.427001248812715,14.430869689661812,hard,0.1161448121555898,0.13091771861531404,0.09613319697421972,0.0
0.0,0.0,45.87070059229359,0.07665885226181217,1.0038348893380253,0.44899888641287294,0.44899888641287294,0.0,0.44899888641287294,0.0,40.23707742866024,14.430869689661812,hard,0.11712402423771807,0.13335317937366706,0.09982743067359846,0.0
0.0,0.0,47.08190098722585,0.07919698072848286,1.0287649212810608,0.44899888641287294,0.44899888641287294,0.0,0.44899888641287294,0.0,46.84963607115855,14.430869689661812,hard,0.11885006839357193,0.13660852327768053,0.10439060337517614,0.0
0.0,0.0,38.004365752891076,0.08076832782748158,1.051362835391088,0.44899888641287294,0.44899888641287294,0.0,0.44899888641287294,0.0,31.115275991062656,14.430869689661812,hard,0.11995015099617463,0.1387974636384615,0.10721986011855594,0.0
0.0,0.0,39.24430724345106,0.08250285998287754,1.0708898084949017,0.49999999999999994,0.4999999999999999,0.0,0.4999999999999999,0.0,36.81645827615687,14.430869689661812,hard,0.12127266089972577,0.14088139467987304,0.11148812459405799,0.004478346456692911
0.0,0.0,56.81593429933377,0.08455564396744544,1.088873437530438,0.5141984052872977,0.5141984052872977,0.0,0.5141984052872977,0.0,51.321730290394534,14.430869689661812,hard,0.12381516830053046,0.14324555365367003,0.11465080351219367,0.004478346456692911
0.0,0.0,41.51582500584659,0.08703857486714138,1.1005441730831378,0.5617828762075255,0.5617828762075255,0.0,0.5617828762075255,0.0,38.2406119197902,14.430869689661812,hard,0.12599313106033969,0.14616624492845617,0.11841655632001341,0.00558306817727474
0.0,0.0,32.93755381902481,0.08888915047113173,1.1077371744822155,0.5617828762075255,0.5617828762075255,0.0,0.5617828762075255,0.0,32.3818529426591,14.430869689661812,hard,0.1276899254071849,0.14818326522925132,0.12164552241025173,0.00558306817727474
0.0,0.0,72.683863232976,0.09078420632492855,1.112240667465659,0.6053098380168623,0.6053098380168623,0.0,0.6053098380168623,0.0,62.890380822507346,14.430869689661812,hard,0.12974376539722415,0.1508924772529674,0.12493409385709425,0.011772806438586381
0.0,0.0,68.71827421044247,0.09055466614073575,1.106877492504287,0.6082762530298219,0.6082762530298219,0.0,0.6082762530298219,0.0,61.711396030230915,14.430869689661812,hard,0.13102836415687572,0.15062996271865228,0.12580807144806744,0.014807534645507804
0.0,0.0,48.43476347800536,0.09191355937517362,1.1111421772259447,0.6082762530298219,0.6082762530298219,0.0,0.6082762530298219,0.0,48.70650469906459,14.430869689661812,hard,0.13301830825472238,0.15285860261630413,0.12928435436234986,0.017565203086574836
0.0,0.0,53.207807141912035,0.09378497093015979,1.1148920546074195,0.6082762530298219,0.6082762530298219,0.0,0.6082762530298219,0.0,48.495624544900956,14.430869689661812,hard,0.1355394991045674,0.15542408957219522,0.13256663748983263,0.020505291476928245
0.0,0.0,46.1838719934285,0.09549548819109002,1.120836977690783,0.6082762530298219,0.6082762530298219,0.0,0.6082762530298219,0.0,37.14643455299579,14.430869689661812,hard,0.13756549084137018,0.15839608545796408,0.13523485834577878,0.02241937356597214
0.0,0.0,43.495518179494056,0.09713911375881734,1.1277131666329345,0.6082762530298219,0.6082762530298219,0.0,0.6082762530298219,0.0,40.9331161774913,14.430869689661812,hard,0.13912753955412663,0.16075865019707716,0.1383940519726382,0.0255493569049652
0.0,0.0,34.997744627957196,0.09875196262652888,1.1336023815909588,0.6082762530298219,0.6082762530298219,0.0,0.6082762530298219,0.0,33.16446290836021,14.430869689661812,hard,0.14119981107059842,0.16242010655928707,0.1411576345838398,0.02731200043407523
0.0,0.0,38.37513989643291,0.10037663828653337,1.1414498604429475,0.6082762530298219,0.6082762530298219,0.0,0.6082762530298219,0.0,29.485732142851734,14.430869689661812,hard,0.14278221230849858,0.16425122157374433,0.14421854064268536,0.02992659663258562
0.0,0.0,40.52676527272579,0.10253828257449657,1.1526705613864199,0.6082762530298219,0.6082762530298219,0.0,0.6082762530298219,0.0,40.5401973354842,14.430869689661812,hard,0.14407901412836935,0.16673136617227124,0.14787035519388775,0.03380721972810115
0.0,0.0,44.57051714131272,0.10467016558856904,1.1625217321936046,0.6082762530298219,0.6082762530298219,0.0,0.6082762530298219,0.0,40.88960748160833,14.430869689661812,hard,0.14492950317101072,0.1701534380148233,0.15140620743570385,0.03602797452246954
0.0,0.0,37.62522546518862,0.10596139580164461,1.1725095086608586,0.6082762530298219,0.6082762530298219,0.0,0.6082762530298219,0.0,33.21683910308144,14.430869689661812,hard,0.14545236313229895,0.17230742948615224,0.15396634606291862,0.03602797452246954
0.0,0.0,26.86689756130121,0.10713857986794814,1.181553782594503,0.6082762530298219,0.6082762530298219,0.0,0.6082762530298219,0.0,23.414192277334703,14.430869689661812,hard,0.14643961134050068,0.1735815858618195,0.15611830786857567,0.03602797452246954
0.0,0.0,42.31570723082128,0.10761756443058693,1.1875253943832929,0.6082762530298219,0.6082762530298219,0.0,0.6082762530298219,0.0,40.89479673503708,14.430869689661812,hard,0.14632377489060658,0.17368995235070064,0.15836597793272253,0.03602797452246954
0.0,0.0,36.37906323906686,0.10870848083406057,1.1924499558768993,0.6082762530298219,0.6082762530298219,0.0,0.6082762530298219,0.0,35.83564705708549,14.430869689661812,hard,0.14764150722280278,0.17473101744243902,0.15993354242293972,0.03602797452246954
0.0,0.0,27.57851439190549,0.10909268395409082,1.1912437993573963,0.6082762530298219,0.6082762530298219,0.0,0.6082762530298219,0.0,27.553584158871242,14.430869689661812,hard,0.14805088398874433,0.17452763863286166,0.16140503741787124,0.036169652945658645
0.0,0.0,24.897254160561594,0.10943245404712865,1.190937929206152,0.6082762530298219,0.6082762530298219,0.0,0.6082762530298219,0.0,23.585665137960387,14.430869689661812,hard,0.14836868403290798,0.17467640050795616,0.16239995607498112,0.036620161866849764
0.0,0.0,24.713441264423274,0.10963592423313702,1.1913588895180522,0.6082762530298219,0.6082762530298219,0.0,0.6082762530298219,0.0,24.609754163745727,14.430869689661812,hard,0.14835368084412792,0.17451282652314665,0.16356303801754338,0.03737457090534704
0.0,0.0,19.579465905526817,0.11006017157971876,1.1922622791555513,0.6082762530298219,0.6082762530298219,0.0,0.6082762530298219,0.0,18.785409231635068,14.430869689661812,hard,0.14878255817301111,0.1747808629106896,0.16466699255673062,0.03808177110146335
0.0,0.0,20.975723165710843,0.11063872137906133,1.1934391111694536,0.6082762530298219,0.6082762530298219,0.0,0.6082762530298219,0.0,20.632440476104616,14.430869689661812,hard,0.14983355875459972,0.17525791148132858,0.1654945142662003,0.039205219171559634
0.0,0.0,25.285468975098198,0.1115964075111999,1.1954031275705774,0.6082762530298219,0.6082762530298219,0.0,0.6082762530298219,0.0,24.625685777252983,14.430869689661812,hard,0.15104152848986355,0.17694578401402558,0.16641181264299096,0.04029360190402766
0.0,0.0,12.25740133436694,0.11156029245341716,1.1971414767882773,0.6082762530298219,0.6082762530298219,0.0,0.6082762530298219,0.0,11.917197657167561,14.430869689661812,hard,0.15118110693179623,0.17675817112896003,0.16655610593661016,0.04029360190402766
0.0,0.0,13.11160298101082,0.11151249514428695,1.1994939280986499,0.6082762530298219,0.6082762530298219,0.0,0.6082762530298219,0.0,12.94574833680927,14.430869689661812,hard,0.15092116484285995,0.1766191405824385,0.16690505418696952,0.04029360190402766
0.0,0.0,62.248910734988925,0.11153641311420567,1.2035291854966514,0.6069596362197408,0.6069596362197408,0.0,0.6069596362197408,0.0,59.0344170802084,14.430869689661812,hard,0.15057420399383667,0.17621271961126386,0.16755139594900886,0.04029360190402766
0.0,0.0,44.90396629832542,0.11207994880436309,1.2033864870219952,0.6374950980203691,0.6374950980203691,0.0,0.6374950980203691,0.0,42.253993894068756,14.430869689661812,hard,0.15094408081609992,0.17662333691323948,0.16930939301645997,0.04118777548876653
0.0,0.0,61.306945334108924,0.11134334621565282,1.1982644068212427,0.6324555320336759,0.6324555320336759,0.0,0.6324555320336759,0.0,57.38646530324028,14.430869689661812,hard,0.15059798941597102,0.17515980668533937,0.169079509885584,0.04183098768462881
0.0,0.0,48.21404438161542,0.11126034275718696,1.197849279899887,0.6560487786742689,0.656048778674269,0.0,0.656048778674269,0.0,42.69692728991162,14.430869689661812,hard,0.15096189965520684,0.17427114416670159,0.16892347968962465,0.042532045455078486
0.0,0.0,55.02227546474695,0.11056028707268745,1.1963783152381458,0.6462197768561405,0.6462197768561405,0.0,0.6462197768561405,0.0,49.36434340695721,14.430869689661812,hard,0.15088879727128135,0.17315763426798678,0.16794169610787957,0.042532045455078486
0.0,0.0,43.33969172072437,0.11103284285146095,1.1973057081302978,0.6462197768561405,0.6462197768561405,0.0,0.6462197768561405,0.0,37.73494931757562,14.430869689661812,hard,0.15128599188219127,0.1732384275797721,0.16924314012270072,0.04582952227354916
0.0,0.0,40.97154303874689,0.11115536545410622,1.1962132660468159,0.6462197768561405,0.6462197768561405,0.0,0.6462197768561405,0.0,40.22447513641414,14.430869689661812,hard,0.1515668196625037,0.17368027052768423,0.16984306334025812,0.046017033383135
0.0,0.0,40.477836155408724,0.11154431565869913,1.195621693540914,0.6462197768561405,0.6462197768561405,0.0,0.6462197768561405,0.0,36.92784315391301,14.430869689661812,hard,0.15193277765401705,0.1746260709876976,0.17075508215177487,0.04713363072109315
0.0,0.0,57.46636378378635,0.11224132022209642,1.1944693719196093,0.6462197768561405,0.6462197768561405,0.0,0.6462197768561405,0.0,46.58325879540846,14.430869689661812,hard,0.15167562524056927,0.17590270194583793,0.1723047192250204,0.04883847413066566
0.0,0.0,63.10783351127815,0.11233385375876703,1.1949076460016568,0.6462197768561405,0.6462197768561405,0.0,0.6462197768561405,0.0,63.4992566885629,14.430869689661812,hard,0.1514852088135204,0.1762401242880895,0.17340371608935498,0.05060759740926598
0.0,0.0,36.210675127764056,0.1125364259933923,1.195895314159947,0.6462197768561405,0.6462197768561405,0.0,0.6462197768561405,0.0,33.55938616840302,14.430869689661812,hard,0.15131796102358389,0.17706670214761222,0.17406002323381736,0.05122937418275559
0.0,0.0,36.85435960321223,0.11303326675353975,1.1962048863706685,0.6462197768561405,0.6462197768561405,0.0,0.6462197768561405,0.0,36.63441551328477,14.430869689661812,hard,0.15225719596020107,0.17827740480711524,0.17534406580696682,0.05167694364894193
0.0,0.0,38.95912504052998,0.1132659907126074,1.1958025427689962,0.6462197768561405,0.6462197768561405,0.0,0.6462197768561405,0.0,34.93049670416955,14.430869689661812,hard,0.15245465280042458,0.17875898504475418,0.17619142459096251,0.05216451557241385
0.0,0.0,37.41521434795821,0.11370742134578313,1.1963003815199427,0.6462197768561405,0.6462197768561405,0.0,0.6462197768561405,0.0,33.98470244095129,14.430869689661812,hard,0.15241692217531624,0.17977692938572415,0.17705986626559353,0.05351564726097641
0.0,0.0,40.037388550721445,0.11388684361125702,1.194910008280263,0.6462197768561405,0.6462197768561405,0.0,0.6462197768561405,0.0,32.80792587165485,14.430869689661812,hard,0.15228724605163083,0.1802428340347563,0.17763786514400312,0.05381382484703752
0.0,0.0,57.222068524160484,0.11391441219309094,1.1943897540769082,0.6462197768561405,0.6462197768561405,0.0,0.6462197768561405,0.0,51.02612664116295,14.430869689661812,hard,0.15350889534341686,0.18069652793243238,0.1777843442635999,0.05389008366883879
0.0,0.0,40.54257078146383,0.11410303108163732,1.1946087628493145,0.6462197768561405,0.6462197768561405,0.0,0.6462197768561405,0.0,33.759881516379764,14.430869689661812,hard,0.1536868192301181,0.18134453031200248,0.1781556482319233,0.05389008366883879
0.0,0.0,34.83327832660412,0.11438926473253697,1.195765764418399,0.6462197768561405,0.6462197768561405,0.0,0.6462197768561405,0.0,33.749317030126704,14.430869689661812,hard,0.15411186623192322,0.18197732166632613,0.17870919241646074,0.05446490148443923
0.0,0.0,24.16404134259551,0.11441658988918298,1.1930761234081662,0.6462197768561405,0.6462197768561405,0.0,0.6462197768561405,0.0,24.097543443264087,14.430869689661812,hard,0.1542275874881489,0.18207758171414506,0.1790897486971794,0.05449027168931595
0.0,0.0,22.976750181841677,0.11484271395360111,1.191557416165495,0.6462197768561405,0.6462197768561405,0.0,0.6462197768561405,0.0,22.553616118041916,14.430869689661812,hard,0.154157110603262,0.18246465547009091,0.18025767060961553,0.05634734320024089
0.0,0.0,15.95012074626642,0.11511844549701236,1.1927788975299183,0.6462197768561405,0.6462197768561405,0.0,0.6462197768561405,0.0,15.766496123108645,14.430869689661812,hard,0.1543907317293379,0.18276104255478917,0.18073345856608944,0.056879859311767006
0.0,0.0,23.675678322830485,0.11523444756269882,1.1948296511329826,0.6462197768561405,0.6462197768561405,0.0,0.6462197768561405,0.0,20.034060996213423,14.430869689661812,hard,0.15468814474511874,0.18275341612585447,0.1812710056798441,0.05772645514376318
0.0,0.0,29.705715901969118,0.11546389901323412,1.194517752373762,0.7,0.7,0.0,0.7,0.0,27.37441140919746,14.430869689661812,hard,0.1548744450400894,0.18285899770606015,0.1819482317982443,0.061020098312527776
0.0,0.0,30.16491913899178,0.11618812322232751,1.1984356553946944,0.7,0.7,0.0,0.7,0.0,26.788027176333834,14.430869689661812,hard,0.15575199443194798,0.18343477906187242,0.1835494941739395,0.06272093579619178
0.0,0.0,60.399045717693774,0.1160476741507159,1.195734863837931,0.7432361670424819,0.7432361670424819,0.0,0.7432361670424819,0.0,56.05263240919199,14.430869689661812,hard,0.1565955494294939,0.18290749182742955,0.18467852747886576,0.06384773999935642
0.0,0.0,48.25313925770887,0.11536667907708884,1.1853019382164962,0.7745966692414834,0.7745966692414834,0.0,0.7745966692414834,0.0,44.36215053398561,14.430869689661812,hard,0.15718716036753846,0.18093388612058914,0.1844188445949301,0.06429440129316687
0.0,0.0,29.45453981533606,0.11575969235091652,1.1874197463525544,0.7922120928135343,0.7922120928135343,0.0,0.7922120928135343,0.0,25.753104667204692,14.430869689661812,hard,0.157934871158364,0.18138257101021824,0.18513249821909908,0.06458125702997342
0.0,0.0,27.328109727769167,0.11657299534753784,1.1916561250594286,0.7922120928135343,0.7922120928135343,0.0,0.7922120928135343,0.0,26.093869011704644,14.430869689661812,hard,0.1586638466258614,0.18213271307531406,0.1868428341079312,0.06570648795641537
0.0,0.0,66.9452272046373,0.11630446672284368,1.186723229557533,0.8158431221748456,0.8158431221748456,0.0,0.8158431221748456,0.0,60.05665325340732,14.430869689661812,hard,0.1588720073169457,0.18189686222907162,0.187815669434457,0.06715945075080709
0.0,0.0,56.275369217655836,0.1174445179745601,1.186926184667684,0.806225774829855,0.806225774829855,0.0,0.806225774829855,0.0,49.4009109227755,14.430869689661812,hard,0.1599579037649143,0.18362592352009777,0.19044141912993773,0.06845513377279726
0.0,0.0,48.376492371855065,0.11935668244329946,1.1859185964875518,0.806225774829855,0.806225774829855,0.0,0.806225774829855,0.0,48.46800594206451,14.430869689661812,hard,0.16222072417401798,0.18676164003606244,0.19356207975597386,0.06914397845741765
0.0,0.0,36.41609828878673,0.11998309267876069,1.1862470795924964,0.806225774829855,0.806225774829855,0.0,0.806225774829855,0.0,36.19040756885725,14.430869689661812,hard,0.16308493628224296,0.18763150237398168,0.1949949623149737,0.06972710690107561
0.0,0.0,57.13740195129817,0.12099269920711263,1.1878180982529116,0.806225774829855,0.806225774829855,0.0,0.806225774829855,0.0,47.79357278965447,14.430869689661812,hard,0.16434836730918748,0.18890193487025164,0.1964455245702595,0.06981639740448745
0.0,0.0,29.02194404353154,0.1218717503507578,1.1893796233472396,0.806225774829855,0.806225774829855,0.0,0.806225774829855,0.0,28.763344729012307,14.430869689661812,hard,0.16527991531891142,0.19001246617570214,0.19762109666441904,0.06993027708601285
0.0,0.0,53.28668897179658,0.12235851950872852,1.1901979433209435,0.806225774829855,0.806225774829855,0.0,0.806225774829855,0.0,45.7257039311589,14.430869689661812,hard,0.16584638758162706,0.19118092037261164,0.19835116320027713,0.06993027708601285
0.0,0.0,46.95185306835434,0.12373274813171098,1.1905639265365882,0.806225774829855,0.806225774829855,0.0,0.806225774829855,0.0,40.18760505429504,14.430869689661812,hard,0.16738216239344725,0.1940895387606721,0.19965414813199447,0.06993027708601285
0.0,0.0,37.79052542156472,0.12470179277037312,1.1904653552023345,0.806225774829855,0.806225774829855,0.0,0.806225774829855,0.0,36.05423137441707,14.430869689661812,hard,0.16832341743170667,0.1961032969508957,0.2008106669705951,0.0699369497339506
0.0,0.0,28.84238231825554,0.12512108528707633,1.1916500589839127,0.806225774829855,0.806225774829855,0.0,0.806225774829855,0.0,27.822120695590407,14.430869689661812,hard,0.16878983285584948,0.19708104227931988,0.201215987304356,0.06996431781135416
0.0,0.0,31.751627754753862,0.12547339057252127,1.190674156029168,0.806225774829855,0.806225774829855,0.0,0.806225774829855,0.0,31.10675810816678,14.430869689661812,hard,0.16928794095558689,0.19767602712302224,0.20155979442191135,0.06997132910274813
0.0,0.0,33.160659996173536,0.12577233657442624,1.1911390680271432,0.806225774829855,0.806225774829855,0.0,0.806225774829855,0.0,27.88229545787075,14.430869689661812,hard,0.16966350939098135,0.19831372209869783,0.20190464858442178,0.06997840806255078
0.0,0.0,17.421528515395604,0.1259940289902118,1.1915337074003618,0.806225774829855,0.806225774829855,0.0,0.806225774829855,0.0,17.183294212693912,14.430869689661812,hard,0.17003498946887186,0.19879968560742914,0.20216704730319546,0.07005291481290571
0.0,0.0,28.60305784222487,0.12633786392770166,1.19164063442324,0.806225774829855,0.806225774829855,0.0,0.806225774829855,0.0,22.03270296627266,14.430869689661812,hard,0.17017651566605657,0.1992458228694003,0.20270208206393342,0.07046366279205972
0.0,0.0,47.067177806726576,0.12668470377258778,1.1909167209419829,0.806225774829855,0.806225774829855,0.0,0.806225774829855,0.0,46.85357617087515,14.430869689661812,hard,0.16990296109199138,0.19953650891961397,0.20393529533914334,0.0713746053504026
0.0,0.0,37.002409690804434,0.1272411507243257,1.1913050535228726,0.806225774829855,0.806225774829855,0.0,0.806225774829855,0.0,30.522942191079814,14.430869689661812,hard,0.16989916296535823,0.19996391032393782,0.2054597346459499,0.07220398621832104
0.0,0.0,29.42301335885408,0.12764109874327056,1.1918529885702385,0.806225774829855,0.806225774829855,0.0,0.806225774829855,0.0,21.540064995259414,14.430869689661812,hard,0.1699713678412968,0.20023064280560432,0.20655114767685478,0.07289471896681375
0.0,0.0,18.83845856826182,0.12786507471025838,1.1905765421780063,0.806225774829855,0.806225774829855,0.0,0.806225774829855,0.0,18.436008244736716,14.430869689661812,hard,0.17000527435205082,0.20046354717681317,0.20707427055640001,0.07302012253594743
0.0,0.0,44.281623075971225,0.1283710814500212,1.191205957907345,0.8207313811473277,0.8207313811473277,0.0,0.8207313811473277,0.0,37.26601132399334,14.430869689661812,hard,0.1700451723702952,0.20089065823390673,0.20801484817568808,0.07343253787532639
0.0,0.0,19.185027213002375,0.12875041743534477,1.189758447679822,0.8207313811473277,0.8207313811473277,0.0,0.8207313811473277,0.0,19.081341671905573,14.430869689661812,hard,0.17013851083481626,0.20144697359383998,0.2086610960465716,0.07382968097624554
0.0,0.0,29.553289183507125,0.1291811867975948,1.1874269014810181,0.8207313811473277,0.8207313811473277,0.0,0.8207313811473277,0.0,28.90837940805399,14.430869689661812,hard,0.17031043317785122,0.20169911014945413,0.20998094521947877,0.07416151270658623
0.0,0.0,31.03951080497962,0.13070783820038398,1.1874446201252922,0.8207313811473277,0.8207313811473277,0.0,0.8207313811473277,0.0,30.063432937706892,14.430869689661812,hard,0.17150801988540781,0.20410449823833543,0.21217357691634314,0.0746091747775876
0.0,0.0,72.35226038315096,0.13113861394934992,1.1830654204795066,0.8246211251235321,0.8246211251235321,0.0,0.8246211251235321,0.0,65.8083307796209,14.430869689661812,hard,0.17220431342433892,0.205276338732247,0.21208413965034315,0.0750210198318555
0.0,0.0,46.40269581886608,0.13133963002345989,1.1760936926163208,0.8364209466530593,0.8364209466530593,0.0,0.8364209466530593,0.0,44.093813625042685,14.430869689661812,hard,0.17270462745725074,0.20587393340185786,0.21307074261492037,0.07558250762032664
0.0,0.0,67.32030949140851,0.13178135413289652,1.1689229968101003,0.8581375181169975,0.8581375181169975,0.0,0.9,0.0,59.45412012636298,14.430869689661812,hard,0.1727630691524026,0.20617375682449673,0.214065257013556,0.07585773769681739
0.0,0.0,57.29433867141558,0.13349425434380505,1.1658080113401281,0.9,0.9,0.0,0.9382963284591921,0.0,51.97443987192166,14.430869689661812,hard,0.17268557738242343,0.2070646747678817,0.21616229050788638,0.07765007423234455
0.0,0.0,43.01114439424867,0.13502945411063097,1.1657201382150701,0.9,0.9,0.0,0.9382963284591921,0.0,38.47871619480047,14.430869689661812,hard,0.17340011164729724,0.20960751260157956,0.21783476117410852,0.07926070339995422
0.0,0.0,41.30810491411389,0.13622673096954271,1.1666766983050785,0.9,0.9,0.0,0.9382963284591921,0.0,40.9667621371277,14.430869689661812,hard,0.17452962971893832,0.2111382319251511,0.2192021448478467,0.08082317555752143
0.0,0.0,41.75504003663176,0.13678832711495803,1.1648484687110354,0.9,0.9,0.0,0.9382963284591921,0.0,41.28310065874413,14.430869689661812,hard,0.17529928571604295,0.21240675422483815,0.22009328720270116,0.08144037629963494
0.0,0.0,48.763642109815486,0.1369046448681789,1.1595482006750908,0.9,0.9,0.0,0.9382963284591921,0.0,43.33113891879603,14.430869689661812,hard,0.1763281932109817,0.21278719989403858,0.22044994110089328,0.08175466129760062
0.0,0.0,29.767081338276945,0.13749235834701112,1.1582538479380902,0.9,0.9,0.0,0.9382963284591921,0.0,28.718697742063444,14.430869689661812,hard,0.17762087105858135,0.21379649080822397,0.22107828849934222,0.08230395072214891
0.0,0.0,16.025380009069735,0.13777389869155518,1.1571717605118546,0.9,0.9,0.0,0.9382963284591921,0.0,16.284962388657824,14.430869689661812,hard,0.17802665911946566,0.21442800057223285,0.22151658473400482,0.08238829788057961
0.0,0.0,29.76311840661562,0.13769011359883562,1.1536968227129656,0.9,0.9,0.0,0.9382963284591921,0.0,29.448422708185916,14.430869689661812,hard,0.17900229099359677,0.21429543278935065,0.22173916780139355,0.08254472814696126
0.0,0.0,21.427034377457037,0.13836085886435984,1.1541058591925217,0.9,0.9,0.0,0.9382963284591921,0.0,21.15108507854857,14.430869689661812,hard,0.1800539169767555,0.21518803339996054,0.22258242311467671,0.08272671332954995
0.0,0.0,28.39988097196493,0.13891251927694065,1.1531867317110907,0.9,0.9,0.0,0.9382963284591921,0.0,28.465621370347776,14.430869689661812,hard,0.18070680893622454,0.21601524971774408,0.2234353382590086,0.0840024863904566
0.0,0.0,54.58254727616815,0.13974809920848466,1.1481899433066804,0.9,0.9,0.0,0.9382963284591921,0.0,54.57748986532818,14.430869689661812,hard,0.1816476611263912,0.21679392653721807,0.22489446631590568,0.08652934958029962
0.0,0.0,35.6462810042958,0.14018766535017152,1.1433692722611195,0.9,0.9,0.0,0.9382963284591921,0.0,35.20273284845936,14.430869689661812,hard,0.18207981967706274,0.21719868980559875,0.22584802474997423,0.0881344929930155
0.0,0.0,30.33763702228398,0.14076627829854277,1.1388801492700515,0.9,0.9,0.0,0.9382963284591921,0.0,30.014856321495195,14.430869689661812,hard,0.18270978472578595,0.21789457506755877,0.22681150361441887,0.08969058135680516
0.0,0.0,33.576529608073606,0.14135784034627907,1.1334148776566844,0.9,0.9,0.0,0.9382963284591921,0.0,29.485752491669597,14.430869689661812,hard,0.1837038999215294,0.21885254039586824,0.22756043317719327,0.09085128324245675
0.0,0.0,48.96588837170236,0.1420231490097034,1.1318311015499127,0.9,0.9,0.0,0.9382963284591921,0.0,34.64272506602216,14.430869689661812,hard,0.18476211865810713,0.2197621315785929,0.22880817755888974,0.09153717160299087
0.0,0.0,27.04852948205616,0.14260240982381436,1.131150669861293,0.9,0.9,0.0,0.9382963284591921,0.0,26.68845443258189,14.430869689661812,hard,0.18568578316352202,0.2202168669595831,0.22972945190874244,0.09210942418975525
0.0,0.0,35.697708117996164,0.14281976928737314,1.1144449762293653,0.9,0.9,0.13999999999999999,0.9382963284591921,0.0,31.04020618488221,14.430869689661812,hard,0.18643935025598843,0.22054982066660392,0.2302498407137397,0.09223520750584878
0.0,0.0,25.1560548355242,0.1428248714175062,1.1146737547498795,0.9,0.9,0.13999999999999999,0.9382963284591921,0.0,25.190474390134064,14.430869689661812,hard,0.18750382094131965,0.22044111540627365,0.23053801171723132,0.09327528793686721
0.0,0.0,27.52902729069155,0.14275365310300825,1.1119942941812353,0.9,0.9,0.13999999999999999,0.9382963284591921,0.0,25.297659970835248,14.430869689661812,hard,0.187856491014747,0.22041244545054525,0.23090482795965658,0.09399259197611592
0.0,0.0,43.02307785480702,0.1425859278683684,1.111744882233702,0.9303762679690406,0.9303762679690406,0.13999999999999999,0.9666436778875657,0.0,38.491037917936175,14.430869689661812,hard,0.18880676976004276,0.22038004785072354,0.23085088121497918,0.09576796696324631
0.0,0.0,39.52543350726587,0.14321371699122634,1.1177986010214482,0.9516301802696255,0.9516301802696255,0.13999999999999999,1.019803902718557,0.0,32.207303519543515,14.430869689661812,hard,0.18877244137293825,0.22050393613901936,0.23157713177692305,0.09687768352169339
0.0,0.0,57.136292210433034,0.14252725256678817,1.103214677623494,1.0,1.0,0.13999999999999999,1.0590561835898982,0.0,52.31460216803717,14.430869689661812,hard,0.18894413439888338,0.22103884419678407,0.23102235493952733,0.09745218368078241
0.0,0.0,53.09612319584356,0.142846880189076,1.1027654698200344,0.9856977224281286,0.9856977224281286,0.13999999999999999,1.044030650891055,0.0,44.493595044680305,14.430869689661812,hard,0.1892929642269624,0.2217278188082873,0.2305800933726591,0.09838658807440848
0.0,0.0,61.96242147657982,0.14230318548241383,1.0946416362095435,0.96,0.96,0.13999999999999999,1.0150862032359615,0.0,55.493513134419594,14.430869689661812,hard,0.189668529589463,0.22033680818226348,0.22885858350118687,0.10012052548509418
0.0,0.0,75.28361023216236,0.14185775633354594,1.0858446383648122,0.932952303175248,0.932952303175248,0.13999999999999999,0.9830564581955606,0.0,64.48937897049404,14.430869689661812,hard,0.1901796520558477,0.22001473618886652,0.22764654688971134,0.10054034888551953
0.0,0.0,34.126599425135495,0.14181719274422608,1.085202991710377,0.932952303175248,0.932952303175248,0.13999999999999999,0.9830564581955606,0.0,29.022260421958865,14.430869689661812,hard,0.19056258009575403,0.21969960084030682,0.227441135766645,0.10194046994580812
0.0,0.0,32.50511979963255,0.1418195942625818,1.0849385282620345,0.932952303175248,0.932952303175248,0.13999999999999999,0.9830564581955606,0.0,30.486882425069314,14.430869689661812,hard,0.1905366887371982,0.2197152573038308,0.22802953309185592,0.10279481476697791
0.0,0.0,27.30199739873466,0.14224446713247016,1.085549261170807,0.932952303175248,0.932952303175248,0.13999999999999999,0.9830564581955606,0.0,26.801111917232088,14.430869689661812,hard,0.19112510047501904,0.2200879885415338,0.2291111341812436,0.10384542178386216
0.0,0.0,30.076738339969733,0.14280624843147022,1.0858229444556784,0.932952303175248,0.932952303175248,0.13999999999999999,0.9830564581955606,0.0,29.291254667562466,14.430869689661812,hard,0.19178474916045846,0.22059977517345908,0.23002670317384155,0.10449606094155148
0.0,0.0,51.11377262016607,0.1440043767081743,1.0862741674013292,0.932952303175248,0.932952303175248,0.13999999999999999,0.9830564581955606,0.0,40.49012225222344,14.430869689661812,hard,0.19356910729844504,0.22175136941880313,0.2315605212267614,0.10544280249114706
0.0,0.0,21.244316799698375,0.14418148462749747,1.0873879230143335,0.932952303175248,0.932952303175248,0.13999999999999999,0.9830564581955606,0.0,21.05930673122931,14.430869689661812,hard,0.1938990798655014,0.22200823708718126,0.23197221013495975,0.10598316076488193
0.0,0.0,20.66345355574503,0.1443886132688149,1.087271395265014,0.932952303175248,0.932952303175248,0.13999999999999999,0.9830564581955606,0.0,19.838790285700384,14.430869689661812,hard,0.19430069209387127,0.22245692010899676,0.23215887541188285,0.1061447822604404
0.0,0.0,26.82569536551889,0.14459255885460456,1.0881337829015862,0.932952303175248,0.932952303175248,0.13999999999999999,0.9830564581955606,0.0,27.123746053965334,14.430869689661812,hard,0.1948886069890077,0.22303461930815197,0.23227253326391825,0.1061651694480321
0.0,0.0,32.27039672883746,0.14484104986752325,1.0900433941368497,0.932952303175248,0.932952303175248,0.13999999999999999,0.9830564581955606,0.0,31.45893195898424,14.430869689661812,hard,0.1956887575476946,0.2237893090912621,0.23245291945557373,0.10623003801429624
0.0,0.0,24.739124806675804,0.14520146132105066,1.0913563118122678,0.932952303175248,0.932952303175248,0.13999999999999999,0.9830564581955606,0.0,24.442593970362473,14.430869689661812,hard,0.19653149331184125,0.22463840787665182,0.23281651517331706,0.10623003801429624
0.0,0.0,31.833283839847144,0.14552235688846157,1.0934798244419153,0.932952303175248,0.932952303175248,0.13999999999999999,0.9830564581955606,0.0,30.74754624356227,14.430869689661812,hard,0.19706926698216123,0.22498746817659704,0.23333338164099918,0.10749553461563002
0.0,0.0,30.30868893019132,0.14619189394149745,1.0957140230409987,0.932952303175248,0.932952303175248,0.13999999999999999,0.9830564581955606,0.0,29.996939843924082,14.430869689661812,hard,0.1974355630743095,0.22658879629729825,0.23425312957283398,0.10810932793793404
0.0,0.0,26.71872591193434,0.14672156178176998,1.0990258036160847,0.932952303175248,0.932952303175248,0.13999999999999999,0.9830564581955606,0.0,23.636040277508414,14.430869689661812,hard,0.19802878854723305,0.22721193162987133,0.23516838661186645,0.10861121200953487
0.0,0.0,46.1058437775146,0.14648674007361198,1.0986386259073788,0.932952303175248,0.932952303175248,0.13999999999999999,0.9830564581955606,0.0,44.911829176732496,14.430869689661812,hard,0.19899105064306916,0.22730392681859155,0.23493631739904197,0.10945328109610372
0.0,0.0,38.228359076889845,0.1464443709703919,1.0960170653224097,0.932952303175248,0.932952303175248,0.13999999999999999,0.9830564581955606,0.0,34.87693220453886,14.430869689661812,hard,0.19968753900713848,0.22719991212374102,0.235371194095978,0.11024863621156904
0.0,0.0,24.75464356466667,0.14610500556268083,1.0928223666651133,0.932952303175248,0.932952303175248,0.13999999999999999,0.9830564581955606,0.0,23.94243930763948,14.430869689661812,hard,0.19995487233765546,0.22644030452494904,0.23539307510953833,0.11092388835550289
0.0,0.0,30.297007773930307,0.14606316668970545,1.0872771832345032,0.932952303175248,0.932952303175248,0.13999999999999999,0.9830564581955606,0.0,29.511360524381118,14.430869689661812,hard,0.20004226238653294,0.22606267233646707,0.2352700361470383,0.11157063500808977
0.0,0.0,29.413827799993662,0.14587147126000374,1.0837096593220736,0.9568698971124548,0.9568698971124548,0.13999999999999999,1.0041912168506553,0.0,27.667489947590116,14.430869689661812,hard,0.20004226238653294,0.2259172267285033,0.2355007471888043,0.11302706095340186
0.0,0.0,36.01679279387327,0.1459131908559866,1.0832295094177125,0.959166304662544,0.959166304662544,0.13999999999999999,1.0998181667894016,0.0,33.69347117766289,14.430869689661812,hard,0.1991590018486647,0.22571936713597007,0.23566701304945267,0.11430898737517013
0.0,0.0,26.36868868770322,0.14585094943247795,1.080861303920787,0.959166304662544,0.959166304662544,0.13999999999999999,1.0998181667894016,0.0,25.38078800983137,14.430869689661812,hard,0.19922457637044844,0.2256349066671787,0.23586036505178162,0.11553927062908109
0.0,0.0,42.24495965721967,0.14604490773894577,1.079997659106103,0.959166304662544,0.959166304662544,0.13999999999999999,1.0998181667894016,0.0,28.73771737629835,14.430869689661812,hard,0.19953830219516544,0.2258580129613398,0.23623059838814364,0.11744644786833854
0.0,0.0,45.47446466737908,0.148152446458801,1.0792366340921762,1.0041912168506553,1.0041912168506553,0.13999999999999999,1.1329607230614838,0.0,40.65535143126917,14.430869689661812,hard,0.19983999563467594,0.22598605397592403,0.23846632945227317,0.11895116519360109
0.0,0.0,53.7670528982763,0.1494524670444669,1.0740004867245394,0.9846826900072937,0.9846826900072937,0.13999999999999999,1.1135528725660044,0.0,51.86945151049893,14.430869689661812,hard,0.2005373409850525,0.2265473328046916,0.23975085661315126,0.12019965010388194
0.0,0.0,32.58927315776058,0.15066344436089293,1.0758216361992996,0.9846826900072937,0.9846826900072937,0.13999999999999999,1.1135528725660044,0.0,31.83899495901213,14.430869689661812,hard,0.20092923075767274,0.227328003499233,0.24176288441576607,0.12129088755237809
0.0,0.0,30.551716840323753,0.15183989909316498,1.076151323114606,0.9846826900072937,0.9846826900072937,0.13999999999999999,1.1135528725660044,0.0,29.76564462597778,14.430869689661812,hard,0.20123784849099693,0.22771873511901466,0.243351450654951,0.1231146747580526
0.0,0.0,41.90442812388542,0.15198385592230873,1.0687435070038431,0.9431860898041275,0.9431860898041275,0.13999999999999999,1.0725670142233539,0.0,38.08378132486321,14.430869689661812,hard,0.20158470789574554,0.22768916058896654,0.24139968160865555,0.12405094870782894
0.0,0.0,50.068726778260306,0.1515816590461489,1.0577795610636573,0.8979977728257459,0.8979977728257459,0.13999999999999999,1.0283968105745953,0.0,45.36860588556805,14.430869689661812,hard,0.20207102323873674,0.22716291909327657,0.23798250481636632,0.12492633972862302
0.0,0.0,32.1201863000365,0.15160865465315498,1.0538376465497408,0.8979977728257459,0.8979977728257459,0.13999999999999999,1.0283968105745953,0.0,31.352352383832383,14.430869689661812,hard,0.202758320365542,0.22658766818123066,0.23716143825981878,0.12554580794571338
0.0,0.0,40.77286688986933,0.15072267095795513,1.0471420280641222,0.8979977728257459,0.8979977728257459,0.13999999999999999,1.0283968105745953,0.0,39.585371035270086,14.430869689661812,hard,0.20271412362923,0.22499560859894444,0.23534079550266063,0.12598289511535488
0.0,0.0,38.46028270200902,0.15053134956533523,1.0419940998001067,0.8979977728257459,0.8979977728257459,0.13999999999999999,1.0283968105745953,0.0,38.63157257995071,14.430869689661812,hard,0.20273417843939043,0.22449766476888391,0.23508050346260326,0.1270000056499926
0.0,0.0,30.195342238019695,0.15082710211062753,1.0376849291577002,0.8979977728257459,0.8979977728257459,0.13999999999999999,1.0283968105745953,0.0,26.767144038914573,14.430869689661812,hard,0.2031073560821783,0.2247971863966152,0.2355513659515748,0.1275484509922098
0.0,0.0,22.914302954016133,0.1506773148434985,1.032843656783012,0.8979977728257459,0.8979977728257459,0.13999999999999999,1.0283968105745953,0.0,14.396124478483785,14.430869689661812,hard,0.2030529960368104,0.22470307372042717,0.23489444570038978,0.12760981202530394
0.0,0.0,11.499360107971105,0.15057375381729043,1.0285531250269209,0.8979977728257459,0.8979977728257459,0.13999999999999999,1.0283968105745953,0.0,10.908052071749568,14.430869689661812,hard,0.20295722031580932,0.22444466908881844,0.23457421015644445,0.12758102150096054
0.0,0.0,24.355860416864594,0.15012276472978384,1.0233075729280088,0.8979977728257459,0.8979977728257459,0.13999999999999999,1.0283968105745953,0.0,18.212083900531535,14.430869689661812,hard,0.20274037958304542,0.22376479061060697,0.23392569822100578,0.1275963464349146
0.0,0.0,54.72228774577113,0.14929202144275663,1.018206566665927,0.8979977728257459,0.8979977728257459,0.13999999999999999,1.0283968105745953,0.0,52.18125717151705,14.430869689661812,hard,0.2023986110062715,0.22266366731348272,0.23333558629764406,0.12838917496779234
0.0,0.0,25.78146230629703,0.14888965990850317,1.0130582440894689,0.8979977728257459,0.8979977728257459,0.13999999999999999,1.0283968105745953,0.0,25.22624823472567,14.430869689661812,hard,0.20226211978445757,0.2217728012652764,0.23308779721258044,0.1292290924409606
0.0,0.0,38.053531480611255,0.14857279254668376,1.0071796821800911,0.8979977728257459,0.8979977728257459,0.13999999999999999,1.0283968105745953,0.0,32.63056236107493,14.430869689661812,hard,0.20234188144250229,0.2208339425464176,0.23294279933193798,0.13010589823003924
0.0,0.0,38.057810508398084,0.1481117757356655,1.001732471254882,0.8979977728257459,0.8979977728257459,0.13999999999999999,1.0283968105745953,0.0,32.22228421449975,14.430869689661812,hard,0.2021400371693173,0.2197067046269347,0.23298897468582816,0.13094263843915882
0.0,0.0,32.28330638964633,0.14777410776601635,0.9968461394574035,0.8979977728257459,0.8979977728257459,0.13999999999999999,1.0283968105745953,0.0,32.241563237535495,14.430869689661812,hard,0.2024328711681303,0.218887182357383,0.2328811803931099,0.13202831719656682
0.0,0.0,22.254960004454386,0.14731555546706618,0.9920886224849594,0.8979977728257459,0.8979977728257459,0.13999999999999999,1.0283968105745953,0.0,21.978935370031003,14.430869689661812,hard,0.20270024855882826,0.21783537869000572,0.23237752438352235,0.13230850576554984
0.0,0.0,20.97362875804891,0.14706960990792894,0.9869649580864935,0.8765842800324449,0.8765842800324449,0.13999999999999999,1.0630145812734648,0.0,20.952985467469784,14.430869689661812,hard,0.20249455867405602,0.21762463548649233,0.23220316807576186,0.13248134126734007
0.0,0.0,25.24676672539917,0.1471266250562777,0.9846929530872618,0.8765842800324449,0.8765842800324449,0.13999999999999999,1.0630145812734648,0.0,19.54,14.430869689661812,hard,0.20274638047625804,0.21746880557295525,0.23249299252709194,0.13310353050379195
0.0,0.0,15.531707084086484,0.1471885809680146,0.9827518645400439,0.8765842800324449,0.8765842800324449,0.13999999999999999,1.0630145812734648,0.0,14.947120123956987,14.430869689661812,hard,0.20306160914426957,0.21749021831212273,0.23254946632344894,0.1333079546183294
0.0,0.0,39.9754428115037,0.14711141210719253,0.981727910657609,0.8754427451295715,0.8754427451295715,0.13999999999999999,1.0590561835898982,0.0,38.2465475566096,14.430869689661812,hard,0.20390204756918512,0.21800846479732996,0.23241949542342272,0.13297387146304218
0.0,0.0,32.09157545424587,0.14765774986611874,0.9796098395326144,0.8964373932405989,0.8964373932405989,0.13999999999999999,1.1187493016757597,0.0,29.336127897185065,14.430869689661812,hard,0.20455209771129867,0.2181001873600449,0.23226292020458666,0.13317896925868683
0.0,0.0,43.93760907677755,0.14812927557335145,0.9751769838118021,0.9165151389911681,0.9165151389911681,0.13999999999999999,1.131370849898476,0.0,39.63685153994954,14.430869689661812,hard,0.20531844278753766,0.21832271830664918,0.23201085206724156,0.13391265352029444
0.0,0.0,28.93903730953864,0.14855964956940518,0.9754092609558002,0.9165151389911681,0.9165151389911681,0.13999999999999999,1.131370849898476,0.0,21.4327693031022,14.430869689661812,hard,0.2060172928736999,0.2185873819945884,0.23206195736428806,0.13456421222059778
0.0,0.0,59.35169802632577,0.1500309636854201,0.9741607336474566,0.8856635930193811,0.8856635930193812,0.13999999999999999,1.1357816691600546,0.0,55.066726795770236,14.430869689661812,hard,0.2064739605006333,0.2185177238545148,0.23215479998374533,0.132898134258977
0.0,0.0,73.67996311129212,0.15088149416867608,0.9668167935599754,0.9008884503644167,0.9008884503644167,0.13999999999999999,1.122319027727856,0.0,66.82448952292864,14.430869689661812,hard,0.20683850385822092,0.2185644465639292,0.23183366485950632,0.12789882174982226
0.0,0.0,42.206305194833476,0.1511579585850399,0.9625454941924855,0.9165151389911679,0.916515138991168,0.13999999999999999,1.1306635220082055,0.0,39.14889015029673,14.430869689661812,hard,0.20726796965066352,0.21851459492730987,0.232071182157041,0.12809388593581336
0.0,0.0,57.67824286339536,0.15109059539703282,0.9598743049827348,0.8799999999999999,0.88,0.13999999999999999,1.092520022699813,0.0,48.406235135569055,14.430869689661812,hard,0.20726796965066352,0.2178252797284705,0.23053657842801858,0.1284189671743043
0.0,0.0,40.05661030548389,0.15150789358861502,0.9577211765898561,0.8799999999999999,0.88,0.13999999999999999,1.092520022699813,0.0,38.35791965161823,14.430869689661812,hard,0.20726796965066352,0.21788194792371887,0.23124341190620598,0.12933543518127338
0.0,0.0,41.997671543372824,0.15193960799061723,0.9551404567473173,0.8799999999999999,0.88,0.13999999999999999,1.092520022699813,0.0,36.89091487073748,14.430869689661812,hard,0.20764115677262213,0.21794732506118833,0.23199605179041652,0.1316976508161874
0.0,0.0,31.64211137484222,0.15207736334423202,0.9519446547324941,0.8799999999999999,0.88,0.13999999999999999,1.092520022699813,0.0,31.41121455786134,14.430869689661812,hard,0.20821839518382124,0.21751349660012356,0.2325368125738491,0.1331753638941711
0.0,0.0,28.9529239579608,0.15227471328569142,0.9512600641163723,0.8799999999999999,0.88,0.13999999999999999,1.092520022699813,0.0,23.778275799561243,14.430869689661812,hard,0.20848573594900027,0.21732475591636724,0.23288172566947193,0.13497919945806983
0.0,0.0,40.15310614881435,0.1532636959315301,0.950584242364903,0.8799999999999999,0.88,0.13999999999999999,1.092520022699813,0.0,36.46113547326797,14.430869689661812,hard,0.20908686220878483,0.21840608822700722,0.2333318599287013,0.13751866853994293
0.0,0.0,33.913838710975476,0.1535029719437934,0.9498838230361888,0.8799999999999999,0.88,0.13999999999999999,1.092520022699813,0.0,31.327942798722034,14.430869689661812,hard,0.20909760719363657,0.21812477355534213,0.23342438066941323,0.1408743039309985
0.0,0.0,38.982485209429086,0.15347294470387804,0.9449134706043077,0.8799999999999999,0.88,0.13999999999999999,1.092520022699813,0.0,26.4869779325615,14.430869689661812,hard,0.2092030239209,0.21747153046765605,0.23306103704114528,0.14329716558001357
0.0,0.0,45.07213207436026,0.1530899888895953,0.943032133395225,0.8799999999999999,0.88,0.13999999999999999,1.092520022699813,0.0,39.16192538678352,14.430869689661812,hard,0.20945546013848476,0.21632233695466271,0.23239970497399637,0.14560171805660022
0.0,0.0,27.14306209827876,0.1530382719327565,0.9419196442254557,0.8799999999999999,0.88,0.13999999999999999,1.092520022699813,0.0,21.050453676821313,14.430869689661812,hard,0.20955427776507266,0.21592737685298877,0.23208373184741948,0.1474983762231506
0.0,0.0,35.20776172946418,0.1526264481698297,0.9405066166079674,0.8799999999999999,0.88,0.13999999999999999,1.092520022699813,0.0,34.55847797574425,14.430869689661812,hard,0.2093202713551382,0.21559496182336807,0.23163341726045367,0.1478281778373164
0.0,0.0,14.244528744262702,0.1524710068855322,0.9393385708290798,0.8799999999999999,0.88,0.13999999999999999,1.092520022699813,0.0,14.611995072542285,14.430869689661812,hard,0.20911827200071237,0.21556134467646398,0.23153651148702242,0.1478281778373164
0.0,0.0,29.62383050365995,0.15226422438501294,0.938364905521522,0.8799999999999999,0.88,0.13999999999999999,1.092520022699813,0.0,24.58800520579089,14.430869689661812,hard,0.20915392729099733,0.2154764745961637,0.23126261195134978,0.14798831095657594
0.0,0.0,22.783453137278695,0.15210008524413238,0.9377000531742892,0.8799999999999999,0.88,0.13999999999999999,1.092520022699813,0.0,23.083015400939278,14.430869689661812,hard,0.2093467193836257,0.21551286597226288,0.23096536225941353,0.14798831095657594
0.0,0.0,16.602313402894815,0.15200016221850793,0.937174407100368,0.8799999999999999,0.88,0.13999999999999999,1.092520022699813,0.0,15.771379140709287,14.430869689661812,hard,0.20940945733393296,0.215572482440485,0.23077933678848947,0.14798831095657594
0.0,0.0,11.477058468263776,0.15193711344012373,0.9369164261091383,0.8799999999999999,0.88,0.13999999999999999,1.092520022699813,0.0,10.780000000000001,14.430869689661812,hard,0.20934686580447132,0.2155636759459985,0.23078327970336712,0.14798831095657594
0.0,0.0,24.598231674319877,0.15187194315770727,0.9361015027126807,0.8799999999999999,0.88,0.13999999999999999,1.092520022699813,0.0,15.540000000000004,14.430869689661812,hard,0.209309983067315,0.21553871805730965,0.230809258806557,0.14798831095657594
0.0,0.0,9.533933179850559,0.15179704289808243,0.9341265717200848,0.8799999999999999,0.88,0.13999999999999999,1.092520022699813,0.0,9.28990850331692,14.430869689661812,hard,0.2092964705417544,0.215322240364769,0.23090757231727704,0.14804864215545863
0.0,0.0,29.285641685317188,0.15217417539093886,0.9350664191659481,0.9,0.9,0.13999999999999999,1.1315476127852508,0.0,24.794846238684357,14.430869689661812,hard,0.20929399763037332,0.2153176234995484,0.2311049895486442,0.14820271845459515
0.0,0.0,11.384261240945088,0.15232579164187499,0.9349887548647847,0.9,0.9,0.13999999999999999,1.1315476127852508,0.0,10.37514337250334,14.430869689661812,hard,0.209291766749985,0.2153216701057017,0.231442436586557,0.14843785876574342
0.0,0.0,17.581798647870944,0.15231892195718832,0.9354651735111981,0.9086253353280437,0.9086253353280437,0.13999999999999999,1.1377170122662315,0.0,17.076252516287052,14.430869689661812,hard,0.2086203119049098,0.21532652814979572,0.23153947652025417,0.14869260664611417
0.0,0.0,32.213686985238304,0.15247468858653423,0.9358899514374348,0.9303762679690405,0.9303762679690405,0.13999999999999999,1.1489125293076057,0.0,26.99156164433618,14.430869689661812,hard,0.20755136883381775,0.21532490344611713,0.23169881979016904,0.14897257569372432
0.0,0.0,64.69408396393483,0.15301220457124584,0.9292395631371739,0.9271461589199407,0.9271461589199407,0.13999999999999999,1.1421033228215387,0.0,58.06300371148568,14.430869689661812,hard,0.2067896532731691,0.21561838257017457,0.22890219896359545,0.14723914528390894
0.0,0.0,36.8600674308075,0.1535495275624502,0.9258853714164034,0.9271461589199407,0.9271461589199407,0.13999999999999999,1.1421033228215387,0.0,35.617501316066516,14.430869689661812,hard,0.20672338100025694,0.21598723009738963,0.2281808911670784,0.14779007041162132
0.0,0.0,39.46478170023752,0.15432950917068597,0.922690937691999,0.9271461589199407,0.9271461589199407,0.13999999999999999,1.1421033228215387,0.0,36.100088642550446,14.430869689661812,hard,0.20656117526431478,0.21587088506835792,0.22733762753901843,0.14969827609086
0.0,0.0,58.296436697208726,0.1541170646170512,0.9209195370134311,0.8829496021857646,0.8829496021857646,0.13999999999999999,1.0934349546269315,0.0,47.696976843401714,14.430869689661812,hard,0.20643598757876191,0.21491676639910076,0.22429646806164483,0.14936666117708597
0.0,0.0,34.23730999163131,0.15428695391938213,0.9169065139257595,0.8829496021857646,0.8829496021857646,0.13999999999999999,1.0934349546269315,0.0,33.921084888310986,14.430869689661812,hard,0.2059808625183299,0.2147502585131146,0.22449509056506586,0.1495537519062625
0.0,0.0,29.833341087010712,0.15421097295462308,0.9132663409625754,0.8829496021857646,0.8829496021857646,0.13999999999999999,1.0934349546269315,0.0,29.321152774063982,14.430869689661812,hard,0.20583153003910504,0.21439522919989248,0.22444618606720534,0.15029263239210483
0.0,0.0,31.682458596898304,0.15389514410278904,0.910609890870833,0.8829496021857646,0.8829496021857646,0.13999999999999999,1.0934349546269315,0.0,31.690377088321302,14.430869689661812,hard,0.2057569175592918,0.21401730050293122,0.2233825392540894,0.15027685085475678
0.0,0.0,29.23534253626969,0.15340851257490992,0.9080712888913315,0.8829496021857646,0.8829496021857646,0.13999999999999999,1.0934349546269315,0.0,29.42855755894264,14.430869689661812,hard,0.20574798077361808,0.21350085963704435,0.2220076212137673,0.15074381970369988
0.0,0.0,43.42284375801493,0.15295726631316797,0.9027609783503322,0.8829496021857646,0.8829496021857646,0.13999999999999999,1.0934349546269315,0.0,41.9174474413698,14.430869689661812,hard,0.2058038945097221,0.21321184032408969,0.22117360338353004,0.1504635185886784
0.0,0.0,42.97077361869671,0.15290104225456097,0.8983918832607023,0.8829496021857646,0.8829496021857646,0.13999999999999999,1.0934349546269315,0.0,35.284874946639675,14.430869689661812,hard,0.20592273429165647,0.2131000224888902,0.22121831132341613,0.150720107860771
0.0,0.0,29.903044514201568,0.15293884347254944,0.8973433538655307,0.8829496021857646,0.8829496021857646,0.13999999999999999,1.0934349546269315,0.0,29.985223027351324,14.430869689661812,hard,0.20592273429165647,0.2126377658244574,0.221907351839052,0.15098052370418308
0.0,0.0,19.527562710593234,0.15304252082160674,0.8951264222887325,0.8829496021857646,0.8829496021857646,0.13999999999999999,1.0934349546269315,0.0,19.211912970862638,14.430869689661812,hard,0.20595116048388262,0.21238600049645642,0.22246036690047918,0.15112151080759964
0.0,0.0,25.689706340828664,0.15301965971531403,0.8904990421213977,0.8829496021857646,0.8829496021857646,0.13999999999999999,1.0934349546269315,0.0,18.970334736108377,14.430869689661812,hard,0.206065929323241,0.21205527503950264,0.2224085497309021,0.15142290276269513
0.0,0.0,31.374625368427303,0.15334162278545918,0.8890232361853182,0.8829496021857646,0.8829496021857646,0.13999999999999999,1.0934349546269315,0.0,26.335291910286468,14.430869689661812,hard,0.206065929323241,0.21183606639847308,0.2231361474366942,0.15198298162719212
0.0,0.0,25.097353442022367,0.153998069600904,0.8889641391809193,0.8829496021857646,0.8829496021857646,0.13999999999999999,1.0934349546269315,0.0,20.79195998457096,14.430869689661812,hard,0.206065929323241,0.21180675533333726,0.22371319188018196,0.1536915580740572
0.0,0.0,18.39745800902997,0.15469599344509596,0.8870591050479743,0.8829496021857646,0.8829496021857646,0.13999999999999999,1.0934349546269315,0.0,18.306283074398255,14.430869689661812,hard,0.206065929323241,0.2116977558251805,0.22441948456925911,0.15566890019683396
0.0,0.0,15.167823578168884,0.15543923439339427,0.8870591050479743,0.8829496021857646,0.8829496021857646,0.13999999999999999,1.0934349546269315,0.0,15.540450443922147,14.430869689661812,hard,0.206065929323241,0.2116911970163375,0.22498061917326662,0.15724666300588214
0.0,0.0,21.300039512071457,0.15639405472595796,0.8873700286818368,0.8829496021857646,0.8829496021857646,0.13999999999999999,1.0934349546269315,0.0,20.270727663307998,14.430869689661812,hard,0.20603535780293827,0.2116774415063443,0.2257961610881718,0.15958165354641896
0.0,0.0,19.361113508705163,0.157267843619218,0.8873700286818368,0.8708616422830896,0.8708616422830896,0.13999999999999999,1.1489125293076057,0.0,19.67471473744918,14.430869689661812,hard,0.20603535780293827,0.2116319791809494,0.22669922559344322,0.16167103640592378
0.0,0.0,23.12932509129168,0.15784598815307538,0.8869023625518827,0.8829496021857646,0.8829496021857646,0.13999999999999999,1.1847362575695908,0.0,23.536363355454895,14.430869689661812,hard,0.20483845510436022,0.21160969169123675,0.22694393847437877,0.1629413811835597
0.0,0.0,12.534343969260007,0.15814217832864433,0.8869013149589396,0.8829496021857646,0.8829496021857646,0.13999999999999999,1.1847362575695908,0.0,11.600431026474833,14.430869689661812,hard,0.20461238890677974,0.21150969448283044,0.22713280979306635,0.16379242041298303
0.0,0.0,21.21752545603444,0.1585354983123904,0.8870900813804363,0.8829496021857646,0.8829496021857646,0.13999999999999999,1.1847362575695908,0.0,17.423903121861073,14.430869689661812,hard,0.20443806501752707,0.21135816400614707,0.22790112377539082,0.16474269217383666
0.0,0.0,15.195908945034278,0.15891687685581438,0.8874221983010061,0.8829496021857646,0.8829496021857646,0.13999999999999999,1.1847362575695908,0.0,14.323533083705291,14.430869689661812,hard,0.2043981789763053,0.2112468703525388,0.22815050302052384,0.16588207006371794
0.0,0.0,24.17208865326731,0.15912771815988078,0.8877757097758843,0.8829496021857646,0.8829496021857646,0.13999999999999999,1.1847362575695908,0.0,24.00416630503963,14.430869689661812,hard,0.20436945940175627,0.21122813586072858,0.22816940708432695,0.16675658127173315
0.0,0.0,39.45251105179998,0.16025913253564505,0.888602822337723,0.9271461589199407,0.9271461589199407,0.13999999999999999,1.2034949106664308,0.0,36.44681056004764,14.430869689661812,hard,0.20373716620287793,0.21120601268740521,0.22840518724010672,0.16720231632715427
0.0,0.0,32.072087867280146,0.1608132603757902,0.88840713675338,0.94847245611035,0.94847245611035,0.13999999999999999,1.2041594578792296,0.0,29.62798676926936,14.430869689661812,hard,0.2025439927542839,0.2112948819499383,0.22840634717246036,0.1673505314915481
0.0,0.0,46.381120047059945,0.16085373678323972,0.887107376219816,0.9372299611087984,0.9372299611087984,0.13999999999999999,1.1872657663724666,0.0,42.79340603410764,14.430869689661812,hard,0.20206977361524459,0.21104080657628418,0.22748202632402012,0.16621393352575664
0.0,0.0,54.996518587247124,0.16034446288233212,0.8730968651341869,0.9372299611087984,0.9372299611087984,0.13999999999999999,1.1689311356961967,0.0,51.66983259117452,14.430869689661812,hard,0.20088996889783728,0.21028375652407336,0.22536813300567884,0.16551573105073827
0.0,0.0,39.73899805571005,0.16070531545934963,0.8681881118954895,0.94678403028357,0.94678403028357,0.13999999999999999,1.1677328461596,0.0,37.56415312502067,14.430869689661812,hard,0.2003523447775423,0.20986887410127922,0.2251061272236518,0.1648279607678603
0.0,0.0,25.81201850584908,0.16102546463027406,0.865764449272188,0.94678403028357,0.94678403028357,0.13999999999999999,1.1677328461596,0.0,25.153576286484594,14.430869689661812,hard,0.20018368898145708,0.20934317038656136,0.22511987342420806,0.16475820998140317
0.0,0.0,31.05678427985066,0.16105521395543843,0.8606681163155953,0.94678403028357,0.94678403028357,0.13999999999999999,1.1677328461596,0.0,30.592155857343563,14.430869689661812,hard,0.20026947865706435,0.2086996007640928,0.22481023539926828,0.1647607317270295
0.0,0.0,13.352484313718989,0.16118098238101666,0.8587292189810073,0.94678403028357,0.94678403028357,0.13999999999999999,1.1677328461596,0.0,13.08562570150927,14.430869689661812,hard,0.200282428804394,0.20854885657793656,0.2247215179794369,0.16518101269379143
0.0,0.0,10.302548853099916,0.1613728363200055,0.8557501049114551,0.94678403028357,0.94678403028357,0.13999999999999999,1.1677328461596,0.0,9.993217700020349,14.430869689661812,hard,0.19997221063284673,0.20858359965040293,0.22471085402878385,0.16524190625314508
0.0,0.0,24.104704088827383,0.1613218487889665,0.8524502767784672,0.94678403028357,0.94678403028357,0.13999999999999999,1.1677328461596,0.0,23.479565583715555,14.430869689661812,hard,0.19997221063284673,0.20817667733792475,0.2247178799808758,0.1654384150394462
0.0,0.0,36.16052861790024,0.16126297874377363,0.8496830213626779,0.94678403028357,0.94678403028357,0.13999999999999999,1.1677328461596,0.0,33.065032889746234,14.430869689661812,hard,0.20012689988703938,0.2081896758558761,0.22491245906169885,0.16593632015929216
0.0,0.0,20.45106219286716,0.16165665200787555,0.8474065587463226,0.94678403028357,0.94678403028357,0.13999999999999999,1.1677328461596,0.0,18.26467629058889,14.430869689661812,hard,0.20026933957229534,0.20821718144226398,0.22493084677944972,0.16838460845292502
0.0,0.0,19.626916723503612,0.16150537973800366,0.8444770772310478,0.94678403028357,0.94678403028357,0.13999999999999999,1.1677328461596,0.0,19.415468060286365,14.430869689661812,hard,0.20049766940453184,0.207887803768081,0.22435759784099413,0.16952573261775633
0.0,0.0,20.157774420485698,0.16146512027481147,0.8419137783555418,0.94678403028357,0.94678403028357,0.13999999999999999,1.1677328461596,0.0,19.156784698899763,14.430869689661812,hard,0.20078257257952342,0.20791712712795749,0.2243283471091651,0.17001696092012328
0.0,0.0,18.820671441068264,0.1613942309940765,0.8395603227406682,0.94678403028357,0.94678403028357,0.13999999999999999,1.1677328461596,0.0,18.170041276783053,14.430869689661812,hard,0.2010248410660473,0.20783227507279387,0.22438388058661443,0.17045622680527306
0.0,0.0,20.725606775364486,0.16168501475011163,0.8394570222400163,0.9583318840568751,0.9583318840568751,0.13999999999999999,1.2,0.0,21.15205900143057,14.430869689661812,hard,0.20108083320636755,0.20799752479962055,0.22442522054007144,0.17082023026456394
0.0,0.0,31.63656666004954,0.16195293452834233,0.8384288162547868,0.9583318840568751,0.9583318840568751,0.13999999999999999,1.2,0.0,20.441761176571845,14.430869689661812,hard,0.2011863524482731,0.20819698060401481,0.22450248166817485,0.17121475291244925
0.0,0.0,15.793883699627159,0.16214345937232613,0.8375390059703085,0.9583318840568751,0.9583318840568751,0.13999999999999999,1.2,0.0,15.567517464258714,14.430869689661812,hard,0.20128554318580696,0.2083348377031773,0.22455071826619835,0.1717438721204653
0.0,0.0,25.44062573658957,0.16244421802207717,0.8365465952007064,0.9583318840568751,0.9583318840568751,0.13999999999999999,1.2,0.0,25.22446431542204,14.430869689661812,hard,0.2010496617613219,0.20866842316944947,0.22473385952543778,0.17211687673256273
0.0,0.0,25.38953393958085,0.16261336240729274,0.8361202881902647,0.9583318840568751,0.9583318840568751,0.13999999999999999,1.2,0.0,24.62356594809127,14.430869689661812,hard,0.20120672696149344,0.20926169761412403,0.22462281424895902,0.1719110207654082
0.0,0.0,30.911891207779735,0.16294341438793267,0.8345622569921547,0.9583318840568751,0.9583318840568751,0.13999999999999999,1.2,0.0,24.5445228105987,14.430869689661812,hard,0.20105026296604342,0.20992648766097816,0.2251337985170081,0.17192938221192988
0.0,0.0,32.37704240847515,0.16343912109274192,0.833761930806734,0.9583318840568751,0.9583318840568751,0.13999999999999999,1.2,0.0,32.69696622012507,14.430869689661812,hard,0.201009856176507,0.21111823966877802,0.2256370990083252,0.17193117067157576
0.0,0.0,19.827730243128713,0.1634305751277319,0.8320367700138704,0.9676776322722357,0.9676776322722357,0.13999999999999999,1.1981652640600127,0.0,16.771595034462287,14.430869689661812,hard,0.2013413657753524,0.21144906995525184,0.2257127010070279,0.17188318204124584
0.0,0.0,17.3565547339974,0.163418789777361,0.8320303507283372,0.9676776322722357,0.9676776322722357,0.13999999999999999,1.1981652640600127,0.0,16.253442712237923,14.430869689661812,hard,0.20166813324257402,0.21161976807709532,0.22583908265582164,0.17191006932889763
0.0,0.0,23.14847379131225,0.1635406236598979,0.8306971692429884,0.9991996797437437,0.9991996797437437,0.13999999999999999,1.2126005112979295,0.0,22.33512032651716,14.430869689661812,hard,0.2015604835316132,0.21217709935414886,0.2261801863773758,0.17180089332243878
0.0,0.0,17.86500486016053,0.16363218328917215,0.8316122476437422,1.0583005244258363,1.0583005244258363,0.13999999999999999,1.2718490476467716,0.0,16.30096929633327,14.430869689661812,hard,0.20064919874275114,0.2123756644183202,0.22646129671626528,0.17183525649730952
0.0,0.0,17.319966320282898,0.16346888988586986,0.8312650927904468,1.0583005244258363,1.0583005244258363,0.13999999999999999,1.2718490476467716,0.0,16.40074388556812,14.430869689661812,hard,0.20010457133034745,0.21220080750666187,0.22655092943129637,0.17182865684694174
0.0,0.0,29.54943224796452,0.16364096062313307,0.8328344881270322,1.0583005244258363,1.0583005244258363,0.13999999999999999,1.2718490476467716,0.0,20.75568355896765,14.430869689661812,hard,0.19924474005725737,0.21228248886609755,0.2266196134783472,0.1718597548112658
0.0,0.0,27.373390460991086,0.1635099518434001,0.833872510978992,1.0583005244258363,1.0583005244258363,0.13999999999999999,1.2812493902437574,0.0,24.86604110026363,14.430869689661812,hard,0.19888376887218234,0.2119280544547029,0.22661830750538542,0.17122109154813894
0.0,0.0,61.233835685603985,0.1626628476508056,0.8343453432520174,1.0486181383134663,1.0486181383134663,0.13999999999999999,1.2619033243477886,0.0,54.96506526876867,14.430869689661812,hard,0.19870111673130908,0.21250977089361958,0.22423506920951053,0.1694045994010804
0.0,0.0,28.5794619849813,0.16297520569773966,0.8343453432520174,1.0486181383134663,1.0486181383134663,0.13999999999999999,1.2619033243477886,0.0,25.106341828311034,14.430869689661812,hard,0.19815216334880723,0.21290469016290273,0.22476883217101334,0.16944832641073035
0.0,0.0,18.811477054721063,0.16320600919008332,0.834689205668743,1.0486181383134663,1.0486181383134663,0.13999999999999999,1.2619033243477886,0.0,18.752802457232896,14.430869689661812,hard,0.19790455470739274,0.21327692331032666,0.22497634404744746,0.16978831293298818
0.0,0.0,19.76110590023434,0.16350516375493637,0.8352160274129654,1.0486181383134663,1.0486181383134663,0.13999999999999999,1.2619033243477886,0.0,19.56450868281644,14.430869689661812,hard,0.19769821568939488,0.21346246995063056,0.22548714172196263,0.16987331967076275
0.0,0.0,6.051299786220415,0.1634887787744215,0.8350937551524763,1.0486181383134663,1.0486181383134663,0.13999999999999999,1.2619033243477886,0.0,5.607173976255776,14.430869689661812,hard,0.1976279793601485,0.2133353861595107,0.22548714172196263,0.16988748395747902
0.0,0.0,8.530426642636495,0.16347323445014575,0.8350937551524763,1.0486181383134663,1.0486181383134663,0.13999999999999999,1.2619033243477886,0.0,7.84,14.430869689661812,hard,0.19756665526813172,0.21315566822382415,0.22548714172196263,0.16988748395747902
0.0,0.0,16.433463453939904,0.16324710623220673,0.8357991659052778,1.0486181383134663,1.0486181383134663,0.13999999999999999,1.2619033243477886,0.0,16.13026968156453,14.430869689661812,hard,0.19754813369651475,0.2129448595660924,0.22508755546990947,0.16974386348740853
0.0,0.0,23.889275946234722,0.163068180231746,0.8355793443107247,1.0486181383134663,1.0486181383134663,0.13999999999999999,1.2619033243477886,0.0,22.181623024476817,14.430869689661812,hard,0.19755460452933696,0.21259003885478273,0.22496806972982192,0.17056396440685898
0.0,0.0,33.026339360006396,0.16290380055753326,0.8355793443107247,1.0486181383134663,1.0486181383134663,0.13999999999999999,1.2619033243477886,0.0,25.606280479601097,14.430869689661812,hard,0.19755337553417668,0.2121988643928843,0.224688934728337,0.17123343998256754
0.0,0.0,26.384109259994258,0.162869483450767,0.8349561008077532,1.0486181383134663,1.0486181383134663,0.13999999999999999,1.2619033243477886,0.0,15.78525894624475,14.430869689661812,hard,0.19756661389076216,0.2121600137476633,0.2245273965271327,0.17170488348700413
0.0,0.0,11.771283019449351,0.16285420669206876,0.835156344855538,1.0486181383134663,1.0486181383134663,0.13999999999999999,1.2619033243477886,0.0,11.3758516164725,14.430869689661812,hard,0.19758099453947023,0.2120884079591052,0.22453340521610096,0.172440085082562
0.0,0.0,14.328885947040519,0.16281834569412204,0.835156344855538,1.0486181383134663,1.0486181383134663,0.13999999999999999,1.2619033243477886,0.0,7.3518433062736035,14.430869689661812,hard,0.19758099453947023,0.21197877571112408,0.22451473998989055,0.17266353393371842
0.0,0.0,13.71708047528234,0.16274990616918106,0.835156344855538,1.0486181383134663,1.0486181383134663,0.13999999999999999,1.2619033243477886,0.0,13.495836394977527,14.430869689661812,hard,0.19758099453947023,0.2118909015619151,0.22431357691759268,0.17258737682567532
0.0,0.0,51.30996398175192,0.163219310695326,0.835156344855538,1.0384603988597734,1.0384603988597734,0.13999999999999999,1.3047605144240073,0.0,43.51077567683666,14.430869689661812,hard,0.19758099453947023,0.2118232528111828,0.22571370930598122,0.17430749315863237
0.0,0.0,23.7461191491583,0.16347352708679652,0.835156344855538,1.0384603988597734,1.0384603988597734,0.13999999999999999,1.3047605144240073,0.0,23.99854162235697,14.430869689661812,hard,0.19759138439068993,0.21184115161084519,0.2267106853732818,0.17503966350212055
0.0,0.0,23.14814944932852,0.16376107712511612,0.835156344855538,1.047091209016674,1.047091209016674,0.13999999999999999,1.3607350954539243,0.0,22.212933169664918,14.430869689661812,hard,0.19759138439068993,0.2117935639755431,0.22753231167067112,0.1767032732933915
0.0,0.0,21.83790544226053,0.16386340939374974,0.8348718586487464,1.047091209016674,1.047091209016674,0.13999999999999999,1.3607350954539243,0.0,21.34759939665348,14.430869689661812,hard,0.19762191720021602,0.21186331646739232,0.22824521193324027,0.17757050970794663
0.0,0.0,24.591390932643428,0.16409417632980774,0.8348718586487464,1.047091209016674,1.047091209016674,0.13999999999999999,1.3607350954539243,0.0,24.87608490096462,14.430869689661812,hard,0.19783864085519717,0.21213925579629342,0.22865689177819212,0.17860674932391812
0.0,0.0,23.047574292413305,0.16430454176567968,0.8348718586487464,1.047091209016674,1.047091209016674,0.13999999999999999,1.3607350954539243,0.0,22.18670773233379,14.430869689661812,hard,0.19819736216701908,0.21233224575543244,0.22910714368993648,0.17945284494875996
0.0,0.0,18.31839208880341,0.16457871332829987,0.8348718586487464,1.047091209016674,1.047091209016674,0.13999999999999999,1.3607350954539243,0.0,17.649079296099274,14.430869689661812,hard,0.19827414704831503,0.21249281075768417,0.22994376173852651,0.1800465461244156
0.0,0.0,30.40702531178902,0.16508883623327308,0.8345784118222621,1.0278132126023676,1.0278132126023676,0.13999999999999999,1.3811589336495635,0.0,26.73784583694057,14.430869689661812,hard,0.19707959427724772,0.2131680817808242,0.23128878934602268,0.18096710230342172
0.0,0.0,45.579507641354446,0.16600423906769382,0.8336558122830671,1.0278132126023676,1.0278132126023676,0.13999999999999999,1.3811589336495635,0.0,44.5020493910112,14.430869689661812,hard,0.19723005592048845,0.21440162260576032,0.2322745610775154,0.18247186444738156
0.0,0.0,33.974349613194065,0.16669154364487562,0.8336558122830671,1.0278132126023676,1.0278132126023676,0.13999999999999999,1.3811589336495635,0.0,32.6004233101351,14.430869689661812,hard,0.1973293109075528,0.21553636622936884,0.23293738074389325,0.183425095932338
0.0,0.0,54.771464124153866,0.16533584582286867,0.8166297562902979,1.0552724766618335,1.0552724766618335,0.13999999999999999,1.3658696863171098,0.0,49.6359748569523,14.430869689661812,hard,0.19661104378558333,0.21596616336280852,0.23196730913241273,0.18130375443946914
0.0,0.0,30.439749956077318,0.16493470526729273,0.8126371494226471,1.0552724766618335,1.0552724766618335,0.13999999999999999,1.3658696863171098,0.0,29.619696149690668,14.430869689661812,hard,0.19685606172300513,0.21566354366809204,0.23182131478493317,0.18146976792753225
0.0,0.0,48.99043847636069,0.16396850474565372,0.7979039325365191,1.000199980003999,1.000199980003999,0.13999999999999999,1.2870120434556938,0.0,44.80399982144451,14.430869689661812,hard,0.19785745788341555,0.21518455955644727,0.22812936840789422,0.18248495506907747
0.0,0.0,19.34915899633324,0.16385872051677372,0.794282895702907,1.000199980003999,1.000199980003999,0.13999999999999999,1.2870120434556938,0.0,19.478850068728388,14.430869689661812,hard,0.19809704795448024,0.2151289200133009,0.2280413874902435,0.18280571165415535
0.0,0.0,22.345380086854693,0.16435977016168915,0.794282895702907,1.000199980003999,1.000199980003999,0.13999999999999999,1.2870120434556938,0.0,22.593804460515273,14.430869689661812,hard,0.1984139840029769,0.2157396546318003,0.22869556663353197,0.18325771714065392
0.0,0.0,10.232700225357947,0.16437539418845049,0.7940465563499379,1.000199980003999,1.000199980003999,0.13999999999999999,1.2870120434556938,0.0,9.95327081918301,14.430869689661812,hard,0.19852193479445163,0.21567717663242633,0.22882586642653388,0.18351608215643098
0.0,0.0,39.78220980941985,0.16418276523645087,0.7914573016472966,1.000199980003999,1.000199980003999,0.13999999999999999,1.2870120434556938,0.0,40.08698541921056,14.430869689661812,hard,0.19852115173398754,0.21525083557694233,0.22904597706866675,0.18377100180859185
0.0,0.0,20.277655427417617,0.16419090480250448,0.7914573016472966,1.000199980003999,1.000199980003999,0.13999999999999999,1.2870120434556938,0.0,20.0509351402871,14.430869689661812,hard,0.19854137705822306,0.21513499367167868,0.22932940302654226,0.18393137109761504
0.0,0.0,22.408463996676982,0.1641811113261313,0.7914573016472966,1.000199980003999,1.000199980003999,0.13999999999999999,1.2870120434556938,0.0,16.409034097106385,14.430869689661812,hard,0.198540621383665,0.21502723880339178,0.229612722991349,0.1838097081374696
0.0,0.0,26.8884076247758,0.16417933894528178,0.7913661358134795,1.000199980003999,1.000199980003999,0.13999999999999999,1.2870120434556938,0.0,19.5647029111101,14.430869689661812,hard,0.198540621383665,0.21492971019639745,0.2297709287067655,0.18387901396968725
0.0,0.0,21.256492099073018,0.16417861353556665,0.7913661358134795,1.000199980003999,1.000199980003999,0.13999999999999999,1.2870120434556938,0.0,21.360234081114374,14.430869689661812,hard,0.198540621383665,0.21487474287450986,0.22978724431352177,0.18387370870841954
0.0,0.0,20.346893504205244,0.16418704234622777,0.7913661358134795,1.000199980003999,1.000199980003999,0.13999999999999999,1.2870120434556938,0.0,20.42489657256555,14.430869689661812,hard,0.198540621383665,0.21487153807556303,0.22974079644926562,0.18396762678265535
0.0,0.0,18.580106384336485,0.16425964607890547,0.7913661358134795,1.000199980003999,1.000199980003999,0.13999999999999999,1.2870120434556938,0.0,17.88658715350695,14.430869689661812,hard,0.198540621383665,0.21492880878039813,0.22987273932449248,0.1840336672804441
0.0,0.0,10.759973819221598,0.16430228553840034,0.7913661358134795,1.000199980003999,1.000199980003999,0.13999999999999999,1.2870120434556938,0.0,9.943842315724842,14.430869689661812,hard,0.198540621383665,0.21497309332865572,0.22989651635548983,0.18402340848360377
0.0,0.0,10.87839987439323,0.1643025118844276,0.7913626984079896,1.000199980003999,1.000199980003999,0.13999999999999999,1.2870120434556938,0.0,10.537475978620307,14.430869689661812,hard,0.19827157877712645,0.21500376975502378,0.2299444939811537,0.18411871990899878
0.0,0.0,30.889335758659115,0.1643384995383948,0.7913626984079896,1.000199980003999,1.000199980003999,0.13999999999999999,1.2870120434556938,0.0,30.814937936007595,14.430869689661812,hard,0.19827157877712645,0.21527314228003191,0.2301455426951289,0.18455085365095547
0.0,0.0,15.93251286036956,0.1644325964768972,0.7913626984079896,1.000199980003999,1.000199980003999,0.13999999999999999,1.2870120434556938,0.0,15.828126863277287,14.430869689661812,hard,0.19827157877712645,0.21541840851930333,0.23025934726265723,0.18457019784411127
0.0,0.0,8.367235950524053,0.16449341766195613,0.7913626984079896,1.000199980003999,1.000199980003999,0.13999999999999999,1.2870120434556938,0.0,8.003599190364296,14.430869689661812,hard,0.19827157877712645,0.2155127293181186,0.23034144367885792,0.18458627614002748
0.0,0.0,6.589443532516233,0.1645355123237216,0.791096339824075,1.000199980003999,1.000199980003999,0.13999999999999999,1.2870120434556938,0.0,5.86023890297998,14.430869689661812,hard,0.19827157877712645,0.2155718687034084,0.2304285015086315,0.18461207427320817
0.0,0.0,26.21611249301987,0.16413663077947113,0.7894878497999314,0.9666436778875657,0.9666436778875657,0.13999999999999999,1.3108775686539151,0.0,25.624800487028185,14.430869689661812,hard,0.1983243186908912,0.21525318638344257,0.22956552703237568,0.1852222659955014
0.0,0.0,41.568629535727815,0.1635747209734479,0.7844773484228015,0.9734474818910367,0.9734474818910367,0.13999999999999999,1.3340164916521835,0.0,29.81961770378688,14.430869689661812,hard,0.19830431692963166,0.21385357184425036,0.22843084230467733,0.1867759897051645
0.0,0.0,38.2368993081954,0.16392864050102604,0.7805591224255384,0.9591663046625439,0.9591663046625439,0.13999999999999999,1.3711309200802089,0.0,30.207177954916617,14.430869689661812,hard,0.19830431692963166,0.2132889501312509,0.2289782525594723,0.18820314693967904
0.0,0.0,18.203180125957346,0.1641600773745826,0.7759574922432021,0.9591663046625439,0.9591663046625439,0.13999999999999999,1.3711309200802089,0.0,17.05615431449892,14.430869689661812,hard,0.19830431692963166,0.21338584248396752,0.2291378873884121,0.1890993774262186
0.0,0.0,37.69878566529692,0.16363872965387657,0.7666698842572165,0.9499473669630333,0.9499473669630333,0.13999999999999999,1.3410443691392167,0.0,32.43514143641122,14.430869689661812,hard,0.19830431692963166,0.21352283748080642,0.2288047218302628,0.18724053107423574
0.0,0.0,6.720215181989002,0.16363725406572177,0.7666698842572165,0.9499473669630333,0.9499473669630333,0.13999999999999999,1.3410443691392167,0.0,3.655188093655373,14.430869689661812,hard,0.19830431692963166,0.21352013903542474,0.22873330531693536,0.18738087367773587
0.0,0.0,4.6971052714756,0.16366559461122898,0.7666698842572165,0.9499473669630333,0.9499473669630333,0.13999999999999999,1.3410443691392167,0.0,2.5681900241220474,14.430869689661812,hard,0.19830431692963166,0.21352932660826368,0.22881830886356455,0.18741696490764306
0.0,0.0,44.128003904333504,0.16269608156419293,0.7628044128744171,0.9340235543068494,0.9340235543068494,0.13999999999999999,1.3177253128023307,0.0,37.96599004372203,14.430869689661812,hard,0.19814831220803356,0.21217705520801225,0.2271331751896071,0.18576213329249094
0.0,0.0,31.091711293961986,0.1618026132380711,0.7592173258683526,0.9340235543068494,0.9340235543068494,0.13999999999999999,1.3177253128023307,0.0,30.194496187219286,14.430869689661812,hard,0.19774634644518327,0.2102662269497176,0.22646275131309113,0.1860436465452239
0.0,0.0,28.26365692624121,0.16141937167269277,0.7567115009467758,0.9340235543068494,0.9340235543068494,0.13999999999999999,1.3177253128023307,0.0,27.541503226948233,14.430869689661812,hard,0.1974968987600902,0.20897613843850502,0.2263751654548132,0.18646043425074585
0.0,0.0,19.350549355322514,0.16111821574445195,0.7532524893345648,0.9340235543068494,0.9340235543068494,0.13999999999999999,1.3177253128023307,0.0,19.52741662381381,14.430869689661812,hard,0.19733860104780598,0.2083490864705222,0.2261245531151904,0.18630188686250468
0.0,0.0,44.78592351857768,0.16034377912164566,0.7480354899345752,0.9340235543068494,0.9340235543068494,0.13999999999999999,1.3177253128023307,0.0,41.44268813675097,14.430869689661812,hard,0.1972272852214775,0.20790580693014274,0.2247072752162179,0.18585859450219955
0.0,0.0,34.03368383834369,0.15994417644668077,0.7420330099415846,0.9340235543068494,0.9340235543068494,0.13999999999999999,1.3177253128023307,0.0,29.759462360734947,14.430869689661812,hard,0.19706064812501842,0.2076987564947457,0.2242281844846385,0.18594469439921427
0.0,0.0,21.67405308483035,0.15953456234118849,0.7369213529116861,0.9340235543068494,0.9340235543068494,0.13999999999999999,1.3177253128023307,0.0,21.53601634471891,14.430869689661812,hard,0.19696653275823459,0.20750383318543617,0.22333574088138153,0.18598658738101337
0.0,0.0,29.22914995106679,0.15904719629668787,0.7315993926612131,0.9340235543068494,0.9340235543068494,0.13999999999999999,1.3177253128023307,0.0,24.06548565892656,14.430869689661812,hard,0.19688335284789263,0.20719580089775577,0.22231510420495657,0.1859625891226167
0.0,0.0,25.100766891522284,0.15856822779465524,0.7264948984223857,0.9340235543068494,0.9340235543068494,0.13999999999999999,1.3177253128023307,0.0,24.53054422551607,14.430869689661812,hard,0.1967605587130553,0.20691915697362928,0.22172477937936005,0.1860683548442958
0.0,0.0,26.9019295005981,0.1581810256528529,0.7221752538424137,0.9340235543068494,0.9340235543068494,0.13999999999999999,1.3177253128023307,0.0,26.603947075575082,14.430869689661812,hard,0.1967679980152235,0.20667181242367103,0.22116195357447668,0.1861670417657442
0.0,0.0,26.46276006466455,0.15797914471862398,0.7182991847290974,0.9340235543068494,0.9340235543068494,0.13999999999999999,1.3177253128023307,0.0,26.29451653862455,14.430869689661812,hard,0.19686695986416575,0.20651529688795736,0.22096681236596635,0.18641803933350906
0.0,0.0,23.976153865372027,0.15758849955584187,0.7145167780675694,0.9340235543068494,0.9340235543068494,0.13999999999999999,1.3177253128023307,0.0,23.508840890184274,14.430869689661812,hard,0.19693929122397305,0.206152918663436,0.2205498668335719,0.18659769520373104
0.0,0.0,26.295073954904957,0.15729357869709926,0.7118122607608783,0.9340235543068494,0.9340235543068494,0.13999999999999999,1.3177253128023307,0.0,25.419016503397607,14.430869689661812,hard,0.197067491133284,0.205785310950982,0.2202689824189685,0.18668431938960672
0.0,0.0,29.01695285863043,0.1570275602801105,0.709153203892474,0.9340235543068494,0.9340235543068494,0.13999999999999999,1.3177253128023307,0.0,25.656383221335,14.430869689661812,hard,0.19721610851831783,0.20557208756045214,0.21986119013489236,0.18691185280982645
0.0,0.0,26.032811583780695,0.15686744636441,0.7077823553364526,0.9340235543068494,0.9340235543068494,0.13999999999999999,1.3177253128023307,0.0,25.1922527773917,14.430869689661812,hard,0.19741659611625736,0.20545921834197334,0.2196616885462074,0.18703782799106533
0.0,0.0,31.898873802551886,0.15702458621581852,0.7053913893538569,0.9340235543068494,0.9340235543068494,0.13999999999999999,1.3177253128023307,0.0,31.543011904382244,14.430869689661812,hard,0.197846019663177,0.20585048309867776,0.21981514059211374,0.18712291492225006
0.0,0.0,25.56079556075618,0.15721161191383498,0.7047286458025991,0.9340235543068494,0.9340235543068494,0.13999999999999999,1.3177253128023307,0.0,25.501184286224827,14.430869689661812,hard,0.19822352975693452,0.20625361496057718,0.21998211131736561,0.1870766415323926
0.0,0.0,21.987124836642227,0.15721706150672918,0.7042485211511988,0.9340235543068494,0.9340235543068494,0.13999999999999999,1.3177253128023307,0.0,21.564090521049106,14.430869689661812,hard,0.19859711066789912,0.20637052409181797,0.21977365301906093,0.18676401077456167
0.0,0.0,38.17647022190394,0.15723984118937243,0.7039926243739133,0.9340235543068494,0.9340235543068494,0.13999999999999999,1.3177253128023307,0.0,25.926272389219395,14.430869689661812,hard,0.19904755669620844,0.20661616407762246,0.2199052384720585,0.186792739929052
0.0,0.0,11.754448867395912,0.1574254865523514,0.7039926243739133,0.9340235543068494,0.9340235543068494,0.13999999999999999,1.3177253128023307,0.0,10.22005870824625,14.430869689661812,hard,0.19930401281595161,0.20680194160121973,0.22018151250694193,0.1868360174373686
0.0,0.0,24.699892788961062,0.15772210246630486,0.7041303531304023,0.9707728879609276,0.9707728879609276,0.13999999999999999,1.3242356285797476,0.0,24.310071986730108,14.430869689661812,hard,0.19854455726240164,0.20739644534068125,0.22062516952525554,0.18685049225787048
0.0,0.0,32.26086037675851,0.15796941341115278,0.7045662760227217,0.9651942809610924,0.9651942809610924,0.13999999999999999,1.3304134695650072,0.0,32.45042988929422,14.430869689661812,hard,0.19799363799656824,0.20721082808069455,0.22085159226590204,0.18687779128420262
0.0,0.0,18.649845363319653,0.1581192344317014,0.7052122538205556,0.9651942809610924,0.9651942809610924,0.13999999999999999,1.3304134695650072,0.0,17.21265813289743,14.430869689661812,hard,0.19771209786667956,0.20730351757425647,0.22113649195197987,0.1869189262336662
0.0,0.0,16.53462976740084,0.15829263772648572,0.7060467671897049,0.9651942809610924,0.9651942809610924,0.13999999999999999,1.3304134695650072,0.0,9.372641036548876,14.430869689661812,hard,0.19775956822148047,0.20741637503930999,0.22156878634052482,0.18695849647443183
0.0,0.0,18.47711037055292,0.15804543103589927,0.7009238558244626,0.9707728879609276,0.9707728879609276,0.13999999999999999,1.3212115651930996,0.0,14.454411091428112,14.430869689661812,hard,0.1975427726206754,0.20744188697736127,0.22136916954449723,0.1862878533988847
0.0,0.0,4.5507259997928715,0.15805435108143662,0.7009238558244626,0.9707728879609276,0.9707728879609276,0.13999999999999999,1.3212115651930996,0.0,4.0267108165350045,14.430869689661812,hard,0.19748323932516065,0.20744149147853724,0.22138325601027364,0.1864352138898734
0.0,0.0,54.6684123280492,0.1576218766481596,0.698559561184662,0.9219544457292888,0.9219544457292888,0.13999999999999999,1.244025723206719,0.0,49.09238637507857,14.430869689661812,hard,0.1974976233669864,0.20744381470393308,0.2190393264675078,0.1812083310301474
0.0,0.0,21.52322366442869,0.15744721193129513,0.6974928042873423,0.9219544457292888,0.9219544457292888,0.13999999999999999,1.244025723206719,0.0,21.434514223560093,14.430869689661812,hard,0.197512034983489,0.2074583334514697,0.21825504580053076,0.180666001784036
0.0,0.0,41.445636950115606,0.15714824465774174,0.6967716262958298,0.9219544457292888,0.9219544457292888,0.13999999999999999,1.244025723206719,0.0,42.16356721151567,14.430869689661812,hard,0.197512034983489,0.20770192602526608,0.21686793815694544,0.17980064643751428
0.0,0.0,22.786568224349114,0.15705163459963284,0.6959777056687575,0.9219544457292888,0.9219544457292888,0.13999999999999999,1.244025723206719,0.0,22.60569839664327,14.430869689661812,hard,0.197512034983489,0.207796790013924,0.21628408039303143,0.17961755705883323
0.0,0.0,19.41552863875222,0.15710528798880244,0.6957198589627978,0.9219544457292888,0.9219544457292888,0.13999999999999999,1.244025723206719,0.0,16.32245079637246,14.430869689661812,hard,0.197512034983489,0.20808042870712193,0.2161249203354974,0.1794540125798226
0.0,0.0,15.967655941385038,0.1570890644850423,0.6952324435947502,0.9219544457292888,0.9219544457292888,0.13999999999999999,1.244025723206719,0.0,16.313626206334384,14.430869689661812,hard,0.1975409409163727,0.20805896723233158,0.21593190449011504,0.17933540450020616
0.0,0.0,28.48774746543701,0.15704839899950684,0.6941544790474129,0.9219544457292888,0.9219544457292888,0.13999999999999999,1.244025723206719,0.0,27.633494169214288,14.430869689661812,hard,0.1975409409163727,0.20795136105783343,0.2161573580848038,0.17935472956655368
0.0,0.0,27.0005946215857,0.15719607395390944,0.693272007645547,0.9219544457292888,0.9219544457292888,0.13999999999999999,1.244025723206719,0.0,26.908890724071107,14.430869689661812,hard,0.1975409409163727,0.2082977174772143,0.21647869986759694,0.17905263188130485
0.0,0.0,16.758295312260547,0.15723733597262518,0.693272007645547,0.9219544457292888,0.9219544457292888,0.13999999999999999,1.244025723206719,0.0,15.62983045333506,14.430869689661812,hard,0.1975409409163727,0.20844664670728508,0.21634995982183444,0.17857507424729538
0.0,0.0,5.411042769154048,0.15719466203178092,0.6932473689074152,0.9219544457292888,0.9219544457292888,0.13999999999999999,1.244025723206719,0.0,5.230716968064703,14.430869689661812,hard,0.197569706218484,0.20847364700788967,0.2163117545551042,0.17857507424729538
0.0,0.0,9.40613798819429,0.15732970112142633,0.6932473689074152,0.96,0.96,0.13999999999999999,1.28062484748657,0.0,9.689664596878472,14.430869689661812,hard,0.1974686723068822,0.20849195657250216,0.21633032595990956,0.17859335561095108
0.0,0.0,8.138266330716924,0.15744030430650957,0.6932473689074152,0.96,0.96,0.13999999999999999,1.28062484748657,0.0,7.557803913836345,14.430869689661812,hard,0.1974346953318935,0.20856616529483277,0.21633032595990956,0.17861166189053573
0.0,0.0,12.665034770492058,0.15769356666718298,0.6932473689074152,0.96,0.96,0.13999999999999999,1.28062484748657,0.0,13.018202640917833,14.430869689661812,hard,0.1974420536411162,0.2088683630179165,0.21633032595990956,0.17862999307838912
0.0,0.0,3.555801531964842,0.15774321377735387,0.6932473689074152,0.96,0.96,0.13999999999999999,1.28062484748657,0.0,2.9613510430207355,14.430869689661812,hard,0.19745774059188442,0.20888865726906602,0.21633032595990956,0.17864834916684372
0.0,0.0,3.075070213464032,0.1577534373387579,0.6932473689074152,0.9551963149007643,0.9551963149007643,0.13999999999999999,1.3159027319676786,0.0,2.66,14.430869689661812,hard,0.19745774059188442,0.20888569623781267,0.21635483881346412,0.1787012351654496
0.0,0.0,8.542137650957073,0.15782508353998212,0.6932473689074152,0.9551963149007643,0.9551963149007643,0.13999999999999999,1.3159027319676786,0.0,8.568803883856836,14.430869689661812,hard,0.19745774059188442,0.2089396651405188,0.21642193117007708,0.17879384267096862
0.0,0.0,1.3581778904159896,0.1578194957528438,0.6932473689074152,0.9173875952943772,0.9173875952943772,0.13999999999999999,1.335065541462291,0.0,1.6800000000000002,14.430869689661812,hard,0.19745774059188442,0.2088794277313813,0.21642193117007708,0.17879384267096862
0.0,0.0,11.954884090836819,0.15787369925023872,0.6932473689074152,0.9173875952943772,0.9173875952943772,0.13999999999999999,1.335065541462291,0.0,11.711959699384215,14.430869689661812,hard,0.19749888645099128,0.20882590952498314,0.21646751639219886,0.17843760836666667
0.0,0.0,11.55367380248104,0.15781968896390133,0.6932473689074152,0.9173875952943772,0.9173875952943772,0.13999999999999999,1.335065541462291,0.0,8.320793231417303,14.430869689661812,hard,0.19747826084656944,0.20871550868271682,0.21645260593318305,0.17864825053793673
0.0,0.0,27.055686844747168,0.15742873929802934,0.6915965148817097,0.9123595782365636,0.9123595782365636,0.13999999999999999,1.338805437694365,0.0,27.057339115293658,14.430869689661812,hard,0.19742068963050574,0.20683056167457622,0.21627675811124822,0.17864825053793673
0.0,0.0,13.704582197806843,0.15734240761033377,0.690996201414283,0.9123595782365636,0.9123595782365636,0.13999999999999999,1.338805437694365,0.0,14.268861201931987,14.430869689661812,hard,0.19734202023539596,0.20649806535726284,0.21624968066557976,0.17865642538682178
0.0,0.0,25.3969426035372,0.15711280360081023,0.690637820109371,0.9123595782365636,0.9123595782365636,0.13999999999999999,1.338805437694365,0.0,23.637258724310655,14.430869689661812,hard,0.19726697870849197,0.20614624646224372,0.21618522433103765,0.17886346522574545
0.0,0.0,50.08715174875325,0.15708141097170342,0.6907240882874558,0.9173875952943772,0.9173875952943772,0.13999999999999999,1.3272528018429648,0.0,31.624066784649948,14.430869689661812,hard,0.19736536836144505,0.20608359937647278,0.2161628438439715,0.17866684110302072
0.0,0.0,12.395953866780932,0.15718358358025952,0.6907240882874558,0.9173875952943772,0.9173875952943772,0.13999999999999999,1.3272528018429648,0.0,11.124046026513913,14.430869689661812,hard,0.19738695491312044,0.20615139816147485,0.21625475799695978,0.17883179716332623
0.0,0.0,17.530176228627145,0.1572065287636628,0.6905215083324975,0.9173875952943772,0.9173875952943772,0.13999999999999999,1.3272528018429648,0.0,10.065783625729296,14.430869689661812,hard,0.19741626155269376,0.2061464381700532,0.21625473157158875,0.17886453911639333
0.0,0.0,17.3486429838051,0.15735307017094785,0.6905215083324975,0.9219544457292888,0.9219544457292888,0.13999999999999999,1.3152946437965904,0.0,13.300000000000002,14.430869689661812,hard,0.19741626155269376,0.2061464381700532,0.21625473157158875,0.17853750643283084
0.0,0.0,14.811651111861066,0.15748204518513373,0.6904691780413994,0.9219544457292888,0.9219544457292888,0.13999999999999999,1.3152946437965904,0.0,14.532776747751956,14.430869689661812,hard,0.1974362809912782,0.20616597778007123,0.2165186598988832,0.17844614881875112
0.0,0.0,14.316630219532016,0.1576340024851123,0.6904691780413994,0.9219544457292888,0.9219544457292888,0.13999999999999999,1.3152946437965904,0.0,14.394457266600918,14.430869689661812,hard,0.19745674421761467,0.2062274312245786,0.2167207655537384,0.17841686546247965
0.0,0.0,21.587733480667058,0.1578578960363671,0.6904691780413994,0.9219544457292888,0.9219544457292888,0.13999999999999999,1.3152946437965904,0.0,21.17908402174183,14.430869689661812,hard,0.1980119256334523,0.20652376634948394,0.21694491021772044,0.17844197602870027
0.0,0.0,20.284086341521128,0.15812478748832934,0.6904691780413994,0.9219544457292888,0.9219544457292888,0.13999999999999999,1.3152946437965904,0.0,20.550435518499356,14.430869689661812,hard,0.19857628197777938,0.20672841351083804,0.21724048472946852,0.1785415319547326
0.0,0.0,16.322972969900555,0.15835172547308013,0.6904691780413994,0.9219544457292888,0.9219544457292888,0.13999999999999999,1.3152946437965904,0.0,16.147135968957468,14.430869689661812,hard,0.19904500323003985,0.20671770698027542,0.21762619979275677,0.17868869188569908
0.0,0.0,14.956711561550579,0.15857688189643213,0.6904691780413994,0.9219544457292888,0.9219544457292888,0.13999999999999999,1.3152946437965904,0.0,14.686715085409672,14.430869689661812,hard,0.19929534693556636,0.20675779851790071,0.218197243292166,0.17888198064545308
0.0,0.0,19.905284942919433,0.15883793052529302,0.6904691780413994,0.9219544457292888,0.9219544457292888,0.13999999999999999,1.3152946437965904,0.0,11.213581051564217,14.430869689661812,hard,0.19943201220312548,0.20683391371455775,0.2188145760539391,0.17922561703500603
0.0,0.0,13.344101023083368,0.15909123208412093,0.6899326001368458,0.9219544457292888,0.9219544457292888,0.13999999999999999,1.3152946437965904,0.0,12.673200069437868,14.430869689661812,hard,0.19950108931604305,0.20685632932381415,0.21958028027897625,0.17943799853179065
0.0,0.0,10.81514789713979,0.15927889458820488,0.6899326001368458,0.9219544457292888,0.9219544457292888,0.13999999999999999,1.3152946437965904,0.0,10.075733223939586,14.430869689661812,hard,0.19951752129115927,0.20688095497846654,0.22019786456445145,0.17959323878888805
0.0,0.0,6.1075668845951565,0.15931880497110681,0.6899326001368458,0.9219544457292888,0.9219544457292888,0.13999999999999999,1.3152946437965904,0.0,5.180000000000001,14.430869689661812,hard,0.19955663678453228,0.20692211265453356,0.2202754956253754,0.17959323878888805
0.0,0.0,9.574125744071669,0.15938691136634592,0.6899326001368458,0.9219544457292888,0.9219544457292888,0.13999999999999999,1.3152946437965904,0.0,8.819999999999999,14.430869689661812,hard,0.19962997165432858,0.20699163063338136,0.22040249828321118,0.17959323878888805
0.0,0.0,0.5874869539089881,0.15938691136634592,0.6899326001368458,0.9219544457292888,0.9219544457292888,0.13999999999999999,1.3152946437965904,0.0,0.0,14.430869689661812,hard,0.19962997165432858,0.20699163063338136,0.22040249828321118,0.17959323878888805
0.0,0.0,7.159189240465766,0.15948726179841058,0.6899326001368458,0.9219544457292888,0.9219544457292888,0.13999999999999999,1.3152946437965904,0.0,5.886425061104575,14.430869689661812,hard,0.19962997165432858,0.2069906976581311,0.22077142264771715,0.17969263491369936
0.0,0.0,2.228321446092715,0.15948726179841058,0.6899329818531278,0.9219544457292888,0.9219544457292888,0.13999999999999999,1.3152946437965904,0.0,0.0,14.430869689661812,hard,0.19962997165432858,0.2069906976581311,0.22077142264771715,0.17969263491369936
0.0,0.0,3.03462617066414,0.1595370087554117,0.6899329818531278,0.9042123644365854,0.9042123644365854,0.13999999999999999,1.3481839637082174,0.0,2.38,14.430869689661812,hard,0.19962997165432858,0.2069906976581311,0.22082522710610944,0.1797005586755088
0.0,0.0,5.791837246807119,0.15966412279986664,0.6897565098710664,0.9042123644365854,0.9042123644365854,0.13999999999999999,1.3481839637082174,0.0,5.645670907872685,14.430869689661812,hard,0.19962997165432858,0.20703561328963158,0.22097500544525153,0.17972776445029184
0.0,0.0,7.946862046319015,0.15980853730610897,0.6897565098710664,0.9042123644365854,0.9042123644365854,0.13999999999999999,1.3481839637082174,0.0,7.84,14.430869689661812,hard,0.19962997165432858,0.20703561328963158,0.22103012991508744,0.17980422869751952
0.0,0.0,8.329964285641744,0.15993369324974147,0.689717425336098,0.9042123644365854,0.9042123644365854,0.13999999999999999,1.3481839637082174,0.0,6.622265473385977,14.430869689661812,hard,0.19964233237429332,0.20704219567576276,0.22112254259815634,0.1798990420852839
0.0,0.0,4.336392200634631,0.15995506071385288,0.689717425336098,0.9042123644365854,0.9042123644365854,0.13999999999999999,1.3481839637082174,0.0,1.1199999999999999,14.430869689661812,hard,0.19964233237429332,0.20704219567576276,0.22113653209061632,0.1799163663763198
0.0,0.0,2.959110738981756,0.15995506071385288,0.689717425336098,0.9042123644365854,0.9042123644365854,0.13999999999999999,1.3481839637082174,0.0,0.0,14.430869689661812,hard,0.19964233237429332,0.20704219567576276,0.22113653209061632,0.1799163663763198
0.0,0.0,11.54361091944615,0.15987416148337727,0.6897504287300441,0.9042123644365854,0.9042123644365854,0.13999999999999999,1.3481839637082174,0.0,9.519999999999998,14.430869689661812,hard,0.199830191651307,0.20704390240769577,0.22107027430058226,0.1799163663763198
0.0,0.0,11.943682804203828,0.16002964406517428,0.6897504287300441,0.9079647570252933,0.9079647570252933,0.13999999999999999,1.3358143583597237,0.0,7.537347013372808,14.430869689661812,hard,0.199830191651307,0.20707308050896922,0.2212166384832709,0.1801125966769681
0.0,0.0,9.649597917232386,0.16020032186986788,0.6897504287300441,0.9079647570252933,0.9079647570252933,0.13999999999999999,1.3358143583597237,0.0,8.328865468957941,14.430869689661812,hard,0.199830191651307,0.20707308050896922,0.2212465576293238,0.18029558102338056
0.0,0.0,25.65458444592458,0.16011101629820232,0.6861543915164725,0.9112628599915613,0.9112628599915613,0.13999999999999999,1.3230268326832981,0.0,18.885179374313605,14.430869689661812,hard,0.199830191651307,0.20707535186992426,0.22069292695057435,0.18003542090179517
0.0,0.0,30.644462179367604,0.16046009255185595,0.6847003393344016,0.9141115905621151,0.9141115905621151,0.13999999999999999,1.3098091464026353,0.0,26.95391622751692,14.430869689661812,hard,0.199830191651307,0.20707535186992426,0.2206281004768638,0.17850733166879718
0.0,0.0,50.92099714645398,0.16076836152953286,0.6836358517900086,0.9141115905621151,0.9141115905621151,0.13999999999999999,1.3098091464026353,0.0,17.13486504177958,14.430869689661812,hard,0.199830191651307,0.20707535186992426,0.22068186392619712,0.17814417862184398
