step,timestamp,reward,coverage,cov_trace,altitude,alt_idx,loop_closures,altitude_changes,frontier_count,new_cells,map_seed,difficulty,cov_alt0,cov_alt1,cov_alt2,cov_alt3
0.0,0.0,45.02327413578807,0.010042608856473168,0.03611579039340401,0.0,0.0,0.0,0.0,0.0,44.878342215371546,14.430869689661812,hard,0.033094196586728006,0.01670663690261898,0.0,0.0
0.0,0.0,39.73534411404926,0.01065647899203771,0.055611116594833816,0.0,0.0,0.0,0.0,0.0,40.33807134705377,14.430869689661812,hard,0.035175008978288486,0.016862716611934447,0.0,0.0
0.0,0.0,32.80112762385032,0.010640103389930782,0.062479707390847836,0.0,0.0,0.0,0.0,0.0,32.60037423098084,14.430869689661812,hard,0.0352690889078014,0.01809338321882625,0.0,0.0
0.0,0.0,26.0386016259014,0.0116124607033432,0.06881731681745785,0.0,0.0,0.0,0.0,0.0,26.013388860354205,14.430869689661812,hard,0.03710374016421749,0.019947244543089784,0.0,0.0
0.0,0.0,25.415754076313387,0.012293843834943783,0.07910807978110812,0.0,0.0,0.0,0.0,0.0,24.67971636790018,14.430869689661812,hard,0.03852076632914602,0.0209340947724337,0.0,0.0
0.0,0.0,28.978942221763827,0.01261194183982324,0.08535775948844612,0.0,0.0,0.0,0.0,0.0,29.200657526843468,14.430869689661812,hard,0.039373621800813184,0.02155430791551131,0.0,0.0
0.0,0.0,23.13743085253568,0.0128762520322793,0.09752760629793487,0.0,0.0,0.0,0.0,0.0,23.113493894260124,14.430869689661812,hard,0.03981329415940666,0.021440870777809515,0.0,0.0
0.0,0.0,19.262742686328522,0.012989735920864944,0.11002811971203631,0.0,0.0,0.0,0.0,0.0,18.751170630123337,14.430869689661812,hard,0.04048383874361459,0.02095905499432135,0.0,0.0
0.0,0.0,24.866026160018556,0.013578865739011995,0.12144750908803147,0.0,0.0,0.0,0.0,0.0,25.188100365053334,14.430869689661812,hard,0.04222228560716989,0.02139444686872766,0.0,0.0
0.0,0.0,33.44338745273581,0.014580890994022237,0.1321995155030396,0.0,0.0,0.0,0.0,0.0,33.776494785575366,14.430869689661812,hard,0.04400192003712222,0.02311535456969715,0.0,0.0
0.0,0.0,25.46643053638844,0.015717381410813396,0.14824391967979528,0.0,0.0,0.0,0.0,0.0,25.21793806003972,14.430869689661812,hard,0.04672967583417705,0.024591850268450677,0.0,0.0
0.0,0.0,16.207350628473755,0.01612344756317372,0.16289410433815033,0.0,0.0,0.0,0.0,0.0,15.85212919452778,14.430869689661812,hard,0.04750289403670901,0.025387266276651308,0.0,0.0
0.0,0.0,27.35093295718154,0.01649120758623557,0.17398517622682394,0.0,0.0,0.0,0.0,0.0,27.450034608357054,14.430869689661812,hard,0.04879685220792891,0.025625034435465956,0.0,0.0
0.0,0.0,18.69027812423616,0.016968608884996992,0.18688487165701878,0.0,0.0,0.0,0.0,0.0,18.491554829164585,14.430869689661812,hard,0.050128559213214734,0.026184274265398017,0.0,0.0
0.0,0.0,18.768666539121334,0.01741398436723913,0.18548928453765087,0.0,0.0,0.0,0.0,0.0,18.321801221495665,14.430869689661812,hard,0.05126774417228109,0.02724680423704002,0.0,0.0
0.0,0.0,21.40023317975027,0.018026608474531313,0.18447230354604036,0.0,0.0,0.0,0.0,0.0,21.280827051597406,14.430869689661812,hard,0.05256054313444341,0.028065340081639377,0.0,0.0
0.0,0.0,24.742972265595935,0.017900127522551747,0.1848970747752772,0.0,0.0,0.0,0.0,0.0,24.074260113241277,14.430869689661812,hard,0.05120906280574774,0.028705614985414327,0.0,0.0
0.0,0.0,16.109927576592646,0.0178160788192332,0.1943144936346891,0.0,0.0,0.0,0.0,0.0,16.235762994081924,14.430869689661812,hard,0.05071421972672108,0.028545037734244525,0.0,0.0
0.0,0.0,25.714814966570994,0.017999163159486065,0.20467647528125751,0.0,0.0,0.0,0.0,0.0,24.79355561431236,14.430869689661812,hard,0.05044180942053378,0.029217637569286827,0.0,0.0
0.0,0.0,25.882177436231895,0.018236288260630923,0.20545763445535206,0.0,0.0,0.0,0.0,0.0,26.05990023004693,14.430869689661812,hard,0.050380963107608846,0.030013909793153253,0.0,0.0
0.0,0.0,80.99096567990341,0.019036507905413922,0.23202301835113218,0.4270831300812525,0.4270831300812525,0.0,0.4270831300812525,0.0,71.87473547777411,14.430869689661812,hard,0.050335506571029934,0.030816359460441447,0.022852166897340164,0.0
0.0,0.0,81.85065800254912,0.02016310305703262,0.229133120306099,0.5,0.5,0.0,0.5,0.0,73.09195304546184,14.430869689661812,hard,0.05075505234199642,0.03184047839000261,0.030959303720919457,0.0
0.0,0.0,76.2540297049863,0.02141881801343301,0.21320048105801104,0.4737087712930805,0.4737087712930805,0.0,0.4737087712930805,0.0,70.52359605125082,14.430869689661812,hard,0.05113104695447094,0.0370088553181758,0.034719416892480565,0.0
0.0,0.0,63.375659841022525,0.022609772299630796,0.22529900711384937,0.41424630354415953,0.41424630354415953,0.0,0.41424630354415953,0.0,57.92892541727319,14.430869689661812,hard,0.05200783650208633,0.042330580503586554,0.03468271485214584,0.0
0.0,0.0,61.526306079116054,0.02255573550610104,0.2331758142872797,0.2374868417407584,0.2374868417407584,0.0,0.2374868417407584,0.0,54.678931957381906,14.430869689661812,hard,0.05240724052395345,0.04385768691383393,0.02955333521458269,0.0
0.0,0.0,38.43385924756567,0.02338221294953061,0.23888872684086812,0.2374868417407584,0.2374868417407584,0.0,0.2374868417407584,0.0,37.623827556483405,14.430869689661812,hard,0.052582293097677674,0.04559561908480873,0.030821577925273957,0.0
0.0,0.0,24.529677895210074,0.024298841997299495,0.24799972188281602,0.2374868417407584,0.2374868417407584,0.0,0.2374868417407584,0.0,24.678322471351247,14.430869689661812,hard,0.052850898445189455,0.04727366080117567,0.032694301624329354,0.0
0.0,0.0,31.625567208685315,0.025701793680333596,0.24594518114871905,0.2374868417407584,0.2374868417407584,0.0,0.2374868417407584,0.0,31.18864536974955,14.430869689661812,hard,0.052482047245017434,0.04980586587156774,0.03407938536938572,0.0
0.0,0.0,29.427737316972028,0.026810022850378146,0.24309973824645875,0.2374868417407584,0.2374868417407584,0.0,0.2374868417407584,0.0,29.40291822251662,14.430869689661812,hard,0.051470669897077694,0.05244885128850837,0.035700150108019836,0.0
0.0,0.0,17.491176767277306,0.027188485420470823,0.23841546899919328,0.2374868417407584,0.2374868417407584,0.0,0.2374868417407584,0.0,17.30388395707738,14.430869689661812,hard,0.05171355309906514,0.053427852606227184,0.03653965288172758,0.0
0.0,0.0,21.881696733087868,0.027786587285100098,0.24399831373274772,0.2374868417407584,0.2374868417407584,0.0,0.2374868417407584,0.0,21.69100274307299,14.430869689661812,hard,0.05180408671935044,0.05463344910950321,0.03651216771527989,0.0
0.0,0.0,19.85416098501719,0.028704146895377605,0.2522295768808819,0.2374868417407584,0.2374868417407584,0.0,0.2374868417407584,0.0,18.9918403531622,14.430869689661812,hard,0.05203595833204193,0.05627552214086389,0.0371912326269098,0.0
0.0,0.0,31.678614059921735,0.029274739751362442,0.25801043017018177,0.2374868417407584,0.2374868417407584,0.0,0.2374868417407584,0.0,30.44743667371689,14.430869689661812,hard,0.052179699195922066,0.05777741361359984,0.03743407458018794,0.0
0.0,0.0,23.66724039551483,0.02983908832795788,0.26262070665485043,0.2374868417407584,0.2374868417407584,0.0,0.2374868417407584,0.0,18.395966949307123,14.430869689661812,hard,0.05219301381394208,0.05902056362807931,0.038514577955923834,0.0
0.0,0.0,24.631994178969848,0.03038704537789565,0.265996240804547,0.2374868417407584,0.2374868417407584,0.0,0.2374868417407584,0.0,24.694525709152625,14.430869689661812,hard,0.05228461328749663,0.06060522196833339,0.0398287760917497,0.0
0.0,0.0,14.547700301642669,0.03068608066350996,0.2626554652073088,0.2374868417407584,0.2374868417407584,0.0,0.2374868417407584,0.0,14.452972012703821,14.430869689661812,hard,0.052345225559449836,0.061465405187974775,0.04053991266709791,0.0
0.0,0.0,18.75470493563346,0.03127169904555948,0.2614687895802467,0.2374868417407584,0.2374868417407584,0.0,0.2374868417407584,0.0,18.352776356725975,14.430869689661812,hard,0.05245373287154265,0.06275908071855466,0.04154653185268777,0.0
0.0,0.0,30.14711276430459,0.03233725768910914,0.2645752029476016,0.2374868417407584,0.2374868417407584,0.0,0.2374868417407584,0.0,28.256149773102493,14.430869689661812,hard,0.05356213808803269,0.0646292520253808,0.0430682884846489,0.0
0.0,0.0,24.85179797561291,0.03347230902548684,0.27223185950917766,0.2374868417407584,0.2374868417407584,0.0,0.2374868417407584,0.0,18.005876818416812,14.430869689661812,hard,0.05456081967873152,0.06695375530179337,0.044477618397278165,0.0
0.0,0.0,11.413253856355768,0.03392149261039552,0.26488996436975576,0.2374868417407584,0.2374868417407584,0.0,0.2374868417407584,0.0,11.050864219598392,14.430869689661812,hard,0.054698139567298076,0.06823381029800658,0.04479259065298196,0.0
0.0,0.0,22.752694596154182,0.034385842965727165,0.2726447701029019,0.2374868417407584,0.2374868417407584,0.0,0.2374868417407584,0.0,22.205404747493347,14.430869689661812,hard,0.05487197884716844,0.06900528988364943,0.04585504475610524,0.0
0.0,0.0,62.43368559608422,0.03554747237374172,0.2928424891870782,0.46861498055439926,0.46861498055439926,0.0,0.458257569495584,0.0,55.03767436947168,14.430869689661812,hard,0.05527676537251226,0.0705303442593321,0.048187604100759285,0.01846562650727692
0.0,0.0,74.59389188719194,0.038371022001145866,0.2863490623938029,0.6708203932499369,0.6708203932499369,0.0,0.5868560300448484,0.0,67.48146115786173,14.430869689661812,hard,0.05498386818816201,0.07082381785139005,0.05224064087929352,0.028757756788682975
0.0,0.0,52.37330457106369,0.039638259450745124,0.3047518002700402,0.7578918128598566,0.7578918128598567,0.0,0.6079473661428265,0.0,46.39536614792473,14.430869689661812,hard,0.05381084817404003,0.07108169545159357,0.05473169664703621,0.03256763339654851
0.0,0.0,56.82281667235872,0.041673962265728434,0.3160319525433986,0.8646386528486915,0.8646386528486916,0.0,0.5868560300448484,0.0,51.25077170150709,14.430869689661812,hard,0.05411163386729809,0.07078595679319866,0.05763072434919724,0.035052235368543884
0.0,0.0,71.72005718123799,0.043709964515643546,0.305534174728132,0.9286549412995119,0.9286549412995119,0.0,0.5291502622129182,0.0,66.52584760827929,14.430869689661812,hard,0.05427222033449682,0.07076249474531261,0.06135126769618297,0.03831596993191868
0.0,0.0,43.6596064126335,0.04474996903760925,0.30100063870866445,0.8818163074019442,0.881816307401944,0.0,0.3249615361854385,0.0,39.89905262033172,14.430869689661812,hard,0.05386189527697312,0.07081041884360716,0.060454272493018844,0.0422037031070891
0.0,0.0,25.682253642686167,0.04621031540259954,0.2978476127584987,0.8818163074019442,0.881816307401944,0.0,0.3249615361854385,0.0,25.806518556364786,14.430869689661812,hard,0.05416095972414455,0.07181333013413303,0.0630250732135937,0.044550809872981226
0.0,0.0,33.19226691393163,0.0469318567768458,0.2981170199725278,0.8856635930193811,0.8856635930193812,0.0,0.3,0.0,25.934448133708184,14.430869689661812,hard,0.05421419145171835,0.07294445973924361,0.06492462915176529,0.04558808391219893
0.0,0.0,28.356271343099372,0.047192977393846446,0.30116290978735416,0.8856635930193811,0.8856635930193812,0.0,0.3,0.0,27.78,14.430869689661812,hard,0.054317477656341484,0.07277150308204303,0.06616329089168346,0.04662151371487426
0.0,0.0,23.38881690475125,0.04846073193214367,0.30008554965786943,0.8856635930193811,0.8856635930193812,0.0,0.3,0.0,22.546849003796517,14.430869689661812,hard,0.05436449463623083,0.07325115617325076,0.069051285082343,0.049311032975078294
0.0,0.0,35.218580418905276,0.05005949186005155,0.30969420247137197,0.8856635930193811,0.8856635930193812,0.0,0.3,0.0,35.302130247337765,14.430869689661812,hard,0.05427385360950103,0.0742277335558294,0.07318032445390787,0.05217070579540116
0.0,0.0,29.2296792907157,0.05109209429094694,0.3099623206900643,0.8856635930193811,0.8856635930193812,0.0,0.3,0.0,28.815940033252428,14.430869689661812,hard,0.05387514674408502,0.07502434040038086,0.07684962722394549,0.054380894831749814
0.0,0.0,23.113055464758634,0.0517278446398537,0.3049359477229919,0.8856635930193811,0.8856635930193812,0.0,0.3,0.0,22.728915504264606,14.430869689661812,hard,0.054370973934402794,0.07524164988063249,0.07856090004311739,0.05702778629100398
0.0,0.0,30.191855407187724,0.052361051961011,0.3104404624926038,0.8856635930193811,0.8856635930193812,0.0,0.3,0.0,22.190953111572295,14.430869689661812,hard,0.05484523473881102,0.07576794901611525,0.08040733186465941,0.05844056534904655
0.0,0.0,14.738586420210853,0.05258495709003677,0.30502125797798313,0.8856635930193811,0.8856635930193812,0.0,0.3,0.0,14.528936643815335,14.430869689661812,hard,0.055151914597371565,0.07607868135910441,0.08092385820389858,0.05964781728429086
0.0,0.0,19.576482479406568,0.052585481791830486,0.2963872967097571,0.8856635930193811,0.8856635930193812,0.0,0.3,0.0,18.69759342803239,14.430869689661812,hard,0.056558205593250206,0.07595372450379317,0.08089198016530633,0.06065295563934911
0.0,0.0,27.729587853796108,0.05254487754085606,0.2840968958210917,0.8856635930193811,0.8856635930193812,0.0,0.3,0.0,27.028695861990826,14.430869689661812,hard,0.057436455760817344,0.07651501146631354,0.08061788647650472,0.06150438848582887
0.0,0.0,41.88502557987357,0.05259716547767018,0.27300538526287693,0.8856635930193811,0.8856635930193812,0.0,0.3,0.0,41.130309991537864,14.430869689661812,hard,0.05791569528787838,0.07648188616445857,0.08119422063824414,0.06296480374950886
0.0,0.0,28.132164773905316,0.05286417969790379,0.26162608116449726,0.8856635930193811,0.8856635930193812,0.0,0.3,0.0,27.843713832748676,14.430869689661812,hard,0.059045457972918096,0.07700286244063007,0.08243307307495693,0.06429753083739043
0.0,0.0,15.269880833579254,0.052719912645396966,0.24400524778277605,0.8856635930193811,0.8856635930193812,0.0,0.3,0.0,15.503302873904001,14.430869689661812,hard,0.059155955966817095,0.07687799960547465,0.08272430837157901,0.06530317262614994
0.0,0.0,27.468783932511464,0.052706611077290404,0.3176842163895838,0.8856635930193811,0.8856635930193812,0.19595917942265426,0.3,0.0,27.41378485360969,14.430869689661812,hard,0.06003756250663614,0.07686627776183769,0.08300396974159567,0.06635634629695267
0.0,0.0,24.0951219344728,0.052513568240525485,0.29990457670730564,0.8890444308357147,0.8890444308357147,0.19595917942265426,0.39799497484264795,0.0,22.76825860710476,14.430869689661812,hard,0.060356337140034494,0.07668742945457016,0.08291708858221238,0.06768634562186006
0.0,0.0,32.41580064560868,0.05337601694986306,0.3081971225903129,0.8818163074019442,0.881816307401944,0.23748684174075835,0.5782732917920383,0.0,32.26143208228674,14.430869689661812,hard,0.06066266451936906,0.07776300701515497,0.08339517948814225,0.06909028228131839
0.0,0.0,39.87176802550036,0.05399044869211013,0.2885475688675801,0.9079647570252932,0.9079647570252934,0.23748684174075835,0.6264183905346329,0.0,32.609053957451756,14.430869689661812,hard,0.061050619155513824,0.0779506610213739,0.08349870629958167,0.07198203409139872
0.0,0.0,42.92949985818644,0.054916619907998815,0.2660773166071242,0.9816312953446422,0.9816312953446422,0.23748684174075835,0.66,0.0,36.78414876002977,14.430869689661812,hard,0.06241095887571389,0.07835618969457037,0.083739122012636,0.07722060320688089
0.0,0.0,33.41420958931073,0.056048168025203356,0.24177958045077907,1.034601372510205,1.0346013725102052,0.23748684174075835,0.66332495807108,0.0,28.94450552350135,14.430869689661812,hard,0.06267085359670925,0.07982794644133763,0.08357194761366117,0.08448234937307751
0.0,0.0,41.95531401428805,0.05635897912290406,0.2697993062551857,1.0283968105745953,1.0283968105745953,0.2712931993250107,0.512249938994628,0.0,37.07775613491194,14.430869689661812,hard,0.06311474457402318,0.08269923359567262,0.08168670047905037,0.08846462113703576
0.0,0.0,29.949870544232304,0.05698189501698379,0.2538946832775194,1.02469507659596,1.02469507659596,0.2712931993250107,0.46,0.0,27.411683640374953,14.430869689661812,hard,0.063450237418307,0.08359922014854192,0.08196910356369622,0.09050341805117758
0.0,0.0,32.79878959445625,0.05787814101925374,0.22992191212312985,1.0440306508910548,1.044030650891055,0.2712931993250107,0.4331281565541544,0.0,31.451143063488168,14.430869689661812,hard,0.06428471441215934,0.08442722291288156,0.08128431438850599,0.09485496436095454
0.0,0.0,18.513300628776364,0.058332868941528934,0.2105698471978163,1.0440306508910548,1.044030650891055,0.2712931993250107,0.4331281565541544,0.0,18.256439959641636,14.430869689661812,hard,0.06449940588193423,0.08486023033165097,0.08131288928432992,0.09816056797039294
0.0,0.0,13.646928501791189,0.05867151247176374,0.19068008169416578,1.0440306508910548,1.044030650891055,0.2712931993250107,0.4331281565541544,0.0,13.293848201329816,14.430869689661812,hard,0.06473747924174042,0.08544186541245817,0.08121000052186192,0.10048178972033307
0.0,0.0,19.043623390446815,0.058830331862528895,0.18113750548088667,1.0440306508910548,1.044030650891055,0.2712931993250107,0.4331281565541544,0.0,17.971989316711714,14.430869689661812,hard,0.06500133420569222,0.08548202324397665,0.08108213920781729,0.10239190575606882
0.0,0.0,21.100947732790676,0.059161043455997625,0.1651712499616889,1.0440306508910548,1.044030650891055,0.2712931993250107,0.4331281565541544,0.0,21.772652571517323,14.430869689661812,hard,0.06547175851931734,0.08565829169623383,0.08161059655524949,0.10467562639297776
0.0,0.0,22.379761769656827,0.06001878203090416,0.144141107847571,1.0440306508910548,1.044030650891055,0.2712931993250107,0.4331281565541544,0.0,21.780073461767756,14.430869689661812,hard,0.06571424467412988,0.08685256487454056,0.08245039569171067,0.10686112954462007
0.0,0.0,23.420518713240128,0.06029484293254272,0.12502502264478157,1.0440306508910548,1.044030650891055,0.2712931993250107,0.4331281565541544,0.0,23.30936292565715,14.430869689661812,hard,0.06577670832845275,0.08695670027758655,0.08374237825682038,0.10926269854791452
0.0,0.0,12.117508628813708,0.060660134356916216,0.10443136337398484,1.0440306508910548,1.044030650891055,0.2712931993250107,0.4331281565541544,0.0,11.945476131155258,14.430869689661812,hard,0.06574706081614755,0.08693889708956525,0.08403406524116354,0.11116352632515324
0.0,0.0,25.06204660450439,0.06166087120365698,0.09281837238488604,1.0440306508910548,1.044030650891055,0.2712931993250107,0.4331281565541544,0.0,22.742743897779796,14.430869689661812,hard,0.06609586911117478,0.08774345105672494,0.08531011348840585,0.11309547591464868
0.0,0.0,17.07401578155388,0.06197973730166014,0.07855518105800562,1.0440306508910548,1.044030650891055,0.2712931993250107,0.4331281565541544,0.0,16.405560033110724,14.430869689661812,hard,0.06645481024745818,0.08847010070385745,0.08566603128089487,0.11360920158298496
0.0,0.0,37.28332168500519,0.06292911103731398,0.28291673521449195,1.0440306508910548,1.044030650891055,0.3469870314579494,0.4331281565541544,0.0,25.764541525127125,14.430869689661812,hard,0.06706248218052153,0.08994977169832645,0.08685713196216231,0.11514021615499877
0.0,0.0,19.510215261994666,0.06362536478784642,0.2676378702905122,1.0440306508910548,1.044030650891055,0.3469870314579494,0.4331281565541544,0.0,19.321946071759953,14.430869689661812,hard,0.06780546999926547,0.09142494309805144,0.08723660050580218,0.11622568645059164
0.0,0.0,15.769811791204862,0.06389684485686223,0.29733090325078415,1.0440306508910548,1.044030650891055,0.36660605559646714,0.4331281565541544,0.0,14.978985279383915,14.430869689661812,hard,0.06790729852459768,0.0918958653521671,0.08747874324577501,0.1178314186092579
0.0,0.0,10.098238820781917,0.06432909136705393,0.279530268512127,1.0440306508910548,1.044030650891055,0.36660605559646714,0.4331281565541544,0.0,10.254774497764444,14.430869689661812,hard,0.06841900778280542,0.09269367357350385,0.0879973834782518,0.11886319951048381
0.0,0.0,42.177424731117924,0.06492116654968959,0.26239100028049944,1.0246950765959597,1.02469507659596,0.36660605559646714,0.49030602688525055,0.0,39.61374004054654,14.430869689661812,hard,0.06895600020796126,0.0936684919427749,0.08916483483855961,0.11906710992481072
0.0,0.0,33.68068469242261,0.06565670673217079,0.27364766452972017,1.0307278981380101,1.0307278981380101,0.38418745424597095,0.6621178142898739,0.0,31.834421621885955,14.430869689661812,hard,0.06967251646378494,0.09374449830131257,0.08996482307283613,0.11931486139251928
0.0,0.0,22.22237113613777,0.06612088044909002,0.24812091692449206,1.044030650891055,1.044030650891055,0.38418745424597095,0.7213875518748574,0.0,21.601305516102492,14.430869689661812,hard,0.07226777111623257,0.09427716387868385,0.0907375900846066,0.12019392048124213
0.0,0.0,34.368008600930224,0.06678957416311133,0.23339497334371223,1.0355674772799695,1.0355674772799695,0.38418745424597095,0.7399999999999999,0.0,29.82147548328218,14.430869689661812,hard,0.07384232798366352,0.09442934291883728,0.09132554879985365,0.12021020998651476
0.0,0.0,53.76796294989767,0.06691089859109203,0.2092296768145384,0.9759098319004681,0.9759098319004681,0.38418745424597095,0.7810249675906654,0.0,48.98310320916796,14.430869689661812,hard,0.07465128569045805,0.09425687543099738,0.09174872292985442,0.11736665073820413
0.0,0.0,45.06649201767259,0.06832492262522337,0.18856470824827262,1.0087616170334794,1.0087616170334794,0.38418745424597095,0.7807688518377254,0.0,39.76843471900799,14.430869689661812,hard,0.07507799938275356,0.0937029393807276,0.0936447615204701,0.11684722233821322
0.0,0.0,38.13249581147634,0.06978498043398827,0.16769723267199088,0.9977975746613138,0.9977975746613138,0.38418745424597095,0.7799999999999999,0.0,34.92907098678692,14.430869689661812,hard,0.07526737125231872,0.09427876569009705,0.09626331567140706,0.11682810764957523
0.0,0.0,35.31960538765688,0.0709997112222155,0.1422189715088091,0.9635351576356722,0.9635351576356722,0.38418745424597095,0.7378346698278686,0.0,33.859362073140126,14.430869689661812,hard,0.07575600266618758,0.09643303712917103,0.09789219501419054,0.11622154750091858
0.0,0.0,27.917950141097066,0.07204284240744144,0.19910751325474407,0.9635351576356722,0.9635351576356722,0.4,0.7378346698278686,0.0,21.349707257946186,14.430869689661812,hard,0.07618094613484741,0.09762934014915485,0.09979316185052617,0.11664978228133867
0.0,0.0,35.45583742311994,0.07202485019507981,0.2276979221471548,0.8964373932405989,0.8964373932405989,0.41424630354415964,0.5936328831862332,0.0,35.47226522228316,14.430869689661812,hard,0.07698715249775256,0.09778553453354803,0.09936735224436351,0.11700588430695284
0.0,0.0,31.646180706152773,0.07270384089172575,0.21667441880286073,0.8964373932405989,0.8964373932405989,0.41424630354415964,0.46,0.0,32.08897630028107,14.430869689661812,hard,0.0774402571593572,0.09921529713304396,0.09940851695464889,0.11742898133313678
0.0,0.0,27.244238416431596,0.07361102851163867,0.19429057105504136,0.8964373932405989,0.8964373932405989,0.41424630354415964,0.46,0.0,22.845183299768028,14.430869689661812,hard,0.07799928589279545,0.10088068974240143,0.10034953946227376,0.11792651414592732
0.0,0.0,18.85277414969046,0.07407499983306166,0.2397711272412138,0.8964373932405989,0.8964373932405989,0.4270831300812525,0.46,0.0,18.98289756596711,14.430869689661812,hard,0.0785742276318295,0.10211050678297345,0.10057676267241096,0.1186316219056008
0.0,0.0,19.20450126989986,0.07452386866875212,0.22300436624924583,0.8964373932405989,0.8964373932405989,0.4270831300812525,0.46,0.0,16.8677206521806,14.430869689661812,hard,0.07921391448572981,0.10320846133834882,0.10087669885368482,0.11905656809802194
0.0,0.0,22.523540417292896,0.07445091194255936,0.19982583228609632,0.8964373932405989,0.8964373932405989,0.4270831300812525,0.46,0.0,22.334627823180757,14.430869689661812,hard,0.08013447318690463,0.10368476842244147,0.10087821903643,0.11930661050069585
0.0,0.0,26.12243846862015,0.07501905004061556,0.17991825323146576,0.8964373932405989,0.8964373932405989,0.4270831300812525,0.46,0.0,26.06626171893469,14.430869689661812,hard,0.08085110349976926,0.10354235363160173,0.10229436492728433,0.12071258576028648
0.0,0.0,20.97855818734588,0.07543682614292081,0.3799914381805181,0.8964373932405989,0.8964373932405989,0.5868560300448484,0.46,0.0,15.646456467839611,14.430869689661812,hard,0.08138144618665177,0.10376637067793887,0.10233381216766645,0.12124057092284617
0.0,0.0,13.850369532816343,0.07556430770417379,0.3660043014062421,0.8964373932405989,0.8964373932405989,0.5868560300448484,0.46,0.0,13.475666959375332,14.430869689661812,hard,0.08155170845200314,0.10372587495813967,0.10264928503009302,0.12154027597877265
0.0,0.0,15.75422354505955,0.0760559142979621,0.3483440589035366,0.8964373932405989,0.8964373932405989,0.5868560300448484,0.46,0.0,15.412838804062021,14.430869689661812,hard,0.08198850182292414,0.10485782647084053,0.10365359093076465,0.12209040599150668
0.0,0.0,24.459661403073373,0.07620076273605147,0.32868255563219156,0.8964373932405989,0.8964373932405989,0.5868560300448484,0.46,0.0,19.48603602583142,14.430869689661812,hard,0.08266016924381302,0.10590690255509605,0.10395903570647624,0.12238260666003326
0.0,0.0,21.617119754026973,0.07671534370049427,0.35917520675244535,0.8964373932405989,0.8964373932405989,0.6248199740725324,0.46,0.0,20.9819350871172,14.430869689661812,hard,0.0839120401218018,0.10730256503471718,0.10483935219008729,0.12284689598103948
0.0,0.0,31.1635274918622,0.07700774740747822,0.33688955399225146,0.8979977728257459,0.8979977728257459,0.6248199740725324,0.4898979485566356,0.0,28.946847842209007,14.430869689661812,hard,0.08411434113948058,0.10860579011971899,0.10571085331589036,0.12303992627365648
0.0,0.0,28.61185003857289,0.07724171669670277,0.31725380710414214,0.9591663046625439,0.9591663046625439,0.6248199740725324,0.5878775382679627,0.0,25.886838354654284,14.430869689661812,hard,0.08427024272924165,0.10995312548213683,0.10668804308279109,0.12328937103742355
0.0,0.0,34.33132532124801,0.07836550041834138,0.2880510960744505,1.0,1.0,0.6248199740725324,0.7200000000000001,0.0,33.25795543926295,14.430869689661812,hard,0.08565875537264009,0.11091158690808657,0.10795418565343491,0.1244720732643509
0.0,0.0,30.38819921832029,0.07905333398434387,0.2701542487268832,0.9748846085563152,0.9748846085563152,0.6248199740725324,0.7652450587883596,0.0,21.359222832303615,14.430869689661812,hard,0.08593002221584008,0.11195274553465384,0.10865346406366433,0.12498759554671866
0.0,0.0,37.288828693268634,0.08004955410090249,0.2959323482442691,0.9977975746613138,0.9977975746613138,0.6289674077406555,0.7922120928135344,0.0,29.279344254952157,14.430869689661812,hard,0.08677292036462411,0.11336792529167432,0.10947896015515456,0.1252715160590809
0.0,0.0,19.223215051059707,0.08053565314735033,0.29443705557420363,0.9999999999999999,0.9999999999999999,0.6324555320336759,0.8255906976220119,0.0,18.7669923003128,14.430869689661812,hard,0.08717057083677837,0.11338433772595051,0.10989664294121952,0.1258023710403702
0.0,0.0,23.695812834822977,0.08095821586593681,0.26922356674787556,1.0031948963187562,1.0031948963187562,0.6324555320336759,0.8187795796183488,0.0,23.734363273532324,14.430869689661812,hard,0.08614278983318543,0.11482862580612938,0.1104655842075908,0.12625335824086828
0.0,0.0,55.708709087235796,0.08295124006891605,0.2808737115402751,0.9921693403849969,0.9921693403849969,0.6352952069707437,0.8052328855678957,0.0,48.19153867641082,14.430869689661812,hard,0.08787757648698037,0.11638674563955523,0.11023149465205836,0.12909809151947507
0.0,0.0,41.75992980133799,0.08385116647810477,0.25385651325547354,0.9951884243699783,0.9951884243699783,0.6352952069707437,0.8039900496896712,0.0,31.867500686436017,14.430869689661812,hard,0.08867926039679473,0.11739638244422847,0.11042682320801932,0.13192590307967464
0.0,0.0,40.10324329579383,0.0843667993774099,0.22360442697107183,0.9951884243699783,0.9951884243699783,0.6352952069707437,0.7418894796396563,0.0,37.63957491789725,14.430869689661812,hard,0.08949519319488904,0.11847753558167101,0.1099756568825505,0.13254579386482312
0.0,0.0,38.74296555068764,0.08486020103899584,0.2001740325422681,0.9921693403849969,0.992169340384997,0.6352952069707437,0.7102112361825882,0.0,35.06026811078318,14.430869689661812,hard,0.09017771154113087,0.11999630719292435,0.1103537219402534,0.13136808240028025
0.0,0.0,20.951326859554392,0.0853757557298092,0.17854943960706682,0.9977975746613138,0.9977975746613138,0.6352952069707437,0.6403124237432849,0.0,19.897738564972652,14.430869689661812,hard,0.09174704294588756,0.12066865610228805,0.11061527370842981,0.13135301024118154
0.0,0.0,19.707242794562944,0.0859117690052894,0.1648079816857406,0.9977975746613138,0.9977975746613138,0.6352952069707437,0.6403124237432849,0.0,14.970223779222541,14.430869689661812,hard,0.09186157587074376,0.12144899911041387,0.11093257237485181,0.1321637548760526
0.0,0.0,11.856506582945244,0.08640534176727858,0.14999544884472096,1.019803902718557,1.019803902718557,0.6352952069707437,0.6013318551349163,0.0,10.883014288330232,14.430869689661812,hard,0.09246331833851311,0.12197082305075746,0.1110548240369044,0.13341455528546786
0.0,0.0,20.613153503682177,0.08722917848116842,0.2528085358313036,1.019803902718557,1.019803902718557,0.6696267617113283,0.6013318551349163,0.0,13.492575736307728,14.430869689661812,hard,0.09420535466215092,0.12279782909750062,0.11173214707040667,0.13516568670545714
0.0,0.0,20.37472009696115,0.08772737734442514,0.31382075295036893,1.019803902718557,1.019803902718557,0.6708203932499369,0.6013318551349163,0.0,16.19822212466541,14.430869689661812,hard,0.09435698090989213,0.12366243041010318,0.1121793105369605,0.13673817555523807
0.0,0.0,11.916234129996548,0.08779853627880868,0.3587351107430266,1.019803902718557,1.019803902718557,0.6696267617113282,0.6013318551349163,0.0,11.950046025015972,14.430869689661812,hard,0.09462093067626937,0.12382643750054337,0.11226234823550331,0.13745195994619822
0.0,0.0,19.61178217646038,0.08826701787267213,0.4360589639065388,1.019803902718557,1.019803902718557,0.8,0.6013318551349163,0.0,19.20729028259843,14.430869689661812,hard,0.09568114147174377,0.12463815234875476,0.11258465670735068,0.13815073880925413
0.0,0.0,24.782890564775602,0.08881034402989169,0.41297275500311964,1.019803902718557,1.019803902718557,0.8,0.6013318551349163,0.0,21.139621567095283,14.430869689661812,hard,0.09645032031487148,0.12510248279446926,0.11311418480585858,0.13862533744485497
0.0,0.0,17.63117302554908,0.08905593864761832,0.3867889646806946,1.019803902718557,1.019803902718557,0.8,0.6013318551349163,0.0,12.85170805768634,14.430869689661812,hard,0.09673082625751091,0.12568489274055583,0.11286432808617472,0.1391490384406202
0.0,0.0,17.57331170517491,0.08931573992868161,0.3617094371534209,1.019803902718557,1.019803902718557,0.8,0.6013318551349163,0.0,17.442121430605855,14.430869689661812,hard,0.09732578058014556,0.12553335027380552,0.11289164662119856,0.14004169670640523
0.0,0.0,14.732527294594659,0.08953501816105681,0.3639736207808361,1.019803902718557,1.019803902718557,0.8219489035213807,0.6013318551349163,0.0,14.656657190505616,14.430869689661812,hard,0.09738894787433662,0.12557845804147574,0.11323714795995833,0.14076003401364137
0.0,0.0,15.577046119264343,0.08986328242019727,0.3821479563020414,0.9610411021387171,0.9610411021387171,0.8392854103342915,0.712460525222275,0.0,11.028617320407847,14.430869689661812,hard,0.09741683972628702,0.12553053565343028,0.11363374058559243,0.1415782389031974
0.0,0.0,12.076328197115942,0.09000743294751372,0.37196155067649783,0.94,0.94,0.8588364221433555,0.748598690888516,0.0,11.998483237476309,14.430869689661812,hard,0.09734245325836521,0.12543117705841153,0.11364005860847082,0.14212515826417388
0.0,0.0,26.06231221893095,0.09108431637281274,0.3391614252299164,0.9846826900072938,0.9846826900072938,0.8588364221433555,0.82365041127896,0.0,26.36286023935946,14.430869689661812,hard,0.09758386921105794,0.12551810386781076,0.11501854898663343,0.14267341701969052
0.0,0.0,43.936146401167655,0.09096816525347412,0.3217845676662059,0.9848857801796105,0.9848857801796105,0.8588364221433555,0.86,0.0,42.459434758366726,14.430869689661812,hard,0.09822466887590134,0.12474700847827425,0.11563540641679285,0.14103667384488683
0.0,0.0,24.25874445627128,0.0912771555989627,0.2967967724938976,1.02469507659596,1.02469507659596,0.8588364221433555,0.9,0.0,19.209622588692365,14.430869689661812,hard,0.09978220450271737,0.12466928844686181,0.11526236287619016,0.1414553626585765
0.0,0.0,23.07093154951344,0.09156475470154701,0.29146806013879395,1.078702924812944,1.078702924812944,0.8544003745317531,0.9097252332435328,0.0,19.922088243956757,14.430869689661812,hard,0.10088540878391598,0.12469539866422158,0.11532259681200578,0.14214029289422006
0.0,0.0,37.218330669212236,0.09211795282704942,0.26703676295601325,1.0954451150103324,1.0954451150103324,0.8544003745317531,0.926066952223218,0.0,29.19375960714892,14.430869689661812,hard,0.10300313815988589,0.12483021191556204,0.11556002748241302,0.14157789885624963
0.0,0.0,27.144686543482013,0.09250959517664104,0.24904398092852242,1.0934349546269315,1.0934349546269315,0.8544003745317531,0.9357350052231668,0.0,27.12077432522899,14.430869689661812,hard,0.10375370645475505,0.12516332781533418,0.11592167190703474,0.1414047454345157
0.0,0.0,17.71250876945378,0.09279830407160933,0.27138257118636105,1.0697663296253066,1.0697663296253066,0.8494704232638121,0.9425497334358544,0.0,18.06326659272901,14.430869689661812,hard,0.10461046228488015,0.12529081789085772,0.11619963295430273,0.14151586573623567
0.0,0.0,27.395085228216043,0.0932178625715277,0.293100306916478,1.0697663296253066,1.0697663296253066,0.8674099376880576,0.9219544457292888,0.0,20.39886271339655,14.430869689661812,hard,0.10532337876466163,0.12580785661329136,0.11664192147815265,0.14124623401924416
0.0,0.0,22.732494578431137,0.09347678538588837,0.2773037642095246,1.074988372030135,1.074988372030135,0.8674099376880576,0.8765842800324449,0.0,16.481274222583643,14.430869689661812,hard,0.10617599365839209,0.12635183581701015,0.11699339558303043,0.14099165857246973
0.0,0.0,16.258066674657712,0.0936345829221574,0.3188460785206373,1.0725670142233537,1.0725670142233537,0.9068627239003707,0.8522910301065008,0.0,16.717846751301437,14.430869689661812,hard,0.1063600947917388,0.12674845789134023,0.11750763183648945,0.14104383104627863
0.0,0.0,31.52613776914691,0.09350939957494304,0.29411438195975226,1.0562196741208714,1.0562196741208714,0.9068627239003707,0.8268010643437755,0.0,22.419000869797923,14.430869689661812,hard,0.10647326626110244,0.12710106264896623,0.11773369706383469,0.140865574250862
0.0,0.0,23.776858513645735,0.09365998343636947,0.3963195853463584,1.0562196741208714,1.0562196741208714,0.9734474818910367,0.8268010643437755,0.0,20.81630130450652,14.430869689661812,hard,0.10676361220832627,0.12741289130000125,0.11862062742674376,0.14119565061121866
0.0,0.0,25.76868671956955,0.09394708795008684,0.43774413659081923,1.0215674231297707,1.0215674231297707,0.9724196624914575,0.7180529228406497,0.0,22.58974103437222,14.430869689661812,hard,0.10793029176774029,0.1280795918098849,0.119020727204896,0.14145219467802206
0.0,0.0,26.60321280190928,0.09404310081842429,0.4866350688761993,1.0215674231297707,1.0215674231297707,1.0552724766618335,0.7180529228406497,0.0,21.216069381485344,14.430869689661812,hard,0.10840315785991053,0.12867709821939358,0.11881648262706765,0.1419390971120598
0.0,0.0,18.23287020533339,0.09403811596975972,0.49665439248660753,1.0215674231297707,1.0215674231297707,1.0575443253121828,0.7180529228406497,0.0,17.722302333500576,14.430869689661812,hard,0.10974680367158299,0.12906477427305016,0.1185987980044263,0.1419840838990393
0.0,0.0,17.21464825865534,0.09414494371766058,0.4719679746592664,1.0215674231297707,1.0215674231297707,1.0575443253121828,0.7180529228406497,0.0,16.507077270068134,14.430869689661812,hard,0.11068114076480247,0.12936002991571946,0.11843451573103457,0.14217990518250165
0.0,0.0,18.91394177813036,0.09404257407019227,0.4911463053227197,1.0215674231297707,1.0215674231297707,1.0675204916066015,0.7180529228406497,0.0,18.429595763336753,14.430869689661812,hard,0.11127636505758914,0.1296022506929521,0.11784958835806074,0.14230872923142948
0.0,0.0,18.926541424924235,0.09406129296228329,0.471765816932295,1.0215674231297707,1.0215674231297707,1.0675204916066015,0.7180529228406497,0.0,19.010060494380337,14.430869689661812,hard,0.1114123970533033,0.13003432989626182,0.11751887503955606,0.14266499901625687
0.0,0.0,20.454920962320774,0.09380298682771496,0.4643190859438896,1.0215674231297707,1.0215674231297707,1.0583005244258363,0.7180529228406497,0.0,20.10899301307751,14.430869689661812,hard,0.1115971578779074,0.13055902129949165,0.11652371037378136,0.14271573172377958
0.0,0.0,41.031349423633586,0.0932243550752515,0.4565817132627561,1.0409610943738483,1.0409610943738483,1.0675204916066015,0.7644605941446557,0.0,40.642716444647256,14.430869689661812,hard,0.11233118483079119,0.130445434714012,0.1156558971170597,0.14239405964923524
0.0,0.0,43.367987929930216,0.09330181173374241,0.44053609210397326,1.1178550889985697,1.1178550889985697,1.0675204916066015,0.8616263691415207,0.0,32.33348728485685,14.430869689661812,hard,0.11331111309022875,0.13103894690538198,0.11579829382161591,0.1423841315968281
0.0,0.0,16.079536556407348,0.09316459398869292,0.40632123231623307,1.118033988749895,1.118033988749895,1.0675204916066015,0.9097252332435328,0.0,16.277899127344416,14.430869689661812,hard,0.11416534906928051,0.13127380677513323,0.11586973042113007,0.14260740129465366
0.0,0.0,28.355382127562024,0.09331817447886578,0.4272166227736934,1.1178550889985697,1.1178550889985697,1.076289923765897,0.9516301802696255,0.0,28.332377238770487,14.430869689661812,hard,0.11656295334861541,0.13203118146223258,0.11545298640348518,0.14292108676073303
0.0,0.0,30.40407103077648,0.09405252263264612,0.40878677593332247,1.0992724866929036,1.0992724866929036,1.076289923765897,0.9643650760992956,0.0,31.05961364859518,14.430869689661812,hard,0.11665177282563614,0.133500670881453,0.11688594456926084,0.14356724004990506
0.0,0.0,33.406137369156404,0.09445347047151781,0.3769479553732465,1.0583005244258363,1.0583005244258363,1.076289923765897,1.0190191362285597,0.0,28.806672838076945,14.430869689661812,hard,0.11662255981949891,0.1352071506321017,0.11832142837180516,0.144686808610067
0.0,0.0,29.09326162360758,0.0943366188817663,0.35619239095130373,1.0150862032359618,1.0150862032359618,1.076289923765897,1.0268398122394748,0.0,28.794228588382083,14.430869689661812,hard,0.11657856487120687,0.13548789939341585,0.1185413597395802,0.1456095140382496
0.0,0.0,24.268541588447665,0.09433913519290266,0.3388688024275046,1.019803902718557,1.019803902718557,1.076289923765897,1.0392304845413263,0.0,18.7,14.430869689661812,hard,0.11656033365792251,0.1354710795993506,0.11886080389408256,0.14613153316736344
0.0,0.0,37.032270988112835,0.09440393711710089,0.40215580830020997,0.9951884243699783,0.9951884243699783,1.1461239025515522,1.0590561835898982,0.0,34.30627347876769,14.430869689661812,hard,0.11602687063895377,0.13581143262358306,0.11894780570140662,0.14673336306315796
0.0,0.0,21.404500666368175,0.09511570178790783,0.38161053494885844,0.9830564581955606,0.9830564581955606,1.1461239025515522,1.0392304845413263,0.0,22.47971530068831,14.430869689661812,hard,0.1156929668101625,0.13663993188322587,0.11889649165337302,0.14758106715507752
0.0,0.0,14.224444209708953,0.09545539823378989,0.38364472039775965,0.9380831519646861,0.9380831519646861,1.1532562594670797,1.0031948963187562,0.0,13.564424057069287,14.430869689661812,hard,0.11594035593208683,0.13701683705291381,0.11916301018165022,0.14849316659689857
0.0,0.0,28.462909154198442,0.0963368488578315,0.38708332197327916,0.9184770002564028,0.9184770002564028,1.16,0.9840731680114035,0.0,26.55563217097269,14.430869689661812,hard,0.11662906361580466,0.13874522737664635,0.11964601069219749,0.14936057596663171
0.0,0.0,14.681510106327416,0.0964130964584003,0.44980332229397213,0.9184770002564028,0.9184770002564028,1.1723480711802277,0.9840731680114035,0.0,14.294278575709935,14.430869689661812,hard,0.11662613076617692,0.1390795899182577,0.11951886208966227,0.14989534698199714
0.0,0.0,27.485246476917926,0.0962608839770997,0.48778713003975127,0.938083151964686,0.938083151964686,1.1881077392223318,0.9217374897442331,0.0,25.560406882520475,14.430869689661812,hard,0.11659543641909714,0.13955494187834824,0.11949740968175195,0.14828335758884337
0.0,0.0,40.55417717863038,0.09605060217159196,0.476110582141656,0.9357350052231669,0.9357350052231669,1.209297316626478,0.8534635317340745,0.0,30.562336298130088,14.430869689661812,hard,0.11679294841068885,0.14016804827002458,0.11932033338882476,0.14632890220365216
0.0,0.0,35.03945502525676,0.09636796446353155,0.443778063835564,0.9400000000000001,0.9400000000000001,1.209297316626478,0.7507329751649384,0.0,25.842600488340953,14.430869689661812,hard,0.11695767940211432,0.14000197720432084,0.11957986287605905,0.14541894718690895
0.0,0.0,19.050789140363086,0.09624400380969307,0.44020084267993176,0.9400000000000001,0.9400000000000001,1.1968291440301744,0.7507329751649384,0.0,17.608236708995026,14.430869689661812,hard,0.11720415843432834,0.14011728302132542,0.11882762317403407,0.1450701635933373
0.0,0.0,23.34069888860771,0.09645572739469144,0.41642217349328975,0.9400000000000001,0.9400000000000001,1.1968291440301744,0.7507329751649384,0.0,18.38112074929056,14.430869689661812,hard,0.11718528865965155,0.1409458548003237,0.11864373113171052,0.14526640182028272
0.0,0.0,15.929268044071886,0.09699580443551585,0.41461553090544345,0.9400000000000001,0.9400000000000001,1.233531515608742,0.7507329751649384,0.0,14.935648630039472,14.430869689661812,hard,0.11776823115097446,0.14180754230935624,0.11902573524651303,0.14550945089079842
0.0,0.0,12.405204793245973,0.09733011563194512,0.4037311942436955,0.9400000000000001,0.9400000000000001,1.2369316876852983,0.7507329751649384,0.0,11.902755983384687,14.430869689661812,hard,0.11782885138039641,0.1421821086894436,0.11927804306431081,0.14527716419439535
0.0,0.0,18.017676150769077,0.09764416000171505,0.38271629643310623,0.9400000000000001,0.9400000000000001,1.2369316876852983,0.7507329751649384,0.0,15.658620628905984,14.430869689661812,hard,0.11789662573467292,0.1423426145893645,0.11933249685964821,0.14482386936381314
0.0,0.0,11.883687998695434,0.0979343337158524,0.38103427164292275,0.9624967532412771,0.9624967532412771,1.2237646832622684,0.7745966692414833,0.0,11.190067023927961,14.430869689661812,hard,0.11862677550376435,0.1427313800094923,0.11958991775022179,0.14490538728405436
0.0,0.0,27.912410593824116,0.09814148146279801,0.3560372824724714,0.9217374897442331,0.9217374897442331,1.2237646832622684,0.8588364221433556,0.0,20.456783715921716,14.430869689661812,hard,0.11895706517821236,0.14248095385609105,0.11984304626271662,0.14481091084985534
0.0,0.0,15.758334776122831,0.0985068543884473,0.39678259893198214,0.8754427451295715,0.8754427451295715,1.258729518204765,0.8953211714239756,0.0,15.642250477472864,14.430869689661812,hard,0.11925550195765201,0.14309743294590868,0.12010266140971702,0.14478211515357023
0.0,0.0,28.428448149701392,0.09887279616670068,0.36116967083591106,0.8717797887081348,0.8717797887081348,1.258729518204765,0.9871170143402452,0.0,26.166000840785742,14.430869689661812,hard,0.11947741591917095,0.14236515103828115,0.12054831458038016,0.1461777113274571
0.0,0.0,31.953678568343356,0.0996810718366391,0.36922922240066386,0.8738420909981391,0.8738420909981391,1.2451505933018703,1.000199980003999,0.0,25.216058375566945,14.430869689661812,hard,0.11972151032927095,0.14253893320424937,0.12061728748303674,0.1466380899089617
0.0,0.0,58.667353046582974,0.10012225565180337,0.38920354297825216,0.8919641248391104,0.8919641248391104,1.2472369462135091,1.047091209016674,0.0,45.55902106059787,14.430869689661812,hard,0.11983980115778918,0.14256652792724897,0.12146285107430453,0.14695244466064875
0.0,0.0,32.441232346124,0.10032579428405164,0.4049245276798859,0.977547952787995,0.977547952787995,1.2663332894621384,1.0846197490365,0.0,32.97357123515741,14.430869689661812,hard,0.12045788308681767,0.1428131414430746,0.12206938165839903,0.146286218575682
0.0,0.0,15.004258939012738,0.10034473467495413,0.408614244175343,0.9951884243699782,0.9951884243699782,1.2674383614203888,1.092520022699813,0.0,14.653613888730655,14.430869689661812,hard,0.12081486403538118,0.1428900446045545,0.12251993511738948,0.14610990420064746
0.0,0.0,32.26101754795491,0.1004190641922682,0.45625092480440477,1.0283968105745953,1.0283968105745953,1.2843675486401858,1.1019981851164729,0.0,22.094569468536832,14.430869689661812,hard,0.12128642818795309,0.14305218089956537,0.12244900365037088,0.14613309488253537
0.0,0.0,20.500389442220982,0.10043485904606587,0.5140885678592425,0.9856977224281286,0.9856977224281286,1.2682271089990151,1.0919706955774957,0.0,16.122791321604332,14.430869689661812,hard,0.12178241272865942,0.14304080474605696,0.1223789891893758,0.14593963941487845
0.0,0.0,48.379653589172385,0.10056372497840575,0.5077190617279665,0.9961927524329817,0.9961927524329818,1.2975361266646877,1.037111372997134,0.0,37.5421682911363,14.430869689661812,hard,0.12166161711867181,0.1429733369457966,0.12299064186370982,0.14344987176544705
0.0,0.0,31.86480460883605,0.10068519347182987,0.5396145203302015,1.02469507659596,1.02469507659596,1.3098091464026353,1.0215674231297707,0.0,29.377515211467426,14.430869689661812,hard,0.12191030071167458,0.14220328507588087,0.12393574897944862,0.14439651707580445
0.0,0.0,19.500500099345746,0.10080345677431282,0.5220005802334587,1.02469507659596,1.02469507659596,1.3098091464026353,1.0215674231297707,0.0,19.38865647743546,14.430869689661812,hard,0.12215497070569087,0.14221754512930632,0.12449124156256129,0.14399251770777224
0.0,0.0,21.111937056378764,0.10147894320967868,0.5032172718384657,1.044030650891055,1.044030650891055,1.3098091464026353,0.9840731680114034,0.0,18.750669321386905,14.430869689661812,hard,0.12240139855830869,0.14207554355623647,0.12506171189047222,0.1435644372158177
0.0,0.0,31.767408141942518,0.10188445538200189,0.47766642253472885,1.0665833300778707,1.0665833300778707,1.3098091464026353,0.921737489744233,0.0,22.93294573315866,14.430869689661812,hard,0.12258385239594137,0.14192278267780215,0.12666331778997417,0.1436660599968298
0.0,0.0,17.614794379799573,0.10173446593580338,0.4934240681287626,1.034601372510205,1.034601372510205,1.3078226179417451,0.7525955088890712,0.0,17.79673003672304,14.430869689661812,hard,0.12273653171758846,0.14153476629577064,0.1267788026322522,0.1434433531415821
0.0,0.0,15.719919936419378,0.1019432397947254,0.4923604489937567,1.034601372510205,1.034601372510205,1.3207573584879244,0.7525955088890712,0.0,13.85220560055329,14.430869689661812,hard,0.12258653791770159,0.14125011095872222,0.127246412838394,0.14354012064485566
0.0,0.0,17.405310747623062,0.10207360361231513,0.47246263238205327,1.034601372510205,1.034601372510205,1.3207573584879244,0.7525955088890712,0.0,16.86593015519749,14.430869689661812,hard,0.12258258541736139,0.1415999214072563,0.12794309792688968,0.14377543395845052
0.0,0.0,18.89047236782275,0.1021815781274403,0.5251416598506812,1.034601372510205,1.034601372510205,1.374772708486752,0.7525955088890712,0.0,17.85049018934774,14.430869689661812,hard,0.122785570792406,0.14134281620253708,0.12861162888391475,0.1441788558599501
0.0,0.0,15.434492150502287,0.1024029982162447,0.504897448055769,1.034601372510205,1.034601372510205,1.374772708486752,0.7525955088890712,0.0,14.604670485841165,14.430869689661812,hard,0.12261499089511117,0.1415064626653195,0.12950277725818518,0.1445076299171407
0.0,0.0,15.425893648564285,0.10261696300444798,0.48017009369012437,1.034601372510205,1.034601372510205,1.374772708486752,0.7525955088890712,0.0,15.707526858165801,14.430869689661812,hard,0.12220089431495731,0.14189575905684454,0.13009379781946057,0.14478525557957234
0.0,0.0,19.013701684199738,0.10269855021863467,0.4595442070610613,1.034601372510205,1.034601372510205,1.374772708486752,0.7525955088890712,0.0,18.339694653946665,14.430869689661812,hard,0.12209796567187103,0.1420044166915647,0.13050286389311877,0.14522531183098364
0.0,0.0,37.8585984709028,0.10328355301044463,0.43785476467577206,1.034601372510205,1.034601372510205,1.374772708486752,0.8428523002282191,0.0,30.924818511997774,14.430869689661812,hard,0.12159157894252283,0.14179236956673416,0.13133259882422046,0.14533745522451116
0.0,0.0,19.188651592280028,0.10344449487015125,0.4340749438751359,1.0562196741208714,1.0562196741208714,1.3570556362949902,0.8627861844049196,0.0,17.5389395346469,14.430869689661812,hard,0.12153084897863545,0.141665878731014,0.1318834655535814,0.14557729087511706
0.0,0.0,23.51411149269569,0.10358888110124605,0.4624108198904967,1.077032961426901,1.077032961426901,1.3972830779766852,0.9499473669630334,0.0,23.52700575933963,14.430869689661812,hard,0.12087529127182468,0.14085509956019437,0.13283741455123788,0.14599334215164617
0.0,0.0,29.866631960279847,0.10410918738439541,0.4420087721745527,1.0954451150103324,1.0954451150103324,1.3972830779766852,0.9797958971132712,0.0,21.264204664176837,14.430869689661812,hard,0.12099105579043644,0.14042894987914786,0.1335078951920647,0.14732777362164118
0.0,0.0,20.166840740309386,0.10451302561390113,0.4161771919972202,1.0809255293497326,1.0809255293497326,1.3972830779766852,1.02,0.0,16.69639482043953,14.430869689661812,hard,0.12049275644762368,0.14021542620438654,0.13332230121749328,0.14833680541384517
0.0,0.0,27.969164023482502,0.10502208262809973,0.39185640639900643,1.043264108459598,1.043264108459598,1.3972830779766852,1.0675204916066012,0.0,27.758393325262904,14.430869689661812,hard,0.12102500931186234,0.14075280601442336,0.13358703443199396,0.14874613075584475
0.0,0.0,16.17652857932518,0.10516748128637979,0.3733814448803067,1.0244998779892558,1.0244998779892558,1.3972830779766852,1.0770329614269007,0.0,10.981967036920116,14.430869689661812,hard,0.12090296703189635,0.14116538325107594,0.13340312901174534,0.14887541476674396
0.0,0.0,13.84025445766428,0.10523366601328475,0.34913387127638507,0.9846826900072936,0.9846826900072936,1.3972830779766852,1.0947145746723208,0.0,13.917988360391742,14.430869689661812,hard,0.12081779989646889,0.14143190822098348,0.13294485042037374,0.149652725648657
0.0,0.0,39.81810189423096,0.1053854282316306,0.3503696751503776,1.0017983829094554,1.0017983829094554,1.3937001112147478,1.0816653826391969,0.0,34.13039114923824,14.430869689661812,hard,0.12100650076709481,0.14183370463805264,0.1325049442792728,0.1501935479721959
0.0,0.0,19.284927380165556,0.10552924594049715,0.38289669616691974,1.019803902718557,1.019803902718557,1.3564659966250538,1.0307278981380101,0.0,18.47187050625897,14.430869689661812,hard,0.12088648049115013,0.1419845759904473,0.13263262755896668,0.15120973812907254
0.0,0.0,30.85570457316642,0.10546709117445326,0.46644263049780865,1.0150862032359615,1.0150862032359618,1.3948476619330155,1.0283968105745953,0.0,31.502380862404667,14.430869689661812,hard,0.12104500222401332,0.14273321040912043,0.13178096150454233,0.15212440415473175
0.0,0.0,17.980645097817185,0.10564156663469301,0.45854044505003083,0.9921693403849969,0.9921693403849969,1.3747727084867523,1.0316976301223144,0.0,17.741476826916074,14.430869689661812,hard,0.12129849279287157,0.14394550535371212,0.13164433184970523,0.15231043229316898
0.0,0.0,20.888654267318614,0.10603978194897039,0.4732092948995032,0.992169340384997,0.9921693403849969,1.4136477637657832,1.017644338656684,0.0,18.30567125237422,14.430869689661812,hard,0.12123610692660132,0.14460950531537275,0.13197555936875693,0.15369182587599023
0.0,0.0,19.421738307039853,0.10629262883136317,0.45994553194290844,0.988736567544662,0.988736567544662,1.435130656072819,1.0,0.0,17.7958309724497,14.430869689661812,hard,0.12095335446483861,0.14488703725044674,0.1321314916939747,0.15466358186266926
0.0,0.0,31.22526852866183,0.10653032817303915,0.4518308771457344,0.9951884243699783,0.9951884243699783,1.469693845669907,0.8997777503361594,0.0,29.00686815221526,14.430869689661812,hard,0.12058375419704392,0.14498559767786787,0.13255776770437783,0.15366466043057816
0.0,0.0,13.817147207932486,0.10674038281189653,0.44513999242796953,0.977547952787995,0.977547952787995,1.476346842716846,0.8306623862918074,0.0,13.189708108976482,14.430869689661812,hard,0.1204728518611926,0.14458320200779579,0.1330127026264929,0.15411873661164194
0.0,0.0,18.24304919195635,0.10701576406338029,0.4274767607477867,0.977547952787995,0.977547952787995,1.476346842716846,0.8306623862918074,0.0,14.49481286529771,14.430869689661812,hard,0.11977894199021041,0.14490949065494288,0.13343206508076058,0.15496311664093584
0.0,0.0,15.180023756166312,0.1073197722869192,0.4021960536894363,0.977547952787995,0.977547952787995,1.476346842716846,0.8306623862918074,0.0,10.75360404701605,14.430869689661812,hard,0.11964033572751925,0.14486152648385917,0.13381174109326435,0.1559835736591531
0.0,0.0,14.679968154025486,0.10747191013453782,0.3811731613940114,0.977547952787995,0.977547952787995,1.476346842716846,0.8306623862918074,0.0,14.06863177427002,14.430869689661812,hard,0.1192515368003177,0.14511914115525573,0.133791919237799,0.1563596123900421
0.0,0.0,13.75812551203875,0.10770419495374364,0.377849659582971,0.977547952787995,0.977547952787995,1.4961283367412035,0.8306623862918074,0.0,13.531947383876425,14.430869689661812,hard,0.11916176255882971,0.1451834299690324,0.13361474240803156,0.15699185252957232
0.0,0.0,24.2192441732,0.10764903730348602,0.37238450033784165,0.977547952787995,0.977547952787995,1.502131818450032,0.8306623862918074,0.0,16.587718348223785,14.430869689661812,hard,0.11904830787327887,0.1455491496954213,0.1336988731234128,0.1575453221352373
0.0,0.0,16.57368103075005,0.10790220320224496,0.3383319998961182,0.9748846085563152,0.9748846085563154,1.502131818450032,0.8541662601625049,0.0,16.39878044245974,14.430869689661812,hard,0.11896011632592679,0.1460645740507489,0.13402862751144326,0.15835802507728725
0.0,0.0,22.886991476638308,0.10890349972888203,0.41366419349329325,0.9951884243699783,0.9951884243699783,1.5264337522473748,0.8979977728257459,0.0,22.82806167855694,14.430869689661812,hard,0.11953303782113292,0.14637027328360752,0.1352377311615659,0.1588734274840367
0.0,0.0,32.160877995035925,0.10869303769129099,0.38993970859207994,0.9718024490605073,0.9718024490605074,1.5264337522473748,0.9568698971124548,0.0,32.70724078854712,14.430869689661812,hard,0.1196853063903623,0.1445214824731616,0.13488630507444696,0.15995066055332918
0.0,0.0,22.337767129238472,0.10873066864346118,0.3649404618035913,0.9568698971124548,0.9568698971124548,1.5264337522473748,1.02469507659596,0.0,22.166289721105784,14.430869689661812,hard,0.11955147518851526,0.14437576810421218,0.13530972628282076,0.1599256598102679
0.0,0.0,25.095362868996755,0.10883194242779429,0.3444202849625139,0.9635351576356722,0.9635351576356722,1.5264337522473748,1.0824047302187847,0.0,24.833920351003787,14.430869689661812,hard,0.11990730888604016,0.14395363175167059,0.13585132492301571,0.15929512229692702
0.0,0.0,19.26511158690085,0.10908890696892261,0.36929558076712826,1.02469507659596,1.02469507659596,1.5493224325491448,1.1357816691600546,0.0,16.60645657568164,14.430869689661812,hard,0.12035827809685995,0.14421708002106617,0.1365106417706185,0.1587860555901086
0.0,0.0,28.120521594839666,0.10971294182006183,0.3767154437567317,1.004987562112089,1.004987562112089,1.5538339679644027,1.156027681329474,0.0,24.931498149930743,14.430869689661812,hard,0.12050056806655414,0.14412362513825994,0.13760285104757472,0.15926349731934508
0.0,0.0,18.618723962122036,0.10999275279758484,0.40482987019573746,1.0047885349664376,1.0047885349664376,1.5620499351813308,1.1655041827466772,0.0,17.824746842522057,14.430869689661812,hard,0.12036129187800321,0.14405966227530537,0.13833457352101222,0.15960611956041046
0.0,0.0,10.270096931292477,0.10999879013727916,0.506456259617398,0.9643650760992956,0.9643650760992956,1.6054905792311582,1.157410903698423,0.0,9.485905333704316,14.430869689661812,hard,0.12029778755821992,0.14399072574590394,0.13874133183076684,0.1595000136836098
0.0,0.0,26.011564299442394,0.10983829716229757,0.5004600941049475,1.0215674231297707,1.0215674231297707,1.5717506163510802,1.1315476127852508,0.0,22.478798900297143,14.430869689661812,hard,0.12010636469824221,0.14341097840062245,0.13836007454161173,0.15871102460126849
0.0,0.0,26.22462750723398,0.11016597370722309,0.5373847360450805,1.019803902718557,1.019803902718557,1.6154256405046936,1.1235657524150513,0.0,24.968948716355676,14.430869689661812,hard,0.12015864694379315,0.14353225279991455,0.13978824655739147,0.1571561855254675
0.0,0.0,24.996207912542342,0.11037139974196068,0.5406221563906519,0.9624967532412771,0.9624967532412771,1.6400000000000001,1.1034491379306977,0.0,24.895180256427146,14.430869689661812,hard,0.12033615848863852,0.14416279225258452,0.14078487169023787,0.15571536476807502
0.0,0.0,23.159649222071938,0.11038643973448392,0.5082627991953115,0.94,0.94,1.6400000000000001,1.0883014288330233,0.0,22.85278976405288,14.430869689661812,hard,0.12063993656178099,0.14384054292200685,0.14142582217310162,0.15483628689029214
0.0,0.0,18.96533030164524,0.11004349257468442,0.4772806215223791,0.938083151964686,0.938083151964686,1.6400000000000001,1.0910545357588683,0.0,15.983541534966523,14.430869689661812,hard,0.1207562311829015,0.14302715714922476,0.14105730312779327,0.15427069441897553
0.0,0.0,25.821372799783866,0.11014117680982766,0.4488076795285066,0.9184770002564028,0.9184770002564028,1.6400000000000001,1.0409610943738483,0.0,26.254363446863454,14.430869689661812,hard,0.12252016911143303,0.1430352397000466,0.14071168619334626,0.15452829576262544
0.0,0.0,28.012342422200945,0.10994390299506235,0.43280908521368716,0.938083151964686,0.938083151964686,1.6273905493150682,0.921737489744233,0.0,22.135943621178654,14.430869689661812,hard,0.12316699356243525,0.14340296902222752,0.14015325821318264,0.15457168108871028
0.0,0.0,13.849104245992022,0.1098514509478369,0.4152672774253648,0.938083151964686,0.938083151964686,1.614434885648845,0.921737489744233,0.0,13.353666163267674,14.430869689661812,hard,0.12424479465119831,0.14334663911971826,0.13974686992733332,0.15411523710071037
0.0,0.0,10.512471398720356,0.10976224605291078,0.4191737044100356,0.9184770002564028,0.9184770002564028,1.6248076809271923,0.8306623862918074,0.0,10.508586964953947,14.430869689661812,hard,0.12450930610488757,0.1431805637293167,0.13944941994948162,0.15411515496107994
0.0,0.0,22.393698916136206,0.10958879786829488,0.4539790127780637,0.9184770002564028,0.9184770002564028,1.6463292501805342,0.8306623862918074,0.0,16.495344797851303,14.430869689661812,hard,0.12517905990390796,0.1432041236105527,0.13909957971598444,0.15404357441811925
0.0,0.0,13.502326726600637,0.10956599454851942,0.44422075210042394,0.9184770002564028,0.9184770002564028,1.62,0.8306623862918074,0.0,12.894975765777927,14.430869689661812,hard,0.125280078590088,0.14320257895630964,0.1390437156973628,0.15451801226210501
0.0,0.0,20.22419178799947,0.10939677091382566,0.419626810113858,0.9184770002564028,0.9184770002564028,1.62,0.8306623862918074,0.0,15.044268011438774,14.430869689661812,hard,0.1252309711839529,0.14296318685707535,0.13893384069819742,0.15478366162654109
0.0,0.0,19.898580729367723,0.10954688742173951,0.39555765533388987,0.938083151964686,0.938083151964686,1.62,0.8541662601625049,0.0,13.078608488673403,14.430869689661812,hard,0.12525492282902115,0.14303496792135723,0.13899799117434275,0.15509604432679944
0.0,0.0,21.360294664630967,0.10945703545496505,0.37219927036961037,0.9568698971124548,0.9568698971124548,1.62,0.876584280032445,0.0,14.83898918390333,14.430869689661812,hard,0.12532887417469707,0.1429031028184122,0.13860147624858674,0.15539908727228227
0.0,0.0,27.255337599797087,0.10929123889524404,0.3795128020413366,0.9921693403849969,0.992169340384997,1.6302147097851865,0.9184770002564028,0.0,27.277067291041387,14.430869689661812,hard,0.1253842882173805,0.1432019716355633,0.13855371328246904,0.1552600081598078
0.0,0.0,36.868542572956486,0.10936353290265921,0.43508580946236786,0.9848857801796105,0.9848857801796105,1.6375591592366976,0.9568698971124548,0.0,23.15772873146242,14.430869689661812,hard,0.12574287068032425,0.14322467225522903,0.13839653024500465,0.156093132981402
0.0,0.0,23.40257746474626,0.10925511091254252,0.4323498084336094,1.016070863670443,1.016070863670443,1.682973558912914,1.0547037498748169,0.0,16.568270881416684,14.430869689661812,hard,0.12659695605293106,0.14340639250757778,0.13816343008347762,0.1560414479837708
0.0,0.0,40.86626893040483,0.10911102343939855,0.43506087739507177,1.0307278981380101,1.03072789813801,1.691862878604528,1.0770329614269007,0.0,35.67924326551784,14.430869689661812,hard,0.12664030412562843,0.14330097325073934,0.13794843838407428,0.1570556841140009
0.0,0.0,29.814588977226713,0.10931179734781993,0.44228502740043346,0.9651942809610923,0.9651942809610923,1.6852299546352716,1.1357816691600546,0.0,23.98896412936582,14.430869689661812,hard,0.1267585289891116,0.14314900073683495,0.1379480561331577,0.15763177537768563
0.0,0.0,15.581942141280805,0.10941878400289298,0.5190569115422359,0.9797958971132712,0.9797958971132712,1.7622712617528549,1.1461239025515522,0.0,11.292475370794484,14.430869689661812,hard,0.12685858440071507,0.14323546435020376,0.13795719752619354,0.15789387244155623
0.0,0.0,20.494042644434057,0.10946737876464853,0.5127656461136899,1.044796630928718,1.044796630928718,1.787064632295094,1.1400000000000001,0.0,19.853503469161303,14.430869689661812,hard,0.1265270238268373,0.1431034517035363,0.13862388270474063,0.15869176702708127
0.0,0.0,20.585420812947067,0.10940318842710063,0.5288488290237507,1.0688311372709909,1.0688311372709909,1.7934324631833782,1.131370849898476,0.0,15.313014073003393,14.430869689661812,hard,0.12666673581855095,0.14327358806076626,0.1384298378558254,0.15909918054873431
0.0,0.0,22.539439055773833,0.10936946800881721,0.5676352213619231,1.0307278981380101,1.0307278981380101,1.8054362353736007,1.1285388783732708,0.0,21.45529305323048,14.430869689661812,hard,0.1269241529614315,0.1439099684109957,0.13821437040432213,0.15934384244861804
0.0,0.0,18.222870354339978,0.10963497232858455,0.6084502691694307,1.034601372510205,1.034601372510205,1.8203296404772404,1.1056219968868204,0.0,17.80854850907283,14.430869689661812,hard,0.12675991484387908,0.14445355839999216,0.13808729430474614,0.15940608090402736
0.0,0.0,25.922139603554793,0.10940596277847289,0.5818479700700508,1.0316976301223144,1.0316976301223144,1.8203296404772404,1.0919706955774957,0.0,22.692104353717394,14.430869689661812,hard,0.1267685657816787,0.14489293650056673,0.13782396375646577,0.1583473468892739
0.0,0.0,13.333530319114201,0.10936909331882476,0.5914625959617316,1.0316976301223144,1.0316976301223144,1.8290981384277882,1.0919706955774957,0.0,13.923060008489514,14.430869689661812,hard,0.12710580465177615,0.14511131552052028,0.1377535103710084,0.1581736248942112
0.0,0.0,18.02997405650829,0.10981475064216221,0.5685620005447755,1.0283968105745953,1.0283968105745953,1.8290981384277882,1.0777754868245983,0.0,18.054373431387756,14.430869689661812,hard,0.12727711720578594,0.14526828067314876,0.1384303646319827,0.15745410296339807
0.0,0.0,18.896353335339054,0.11023747773552964,0.5524186355358764,1.0355674772799695,1.0355674772799695,1.8221964767828962,0.9568698971124548,0.0,15.839898989576922,14.430869689661812,hard,0.1273933944964603,0.14535400102757473,0.1385444518274177,0.15813203002140067
0.0,0.0,17.467147358151866,0.11055084689738402,0.5244231717081224,1.0590561835898982,1.0590561835898982,1.8221964767828962,0.938083151964686,0.0,16.723743600043623,14.430869689661812,hard,0.1277467223822511,0.14535743646084182,0.13888305487781122,0.15838452915065943
0.0,0.0,27.744875767139987,0.11083747857354644,0.5374539974785595,1.0630145812734648,1.0630145812734648,1.8260339536821326,0.8506468127254695,0.0,19.25792304481457,14.430869689661812,hard,0.12801457002346803,0.14564621083173665,0.139313500634879,0.1589436398555904
0.0,0.0,9.676124308953082,0.11092682527568963,0.5101215965283185,1.0630145812734648,1.0630145812734648,1.8260339536821326,0.8506468127254695,0.0,8.772684879784522,14.430869689661812,hard,0.1282483580587541,0.14587525517401967,0.13946574453231844,0.15894973483795785
0.0,0.0,15.004205817983376,0.11109459423514773,0.5124628180573241,1.0630145812734648,1.0630145812734648,1.8110770276274832,0.8506468127254695,0.0,14.559793954586034,14.430869689661812,hard,0.12894854956157867,0.14634591973710573,0.13970060145364463,0.15907306779492977
0.0,0.0,12.532233107581419,0.11125500561246843,0.48968453734836703,1.0630145812734648,1.0630145812734648,1.8110770276274832,0.8506468127254695,0.0,12.522635505355892,14.430869689661812,hard,0.1293790863906854,0.1465311304643007,0.13979438487679444,0.15972875264517714
0.0,0.0,12.87179407440249,0.11161728854893328,0.4752391060730431,1.0630145812734648,1.0630145812734648,1.825267103741258,0.8506468127254695,0.0,12.475592170314,14.430869689661812,hard,0.12997691463277622,0.14678050736008455,0.1401104605408347,0.16081894760448223
0.0,0.0,13.384561303032367,0.11181263661785297,0.4574105955217444,1.0476640682967036,1.0476640682967036,1.825267103741258,0.8754427451295714,0.0,9.146890181914289,14.430869689661812,hard,0.13051258575740196,0.146905118006148,0.14034884643443568,0.16118290493933804
0.0,0.0,21.69003168111194,0.11195279755073843,0.4327120425831051,1.0316976301223144,1.0316976301223144,1.825267103741258,0.8991106717195609,0.0,21.793980820400844,14.430869689661812,hard,0.13129179491391232,0.14631868726678135,0.14048482022562073,0.16138216892400317
0.0,0.0,13.774686412017095,0.1122942956058843,0.41174435489860944,0.9977975746613138,0.9977975746613138,1.825267103741258,0.9433981132056604,0.0,13.132265608035805,14.430869689661812,hard,0.13153063848680888,0.14664369996232088,0.1410158808782755,0.1616089378231607
0.0,0.0,20.48508883799006,0.11240560253634223,0.38082972380881347,0.9718024490605073,0.9718024490605074,1.825267103741258,1.0215674231297707,0.0,20.334453521056325,14.430869689661812,hard,0.13202025010752017,0.1468596924718971,0.14101261206265908,0.16077232679354145
0.0,0.0,22.751713231647734,0.11289877305758528,0.3504368061092764,0.9682974749528164,0.9682974749528164,1.825267103741258,1.0537551897855593,0.0,22.513604775779466,14.430869689661812,hard,0.13227681666836108,0.1473500800141883,0.14135536300125898,0.16178668494363632
0.0,0.0,33.139518140889,0.11407701595101234,0.4533910266377454,1.004987562112089,1.004987562112089,1.8808508712813996,1.128007092176286,0.0,33.65168049295607,14.430869689661812,hard,0.13233149090651203,0.14777018150766943,0.1430446105411373,0.1612632199540097
0.0,0.0,19.278459594420827,0.1141992079322639,0.42902782248298693,0.988736567544662,0.988736567544662,1.8808508712813996,1.1412274094149684,0.0,15.195064988344077,14.430869689661812,hard,0.13211005268092157,0.14757221416075836,0.1435652246901673,0.1612648276395967
0.0,0.0,21.862558692840565,0.1143934077483933,0.4198949797966966,0.9718024490605073,0.9718024490605074,1.9037857022259623,1.1539497389401328,0.0,16.959728771416128,14.430869689661812,hard,0.13207970317236112,0.14747357956335283,0.1440642535818464,0.1616019616671731
0.0,0.0,10.760342681452185,0.11461422427562488,0.4313352977606388,0.9541488353501251,0.9541488353501251,1.9067249408344142,1.1661903789690602,0.0,7.978496098889815,14.430869689661812,hard,0.13206111428061848,0.14754600615273494,0.14479992504733907,0.16174595256946028
0.0,0.0,11.767798048339344,0.11475055061925454,0.40476661925347757,0.9951884243699783,0.9951884243699783,1.9067249408344142,1.1771151175649728,0.0,11.418038360419008,14.430869689661812,hard,0.1321332765762908,0.14751515163817439,0.14468364326733815,0.1616839619608191
0.0,0.0,14.00138383056371,0.1148997831575261,0.42885955707642753,0.9848857801796105,0.9848857801796105,1.92,1.2081390648431165,0.0,11.228820062678002,14.430869689661812,hard,0.13159828530334633,0.14751502860908322,0.14491083638426278,0.16187305402788052
0.0,0.0,10.867590379310025,0.11494706897984396,0.46132675607675755,1.02469507659596,1.02469507659596,1.9208331525668751,1.2068139873236472,0.0,7.375337280423181,14.430869689661812,hard,0.13163430905904525,0.1474566433462146,0.14506786220827386,0.16171424752884647
0.0,0.0,10.511462466354503,0.1150292187287237,0.4259612428225999,1.04,1.04,1.9208331525668751,1.197330363767661,0.0,9.164736766541633,14.430869689661812,hard,0.13161838007529997,0.1475361437845835,0.14500185680915365,0.16191143350405615
0.0,0.0,25.744959001007746,0.11529024091042911,0.4353727815006306,1.04,1.04,1.9208331525668751,1.1600000000000001,0.0,17.12313055489562,14.430869689661812,hard,0.13161665097679642,0.1472042582987925,0.14467992593968138,0.1617290949073593
0.0,0.0,16.423345705328703,0.11540792974530902,0.40434167345710503,1.0246950765959597,1.0246950765959597,1.9208331525668751,1.0824047302187847,0.0,14.456776957537944,14.430869689661812,hard,0.13164867127553798,0.14692302152083211,0.14479109617659702,0.16165983409369686
0.0,0.0,18.516106394871244,0.11504252566574943,0.38018163444050157,0.9759098319004682,0.9759098319004682,1.9208331525668751,1.0547037498748166,0.0,16.657262680284536,14.430869689661812,hard,0.13141690821164514,0.1466606773045046,0.14335451064501878,0.16079432072010716
0.0,0.0,20.831876991616934,0.11469099582137973,0.43034860468166825,1.016070863670443,1.016070863670443,1.92,0.9219544457292888,0.0,15.568892060772981,14.430869689661812,hard,0.13131318689774735,0.14639298411004822,0.1425355232124685,0.1600350428608659
0.0,0.0,17.822727050067495,0.11452364711646193,0.40520058548657334,1.016070863670443,1.016070863670443,1.92,0.9219544457292888,0.0,17.39913790967817,14.430869689661812,hard,0.13136054443081316,0.14569860790818515,0.1423231554575171,0.16022877107059083
0.0,0.0,8.898093190788897,0.114623335160606,0.4013156557727641,1.016070863670443,1.016070863670443,1.887749983445901,0.9219544457292888,0.0,8.241359111214607,14.430869689661812,hard,0.13136268469909412,0.1456514345264931,0.14256956650689942,0.16028168384855657
0.0,0.0,17.685988361699824,0.11454240357364201,0.3780868160832397,1.016070863670443,1.016070863670443,1.887749983445901,0.9219544457292888,0.0,17.23484841824842,14.430869689661812,hard,0.131349555158955,0.1456050844133721,0.14266291356349264,0.1600725687538451
0.0,0.0,19.67380960947294,0.11426497596870544,0.35205424607603997,1.016070863670443,1.016070863670443,1.887749983445901,0.9219544457292888,0.0,15.01424656784349,14.430869689661812,hard,0.13131808153583638,0.14501275091668342,0.14202204270160446,0.16013914573977736
0.0,0.0,14.684277296961058,0.11405755448070805,0.33378141805304246,1.03072789813801,1.03072789813801,1.887749983445901,0.947417542586161,0.0,14.343904628796164,14.430869689661812,hard,0.13122333095512734,0.1445471799553252,0.14177846081753462,0.16004751834603054
0.0,0.0,32.30959457065461,0.11420542406870901,0.34580346999771094,1.0355674772799695,1.0355674772799695,1.8973665961010275,0.9718024490605074,0.0,26.86625392569645,14.430869689661812,hard,0.13023913902735346,0.14448288541183837,0.14217085906791155,0.1599758793726866
0.0,0.0,20.50280722639318,0.11398359880577257,0.33142902724032747,1.0547037498748169,1.0547037498748169,1.8973665961010275,1.017644338656684,0.0,20.707718367797067,14.430869689661812,hard,0.12935098583082072,0.14410994226238935,0.14247514247817247,0.16010974381520007
0.0,0.0,9.710772068424962,0.11393702032065031,0.39275622993368464,1.0734989520255713,1.0734989520255713,1.9053608582103287,1.06,0.0,9.524473738742735,14.430869689661812,hard,0.12905970658562477,0.14394704675767167,0.142386532760489,0.16024965056091026
0.0,0.0,25.232451573692114,0.11470439656137323,0.47976576242331426,1.091970695577496,1.0919706955774957,1.9291448882859992,1.0992724866929038,0.0,21.325337043057488,14.430869689661812,hard,0.12878521329999673,0.14437212437375418,0.14268176450486794,0.16080871564168572
0.0,0.0,18.52634681253929,0.11546999816033995,0.4633390116136839,1.123565752415051,1.123565752415051,1.9371112513224429,1.1689311356961964,0.0,13.411875334941046,14.430869689661812,hard,0.12857222473797741,0.14458135701504396,0.14298136856288074,0.16171629463809772
0.0,0.0,12.340834229730708,0.11584164231151145,0.4605696549297954,1.0770329614269007,1.0770329614269007,1.9137397942249097,1.2,0.0,11.702717633097024,14.430869689661812,hard,0.1283435550744303,0.14485758566500595,0.14325142907014798,0.1622254713702618
0.0,0.0,12.644190071584076,0.11598781255520413,0.5499590755016636,1.0873821775254549,1.087382177525455,1.9734234213670416,1.24,0.0,12.524152665949101,14.430869689661812,hard,0.12868320481869558,0.14474795176482122,0.14331372826992808,0.1628468220363673
0.0,0.0,14.128487777523617,0.1160118689993122,0.5496563956345804,1.0777754868245983,1.0777754868245986,1.9762590923257,1.2496399481450646,0.0,11.698016925958006,14.430869689661812,hard,0.12881417887906607,0.1446068759893183,0.14317911326808389,0.16319074855737503
0.0,0.0,15.872574552390427,0.11609854445750727,0.537130353586136,1.0777754868245983,1.0777754868245983,1.9924858845171274,1.2328828005937953,0.0,15.399025943221217,14.430869689661812,hard,0.1286819717751312,0.1443246471152705,0.14313595182818756,0.1638039509141099
0.0,0.0,11.953048590339899,0.11625407414002134,0.5341282121908268,1.0734989520255713,1.0734989520255713,2.0083824337013105,1.2650691680694777,0.0,11.42420237915978,14.430869689661812,hard,0.1288180335263399,0.1444876477199482,0.1431311324383001,0.16398026081729628
0.0,0.0,13.021826260401076,0.11633649814000231,0.5261378044607429,1.0919706955774957,1.091970695577496,1.999599959991998,1.2555476892575608,0.0,12.367198551005801,14.430869689661812,hard,0.12882750934605744,0.14453691330740975,0.14316471573404807,0.16432319848233087
0.0,0.0,15.019423297231151,0.1164025023341787,0.5405708024676885,1.0547037498748169,1.0547037498748169,1.98997487421324,1.2245815611873305,0.0,14.918391334188817,14.430869689661812,hard,0.1289413862631488,0.14467846654020186,0.14304490851206267,0.1646640691801892
0.0,0.0,29.931875936761188,0.11655446910631369,0.5539232086725501,1.016070863670443,1.016070863670443,2.0436242316042352,1.2245815611873305,0.0,30.351566681145144,14.430869689661812,hard,0.12891867805582946,0.1438824926831301,0.14326386009310066,0.16461761859467886
0.0,0.0,32.39243609601852,0.11645831886009295,0.5261404217476228,1.04,1.04,2.0436242316042352,1.142628548566856,0.0,32.91574699137177,14.430869689661812,hard,0.1275062063890005,0.14282725285880166,0.14342795020862836,0.165172802447026
0.0,0.0,26.50655628152685,0.11618928601469838,0.5024001370583188,1.0476640682967036,1.0476640682967036,2.0575713839378698,1.0770329614269007,0.0,26.68554664982526,14.430869689661812,hard,0.1271425023382795,0.14215104108183815,0.14260972257991686,0.16538284133089334
0.0,0.0,16.934517862466127,0.11613635161037933,0.4720639171362575,0.9921693403849969,0.9921693403849969,2.071231517720798,0.9340235543068492,0.0,17.202325424197742,14.430869689661812,hard,0.1271684204273352,0.1416548897113423,0.14228264304917598,0.16564337494163545
0.0,0.0,23.59047447736514,0.11615856900390348,0.44752436422612196,0.9921693403849969,0.9921693403849969,2.071231517720798,0.9340235543068492,0.0,16.30736030140991,14.430869689661812,hard,0.12706603721157708,0.14162457274401424,0.14203855756643313,0.16579319861737113
0.0,0.0,19.153542290750792,0.1159566464510972,0.423013386683539,0.9921693403849969,0.9921693403849969,2.071231517720798,0.9340235543068492,0.0,18.359259244315933,14.430869689661812,hard,0.1270672894077873,0.1415626920093551,0.14191233512798793,0.16543191129581514
0.0,0.0,8.901971125022166,0.11590314594725118,0.3983722609384755,0.9921693403849969,0.9921693403849969,2.071231517720798,0.9340235543068492,0.0,8.4,14.430869689661812,hard,0.1269743962833137,0.14134886420128254,0.14171614942184,0.1656715984014329
0.0,0.0,13.806104291920622,0.1160088274493328,0.4174617350697577,0.9921693403849969,0.9921693403849969,2.07499397589487,0.9340235543068492,0.0,9.843251495313934,14.430869689661812,hard,0.1267063366672969,0.14134995428351976,0.141703677290169,0.1658867167286493
0.0,0.0,15.154552009607176,0.11599057653205144,0.39331233740543303,0.9921693403849969,0.9921693403849969,2.07499397589487,0.9340235543068492,0.0,14.941700037144368,14.430869689661812,hard,0.1264284410506667,0.14123073683943035,0.14167193881128815,0.16598182483179127
0.0,0.0,11.959235688091775,0.11607462277581498,0.37352584946441064,1.0150862032359615,1.0150862032359618,2.07499397589487,0.96,0.0,11.72307126993605,14.430869689661812,hard,0.12611633865376162,0.14117715401627137,0.14166792394568445,0.1664065298339957
0.0,0.0,10.42010986329844,0.11633537274467784,0.3549479079167433,1.019803902718557,1.019803902718557,2.07499397589487,1.0087616170334794,0.0,9.063531320627739,14.430869689661812,hard,0.12601541512373926,0.1410920529296713,0.14161252844226163,0.16684823266684687
0.0,0.0,18.291624298499542,0.11686535212484321,0.49602865855705924,1.019803902718557,1.019803902718557,2.116601048851672,1.0087616170334794,0.0,12.381744626667114,14.430869689661812,hard,0.12599497863293135,0.14111373151294926,0.14241611528813233,0.16737604134277423
0.0,0.0,9.29020157721157,0.11710753638474106,0.5371065985067651,0.9977975746613137,0.9977975746613137,2.1406541056415445,1.074988372030135,0.0,9.121425327217233,14.430869689661812,hard,0.12598149960339247,0.14124098781908262,0.14275473314195242,0.16759876665332887
0.0,0.0,12.903697528383478,0.11763250066350699,0.5395075769607464,1.0031948963187562,1.0031948963187562,2.1336353952819587,1.116422858956229,0.0,12.273890988598524,14.430869689661812,hard,0.12589702832622857,0.1412385460083535,0.14410945544804588,0.16793351268854353
0.0,0.0,20.95443770574101,0.11819185076872063,0.5314667284193142,0.9431860898041277,0.9431860898041277,2.1451340284467073,1.2191800523302536,0.0,18.91138281564836,14.430869689661812,hard,0.12563001488941083,0.1424689592183393,0.14526246690305383,0.1673924407561974
0.0,0.0,33.733508457280664,0.1188270107900002,0.5171555689454134,0.9635351576356723,0.9635351576356723,2.137755832643195,1.234341929936758,0.0,24.08053986105793,14.430869689661812,hard,0.1258101954357474,0.14296906582576,0.1466612219120803,0.16786880357506662
0.0,0.0,19.351141247426877,0.11872328803598493,0.5427667857719213,0.9816312953446422,0.9816312953446422,2.1689628858051027,1.2472369462135093,0.0,18.4566627535966,14.430869689661812,hard,0.12586295011564608,0.14308563339293925,0.1465255163340805,0.16765641841555015
0.0,0.0,25.129983502772426,0.118755977247353,0.5226078619132047,0.9830564581955606,0.9830564581955606,2.1795412361320445,1.2496399481450646,0.0,21.583326898325936,14.430869689661812,hard,0.1251346333871958,0.14314144342494411,0.1467409670292417,0.1676477092081157
0.0,0.0,12.95617021112702,0.11886097083156505,0.4940572631479457,0.9610411021387171,0.9610411021387171,2.1795412361320445,1.2619033243477884,0.0,12.662716928053,14.430869689661812,hard,0.12487317310429065,0.14317810163605738,0.14680386359544698,0.1676071033740926
0.0,0.0,22.752755692372162,0.11865189965528877,0.5580372964402455,0.9830564581955606,0.9830564581955606,2.245796072665548,1.2649110640673518,0.0,23.167226851740367,14.430869689661812,hard,0.12478393252041506,0.14310845542283923,0.14642246591715952,0.16664358843645702
0.0,0.0,21.386149305239794,0.11869086703892283,0.5729922149986431,0.9840731680114033,0.9840731680114033,2.193080025899648,1.2491597175701754,0.0,21.845127603197927,14.430869689661812,hard,0.12442653426835483,0.14308161356039195,0.14618429865415164,0.16642112487278937
0.0,0.0,26.241161398780275,0.11894284041867377,0.5889775214879638,0.9425497334358541,0.9425497334358541,2.193080025899648,1.2555476892575608,0.0,26.69625441892551,14.430869689661812,hard,0.12436269486625239,0.1432759483270509,0.14620109389801925,0.1663571620514064
0.0,0.0,14.352715116321159,0.11903196271842599,0.627665816932927,0.938083151964686,0.938083151964686,2.174028518672191,1.2328828005937953,0.0,14.346079603849969,14.430869689661812,hard,0.12481387453049035,0.143449641782108,0.1460816844298271,0.1664596484150738
0.0,0.0,19.8279404193936,0.11958011186150602,0.6618441687708173,0.938083151964686,0.938083151964686,2.2181073012818833,1.163443165779919,0.0,17.534206568875593,14.430869689661812,hard,0.12590101606292564,0.1440865870932261,0.14659242563112854,0.16647889337682484
0.0,0.0,15.556548945083065,0.11971408046800296,0.6606505996007528,0.9624967532412771,0.9624967532412771,2.217115242832451,1.088852607105296,0.0,10.428729548703428,14.430869689661812,hard,0.12603705517871064,0.14433162048828674,0.14693583158205026,0.16642840640652679
0.0,0.0,16.741273251218722,0.11994581475026951,0.6544424120739089,0.9425497334358541,0.9425497334358541,2.1949031869310316,1.0772186407596185,0.0,15.870337110471223,14.430869689661812,hard,0.1260650697502712,0.1446299877337141,0.14727439524751518,0.16627190740526576
0.0,0.0,9.771515696055449,0.11990714302216324,0.6275059601520875,0.938083151964686,0.938083151964686,2.1949031869310316,0.9591663046625439,0.0,9.477636836258288,14.430869689661812,hard,0.12615422394272915,0.14457194354181804,0.1472325917115164,0.16610325198918738
0.0,0.0,10.665018231876742,0.11989477096230941,0.6034513693498444,0.938083151964686,0.938083151964686,2.1949031869310316,0.9591663046625439,0.0,8.956986100245997,14.430869689661812,hard,0.12612204171118307,0.14475959068033822,0.14727632157067802,0.16597992986546498
0.0,0.0,7.5684156691759785,0.11985342702477765,0.5891787869513763,0.938083151964686,0.938083151964686,2.1748563170931545,0.9591663046625439,0.0,6.525304590591921,14.430869689661812,hard,0.1260554346674964,0.14475533755351896,0.1472576589774227,0.16587306110592545
0.0,0.0,8.149551386690788,0.11999390621672143,0.5719959367034524,0.938083151964686,0.938083151964686,2.172924296886571,0.9591663046625439,0.0,7.842168067569068,14.430869689661812,hard,0.12624284582340997,0.14517843637356154,0.14736257360131721,0.16589661154639088
0.0,0.0,18.665776619081203,0.12019606700041281,0.5445411334024565,0.938083151964686,0.938083151964686,2.172924296886571,0.9591663046625439,0.0,18.221975743590484,14.430869689661812,hard,0.12667114776777896,0.14566663951897763,0.14759672775406527,0.16587388383700669
0.0,0.0,17.49104438465218,0.11996660449400824,0.6249388247365277,0.9414881836751855,0.9414881836751855,2.227105745132009,1.0111379727811631,0.0,16.50696822557068,14.430869689661812,hard,0.12682967913740065,0.1452484656032676,0.14781215012461224,0.16585708663288
0.0,0.0,3.413634360233214,0.11997647917653005,0.6098740635245112,0.9414881836751855,0.9414881836751855,2.2243201208459182,1.0111379727811631,0.0,2.5440911933340753,14.430869689661812,hard,0.12680835075558275,0.14527017482641333,0.14790355116704243,0.16585127490743018
0.0,0.0,8.489907138060431,0.12008807956725098,0.5924978843562764,0.9840731680114033,0.9840731680114033,2.169239498073,1.0816653826391966,0.0,6.50319921269524,14.430869689661812,hard,0.12696943916540374,0.14532652429340387,0.14793592061990482,0.1663220078983345
0.0,0.0,7.534000252223644,0.12016068085191117,0.5774740179506123,0.9830564581955605,0.9830564581955605,2.171082679217906,1.1271202242884297,0.0,6.877237817612532,14.430869689661812,hard,0.12712514047605036,0.14542537997739147,0.14796593565335966,0.16672014616745473
0.0,0.0,9.56610080135436,0.12049874687953617,0.5395025826059883,0.9999999999999999,0.9999999999999999,2.171082679217906,1.2026637102698328,0.0,9.355212450821199,14.430869689661812,hard,0.12803652100461962,0.1452716415486813,0.1480425289498608,0.16730927325402606
0.0,0.0,7.027908959191902,0.12054966307429055,0.5128604035651837,1.0215674231297707,1.0215674231297707,2.171082679217906,1.22,0.0,6.164414002968976,14.430869689661812,hard,0.1280781865629452,0.1451745539584713,0.14829133546761766,0.16749418031416105
0.0,0.0,7.822952257218823,0.12054551173097837,0.5077679560229875,0.9846826900072937,0.9846826900072937,2.185497654997598,1.252836781069266,0.0,7.164495795239188,14.430869689661812,hard,0.12816827558421787,0.14502329930634347,0.14861608857490335,0.16753922387220907
0.0,0.0,5.92378570442344,0.12050202457218773,0.48412736109350113,0.9848857801796105,0.9848857801796105,2.153694500155489,1.2975361266646877,0.0,5.025375607852611,14.430869689661812,hard,0.12812458346682923,0.14498609951345454,0.14857440654965917,0.1676847632907625
0.0,0.0,5.979805299214759,0.12037283500718576,0.45043648700924976,0.9846826900072937,0.9846826900072937,2.153694500155489,1.3114877048604001,0.0,6.129143496443855,14.430869689661812,hard,0.12820392804425912,0.14468234074698264,0.14853962171100438,0.1679593897286967
0.0,0.0,19.65274606613326,0.1205615799902257,0.4417230747671789,1.0031948963187562,1.0031948963187562,2.1586106642931235,1.3029197979921865,0.0,12.68756871902572,14.430869689661812,hard,0.12810329807358442,0.14466210624710918,0.14861773567303896,0.16875825092707689
0.0,0.0,17.332369092485454,0.12063497550005796,0.4346496522156567,0.9977975746613138,0.9977975746613138,2.1770622407271687,1.3085870242364472,0.0,14.351989409137676,14.430869689661812,hard,0.12817155470781635,0.14456703704718465,0.1484787592101187,0.16902956304567673
0.0,0.0,20.699544028642606,0.12080462306553025,0.3983028141240539,0.9921693403849969,0.9921693403849969,2.1770622407271687,1.3116401945655676,0.0,21.108680678810792,14.430869689661812,hard,0.12839540245982856,0.1444533022312408,0.1484625028951696,0.16928018266177908
0.0,0.0,18.259113415533964,0.12109568828480173,0.40749527351448234,0.9921693403849969,0.9921693403849969,2.1905250512148906,1.2845232578665131,0.0,18.617196351760377,14.430869689661812,hard,0.12683579770208972,0.1443902962728512,0.14885255136088327,0.1694643718187039
0.0,0.0,33.43888218980685,0.12200032432632765,0.48133405577927374,0.9541488353501251,0.9541488353501251,2.2293496809607953,1.215894732285653,0.0,33.837381695397184,14.430869689661812,hard,0.1268258117767352,0.14556718718997497,0.14890213570177413,0.169618420020354
0.0,0.0,20.015500940026122,0.1226398202620641,0.45643141126433545,0.9297311439335567,0.9297311439335567,2.2293496809607953,1.2081390648431163,0.0,19.701411116973322,14.430869689661812,hard,0.1267532568540887,0.14639435382649602,0.14899853014291517,0.17012168881434078
0.0,0.0,32.42709065570339,0.12257339804664934,0.46626511226212203,0.926066952223218,0.9260669522232181,2.232845717912458,1.1825396399275585,0.0,25.66192510315623,14.430869689661812,hard,0.1266537608841895,0.14642577753205666,0.14906238225009127,0.16702122892382873
0.0,0.0,15.362144258321527,0.12245906679484586,0.43950341780691304,0.9921693403849969,0.9921693403849969,2.232845717912458,1.0440306508910548,0.0,11.90401612902133,14.430869689661812,hard,0.12573301592944386,0.14637819622211204,0.14900330647170582,0.16647761149582913
0.0,0.0,19.435817393606275,0.12288160826976272,0.4309260814286519,0.9748846085563152,0.9748846085563152,2.2181974664127626,1.012719112093773,0.0,12.185909896269544,14.430869689661812,hard,0.1257148049424477,0.14674048201513873,0.14929027179552168,0.16615927061405558
0.0,0.0,13.605217211774669,0.12320020883688758,0.4746819851189833,0.956869897112455,0.956869897112455,2.242231031807383,0.98,0.0,13.66344026956608,14.430869689661812,hard,0.12578185464227065,0.14718974862895073,0.1495332509168322,0.16595686188867337
0.0,0.0,12.182665665004786,0.12350164554951899,0.4530927622041206,0.956869897112455,0.956869897112455,2.242231031807383,0.98,0.0,11.272976536833562,14.430869689661812,hard,0.1256799213889036,0.14747672325847383,0.14982883725248922,0.1659527729780576
0.0,0.0,17.62047532818666,0.12377701520167878,0.49491421799845364,0.956869897112455,0.956869897112455,2.25884926455928,0.98,0.0,9.810198774744576,14.430869689661812,hard,0.1254357085537324,0.14774721629525073,0.14992053386914544,0.16631073968531299
0.0,0.0,10.200607737585594,0.12385459014971614,0.553940839252091,0.9591663046625439,0.9591663046625439,2.2415173432298046,1.0071742649611335,0.0,8.073561791427622,14.430869689661812,hard,0.12558408938431134,0.14812432463326627,0.14999223643536677,0.16605586080733803
0.0,0.0,10.881852514342775,0.12391243775884689,0.5527246457570475,0.9591663046625439,0.9591663046625439,2.270594635772753,1.0071742649611335,0.0,10.393632666204825,14.430869689661812,hard,0.12595097554522539,0.1481754318412947,0.15014358310819223,0.16595495475484698
0.0,0.0,8.551922404866932,0.12401815674253693,0.5362185417885642,0.9112628599915614,0.9112628599915614,2.297825058615212,1.0583005244258363,0.0,7.875633307868009,14.430869689661812,hard,0.12591968057802866,0.14845882874192856,0.15028598553492772,0.1660931181115671
0.0,0.0,20.851055094034024,0.12372096889345925,0.5169004047761451,0.9079647570252933,0.9079647570252933,2.324564475337262,1.1532562594670797,0.0,16.72484379598207,14.430869689661812,hard,0.12573216603834605,0.14845351140252586,0.15023191717701215,0.16502153006938405
0.0,0.0,7.740609212689928,0.12379403370867567,0.4992352344597214,0.9141115905621152,0.9141115905621152,2.342306555513176,1.1934822998268553,0.0,7.613908326214599,14.430869689661812,hard,0.1255661270851861,0.1484937065894431,0.15071326096406534,0.16488705631548806
0.0,0.0,9.954492816236126,0.12398825433673022,0.46931172515597286,0.8890444308357148,0.8890444308357148,2.3427334462119247,1.2328828005937953,0.0,9.126751886624287,14.430869689661812,hard,0.12565116811636917,0.14867028658583695,0.15128534655107498,0.1649062685772818
0.0,0.0,10.526654875038112,0.12396495174921361,0.43043737505178176,0.8662563131083085,0.8662563131083088,2.3427334462119247,1.2843675486401858,0.0,9.660558990037792,14.430869689661812,hard,0.1257651954936303,0.14867371136622504,0.15148617531761413,0.16456563821153483
0.0,0.0,5.249586905699788,0.12400920343036927,0.44204887746732907,0.8717797887081348,0.8717797887081348,2.3515101530718514,1.3151425778218877,0.0,5.165307348067489,14.430869689661812,hard,0.12580813257813384,0.14884988461218132,0.15155258123662405,0.16454311551267523
0.0,0.0,10.17159102091612,0.12412110422984587,0.49441685045493194,0.8738420909981391,0.8738420909981391,2.368459414893994,1.329812016790343,0.0,9.101648202386203,14.430869689661812,hard,0.1262267775860379,0.14901143711186765,0.15193542088385684,0.16435286413394942
0.0,0.0,11.634778811806896,0.1243151090282228,0.5475911286896784,0.8692525524840292,0.8692525524840292,2.3929897617833635,1.34,0.0,11.09069880575611,14.430869689661812,hard,0.12661090033379932,0.1491625399880594,0.15238018781125137,0.16407277777518342
0.0,0.0,11.75357899476094,0.12430379507768138,0.5244208791519092,0.8506468127254696,0.8506468127254696,2.3929897617833635,1.3507035203922435,0.0,9.476370613267509,14.430869689661812,hard,0.12678241478893088,0.1491683083607026,0.1524652051665671,0.16392015622413958
0.0,0.0,18.960453141960418,0.12443522114528062,0.49566095634498925,0.9217374897442331,0.9217374897442331,2.3929897617833635,1.3266499161421599,0.0,16.998835254216683,14.430869689661812,hard,0.1276784643674808,0.14934156531845766,0.15268586139548831,0.16299602885879233
0.0,0.0,8.742990860031322,0.12439081134061761,0.4867389735915347,0.8997777503361595,0.8997777503361595,2.3929897617833635,1.3016912076218383,0.0,8.527602242131136,14.430869689661812,hard,0.12782593598343536,0.1490928199168574,0.1526389171205452,0.1629233435366832
0.0,0.0,12.729641683268738,0.12450142740392593,0.5218217184580454,0.9433981132056604,0.9433981132056604,2.4156986567036873,1.2369316876852983,0.0,5.70347262639175,14.430869689661812,hard,0.12817830411398864,0.1491119083774309,0.1526069609332914,0.1628811231405346
0.0,0.0,18.693476852527986,0.12526495243105915,0.5834054188953042,0.9643650760992956,0.9643650760992956,2.332723729891733,1.2232742946698423,0.0,18.872636275835976,14.430869689661812,hard,0.13027570793646912,0.1503143884427229,0.1527783194814119,0.162488764988723
0.0,0.0,11.16969556273872,0.12536945659073326,0.5780156241971168,0.964157663455516,0.964157663455516,2.364825574963194,1.215894732285653,0.0,10.864547850693096,14.430869689661812,hard,0.13061488287235062,0.1502339335400802,0.15281139074177025,0.16252930749761982
0.0,0.0,16.422132280805947,0.12565217145116778,0.5619604006967555,0.9848857801796105,0.9848857801796105,2.3542302351299456,1.2081390648431163,0.0,15.840770183296012,14.430869689661812,hard,0.1305831690460334,0.1502630413753339,0.1535193995421633,0.16283364199234224
0.0,0.0,15.081373492775668,0.12548552357778772,0.5597212706723228,0.92,0.92,2.4,1.1482160075525858,0.0,15.236797563792727,14.430869689661812,hard,0.13047574798883196,0.15009793578790162,0.15285959011767497,0.1624831784177548
0.0,0.0,16.72602195329427,0.125755882930116,0.5350322979786297,0.9210863151735564,0.9210863151735564,2.4,1.02469507659596,0.0,16.700000000000003,14.430869689661812,hard,0.13097312788063364,0.15043277923045567,0.1530164113917704,0.16228647955391168
0.0,0.0,13.893737443161294,0.1257107327348236,0.5502319889239328,0.9210863151735564,0.9210863151735564,2.4186773244895647,1.02469507659596,0.0,13.302691456994708,14.430869689661812,hard,0.1311466922470958,0.1504122243829807,0.15306967416939546,0.1622058363257462
0.0,0.0,11.940175608049424,0.12564129790770492,0.5384595332440995,0.9210863151735564,0.9210863151735564,2.3529555881911586,1.02469507659596,0.0,10.979052782458057,14.430869689661812,hard,0.13144578605595753,0.15051586514973148,0.15271191573571397,0.16218045676647708
0.0,0.0,10.56634928064088,0.12575751804688431,0.5384454840132208,0.9414881836751857,0.9414881836751857,2.374531532744933,1.0514751542475933,0.0,10.394229168149026,14.430869689661812,hard,0.1321072936589106,0.1507733363861474,0.15262604361010276,0.16217798705474243
0.0,0.0,7.3526020717217735,0.1260381207626159,0.5214073559979309,0.9414881836751857,0.9414881836751857,2.3873835050112917,1.0514751542475933,0.0,7.089174846200368,14.430869689661812,hard,0.1324268677611593,0.1511361294115445,0.15287203340443878,0.16242523631023845
0.0,0.0,11.565808436805844,0.12632676721593028,0.49428895054605426,0.9610411021387171,0.9610411021387171,2.3873835050112917,1.0772186407596185,0.0,5.794514647492058,14.430869689661812,hard,0.1331779543295696,0.15132925299428174,0.15304468359120588,0.16253325797544535
0.0,0.0,11.536549608817534,0.1265899921108619,0.46144218069887577,0.9414881836751857,0.9414881836751857,2.3873835050112917,1.148912529307606,0.0,10.731560930265458,14.430869689661812,hard,0.1335177704823197,0.15161694766553904,0.15320658757623093,0.1628491878130403
0.0,0.0,12.59692587172436,0.126597326126453,0.43827842768044684,0.9610411021387171,0.9610411021387171,2.3873835050112917,1.1968291440301744,0.0,12.686307579433821,14.430869689661812,hard,0.1335012939720801,0.15153178266325795,0.15304803991925992,0.16321124168708565
0.0,0.0,15.45803582374592,0.1266340696121058,0.49525546518161945,0.9624967532412773,0.9624967532412773,2.4123847122712414,1.24,0.0,9.921209603672326,14.430869689661812,hard,0.1338921822862097,0.15157385319391606,0.15293870957614764,0.1634332054399449
0.0,0.0,8.468306356767688,0.12669969251452426,0.5070251133635837,1.0392304845413265,1.0392304845413265,2.424541193710678,1.296148139681572,0.0,7.963441467104533,14.430869689661812,hard,0.1341830485239756,0.15163632935872876,0.15285724755246652,0.1638015238470085
0.0,0.0,12.177169128566069,0.12679533444466234,0.49939558716031957,1.0562196741208714,1.0562196741208714,2.4771758112818723,1.3128594745821047,0.0,9.161855707224381,14.430869689661812,hard,0.1345096339504236,0.15187267188374426,0.15287639823815544,0.16381014414640652
0.0,0.0,10.4429170759774,0.12686968059224155,0.4802930367722191,1.0583005244258363,1.0583005244258363,2.4771758112818723,1.329059818066892,0.0,10.202372273152946,14.430869689661812,hard,0.13452706666158595,0.15197979209234233,0.15302616630300908,0.1638683058246797
0.0,0.0,20.278131903647942,0.12690751891075433,0.47425505872977286,1.0239140588936164,1.0239140588936164,2.4967178454923573,1.3595587519485872,0.0,20.232459069524893,14.430869689661812,hard,0.13457227810393518,0.15204255202083866,0.15299904786634486,0.16392003493738516
0.0,0.0,14.757400945356418,0.12682023604429143,0.49574813343532903,1.0229369482035537,1.0229369482035537,2.521983346495373,1.3588230201170426,0.0,13.782960494755834,14.430869689661812,hard,0.13449189500121814,0.1520064145463319,0.1527126151400912,0.1639491013759893
0.0,0.0,16.12826460864194,0.1268748324999293,0.527047694634372,1.043264108459598,1.043264108459598,2.5666320343983866,1.3507035203922435,0.0,14.800337833982034,14.430869689661812,hard,0.13438889653942274,0.15193178342536703,0.15272718404052382,0.16436999678112582
0.0,0.0,12.143086520369078,0.12697804807745872,0.5041557537260737,1.0239140588936164,1.0239140588936164,2.5666320343983866,1.3453624047073711,0.0,11.922482962873127,14.430869689661812,hard,0.13447758613750913,0.1520013324980245,0.1528589858043001,0.16473785312227782
0.0,0.0,13.440159136954849,0.12722235827692438,0.5287278736187361,1.0600000000000003,1.0600000000000003,2.6076809620810595,1.3388054376943648,0.0,13.22465878576835,14.430869689661812,hard,0.13461344306809112,0.15205264556122217,0.15290527492866016,0.16599366363835732
0.0,0.0,18.720892017485035,0.12747965101898845,0.5105113903900584,1.0392304845413265,1.0392304845413265,2.6076809620810595,1.296148139681572,0.0,14.213359912420426,14.430869689661812,hard,0.1346027910802532,0.1521415854667393,0.1530151445509941,0.1666178239898276
0.0,0.0,11.01210531716736,0.1277817770249146,0.4912384719752894,1.0,1.0,2.6076809620810595,1.243221621433604,0.0,10.652023281987324,14.430869689661812,hard,0.13451653217913964,0.1522242565074593,0.15317279456772928,0.16747992310746165
0.0,0.0,14.90995757019107,0.12772947427063336,0.48361818138726914,0.9816312953446422,0.9816312953446422,2.6022298130641732,1.2369316876852983,0.0,14.6687286429329,14.430869689661812,hard,0.13454970309058512,0.1524376051860059,0.15280596942096344,0.16809104843324515
0.0,0.0,11.430983841022172,0.1276422815362861,0.5156260148670496,1.0017983829094554,1.0017983829094554,2.6248809496813372,1.1901260437449472,0.0,11.4069452527835,14.430869689661812,hard,0.13435164740194086,0.15261606001737155,0.15265801892039615,0.16813651321679252
0.0,0.0,20.100078210111263,0.1277233348067516,0.5726622691840473,1.0031948963187562,1.0031948963187562,2.615339366124404,1.0954451150103321,0.0,19.650302796649218,14.430869689661812,hard,0.13422632384074812,0.15278042143693887,0.15283746211132623,0.16879936934836748
0.0,0.0,20.849577846426445,0.12766140965121253,0.5832408446152767,1.0215674231297707,1.0215674231297707,2.6545056036859296,1.0675204916066015,0.0,18.489088674134262,14.430869689661812,hard,0.13420276897359237,0.1529410158087669,0.15279946975262337,0.16811746712521286
0.0,0.0,16.179834395916654,0.12768924090853595,0.563314493531311,1.0215674231297707,1.0215674231297707,2.6321854038042227,1.0675204916066015,0.0,15.928452529985455,14.430869689661812,hard,0.1340212769449267,0.15320021180516047,0.15271034785926527,0.1686126033350809
0.0,0.0,8.685341873708635,0.12784678351895407,0.5758073538117722,1.0031948963187562,1.0031948963187562,2.6324893162176366,1.0190191362285597,0.0,7.932817910427542,14.430869689661812,hard,0.13410295971351105,0.15329369782943061,0.1527994333544685,0.16911778740846264
0.0,0.0,8.666546927637887,0.1279380645708474,0.5558490769960434,1.0031948963187562,1.0031948963187562,2.6324133414036637,1.0190191362285597,0.0,8.754427451295715,14.430869689661812,hard,0.13427186903433794,0.15355575262354476,0.15285919614815682,0.16911879513568975
0.0,0.0,14.712550977018923,0.12789087438841115,0.5306082314370684,1.0031948963187562,1.0031948963187562,2.6324133414036637,1.0190191362285597,0.0,13.554984323118932,14.430869689661812,hard,0.13445803330211256,0.15367354709661754,0.1526379687935423,0.16881081325819058
0.0,0.0,16.41125005245251,0.12800468812010787,0.5017538507089172,0.9848857801796105,0.9848857801796105,2.6324133414036637,1.1,0.0,13.261975720080322,14.430869689661812,hard,0.13451119526394198,0.15378610298577122,0.1528546918347279,0.16886984088599175
0.0,0.0,32.37484935707181,0.12799330721668586,0.4728266059595159,0.9846826900072937,0.9846826900072937,2.6324133414036637,1.1551623262554922,0.0,32.62830672897385,14.430869689661812,hard,0.13459415471422562,0.15394360053222123,0.15261651137256782,0.16768420253550664
0.0,0.0,12.679301721303746,0.12806346986907186,0.484845259148407,1.0041912168506553,1.0041912168506553,2.669007306097156,1.2213107712617621,0.0,11.934169430672585,14.430869689661812,hard,0.13457968008440496,0.15414805058601594,0.15258730536326384,0.16758764692757727
0.0,0.0,9.463815960834093,0.12815075057053937,0.5218533463032226,0.9848857801796105,0.9848857801796105,2.6749953270987223,1.2459534501738017,0.0,9.196542828693834,14.430869689661812,hard,0.13476136228447547,0.15426415472444704,0.15265230448544675,0.16758445468540475
0.0,0.0,10.195324082301438,0.1282364742010499,0.5058810511028964,0.9433981132056604,0.9433981132056604,2.681492121935099,1.2688577540449522,0.0,8.368990381163071,14.430869689661812,hard,0.1348061429844477,0.15441330358720837,0.15262238710771922,0.16748860928493364
0.0,0.0,6.487609513903741,0.12822817218441385,0.5218722356374638,0.9431860898041277,0.9431860898041277,2.6503584663211126,1.2874781551544865,0.0,5.441360124086625,14.430869689661812,hard,0.13488764961514885,0.15451549883192625,0.15257572117188015,0.16730796815234916
0.0,0.0,28.301331283344574,0.1286436335856355,0.5234471198487762,0.9848857801796105,0.9848857801796105,2.6566143867712526,1.3098091464026353,0.0,28.56353619564637,14.430869689661812,hard,0.1345679757979784,0.15453951747861142,0.1533431635993874,0.16773540078517613
0.0,0.0,17.55004044138396,0.1286017097492563,0.518833155616366,1.0041912168506553,1.0041912168506553,2.640075756488817,1.328006024082722,0.0,9.009439494219382,14.430869689661812,hard,0.13447459115188418,0.15461075447257988,0.15345350388099568,0.16750396119668445
0.0,0.0,11.778393408235583,0.12876422222639392,0.5140480549158641,1.0409610943738485,1.0409610943738485,2.607987730032486,1.3595587519485872,0.0,11.201946259467592,14.430869689661812,hard,0.13470342193538512,0.15455034066683623,0.1539325153856076,0.16749499479210173
0.0,0.0,14.977852807839803,0.12865721944410427,0.5222728936343839,1.019803902718557,1.019803902718557,2.621526272994417,1.3302631318652711,0.0,13.950268814614292,14.430869689661812,hard,0.13470024772057757,0.15466043208530128,0.15399916438920908,0.1672265990157163
0.0,0.0,15.734897392577624,0.12872251565160478,0.5075407629680765,0.9977975746613138,0.9977975746613138,2.642423130386199,1.3146862743635837,0.0,14.967752002221308,14.430869689661812,hard,0.13468175261209855,0.15472468657432376,0.15441912372504032,0.16735340094580042
0.0,0.0,20.262369805940388,0.12854225240877643,0.49876642203368277,1.034601372510205,1.0346013725102052,2.6175561121015156,1.296148139681572,0.0,14.527821584807546,14.430869689661812,hard,0.13432603108063093,0.15437862831076474,0.1537889432390422,0.16738874973029222
0.0,0.0,16.3817055534549,0.12841816550124677,0.4730129684345352,1.034601372510205,1.0346013725102052,2.6175561121015156,1.2560254774486066,0.0,15.60975336128025,14.430869689661812,hard,0.13392163076792837,0.15395345513618566,0.15361361128923337,0.16738351909044358
0.0,0.0,14.872725673742277,0.12840399464715982,0.46193592505879494,1.0392304845413265,1.0392304845413265,2.6,1.2496399481450648,0.0,14.401680457502174,14.430869689661812,hard,0.13372979159980078,0.1537433100517238,0.1537502729147558,0.16740759493590004
0.0,0.0,55.152013913412304,0.1284473247432593,0.5182313408946435,1.08,1.08,2.5613277806637713,1.1832159566199232,0.0,5.6964901474504455,14.430869689661812,hard,0.13366776077628323,0.15364763217714494,0.15376511766030002,0.1674942695740416
