step,timestamp,reward,coverage,cov_trace,altitude,alt_idx,loop_closures,altitude_changes,frontier_count,new_cells,map_seed,difficulty,cov_alt0,cov_alt1,cov_alt2,cov_alt3
0.0,0.0,35.11413473215946,0.008968211201450254,0.013199760091983917,0.0,0.0,0.0,0.0,0.0,35.05027246684396,14.430869689661812,hard,0.029451058861825787,0.01388761140564842,0.0,0.0
0.0,0.0,41.93989069673188,0.011157765612733423,0.03203778726207591,0.0,0.0,0.0,0.0,0.0,41.93211656952222,14.430869689661812,hard,0.03512059084999435,0.01629630819573537,0.0,0.0
0.0,0.0,40.90958947315469,0.013313094188381608,0.05496333580692425,0.0,0.0,0.0,0.0,0.0,40.45179353254933,14.430869689661812,hard,0.04059306926323109,0.01886005833769116,0.0,0.0
0.0,0.0,33.899983671873336,0.01492637902513965,0.07831277871777537,0.0,0.0,0.0,0.0,0.0,33.920165093937854,14.430869689661812,hard,0.043646979562051456,0.021586856375745145,0.0,0.0
0.0,0.0,38.9179322020184,0.016604142740572102,0.1076060570279857,0.0,0.0,0.0,0.0,0.0,38.379807190761134,14.430869689661812,hard,0.046877809358822985,0.024425164652066848,0.0,0.0
0.0,0.0,45.09051018278476,0.018809080694148213,0.13458313849471623,0.0,0.0,0.0,0.0,0.0,44.77327774465479,14.430869689661812,hard,0.05256944367812589,0.028406854987688104,0.0,0.0
0.0,0.0,48.670255283477445,0.021924162227063258,0.16581146865582938,0.0,0.0,0.0,0.0,0.0,48.32973825710212,14.430869689661812,hard,0.05964371729344514,0.0335348974428544,0.0,0.0
0.0,0.0,47.56800744892957,0.024655615604982552,0.19271727567350388,0.0,0.0,0.0,0.0,0.0,47.07685630965602,14.430869689661812,hard,0.06619435808384314,0.03788646513422047,0.0,0.0
0.0,0.0,52.03156474169554,0.027067979379531273,0.22075587080073622,0.0,0.0,0.0,0.0,0.0,51.98018468608975,14.430869689661812,hard,0.07156176388691013,0.0421256889454379,0.0,0.0
0.0,0.0,52.18781911924671,0.029809841858312782,0.24710884197522226,0.0,0.0,0.0,0.0,0.0,49.208816283263715,14.430869689661812,hard,0.07774177237815044,0.04733966610162765,0.0,0.0
0.0,0.0,42.70638191290091,0.03255099845238547,0.27346921255363543,0.0,0.0,0.0,0.0,0.0,41.730856689025686,14.430869689661812,hard,0.08350626713934942,0.05312282958737375,0.0,0.0
0.0,0.0,43.66381044565865,0.03495169287575912,0.3014633663960859,0.0,0.0,0.0,0.0,0.0,38.226775956127916,14.430869689661812,hard,0.0889122444133253,0.05750097021431104,0.0,0.0
0.0,0.0,45.00183101268633,0.03732069130500396,0.3291507558426461,0.0,0.0,0.0,0.0,0.0,42.98134013732006,14.430869689661812,hard,0.09472188612875337,0.06138478357942554,0.0,0.0
0.0,0.0,61.853045836429416,0.040260048722882254,0.3596293766389576,0.0,0.0,0.0,0.0,0.0,52.83809610498849,14.430869689661812,hard,0.10165741296364879,0.06625684617056832,0.0,0.0
0.0,0.0,52.399308371193825,0.0429941958417744,0.3886881595068723,0.0,0.0,0.0,0.0,0.0,48.53854550766844,14.430869689661812,hard,0.10809850543316962,0.07113988810697613,0.0,0.0
0.0,0.0,51.46629730414075,0.04551521872405397,0.41336065506488207,0.0,0.0,0.0,0.0,0.0,46.28515528762975,14.430869689661812,hard,0.11342227006680612,0.07605847118481142,0.0,0.0
0.0,0.0,57.29708632463687,0.04710532989658666,0.4375319883115832,0.0,0.0,0.0,0.0,0.0,50.804629710293135,14.430869689661812,hard,0.11650505294522011,0.07942880911960741,0.0,0.0
0.0,0.0,44.84830014851643,0.04876122876220144,0.46326930396065774,0.0,0.0,0.0,0.0,0.0,39.553856954790135,14.430869689661812,hard,0.11974267043620057,0.08292502421077697,0.0,0.0
0.0,0.0,48.81740477899491,0.050869261075591955,0.490809561357212,0.0,0.0,0.0,0.0,0.0,47.17915217551074,14.430869689661812,hard,0.12424647204510304,0.0872670192285715,0.0,0.0
0.0,0.0,54.0506418379592,0.052980148863177506,0.5206231067051297,0.0,0.0,0.0,0.0,0.0,44.12776450263485,14.430869689661812,hard,0.1291744292779972,0.09117221921065255,0.0,0.0
0.0,0.0,52.66778091683242,0.055530965506420345,0.5494590892249456,0.0,0.0,0.0,0.0,0.0,44.8965210233488,14.430869689661812,hard,0.1339060007693485,0.09652151393427859,0.0,0.0
0.0,0.0,57.845356458556246,0.05808516873772903,0.5781480059083076,0.0,0.0,0.0,0.0,0.0,47.879849623824015,14.430869689661812,hard,0.1387597214464314,0.10185130787643454,0.0,0.0
0.0,0.0,44.62529509502055,0.06080916248869813,0.605811312620908,0.0,0.0,0.0,0.0,0.0,42.65996249412322,14.430869689661812,hard,0.1442886552558932,0.10740036539131484,0.0,0.0
0.0,0.0,52.94257621188023,0.0636261146987901,0.6333887912264736,0.0,0.0,0.0,0.0,0.0,45.05511735641136,14.430869689661812,hard,0.15003923031613312,0.11309350011055555,0.0,0.0
0.0,0.0,47.98022589436948,0.06643110516843927,0.6628121030382166,0.0,0.0,0.0,0.0,0.0,39.84799116643146,14.430869689661812,hard,0.1564149119887649,0.11805369180881993,0.0,0.0
0.0,0.0,46.61774688242001,0.06908763088898225,0.6896353188176446,0.0,0.0,0.0,0.0,0.0,44.06804284285836,14.430869689661812,hard,0.16250461002324576,0.1228023792080701,0.0,0.0
0.0,0.0,42.36994606022499,0.0712825201583229,0.7176484106843952,0.0,0.0,0.0,0.0,0.0,38.5787972855557,14.430869689661812,hard,0.16705671712263287,0.1271895007323907,0.0,0.0
0.0,0.0,43.906054815955,0.07259603131557409,0.7401840724533287,0.0,0.0,0.0,0.0,0.0,42.374218576865815,14.430869689661812,hard,0.16923116140357117,0.13023978164894612,0.0,0.0
0.0,0.0,43.12943988997549,0.07401824322468314,0.756224057298616,0.0,0.0,0.0,0.0,0.0,41.557670772072875,14.430869689661812,hard,0.17142933147311856,0.13367942177289033,0.0,0.0
0.0,0.0,48.71026304447772,0.0759189398907022,0.7765223836567028,0.0,0.0,0.0,0.0,0.0,44.975104224448444,14.430869689661812,hard,0.17453248778125127,0.13831775843608163,0.0,0.0
0.0,0.0,49.42352017808216,0.07788073868188305,0.7972104352328646,0.0,0.0,0.0,0.0,0.0,44.205289276284574,14.430869689661812,hard,0.17813335651641715,0.14262862475666208,0.0,0.0
0.0,0.0,52.26338527199331,0.08001974295117842,0.8179398163839939,0.0,0.0,0.0,0.0,0.0,44.245139846089316,14.430869689661812,hard,0.18274404053637822,0.14673739772631103,0.0,0.0
0.0,0.0,40.013419676484936,0.08201718229316135,0.8439091188927056,0.0,0.0,0.0,0.0,0.0,39.67189937474635,14.430869689661812,hard,0.18621654050902614,0.15127294828989407,0.0,0.0
0.0,0.0,49.67512061013229,0.08405281638714501,0.8699136563730243,0.0,0.0,0.0,0.0,0.0,45.36963301592817,14.430869689661812,hard,0.18990174112590721,0.1559868778884176,0.0,0.0
0.0,0.0,36.25250897928587,0.08601719491054025,0.8917965968917761,0.0,0.0,0.0,0.0,0.0,35.83810820900009,14.430869689661812,hard,0.19369281663239907,0.16030422553881465,0.0,0.0
0.0,0.0,31.653631747752694,0.08785416809486694,0.9150716164458474,0.0,0.0,0.0,0.0,0.0,31.60078480038115,14.430869689661812,hard,0.19716202227416157,0.1643996879543579,0.0,0.0
0.0,0.0,42.666767683186485,0.08915125818040948,0.9392369172755898,0.0,0.0,0.0,0.0,0.0,40.304287613106375,14.430869689661812,hard,0.19915105281790976,0.1675002779184305,0.0,0.0
0.0,0.0,41.46200802879985,0.09046696600830541,0.9592817820448243,0.0,0.0,0.0,0.0,0.0,38.362799689282326,14.430869689661812,hard,0.20111774695459594,0.17107498113527317,0.0,0.0
0.0,0.0,53.073332591921584,0.0915704462808561,0.9812392961280613,0.0,0.0,0.0,0.0,0.0,47.62041998974809,14.430869689661812,hard,0.2030710035692582,0.17369123805383943,0.0,0.0
0.0,0.0,40.37346316716817,0.09286752366289737,0.9975571562495442,0.0,0.0,0.0,0.0,0.0,40.059081367400324,14.430869689661812,hard,0.20471626193423922,0.17732686822343197,0.0,0.0
0.0,0.0,50.56639497868083,0.09463900619104662,1.0197712831851442,0.0,0.0,0.0,0.0,0.0,44.00825377130976,14.430869689661812,hard,0.20704957661381565,0.18220363733136585,0.0,0.0
0.0,0.0,46.36226158565159,0.09662258354044523,1.0410861558441933,0.0,0.0,0.0,0.0,0.0,45.31552052001609,14.430869689661812,hard,0.211345542109097,0.18604417746624927,0.0,0.0
0.0,0.0,44.581794919417035,0.0981612908021138,1.0595445293021977,0.0,0.0,0.0,0.0,0.0,39.327120413272056,14.430869689661812,hard,0.2150753065198392,0.18871291441144944,0.0,0.0
0.0,0.0,41.94274342842994,0.0996523186594146,1.07938282510153,0.0,0.0,0.0,0.0,0.0,37.15707738776019,14.430869689661812,hard,0.21783845445980238,0.19202606743235856,0.0,0.0
0.0,0.0,46.83951663313943,0.10122800351854248,1.0977135640706501,0.0,0.0,0.0,0.0,0.0,45.387227278167146,14.430869689661812,hard,0.22078631526468814,0.19555507544073042,0.0,0.0
0.0,0.0,44.143026669625456,0.10249487745642896,1.1151698678289192,0.0,0.0,0.0,0.0,0.0,39.66227930918746,14.430869689661812,hard,0.22320415417329786,0.19831188284260207,0.0,0.0
0.0,0.0,56.43416128390123,0.10197219992881545,1.1107906107499053,0.2712931993250107,0.2712931993250107,0.0,0.2712931993250107,0.0,49.41633737945377,14.430869689661812,hard,0.22593008195633354,0.1987389647215415,0.012855946132023701,0.0
0.0,0.0,55.87757095698146,0.10163141609325475,1.1073611362940141,0.34698703145794946,0.34698703145794946,0.0,0.34698703145794946,0.0,49.957265737828365,14.430869689661812,hard,0.2279243258455241,0.19855554190009309,0.019087983975044336,0.0
0.0,0.0,46.696474194297096,0.10121013655365285,1.1084190014653532,0.34698703145794946,0.34698703145794946,0.0,0.34698703145794946,0.0,45.963463751114325,14.430869689661812,hard,0.22884234303499296,0.19817668346377337,0.023588894515239538,0.0
0.0,0.0,45.44632890902298,0.10121085849916577,1.1080584743595097,0.34698703145794946,0.34698703145794946,0.0,0.34698703145794946,0.0,40.889490092198514,14.430869689661812,hard,0.2296649392969232,0.1991674026522373,0.027562316368327764,0.0
0.0,0.0,41.59102617274289,0.10098581355829865,1.1103805278563514,0.34698703145794946,0.34698703145794946,0.0,0.34698703145794946,0.0,38.65759433798229,14.430869689661812,hard,0.23033663207045513,0.19895632917944867,0.030788225212864995,0.0
0.0,0.0,43.86784484655458,0.10065972714821177,1.1080184302083531,0.34698703145794946,0.34698703145794946,0.0,0.34698703145794946,0.0,44.01170753333709,14.430869689661812,hard,0.23084941134619613,0.1987120764614424,0.03534778864717116,0.0
0.0,0.0,45.75509709495461,0.10046517990349568,1.1059658874706355,0.34698703145794946,0.34698703145794946,0.0,0.34698703145794946,0.0,44.594187962110034,14.430869689661812,hard,0.23146017222065787,0.1984026418090744,0.039138859385986234,0.0
0.0,0.0,44.66088944037385,0.10031676620517443,1.099972301797934,0.34698703145794946,0.34698703145794946,0.0,0.34698703145794946,0.0,42.73547004538503,14.430869689661812,hard,0.23156826957266757,0.19884661066598128,0.04331693487302382,0.0
0.0,0.0,43.313087918188856,0.10038306831768094,1.0968747480283658,0.34698703145794946,0.34698703145794946,0.0,0.34698703145794946,0.0,43.250197687409475,14.430869689661812,hard,0.23252836300635732,0.19910476399118393,0.04762761602832932,0.0
0.0,0.0,50.41654199637537,0.1002228632519697,1.0921785567353508,0.34698703145794946,0.34698703145794946,0.0,0.34698703145794946,0.0,45.77652236682031,14.430869689661812,hard,0.23145718976922625,0.19947209250173709,0.05211307426020968,0.0
0.0,0.0,36.75563791571486,0.10038927524197627,1.087639965248467,0.34698703145794946,0.34698703145794946,0.0,0.34698703145794946,0.0,36.31154637302025,14.430869689661812,hard,0.23165164439537975,0.20049391860150992,0.05558547264570881,0.0
0.0,0.0,36.97020207523917,0.10049605019150741,1.0836289510303188,0.34698703145794946,0.34698703145794946,0.0,0.34698703145794946,0.0,34.57224320173627,14.430869689661812,hard,0.23206398069557987,0.2014073650689534,0.0596425398730379,0.0
0.0,0.0,39.782813729773174,0.10027448873636466,1.078238022482499,0.34698703145794946,0.34698703145794946,0.0,0.34698703145794946,0.0,34.38909710940373,14.430869689661812,hard,0.23249749480793694,0.20089037944818647,0.0627843055088261,0.0
0.0,0.0,45.94064556344756,0.09994046836735994,1.0732999238007113,0.34698703145794946,0.34698703145794946,0.0,0.34698703145794946,0.0,37.82033315559237,14.430869689661812,hard,0.2306144969119968,0.20064729330893077,0.06555626862251017,0.0
0.0,0.0,47.15352220290755,0.09957888711103809,1.070836661705304,0.34698703145794946,0.34698703145794946,0.0,0.34698703145794946,0.0,46.76857491949054,14.430869689661812,hard,0.22871249862724713,0.20014938360717052,0.07036959371136421,0.0
0.0,0.0,49.8574730836293,0.09923727759361059,1.0670840377581312,0.34698703145794946,0.34698703145794946,0.0,0.34698703145794946,0.0,47.456089177259436,14.430869689661812,hard,0.22754564078824488,0.19958036391435113,0.07633072634057364,0.0
0.0,0.0,51.84385206940008,0.09884590349154462,1.0604433546342675,0.34698703145794946,0.34698703145794946,0.0,0.34698703145794946,0.0,50.00345588056889,14.430869689661812,hard,0.22477135255915717,0.19922628975569648,0.0821852883337539,0.0
0.0,0.0,41.54330360900336,0.09858858078058283,1.0527790539046362,0.34698703145794946,0.34698703145794946,0.0,0.34698703145794946,0.0,40.70221615588026,14.430869689661812,hard,0.22309855734996953,0.19926122120089404,0.08617806023548255,0.0
0.0,0.0,44.749024282607124,0.09855767846145128,1.044903683895683,0.34698703145794946,0.34698703145794946,0.0,0.34698703145794946,0.0,40.47219292304285,14.430869689661812,hard,0.22190556569805767,0.19907014054121297,0.09004759010831957,0.0
0.0,0.0,28.61511461341983,0.09851792390147084,1.0356194040806879,0.34698703145794946,0.34698703145794946,0.0,0.34698703145794946,0.0,28.727888888674016,14.430869689661812,hard,0.22078759060771325,0.19880786733964442,0.09284976246940697,0.0
0.0,0.0,46.570239148142875,0.0988280391067359,1.0292269667312643,0.34698703145794946,0.34698703145794946,0.0,0.34698703145794946,0.0,41.90199995226958,14.430869689661812,hard,0.2196965255011347,0.19889772489998486,0.09728281880995424,0.0
0.0,0.0,53.630258432487324,0.0994512728321378,1.0210401008019698,0.34698703145794946,0.34698703145794946,0.0,0.34698703145794946,0.0,46.29939092471951,14.430869689661812,hard,0.21832651747943074,0.19984526091596866,0.10336302314067958,0.0
0.0,0.0,41.33503175270128,0.09979721792284689,1.013848010035629,0.34698703145794946,0.34698703145794946,0.0,0.34698703145794946,0.0,37.832922171040394,14.430869689661812,hard,0.2174188364395252,0.1998057401439265,0.10773486139297588,0.0
0.0,0.0,42.77860301806867,0.10003769575614464,1.004700121725686,0.41761226035642196,0.41761226035642196,0.0,0.41761226035642196,0.0,38.29130971904722,14.430869689661812,hard,0.21673305377347835,0.20003537054699036,0.11213853449584106,0.0054334677419354835
0.0,0.0,53.70393598815489,0.09998326073695926,0.9944686146344278,0.43312815655415426,0.43312815655415426,0.0,0.43312815655415426,0.0,44.96480401380618,14.430869689661812,hard,0.2155448077344671,0.19982738836203626,0.11666307530349913,0.006209677419354839
0.0,0.0,64.88370924155943,0.0993332013882926,0.9791568774479069,0.530659966456864,0.530659966456864,0.0,0.530659966456864,0.0,57.00350866394103,14.430869689661812,hard,0.21401916208750343,0.19810427617499157,0.1205435010100615,0.008126141441453096
0.0,0.0,42.096560125871896,0.09975378789337204,0.9707925931450709,0.530659966456864,0.530659966456864,0.0,0.530659966456864,0.0,38.687594911030594,14.430869689661812,hard,0.21239513261414977,0.19777251122570877,0.12476925710761913,0.008929072130444768
0.0,0.0,56.45259614754454,0.09870495864201756,0.954829137525492,0.5385164807134504,0.5385164807134504,0.0,0.5385164807134504,0.0,51.413574083115435,14.430869689661812,hard,0.21098948484561217,0.19562072727071098,0.12806302978976575,0.012717930679534695
0.0,0.0,53.832187906036104,0.09799679625268595,0.9415588164141726,0.5517245689653488,0.5517245689653488,0.0,0.5517245689653488,0.0,48.046460847808554,14.430869689661812,hard,0.2100737078970485,0.19377250622021108,0.13096015534457014,0.01719134892074237
0.0,0.0,50.94509021431452,0.09754190284165233,0.9312086888837819,0.5517245689653488,0.5517245689653488,0.0,0.5517245689653488,0.0,43.96072792845906,14.430869689661812,hard,0.20833964156440737,0.19237315824783865,0.13385242206720735,0.01871144050328226
0.0,0.0,48.52048392766217,0.09717507481361784,0.9221626175488462,0.5517245689653488,0.5517245689653488,0.0,0.5517245689653488,0.0,42.599136141475924,14.430869689661812,hard,0.20636854409001412,0.1909959764093766,0.13789535828958174,0.01913380245941019
0.0,0.0,61.68691881467068,0.09731181610678022,0.9163903296047238,0.5517245689653488,0.5517245689653488,0.0,0.5517245689653488,0.0,54.940436838452605,14.430869689661812,hard,0.20555425201603386,0.18995520122819926,0.14193529350829145,0.02335987920207514
0.0,0.0,51.15086108501083,0.09676946407734964,0.9061094384182511,0.5517245689653488,0.5517245689653488,0.0,0.5517245689653488,0.0,50.80935346961227,14.430869689661812,hard,0.20321632816375182,0.18827078819450155,0.14552964465866824,0.025755302096460823
0.0,0.0,51.79744810571714,0.09707257950582616,0.8929192543013836,0.5517245689653488,0.5517245689653488,0.13999999999999999,0.5517245689653488,0.0,48.9800979990853,14.430869689661812,hard,0.20251118295384835,0.1883926023833036,0.14936828928535265,0.02625393228132248
0.0,0.0,46.898760786293,0.09813837090527419,0.8854353654513577,0.5517245689653488,0.5517245689653488,0.13999999999999999,0.5517245689653488,0.0,43.684601405987436,14.430869689661812,hard,0.20230852664349408,0.18965822136204932,0.15416467324447458,0.03195275966483792
0.0,0.0,36.06201920981237,0.09904171659725097,0.8788584004099386,0.5517245689653488,0.5517245689653488,0.13999999999999999,0.5517245689653488,0.0,35.44968265020154,14.430869689661812,hard,0.20125032828169342,0.19079619427916136,0.1576779500689193,0.03272014953405886
0.0,0.0,51.67161341418165,0.09987237710286476,0.8755512221311988,0.5517245689653488,0.5517245689653488,0.13999999999999999,0.5517245689653488,0.0,51.61256048676523,14.430869689661812,hard,0.20047554819610952,0.1925097145519549,0.16078281787882684,0.03485270032660582
0.0,0.0,46.93224658398958,0.1012313915707013,0.8712170304048431,0.5517245689653488,0.5517245689653488,0.13999999999999999,0.5517245689653488,0.0,45.51061854117125,14.430869689661812,hard,0.19942865185782296,0.19368956465816797,0.16559102874534573,0.03715888418367107
0.0,0.0,45.72063195564884,0.10175731844836833,0.86901840176161,0.5517245689653488,0.5517245689653488,0.13999999999999999,0.5517245689653488,0.0,45.69616614115456,14.430869689661812,hard,0.19792709974980452,0.19370921080481343,0.1702364753260769,0.03959448870126092
0.0,0.0,40.694459643934096,0.10225902723090713,0.8651439340170499,0.5517245689653488,0.5517245689653488,0.13999999999999999,0.5517245689653488,0.0,39.83731416649471,14.430869689661812,hard,0.1971921377843755,0.19322829071339884,0.17369709035157102,0.04066657631127315
0.0,0.0,49.527243032635496,0.10349126886712423,0.8606525576911,0.5517245689653488,0.5517245689653488,0.13999999999999999,0.5517245689653488,0.0,47.780853906141104,14.430869689661812,hard,0.19698900510639325,0.19329174492417112,0.17900221656091359,0.041497831126618624
0.0,0.0,42.54880591597939,0.10436372117950667,0.8589009277147108,0.5517245689653488,0.5517245689653488,0.13999999999999999,0.5517245689653488,0.0,41.70851711581221,14.430869689661812,hard,0.19688689117797434,0.19380158295517894,0.18239929972281047,0.042302929465823216
0.0,0.0,42.57763249620262,0.10475101332770935,0.855506271209816,0.5517245689653488,0.5517245689653488,0.13999999999999999,0.5517245689653488,0.0,41.13931939155046,14.430869689661812,hard,0.19684352947652584,0.19382140441814075,0.18529314484142606,0.042979770138249856
0.0,0.0,29.35341215641602,0.10478977563870115,0.8500194917997504,0.5517245689653488,0.5517245689653488,0.13999999999999999,0.5517245689653488,0.0,29.214578552496697,14.430869689661812,hard,0.19709094738333607,0.19348082044640602,0.1872046753947608,0.042979770138249856
0.0,0.0,32.233472690919804,0.10498023907031782,0.8428048707364677,0.5517245689653488,0.5517245689653488,0.13999999999999999,0.5517245689653488,0.0,31.209876641858106,14.430869689661812,hard,0.1970770311316726,0.1937012363899809,0.1894466590694754,0.042979770138249856
0.0,0.0,38.41725912361907,0.10533066201494638,0.8369271900419775,0.5517245689653488,0.5517245689653488,0.13999999999999999,0.5517245689653488,0.0,38.44308000147751,14.430869689661812,hard,0.1970062522819425,0.19356406556644928,0.1937501943688801,0.04518166064030214
0.0,0.0,43.996437353195034,0.10589174413609485,0.8333709157273085,0.5919459434779497,0.5919459434779497,0.13999999999999999,0.5919459434779497,0.0,36.38892139099481,14.430869689661812,hard,0.19698129027077307,0.19372056438949342,0.19721669387650267,0.046135562801130646
0.0,0.0,37.71401227540152,0.10658428134299865,0.8318884735447761,0.5919459434779497,0.5919459434779497,0.13999999999999999,0.5919459434779497,0.0,32.484463978954615,14.430869689661812,hard,0.1968235454768815,0.19419882648563772,0.20084714972126907,0.047685249329781694
0.0,0.0,32.686388812021946,0.1072862692471247,0.8308280808776034,0.5919459434779497,0.5919459434779497,0.13999999999999999,0.5919459434779497,0.0,31.8962631040064,14.430869689661812,hard,0.1971108761584024,0.1951128474660166,0.20340476761470666,0.05090733931402654
0.0,0.0,43.88405591483793,0.10805620980823441,0.8293602687679732,0.6289674077406555,0.6289674077406555,0.13999999999999999,0.6289674077406555,0.0,42.074928401602776,14.430869689661812,hard,0.19715977945376406,0.1964404426035395,0.2058075027025871,0.05346350597239413
0.0,0.0,47.09571151260324,0.10897495914703731,0.8279206851417352,0.6633249580710799,0.6633249580710799,0.13999999999999999,0.6633249580710799,0.0,42.86482940593605,14.430869689661812,hard,0.19688864240042916,0.1972461213336152,0.20796984711115102,0.05640315264777634
0.0,0.0,46.169360566024785,0.10987622058596659,0.8262368730853024,0.6660330322138686,0.6660330322138686,0.13999999999999999,0.6660330322138686,0.0,43.60240819037407,14.430869689661812,hard,0.19702077880300614,0.19850904468917485,0.21078933538470745,0.058084828030991555
0.0,0.0,48.90257796981007,0.11094347462747974,0.8262680510551169,0.6696267617113283,0.6696267617113283,0.13999999999999999,0.6696267617113283,0.0,46.48698742659069,14.430869689661812,hard,0.19746161797299186,0.19898757658952182,0.21240261144951103,0.060540832478060434
0.0,0.0,52.94799440797593,0.11127226718588917,0.8173792595975745,0.6708203932499369,0.6708203932499369,0.13999999999999999,0.6708203932499369,0.0,47.62018059604562,14.430869689661812,hard,0.19796976398367191,0.19783183378588162,0.2152707615250883,0.0632085466443966
0.0,0.0,37.09592157082144,0.11232099620987067,0.8184368532523354,0.6708203932499369,0.6708203932499369,0.13999999999999999,0.6708203932499369,0.0,36.09467550761469,14.430869689661812,hard,0.1985677224698135,0.19778792906417964,0.21831302847876102,0.06446428954485899
0.0,0.0,29.163138881454245,0.11294397699526645,0.818617624865703,0.6708203932499369,0.6708203932499369,0.13999999999999999,0.6708203932499369,0.0,27.17943340101114,14.430869689661812,hard,0.1986452444597856,0.19825279242325103,0.2204474433971343,0.06494098910576362
0.0,0.0,32.81111267746703,0.1135749696835062,0.8185047890931288,0.6708203932499369,0.6708203932499369,0.13999999999999999,0.6708203932499369,0.0,28.619406003619293,14.430869689661812,hard,0.19861037390581335,0.19823784085920115,0.22237345585722817,0.06903417871552497
0.0,0.0,36.60063053390504,0.11463269309092625,0.8190878436761211,0.6708203932499369,0.6708203932499369,0.13999999999999999,0.6708203932499369,0.0,35.75577715558704,14.430869689661812,hard,0.19859066721519059,0.19797322233670522,0.22674837099118889,0.07109956139216678
0.0,0.0,35.95271768809004,0.11579363669629272,0.8197109858974574,0.6708203932499369,0.6708203932499369,0.13999999999999999,0.6708203932499369,0.0,35.779413075119045,14.430869689661812,hard,0.19838443254119592,0.19830912545916296,0.23004934206842612,0.07601640464800229
0.0,0.0,36.37594460530021,0.11660187608302926,0.818261802393479,0.6708203932499369,0.6708203932499369,0.13999999999999999,0.6708203932499369,0.0,34.40395907450188,14.430869689661812,hard,0.19791990484000618,0.1986438301013767,0.23325816863257642,0.07937068852007098
0.0,0.0,27.96763023661897,0.11735635849799353,0.8186596474898429,0.6708203932499369,0.6708203932499369,0.13999999999999999,0.6708203932499369,0.0,27.92848008753789,14.430869689661812,hard,0.1977754365473977,0.19914351750104434,0.2358567107532592,0.08221684900397584
0.0,0.0,29.728867759410523,0.11816581607315207,0.8191377241927823,0.6708203932499369,0.6708203932499369,0.13999999999999999,0.6708203932499369,0.0,28.63701101721337,14.430869689661812,hard,0.19780976943322645,0.1990860383351298,0.23834865804108893,0.0851961331472373
0.0,0.0,35.85412067023512,0.11919850233732728,0.8198806048517463,0.6708203932499369,0.6708203932499369,0.13999999999999999,0.6708203932499369,0.0,32.58589265310987,14.430869689661812,hard,0.19797145115454176,0.19912512629451912,0.24176028588231183,0.0886992567919658
0.0,0.0,39.38263296842605,0.12038039905734016,0.8201292972212294,0.6708203932499369,0.6708203932499369,0.13999999999999999,0.6708203932499369,0.0,37.50738060702187,14.430869689661812,hard,0.1981754579841181,0.19963921108384808,0.24475910419636102,0.09132314032861182
0.0,0.0,46.06388794464372,0.12186006899470553,0.8203032796686498,0.6708203932499369,0.6708203932499369,0.13999999999999999,0.6708203932499369,0.0,45.771537007183845,14.430869689661812,hard,0.19833768223182055,0.19984252753505438,0.24821072409546724,0.09437783181190319
0.0,0.0,34.12382392290752,0.12309917217714944,0.8209270202073411,0.6708203932499369,0.6708203932499369,0.13999999999999999,0.6708203932499369,0.0,28.63944133533334,14.430869689661812,hard,0.19839887641074386,0.20000762964973764,0.25129714583248347,0.09772575610460317
0.0,0.0,18.656816480836135,0.1238736652330065,0.8215308516288803,0.6708203932499369,0.6708203932499369,0.13999999999999999,0.6708203932499369,0.0,18.966665495020468,14.430869689661812,hard,0.19843915460892506,0.20030843564545536,0.25304075520408714,0.09986841378431464
0.0,0.0,18.8601920628481,0.12461096602264497,0.8206316204685395,0.6708203932499369,0.6708203932499369,0.13999999999999999,0.6708203932499369,0.0,18.46078004852449,14.430869689661812,hard,0.1982795397077847,0.2007049095057221,0.2542383387213769,0.10259618160528779
0.0,0.0,39.26448043452792,0.12494431414799485,0.8153509213207948,0.72773621594641,0.72773621594641,0.13999999999999999,0.72773621594641,0.0,37.83311248100003,14.430869689661812,hard,0.19702828363055672,0.20010540520059455,0.25587795809795005,0.10600529145442858
0.0,0.0,26.26486880832835,0.12556131978582197,0.811513998029043,0.72773621594641,0.72773621594641,0.13999999999999999,0.72773621594641,0.0,25.603468515027412,14.430869689661812,hard,0.19645115150434364,0.19995748148699824,0.25721179400792105,0.10886666284921409
0.0,0.0,27.32032193378714,0.12625663024318387,0.8078309058208861,0.72773621594641,0.72773621594641,0.13999999999999999,0.72773621594641,0.0,23.961101811060356,14.430869689661812,hard,0.19600044742789724,0.2000038243773312,0.2590409475482984,0.11017908733361226
0.0,0.0,57.301823421567846,0.12758609140045296,0.8039764817096242,0.72773621594641,0.72773621594641,0.13999999999999999,0.72773621594641,0.0,55.01768442964498,14.430869689661812,hard,0.19558397248278572,0.20043355684063402,0.2621443525208137,0.11458079074068608
0.0,0.0,53.35831464138766,0.12882580062582957,0.8006174131583569,0.72773621594641,0.72773621594641,0.13999999999999999,0.72773621594641,0.0,49.4660934378287,14.430869689661812,hard,0.19527312448257658,0.20100679112980568,0.26624943647717175,0.1180722658398741
0.0,0.0,39.91805831057319,0.13002486178180062,0.797867671760472,0.72773621594641,0.72773621594641,0.13999999999999999,0.72773621594641,0.0,39.73321532420954,14.430869689661812,hard,0.19491944144414322,0.201595113309855,0.2699646134352904,0.12046535560994844
0.0,0.0,57.76398736338447,0.13201936929985378,0.8007192924472205,0.7745966692414834,0.7745966692414834,0.19595917942265426,0.7745966692414834,0.0,50.630919407018474,14.430869689661812,hard,0.19452921001104517,0.20184722641806724,0.27253541734658626,0.12431826734603188
0.0,0.0,58.39323991751866,0.13269777627123522,0.7872959857212989,0.7939773296511683,0.7939773296511683,0.19595917942265426,0.7939773296511683,0.0,52.12179582477949,14.430869689661812,hard,0.19426316955722264,0.20266574732785025,0.27436704659166616,0.12783162091985106
0.0,0.0,41.57491495219577,0.13323449673239326,0.7834476069803246,0.7810249675906653,0.7810249675906653,0.19595917942265426,0.7810249675906653,0.0,37.81722358925891,14.430869689661812,hard,0.1942148991453994,0.2027721595653754,0.27494301891059914,0.13115627711529362
0.0,0.0,39.88132209985393,0.13401292285026548,0.7809653801034706,0.7696752561957543,0.7696752561957543,0.19595917942265426,0.7696752561957543,0.0,37.44946461566573,14.430869689661812,hard,0.19428364921767502,0.2030514006069214,0.27572645532946377,0.13409336004632788
0.0,0.0,48.3561624348881,0.13413070068003222,0.7709044095355941,0.7631513611335566,0.7631513611335566,0.19595917942265426,0.7631513611335566,0.0,43.17268117687388,14.430869689661812,hard,0.19440150591475291,0.20081610010454762,0.2764402966972271,0.1375124004227505
0.0,0.0,43.99029618732032,0.1344029824378609,0.7651298888295668,0.7631513611335566,0.7631513611335566,0.19595917942265426,0.7631513611335566,0.0,38.925898833552964,14.430869689661812,hard,0.1943654534103668,0.1986838507451421,0.2772258392276983,0.1413351990038315
0.0,0.0,34.38340752434352,0.1346281505787856,0.7569972966450178,0.7631513611335566,0.7631513611335566,0.19595917942265426,0.7631513611335566,0.0,33.38049730007029,14.430869689661812,hard,0.19443664790079573,0.1970867113338294,0.2770838773105031,0.14556016520549142
0.0,0.0,31.702331636789594,0.13481742340704156,0.7482121061354824,0.7631513611335566,0.7631513611335566,0.19595917942265426,0.7631513611335566,0.0,27.44012390642579,14.430869689661812,hard,0.19404275077848826,0.195868179071023,0.2774590228842702,0.148580341869463
0.0,0.0,37.3054449111762,0.13495226439891522,0.7361790555058348,0.7631513611335566,0.7631513611335566,0.19595917942265426,0.7631513611335566,0.0,36.55080847259059,14.430869689661812,hard,0.1929696006747262,0.19392795342804792,0.2785539914410669,0.15174872564635494
0.0,0.0,30.86250567028278,0.1346898778983313,0.7236159138085749,0.7631513611335566,0.7631513611335566,0.19595917942265426,0.7631513611335566,0.0,31.015196275374436,14.430869689661812,hard,0.19225328929933727,0.1920361693395636,0.2787433840968189,0.152754664764664
0.0,0.0,55.575766122016915,0.13435713312414216,0.7167409879826088,0.7631513611335566,0.7631513611335566,0.19595917942265426,0.7631513611335566,0.0,49.624735767558505,14.430869689661812,hard,0.19084724075991985,0.18925198836172336,0.28096906399364807,0.15519114834052383
0.0,0.0,45.04947023114228,0.13424039515522407,0.7084434455775114,0.7631513611335566,0.7631513611335566,0.19595917942265426,0.7631513611335566,0.0,40.10528144770961,14.430869689661812,hard,0.189163056957766,0.18706716553179037,0.28288792533884993,0.15756882236291514
0.0,0.0,50.935770538162224,0.13452290201318087,0.7013933854451284,0.7631513611335566,0.7631513611335566,0.19595917942265426,0.7631513611335566,0.0,47.61905500952324,14.430869689661812,hard,0.18792093676452,0.18531136641289242,0.2856601191672022,0.16094311645592663
0.0,0.0,47.55860275238167,0.1354613506976403,0.6948554011916845,0.7631513611335566,0.7631513611335566,0.19595917942265426,0.7631513611335566,0.0,46.3866532528485,14.430869689661812,hard,0.1865519226365235,0.18380705251663884,0.28844461676156186,0.16458373109373828
0.0,0.0,45.72240788289792,0.1361215433198349,0.6886130931936527,0.7631513611335566,0.7631513611335566,0.19595917942265426,0.7631513611335566,0.0,44.37837311123516,14.430869689661812,hard,0.1849163743324198,0.18246994189230772,0.2905597044608504,0.16870922506835673
0.0,0.0,45.531383892175974,0.13698612224714576,0.6827239584773388,0.7631513611335566,0.7631513611335566,0.19595917942265426,0.7631513611335566,0.0,43.469442140427795,14.430869689661812,hard,0.18400495579503665,0.18153192021633152,0.2925606381296393,0.17352299299624835
0.0,0.0,50.09745014759027,0.13773024153278024,0.677197869989156,0.7631513611335566,0.7631513611335566,0.19595917942265426,0.7631513611335566,0.0,46.33177743190952,14.430869689661812,hard,0.18290448915547788,0.1805567323978406,0.2946137375621261,0.1773573365471611
0.0,0.0,41.384950711355195,0.13836032104570206,0.6722227378318535,0.7631513611335566,0.7631513611335566,0.19595917942265426,0.7631513611335566,0.0,40.869959628069125,14.430869689661812,hard,0.18196714177286252,0.18022317575449393,0.29607838771812345,0.1799375216331515
0.0,0.0,36.12487929000994,0.13900625053559904,0.6675660229321835,0.7631513611335566,0.7631513611335566,0.19595917942265426,0.7631513611335566,0.0,34.717511431552815,14.430869689661812,hard,0.18157531347075034,0.1798218508024788,0.29774771426802293,0.18290880967508738
0.0,0.0,43.328615950758454,0.13976627399533936,0.6631496761988228,0.7631513611335566,0.7631513611335566,0.19595917942265426,0.7631513611335566,0.0,41.79915788625412,14.430869689661812,hard,0.18096459279048316,0.17919997545354135,0.29946603913944264,0.18658682483069586
0.0,0.0,41.72677116883039,0.14064984638309216,0.6595143540728035,0.7631513611335566,0.7631513611335566,0.19595917942265426,0.7631513611335566,0.0,38.38379345505079,14.430869689661812,hard,0.18070079395403818,0.1789665075491573,0.3005713796713096,0.19163084718822973
0.0,0.0,41.6856002854576,0.1412348875768427,0.6557492856214537,0.7631513611335566,0.7631513611335566,0.19595917942265426,0.7631513611335566,0.0,38.348632309379695,14.430869689661812,hard,0.1806530081141404,0.17887426956223418,0.30226466549389064,0.19445786454623262
0.0,0.0,43.73073005754674,0.14194253773548177,0.6527705770797109,0.8,0.8,0.19595917942265426,0.8,0.0,41.42086913622166,14.430869689661812,hard,0.18027463862478865,0.17922133474604293,0.30357160147325335,0.19663452650280538
0.0,0.0,49.836122860275694,0.1431614137774552,0.6505630897191931,0.8333066662399864,0.8333066662399864,0.19595917942265426,0.8333066662399864,0.0,46.01313290789924,14.430869689661812,hard,0.1801475535891615,0.17969528788249609,0.3048010233273396,0.1986321273897617
0.0,0.0,49.050362641456125,0.1443320638929387,0.64929857145389,0.8634813257969162,0.8634813257969162,0.19595917942265426,0.8634813257969162,0.0,46.9119387789505,14.430869689661812,hard,0.17941955201454513,0.18038238855944805,0.30565197497309354,0.2005883098408665
0.0,0.0,49.52903505983614,0.1453522655108268,0.6462086201265654,0.8811356308764277,0.8811356308764277,0.19595917942265426,0.8811356308764277,0.0,46.24668204314769,14.430869689661812,hard,0.17932278556147946,0.18089624240360236,0.3068215510771973,0.20218395464092917
0.0,0.0,41.835472464770476,0.1461666573368744,0.6446745577373386,0.8708616422830897,0.8708616422830897,0.19595917942265426,0.8708616422830897,0.0,38.04418483815891,14.430869689661812,hard,0.17875727180787931,0.1814398046773672,0.30710871420515506,0.20402846611102934
0.0,0.0,40.10873032601702,0.14729991299658582,0.6437626026720904,0.8717797887081347,0.8717797887081347,0.19595917942265426,0.8717797887081347,0.0,38.02630668366309,14.430869689661812,hard,0.17861942291837074,0.18228660162015892,0.30778693501401605,0.20708730891878183
0.0,0.0,45.89819420393085,0.14763265684780555,0.632965048896396,0.8306623862918074,0.8306623862918074,0.19595917942265426,0.8306623862918074,0.0,42.24985207074695,14.430869689661812,hard,0.17846593609099515,0.18246917506339147,0.30696365132972314,0.2105201867685897
0.0,0.0,43.44352212371613,0.1479903606495004,0.632817558822084,0.8002499609497024,0.8002499609497022,0.19595917942265426,0.8002499609497022,0.0,37.409030995202215,14.430869689661812,hard,0.17836436518814358,0.18283378757926838,0.3063383957241911,0.2120180891686796
0.0,0.0,39.42229545251628,0.14828311068463873,0.6454027097587642,0.8002499609497024,0.8002499609497022,0.23748684174075835,0.8002499609497022,0.0,37.62780355003464,14.430869689661812,hard,0.17821258301906887,0.18323696314522148,0.30621532084145514,0.21291555459979147
0.0,0.0,39.758555580620474,0.14858346069650197,0.6414322663240793,0.8002499609497024,0.8002499609497022,0.23748684174075835,0.8002499609497022,0.0,39.463000392772976,14.430869689661812,hard,0.1787278118948235,0.18372417146374434,0.3064439763575028,0.2140242529539825
0.0,0.0,40.04660462351788,0.14901989456373455,0.6389010552163075,0.8002499609497024,0.8002499609497022,0.23748684174075835,0.8002499609497022,0.0,37.888895470836836,14.430869689661812,hard,0.1792067148744491,0.18441845033463697,0.3073106815143528,0.2150661993741746
0.0,0.0,35.67809652227439,0.1494155434409479,0.6377575006008266,0.8002499609497024,0.8002499609497022,0.23748684174075835,0.8002499609497022,0.0,35.19434045411279,14.430869689661812,hard,0.17946493301738803,0.18523501982548837,0.3087150331409318,0.21598131562280104
0.0,0.0,33.30727192719669,0.14989264900523905,0.6377473102366882,0.8002499609497024,0.8002499609497022,0.23748684174075835,0.8002499609497022,0.0,34.04143945252609,14.430869689661812,hard,0.1793816764257906,0.18568460773888412,0.30952942724390586,0.21718250494045344
0.0,0.0,34.994721051799246,0.15067221294724284,0.6376001031338553,0.8002499609497024,0.8002499609497022,0.23748684174075835,0.8002499609497022,0.0,34.21672690366511,14.430869689661812,hard,0.17949178608932484,0.18624083985477188,0.31084397250546636,0.21832062692163035
0.0,0.0,30.884316545664827,0.15147785685457058,0.6374876942360306,0.8002499609497024,0.8002499609497022,0.23748684174075835,0.8002499609497022,0.0,31.020277239251108,14.430869689661812,hard,0.17958953085521154,0.18665078792352896,0.3122216846894051,0.21936965840350278
0.0,0.0,37.46398824051938,0.1521494027886594,0.6373942857804676,0.8002499609497024,0.8002499609497022,0.23748684174075835,0.8002499609497022,0.0,33.46102210034834,14.430869689661812,hard,0.1796121595840374,0.1867770219308358,0.3137554046081329,0.2206994356792821
0.0,0.0,41.97810503421736,0.15290588359146948,0.6370922232448526,0.8002499609497024,0.8002499609497022,0.23748684174075835,0.8002499609497022,0.0,42.39009318225191,14.430869689661812,hard,0.17966797954682,0.18678934451846263,0.3150161749113204,0.22278381595562677
0.0,0.0,31.72161035010199,0.1536481989137739,0.6365901458409764,0.8002499609497024,0.8002499609497022,0.23748684174075835,0.8002499609497022,0.0,31.35155498535918,14.430869689661812,hard,0.1797028099555993,0.18687075127220562,0.31626816274224806,0.22503635232118893
0.0,0.0,29.38289744402353,0.15451667020221058,0.6349341500632567,0.8002499609497024,0.8002499609497022,0.23748684174075835,0.8002499609497022,0.0,29.395652739818523,14.430869689661812,hard,0.1797136634403952,0.18693264620782235,0.31766208426625364,0.22642256030013377
0.0,0.0,33.957032278540126,0.15540882756314262,0.6335880450721457,0.8002499609497024,0.8002499609497022,0.23748684174075835,0.8002499609497022,0.0,29.202903965188117,14.430869689661812,hard,0.1797136634403952,0.18701992093095612,0.31909053698309703,0.2281910444558021
0.0,0.0,36.290572558181054,0.15652685638334046,0.6324884886425889,0.8002499609497024,0.8002499609497022,0.23748684174075835,0.8002499609497022,0.0,33.34632813369412,14.430869689661812,hard,0.17972727904027436,0.1874239086270527,0.32031402322382696,0.22995628367322443
0.0,0.0,30.24852974810436,0.1575073730053045,0.6316141312744267,0.8002499609497024,0.8002499609497022,0.23748684174075835,0.8002499609497022,0.0,30.086382301632742,14.430869689661812,hard,0.17974220481106853,0.1876551765747541,0.32201629852239727,0.23178520568367364
0.0,0.0,40.569552511372216,0.15862465871018758,0.6310216113232358,0.8002499609497024,0.8002499609497022,0.23748684174075835,0.8002499609497022,0.0,37.612173561228815,14.430869689661812,hard,0.17976884303420737,0.18788853722739035,0.3240397190873609,0.23390182446195676
0.0,0.0,36.87871088654937,0.15973298197892113,0.6306189115201611,0.8002499609497024,0.8002499609497022,0.23748684174075835,0.8002499609497022,0.0,36.62073729459854,14.430869689661812,hard,0.17991465405548815,0.18837753696430162,0.3265618770043102,0.23558382663648275
0.0,0.0,52.40032710036571,0.16125581992740246,0.6304683048597008,0.8002499609497024,0.8002499609497022,0.23748684174075835,0.8002499609497022,0.0,40.63362646872662,14.430869689661812,hard,0.18007194683582708,0.18896584234339078,0.3289851015472261,0.23765892062192343
0.0,0.0,39.83349545552838,0.1625894368863378,0.6308594101636209,0.8248636250920512,0.8248636250920511,0.23748684174075835,0.8646386528486916,0.0,38.38387161295744,14.430869689661812,hard,0.18018777251724827,0.18935819031468448,0.3312452805865129,0.23907280250713844
0.0,0.0,34.40223989827953,0.16387414476174747,0.6311273668700109,0.8248636250920512,0.8248636250920511,0.23748684174075835,0.8646386528486916,0.0,34.1647537675892,14.430869689661812,hard,0.18032687133872508,0.1896650975212422,0.3332008912320977,0.2411808578042974
0.0,0.0,47.46807869408904,0.16497251471961735,0.6311273668700109,0.8874683092933515,0.8874683092933515,0.23748684174075835,0.9551963149007643,0.0,39.44089755570986,14.430869689661812,hard,0.17954929610176426,0.18979376999845116,0.3339949207314014,0.24328764117339108
0.0,0.0,50.26902095428132,0.16551544563286708,0.6311273668700109,0.9123595782365634,0.9123595782365636,0.23748684174075835,0.9718024490605074,0.0,44.11711685955917,14.430869689661812,hard,0.17952625725684399,0.1904216108576326,0.33431445067221816,0.2437668852344807
0.0,0.0,54.41392284160158,0.16608666659633942,0.6311273668700109,0.9173875952943772,0.9173875952943772,0.23748684174075835,0.9748846085563152,0.0,52.213622743494824,14.430869689661812,hard,0.17960080182989874,0.19058953196154596,0.33334075862418966,0.24572699713237542
0.0,0.0,53.91285717760947,0.16477086961880155,0.6135817785018144,0.885663593019381,0.8856635930193812,0.23748684174075835,0.9400000000000001,0.0,49.49724840837114,14.430869689661812,hard,0.1792616267817932,0.18844888686425526,0.32988719564309843,0.2464454850879085
0.0,0.0,51.317455234109474,0.16360601126969296,0.6007861143255426,0.8692525524840292,0.8692525524840292,0.23748684174075835,0.9210863151735564,0.0,43.36600050730988,14.430869689661812,hard,0.1786388010667737,0.1857997693587909,0.32720071459819633,0.24664881777923303
0.0,0.0,49.02230844297675,0.16302689237825127,0.5896927182264526,0.848528137423857,0.848528137423857,0.23748684174075835,0.8997777503361595,0.0,44.9064316106279,14.430869689661812,hard,0.17773616127266398,0.18358245169355614,0.32494384506583157,0.24844255923923506
0.0,0.0,49.18404280984746,0.1623958496821566,0.5788998321073741,0.848528137423857,0.848528137423857,0.23748684174075835,0.8997777503361595,0.0,45.018947122295074,14.430869689661812,hard,0.1762996045965385,0.18049932222178125,0.32460611961876185,0.2502840615380244
0.0,0.0,44.50754844926299,0.16249331092839778,0.5685827034539832,0.848528137423857,0.848528137423857,0.23748684174075835,0.8997777503361595,0.0,41.622090288691645,14.430869689661812,hard,0.17608192052538083,0.17964715856769722,0.3248306290854344,0.2526705358906821
0.0,0.0,41.273153684093316,0.16348000278486344,0.5593753892437763,0.848528137423857,0.848528137423857,0.23748684174075835,0.8997777503361595,0.0,41.20803805084634,14.430869689661812,hard,0.17561709542168122,0.1788613851379625,0.326458797439506,0.25531268861682743
0.0,0.0,38.520429490626455,0.16408070800617974,0.5509662268966392,0.848528137423857,0.848528137423857,0.23748684174075835,0.8997777503361595,0.0,38.564252877503016,14.430869689661812,hard,0.1753043206950895,0.17795112548430453,0.3264761970566145,0.2589776943858669
0.0,0.0,51.996846572573325,0.1638805701769263,0.5619547921994426,0.848528137423857,0.848528137423857,0.2712931993250107,0.8997777503361595,0.0,51.98847564605063,14.430869689661812,hard,0.1745181741589925,0.17635990752312034,0.32628229062885816,0.26218522465238114
0.0,0.0,62.48105346824822,0.16298834822545044,0.5554152489943401,0.848528137423857,0.848528137423857,0.2712931993250107,0.8997777503361595,0.0,55.70987704168803,14.430869689661812,hard,0.17291915754079049,0.1736392542621903,0.32479549030735844,0.2657657097398052
0.0,0.0,61.0310332439528,0.16280134327098003,0.5493134854501652,0.848528137423857,0.848528137423857,0.2712931993250107,0.8997777503361595,0.0,54.32127023551641,14.430869689661812,hard,0.17132702172992498,0.17278727280911818,0.3244411438926859,0.26825454006305804
0.0,0.0,53.2448761059499,0.16285775329422167,0.5441976232685216,0.848528137423857,0.848528137423857,0.2712931993250107,0.8997777503361595,0.0,44.805450561287735,14.430869689661812,hard,0.17072082423232804,0.17175869173421832,0.3247495859995315,0.27097780801332694
0.0,0.0,45.424899249065675,0.16294402201116287,0.5401250338965642,0.848528137423857,0.848528137423857,0.2712931993250107,0.8997777503361595,0.0,45.40139204914316,14.430869689661812,hard,0.170620898244834,0.17097986883195132,0.3245459637208431,0.2739693651142345
0.0,0.0,57.59021334107267,0.16268719825624,0.5365896953193686,0.848528137423857,0.848528137423857,0.2712931993250107,0.8997777503361595,0.0,51.62278954105445,14.430869689661812,hard,0.1695247311609553,0.1691856404724715,0.3245447988344119,0.27788037400839033
0.0,0.0,56.24416928896285,0.16241923416876344,0.5330786319816075,0.848528137423857,0.848528137423857,0.2712931993250107,0.8997777503361595,0.0,52.93212635063889,14.430869689661812,hard,0.16864844414555274,0.16718380398542218,0.32481538224553025,0.28112530149832776
0.0,0.0,46.47711323123382,0.16274006244524503,0.5300701791917662,0.848528137423857,0.848528137423857,0.2712931993250107,0.8997777503361595,0.0,46.10848511933569,14.430869689661812,hard,0.16882325904099083,0.16573184909797795,0.32585164893842555,0.2843154856261923
0.0,0.0,47.50497803230948,0.16303027056421146,0.5277414022504072,0.848528137423857,0.848528137423857,0.2712931993250107,0.8997777503361595,0.0,44.185445567516915,14.430869689661812,hard,0.16818392350115002,0.16479252668749034,0.32658003842948385,0.2875690583167357
0.0,0.0,41.80424675629676,0.1633102509956199,0.5260478179454661,0.8738420909981391,0.8738420909981391,0.2712931993250107,0.9219544457292888,0.0,42.17409631515535,14.430869689661812,hard,0.16788992411318046,0.16358668576335766,0.3273568916899459,0.2906502408147757
0.0,0.0,34.972650054077896,0.1636728629904589,0.5247576439727855,0.8738420909981391,0.8738420909981391,0.2712931993250107,0.9219544457292888,0.0,31.716172530745254,14.430869689661812,hard,0.16771617713108627,0.16272544179276963,0.3283104512463942,0.2928474949669302
0.0,0.0,43.09683973592235,0.16401297676518362,0.5237599749905031,0.8979977728257459,0.8979977728257459,0.2712931993250107,0.9431860898041277,0.0,40.474900864609914,14.430869689661812,hard,0.16735944069208172,0.16218320121898477,0.32893078430382067,0.2949546880334166
0.0,0.0,58.380188587449304,0.1644115110874511,0.520287256887665,0.9184770002564028,0.9184770002564028,0.2712931993250107,0.9840731680114033,0.0,51.66401068442132,14.430869689661812,hard,0.16593504054897604,0.1611100896830701,0.3298808346923873,0.29815027166075075
0.0,0.0,49.5006325794293,0.16523981712081431,0.5479849298453449,0.9184770002564028,0.9184770002564028,0.32496153618543844,0.9840731680114033,0.0,49.21881347614954,14.430869689661812,hard,0.16468796423218932,0.16031495867319928,0.3314191436780512,0.301311366104144
0.0,0.0,41.77776918343375,0.16628086380243987,0.5417933093631443,0.9184770002564028,0.9184770002564028,0.32496153618543844,0.9840731680114033,0.0,41.54689398739694,14.430869689661812,hard,0.16421469781602024,0.15993330669533445,0.3330506206673571,0.30428506057134547
0.0,0.0,49.31717294031328,0.1675145413621359,0.5363187956484883,0.9184770002564028,0.9184770002564028,0.32496153618543844,0.9840731680114033,0.0,43.5118558556171,14.430869689661812,hard,0.16376806063843236,0.15990903178999732,0.33486104662352956,0.30821915407456524
0.0,0.0,46.55649376319251,0.1685135647623556,0.5317962218773781,0.8979977728257459,0.8979977728257459,0.32496153618543844,0.9624967532412773,0.0,39.49645553717447,14.430869689661812,hard,0.16342230258560364,0.15984091275463558,0.336095292111331,0.3116731064936369
0.0,0.0,57.41982014958982,0.16904620106763246,0.528993055193839,0.9,0.9,0.32496153618543844,0.9568698971124551,0.0,49.42335075649971,14.430869689661812,hard,0.16240048986167485,0.15980078004851875,0.33683306365451965,0.3134890667513379
0.0,0.0,48.758075775398524,0.1686200455840085,0.5123573198939797,0.8522910301065006,0.8522910301065006,0.32496153618543844,0.9042123644365854,0.0,45.50940122655977,14.430869689661812,hard,0.1618674709100543,0.159233189851769,0.3341002437156151,0.3157407220016429
0.0,0.0,52.15542827451614,0.1676944757804482,0.5037638506975058,0.8268010643437755,0.8268010643437755,0.32496153618543844,0.8774964387392121,0.0,50.555557557997524,14.430869689661812,hard,0.1609626408461152,0.15474897409828237,0.3316433401452454,0.3178907683424897
0.0,0.0,45.32963855046986,0.16757810250127878,0.49731450756191203,0.8268010643437755,0.8268010643437755,0.32496153618543844,0.8774964387392121,1.1199999999999999,44.06461165152826,14.430869689661812,hard,0.16031845674274803,0.1531186571298609,0.33116270201005354,0.3195431691752846
0.0,0.0,43.62577491447564,0.16749376220590018,0.4910341021692701,0.8268010643437755,0.8268010643437755,0.32496153618543844,0.8774964387392121,1.54,39.84811664307361,14.430869689661812,hard,0.15968115558310556,0.1504615942359398,0.33144009169802974,0.32138473825430475
0.0,0.0,40.83582563519329,0.16876628019660314,0.49083842393363847,0.8268010643437755,0.8268010643437755,0.32496153618543844,0.8774964387392121,1.54,40.820504651461626,14.430869689661812,hard,0.15935801389637963,0.15041181307183074,0.3328924038917422,0.324515207816564
0.0,0.0,35.94329373363565,0.1698707936999688,0.4908083349668507,0.8268010643437755,0.8268010643437755,0.32496153618543844,0.8774964387392121,1.54,35.857769032665715,14.430869689661812,hard,0.15907527400015936,0.15041216057013365,0.33391790028514845,0.32693186061686247
0.0,0.0,37.1020761459051,0.1704388199664783,0.49042545071067484,0.8268010643437755,0.8268010643437755,0.32496153618543844,0.8774964387392121,1.54,37.133106522347404,14.430869689661812,hard,0.15891998900047066,0.15059132733565622,0.33460234939671835,0.3286451869663951
0.0,0.0,37.00773846465104,0.1701011544511538,0.4838777612772603,0.8268010643437755,0.8268010643437755,0.32496153618543844,0.8774964387392121,1.54,32.81826320815895,14.430869689661812,hard,0.15799168674031744,0.14901767447993822,0.3340650717742651,0.33019520386662504
0.0,0.0,39.22579022570852,0.16988003024612178,0.4772859360311216,0.8268010643437755,0.8268010643437755,0.32496153618543844,0.8774964387392121,1.54,38.57252908482927,14.430869689661812,hard,0.15730650730126128,0.14786149714849398,0.3336509585466733,0.3319501553020356
0.0,0.0,34.91204560326085,0.1700202389979743,0.4709554589782615,0.8268010643437755,0.8268010643437755,0.32496153618543844,0.8774964387392121,1.54,35.16526126733598,14.430869689661812,hard,0.1568735158346538,0.14636326558219598,0.3336541825734949,0.33437309000416987
0.0,0.0,42.95328809722863,0.17019747667492605,0.465086705120238,0.8268010643437755,0.8268010643437755,0.32496153618543844,0.8774964387392121,1.54,37.628946304673484,14.430869689661812,hard,0.15599681874362306,0.14494512577632304,0.3336122888303588,0.3370569751915628
0.0,0.0,36.007306125405506,0.1704764094660461,0.45971043952268487,0.8268010643437755,0.8268010643437755,0.32496153618543844,0.8774964387392121,1.54,31.160975594483556,14.430869689661812,hard,0.15571450085934058,0.14485479364542916,0.33388983196034333,0.3386202033605117
0.0,0.0,36.38302919068464,0.17065696055983884,0.45486550715057916,0.8268010643437755,0.8268010643437755,0.32496153618543844,0.8774964387392121,1.54,36.5450352305207,14.430869689661812,hard,0.15547180021845772,0.14436121302526467,0.333666684672784,0.34034240310837066
0.0,0.0,44.905492967245834,0.170721915168502,0.4485652925477054,0.8268010643437755,0.8268010643437755,0.32496153618543844,0.8774964387392121,1.54,44.22589286831867,14.430869689661812,hard,0.15502162116255655,0.14352310806395172,0.3333151725735217,0.3417667283142661
0.0,0.0,38.63421736405587,0.17108801924745667,0.44834495573484096,0.8268010643437755,0.8268010643437755,0.32496153618543844,0.8774964387392121,1.54,34.80614313594656,14.430869689661812,hard,0.15502162116255655,0.14280668093003465,0.333465635928209,0.34281348629586417
0.0,0.0,30.635729123801358,0.17149256876943902,0.44669284015881583,0.8268010643437755,0.8268010643437755,0.32496153618543844,0.8774964387392121,1.54,30.635508809223325,14.430869689661812,hard,0.15502162116255655,0.14234417961381476,0.33389005651180986,0.3436822793311082
0.0,0.0,34.16004176247189,0.1719975848198023,0.4463315945486359,0.8268010643437755,0.8268010643437755,0.32496153618543844,0.8774964387392121,1.54,34.130344270165224,14.430869689661812,hard,0.15502162116255655,0.1419614398407468,0.3345571115286763,0.34454669830549417
0.0,0.0,26.041040760011263,0.1724704167044901,0.44609492810556145,0.8268010643437755,0.8268010643437755,0.32496153618543844,0.8774964387392121,1.54,25.624207304812376,14.430869689661812,hard,0.15502162116255655,0.14166085635653122,0.3349632347230726,0.3455564267488154
0.0,0.0,25.899962517713917,0.17266642992799694,0.44564647608523367,0.8039900496896712,0.8039900496896712,0.32496153618543844,0.9173875952943772,1.54,26.22122041400819,14.430869689661812,hard,0.15502162116255655,0.14121541297171322,0.3350555266152379,0.3458817475299799
0.0,0.0,24.72643441584212,0.17286288730904,0.44535473637136846,0.8039900496896712,0.8039900496896712,0.32496153618543844,0.9173875952943772,1.54,24.736604455745336,14.430869689661812,hard,0.15502162116255655,0.1409266523747582,0.33512140279767394,0.3462515896796749
0.0,0.0,28.39380035977494,0.17304636383927985,0.4451402400052707,0.8039900496896712,0.8039900496896712,0.32496153618543844,0.9173875952943772,1.54,28.03783158519931,14.430869689661812,hard,0.15502114363895633,0.14070363856154383,0.3352654168859731,0.3466294818873606
0.0,0.0,40.01964017566035,0.17338551130871802,0.4450854260265087,0.8039900496896712,0.8039900496896712,0.32496153618543844,0.9173875952943772,1.54,33.380089874055166,14.430869689661812,hard,0.15502114363895633,0.14053813476648389,0.3356751824008488,0.34712909010967324
0.0,0.0,41.10359772376321,0.17354393757168915,0.44467646938202005,0.8459314393022641,0.8459314393022641,0.32496153618543844,0.9442457307290301,1.54,33.48612249873072,14.430869689661812,hard,0.15502114363895633,0.14048398592517544,0.3350080625749012,0.3474318838083355
0.0,0.0,45.782477296563016,0.17317780530579163,0.4445635767209749,0.8392854103342915,0.8392854103342915,0.32496153618543844,0.9314504817756014,1.54,42.547484061927804,14.430869689661812,hard,0.15502114363895633,0.14053386170378476,0.33283100583955927,0.34643354625287565
0.0,0.0,41.25049751997716,0.1728803693434685,0.44447750326208474,0.8588364221433555,0.8588364221433556,0.32496153618543844,0.9457272334029511,1.54,40.66151005557959,14.430869689661812,hard,0.15502114363895633,0.14062193883850727,0.3305124948352538,0.34585949051999276
0.0,0.0,45.897901516261214,0.17235365247762904,0.44420789371147945,0.854400374531753,0.854400374531753,0.32496153618543844,0.938296328459192,1.54,42.23221992744402,14.430869689661812,hard,0.15502114363895633,0.1406292071487128,0.328215375457906,0.3447150734613029
0.0,0.0,34.25588776296579,0.1721238032370674,0.4441456532105469,0.849470423263812,0.8494704232638121,0.32496153618543844,0.9303762679690406,1.54,32.32655874045365,14.430869689661812,hard,0.15502114363895633,0.14067759859981108,0.3268294681813042,0.34368485157882206
0.0,0.0,33.31044303725414,0.17144172268515542,0.444018262194908,0.82,0.8200000000000001,0.32496153618543844,0.9,1.54,30.308784205243203,14.430869689661812,hard,0.15502114363895633,0.14064593956638985,0.32403263871727195,0.342722906241395
0.0,0.0,31.296440088473727,0.17118537625621635,0.44384197122947205,0.82,0.8200000000000001,0.32496153618543844,0.9,1.54,30.871533813531197,14.430869689661812,hard,0.15502114363895633,0.14065244335525126,0.3225904976913379,0.34184080720749077
0.0,0.0,36.300837931572126,0.17052695333809142,0.44342014298291405,0.82,0.8200000000000001,0.32496153618543844,0.9,1.54,36.19315404879768,14.430869689661812,hard,0.15502114363895633,0.1406641998172205,0.3203636264262398,0.3403958558367412
0.0,0.0,24.258510957249797,0.17019039910185277,0.44271361586545144,0.82,0.8200000000000001,0.32496153618543844,0.9,1.54,24.02665186828993,14.430869689661812,hard,0.15502114363895633,0.1406641998172205,0.3189979108108192,0.33970165661986707
0.0,0.0,33.7878215935747,0.16986312413400395,0.44234182190175264,0.82,0.8200000000000001,0.32496153618543844,0.9,1.54,33.803201031854954,14.430869689661812,hard,0.15502114363895633,0.14068220575439286,0.31773657934055727,0.3383722556047297
0.0,0.0,37.892031793781975,0.16925840406617457,0.4421249285324634,0.82,0.8200000000000001,0.32496153618543844,0.9,1.54,33.48724533311153,14.430869689661812,hard,0.15502114363895633,0.14071040581932778,0.31564613219844656,0.3372642375840943
0.0,0.0,28.395232640441513,0.16877674855561933,0.442049243965448,0.82,0.8200000000000001,0.32496153618543844,0.9,1.54,26.88970806832979,14.430869689661812,hard,0.15502114363895633,0.14076010207817208,0.31364369920054797,0.33659431490555086
0.0,0.0,34.039618451202465,0.16832882019500567,0.4415230436366221,0.82,0.8200000000000001,0.32496153618543844,0.9,1.54,30.26185057130512,14.430869689661812,hard,0.15502114363895633,0.14080182002649946,0.3115387007420229,0.3358091061902412
0.0,0.0,35.36553930474704,0.1679235417629791,0.43957685560474646,0.82,0.8200000000000001,0.32496153618543844,0.9,1.54,35.097469994288765,14.430869689661812,hard,0.15502114363895633,0.14051955613913508,0.3089698556546992,0.3355652564684039
0.0,0.0,36.67514590314881,0.1675606247188064,0.4339355468131212,0.82,0.8200000000000001,0.32496153618543844,0.9,1.54,36.804026953582124,14.430869689661812,hard,0.15489049937261215,0.14007168397428296,0.30759397272968253,0.3350875184661929
0.0,0.0,48.71415580787221,0.1666493414300091,0.4293318152202013,0.82,0.8200000000000001,0.32496153618543844,0.9,1.54,44.7926958331378,14.430869689661812,hard,0.15445236384003277,0.13900859517921393,0.30503654289457677,0.33437239020610693
0.0,0.0,41.165371019061965,0.1660700497940524,0.42506215568451033,0.82,0.8200000000000001,0.32496153618543844,0.9,1.54,40.728000196425064,14.430869689661812,hard,0.1534829461459297,0.13778102775263978,0.30331175841846625,0.3349325161502729
0.0,0.0,32.053370793417805,0.1655437287837815,0.42116568641444696,0.82,0.8200000000000001,0.32496153618543844,0.9,1.54,31.873976846324023,14.430869689661812,hard,0.15286467308238236,0.13701743056333202,0.30195780587074533,0.33435536438313085
0.0,0.0,46.55274653414563,0.16496457435267253,0.4172675316068488,0.82,0.8200000000000001,0.32496153618543844,0.9,1.54,39.75034087904153,14.430869689661812,hard,0.1520240672495641,0.1365527058590094,0.30007742278909694,0.334021911211374
0.0,0.0,30.98400005888301,0.16487468161524188,0.4143863982898926,0.82,0.8200000000000001,0.32496153618543844,0.9,1.54,26.975848457462835,14.430869689661812,hard,0.15163199421345744,0.13651243714749986,0.2991955286534314,0.33380704563499497
0.0,0.0,40.41130092877065,0.1648291461747054,0.41189140987822936,0.82,0.8200000000000001,0.32496153618543844,0.9,1.54,39.991119014101116,14.430869689661812,hard,0.15106483492689202,0.13650202967775013,0.29854873240103597,0.33398320249361807
0.0,0.0,29.408831580550235,0.16485242543429815,0.4096251766221964,0.82,0.8200000000000001,0.32496153618543844,0.94678403028357,1.54,28.666419378778368,14.430869689661812,hard,0.1506214665114256,0.13638442636259587,0.2981654766806298,0.33398926133929474
0.0,0.0,38.21215360090814,0.1650327913009441,0.40745877306893097,0.82,0.8200000000000001,0.32496153618543844,0.94678403028357,1.54,27.84833926825799,14.430869689661812,hard,0.15044498222282385,0.13617422920944786,0.2981025266525388,0.3340693945843291
0.0,0.0,33.16175325307261,0.16505826531765264,0.40556670566117126,0.8316249154516716,0.8316249154516716,0.32496153618543844,0.94847245611035,0.0,28.018029909328025,14.430869689661812,hard,0.1502522391239945,0.13579457968162528,0.2982183561924406,0.33325981085622897
0.0,0.0,37.12421871537133,0.1647328821001477,0.40408859022605165,0.8569714114251419,0.856971411425142,0.32496153618543844,0.9583318840568751,0.0,31.25331342433951,14.430869689661812,hard,0.14984068407983564,0.13508624130855051,0.297880020085937,0.33214218551791375
0.0,0.0,30.047028470961603,0.16472829517539114,0.4031483835908363,0.8720091742636656,0.8720091742636656,0.32496153618543844,0.9676776322722357,0.0,29.63308961279603,14.430869689661812,hard,0.14953448904795272,0.13452584557116373,0.2976652623990482,0.332108774420188
0.0,0.0,39.15438418799573,0.16394100206189224,0.4027649382887339,0.8681013765684283,0.8681013765684283,0.32496153618543844,0.9516301802696256,0.0,33.80296436704923,14.430869689661812,hard,0.14939398467227377,0.1336554207640226,0.2963144762066993,0.329980783611357
0.0,0.0,33.37747870836954,0.1636643533534299,0.4026230460608778,0.8811356308764277,0.8811356308764277,0.32496153618543844,0.9593747964169166,0.0,31.413124645599968,14.430869689661812,hard,0.14918755179273321,0.13306209321306883,0.29539223275905674,0.32898229922297517
0.0,0.0,40.29018793665214,0.16282850961256093,0.40251099836658094,0.8364209466530592,0.8364209466530592,0.32496153618543844,0.9097252332435327,0.0,37.29952278515102,14.430869689661812,hard,0.1489863264644447,0.13258213643890857,0.2922604859185126,0.3273023281760555
0.0,0.0,41.400967806809156,0.16190396328135417,0.40119439817120334,0.7871467461661771,0.7871467461661771,0.32496153618543844,0.855336191213724,0.0,36.076812497780345,14.430869689661812,hard,0.14895329668934124,0.13227318104986496,0.2882448094646707,0.32614481039745535
0.0,0.0,31.189379716442925,0.16117183172940075,0.401033654094526,0.7871467461661771,0.7871467461661771,0.32496153618543844,0.855336191213724,0.0,30.24854376660139,14.430869689661812,hard,0.1480447039258783,0.1320346291568753,0.28623381853812097,0.3254525219013203
0.0,0.0,31.57875843645278,0.1609043374319555,0.40101831781000324,0.7871467461661771,0.7871467461661771,0.32496153618543844,0.855336191213724,0.0,31.52741029643888,14.430869689661812,hard,0.1480447039258783,0.13204264282931102,0.2854704598248784,0.32404298138649623
0.0,0.0,30.804160366756346,0.1604606687229218,0.4009825272786819,0.7871467461661771,0.7871467461661771,0.32496153618543844,0.855336191213724,0.0,30.570940450041768,14.430869689661812,hard,0.14741297495810882,0.1320148580552752,0.283944571568668,0.32336538335148507
0.0,0.0,37.067461755800544,0.16045704112763273,0.4007654587283182,0.7871467461661771,0.7871467461661771,0.32496153618543844,0.855336191213724,0.0,34.75528736753589,14.430869689661812,hard,0.14716920935764058,0.13188564438442482,0.2822274851022499,0.32449040988063016
0.0,0.0,35.03489447980717,0.16062339197972675,0.40064981193290433,0.7871467461661771,0.7871467461661771,0.32496153618543844,0.855336191213724,0.0,23.125950791264778,14.430869689661812,hard,0.14714566037125137,0.13189185182068186,0.28153448851133656,0.3246549083840177
0.0,0.0,35.785178873642856,0.16083244643752748,0.3994735150532784,0.7871467461661771,0.7871467461661771,0.32496153618543844,0.855336191213724,0.0,25.2212925917765,14.430869689661812,hard,0.14714566037125137,0.13193943533184854,0.28148986993372194,0.3247904781801835
0.0,0.0,37.5964638830442,0.16087517246056837,0.3993497009660553,0.7871467461661771,0.7871467461661771,0.32496153618543844,0.855336191213724,0.0,26.797081930687902,14.430869689661812,hard,0.14714566037125137,0.13198457807526534,0.28126006905146095,0.32424494159339257
0.0,0.0,33.76286064051405,0.16103677295901508,0.3993172444334672,0.7871467461661771,0.7871467461661771,0.32496153618543844,0.855336191213724,0.0,21.891404705957083,14.430869689661812,hard,0.14714566037125137,0.1319466884222028,0.2807163737712702,0.3241384176950524
0.0,0.0,33.42931456884799,0.1611809684666385,0.3992505871601234,0.7871467461661771,0.7871467461661771,0.32496153618543844,0.855336191213724,0.0,20.493745387312686,14.430869689661812,hard,0.14714566037125137,0.13186636811079916,0.28011047288399504,0.32461154860638
0.0,0.0,45.21218407731527,0.16120731794796372,0.3992169485435187,0.7871467461661771,0.7871467461661771,0.32496153618543844,0.855336191213724,0.0,26.788990275857728,14.430869689661812,hard,0.14709901475373577,0.13189329138057798,0.2790020980213288,0.32475718808740994
0.0,0.0,49.090771489240666,0.16047625032818066,0.39915395080857907,0.7871467461661771,0.7871467461661771,0.32496153618543844,0.855336191213724,0.0,33.26264571557711,14.430869689661812,hard,0.14638090843155427,0.1317253431628039,0.2769917181113624,0.32427394407749255
0.0,0.0,47.46745105692103,0.15994319251639524,0.3990036698860762,0.7871467461661771,0.7871467461661771,0.32496153618543844,0.855336191213724,0.0,29.726728713398654,14.430869689661812,hard,0.1460109788216465,0.13167334917272897,0.2755318595030667,0.32398123184717365
0.0,0.0,48.169648545824714,0.15972729220517423,0.398989478757701,0.7871467461661771,0.7871467461661771,0.32496153618543844,0.855336191213724,0.0,29.514477803274787,14.430869689661812,hard,0.14577837236323563,0.13151781650508038,0.2748168202360584,0.32446371473595054
0.0,0.0,55.4375135507586,0.1593456292582041,0.39884121179155424,0.7871467461661771,0.7871467461661771,0.32496153618543844,0.855336191213724,0.0,38.49145879282831,14.430869689661812,hard,0.14562751427431583,0.13131632097804302,0.27369252809465927,0.32467021496780823
0.0,0.0,47.681673516132356,0.15909910920138437,0.39863964767540344,0.7871467461661771,0.7871467461661771,0.32496153618543844,0.855336191213724,0.0,30.115836365606715,14.430869689661812,hard,0.14550241200447786,0.13119392162382815,0.2727806046487619,0.32494013137347766
0.0,0.0,48.967370591902984,0.1588632264114466,0.3986515358199637,0.7871467461661771,0.7871467461661771,0.32496153618543844,0.855336191213724,0.0,32.65125418724371,14.430869689661812,hard,0.14542397005781338,0.1310463675632717,0.27142592101206237,0.3256434999944301
0.0,0.0,48.471531056034785,0.15857516694665508,0.39835516491820877,0.7871467461661771,0.7871467461661771,0.32496153618543844,0.855336191213724,0.0,30.523407411362182,14.430869689661812,hard,0.14539268746305126,0.13102190145634943,0.270680878064229,0.3256101467194431
0.0,0.0,51.66223190691305,0.15852014277630447,0.3982525769142369,0.8246211251235321,0.8246211251235321,0.32496153618543844,0.8845337754998391,0.0,27.397437836410905,14.430869689661812,hard,0.14539268746305126,0.13108302770266045,0.27050924827523776,0.32541956567583324
0.0,0.0,48.864066059818796,0.15854355836323084,0.3981773458715703,0.8364209466530594,0.8364209466530594,0.32496153618543844,0.8901685233707155,0.0,21.67354147341869,14.430869689661812,hard,0.14539268746305126,0.13109740419904642,0.2702783879848133,0.3251574536415485
0.0,0.0,50.81794290465726,0.15855655274831018,0.3980207456218278,0.8364209466530594,0.8364209466530594,0.32496153618543844,0.8901685233707155,0.0,24.501632598665747,14.430869689661812,hard,0.14539268746305126,0.13112093757015894,0.2699844693921106,0.325019175622428
0.0,0.0,60.51140699679524,0.15731053022496166,0.3979042215687784,0.7989993742175272,0.7989993742175272,0.32496153618543844,0.8818163074019442,0.0,40.47065109434243,14.430869689661812,hard,0.14535225399296198,0.12987275573157417,0.26822507707455817,0.32192159437346635
0.0,0.0,62.23254999860663,0.15642272834006182,0.3977845229868216,0.7959899496852959,0.7959899496852959,0.32496153618543844,0.8662563131083085,0.0,39.09559565986941,14.430869689661812,hard,0.14535225399296198,0.12908433507320347,0.26560641568166843,0.32003804342902675
0.0,0.0,58.50350412955053,0.1552978081028477,0.39772606108730346,0.7549834435270749,0.7549834435270749,0.32496153618543844,0.8219489035213807,0.0,38.293101206353086,14.430869689661812,hard,0.14535225399296198,0.1284466583948525,0.26033228462131075,0.31941013774581495
0.0,0.0,53.385057225746024,0.15438429914710486,0.3976694798035809,0.7549834435270749,0.7549834435270749,0.32496153618543844,0.8219489035213807,0.0,32.055576737909426,14.430869689661812,hard,0.14536064697476148,0.12767230289908985,0.2564482463403071,0.31849237546508613
0.0,0.0,52.21646914610193,0.15416332986094447,0.3972415275189249,0.7386474125047756,0.7386474125047756,0.32496153618543844,0.8,0.0,28.66744495067532,14.430869689661812,hard,0.1453860593553454,0.1268158558515004,0.2559716112239043,0.31618734370815177
0.0,0.0,49.64269367363688,0.15339831202939522,0.39722255845896937,0.7386474125047756,0.7386474125047756,0.32496153618543844,0.8,0.0,24.166919538906896,14.430869689661812,hard,0.1453860593553454,0.12584438298433637,0.2523779294601582,0.31501089895125584
0.0,0.0,51.76258017494756,0.1524161378251418,0.3961815606721287,0.7386474125047756,0.7386474125047756,0.32496153618543844,0.8,0.0,30.346663737551115,14.430869689661812,hard,0.14538980611937535,0.12568581439451348,0.24980488291649616,0.31283490534221653
0.0,0.0,50.536993987854885,0.1519238280392756,0.39614127668793314,0.7386474125047756,0.7386474125047756,0.32496153618543844,0.8,0.0,26.573942123817456,14.430869689661812,hard,0.14539833766515461,0.12568818534501652,0.2482337252224677,0.3113613503446586
0.0,0.0,49.5951986351902,0.15185824224017191,0.3961127313643329,0.7386474125047756,0.7386474125047756,0.32496153618543844,0.8,0.0,24.51619056868338,14.430869689661812,hard,0.14539833766515461,0.12565606782554045,0.2475398121150538,0.31083187430137205
0.0,0.0,49.57747291982057,0.15173209722251818,0.3959447230998903,0.7386474125047756,0.7386474125047756,0.32496153618543844,0.8,0.0,24.263396299776335,14.430869689661812,hard,0.14540027772672703,0.1256036210897488,0.2462908462103956,0.3107499340914193
0.0,0.0,53.052354653217456,0.15188917157718035,0.39591210837090945,0.7386474125047756,0.7386474125047756,0.32496153618543844,0.8,0.0,30.746707140765498,14.430869689661812,hard,0.1454071709917136,0.12547913506367103,0.24580699332298822,0.31127312413090336
0.0,0.0,53.45536531168229,0.15161641845393223,0.39585711567754933,0.7386474125047756,0.7386474125047756,0.32496153618543844,0.8,0.0,31.175945855739485,14.430869689661812,hard,0.1454897765662177,0.12555230992577923,0.24408282679021284,0.31168959479560415
0.0,0.0,51.32474057555612,0.15131876238658504,0.39575496711374536,0.7386474125047756,0.7386474125047756,0.32496153618543844,0.8,0.0,27.89796408342372,14.430869689661812,hard,0.14557787012371418,0.125637051526142,0.24257635261187815,0.31162175113667484
0.0,0.0,50.38223649778657,0.1509317313048732,0.39575280065747154,0.7386474125047756,0.7386474125047756,0.32496153618543844,0.8,0.0,25.418103784507608,14.430869689661812,hard,0.14564790468034128,0.12559012756551796,0.24024750075242943,0.3117995914645506
0.0,0.0,56.28376571641038,0.15053475468637073,0.39566841376338274,0.7386474125047756,0.7386474125047756,0.32496153618543844,0.8,0.0,35.99444957212153,14.430869689661812,hard,0.1456660173052403,0.1254590933887758,0.23806192415073882,0.3119609785156016
0.0,0.0,51.817062749195365,0.15041625421882024,0.3956495963657988,0.7386474125047756,0.7386474125047756,0.32496153618543844,0.8,0.0,28.671072529642142,14.430869689661812,hard,0.14567530687128966,0.12542008101924002,0.23661046774462804,0.3125657012758828
0.0,0.0,48.132271310068205,0.15026705725024178,0.3954597437274086,0.7386474125047756,0.7386474125047756,0.32496153618543844,0.8,0.0,18.73802550964215,14.430869689661812,hard,0.14569921087034327,0.12541580214199025,0.235555404817259,0.3129050044316451
0.0,0.0,53.91381513251745,0.15011847440800538,0.39543252460287137,0.7386474125047756,0.7386474125047756,0.32496153618543844,0.8,0.0,24.462673606946566,14.430869689661812,hard,0.14572408603305123,0.12543290864984644,0.23392075776767496,0.3132988957809437
0.0,0.0,55.07036197837646,0.15030714207121457,0.39542429428080583,0.7386474125047756,0.7386474125047756,0.32496153618543844,0.8,0.0,14.834877822213434,14.430869689661812,hard,0.14578222740849303,0.12549437277973371,0.23391544749009044,0.31412842694590287
0.0,0.0,60.84570457307101,0.15013867978771483,0.39539874615935067,0.744043009509531,0.744043009509531,0.32496153618543844,0.8754427451295715,0.0,32.4530430006186,14.430869689661812,hard,0.14519534920856128,0.12463450338261003,0.232656671709001,0.31369658493258507
0.0,0.0,55.76041806646235,0.15017402789063306,0.4220340633927395,0.7,0.7,0.3469870314579494,0.9210863151735564,0.0,19.607559766579826,14.430869689661812,hard,0.144910982985983,0.12434155737847163,0.23213850755146345,0.31361982109177644
0.0,0.0,56.86081519684817,0.15048289356285813,0.41800576522608424,0.7,0.7,0.3469870314579494,0.9210863151735564,0.0,21.16899619726925,14.430869689661812,hard,0.144490923748069,0.12426758486155322,0.23220786829102294,0.313835289868124
0.0,0.0,57.962370475983604,0.1505522359007578,0.4140801999298885,0.7110555533852471,0.7110555533852471,0.3469870314579494,0.9217374897442331,0.0,19.274241878735467,14.430869689661812,hard,0.14415264678115672,0.12447914986317273,0.23197548355480724,0.3134125472622272
0.0,0.0,56.07485275610453,0.15057550785384116,0.43511082936093015,0.7110555533852471,0.7110555533852471,0.36660605559646714,0.9217374897442331,0.0,19.8348783711925,14.430869689661812,hard,0.14387389419870086,0.12472988530360438,0.2314640142280958,0.3128686743902581
0.0,0.0,57.699851023708675,0.15037336748837454,0.42958301739706395,0.7213875518748574,0.7213875518748574,0.36660605559646714,0.9219544457292888,0.0,23.58495283014151,14.430869689661812,hard,0.1437641214426537,0.12471707078797101,0.23070213901695538,0.3119182820005438
0.0,0.0,58.18889229301551,0.14991989617808427,0.4511956413513407,0.712460525222275,0.712460525222275,0.38418745424597095,0.8991106717195608,0.0,23.31973413227518,14.430869689661812,hard,0.14375094969939287,0.12437854649479113,0.22997057845060095,0.30964813167834687
0.0,0.0,56.201416789535784,0.14976188597492082,0.4720519792130314,0.7291090453423273,0.7291090453423273,0.4,0.8964373932405988,0.0,17.79285249756205,14.430869689661812,hard,0.14373236977548104,0.12397610736987051,0.22984289181202844,0.3089433519354745
0.0,0.0,56.631511983912716,0.14936004550952597,0.46874749674780813,0.7432361670424817,0.7432361670424817,0.4,0.8919641248391104,0.0,21.036311463752387,14.430869689661812,hard,0.1436994515742127,0.12386935799551818,0.22901314027370578,0.30797674833661437
0.0,0.0,56.897235161249235,0.14898412642356093,0.4547583242622547,0.7332121111929343,0.7332121111929343,0.4,0.8588364221433555,0.0,20.238073030800138,14.430869689661812,hard,0.14368973615625222,0.12386935799551818,0.2284968560139991,0.3064613007618755
0.0,0.0,59.716655312554664,0.14813399515217515,0.4473436574366514,0.7332121111929343,0.7332121111929343,0.4,0.8588364221433555,0.0,30.117270792686377,14.430869689661812,hard,0.14368973615625222,0.12386935799551818,0.22709493363471753,0.30405627541491564
0.0,0.0,60.52154959419843,0.1472764393119108,0.44189387585721984,0.7332121111929343,0.7332121111929343,0.4,0.8588364221433555,0.0,28.687251523978382,14.430869689661812,hard,0.14368973615625222,0.12386935799551818,0.22513730587002698,0.3022002895107726
0.0,0.0,57.24417965962558,0.14654785650343266,0.43623659401454185,0.7332121111929343,0.7332121111929343,0.4,0.8588364221433555,0.0,24.943488128166837,14.430869689661812,hard,0.14368973615625222,0.12388235043828745,0.22274509554875455,0.3009141904863001
0.0,0.0,55.96762453723503,0.14601327986156343,0.43267765484411547,0.7332121111929343,0.7332121111929343,0.4,0.8588364221433555,0.0,20.631054262930917,14.430869689661812,hard,0.14368973615625222,0.1238996959970928,0.22156970157089864,0.29968011977542713
0.0,0.0,59.81194462921724,0.14526745208521152,0.43019542296489277,0.7332121111929343,0.7332121111929343,0.4,0.8588364221433555,0.0,30.160245357092172,14.430869689661812,hard,0.14368973615625222,0.12390688705902211,0.21898614630827237,0.298484962561861
0.0,0.0,60.49773786889324,0.14445020517911322,0.4284254494283113,0.7332121111929343,0.7332121111929343,0.4,0.8588364221433555,0.0,27.482183319379846,14.430869689661812,hard,0.14368973615625222,0.12391705744117539,0.21566620361080877,0.29745995012174103
0.0,0.0,57.83790815626987,0.1439024069682805,0.4263432063121532,0.7332121111929343,0.7332121111929343,0.4,0.8588364221433555,0.0,26.211760719188625,14.430869689661812,hard,0.14368973615625222,0.12392239214332082,0.21403394409461257,0.29649796004591983
0.0,0.0,62.709742997205346,0.1435003892397821,0.42482135450176617,0.7332121111929343,0.7332121111929343,0.4,0.8588364221433555,0.0,30.318713693031242,14.430869689661812,hard,0.14368973615625222,0.12393470511109109,0.21158273432416866,0.2960690194488828
0.0,0.0,66.82004057927114,0.142768305532115,0.42404901419368635,0.7332121111929343,0.7332121111929343,0.4,0.8588364221433555,0.0,36.81222079690385,14.430869689661812,hard,0.14368973615625222,0.12394436864044753,0.2082462007065222,0.29527321615394797
0.0,0.0,58.061950850105184,0.14240171117690015,0.42328888745180804,0.7332121111929343,0.7332121111929343,0.4,0.8588364221433555,0.0,26.090465691512676,14.430869689661812,hard,0.14368973615625222,0.12394784761489437,0.20622053725083753,0.2949183799665693
0.0,0.0,57.66973265572602,0.14219601183485261,0.4231384386581535,0.7332121111929343,0.7332121111929343,0.4,0.8588364221433555,0.0,25.37794317906792,14.430869689661812,hard,0.14368973615625222,0.12394774828383877,0.20487203183327246,0.2946661979583757
0.0,0.0,57.51788771542557,0.14205462736374955,0.42301963903408873,0.7332121111929343,0.7332121111929343,0.4,0.8588364221433555,0.0,25.031372315556332,14.430869689661812,hard,0.14368973615625222,0.12394768986470062,0.20374478106644708,0.2945457466437286
0.0,0.0,57.04103786665409,0.14191406693492872,0.4228171613170463,0.7332121111929343,0.7332121111929343,0.4,0.8588364221433555,0.0,24.19081643930192,14.430869689661812,hard,0.14368973615625222,0.12394767235753774,0.20279923840795258,0.29406217882197055
0.0,0.0,56.95153732418402,0.14185603866552715,0.42238161747660413,0.7332121111929343,0.7332121111929343,0.4,0.8588364221433555,0.0,22.80564842314289,14.430869689661812,hard,0.14368973615625222,0.12394776007916666,0.20226981839863378,0.2937665817213489
0.0,0.0,58.89504641638827,0.14166285651823948,0.42144796395690937,0.7549834435270749,0.7549834435270749,0.4,0.9,0.0,29.267326492182374,14.430869689661812,hard,0.1415003146431022,0.12349358042735653,0.2013766654203255,0.2933589311245448
0.0,0.0,59.58545935704954,0.1414641806687522,0.4209985316461942,0.7332121111929343,0.7332121111929343,0.4,0.96,0.0,30.831963933554412,14.430869689661812,hard,0.14088517684459365,0.12319860217991295,0.20000549056868,0.29306568125272286
0.0,0.0,59.34618215117579,0.14147195467960003,0.42048230908190737,0.7332121111929343,0.7332121111929343,0.4,0.96,0.0,29.523610890268827,14.430869689661812,hard,0.14009999690289035,0.12295316300029428,0.19943942346375704,0.29286460151240723
0.0,0.0,62.4114097608873,0.14137695647438975,0.42024117208068157,0.7332121111929343,0.7332121111929343,0.4,0.96,0.0,31.75889796576701,14.430869689661812,hard,0.13931896126434207,0.12281019076789737,0.19855817796381411,0.29287497824595704
0.0,0.0,60.98758242675519,0.14135583359794743,0.41836592590452554,0.76,0.76,0.4,0.9911609354691094,0.0,34.67765274640139,14.430869689661812,hard,0.1386581108106813,0.12282590525838807,0.19795535311070978,0.29326847988345484
0.0,0.0,59.25134864482055,0.14144441072521113,0.41722526315158115,0.7644605941446557,0.7644605941446557,0.4,0.9856977224281286,0.0,31.68697524220322,14.430869689661812,hard,0.13803616554364068,0.12292624783515609,0.19736990117783793,0.2938182804549418
0.0,0.0,59.73849200032423,0.14134532053109655,0.4168761620053102,0.7745966692414834,0.7745966692414834,0.4,0.9666436778875658,0.0,28.50905820962874,14.430869689661812,hard,0.1376044188135389,0.1230451410824505,0.19693267638602674,0.2932106897456076
0.0,0.0,57.69640724179106,0.14114371027045997,0.41635122658741075,0.7769169839822013,0.7769169839822013,0.4,0.9593747964169164,0.0,23.855640842366824,14.430869689661812,hard,0.13700957394247956,0.12305680549041764,0.19674329055457312,0.29165782467854673
0.0,0.0,56.807702810326475,0.14098978174488477,0.4162290946942803,0.8,0.8,0.4,0.9516301802696255,0.7000000000000002,22.380134047855925,14.430869689661812,hard,0.1366223834521558,0.12306403988624877,0.19675268581605693,0.29058024918425945
0.0,0.0,58.591847700879065,0.14103580223196915,0.4158713208739901,0.8022468448052633,0.8022468448052633,0.4,0.9433981132056604,1.8199999999999998,27.962753798579993,14.430869689661812,hard,0.1363705193911808,0.12307301814375182,0.19676975635166677,0.2895348419530305
0.0,0.0,57.814811821707146,0.1409178004818768,0.415221340945725,0.8022468448052633,0.8022468448052633,0.4,0.9433981132056604,1.9599999999999995,24.712660722795512,14.430869689661812,hard,0.1362877872143172,0.12307301814375182,0.1966716430321341,0.2878813482160292
0.0,0.0,56.9926932196192,0.1407122407594633,0.414820311702816,0.8022468448052633,0.8022468448052633,0.4,0.9433981132056604,1.9599999999999995,23.619449612554483,14.430869689661812,hard,0.13622614037979042,0.12307367734552628,0.1966136024273525,0.28563569208778655
0.0,0.0,59.23039826091012,0.1405310635013407,0.41473946241223575,0.8022468448052633,0.8022468448052633,0.4,0.9433981132056604,1.9599999999999995,29.11165402377543,14.430869689661812,hard,0.13616483889285314,0.12307406983155714,0.19685352781171894,0.28339969231055057
0.0,0.0,66.02348036811017,0.14043505775055354,0.4146444755554469,0.8022468448052633,0.8022468448052633,0.4,0.9433981132056604,1.9599999999999995,25.1887990980118,14.430869689661812,hard,0.13616483889285314,0.12307406983155714,0.19716806814450988,0.28181050183808753
0.0,0.0,64.89328339714022,0.14023135180456286,0.4140980685778304,0.8022468448052633,0.8022468448052633,0.4,0.9433981132056604,1.9599999999999995,21.38153408902177,14.430869689661812,hard,0.13616483889285314,0.12307406983155714,0.19708822911538385,0.280397448750508
0.0,0.0,66.2845108058067,0.1399400854255553,0.41380269186551777,0.8022468448052633,0.8022468448052633,0.4,0.9433981132056604,1.9599999999999995,26.30422779706715,14.430869689661812,hard,0.13616483889285314,0.12307406983155714,0.19698020984687675,0.27819477663359554
0.0,0.0,66.00944955231344,0.13987382547316868,0.41335638828545485,0.8022468448052633,0.8022468448052633,0.4,0.9433981132056604,1.9599999999999995,21.978434885132287,14.430869689661812,hard,0.13616483889285314,0.12307406983155714,0.1971171747982064,0.27704297807781963
0.0,0.0,65.47494422078546,0.13973134268878318,0.4131582553645171,0.8022468448052633,0.8022468448052633,0.4,0.9433981132056604,1.9599999999999995,23.264126890988194,14.430869689661812,hard,0.13616483889285314,0.12307406983155714,0.19721348453309634,0.2754783329830858
0.0,0.0,64.37290134606559,0.13957181743740404,0.41275746522082735,0.8022468448052633,0.8022468448052633,0.4,0.9433981132056604,1.9599999999999995,20.59180419487326,14.430869689661812,hard,0.13616483889285314,0.12309425020847992,0.1964499511148278,0.274775573942872
0.0,0.0,67.98310236418013,0.1394391572918635,0.4122407858866057,0.8022468448052633,0.8022468448052633,0.4,0.9433981132056604,1.9599999999999995,30.02282465058876,14.430869689661812,hard,0.13616483889285314,0.12311453846176948,0.19555859527716193,0.27487661890749615
0.0,0.0,65.02346497800798,0.13931127457521678,0.41182148051249406,0.8022468448052633,0.8022468448052633,0.4,0.9433981132056604,1.9599999999999995,23.01967853815513,14.430869689661812,hard,0.13616483889285314,0.12312906410307738,0.19473617935799617,0.2745698864598081
0.0,0.0,66.18884342814756,0.13917198273928544,0.4109101757871387,0.8022468448052633,0.8022468448052633,0.4,0.9433981132056604,1.9599999999999995,26.674399712083495,14.430869689661812,hard,0.13616483889285314,0.1231320947394095,0.1943244930798312,0.2737219810685776
0.0,0.0,65.44566812364789,0.13901503459586673,0.4104559631717845,0.8022468448052633,0.8022468448052633,0.4,0.9433981132056604,1.9599999999999995,24.939254198953105,14.430869689661812,hard,0.13616483889285314,0.12313828149568845,0.1940179718747941,0.272520716293119
0.0,0.0,66.400525820005,0.13894431625425108,0.4099238354620741,0.8039900496896712,0.8039900496896712,0.4,1.0166612021711068,1.9599999999999995,21.340937186543613,14.430869689661812,hard,0.13616483889285314,0.12313828149568845,0.19402562511698956,0.2714634344997182
0.0,0.0,65.02548060609622,0.13890300625743338,0.40978851306897235,0.8506468127254695,0.8506468127254695,0.4,1.0660206376989143,1.9599999999999995,21.37382511390977,14.430869689661812,hard,0.13616483889285314,0.12313828149568845,0.19405395893605898,0.2709046690450184
0.0,0.0,66.28472168200793,0.13884618936381907,0.40962987539393636,0.8506468127254695,0.8506468127254695,0.4,1.0660206376989143,1.9599999999999995,23.22584767021432,14.430869689661812,hard,0.1361765892348339,0.12313828149568845,0.19409216381617295,0.26992898726583536
0.0,0.0,65.23453648853636,0.13884897570064048,0.43016077455473545,0.8919641248391105,0.8919641248391105,0.41424630354415964,1.1223190277278559,1.9599999999999995,21.71778994280956,14.430869689661812,hard,0.13616139940504948,0.12313828149568845,0.1941605712594985,0.26925269077501685
0.0,0.0,64.82425282473689,0.1389236058709281,0.42939177612082285,0.8919641248391105,0.8919641248391105,0.41424630354415964,1.1223190277278559,1.9599999999999995,20.598485381211894,14.430869689661812,hard,0.13614346903005808,0.12315204426723371,0.19417916534597188,0.26902985766980975
0.0,0.0,65.79027894977892,0.1390270648389266,0.4287877701757811,0.8919641248391105,0.8919641248391105,0.41424630354415964,1.1223190277278559,1.9599999999999995,22.97462948558692,14.430869689661812,hard,0.1361128362156046,0.12315204426723371,0.19419737909126342,0.26867054495898846
0.0,0.0,66.0020007084917,0.13923801522744492,0.42835965216196187,0.8919641248391105,0.8919641248391105,0.41424630354415964,1.1223190277278559,1.9599999999999995,24.970574683014405,14.430869689661812,hard,0.13609410055424626,0.12315204426723371,0.1942373051005576,0.269250666372421
0.0,0.0,66.72761461275338,0.13944687227462976,0.4277853572973568,0.9329523031752481,0.9329523031752481,0.41424630354415964,1.131370849898476,1.9599999999999995,27.176644384471018,14.430869689661812,hard,0.13609834152184863,0.1231807167182137,0.19430118862024875,0.2697571521123179
0.0,0.0,66.06667228933642,0.13960382127557427,0.42716567885250883,0.9329523031752481,0.9329523031752481,0.41424630354415964,1.131370849898476,1.9599999999999995,23.14455443511497,14.430869689661812,hard,0.1361336879627523,0.12319445173835905,0.19434871279299296,0.2700996898843052
0.0,0.0,65.69248986863346,0.13981842872802352,0.42626148225447796,0.9357350052231669,0.9357350052231669,0.41424630354415964,1.122319027727856,1.9599999999999995,21.53899719114147,14.430869689661812,hard,0.13621157618344892,0.1232153677381524,0.19437758428738833,0.27057497017016136
0.0,0.0,65.43214702923487,0.14000934165591422,0.4256218318876916,0.9357350052231669,0.9357350052231669,0.41424630354415964,1.122319027727856,1.9599999999999995,20.33420763147657,14.430869689661812,hard,0.13632485874929226,0.12322242330163471,0.19440506892412973,0.27087800949452673
0.0,0.0,65.2493855786259,0.14017201428406123,0.45059290881999425,0.9357350052231669,0.9357350052231669,0.42708313008125254,1.122319027727856,1.9599999999999995,20.336263176896587,14.430869689661812,hard,0.13640556843301502,0.12322242330163471,0.19442102514710988,0.2712614191737961
0.0,0.0,64.60872910928417,0.14035342013783553,0.44942002398587255,0.9357350052231669,0.9357350052231669,0.42708313008125254,1.122319027727856,1.9599999999999995,19.31109525635457,14.430869689661812,hard,0.1365040198829592,0.12322242330163471,0.19443187731751285,0.2716491089137618
0.0,0.0,64.6075930657407,0.14051461133023185,0.4489687601108942,0.9357350052231669,0.9357350052231669,0.42708313008125254,1.122319027727856,1.9599999999999995,19.291822101605643,14.430869689661812,hard,0.1366027297487762,0.12322263017719577,0.19447784668428922,0.2719113833842125
0.0,0.0,64.26604304651877,0.14063317827808625,0.44862008200971104,0.9357350052231669,0.9357350052231669,0.42708313008125254,1.122319027727856,1.9599999999999995,18.133681369209068,14.430869689661812,hard,0.13663573413411667,0.12325126658466208,0.19447244586427104,0.2722628759794395
0.0,0.0,64.44182628451766,0.140703212148086,0.4478733352744129,0.9357350052231669,0.9357350052231669,0.42708313008125254,1.122319027727856,1.9599999999999995,17.63342281010695,14.430869689661812,hard,0.13663573413411667,0.12325126658466208,0.19447802343359277,0.27260420436412874
0.0,0.0,64.64860661600453,0.14086168271868182,0.4467874015547984,0.9357350052231669,0.9357350052231669,0.42708313008125254,1.122319027727856,1.9599999999999995,19.34780607717578,14.430869689661812,hard,0.13663573413411667,0.12325126658466208,0.1943816619776543,0.2729344855415845
0.0,0.0,64.36275261007408,0.1409313119386496,0.4455996046757527,0.9357350052231669,0.9357350052231669,0.42708313008125254,1.122319027727856,1.9599999999999995,17.27175729333874,14.430869689661812,hard,0.13663573413411667,0.12325126658466208,0.19437536210667086,0.2731911940664544
0.0,0.0,64.37062600347687,0.1410168932759967,0.4448218634883408,0.9357350052231669,0.9357350052231669,0.42708313008125254,1.122319027727856,1.9599999999999995,17.316177407268615,14.430869689661812,hard,0.13664922324924225,0.12325126658466208,0.19436235984318054,0.2734306635088994
0.0,0.0,64.54603933779467,0.14105963220066747,0.4430598262736391,0.9357350052231669,0.9357350052231669,0.42708313008125254,1.122319027727856,1.9599999999999995,16.983627409949854,14.430869689661812,hard,0.13664922324924225,0.12325126658466208,0.1943571559394317,0.2735310829708017
0.0,0.0,64.47819491076167,0.14109440316752994,0.4417327059595438,0.9357350052231669,0.9357350052231669,0.42708313008125254,1.122319027727856,1.9599999999999995,16.97198868724582,14.430869689661812,hard,0.13664922324924225,0.12325126658466208,0.19436843376529897,0.27362875148749466
0.0,0.0,64.5653288018089,0.1411450792728159,0.44116179213907786,0.9357350052231669,0.9357350052231669,0.42708313008125254,1.122319027727856,1.9599999999999995,17.24556754647408,14.430869689661812,hard,0.13664922324924225,0.12325126658466208,0.19437948560441914,0.27365618590185115
0.0,0.0,64.51800414323486,0.1411844055052524,0.44028860805178766,0.9357350052231669,0.9357350052231669,0.42708313008125254,1.122319027727856,1.9599999999999995,17.000717631911897,14.430869689661812,hard,0.13664922324924225,0.12325126658466208,0.1943915602005414,0.2736956082985216
0.0,0.0,64.57893323502152,0.14119638879142543,0.4394244350903069,0.9357350052231669,0.9357350052231669,0.42708313008125254,1.122319027727856,1.9599999999999995,16.898331278561205,14.430869689661812,hard,0.13664922324924225,0.12325126658466208,0.19439262565567056,0.2737391936830195
0.0,0.0,64.64120388526726,0.14120936060706474,0.46187158725625305,0.9329523031752481,0.9329523031752481,0.4386342439892262,1.199333148045196,1.9599999999999995,16.921749318554507,14.430869689661812,hard,0.13664922324924225,0.12325126658466208,0.19439262565567056,0.27378646159237374
0.0,0.0,64.61813631905201,0.14122996715475852,0.4608087464549669,0.9329523031752481,0.9329523031752481,0.4386342439892262,1.199333148045196,1.9599999999999995,16.950469020059593,14.430869689661812,hard,0.13664922324924225,0.12325126658466208,0.19439262565567056,0.2738624665803082
0.0,0.0,64.60467585167497,0.1412508452562586,0.4598567736405454,0.9329523031752481,0.9329523031752481,0.4386342439892262,1.199333148045196,1.9599999999999995,16.955235179731364,14.430869689661812,hard,0.13664922324924225,0.12325126658466208,0.19439262565567056,0.27394058060845555
0.0,0.0,64.7161685036469,0.14127975280491248,0.45894439602999426,0.9329523031752481,0.9329523031752481,0.4386342439892262,1.199333148045196,1.9599999999999995,16.99759983056431,14.430869689661812,hard,0.13664922324924225,0.12325126658466208,0.19439262565567056,0.27405049533752834
0.0,0.0,64.83991662379874,0.14132316004906448,0.4578559599714342,0.9329523031752481,0.9329523031752481,0.4386342439892262,1.199333148045196,1.9599999999999995,17.043473824311757,14.430869689661812,hard,0.13664922324924225,0.12325126658466208,0.19439262565567056,0.2742240306329661
0.0,0.0,64.58973790460576,0.14135328814888865,0.45645825241734084,0.9329523031752481,0.9329523031752481,0.4386342439892262,1.199333148045196,1.9599999999999995,16.97155266909896,14.430869689661812,hard,0.13664922324924225,0.12325126658466208,0.19439262565567056,0.2743479001289866
0.0,0.0,64.85441634386409,0.14136960535595208,0.4559388122252177,0.9329523031752481,0.9329523031752481,0.4386342439892262,1.199333148045196,1.9599999999999995,16.91976359172905,14.430869689661812,hard,0.13664922324924225,0.12325126658466208,0.19439262565567056,0.27442470858525925
0.0,0.0,64.85160407652148,0.1413879676955567,0.4551999679301444,0.9329523031752481,0.9329523031752481,0.4386342439892262,1.199333148045196,1.9599999999999995,16.927480615850666,14.430869689661812,hard,0.13664922324924225,0.12325126658466208,0.19440020042676054,0.27449708904987663
0.0,0.0,64.89864172265133,0.14147733842021995,0.4548278789858325,0.9329523031752481,0.9329523031752481,0.4386342439892262,1.1973303637676613,1.9599999999999995,18.721420886246854,14.430869689661812,hard,0.13664922324924225,0.12337631445244028,0.19441595345765,0.2745077145750808
0.0,0.0,65.06987825089777,0.1414875322662564,0.4543248259789602,0.9329523031752481,0.9329523031752481,0.4386342439892262,1.1973303637676613,1.9599999999999995,16.921749318554507,14.430869689661812,hard,0.13664922324924225,0.12337631445244028,0.19443117159776493,0.2745322768105844
0.0,0.0,65.2624603394963,0.14150518142244825,0.4538427659105045,0.9297311439335567,0.9297311439335567,0.4386342439892262,1.2041594578792296,1.9599999999999995,16.90495785265376,14.430869689661812,hard,0.13664922324924225,0.12338449380323217,0.19443117159776493,0.27459008094068366
0.0,0.0,65.37438638713182,0.14150776947174468,0.452814763392106,0.9329523031752481,0.9329523031752481,0.4386342439892262,1.193984924527944,1.9599999999999995,17.744509009831745,14.430869689661812,hard,0.13664922324924225,0.12338449380323217,0.19443117159776493,0.27444114125857466
0.0,0.0,65.13482860666166,0.14151454407455483,0.4519505414854806,0.9357350052231668,0.9357350052231668,0.4386342439892262,1.1833849753989611,1.9599999999999995,17.60682822089203,14.430869689661812,hard,0.13664922324924225,0.12338449380323217,0.19443117159776493,0.27435501022628256
0.0,0.0,65.54834018296607,0.14153955957424494,0.4513504665816426,0.9357350052231668,0.9357350052231668,0.4386342439892262,1.1833849753989611,1.9599999999999995,20.244505427399307,14.430869689661812,hard,0.13664922324924225,0.12338449380323217,0.19444335269448199,0.274011856032935
0.0,0.0,65.00408078969488,0.14158416700972004,0.45078188854896967,0.9357350052231668,0.9357350052231668,0.4386342439892262,1.1833849753989611,1.9599999999999995,20.365893056775096,14.430869689661812,hard,0.13664922324924225,0.12338449380323217,0.19460449166039712,0.2740156178110972
0.0,0.0,64.67882031432016,0.1416407752601748,0.450211662496773,0.9357350052231668,0.9357350052231668,0.4386342439892262,1.1833849753989611,1.9599999999999995,19.368107806391414,14.430869689661812,hard,0.13664922324924225,0.12338449380323217,0.1946442550530025,0.27409434289530304
0.0,0.0,64.57279540616476,0.14173367780704219,0.44943977578771377,0.9357350052231668,0.9357350052231668,0.4386342439892262,1.1833849753989611,1.9599999999999995,19.045671424237057,14.430869689661812,hard,0.13664922324924225,0.12338449380323217,0.1947405047698096,0.27436089002747577
0.0,0.0,64.41689723996886,0.14179866709009917,0.4486710390728613,0.9357350052231668,0.9357350052231668,0.4386342439892262,1.1833849753989611,1.9599999999999995,17.23303803744424,14.430869689661812,hard,0.13664922324924225,0.12338449380323217,0.19476253462554943,0.2746391416414472
0.0,0.0,64.55182129858908,0.14187160433172266,0.4480730974875205,0.9357350052231668,0.9357350052231668,0.4386342439892262,1.1833849753989611,1.9599999999999995,17.924552993031654,14.430869689661812,hard,0.13664922324924225,0.12338449380323217,0.19482849500974933,0.2748074419654229
0.0,0.0,64.6499085981156,0.14195329601163284,0.4698167506063291,0.9357350052231668,0.9357350052231668,0.448998886412873,1.1833849753989611,1.9599999999999995,19.730950306561517,14.430869689661812,hard,0.13664922324924225,0.12338449380323217,0.19499441728263509,0.27494057003263406
0.0,0.0,68.83193916219975,0.1420569098772321,0.46861316534249337,0.9357350052231668,0.9357350052231668,0.448998886412873,1.1833849753989611,1.9599999999999995,20.348130135223727,14.430869689661812,hard,0.13664922324924225,0.12338449380323217,0.1952020710079549,0.27514210751925194
0.0,0.0,68.4790472599231,0.14208684303054372,0.4672409383737515,0.9357350052231668,0.9357350052231668,0.448998886412873,1.1833849753989611,1.9599999999999995,17.547296088001705,14.430869689661812,hard,0.13664922324924225,0.12338449380323217,0.19521833850464823,0.2751761673402965
0.0,0.0,68.52877552247647,0.14214418989933103,0.4659354865916677,0.9541488353501251,0.9541488353501251,0.448998886412873,1.2705904139414872,1.9599999999999995,18.63060922245969,14.430869689661812,hard,0.13664922324924225,0.12338449380323217,0.19524597329158946,0.2753145023456738
0.0,0.0,68.56116021904785,0.14220913069871943,0.4649847391478889,0.9541488353501251,0.9541488353501251,0.448998886412873,1.2705904139414872,1.9599999999999995,18.644934969047224,14.430869689661812,hard,0.13664922324924225,0.12338449380323217,0.19536916271545177,0.2754070330104848
0.0,0.0,68.45989472492906,0.1422747992443858,0.46325076291688744,0.9541488353501251,0.9541488353501251,0.448998886412873,1.2705904139414872,1.9599999999999995,18.24013157847278,14.430869689661812,hard,0.13664922324924225,0.12338449380323217,0.19549052145807272,0.27548772004697397
0.0,0.0,68.6614333611495,0.14238058761115982,0.4620977958009596,0.9541488353501251,0.9541488353501251,0.448998886412873,1.2705904139414872,1.9599999999999995,19.81227902084967,14.430869689661812,hard,0.13664922324924225,0.12338449380323217,0.1956000009689072,0.2756162238087046
0.0,0.0,68.46705941100025,0.14244046705694657,0.4613858945307692,0.9541488353501251,0.9541488353501251,0.448998886412873,1.2705904139414872,1.9599999999999995,18.055735930722957,14.430869689661812,hard,0.13664922324924225,0.12338449380323217,0.19563557693264189,0.2757152286049691
0.0,0.0,68.79362793871167,0.1425046361999377,0.4607598104553972,0.9541488353501251,0.9541488353501251,0.448998886412873,1.2705904139414872,1.9599999999999995,18.584036160102574,14.430869689661812,hard,0.13664922324924225,0.12338449380323217,0.19572467980761943,0.27581465170693176
0.0,0.0,68.47981442904279,0.14254361446138486,0.4811213327251535,0.992169340384997,0.992169340384997,0.45825756949558394,1.3067516979135707,1.9599999999999995,17.643593738238252,14.430869689661812,hard,0.13664922324924225,0.12338449380323217,0.19578170373844245,0.27586810938375655
0.0,0.0,68.85656638165015,0.14257936284716552,0.47977029811274285,0.988736567544662,0.988736567544662,0.45825756949558394,1.3114877048604001,1.9599999999999995,17.492123941934555,14.430869689661812,hard,0.13664922324924225,0.12338449380323217,0.19589311788376462,0.2758936703594379
0.0,0.0,68.58322381602588,0.14260594618327113,0.4782608919811365,0.988736567544662,0.988736567544662,0.45825756949558394,1.3114877048604001,1.9599999999999995,17.40919297382851,14.430869689661812,hard,0.13664922324924225,0.12338449380323217,0.19600156575029923,0.27590354152678914
0.0,0.0,68.83316543710217,0.14261958439017278,0.4775454924423344,0.988736567544662,0.988736567544662,0.45825756949558394,1.3114877048604001,1.9599999999999995,17.138448004413934,14.430869689661812,hard,0.13664922324924225,0.12338449380323217,0.196068326661474,0.2759102088982087
0.0,0.0,68.78483149907005,0.14263691495357964,0.4755690139540897,1.0049875621120892,1.0049875621120892,0.45825756949558394,1.3310146505579867,1.9599999999999995,17.232817529353692,14.430869689661812,hard,0.13664922324924225,0.12338449380323217,0.19618142915567333,0.2759135685599958
0.0,0.0,68.9403312918903,0.14263904716577033,0.47476774767325125,1.0087616170334794,1.0087616170334794,0.45825756949558394,1.3199999999999998,1.9599999999999995,17.166350806155627,14.430869689661812,hard,0.13664922324924225,0.12338449380323217,0.1961969489063492,0.2759135685599958
0.0,0.0,69.22250787602948,0.14265178159696748,0.4879308982284448,1.0049875621120892,1.0049875621120892,0.466476151587624,1.3237824594698329,3.052146785461014,17.139719951037705,14.430869689661812,hard,0.13664922324924225,0.12338449380323217,0.1962609791292303,0.27591274943793614
0.0,0.0,68.99819828719446,0.1426673358116131,0.4805718871883502,1.0087616170334794,1.0087616170334794,0.466476151587624,1.312097557348538,3.052146785461014,17.24274920075102,14.430869689661812,hard,0.13664922324924225,0.12338449380323217,0.19626913774643298,0.2759014641583407
0.0,0.0,69.02619500021314,0.14267695707486044,0.4982137771654967,1.0087616170334794,1.0087616170334794,0.4737087712930804,1.312097557348538,3.052146785461014,17.25601344459374,14.430869689661812,hard,0.13664922324924225,0.12338449380323217,0.19626913774643298,0.27586573856883995
0.0,0.0,69.49266495628423,0.14270608122818756,0.49731817203240963,1.0087616170334794,1.0087616170334794,0.4737087712930804,1.312097557348538,3.052146785461014,17.69727662664513,14.430869689661812,hard,0.13654720287604588,0.12338449380323217,0.19627481588850446,0.27586780308707404
0.0,0.0,68.90301484426313,0.1427676644881186,0.4960103230753615,1.0121264743103997,1.0121264743103997,0.4737087712930804,1.3,3.052146785461014,17.744959847799034,14.430869689661812,hard,0.13654720287604588,0.12338449380323217,0.19627769349409036,0.2758845788549568
0.0,0.0,68.4234837654598,0.1428279073214748,0.5172349891804686,1.0121264743103997,1.0121264743103997,0.52,1.3,3.052146785461014,18.167762658071027,14.430869689661812,hard,0.13599366023747855,0.12338524925630716,0.19627769349409036,0.2759163733504613
0.0,0.0,50.79065411209512,0.14290702745557413,0.5154583854460377,1.0121264743103997,1.0121264743103997,0.52,1.3,3.052146785461014,18.27086204862814,14.430869689661812,hard,0.13580332068167741,0.12338524925630716,0.19627769349409036,0.2759843806577366
