step,timestamp,reward,coverage,cov_trace,altitude,alt_idx,loop_closures,altitude_changes,frontier_count,new_cells,map_seed,difficulty,cov_alt0,cov_alt1,cov_alt2,cov_alt3
0.0,0.0,44.424768853592454,0.010087043741046724,0.03181695250923055,0.0,0.0,0.0,0.0,0.0,44.196633355946915,14.430869689661812,hard,0.032372178439486,0.01565920207871071,0.0,0.0
0.0,0.0,40.341775048301166,0.012037789312745977,0.04657827716398096,0.0,0.0,0.0,0.0,0.0,40.399504947461914,14.430869689661812,hard,0.038664191276983284,0.017251848222468037,0.0,0.0
0.0,0.0,33.96840717452621,0.012209918435425788,0.05618053001189462,0.0,0.0,0.0,0.0,0.0,34.16693723470104,14.430869689661812,hard,0.03671769654942954,0.01992690693658216,0.0,0.0
0.0,0.0,26.940817198853555,0.012224176073076585,0.06996128548237054,0.0,0.0,0.0,0.0,0.0,26.64919510979647,14.430869689661812,hard,0.03637527789557586,0.02022373450936645,0.0,0.0
0.0,0.0,31.68967619489453,0.012749025186747937,0.08137050026208989,0.0,0.0,0.0,0.0,0.0,31.586205850022573,14.430869689661812,hard,0.03834890119835522,0.020998718249916802,0.0,0.0
0.0,0.0,26.74904467667439,0.01353720783231432,0.09298218703336068,0.0,0.0,0.0,0.0,0.0,26.563132345414385,14.430869689661812,hard,0.04096590784760625,0.021042524123692733,0.0,0.0
0.0,0.0,26.768421662651594,0.013822449797972567,0.10244056111988509,0.0,0.0,0.0,0.0,0.0,26.27385772969017,14.430869689661812,hard,0.042763597249229006,0.020651459449273088,0.0,0.0
0.0,0.0,20.43482518084137,0.014093052463698743,0.11827020185295845,0.0,0.0,0.0,0.0,0.0,20.00399960007998,14.430869689661812,hard,0.04359162962311434,0.02074529337661594,0.0,0.0
0.0,0.0,23.598399819754572,0.01513738639541119,0.12173004456689512,0.0,0.0,0.0,0.0,0.0,23.317469845590022,14.430869689661812,hard,0.04586184514868662,0.02258893706665271,0.0,0.0
0.0,0.0,25.834843751178077,0.015563741482204947,0.12172193430308265,0.0,0.0,0.0,0.0,0.0,25.69828009809217,14.430869689661812,hard,0.04634418379640631,0.023421297806032023,0.0,0.0
0.0,0.0,24.929993054771952,0.015701894193527473,0.12867817313534333,0.0,0.0,0.0,0.0,0.0,23.705535218593994,14.430869689661812,hard,0.046322775291888135,0.023653158335921718,0.0,0.0
0.0,0.0,27.55707580276261,0.015012369613321124,0.13850540150747323,0.0,0.0,0.0,0.0,0.0,27.178049966839048,14.430869689661812,hard,0.044087930275671545,0.02358070478037284,0.0,0.0
0.0,0.0,17.24213651813713,0.015503996735844882,0.14777347423451545,0.0,0.0,0.0,0.0,0.0,16.807867205567756,14.430869689661812,hard,0.04549976813937638,0.02398712934324811,0.0,0.0
0.0,0.0,19.03731965818077,0.016117843084433807,0.1520914728706474,0.0,0.0,0.0,0.0,0.0,18.454148585074304,14.430869689661812,hard,0.0471026104443539,0.02463710510548441,0.0,0.0
0.0,0.0,21.174650939841356,0.016374840249214213,0.15527846026016034,0.0,0.0,0.0,0.0,0.0,20.637257569745067,14.430869689661812,hard,0.04758889329385528,0.02528729247944835,0.0,0.0
0.0,0.0,17.0068993121431,0.017032712876807087,0.15833697481445666,0.0,0.0,0.0,0.0,0.0,17.442201695886904,14.430869689661812,hard,0.04908996274054246,0.026578984893442122,0.0,0.0
0.0,0.0,17.585391854525472,0.016874664147590267,0.16475466081075074,0.0,0.0,0.0,0.0,0.0,17.064583206161235,14.430869689661812,hard,0.048183897489654376,0.027055393400380996,0.0,0.0
0.0,0.0,18.092264192328265,0.016718697690864467,0.1799824792287454,0.0,0.0,0.0,0.0,0.0,17.9457070075269,14.430869689661812,hard,0.04764481040477081,0.027037411257134464,0.0,0.0
0.0,0.0,19.22459171298125,0.01749870362955537,0.184282058643427,0.0,0.0,0.0,0.0,0.0,19.12515620851239,14.430869689661812,hard,0.04953056368662328,0.028025317183873147,0.0,0.0
0.0,0.0,23.101718846045422,0.017524223194888333,0.18958906190267133,0.0,0.0,0.0,0.0,0.0,23.380581686519264,14.430869689661812,hard,0.049570678748977665,0.0285345955371639,0.0,0.0
0.0,0.0,83.378663784518,0.019908332763816428,0.21480761054976327,0.4386342439892262,0.4386342439892262,0.0,0.4386342439892262,0.0,74.54367847108162,14.430869689661812,hard,0.04931360614051879,0.031173564676404537,0.02447355284289999,0.0
0.0,0.0,86.23382399440432,0.02131574416259778,0.2447319169515173,0.4898979485566356,0.4898979485566356,0.0,0.4898979485566356,0.0,77.77255042751266,14.430869689661812,hard,0.05000850539679677,0.03431206536425857,0.03251007809866451,0.0
0.0,0.0,69.12324859251461,0.02184178422244491,0.24623630600467863,0.458257569495584,0.458257569495584,0.0,0.458257569495584,0.0,63.48991730975872,14.430869689661812,hard,0.04982115236928533,0.03869817129171711,0.034621454871649686,0.0
0.0,0.0,58.670540657946034,0.022642649581172257,0.24575752543110066,0.4142463035441596,0.4142463035441596,0.0,0.4142463035441596,0.0,54.195291308378444,14.430869689661812,hard,0.0500455257953771,0.041558900422952905,0.03516377841599199,0.0
0.0,0.0,63.35952276589125,0.023326835715311602,0.24420913640152034,0.32496153618543844,0.32496153618543844,0.0,0.32496153618543844,0.0,57.8312199421731,14.430869689661812,hard,0.04997637178537781,0.043889516608004366,0.0330339050742798,0.0
0.0,0.0,30.9357029524372,0.024233534042585318,0.24643130737054997,0.32496153618543844,0.32496153618543844,0.0,0.32496153618543844,0.0,30.640372060404225,14.430869689661812,hard,0.04979179213532958,0.0467916408294032,0.03480837778604237,0.0
0.0,0.0,29.57771896691168,0.025553474629579256,0.2459088729517788,0.32496153618543844,0.32496153618543844,0.0,0.32496153618543844,0.0,28.69682212371258,14.430869689661812,hard,0.04992953839110619,0.050574233454072644,0.03663192846367445,0.0
0.0,0.0,26.147187974806506,0.02714153529262263,0.2511432899638934,0.32496153618543844,0.32496153618543844,0.0,0.32496153618543844,0.0,26.240762184052503,14.430869689661812,hard,0.04991202044351903,0.05468213132051995,0.03833010125321563,0.0
0.0,0.0,27.48720107936625,0.02806705083568784,0.2617103383484437,0.32496153618543844,0.32496153618543844,0.0,0.32496153618543844,0.0,27.611599012009428,14.430869689661812,hard,0.048466696852337385,0.05733490673076687,0.040164780837012824,0.0
0.0,0.0,32.707725217206495,0.029026622528121486,0.2647872128186273,0.32496153618543844,0.32496153618543844,0.0,0.32496153618543844,0.0,32.2215393797379,14.430869689661812,hard,0.04840225937069637,0.0601606751848186,0.04165731111773771,0.0
0.0,0.0,37.357506988778475,0.03098708070087432,0.26135521640384224,0.32496153618543844,0.32496153618543844,0.0,0.32496153618543844,0.0,36.680921471522495,14.430869689661812,hard,0.04929709635909874,0.0645154944581602,0.04388189755941303,0.0
0.0,0.0,31.800445295322106,0.03261862644391395,0.26668151857029815,0.32496153618543844,0.32496153618543844,0.0,0.32496153618543844,0.0,31.792458225182905,14.430869689661812,hard,0.049478335968079275,0.06807526916010433,0.045916080651905194,0.0
0.0,0.0,21.633354619902597,0.03326432007908278,0.2689286380525448,0.32496153618543844,0.32496153618543844,0.0,0.32496153618543844,0.0,21.45996272130965,14.430869689661812,hard,0.04969118483671834,0.06966607809981923,0.04686298663137625,0.0
0.0,0.0,28.028274450413726,0.034446041560273186,0.26270814554797367,0.32496153618543844,0.32496153618543844,0.0,0.32496153618543844,0.0,27.170579677290654,14.430869689661812,hard,0.0499182995687878,0.07212853138725804,0.04903383406737909,0.0
0.0,0.0,34.21406294113786,0.03554823051761095,0.26234954547416295,0.32496153618543844,0.32496153618543844,0.0,0.32496153618543844,0.0,34.64099305735908,14.430869689661812,hard,0.04970053342649531,0.07467256605860562,0.050687739103727605,0.0
0.0,0.0,31.149059919986634,0.036539808296407135,0.2640380026552342,0.32496153618543844,0.32496153618543844,0.0,0.32496153618543844,0.0,30.734924759953458,14.430869689661812,hard,0.04922542380920125,0.07698273485244925,0.05246363256663771,0.0
0.0,0.0,38.87945089739059,0.038025645774439294,0.2752424098803181,0.32496153618543844,0.32496153618543844,0.0,0.32496153618543844,0.0,34.03259613958359,14.430869689661812,hard,0.04918955393616813,0.08053991217963886,0.054735755284118115,0.0
0.0,0.0,24.856125437583092,0.03909219598981544,0.27921742312381775,0.32496153618543844,0.32496153618543844,0.0,0.32496153618543844,0.0,21.09131574843068,14.430869689661812,hard,0.04969280316611113,0.08205114085850224,0.056421914869053444,0.0
0.0,0.0,31.63439228308447,0.03976278163717347,0.290246459349784,0.32496153618543844,0.32496153618543844,0.0,0.32496153618543844,0.0,31.506469176980147,14.430869689661812,hard,0.04989857961625253,0.08321571790811809,0.05789056261102375,0.0
0.0,0.0,27.222095897519694,0.04052928669336758,0.3032701920059424,0.32496153618543844,0.32496153618543844,0.0,0.32496153618543844,0.0,26.78283032093509,14.430869689661812,hard,0.050566055674443375,0.084068466181398,0.05969844994596144,0.0
0.0,0.0,31.449361420185767,0.04196273027747553,0.3027532911188549,0.32496153618543844,0.32496153618543844,0.0,0.32496153618543844,0.0,28.831233064161513,14.430869689661812,hard,0.05161312196942466,0.08545636283982741,0.06228068498096644,0.0
0.0,0.0,38.67788088155229,0.04273303536257994,0.32602077463786233,0.5015974481593781,0.5015974481593781,0.0,0.544426303552648,0.0,34.45275605811529,14.430869689661812,hard,0.052222552835968564,0.08693866253148964,0.0632787740376463,0.01019310357770192
0.0,0.0,72.61172372733614,0.04582601796876569,0.33792635058473314,0.705407683541936,0.7054076835419358,0.0,0.6858571279792899,0.0,67.02626649306971,14.430869689661812,hard,0.057558900473331655,0.08749641873129824,0.06867340493399197,0.02046161405379709
0.0,0.0,53.48301147112717,0.0467170610075216,0.34830350496173856,0.8380930735902785,0.8380930735902785,0.0,0.6997142273814361,0.0,48.36812586817893,14.430869689661812,hard,0.05818656204613073,0.08780314579245471,0.0724109690383583,0.026311401039577843
0.0,0.0,53.985887152997435,0.049012454064473916,0.34624690840354155,0.87840765023991,0.87840765023991,0.0,0.6954135460285484,0.0,50.26290878968308,14.430869689661812,hard,0.060263172864021344,0.08862091172259438,0.07617107730937198,0.03312127590508992
0.0,0.0,70.95222831862064,0.050760103308590834,0.3454304171307338,0.9666436778875658,0.9666436778875658,0.0,0.6183849933496123,0.0,62.99930475806856,14.430869689661812,hard,0.0613005397434755,0.08809480877848627,0.07797064916454234,0.037360741530412515
0.0,0.0,53.41790021096452,0.052415632246573016,0.34957933009866254,0.9724196624914574,0.9724196624914575,0.0,0.565685424949238,0.0,49.81655949581424,14.430869689661812,hard,0.06301965246821781,0.08754938749903358,0.07922182192362004,0.04241408953737672
0.0,0.0,47.45734091518747,0.05320178797245651,0.3462776964348966,0.9558242516278816,0.9558242516278818,0.0,0.463033476111609,0.0,43.94603963953976,14.430869689661812,hard,0.06488677899614448,0.08714190286928865,0.07796555852886353,0.04529494231718098
0.0,0.0,43.39298708378217,0.05304210011745322,0.3396522789878587,0.9467840302835699,0.9467840302835699,0.0,0.4004996878900157,0.0,40.83600861984433,14.430869689661812,hard,0.06667107647644617,0.08711493588626891,0.07565519026283044,0.04834614060296026
0.0,0.0,27.00965462118877,0.05410992498306843,0.3498817669982355,0.9467840302835699,0.9467840302835699,0.0,0.4004996878900157,0.0,26.72303126518397,14.430869689661812,hard,0.06831129311004473,0.08816209028890905,0.07620904012423038,0.050826040600711477
0.0,0.0,32.46842645918873,0.05473556761343752,0.3575969855049369,0.9467840302835699,0.9467840302835699,0.0,0.4004996878900157,0.0,19.783386969879547,14.430869689661812,hard,0.06950760126714635,0.08868341680165373,0.07719181805600632,0.053607080912076485
0.0,0.0,22.415852631557602,0.05522929756690481,0.36316657665965263,0.9467840302835699,0.9467840302835699,0.0,0.4004996878900157,0.0,22.242023289260356,14.430869689661812,hard,0.07036505376410197,0.0889451123326116,0.07749850752118495,0.0555967632942233
0.0,0.0,19.409346913621388,0.05569130773905574,0.36638657479314146,0.9467840302835699,0.9467840302835699,0.0,0.4004996878900157,0.0,19.36351207813293,14.430869689661812,hard,0.0720758093461229,0.08929543787259235,0.07799038322990326,0.05709428466659579
0.0,0.0,27.616600256471962,0.05589253448411476,0.3681546574459817,0.9467840302835699,0.9467840302835699,0.0,0.4004996878900157,0.0,26.665753317691962,14.430869689661812,hard,0.07227098722272007,0.08949271382687402,0.07906214393175715,0.058623186535869044
0.0,0.0,26.141110510134027,0.05622803996564697,0.35506876164495604,0.9467840302835699,0.9467840302835699,0.0,0.4004996878900157,0.0,26.482628268357352,14.430869689661812,hard,0.07445968191778642,0.09036393321399254,0.07941052748229678,0.060136301746819366
0.0,0.0,37.33920990731513,0.05682001760333075,0.35665477041033444,0.9467840302835699,0.9467840302835699,0.0,0.4004996878900157,0.0,34.56891667379816,14.430869689661812,hard,0.07933404504387497,0.09164636874468529,0.07937617396461863,0.06191306930380933
0.0,0.0,28.942759498561227,0.057406331839940185,0.3498790469384174,0.9467840302835699,0.9467840302835699,0.0,0.4004996878900157,0.0,25.56639200200138,14.430869689661812,hard,0.08165317680641204,0.09218244813599859,0.08030718170336956,0.06320371709208156
0.0,0.0,17.627450434683517,0.05765642340035075,0.3438888819058062,0.9467840302835699,0.9467840302835699,0.0,0.4004996878900157,0.0,17.74548956777468,14.430869689661812,hard,0.0823125298928947,0.09249910410473672,0.08135752120167847,0.06477494599977936
0.0,0.0,27.557554093962757,0.058363622144844425,0.33647643244507974,0.9467840302835699,0.9467840302835699,0.0,0.4004996878900157,0.0,24.56123775382666,14.430869689661812,hard,0.08379982764788713,0.09304587316751649,0.08304189641857813,0.06677054922511547
0.0,0.0,27.462876769132144,0.0589820435581529,0.3214548689098915,0.9467840302835699,0.9467840302835699,0.0,0.4004996878900157,0.0,24.85075451570837,14.430869689661812,hard,0.08438236289733425,0.09353662661511535,0.08414995398765354,0.06962424348831357
0.0,0.0,26.835173236250156,0.05945129112644974,0.3984021841386238,0.9467840302835699,0.9467840302835699,0.2712931993250107,0.4004996878900157,0.0,17.236252492928966,14.430869689661812,hard,0.08478669839590092,0.09371761192540762,0.08548640238811926,0.07103684504736342
0.0,0.0,22.146266182861822,0.060194330436420626,0.3839855579275716,0.9467840302835699,0.9467840302835699,0.2712931993250107,0.4004996878900157,0.0,21.94469411953605,14.430869689661812,hard,0.08535837541490925,0.09376479048757905,0.08759231549326502,0.07277412496674235
0.0,0.0,40.873289649661885,0.061058446457773204,0.36627199541904204,0.9693296652842107,0.9693296652842107,0.2712931993250107,0.458257569495584,0.0,27.459067719061398,14.430869689661812,hard,0.08649643871323104,0.09400056659608726,0.0895928605892886,0.07531562300242761
0.0,0.0,55.352946321268135,0.0629251041495104,0.329984668190942,0.8720091742636656,0.8720091742636656,0.2712931993250107,0.6636264009214823,0.0,50.67547335743397,14.430869689661812,hard,0.08596160205954814,0.09553391426662247,0.09171309710745502,0.07923860794683481
0.0,0.0,50.31711010636535,0.06317753026395455,0.2946506784868948,0.7704544113703289,0.7704544113703289,0.2712931993250107,0.7332121111929345,0.0,50.80954241085034,14.430869689661812,hard,0.08513112221100995,0.09631911690497387,0.09044381104439334,0.08095290969537904
0.0,0.0,49.72595450344253,0.0648325198258986,0.2812854645580712,0.8170679286326199,0.8170679286326199,0.2712931993250107,0.7539230729988305,0.0,41.52746079403363,14.430869689661812,hard,0.08452457317389002,0.10035219983405054,0.09075828051671386,0.08464879140867043
0.0,0.0,35.613413524518464,0.06598322132223393,0.29048063391661266,0.8,0.8,0.3,0.7211102550927979,0.0,31.29721393351172,14.430869689661812,hard,0.08461093958133667,0.1028821827556737,0.09104381853005353,0.08761016514141479
0.0,0.0,37.96890001615435,0.06725865297733528,0.25685696161310456,0.8440379138403676,0.8440379138403677,0.3,0.6708203932499369,0.0,35.21718330588067,14.430869689661812,hard,0.0846356204939406,0.10533537818370772,0.09081058078086053,0.09138678877523279
0.0,0.0,35.441922061391985,0.06816956438666985,0.24388671121921193,0.8901685233707155,0.8901685233707155,0.3,0.5758472019555188,0.0,34.253735562709075,14.430869689661812,hard,0.08472250439588651,0.10791379075629202,0.09053086230898652,0.09497454300385395
0.0,0.0,35.85658407563154,0.06881013310931958,0.21243263403936022,0.8953211714239756,0.8953211714239756,0.3,0.5291502622129182,0.0,32.81736735327805,14.430869689661812,hard,0.08441111509692759,0.10888656787096107,0.09055096496460983,0.09821515058428813
0.0,0.0,22.257264279525707,0.06953248615890548,0.18985968674603534,0.8953211714239756,0.8953211714239756,0.3,0.5291502622129182,0.0,22.034845132199138,14.430869689661812,hard,0.08448244340181456,0.11007131582776486,0.0907344511426942,0.10161959204486473
0.0,0.0,20.32137825511528,0.07025060398590688,0.17633627333064422,0.8953211714239756,0.8953211714239756,0.3,0.5291502622129182,0.0,20.256988917408236,14.430869689661812,hard,0.08540378730971689,0.11136812520277709,0.09116659174035703,0.1029847062537915
0.0,0.0,21.45674762413107,0.07103467510060976,0.1638272305283523,0.8953211714239756,0.8953211714239756,0.3,0.5291502622129182,0.0,19.23022620771789,14.430869689661812,hard,0.0865868701603666,0.11235045873864834,0.09118901318668106,0.1044287142571927
0.0,0.0,20.73726819012719,0.0714198869171412,0.15473928455046582,0.8953211714239756,0.8953211714239756,0.3,0.5291502622129182,0.0,20.63055016231996,14.430869689661812,hard,0.08678156599539168,0.1131723066117682,0.09103490052859685,0.10637629954757487
0.0,0.0,24.491409733806435,0.07208792356361514,0.13902708888767815,0.8953211714239756,0.8953211714239756,0.3,0.5291502622129182,0.0,23.33594652033639,14.430869689661812,hard,0.08709699971083079,0.11386926166493946,0.09080576088311779,0.10886758804477537
0.0,0.0,18.82904282043366,0.07272234444841774,0.128645594822827,0.8953211714239756,0.8953211714239756,0.3,0.5291502622129182,0.0,18.353157766444443,14.430869689661812,hard,0.08813820970257347,0.11486345108543106,0.09115168810383864,0.111073205028392
0.0,0.0,33.69117167898675,0.07339989091646126,0.11648312190934298,0.8953211714239756,0.8953211714239756,0.3,0.5291502622129182,0.0,33.972553627892026,14.430869689661812,hard,0.09009464861440855,0.1153055012308575,0.09168664542188512,0.11273568846079106
0.0,0.0,22.897558725660193,0.07329626216881714,0.10752313996427386,0.8953211714239756,0.8953211714239756,0.3,0.5291502622129182,0.0,19.794352730008626,14.430869689661812,hard,0.09040867654388407,0.11522854265707165,0.0914840218387571,0.11402954688987739
0.0,0.0,19.108828085523193,0.07393339290339414,0.0934181650088273,0.8953211714239756,0.8953211714239756,0.3,0.5291502622129182,0.0,18.80788132672046,14.430869689661812,hard,0.09086937107477529,0.11661688984956277,0.09217531701934319,0.11493477924295624
0.0,0.0,23.636844040035577,0.07388201196951198,0.40136250898003445,0.8953211714239756,0.8953211714239756,0.4270831300812525,0.5291502622129182,0.0,22.69837879673348,14.430869689661812,hard,0.09061376562639413,0.11657122240989126,0.09256685121900221,0.11590214359618858
0.0,0.0,32.22768028499349,0.07381070899761215,0.37353479322953803,0.8953211714239756,0.8953211714239756,0.4270831300812525,0.5291502622129182,0.0,31.915018408266665,14.430869689661812,hard,0.09049884146630306,0.11642935799643633,0.09237461577588517,0.1175072290270816
0.0,0.0,25.777783383786286,0.07433903986297903,0.36025752507199127,0.8953211714239756,0.8953211714239756,0.4270831300812525,0.5291502622129182,0.0,24.0546128632327,14.430869689661812,hard,0.09036812813457354,0.11668120266891648,0.09303748325123921,0.11936593644056129
0.0,0.0,16.51868026513516,0.07470960096532756,0.3870718607795474,0.8953211714239756,0.8953211714239756,0.44899888641287294,0.5291502622129182,0.0,15.473448225912671,14.430869689661812,hard,0.09054255749133504,0.11703571907380346,0.09338336097157598,0.12054984101300119
0.0,0.0,32.692518181224116,0.07542004758098678,0.3717192674987592,0.9,0.9,0.44899888641287294,0.554616984954482,0.0,30.03747659175118,14.430869689661812,hard,0.09109233470883588,0.11815887312457711,0.09426523914552971,0.12135421124231092
0.0,0.0,47.8878655275528,0.07661433938194061,0.3452197714509642,0.9297311439335566,0.9297311439335568,0.44899888641287294,0.7068238818828917,0.0,40.58904285641631,14.430869689661812,hard,0.0915549944541418,0.1190409428226768,0.09535580732355367,0.12141081223079964
0.0,0.0,32.45179792901156,0.07746894779543777,0.34653822667112105,1.0205880657738458,1.0205880657738458,0.49999999999999994,0.7909487973314075,0.0,29.515257071555382,14.430869689661812,hard,0.09111006663228786,0.1192254554609568,0.09655097319340192,0.12375175738141486
0.0,0.0,47.2008590899841,0.07830074189582574,0.31385740847879895,1.0524257693538297,1.0524257693538297,0.49999999999999994,0.854400374531753,0.0,39.63148243505408,14.430869689661812,hard,0.09192466670469483,0.1189239772482239,0.09791183126713868,0.12303210249869492
0.0,0.0,52.921484932413556,0.07876921656821856,0.3881890028343622,1.0688311372709909,1.0688311372709909,0.5868560300448484,0.8541662601625049,0.0,49.121567564563726,14.430869689661812,hard,0.09254639171086701,0.1188253933647673,0.09891787056566033,0.12225009651637272
0.0,0.0,20.623617835824472,0.07935061607257424,0.4053038626403976,1.0954451150103321,1.0954451150103321,0.6248199740725323,0.854166260162505,0.0,20.370017182123338,14.430869689661812,hard,0.09290435134314537,0.11863771351963404,0.10035303486810154,0.12306525273621699
0.0,0.0,41.94592539138331,0.0795808065475063,0.38026209534296584,1.0777754868245983,1.0777754868245983,0.6248199740725323,0.7683749084919419,0.0,38.80262362263665,14.430869689661812,hard,0.0933915879417215,0.11836903330289233,0.10120754099533835,0.12217285563143972
0.0,0.0,19.924927418250057,0.08005632978800149,0.36514961012032304,1.0547037498748169,1.0547037498748169,0.6248199740725323,0.7644605941446557,0.0,19.671298889498882,14.430869689661812,hard,0.09433933122153809,0.11815061065743371,0.10248361537984936,0.12251036448983411
0.0,0.0,39.88192886457234,0.08035028410836285,0.3514639365637767,1.0355674772799695,1.0355674772799695,0.6248199740725323,0.7,0.0,34.195461687188846,14.430869689661812,hard,0.09417622137778767,0.11810475866276945,0.1028787026424036,0.12433184093748574
0.0,0.0,20.481386219471236,0.08108116539878599,0.38392917813753724,0.9961927524329817,0.9961927524329818,0.66,0.6575712889109439,0.0,21.093212178328837,14.430869689661812,hard,0.0945092519457401,0.11851185973567727,0.10387374563710411,0.125161860296511
0.0,0.0,16.569725441623376,0.08141184938316029,0.3671017962358484,0.9961927524329817,0.9961927524329818,0.66,0.6575712889109439,0.0,16.405182108102306,14.430869689661812,hard,0.09463935457066498,0.11857846834350988,0.10445425755521812,0.12563123247904828
0.0,0.0,19.719622816176525,0.0819323255887907,0.35485449676194636,0.9961927524329817,0.9961927524329818,0.66,0.6575712889109439,0.0,15.95323164753775,14.430869689661812,hard,0.09500094344120402,0.11856806707841856,0.10510213073851953,0.12744929871099386
0.0,0.0,18.529868615222103,0.08239543626738847,0.36773996777775,0.9961927524329817,0.9961927524329818,0.66332495807108,0.6575712889109439,0.0,18.944719580928084,14.430869689661812,hard,0.09488351527981086,0.11842898283762594,0.1060554709323668,0.12844539952116035
0.0,0.0,23.0221723907585,0.08302371381709647,0.3804008094487622,0.9961927524329817,0.9961927524329818,0.6660330322138687,0.6575712889109439,0.0,18.142557702815775,14.430869689661812,hard,0.0948615516563277,0.11849239926775057,0.10764358980932909,0.12923943060577747
0.0,0.0,29.559318596275297,0.08342592327232616,0.3566502690264007,0.980612053770501,0.980612053770501,0.6660330322138687,0.5499090833947009,0.0,26.82629307228265,14.430869689661812,hard,0.0956275976331912,0.11886004954655018,0.1065907770905167,0.13049799792504943
0.0,0.0,17.80766178471033,0.08395929410089964,0.3658910427588956,0.980612053770501,0.980612053770501,0.6681317235396027,0.5499090833947009,0.0,17.6836195389971,14.430869689661812,hard,0.09651753898029154,0.11879013669938245,0.10746837496573283,0.13127142621333177
0.0,0.0,16.177806924928678,0.08451653047872627,0.37552112879174954,0.980612053770501,0.980612053770501,0.6696267617113283,0.5499090833947009,0.0,12.586103447850729,14.430869689661812,hard,0.09697445365308699,0.11910472438560343,0.10842431461750252,0.1319073788538944
0.0,0.0,17.812176809414673,0.08466771379567994,0.380343674716456,0.980612053770501,0.980612053770501,0.6705221845696084,0.5499090833947009,0.0,10.649018734136963,14.430869689661812,hard,0.09787301789104993,0.119376042963592,0.10835668230291462,0.13211511733285292
0.0,0.0,19.502602436308536,0.08506601821278552,0.35293337884432424,0.980612053770501,0.980612053770501,0.6705221845696084,0.5499090833947009,0.0,18.416307990474095,14.430869689661812,hard,0.09858718802829529,0.11983888122853928,0.10838689502320893,0.132421924173642
0.0,0.0,14.976540840564809,0.08529441964225866,0.33055253563609693,0.980612053770501,0.980612053770501,0.6705221845696084,0.5499090833947009,0.0,14.474860966517088,14.430869689661812,hard,0.09913374857324542,0.12039748325197544,0.10880112650892375,0.13282747848109083
0.0,0.0,20.684256244310042,0.08580431800448293,0.4091485977281534,0.980612053770501,0.980612053770501,0.72691127381545,0.5499090833947009,0.0,17.02097529520562,14.430869689661812,hard,0.09998578517726033,0.12082437156761439,0.10955267553529789,0.1334491569932435
0.0,0.0,19.617551149295387,0.08621707519249386,0.42101140645031043,1.004987562112089,1.004987562112089,0.7236021006050217,0.5758472019555188,0.0,14.204633047002659,14.430869689661812,hard,0.10051208712273034,0.12102981454320644,0.11006057317264795,0.13393425666818903
0.0,0.0,23.033974814133796,0.08674010097720551,0.3935560642405079,0.9911609354691093,0.9911609354691093,0.7236021006050217,0.6437390775772432,0.0,22.702149677949002,14.430869689661812,hard,0.10116382320710349,0.12192256445549084,0.11092056097701161,0.1346514202378284
0.0,0.0,25.920804261167547,0.08728880195389178,0.41932849787779114,0.9682974749528165,0.9682974749528164,0.7745966692414834,0.7745966692414834,0.0,23.804545784366482,14.430869689661812,hard,0.102641580582436,0.12262708476084008,0.11175121378630931,0.13501354107566693
0.0,0.0,30.94293005328916,0.08799170580140257,0.41294844707721684,0.9951884243699782,0.9951884243699783,0.7972452571197899,0.8207313811473276,0.0,21.407437959737265,14.430869689661812,hard,0.10283019895247009,0.12362259731861751,0.11265916087958304,0.13603729026620784
0.0,0.0,32.707501989340024,0.0890501362186541,0.43983448126995633,0.9977975746613137,0.9977975746613137,0.8151073548925932,0.9,0.0,25.784499219492318,14.430869689661812,hard,0.10314008164465938,0.12397472210116589,0.11328208236423291,0.1390573328534826
0.0,0.0,36.6279910748194,0.0904102936068348,0.45975832818261636,0.9624967532412771,0.9624967532412771,0.835224520712844,0.8890444308357148,0.0,28.92503413999714,14.430869689661812,hard,0.10424261587287836,0.1255547083350468,0.11447919752052707,0.1402192705280229
0.0,0.0,37.38117819658581,0.09107951413691164,0.4756501536456479,0.9210863151735564,0.9210863151735564,0.8774964387392122,0.8765842800324449,0.0,33.84331544042339,14.430869689661812,hard,0.10425196580494704,0.12591352360273714,0.11453479192089548,0.14069154298223227
0.0,0.0,20.581481618252464,0.09148491965209618,0.45523196509488073,0.9425497334358544,0.9425497334358544,0.8774964387392122,0.8774964387392122,0.0,17.799370775395406,14.430869689661812,hard,0.10375965917490061,0.1259913424510464,0.11466937028096459,0.14195093945710813
0.0,0.0,34.50528884015678,0.09138265822541958,0.43717064372665837,0.9635351576356723,0.9635351576356723,0.8774964387392122,0.8022468448052631,0.0,30.97446690420999,14.430869689661812,hard,0.1043603466624302,0.12574466977607027,0.11392266605481398,0.14220361295796535
0.0,0.0,36.76806502739704,0.09201833806706612,0.46506855231995503,0.9431860898041277,0.9431860898041277,0.9173875952943773,0.7745966692414834,0.0,29.73708795427017,14.430869689661812,hard,0.10474540085361171,0.1254368198403274,0.11441671351187573,0.14276726879693852
0.0,0.0,26.45337873780594,0.09192930094491505,0.44770368520065096,0.9425497334358542,0.9425497334358542,0.9173875952943773,0.7453858061433689,0.0,22.374315631991966,14.430869689661812,hard,0.10507432678705607,0.1254848608421298,0.11459868992855923,0.14238536113227707
0.0,0.0,12.923258910764275,0.09209001312888075,0.4263572455659142,0.9431860898041278,0.9431860898041278,0.9173875952943773,0.7418894796396563,0.0,12.028565999320119,14.430869689661812,hard,0.10538407500512866,0.12551866827433472,0.11431165159296383,0.14307623023142016
0.0,0.0,38.01104353092109,0.09297620573026881,0.40294720207263157,0.9431860898041277,0.9431860898041277,0.9173875952943773,0.6764613810115104,0.0,27.493155511872406,14.430869689661812,hard,0.10583632931805854,0.12598219525656637,0.11520404499648267,0.14327494221665016
0.0,0.0,27.37712352242894,0.09372860716786485,0.41333210918375507,0.9431860898041277,0.9431860898041277,0.9340235543068494,0.6764613810115104,0.0,23.351753681468978,14.430869689661812,hard,0.1067461495813264,0.12697214650224378,0.11601194030448476,0.1435528181405564
0.0,0.0,29.583200313309174,0.09340632621041196,0.3909187363469537,0.9433981132056604,0.9433981132056604,0.9340235543068494,0.5744562646538028,0.0,23.96838751355627,14.430869689661812,hard,0.10673568563806561,0.1273615706505438,0.1158219965083542,0.1425140462017563
0.0,0.0,13.215326432585218,0.09344516183610387,0.4373128413051721,0.9433981132056604,0.9433981132056604,0.9797958971132712,0.5744562646538028,0.0,12.781236246936368,14.430869689661812,hard,0.10675630640783351,0.1274539044873548,0.11561033952683228,0.14319095482857055
0.0,0.0,14.653167895773265,0.09334735319484942,0.446763944471284,0.9433981132056604,0.9433981132056604,0.9666436778875658,0.5744562646538028,0.0,13.109935163836624,14.430869689661812,hard,0.10668528268803504,0.12748195912579022,0.11602913091070922,0.14364315093727695
0.0,0.0,26.153663958042088,0.0934284479795356,0.4470079425597435,0.9433981132056604,0.9433981132056604,0.98,0.5744562646538028,0.0,14.24522376096634,14.430869689661812,hard,0.10692602550191967,0.12758977837526939,0.11570646408636373,0.145068280015974
0.0,0.0,16.054540529409554,0.09326322372928392,0.4228017402745571,0.9433981132056604,0.9433981132056604,0.98,0.5744562646538028,0.0,15.855598380382874,14.430869689661812,hard,0.10728816795124325,0.12760923865635765,0.11529457756022117,0.1450814538447974
0.0,0.0,13.391865581156855,0.0934077422590445,0.4029711313678454,0.9433981132056604,0.9433981132056604,0.98,0.5744562646538028,0.0,10.26964458976064,14.430869689661812,hard,0.10778975648246956,0.12739257783083907,0.11538859259793573,0.14564075435411983
0.0,0.0,25.795929406181223,0.09394287566596769,0.37909991281719524,0.9433981132056604,0.9433981132056604,0.98,0.5744562646538028,0.0,21.37307652164283,14.430869689661812,hard,0.10830682857907614,0.12744371693107379,0.11583543328267983,0.14706054104911187
0.0,0.0,34.699758184826266,0.09437330534543409,0.3791971692016962,0.9433981132056604,0.9433981132056604,0.9927738916792685,0.5744562646538028,0.0,25.726375570608464,14.430869689661812,hard,0.10935023075263144,0.12732547452952472,0.1170884868980197,0.14844932546365194
0.0,0.0,17.106382943578584,0.09430197037766974,0.35592001175588334,0.9425497334358542,0.9425497334358542,0.9927738916792685,0.626418390534633,0.0,17.319226310664114,14.430869689661812,hard,0.10976897894867088,0.1270015741290197,0.11695029767786476,0.14978889662552441
0.0,0.0,24.234485203523306,0.09486580272392905,0.3269122548758777,0.964157663455516,0.964157663455516,0.9927738916792685,0.692820323027551,0.0,24.2025122662917,14.430869689661812,hard,0.11026262278233433,0.12698252296091436,0.11791293503844348,0.15098668637147405
0.0,0.0,47.05882478335919,0.0953732958552959,0.3571310302887646,0.964157663455516,0.964157663455516,1.044030650891055,0.82365041127896,0.0,41.57799898985039,14.430869689661812,hard,0.11031219633017897,0.12645704917632525,0.11866310642859162,0.14845457895020742
0.0,0.0,36.57410363692378,0.09501510982164589,0.31481135988089526,0.9624967532412773,0.9624967532412773,1.044030650891055,0.9243376006633074,0.0,31.97912444079731,14.430869689661812,hard,0.11042500311379173,0.12623793566242084,0.11937711422296185,0.14557881584413668
0.0,0.0,23.22982117173268,0.09512010859807175,0.2907653691367529,0.9184770002564028,0.9184770002564028,1.044030650891055,0.9442457307290301,0.0,22.550929027425898,14.430869689661812,hard,0.11036501258826814,0.12674669091188925,0.11947782514813426,0.14483559841235905
0.0,0.0,33.69951825574661,0.09484671452512831,0.2632304853475146,0.9635351576356723,0.9635351576356723,1.044030650891055,0.9433981132056604,0.0,27.390246439198027,14.430869689661812,hard,0.1100883272209873,0.1258482199546895,0.11983252036582769,0.14285319630719182
0.0,0.0,44.5397156385138,0.09531027717371875,0.29404771703199095,0.9610411021387171,0.9610411021387171,1.0740577265678042,0.9357350052231668,0.0,44.85830580840074,14.430869689661812,hard,0.10965931565352134,0.12693852312758544,0.12051907317637799,0.1419582683200454
0.0,0.0,24.368975079960798,0.09550018198605521,0.30825580120460583,0.9816312953446422,0.9816312953446422,1.0846197490365,0.8544003745317531,0.0,22.462413049358698,14.430869689661812,hard,0.1095483753331057,0.12747417291778906,0.12142688500535294,0.14121266238954186
0.0,0.0,27.28306580318835,0.09541788675222103,0.3222306926408268,0.9610411021387171,0.9610411021387171,1.076289923765897,0.8052328855678957,0.0,24.505354516921397,14.430869689661812,hard,0.10967183860039338,0.12773005444730148,0.12052733679200012,0.14070949558654502
0.0,0.0,28.478801703878975,0.09493833782787477,0.33672147296722327,0.9591663046625439,0.9591663046625439,1.0675204916066012,0.7787168933572715,0.0,25.419087316424246,14.430869689661812,hard,0.10981461904781757,0.12661338122574597,0.12021101601447161,0.14026563995390062
0.0,0.0,31.351438134901606,0.09497568795435153,0.3170018453093899,0.938083151964686,0.938083151964686,1.0675204916066012,0.7745966692414834,0.0,29.754434963547872,14.430869689661812,hard,0.10993783128173888,0.12591386621539816,0.11961589135598241,0.13995502878562108
0.0,0.0,33.63018659884955,0.09511029752225322,0.29550588242392983,0.916515138991168,0.916515138991168,1.0675204916066012,0.71442284397967,0.0,27.332830076667875,14.430869689661812,hard,0.10870499784188753,0.12629759223212,0.11939860534376062,0.13974036174767487
0.0,0.0,28.292085289857095,0.09435456731107826,0.27714130402451687,0.916515138991168,0.916515138991168,1.0675204916066012,0.71442284397967,0.0,23.91559323955816,14.430869689661812,hard,0.10787013072869042,0.12654026986066536,0.11860001411162654,0.13927617051234856
0.0,0.0,23.98119606287969,0.09397288826748312,0.3281977152390686,0.9400000000000001,0.9400000000000001,1.0486181383134663,0.62,0.0,23.03822909860912,14.430869689661812,hard,0.10753104533334663,0.1266434229804372,0.11824655858710642,0.13903324217970411
0.0,0.0,24.503761830094348,0.09347875540994849,0.30478112035603083,0.9400000000000001,0.9400000000000001,1.0486181383134663,0.62,0.0,22.70154179786034,14.430869689661812,hard,0.10749644190213967,0.12700424553945572,0.11794775787913635,0.13778729402885279
0.0,0.0,17.276751073209386,0.09313102703527823,0.3149773696307484,0.9400000000000001,0.9400000000000001,1.0762899237658967,0.62,0.0,16.99257484903333,14.430869689661812,hard,0.10739016680249187,0.1271083467815297,0.11778773705351896,0.1376973251493116
0.0,0.0,20.486248523366314,0.09260415223824897,0.3231586085427802,0.9400000000000001,0.9400000000000001,1.0660206376989143,0.62,0.0,19.75069619026124,14.430869689661812,hard,0.10744118575101055,0.1271842799426568,0.11779178987300178,0.13729105760800892
0.0,0.0,19.75423274297792,0.09261847306191169,0.32949737518609107,0.9400000000000001,0.9400000000000001,1.092520022699813,0.62,0.0,20.110106911699894,14.430869689661812,hard,0.10831869064228519,0.12752309848046323,0.11780600770797418,0.13727525133428797
0.0,0.0,23.561521182624098,0.09284051073827809,0.3140098100326542,0.9400000000000001,0.9400000000000001,1.092520022699813,0.62,0.0,18.435661094737014,14.430869689661812,hard,0.10863359389231114,0.12796568012288537,0.11807951817054178,0.1375996683980278
0.0,0.0,18.709532173482955,0.09260630141250403,0.29884650337334956,0.9400000000000001,0.9400000000000001,1.092520022699813,0.62,0.0,18.253777691206825,14.430869689661812,hard,0.10883433282925452,0.1279834985203317,0.11824881379365884,0.13781539023800612
0.0,0.0,24.878160458811188,0.09293639060031895,0.27669842551838103,0.9400000000000001,0.9400000000000001,1.092520022699813,0.62,0.0,24.35839896216498,14.430869689661812,hard,0.10895372148949774,0.12849926456678493,0.1189326667197039,0.13798347666474997
0.0,0.0,10.208214522202452,0.0928338528693352,0.2583708561132916,0.9400000000000001,0.9400000000000001,1.092520022699813,0.62,0.0,9.647984245426606,14.430869689661812,hard,0.1090000737585645,0.12863527824254908,0.11898860193201345,0.13767268491693319
0.0,0.0,29.944380206616824,0.09290159338150723,0.22302816017185909,0.9433981132056604,0.9433981132056604,1.092520022699813,0.7158212067269312,0.0,27.43691673639733,14.430869689661812,hard,0.10921195121927608,0.12916501313201625,0.11783474582931157,0.13784387580449933
0.0,0.0,37.8993873011204,0.09263708802576964,0.2736085319952393,0.9433981132056604,0.9433981132056604,1.088852607105296,0.8544003745317531,0.0,32.93550667592652,14.430869689661812,hard,0.10905533798489406,0.12964625214108233,0.11706998618809189,0.1380070928987886
0.0,0.0,38.27864722443196,0.09337499764235078,0.25046220584744117,0.9643650760992956,0.9643650760992956,1.088852607105296,0.9271461589199407,0.0,22.631623892244235,14.430869689661812,hard,0.11164288303583245,0.13092332528474135,0.11701439593554772,0.13832106753561912
0.0,0.0,25.827186626276713,0.09347006806340298,0.28761910025225873,1.0047885349664376,1.0047885349664376,1.1315476127852508,0.9797958971132712,0.0,23.62816116417018,14.430869689661812,hard,0.11175575864373814,0.1313370366819153,0.1167590799439325,0.1390149117021404
0.0,0.0,39.29689475754008,0.09290860706329739,0.3032994902507467,1.004987562112089,1.004987562112089,1.1377170122662312,0.9759098319004682,0.0,32.94373992126577,14.430869689661812,hard,0.11224544692191428,0.13255273860768146,0.11651530161208168,0.13824008611263527
0.0,0.0,31.357600140662687,0.09234558564304862,0.2811048998653403,0.9830564581955606,0.9830564581955606,1.1377170122662312,0.9887365675446621,0.0,31.535782850596874,14.430869689661812,hard,0.11269554934243094,0.13295218826058,0.11402530582169926,0.13879439492756865
0.0,0.0,49.575320359627035,0.09294768231528965,0.2576412307653272,1.0017983829094554,1.0017983829094554,1.1377170122662312,0.9184770002564027,0.0,40.375383589509084,14.430869689661812,hard,0.11356922531450227,0.1329412440344006,0.11458356889744015,0.13811118921538104
0.0,0.0,24.28982149202195,0.09314301403279185,0.28047776356840665,0.9797958971132713,0.9797958971132713,1.1258774356030055,0.8997777503361595,0.0,21.063418525965815,14.430869689661812,hard,0.11373093045184446,0.13258346594130227,0.11480178381097725,0.13840445639464338
0.0,0.0,16.253264658006515,0.09317310035932123,0.26293038059063395,1.0,1.0,1.1258774356030055,0.8541662601625051,0.0,16.602903360557153,14.430869689661812,hard,0.11402153240595204,0.1327324230771099,0.11494618342621098,0.1383721752413658
0.0,0.0,36.63279306943892,0.093585024770321,0.2515961676075807,0.9840731680114034,0.9840731680114034,1.1258774356030055,0.8268010643437754,0.0,30.986842368979772,14.430869689661812,hard,0.11502718355090558,0.1333859705108529,0.11506805754808953,0.1386791286841186
0.0,0.0,28.897314105877694,0.09340941736454164,0.23361064294719133,1.0047885349664376,1.0047885349664376,1.1258774356030055,0.8,0.0,27.459788782873037,14.430869689661812,hard,0.11579858753929209,0.1329994086914162,0.11425422197293966,0.1387233228158934
0.0,0.0,23.46732799478427,0.09330284889218445,0.35638228231972674,1.0047885349664376,1.0047885349664376,1.1412274094149684,0.71442284397967,0.0,23.74724405062617,14.430869689661812,hard,0.1161048600875454,0.1321156206606706,0.11360186246593569,0.13899679679582294
0.0,0.0,32.47136031547422,0.0927730162457189,0.4251595874981903,0.9848857801796105,0.9848857801796105,1.1838918869558994,0.62,0.0,26.321010618895315,14.430869689661812,hard,0.11645447386725055,0.13146853544310774,0.11301559711441592,0.13922770024057052
0.0,0.0,20.14998086251554,0.09249945571117268,0.42498923153067253,0.9848857801796105,0.9848857801796105,1.1874342087037917,0.62,0.0,19.49806144210239,14.430869689661812,hard,0.1161655926130217,0.13067979308006505,0.11252232292553052,0.13962269696870983
0.0,0.0,18.052864651046743,0.09233715760478188,0.42507512299594524,0.9848857801796105,0.9848857801796105,1.1737120600896969,0.62,0.0,16.898816526609192,14.430869689661812,hard,0.11688316851635908,0.13041390400149405,0.1121919010820835,0.13995005847291156
0.0,0.0,10.480362416527992,0.09248069256151348,0.4013620305309995,0.9848857801796105,0.9848857801796105,1.1737120600896969,0.62,0.0,10.137060717979349,14.430869689661812,hard,0.11728772564724943,0.13016555835118782,0.11254353893282024,0.1405341971294238
0.0,0.0,19.626426411224784,0.09258627093157476,0.3772041437141841,0.9848857801796105,0.9848857801796105,1.1737120600896969,0.62,0.0,9.158602513484249,14.430869689661812,hard,0.1173926716266447,0.1301525001950796,0.11257679225016498,0.14118407464764543
0.0,0.0,16.27613153522519,0.09275519856297866,0.4106570932122457,0.9848857801796105,0.9848857801796105,1.1791522378386938,0.62,0.0,15.26302722267113,14.430869689661812,hard,0.11763313188303533,0.1301922675047355,0.11299981294251418,0.1417493878920514
0.0,0.0,32.71295588951589,0.09258949178618149,0.4340364695361028,0.9848857801796105,0.9848857801796105,1.2165525060596438,0.62,0.0,24.579674529985134,14.430869689661812,hard,0.1180285624938845,0.12998508622470914,0.1125941026530251,0.14230126500833667
0.0,0.0,16.831460459530124,0.09265311992531614,0.40798489724650444,0.9848857801796105,0.9848857801796105,1.2165525060596438,0.62,0.0,9.968450230602548,14.430869689661812,hard,0.11817521015098145,0.1301700526175367,0.11271931961430792,0.14263890100911597
0.0,0.0,16.046372175610728,0.0930205282067751,0.3863442250531581,0.9848857801796105,0.9848857801796105,1.2165525060596438,0.62,0.0,15.713739211276227,14.430869689661812,hard,0.11839476437235531,0.13029091112725763,0.11331469108128393,0.14316807861089764
0.0,0.0,31.683190742218933,0.09293883139972722,0.36288123635354536,0.9643650760992956,0.9643650760992956,1.2165525060596438,0.6708203932499369,0.0,29.39570716958515,14.430869689661812,hard,0.11880550677174542,0.13069581006555736,0.11326656176589019,0.14101173678360926
0.0,0.0,18.88863131531595,0.09313144487585472,0.35776740790659006,0.9624967532412773,0.9624967532412773,1.234341929936758,0.7745966692414834,0.0,19.30016580239662,14.430869689661812,hard,0.11858365008977954,0.13167428978612616,0.11399607903388097,0.1403595465750765
0.0,0.0,50.227294853099515,0.0931329105474306,0.3889520600817223,0.9624967532412771,0.9624967532412771,1.22,0.8681013765684282,0.0,47.102106110024415,14.430869689661812,hard,0.11908296043565522,0.1317921936913585,0.11439597829273894,0.1380636258233693
0.0,0.0,39.01965139885213,0.09336079890299172,0.3600599177123326,0.964157663455516,0.964157663455516,1.22,0.9372299611087984,0.0,29.36988934265841,14.430869689661812,hard,0.11976177385072365,0.13187465659734265,0.11499778829167717,0.13757419328184664
0.0,0.0,16.06610732031848,0.09332401397433814,0.33421936743745584,0.9431860898041277,0.9431860898041277,1.22,0.9457272334029511,0.0,15.931465720391202,14.430869689661812,hard,0.12011958475486925,0.13148244375818008,0.11435685287123706,0.13803438052043668
0.0,0.0,19.899742208014374,0.09380566948337304,0.301243740828921,0.9217374897442331,0.9217374897442331,1.22,0.9707728879609278,0.0,18.95600168811978,14.430869689661812,hard,0.12015918084274342,0.13175991811582471,0.11480828649684433,0.13838490896676775
0.0,0.0,26.784697033309058,0.09453834627920718,0.278164789659282,0.9643650760992956,0.9643650760992956,1.22,0.9219544457292886,0.0,26.313768259221252,14.430869689661812,hard,0.12093832045763905,0.13254468253558227,0.11469347483564653,0.1386289733627344
0.0,0.0,24.558124303373575,0.0948355297466668,0.32119479252028693,0.964157663455516,0.964157663455516,1.2204917041913885,0.9112628599915613,0.0,19.569200290252027,14.430869689661812,hard,0.12133140344893742,0.13275360668562805,0.11490833408490018,0.13896718743897832
0.0,0.0,22.13246099420786,0.09503863234093932,0.30422073418178275,0.964157663455516,0.964157663455516,1.2204917041913885,0.8944271909999159,0.0,15.414071493281714,14.430869689661812,hard,0.12164629015284538,0.1328771475249983,0.11498906286463056,0.13878902613741842
0.0,0.0,17.36992402021822,0.09509576731594145,0.2879020826228242,0.964157663455516,0.964157663455516,1.2204917041913885,0.8944271909999159,0.0,11.974973903938164,14.430869689661812,hard,0.12175790879132184,0.1329550196405526,0.11471097729628148,0.13884144475126747
0.0,0.0,25.949714016152186,0.09551017737681579,0.3085204439204452,1.0047885349664376,1.0047885349664376,1.2206555615733703,0.8754427451295715,0.0,21.05824304162149,14.430869689661812,hard,0.12231845297485762,0.1331013055746359,0.11414249982677373,0.13976651377126348
0.0,0.0,30.55430812604732,0.09562759907802804,0.40739882340546013,1.0229369482035537,1.0229369482035537,1.250439922587247,0.8541662601625049,0.0,22.652867368172185,14.430869689661812,hard,0.1233120746239844,0.1333991729929345,0.11380919688968284,0.14053797403612678
0.0,0.0,23.821255800784147,0.09530822697043805,0.4115076688904469,0.9816312953446422,0.9816312953446422,1.2328828005937953,0.72691127381545,0.0,23.83060217451502,14.430869689661812,hard,0.12357222015661405,0.13359645885525864,0.1122556167079769,0.1411332380387769
0.0,0.0,11.697130918461395,0.09521222882521853,0.41043786951135675,0.9591663046625439,0.9591663046625439,1.2472369462135093,0.6974238309665077,0.0,11.195374044666842,14.430869689661812,hard,0.12368811723180274,0.13365151096519562,0.11207460896652044,0.1413595785505738
0.0,0.0,21.568933765854556,0.09477148039443456,0.4075201097079518,0.9591663046625439,0.9591663046625439,1.2611106216347556,0.6974238309665077,0.0,20.738611332488006,14.430869689661812,hard,0.1232422669792946,0.1335231050547428,0.11180506633005263,0.1411719481949072
0.0,0.0,23.162041560418107,0.09472224667348976,0.39389929149586045,0.9591663046625439,0.9591663046625439,1.2611106216347556,0.6974238309665077,0.0,17.081264590187697,14.430869689661812,hard,0.12340521318612324,0.1342290497720002,0.11203579036180918,0.14152885442246424
0.0,0.0,17.176089720123972,0.09461617897980316,0.36983698316151215,0.9591663046625439,0.9591663046625439,1.2611106216347556,0.6974238309665077,0.0,12.773425538985224,14.430869689661812,hard,0.1235119328406935,0.1349833967478569,0.11191519037094584,0.14144314005810113
0.0,0.0,21.891403645144578,0.09483708884664922,0.34154096659464656,0.9591663046625439,0.9591663046625439,1.2611106216347556,0.6974238309665077,0.0,22.133133533234737,14.430869689661812,hard,0.12388243579065106,0.13553208149589355,0.11274875679871267,0.1415486551534967
0.0,0.0,18.53221864733418,0.09480096158146308,0.3498484239268239,0.9591663046625439,0.9591663046625439,1.258729518204765,0.6974238309665077,0.0,18.850315647224583,14.430869689661812,hard,0.12414395538401565,0.13555870293223116,0.1128972706026168,0.14169328207118673
0.0,0.0,17.418206444489496,0.09481990018490992,0.34710506763701876,0.9591663046625439,0.9591663046625439,1.3029197979921865,0.6974238309665077,0.0,17.12566495059389,14.430869689661812,hard,0.12451578654344073,0.13611291479741652,0.11286907301726758,0.14174706216013763
0.0,0.0,17.260159059961037,0.09471149254397214,0.32381670363427545,0.9591663046625439,0.9591663046625439,1.3029197979921865,0.6974238309665077,0.0,16.72278684908709,14.430869689661812,hard,0.12491464471680375,0.1359806987969259,0.11255385470326863,0.1417194042877069
0.0,0.0,26.93865937544743,0.09445423008917532,0.2995715486582045,0.9951884243699783,0.9951884243699782,1.3029197979921865,0.7483314773547882,0.0,23.945980873624702,14.430869689661812,hard,0.12511022966636776,0.13585893632176618,0.11253978337588352,0.14166425371616
0.0,0.0,16.521132180979947,0.09479753538308267,0.2644543164775165,0.9848857801796104,0.9848857801796105,1.3029197979921865,0.8544003745317531,0.0,14.559958791150477,14.430869689661812,hard,0.12524268219098666,0.13651317403414018,0.11310644880343426,0.14186392287616442
0.0,0.0,20.190796987557455,0.09516209203676747,0.24264442939292633,1.004987562112089,1.004987562112089,1.3029197979921865,0.8901685233707156,0.0,20.176233543454043,14.430869689661812,hard,0.12504895874902963,0.13736286190514632,0.11329777123258845,0.1420755662603574
0.0,0.0,12.654199984013694,0.09496945936342763,0.2095203894998195,1.0476640682967036,1.0476640682967036,1.3029197979921865,0.9666436778875658,0.0,12.026038416702319,14.430869689661812,hard,0.12511841231832413,0.13714085541878387,0.11297284743301722,0.1420933267028231
0.0,0.0,19.643046120823495,0.0947393959817983,0.2699205566961791,1.0697663296253066,1.0697663296253066,1.3570556362949902,1.0081666528902848,0.0,15.085900702311413,14.430869689661812,hard,0.12461538601508476,0.1367937569614296,0.11290929606320015,0.14295659856350953
0.0,0.0,24.97924762704087,0.0952154758904697,0.3023769823860433,1.0883014288330233,1.0883014288330233,1.3828955130450022,1.0293687385966217,0.0,23.276288363912318,14.430869689661812,hard,0.12466537628207541,0.13740931416278276,0.11370453655822309,0.14467548140482292
0.0,0.0,25.94824651774491,0.09570562393497639,0.2812200685782527,1.078702924812944,1.078702924812944,1.3828955130450022,1.000199980003999,0.0,23.80557917799943,14.430869689661812,hard,0.12399677402846417,0.13777454160863137,0.11376720154964262,0.14500654042749328
0.0,0.0,26.042309771729183,0.09651327776772223,0.24875026345347692,1.08,1.08,1.3828955130450022,1.0,0.0,26.236890059608818,14.430869689661812,hard,0.12396932135606986,0.13892262565487962,0.11528729811971945,0.1459938414710249
0.0,0.0,14.040670697328707,0.09700684257777803,0.233930800332626,1.08,1.08,1.3828955130450022,1.0,0.0,13.043005788544296,14.430869689661812,hard,0.12387432217683075,0.13939877798130323,0.11616670111122265,0.14732556624574047
0.0,0.0,34.2900336498425,0.09765949312267054,0.2970567339822067,1.0392304845413265,1.0392304845413265,1.345956908671299,1.0007996802557444,0.0,32.878570528537274,14.430869689661812,hard,0.12396922548454725,0.13933376152685753,0.11631988140986343,0.14784617778563522
0.0,0.0,17.888337140182646,0.09815895222479215,0.3243387704912948,0.9624967532412771,0.9624967532412771,1.3564659966250538,0.954148835350125,0.0,18.113243773548678,14.430869689661812,hard,0.1240971566473667,0.13950973448092965,0.11657629155660226,0.14851042700356068
0.0,0.0,13.332988197795403,0.09825311185429803,0.2964365435836278,0.9431860898041277,0.9431860898041277,1.3564659966250538,0.938083151964686,0.0,12.013259341244574,14.430869689661812,hard,0.12400362046653578,0.13924959786690727,0.11685814060183666,0.14881745997005666
0.0,0.0,22.298316503051105,0.09841060541724266,0.2726563107222936,0.9414881836751856,0.9414881836751856,1.3564659966250538,0.8522910301065006,0.0,18.9008042156941,14.430869689661812,hard,0.12403365986719683,0.13903059664645562,0.11692768168475484,0.1480098626442405
0.0,0.0,41.751586664897026,0.09815438673797705,0.25445304414014747,0.9400000000000001,0.9400000000000001,1.3564659966250538,0.8296987405076616,0.0,34.65559117949079,14.430869689661812,hard,0.12327462949201413,0.13833464846441557,0.11696309328214048,0.14548083988184063
0.0,0.0,15.96383905450237,0.09843470533284927,0.2841798651375334,0.9425497334358541,0.9425497334358541,1.3811589336495635,0.7810249675906654,0.0,15.134807564022744,14.430869689661812,hard,0.12343130678665683,0.13839796103460825,0.11736820822596944,0.1451954338365269
0.0,0.0,18.16083125428297,0.09854048562389911,0.3056363688052929,0.964157663455516,0.964157663455516,1.3617635624439361,0.699714227381436,0.0,15.121693026906742,14.430869689661812,hard,0.12334983780043776,0.1381643568006407,0.11762393041099048,0.1448279455191925
0.0,0.0,13.948595884033265,0.09870399895319669,0.3493953389889439,0.964157663455516,0.964157663455516,1.3566134305689295,0.699714227381436,0.0,13.503021884008039,14.430869689661812,hard,0.12309732908497754,0.13789890687241843,0.11795813749949514,0.14510287522388596
0.0,0.0,6.9888565669546425,0.09866453178900245,0.3312201503155648,0.964157663455516,0.964157663455516,1.3566134305689295,0.699714227381436,0.0,6.489653303528625,14.430869689661812,hard,0.12314687580763838,0.13781189580912545,0.11791982333709092,0.145292758636993
0.0,0.0,12.697189609549167,0.09880273916015157,0.3453116392379398,0.964157663455516,0.964157663455516,1.3948476619330155,0.699714227381436,0.0,11.187063957982899,14.430869689661812,hard,0.1231535055199133,0.13789453156269907,0.11843603834217964,0.14534807282010814
0.0,0.0,12.086624017261538,0.09872805157333647,0.32093966496732085,0.964157663455516,0.964157663455516,1.3948476619330155,0.699714227381436,0.0,11.651609330903607,14.430869689661812,hard,0.12306107462708417,0.13776838881017167,0.11837201054004699,0.1453253010407262
0.0,0.0,9.550513118841854,0.09885780156841281,0.2980262967702752,0.964157663455516,0.964157663455516,1.3948476619330155,0.699714227381436,0.0,8.983896704659955,14.430869689661812,hard,0.12291497118338131,0.13778660478771676,0.11876070677317094,0.14573572158791925
0.0,0.0,18.772227983108163,0.0986447868034733,0.2765629285297124,0.964157663455516,0.964157663455516,1.3948476619330155,0.699714227381436,0.0,18.853551389592358,14.430869689661812,hard,0.12270046712209211,0.13656811231221,0.11932823194598342,0.14601627011864987
0.0,0.0,17.954113625361376,0.09868401370162028,0.28454319689911084,0.9,0.9,1.3892443989449805,0.8219489035213808,0.0,14.676184790332941,14.430869689661812,hard,0.12244139541551999,0.13635268387488678,0.11964826942770235,0.14644335399132086
0.0,0.0,17.835205672743694,0.09909449540471381,0.30174044217117,0.8774964387392122,0.8774964387392122,1.397712416772492,0.8627861844049197,0.0,17.63293509317153,14.430869689661812,hard,0.12228346773276227,0.13635654488021515,0.1206865725082281,0.1468959796516644
0.0,0.0,23.69618865554412,0.09953944054941566,0.28712255174243734,0.8765842800324449,0.8765842800324449,1.397712416772492,0.9000000000000001,0.0,16.299803679799332,14.430869689661812,hard,0.12230969639287824,0.13691871659148583,0.1214451875356922,0.14737656080982273
0.0,0.0,23.791204411364742,0.09909321414410804,0.2731051550683819,0.8284926070883191,0.8284926070883191,1.397712416772492,0.9871170143402452,0.0,22.807893370497855,14.430869689661812,hard,0.12223731739570567,0.13693927657083008,0.12089389892728793,0.14623495038530582
0.0,0.0,15.664561176991585,0.09911123362898122,0.25459562923969836,0.8522910301065005,0.8522910301065005,1.397712416772492,1.0127191120937729,0.0,12.906680440764001,14.430869689661812,hard,0.1225346352421623,0.13691953806537582,0.12079723408498623,0.1462063678949962
0.0,0.0,19.464588897138768,0.09932827926104408,0.26516677957071844,0.8052328855678956,0.8052328855678956,1.3915459029439166,1.0097524449091468,0.0,19.464798997164085,14.430869689661812,hard,0.12343176411396994,0.13666671552643025,0.12052601462391112,0.14716703372448653
0.0,0.0,19.71517871210483,0.09971725348157845,0.3948951798378697,0.8,0.8,1.4069825869569246,0.9967948635501691,0.0,19.348757066023648,14.430869689661812,hard,0.12357028904696371,0.13700577763988547,0.12049872516284282,0.1473917552340427
0.0,0.0,28.30362849304604,0.09972886279044821,0.45416420503223737,0.7972452571197901,0.7972452571197901,1.45547243189282,1.0049875621120892,0.0,23.4751698609403,14.430869689661812,hard,0.12372786995116798,0.13701451140608736,0.11983412152508699,0.1457786760375289
0.0,0.0,41.516773447513415,0.09866565676501701,0.4558219728838391,0.7901898506055364,0.7901898506055364,1.461642911247477,1.0057832768544126,0.0,40.32085812578894,14.430869689661812,hard,0.12379833404361845,0.13642139362515965,0.11728878620262399,0.14329378959077976
0.0,0.0,22.40266990940342,0.09879507336651955,0.43854853405379,0.7810249675906653,0.7810249675906653,1.461642911247477,0.9643650760992956,0.0,20.828096408457494,14.430869689661812,hard,0.12416970908724902,0.1366650506389432,0.11684860634575277,0.1432134228510413
0.0,0.0,14.309412201028909,0.0987547577764529,0.43273881214993676,0.78587530817554,0.78587530817554,1.44,0.947417542586161,0.0,14.305090003212143,14.430869689661812,hard,0.1235917396007162,0.13621612961929638,0.11708560340340128,0.14280558112316996
0.0,0.0,19.63674209096609,0.09915066169101107,0.41029102827223307,0.8255906976220118,0.8255906976220118,1.44,0.8485281374238571,0.0,19.771454170090777,14.430869689661812,hard,0.12407500998783401,0.13617088928034343,0.11731240094678884,0.14288191930081143
0.0,0.0,24.376980750495843,0.09902956770830182,0.3854505898483224,0.8440379138403676,0.8440379138403676,1.44,0.8268010643437754,0.0,14.830630465357837,14.430869689661812,hard,0.12408411423683473,0.13608994971496774,0.1175515990712039,0.1419942937033359
0.0,0.0,24.78743950109065,0.09883344585312079,0.36814704052452,0.8138795979750321,0.8138795979750322,1.44,0.8039900496896712,0.0,19.652623234571,14.430869689661812,hard,0.12408771039263942,0.1353562570343944,0.11800479568568162,0.1415658600673187
0.0,0.0,15.95357756467368,0.09876595404404954,0.3966710746429437,0.8316249154516717,0.8316249154516717,1.4594519519326423,0.7799999999999999,0.0,16.193529572023515,14.430869689661812,hard,0.12433291013282964,0.13534497714854676,0.11797415573506614,0.14207768980997282
0.0,0.0,16.77612221616286,0.09895935998334503,0.37988287615549093,0.8316249154516717,0.8316249154516717,1.4594519519326423,0.7799999999999999,0.0,16.93592631065688,14.430869689661812,hard,0.12421286265297993,0.13519271435512195,0.11862273351731296,0.14204368879431736
0.0,0.0,13.376469223603047,0.0992337264163304,0.3849099845452544,0.8,0.8,1.4783774890061063,0.699714227381436,0.0,12.453112060846477,14.430869689661812,hard,0.12422289370749859,0.13542662428823,0.11915046538281539,0.14199292747164646
0.0,0.0,10.565342175083602,0.09904947557033157,0.412329658004237,0.8,0.8,1.4609585894199741,0.699714227381436,0.0,9.065450898879769,14.430869689661812,hard,0.12426219942219746,0.13534109177260206,0.11865175549232614,0.14247756690232957
0.0,0.0,34.25878436895506,0.09876494244877068,0.39207045831641313,0.8,0.8,1.4609585894199741,0.699714227381436,0.0,22.280251345081364,14.430869689661812,hard,0.12448232034561092,0.13495944138472282,0.11814586568544892,0.14287488174512253
0.0,0.0,14.024722845751294,0.09878311137532887,0.3873643877354035,0.8,0.8,1.4379151574414952,0.699714227381436,0.0,13.438586235166259,14.430869689661812,hard,0.12470780119583892,0.13499394444431081,0.11851495182199509,0.1433875499818434
0.0,0.0,17.594290123701686,0.09910468568705612,0.3890380864354837,0.8,0.8,1.469693845669907,0.699714227381436,0.0,16.658643402150126,14.430869689661812,hard,0.12474258100114917,0.13536191623894225,0.11895344809067794,0.1437009359565751
0.0,0.0,15.906033879701777,0.09946176107309845,0.42024791543809975,0.8569714114251419,0.856971411425142,1.477294825009551,0.8039900496896714,0.0,13.793273723086918,14.430869689661812,hard,0.12480968865841621,0.13553904873414824,0.11894675540664222,0.14408515313945994
0.0,0.0,30.213846702779268,0.10029855979275235,0.3865282302095961,0.8946507698538017,0.8946507698538018,1.477294825009551,0.8692525524840293,0.0,26.81155720953186,14.430869689661812,hard,0.12483181167713395,0.1357985717428197,0.12018149040739631,0.1443965108566412
0.0,0.0,11.318278048689134,0.100272795876447,0.3607215967953868,0.9167333309092671,0.9167333309092672,1.477294825009551,0.9079647570252934,0.0,11.311940593903417,14.430869689661812,hard,0.12492706503757411,0.13553755155840316,0.12005232545661536,0.14547981448442404
0.0,0.0,18.171037881633726,0.10043899271145569,0.39269680407295937,0.9593747964169165,0.9593747964169166,1.4806755215103677,0.9759098319004682,0.0,15.928138623203905,14.430869689661812,hard,0.12560836064919298,0.13542432971496068,0.12025883545417554,0.14561452591590734
0.0,0.0,13.446747589290398,0.10031133382752631,0.3631184520982388,0.9303762679690406,0.9303762679690406,1.4806755215103677,1.0,0.0,12.930599367392064,14.430869689661812,hard,0.12579324813047985,0.13504932321763927,0.12016368886481013,0.14612212218236723
0.0,0.0,22.390394193941212,0.10006097819554487,0.3675389088487786,0.9156418513807677,0.9156418513807677,1.4837789592793127,0.996794863550169,0.0,22.49967999772441,14.430869689661812,hard,0.1260314136343162,0.13488234595811674,0.12001531101502258,0.14528057150051366
0.0,0.0,12.70533695560249,0.1003610898071208,0.48770425800585077,0.9676776322722356,0.9676776322722356,1.5620499351813308,1.0097524449091468,0.0,11.530151776971541,14.430869689661812,hard,0.1268029551939761,0.1348267078221916,0.1205075867197827,0.14554386964572008
0.0,0.0,27.040262831354042,0.10136023311592685,0.4584992541455041,0.9789790600416334,0.9789790600416334,1.5620499351813308,1.0190191362285597,0.0,24.726051039339055,14.430869689661812,hard,0.12683399362623973,0.13480233885500306,0.12118368835591133,0.14651485049365626
0.0,0.0,20.997241646922202,0.10166614751729261,0.4580526838857733,1.0097524449091468,1.0097524449091468,1.5632018423735305,1.000199980003999,0.0,16.015442547741223,14.430869689661812,hard,0.12682493056069438,0.13458248100833212,0.12107802898430395,0.14583351023784424
0.0,0.0,24.52295163685911,0.10161132263337043,0.44358993476157993,0.9897474425326898,0.9897474425326898,1.5632018423735305,1.0057832768544126,0.0,16.55154373464904,14.430869689661812,hard,0.1270157690629496,0.13447918455835478,0.12127454221469498,0.14572581795694461
0.0,0.0,23.70847808936427,0.10149508185808956,0.4251706998998316,0.9676776322722356,0.9676776322722356,1.5632018423735305,0.9759098319004682,0.0,23.245894261137813,14.430869689661812,hard,0.12730480093325722,0.13407472566241024,0.12063349802104897,0.14583156069111294
0.0,0.0,20.132294756474746,0.10174147847366323,0.4234193644402214,0.9467840302835699,0.9467840302835699,1.5383107618423528,0.9433981132056605,0.0,13.974619851716897,14.430869689661812,hard,0.12766272819895447,0.13404346073230514,0.121031938422466,0.14565899676570168
0.0,0.0,19.723200861178235,0.10148372398330045,0.4378597928735451,0.9467840302835699,0.9467840302835699,1.5519020587653074,0.8856635930193812,0.0,19.440792164929906,14.430869689661812,hard,0.1276939341273239,0.1339216955327506,0.12132066707530863,0.14492782814559813
0.0,0.0,12.166477168138185,0.10161140905420993,0.4429165731753836,0.9156418513807677,0.9156418513807677,1.5524174696260025,0.8246211251235323,0.0,11.191228708233963,14.430869689661812,hard,0.1278214364645903,0.13392607041125673,0.12118023338315485,0.14496210676680316
0.0,0.0,12.21121048590613,0.1017150607786723,0.4240717220101596,0.9156418513807677,0.9156418513807677,1.5524174696260025,0.8246211251235323,0.0,12.118349722631379,14.430869689661812,hard,0.1278214364645903,0.1339751171092066,0.12135424048400831,0.14521374635103623
0.0,0.0,8.302362248537351,0.10175662326750765,0.4023857055482157,0.905317623820502,0.905317623820502,1.5524174696260025,0.8022468448052631,0.0,7.367197567596516,14.430869689661812,hard,0.12821879264353264,0.13399361247073754,0.12146729092960143,0.14509877691153988
0.0,0.0,8.73671317721756,0.10195204188376411,0.3825620033165752,0.938083151964686,0.938083151964686,1.5524174696260025,0.7255342858886822,0.0,8.170581374663618,14.430869689661812,hard,0.12838603934514878,0.13399254366723132,0.12200701306581209,0.1449850361188688
0.0,0.0,10.196208105301064,0.10218002917051845,0.3603575400172928,0.938083151964686,0.938083151964686,1.5524174696260025,0.7255342858886822,0.0,8.988080996519779,14.430869689661812,hard,0.1285490686403546,0.13396348160848445,0.1224686952287148,0.1449738897857357
0.0,0.0,13.24505533177053,0.10227455981158778,0.34302956501793413,0.938083151964686,0.938083151964686,1.5524174696260025,0.7255342858886822,0.0,8.383913167489272,14.430869689661812,hard,0.12856579610186925,0.13390157034481523,0.12256836575262937,0.14480464169561916
0.0,0.0,9.930895925182016,0.1024903367626078,0.32766352325259473,0.938083151964686,0.938083151964686,1.5524174696260025,0.7255342858886822,0.0,10.014868945722656,14.430869689661812,hard,0.12868494823281126,0.134114342347747,0.12276942930120163,0.1448018956747681
0.0,0.0,13.67426171615544,0.10265227026443373,0.3143380500433544,0.938083151964686,0.938083151964686,1.5524174696260025,0.7255342858886822,0.0,7.66,14.430869689661812,hard,0.12857676403718407,0.13416486826707055,0.12297208913383466,0.1450335215240557
0.0,0.0,12.336617418722899,0.10265875336980629,0.2984963013897946,0.9583318840568752,0.9583318840568752,1.5524174696260025,0.7807688518377254,0.0,12.783755316807344,14.430869689661812,hard,0.12855083152569322,0.13415998714325508,0.1235047745169056,0.14456793115289737
0.0,0.0,12.565195719916112,0.1031364132696662,0.2862315374858527,0.9583318840568752,0.9583318840568752,1.5524174696260025,0.7807688518377254,0.0,12.351016152527693,14.430869689661812,hard,0.12855786096063795,0.13422630472882285,0.12403601681774096,0.14629940276598952
0.0,0.0,25.14822402444857,0.10327470904879676,0.3375004846559589,0.9643650760992954,0.9643650760992954,1.5778466338652817,0.8534635317340747,0.0,19.867561501100226,14.430869689661812,hard,0.12866395235678407,0.13332568408070372,0.12445077201901263,0.1463355885906814
0.0,0.0,14.84308217329957,0.10336220614450618,0.3271954032496282,1.02,1.02,1.5778466338652817,0.8964373932405988,0.0,13.946311340279193,14.430869689661812,hard,0.12887524100179495,0.13310058585611684,0.12483378073128425,0.14621456088992346
0.0,0.0,17.38808674438997,0.10354068568400994,0.3333546102159915,1.0394229168149027,1.0394229168149027,1.6150541786577937,0.9509994742374992,0.0,13.982846634358829,14.430869689661812,hard,0.129370941169244,0.13315894270742465,0.12525746798202708,0.14642716963600183
0.0,0.0,19.961121557663844,0.10376717841708605,0.3728792291698768,1.0524257693538295,1.0524257693538297,1.6381697103780182,0.9651942809610923,0.0,15.677550829131444,14.430869689661812,hard,0.1296418716341901,0.13312030030594013,0.1266648260522281,0.14527715572069783
0.0,0.0,18.521773673810596,0.10396975646100944,0.4484943241571416,1.013706071797935,1.0137060717979351,1.6704490414256883,0.9734474818910367,0.0,14.701346877072181,14.430869689661812,hard,0.12995399030481627,0.1329096524681602,0.1273772952028284,0.14541982052399133
0.0,0.0,14.283547108370108,0.10417693464619412,0.5285931952969419,1.0,1.0,1.6522711641858305,0.9871170143402452,0.0,13.317657451669195,14.430869689661812,hard,0.12999869522805121,0.13292070637482853,0.1278190648660105,0.14538700094692755
0.0,0.0,17.086055734251133,0.10433808807613063,0.5392335249784145,0.9651942809610923,0.9651942809610923,1.6737980762326141,0.9881295461628502,0.0,15.312230405790006,14.430869689661812,hard,0.1297955765689772,0.13300108397800148,0.1283935869376255,0.14542505397845135
0.0,0.0,23.013941509808294,0.10420260910656949,0.6245547473509621,0.9314504817756014,0.9314504817756015,1.751456536714514,1.0278132126023678,0.0,19.470757561019553,14.430869689661812,hard,0.1298764163375578,0.1328181446075466,0.12802195959574553,0.1453423709167593
0.0,0.0,17.529027431390215,0.10411327029195211,0.6138178383146058,0.9228217596047461,0.9228217596047461,1.7704236781064584,0.9848857801796105,0.0,16.965718375594946,14.430869689661812,hard,0.12994491262813418,0.13255746360649065,0.1275642254748551,0.1448258222713699
0.0,0.0,15.48003748674785,0.10356805542950827,0.5804501534333446,0.916515138991168,0.9165151389911681,1.7704236781064584,0.9457272334029511,0.0,15.384459691519883,14.430869689661812,hard,0.12992837925980488,0.13212733873117102,0.12714768375959795,0.1444967328484503
0.0,0.0,20.530084613384613,0.10353012577805966,0.5880653810235404,0.928654941299512,0.928654941299512,1.777751388693031,0.8616263691415206,0.0,19.86177232776572,14.430869689661812,hard,0.13011822777196688,0.13211474561230235,0.12632045215735452,0.14407707822500082
0.0,0.0,16.74109865743351,0.10376893258925506,0.6058723571614725,0.928654941299512,0.928654941299512,1.7848249213858485,0.8616263691415206,0.0,13.702685868106295,14.430869689661812,hard,0.130064279884752,0.1320895093858907,0.1267014121057933,0.14392804441943238
0.0,0.0,22.783497095441295,0.1042588753614375,0.582030915926321,0.9499473669630334,0.9499473669630334,1.7848249213858485,0.8109253973085319,0.0,22.102452352623683,14.430869689661812,hard,0.1290844929054288,0.13208720803743795,0.12800203187619927,0.1445078218730197
0.0,0.0,27.362065733582305,0.10483346603763882,0.5612132204215184,0.9499473669630334,0.9499473669630334,1.7848249213858485,0.8109253973085319,0.0,19.70138066227847,14.430869689661812,hard,0.12861487286401269,0.13247236280346225,0.1287688005203854,0.14504932831864759
0.0,0.0,15.906070435198073,0.10502560843980745,0.5870206041040232,0.9228217596047461,0.9228217596047461,1.8027756377319948,0.7378346698278687,0.0,12.808138037981946,14.430869689661812,hard,0.12856728310947724,0.1327127462174113,0.1289513310614714,0.14518279364133277
0.0,0.0,14.382857983223783,0.10525516279344545,0.5631699535223756,0.9380831519646858,0.938083151964686,1.8027756377319948,0.7144228439796702,0.0,13.786602191983347,14.430869689661812,hard,0.12843911618510132,0.13295163289942977,0.1292217017817322,0.14585353527678635
0.0,0.0,20.491730535383418,0.10578839246665124,0.5575994256317651,0.9380831519646858,0.938083151964686,1.8093092604637826,0.7144228439796702,0.0,16.231142904922006,14.430869689661812,hard,0.12837865111608981,0.1330390094961402,0.12993023506329215,0.1464020696674503
0.0,0.0,23.17862622132926,0.10645473436661619,0.5315412144198784,0.9380831519646858,0.938083151964686,1.8093092604637826,0.7144228439796702,0.0,22.657669783099937,14.430869689661812,hard,0.12833133875344985,0.13310020247395005,0.1303752767723346,0.1477900790592708
0.0,0.0,20.913350018155235,0.10710458222030464,0.5488972970937279,0.9380831519646858,0.938083151964686,1.8374982993189406,0.7144228439796702,0.0,17.24553275489047,14.430869689661812,hard,0.12823000705749601,0.1334077015534579,0.1314272610234211,0.14855307749213664
0.0,0.0,29.84847509160462,0.10817482262501228,0.5437582292053256,0.9442457307290301,0.9442457307290301,1.8650469162999626,0.7453858061433689,0.0,25.83424858593723,14.430869689661812,hard,0.12853365502986813,0.13400496708871615,0.13229832626567226,0.14926353770540102
0.0,0.0,9.810592847441878,0.1082346600749404,0.5233289259403247,0.9442457307290301,0.9442457307290301,1.8650469162999626,0.7453858061433689,0.0,9.706410253023513,14.430869689661812,hard,0.12861407000876932,0.134277014657842,0.13218203421146155,0.14912191009126843
0.0,0.0,27.35998804995541,0.1083617577280378,0.5207888893037372,0.9314504817756014,0.9314504817756015,1.8707217858356169,0.8022468448052633,0.0,22.23208492247185,14.430869689661812,hard,0.12859373510263988,0.1343938600690885,0.13223336484745266,0.14981111241338407
0.0,0.0,17.889682757581276,0.1083249041730756,0.4989923473056423,0.88,0.88,1.8707217858356169,0.8772684879784524,0.0,18.30048086799907,14.430869689661812,hard,0.12851711767509422,0.13420383391095264,0.13247610679239497,0.15014636890508934
0.0,0.0,13.85355550184895,0.10853602721262759,0.5404963668503904,0.8411896337925238,0.8411896337925238,1.8421726303471126,0.9210863151735564,0.0,13.187888382906491,14.430869689661812,hard,0.12833058248864665,0.13431174098184012,0.1321139733921897,0.1510525382365751
0.0,0.0,32.59163015850284,0.10878959808781721,0.5566561547846502,0.7838367176906169,0.783836717690617,1.850837648201484,0.9682974749528165,0.0,25.93965304316925,14.430869689661812,hard,0.1283581137566296,0.13538742578649185,0.13182105312167008,0.15127264742267613
0.0,0.0,27.88120079140245,0.10924523335439498,0.5619617966058228,0.848528137423857,0.848528137423857,1.8835073665903195,0.9707728879609278,0.0,22.685898703820396,14.430869689661812,hard,0.12879985177729053,0.13609041927286436,0.1318745791569416,0.15219671910132415
0.0,0.0,40.01401998353552,0.10918977071016407,0.5424042486342753,0.855336191213724,0.855336191213724,1.876166303929372,0.9937806599043876,0.0,31.995255898335927,14.430869689661812,hard,0.12880491537431898,0.13572189015496555,0.13173994944707942,0.15257167000748648
0.0,0.0,37.57153206650537,0.109175599493546,0.5222976687450779,0.8553361912137238,0.8553361912137241,1.8898677202386416,1.000199980003999,0.0,20.41745331817854,14.430869689661812,hard,0.12912389026685656,0.13551205218432574,0.13168904502079282,0.15268535715408055
0.0,0.0,24.71533825771859,0.10942157127748361,0.5042610840566281,0.8944271909999159,0.8944271909999159,1.903260360539251,1.0384603988597734,0.0,20.584703058339215,14.430869689661812,hard,0.12906592241398693,0.1351664936503066,0.13198029163357725,0.15268963703242666
0.0,0.0,21.585943093476143,0.10936010641371727,0.4860363793289385,0.9167333309092673,0.9167333309092673,1.895362762111781,1.0097524449091468,0.0,21.703308503543877,14.430869689661812,hard,0.1287985147989106,0.13494323047346202,0.13205256138239074,0.15306654379230664
0.0,0.0,21.45298765696717,0.10938286907554794,0.47488060956129974,0.8946507698538018,0.8946507698538018,1.8977881862842334,0.9848857801796105,0.0,20.953319546076703,14.430869689661812,hard,0.12862865776804044,0.13492847191245544,0.13224386935570073,0.15253708589572404
0.0,0.0,15.887608024473947,0.10939157952947044,0.49929407327450487,0.938083151964686,0.938083151964686,1.95386795869117,0.9457272334029511,0.0,15.389554899346505,14.430869689661812,hard,0.1286824489364974,0.13475593581383408,0.1325702664207725,0.15268913221063957
0.0,0.0,29.382105705390032,0.10899112275451311,0.48985728591104993,0.9551963149007643,0.9551963149007643,1.9860513588525348,0.87840765023991,0.0,29.671541921511256,14.430869689661812,hard,0.1286427433412291,0.13301249816655616,0.13246035860487143,0.15288317052829453
0.0,0.0,19.666018281147878,0.10914243205640434,0.5209660525477955,0.9433981132056604,0.9433981132056605,2.02869416127715,0.8674099376880576,0.0,16.00354960625923,14.430869689661812,hard,0.1286283247706371,0.13291218757727347,0.1330160425168433,0.15300021977000175
0.0,0.0,13.059744474037688,0.10938494912032302,0.49498008754536155,0.9682974749528164,0.9682974749528164,2.02869416127715,0.8494704232638121,0.0,11.35233896604572,14.430869689661812,hard,0.1285007302862025,0.13326859303555608,0.13313053583714513,0.15314261252481234
0.0,0.0,15.147297039338111,0.10946526698333145,0.47321134506044554,0.9921693403849969,0.992169340384997,2.02869416127715,0.7810249675906654,0.0,14.867750334196495,14.430869689661812,hard,0.12843745421145505,0.13351642811970107,0.13329561685013014,0.15284395109188928
0.0,0.0,18.420986895101464,0.10970011777958115,0.44309066015676607,0.956869897112455,0.956869897112455,2.02869416127715,0.7378346698278687,0.0,13.096946208945045,14.430869689661812,hard,0.12846666794118294,0.1334867503188453,0.13387391595278975,0.15325650182755812
0.0,0.0,7.572751914608681,0.10983428838228419,0.4792318125878268,0.956869897112455,0.956869897112455,2.03066491573573,0.7378346698278687,0.0,4.45874421782636,14.430869689661812,hard,0.12859915105312145,0.13347841709908806,0.13408190930252425,0.15351844455666885
0.0,0.0,9.281913299245454,0.11002974039535413,0.46563396231869125,0.956869897112455,0.956869897112455,2.03066491573573,0.7378346698278687,0.0,9.196542828693834,14.430869689661812,hard,0.12856403485523263,0.13347124792950785,0.13461345932664362,0.15394873007675686
0.0,0.0,10.537651697458163,0.11042032611901557,0.4520791234672358,0.956869897112455,0.956869897112455,2.03066491573573,0.7378346698278687,0.0,10.488107550935965,14.430869689661812,hard,0.12908003873954957,0.13372637449055083,0.1351093223735568,0.15431283262877943
0.0,0.0,13.795204447670411,0.11045985889221055,0.47515483688151516,0.954148835350125,0.954148835350125,2.080480713681336,0.7683749084919419,0.0,12.639446190399326,14.430869689661812,hard,0.12901478298677774,0.13364907364727566,0.13536145180939485,0.15439632498693506
0.0,0.0,13.300705067119942,0.11038273696149929,0.48614081546359467,0.954148835350125,0.954148835350125,2.080865204668481,0.7683749084919419,0.0,7.081129853349676,14.430869689661812,hard,0.12901973853068535,0.13332531134561273,0.1355270718893749,0.15441897298688137
0.0,0.0,12.237911619812495,0.11024916622682533,0.4656998851738866,0.954148835350125,0.954148835350125,2.080865204668481,0.7683749084919419,0.0,11.21456196202063,14.430869689661812,hard,0.12909575953577745,0.13319976994667393,0.1355046754039303,0.1545051144210675
0.0,0.0,9.104413228401677,0.11035589218315782,0.514391983726902,0.9509994742374992,0.9509994742374993,2.1086488564955523,0.8991106717195609,0.0,7.003684744475582,14.430869689661812,hard,0.1292823215886363,0.13349430304995474,0.13580439591558344,0.15441532368015873
0.0,0.0,13.385679123838438,0.11031951626882396,0.5096615385996919,0.9682974749528163,0.9682974749528164,2.1071307505705477,0.8997777503361595,0.0,12.754607010802019,14.430869689661812,hard,0.12974380231321023,0.1331940102487911,0.13528261242713654,0.15421523914294766
0.0,0.0,30.648347445017805,0.11129340590548643,0.5135434750802552,1.019803902718557,1.019803902718557,2.1129126815843575,0.9748846085563152,0.0,25.677227264640546,14.430869689661812,hard,0.13179253385416265,0.13332555017670816,0.1354429236033442,0.15529591869970083
0.0,0.0,24.057032938051236,0.11208975502606805,0.5247712913813105,1.0031948963187562,1.0031948963187562,2.1095023109728985,0.988736567544662,0.0,20.799576918774093,14.430869689661812,hard,0.13277284915897786,0.13312066095919278,0.1365343805622856,0.15684532041624505
0.0,0.0,18.52330967556201,0.11229939867684685,0.5162889279959267,0.956869897112455,0.956869897112455,2.124241040936739,0.9961927524329818,0.0,18.620687420178662,14.430869689661812,hard,0.13326171176321633,0.13333700733690027,0.13623207415044883,0.15706871628404634
0.0,0.0,14.688825640351476,0.11247844737338872,0.5790590684513339,1.0,1.0,2.157405849625888,1.0,0.0,13.97317429934945,14.430869689661812,hard,0.13336973710249753,0.13330822150723196,0.1365380792663613,0.15739072452901262
0.0,0.0,23.15428345645173,0.11237827939213606,0.569918055602984,1.0,1.0,2.1818340908510896,1.012719112093773,0.0,24.000674990508077,14.430869689661812,hard,0.1333763186953422,0.13353049490450267,0.1361759894352217,0.15629803464263442
0.0,0.0,24.465648905814156,0.11256204403319957,0.5871618339290712,0.9816312953446422,0.9816312953446422,2.1840329667841556,1.0278132126023678,0.0,23.28282628891948,14.430869689661812,hard,0.13335327324133114,0.1335306875029349,0.13635254884961162,0.15505132261349747
0.0,0.0,27.64133991932298,0.11311990804575729,0.5671398398130686,0.9840731680114034,0.9840731680114034,2.189429149344641,1.0097524449091468,0.0,27.067353029064368,14.430869689661812,hard,0.1334306408151732,0.13300120098099827,0.13703563926046514,0.1555548289538523
0.0,0.0,20.798712353248902,0.11352565446244282,0.5380099476738098,0.977547952787995,0.977547952787995,2.189429149344641,0.9643650760992954,0.0,19.046259475288053,14.430869689661812,hard,0.13344429227747762,0.13303434438164216,0.1376530447044062,0.1547794220589543
0.0,0.0,24.40284820194279,0.1134634997845936,0.5518448489613472,0.9748846085563152,0.9748846085563152,2.2127810555949723,0.9243376006633074,0.0,17.764920489549063,14.430869689661812,hard,0.13342480703661388,0.13219180008333065,0.1380932442214784,0.1551375711259528
0.0,0.0,11.771442841668494,0.11373237311385008,0.537364045558552,0.988736567544662,0.988736567544662,2.2087100307645637,0.9165151389911679,0.0,11.529718123180634,14.430869689661812,hard,0.13355440860051765,0.13240762038354967,0.13815263825255272,0.15504079418209554
0.0,0.0,14.802802213107908,0.1139652934927886,0.5172165706635301,0.9718024490605074,0.9718024490605074,2.2404463840940267,0.9228217596047461,0.0,10.196568050084302,14.430869689661812,hard,0.13372042551158161,0.13239107262609032,0.1384532503052057,0.15492607431869979
0.0,0.0,20.773041165659702,0.11471163708582634,0.4981120149161152,0.9718024490605074,0.9718024490605074,2.2404463840940267,0.9228217596047461,0.0,19.943560364187732,14.430869689661812,hard,0.13404818236062518,0.1331008138560477,0.13886717495750722,0.1547773005299022
0.0,0.0,21.982588690855476,0.11498815916347352,0.4755380576013765,0.9748846085563152,0.9748846085563152,2.2404463840940267,0.9068627239003708,0.0,21.780725424099174,14.430869689661812,hard,0.13348210101686275,0.1331459799256006,0.1389001450162038,0.15431376571810332
0.0,0.0,18.57495394104327,0.11499662006556552,0.44993407304935434,0.9509994742374992,0.9509994742374993,2.2404463840940267,0.8901685233707155,0.0,11.521388805174487,14.430869689661812,hard,0.13327835599834417,0.13325478828962814,0.13883947669877506,0.154137199439898
0.0,0.0,31.648062449552604,0.11541590048182734,0.48339265504633155,0.954148835350125,0.954148835350125,2.253885533916929,0.8726969691708573,0.0,27.407035593073545,14.430869689661812,hard,0.13367064299109943,0.1337489985672414,0.13881070697135903,0.1540202015572458
0.0,0.0,12.544908530639061,0.11556534956741867,0.4659841671097363,0.9297311439335567,0.9297311439335568,2.253885533916929,0.806225774829855,0.0,12.432554041708405,14.430869689661812,hard,0.13337304475659842,0.13408391861974792,0.13877215446691793,0.15400073411849038
0.0,0.0,7.697213006513565,0.11570269973166077,0.4780680584937155,0.947417542586161,0.9474175425861608,2.258229394902121,0.8352245207128441,0.0,7.174984320540358,14.430869689661812,hard,0.1334571766737598,0.13419581763280367,0.13887511849961376,0.15403842621367478
0.0,0.0,9.825241871781266,0.11577000233312588,0.4567355206073693,0.947417542586161,0.9474175425861608,2.258229394902121,0.8352245207128441,0.0,9.312013745694323,14.430869689661812,hard,0.1332743012156687,0.13451906141228356,0.13875409780677764,0.15409130763501094
0.0,0.0,9.118988929792067,0.11580181931603338,0.5198741313541594,0.947417542586161,0.9474175425861608,2.2683915006012523,0.8352245207128441,0.0,6.608146487480434,14.430869689661812,hard,0.13317762910932815,0.13469264452100632,0.1385778947258207,0.15411030556428654
0.0,0.0,12.516242332528977,0.11579445782123228,0.5010799755386766,0.980612053770501,0.980612053770501,2.2683915006012523,0.8890444308357147,0.0,11.660188677718727,14.430869689661812,hard,0.1331952755437492,0.13516376506660654,0.1381317055441662,0.15419629505848395
0.0,0.0,14.759023716635129,0.1159140992748376,0.5215994124466378,0.9848857801796105,0.9848857801796106,2.2922478051031043,0.94,0.0,13.798275254538156,14.430869689661812,hard,0.13319661519413822,0.1358178559766939,0.1378497767811067,0.15397103011355856
0.0,0.0,17.408893609182194,0.11605502040586951,0.5017777847264748,0.9442457307290301,0.9442457307290302,2.295125268912353,1.0239140588936164,0.0,16.726852662709746,14.430869689661812,hard,0.13376940752346497,0.13630846657429985,0.13748572977793544,0.1539248910852656
0.0,0.0,11.349508257355515,0.1159656351746596,0.5157100564320992,0.928654941299512,0.928654941299512,2.2978250586152114,1.0392304845413265,0.0,11.356689658522857,14.430869689661812,hard,0.13368415971688297,0.13682080091529877,0.1369201471856476,0.15382424470868647
0.0,0.0,13.737383872563132,0.11579328432423627,0.5223499620286585,0.9097252332435327,0.9097252332435328,2.309025768587263,1.0697663296253066,0.0,13.835331582582326,14.430869689661812,hard,0.13381262185010387,0.137343880721519,0.1364914574124325,0.15335629245142132
0.0,0.0,16.90506179608467,0.1160623870030311,0.49819963889630364,0.9591663046625439,0.9591663046625439,2.309025768587263,1.0590561835898982,0.0,15.142113458827337,14.430869689661812,hard,0.1337382565234988,0.13750183096588087,0.1367228632931883,0.15326808736944328
0.0,0.0,12.315496598675429,0.11641234890753858,0.5046508434099747,0.9707728879609278,0.9707728879609276,2.3200000000000003,1.058300524425836,0.0,11.736456023860015,14.430869689661812,hard,0.13381341378719613,0.13809132248245876,0.1368924348885819,0.15304536345755934
0.0,0.0,11.12310634564805,0.11673392429873625,0.4948727182297372,0.9707728879609276,0.9707728879609276,2.304864421175354,1.065082156455548,0.0,9.680681794171317,14.430869689661812,hard,0.13389059758180488,0.13853429960142927,0.13718569055108454,0.15356089012581803
0.0,0.0,9.667685545014377,0.11715887657471957,0.4850134042697966,1.0355674772799695,1.0355674772799695,2.3155129021450085,1.0660206376989143,0.0,9.471557422092737,14.430869689661812,hard,0.13433784418723765,0.1388655027805525,0.13727894656701148,0.1539666711556011
0.0,0.0,16.854104237668093,0.11735951598495731,0.5322843706331147,0.9759098319004682,0.9759098319004682,2.3616943070600818,1.0486181383134663,0.0,15.11620322700115,14.430869689661812,hard,0.1344753070502452,0.13923072461756483,0.13724128961575566,0.1540105428497968
0.0,0.0,15.207140697747988,0.1177705084126989,0.5180923776427591,1.004987562112089,1.004987562112089,2.3461457755220585,1.004987562112089,0.0,15.138771416465735,14.430869689661812,hard,0.13461745202181752,0.13999528754193072,0.1376137566994034,0.15411320690396013
0.0,0.0,19.813241917763253,0.118098761203427,0.510734485925485,1.004987562112089,1.004987562112089,2.338888624966995,1.000199980003999,0.0,19.088520110265225,14.430869689661812,hard,0.13485172741509185,0.1401496223849488,0.13869112204989997,0.15403637645239446
0.0,0.0,12.033715215092393,0.11842291044223663,0.48613357325687045,1.0087616170334794,1.0087616170334794,2.338888624966995,1.0071742649611337,0.0,11.780679097573282,14.430869689661812,hard,0.13482213043673966,0.14050941270010883,0.13885198367160298,0.15424284121449522
0.0,0.0,10.54327007837876,0.11837624646223152,0.47996604440521307,0.9921693403849969,0.992169340384997,2.3570320320267184,0.9937806599043876,0.0,8.667087169285884,14.430869689661812,hard,0.1349511310608306,0.14011814422364202,0.1389673482951996,0.15463576913555457
0.0,0.0,13.613035696950933,0.11829329218564184,0.4594822954670807,0.9921693403849969,0.9921693403849969,2.3570320320267184,0.9008884503644167,0.0,14.177855973312749,14.430869689661812,hard,0.13520110750840775,0.13858635488747242,0.13926142540077496,0.15481441446403219
0.0,0.0,20.61298272373499,0.11856974572049707,0.46748442654265626,0.988736567544662,0.9887365675446621,2.3579652245103193,0.8845337754998392,0.0,18.68278351852314,14.430869689661812,hard,0.13564117358569727,0.1383517662397459,0.13935270547167614,0.15490594872230617
0.0,0.0,30.96674704981171,0.11943954915798673,0.45379735136899785,0.9848857801796105,0.9848857801796106,2.3671924298628535,0.8674099376880576,0.0,30.582243213995927,14.430869689661812,hard,0.13577271992182166,0.13828753310551817,0.1408399946298991,0.1552125740063828
0.0,0.0,21.321322545860202,0.11981525685313638,0.4491271871445981,0.9848857801796105,0.9848857801796106,2.367783773911799,0.8674099376880576,0.0,17.841849679895862,14.430869689661812,hard,0.13566022590447005,0.13799652954853386,0.14189167150805754,0.1554413412418266
0.0,0.0,17.4656773620652,0.11973308667500526,0.43425553630194486,0.980612053770501,0.980612053770501,2.3766362784406034,0.8009993757800314,0.0,13.999557135852546,14.430869689661812,hard,0.13556591465880463,0.13732026666719085,0.14254414544448488,0.15429169143035673
0.0,0.0,19.31353075786759,0.1199299197655948,0.4538611831168863,0.980612053770501,0.980612053770501,2.342989543297195,0.8009993757800314,0.0,12.230192148940262,14.430869689661812,hard,0.135499302208633,0.13700256200546368,0.1431430791494763,0.15431235208473
0.0,0.0,10.918292213318587,0.11996795310305795,0.4763148415560906,0.980612053770501,0.980612053770501,2.3337523433303713,0.8009993757800314,0.0,9.470818338454182,14.430869689661812,hard,0.13539936870202157,0.1365071732179692,0.1436635048776081,0.1543996894301251
0.0,0.0,10.160576797930945,0.1200804063566638,0.45062396383223546,0.980612053770501,0.980612053770501,2.3337523433303713,0.8009993757800314,0.0,7.022933859862273,14.430869689661812,hard,0.13541203066136445,0.1366575863369338,0.1440800652366298,0.15441501810773453
0.0,0.0,12.182226567893494,0.12038448170375297,0.4685126578031852,0.9509994742374992,0.9509994742374993,2.3409399821439254,0.8627861844049197,0.0,7.623647421018367,14.430869689661812,hard,0.13555414521818526,0.1367020625993066,0.14440633553504992,0.15447273433110614
0.0,0.0,10.125234136109075,0.12074865923581835,0.4378048993185439,0.9509994742374992,0.9509994742374993,2.3409399821439254,0.8919641248391103,0.0,10.272292830717006,14.430869689661812,hard,0.13561563996324352,0.13660034066039167,0.14502072668851576,0.1546231598463554
0.0,0.0,7.820452964604082,0.12075907290270751,0.407822051828226,0.954148835350125,0.954148835350125,2.3409399821439254,0.9846826900072938,0.0,6.915171725994952,14.430869689661812,hard,0.13551069968962942,0.13641050755304726,0.14529205904145762,0.15435615992127583
0.0,0.0,10.558244058037495,0.12064384354830797,0.4842959091935736,0.9591663046625439,0.9591663046625439,2.3361506800718144,1.0031948963187562,0.0,7.380758768581994,14.430869689661812,hard,0.13505211313804283,0.1362026939790732,0.14519895519169132,0.1543215082973169
0.0,0.0,18.623061342946556,0.12072551569121066,0.4571273024084898,0.9433981132056604,0.9433981132056604,2.33452350598575,1.050904372433572,0.0,12.833845877210775,14.430869689661812,hard,0.1346114915439289,0.13598781456005862,0.14530626154650886,0.1542583417841182
0.0,0.0,15.812144993197158,0.12087039853240701,0.4747894228132708,0.9551963149007643,0.9551963149007643,2.349808502835923,1.02469507659596,0.0,15.573053650456611,14.430869689661812,hard,0.1344460887347605,0.13586918723345368,0.14549302659279537,0.15446644039296087
0.0,0.0,12.167335902028745,0.12091121289393504,0.4612290403342921,0.96,0.96,2.313525448314758,1.0205880657738458,0.0,11.459301898457865,14.430869689661812,hard,0.13451839705473026,0.13589288583868214,0.1457227674875982,0.1544074071517462
0.0,0.0,24.801263517478397,0.12166959244255465,0.4390323367344206,0.9079647570252933,0.9079647570252933,2.313525448314758,1.0712609392673664,0.0,25.62401998125977,14.430869689661812,hard,0.13456330271652236,0.1371729588931292,0.1468615871855718,0.15423854292302186
0.0,0.0,20.29471782393438,0.12253093602075096,0.4182152471482879,0.9219544457292888,0.9219544457292888,2.313525448314758,1.0816653826391969,0.0,19.489443296307876,14.430869689661812,hard,0.1344801021962775,0.1393830642886098,0.14797409471445194,0.15423142614716118
0.0,0.0,11.915445355104598,0.12288403843113621,0.4045012786555008,0.9551963149007643,0.9551963149007643,2.293992153430347,1.0675204916066012,0.0,11.284608987466068,14.430869689661812,hard,0.13444843913979515,0.1400547564572016,0.14838939074511937,0.15432211648160557
0.0,0.0,11.287302013114006,0.12320102593158992,0.4055207002097922,0.9340235543068494,0.9340235543068494,2.309025768587263,1.0486181383134663,0.0,10.084919434482362,14.430869689661812,hard,0.13442279617656286,0.14062843316851617,0.14874234867953595,0.15419165978834212
0.0,0.0,14.385123026420688,0.1232095197232014,0.4336592835850021,0.9433981132056604,0.9433981132056605,2.3297210133404387,1.0278132126023678,0.0,12.104561123807835,14.430869689661812,hard,0.13377499506970772,0.14103321053405063,0.14881894468472104,0.15431132278909637
0.0,0.0,9.689648667017067,0.12317580925825293,0.43687647616467307,0.9433981132056604,0.9433981132056605,2.315253765788969,1.0278132126023678,0.0,8.522816435897232,14.430869689661812,hard,0.13332404474780682,0.1410747377924382,0.1488595514970645,0.15432562195899663
0.0,0.0,11.471229259107025,0.12321324838665712,0.4158799532621482,0.8953211714239756,0.8953211714239756,2.315253765788969,0.9516301802696256,0.0,10.642856759348028,14.430869689661812,hard,0.13292409948442468,0.14123913418870487,0.1490261430393477,0.1546142282498901
0.0,0.0,12.748051904873018,0.12336644786968108,0.4237576995185762,0.9,0.9000000000000001,2.3120553626589486,0.938296328459192,0.0,12.207800784744155,14.430869689661812,hard,0.13285299809594206,0.14154872064657578,0.14944623164050683,0.15460997991970155
0.0,0.0,11.479448698768813,0.12359921805155867,0.4208351738947909,0.9340235543068494,0.9340235543068494,2.3086792761230392,0.9097252332435328,0.0,10.684119055869791,14.430869689661812,hard,0.13276576440129212,0.1418946039792134,0.14965552978074412,0.15489504284554467
0.0,0.0,6.390639850413945,0.1236737481463642,0.39798260464140006,0.9340235543068494,0.9340235543068494,2.3086792761230392,0.9097252332435328,0.0,5.50087265804254,14.430869689661812,hard,0.1328409895739778,0.1419681673714921,0.14967862105958818,0.15509802611758078
0.0,0.0,10.314436618112103,0.12365960627203178,0.5126323515837916,0.9389355675444402,0.9389355675444402,2.3451225980745654,0.8485281374238569,0.0,8.29351553926319,14.430869689661812,hard,0.13287567592625413,0.14182902085205157,0.14974553004063476,0.15515219854736736
0.0,0.0,8.644858918962651,0.12356473137765456,0.49099097974461836,0.9389355675444402,0.9389355675444402,2.3451225980745654,0.8485281374238569,0.0,7.320546427692403,14.430869689661812,hard,0.13278885246550468,0.14172716714303885,0.14972083779878043,0.1552188782196835
0.0,0.0,16.928573238975936,0.12362658332946981,0.4701490303529997,0.9389355675444402,0.9389355675444402,2.3451225980745654,0.8485281374238569,0.0,11.048782738383446,14.430869689661812,hard,0.13288904785721656,0.1418549343083542,0.14975019004623477,0.1552896950604359
0.0,0.0,8.42946836530932,0.12358255665560498,0.4614829030774967,0.9389355675444402,0.9389355675444402,2.32379000772445,0.8485281374238569,0.0,7.26636084983398,14.430869689661812,hard,0.13269356855781742,0.14182366221799175,0.14976339395672375,0.15543003068270345
0.0,0.0,9.938120098489385,0.12342276443170488,0.464152989787127,0.9806120537705011,0.980612053770501,2.349127497604164,0.8845337754998392,0.0,8.290138720190393,14.430869689661812,hard,0.13255679806118822,0.14187296178684244,0.14965920682134964,0.15551464446398827
0.0,0.0,5.940440185970165,0.12344833873618091,0.4723205289050076,0.9643650760992956,0.9643650760992956,2.3529555881911586,0.8901685233707155,0.0,4.129697325470718,14.430869689661812,hard,0.13247435035423322,0.14204791252631965,0.14967439574803668,0.15572705771539747
0.0,0.0,15.717711768659118,0.12362151097064562,0.458400128767626,0.9718024490605074,0.9718024490605074,2.373520591863487,0.9433981132056605,0.0,15.130380034883464,14.430869689661812,hard,0.13171030581676324,0.14235003790022194,0.1497268094729363,0.15601522591693048
0.0,0.0,17.37372933502963,0.12343739318570812,0.483220411972113,1.037111372997134,1.037111372997134,2.4136279746472944,0.9977975746613138,0.0,8.770769635556507,14.430869689661812,hard,0.13123912937693444,0.14218086114002973,0.1498262978507222,0.15586578356714945
0.0,0.0,11.325481071517093,0.12333410721804575,0.46651229476588946,1.061319932913728,1.061319932913728,2.424953607803663,1.0814804667676619,0.0,9.476307297676664,14.430869689661812,hard,0.13106394234039823,0.14198949273218928,0.14995756043956368,0.15571720459345165
0.0,0.0,12.86849040624288,0.12342688107392988,0.4460965181835459,1.061319932913728,1.061319932913728,2.424953607803663,1.0983624174196784,0.0,7.343677552834138,14.430869689661812,hard,0.13082657854009377,0.14237801629397176,0.15001824223694918,0.15564880586817675
0.0,0.0,9.027251370059801,0.12337357673142275,0.4654795853921857,1.06,1.06,2.4551171051499763,1.074988372030135,0.0,8.088411463322078,14.430869689661812,hard,0.1306680071550589,0.142195625563746,0.1500436228201467,0.1555437849001699
0.0,0.0,8.8007114823978,0.12344694581771043,0.44241757607855964,1.0970870521521983,1.0970870521521983,2.4551171051499763,1.0883014288330233,0.0,7.316310545623388,14.430869689661812,hard,0.13059319431531588,0.1426941855240274,0.15026118060090207,0.1553013110893256
0.0,0.0,7.900175682429677,0.12342561211622949,0.41486601911472226,1.0934349546269315,1.0934349546269315,2.4551171051499763,1.118033988749895,0.0,7.5555542483659,14.430869689661812,hard,0.1302124023461691,0.14260590979043047,0.1503566928155564,0.1552419266927049
0.0,0.0,17.929716994863952,0.12381234434051822,0.4769265953441374,1.1065260954898444,1.1065260954898442,2.5184121981915513,1.1364858116140297,0.0,17.583503632666616,14.430869689661812,hard,0.12940736028496636,0.14351780250988208,0.15089158419528176,0.1554764779307424
0.0,0.0,14.1380604054465,0.12395053550177797,0.4754809319802125,1.1034491379306977,1.1034491379306979,2.54589866255513,1.1426285485668561,0.0,10.575140661003049,14.430869689661812,hard,0.12883361313263603,0.1435437600032602,0.1513040167674602,0.15559362983499483
0.0,0.0,6.272798250523372,0.12390740201672007,0.47203624566136093,1.0777754868245983,1.0777754868245983,2.5553864678361276,1.1106754701531856,0.0,5.64556463075218,14.430869689661812,hard,0.12843696164271473,0.14361018086909705,0.15151741010351547,0.15532811415813058
0.0,0.0,32.209843663225136,0.12357731387549638,0.5121740019848007,1.0590561835898982,1.0590561835898982,2.5289523522597257,1.0947145746723206,0.0,20.061904196760587,14.430869689661812,hard,0.1272385400558072,0.14312792442122105,0.15102661844711704,0.15512173142388236
0.0,0.0,15.747668076038687,0.12347103307761284,0.49586089170090186,1.049952379872535,1.049952379872535,2.5298221281347035,0.9583318840568752,0.0,10.457839164951812,14.430869689661812,hard,0.12712227289095196,0.1427159231013052,0.15070318473293107,0.15531499333884924
0.0,0.0,8.940169919234103,0.12341226640838679,0.5235918654515717,1.063766891757776,1.063766891757776,2.546841180757057,0.9676776322722356,0.0,6.585559961005593,14.430869689661812,hard,0.1268503793220595,0.1425291351251985,0.1507133044439572,0.15519359446478634
0.0,0.0,12.237551892076686,0.12337827687604544,0.5012651414671154,1.0734989520255713,1.0734989520255713,2.546841180757057,0.9433981132056602,0.0,11.339559074320306,14.430869689661812,hard,0.12682849089938286,0.14226036406653128,0.15062456806814897,0.15513100682184278
0.0,0.0,10.982486567170287,0.12331076725145723,0.5185905894127811,1.0590561835898982,1.0590561835898982,2.4758029000710047,0.9303762679690406,0.0,8.40180932894814,14.430869689661812,hard,0.12695255964945806,0.14205882350001486,0.15041588952164522,0.15495977978555253
0.0,0.0,13.083796703691982,0.12318509244400368,0.5409645611005637,1.0547037498748169,1.0547037498748169,2.458373446000424,0.8720091742636656,0.0,7.629652678857669,14.430869689661812,hard,0.12692959174755294,0.14194888264444058,0.15033360956818595,0.15478101181324316
0.0,0.0,13.514929178926565,0.12276797272989914,0.5149948868782178,1.0547037498748169,1.0547037498748169,2.458373446000424,0.8720091742636656,0.0,12.038687636117153,14.430869689661812,hard,0.12659042709339577,0.14141019220178105,0.1499931921005572,0.1548496567553371
0.0,0.0,24.802656336381677,0.12229446735054299,0.501200314009626,1.0547037498748169,1.0547037498748169,2.4738633753705965,0.8720091742636656,0.0,14.37809444954372,14.430869689661812,hard,0.1261585673468188,0.14084130901646347,0.1496165940917378,0.15476356877881853
0.0,0.0,20.906748038151378,0.12206759513643713,0.5256919707689375,1.0547037498748169,1.0547037498748169,2.496076921891631,0.8720091742636656,0.0,19.880533192044926,14.430869689661812,hard,0.12598341117719186,0.14033740788889212,0.1494854597640722,0.1547051192660519
0.0,0.0,7.806705031309094,0.12198842724265872,0.56508985881196,1.0547037498748169,1.0547037498748169,2.5095019426172995,0.8720091742636656,0.0,6.2236966507052705,14.430869689661812,hard,0.12598776607372136,0.14025667304156417,0.14941932641129646,0.15465788239725164
0.0,0.0,5.396023135546473,0.12185657099158996,0.5425815355852376,1.0547037498748169,1.0547037498748169,2.5095019426172995,0.8720091742636656,0.0,4.62359167747326,14.430869689661812,hard,0.1259622194494339,0.14006484453875703,0.1492923715555326,0.15469220630036126
0.0,0.0,17.7667861502083,0.12178397874850169,0.5110341115170729,1.0254754994635416,1.0254754994635416,2.5095019426172995,0.9442457307290301,0.0,15.238228243467152,14.430869689661812,hard,0.12631629608525094,0.13969529974050351,0.14898916775208892,0.15490055788237292
0.0,0.0,15.110419983755683,0.12180671399080684,0.49204503165316843,1.049952379872535,1.049952379872535,2.5095019426172995,0.9707728879609278,0.0,14.878655853268464,14.430869689661812,hard,0.12678333425160154,0.13970697579583163,0.14880718538656795,0.1547504644469917
0.0,0.0,15.893621298814812,0.12159470482198655,0.545221082866637,1.0394229168149027,1.0394229168149027,2.5104581255221126,1.0316976301223144,0.0,8.506021396634269,14.430869689661812,hard,0.12692379351022523,0.13951489400089712,0.14844415375236736,0.15442745338951394
0.0,0.0,16.550569045971805,0.12121513788900978,0.5362348349248741,1.0071742649611337,1.0071742649611337,2.5298221281347035,1.116422858956229,0.0,12.103305333668155,14.430869689661812,hard,0.1269722014177714,0.13905739355950564,0.14776342275826843,0.1540890376193198
0.0,0.0,25.510588061582908,0.12131078476059548,0.5183309058140624,0.9797958971132712,0.9797958971132712,2.543147655957082,1.0998181667894016,0.0,16.993422256861624,14.430869689661812,hard,0.1263235707515479,0.1386483418277166,0.14750828028530416,0.15408670639088928
0.0,0.0,6.874222929174469,0.1212289855780598,0.48715168070072007,0.9526804291051644,0.9526804291051644,2.543147655957082,1.1151681487560519,0.0,5.764859061590317,14.430869689661812,hard,0.12622372958632622,0.1384791229772311,0.1474666420493916,0.15399788744300338
0.0,0.0,19.91780902760058,0.12095667109621826,0.46128161628685915,0.916515138991168,0.9165151389911681,2.543147655957082,1.162067123706716,0.0,13.183702059740279,14.430869689661812,hard,0.12624063500164492,0.13833889958627732,0.14605964483304187,0.15389581838965014
0.0,0.0,10.87235582920357,0.12100410028393327,0.4891712295010244,0.9008884503644167,0.9008884503644167,2.569124364447934,1.1874342087037917,0.0,9.449571418852816,14.430869689661812,hard,0.12621919791302494,0.13837775743719527,0.14567599530724656,0.15391067124256452
0.0,0.0,18.405812399832534,0.12112720272837013,0.5244485813050507,0.9380831519646858,0.938083151964686,2.6095976701399777,1.1757550765359255,0.0,17.548834719148733,14.430869689661812,hard,0.1262662991389951,0.13815115631229438,0.1457477607097473,0.15450008270851331
0.0,0.0,14.454363877596476,0.12114622778723426,0.545303740312203,0.9457272334029511,0.9457272334029511,2.6293725487271673,1.148912529307606,0.0,13.109401206767608,14.430869689661812,hard,0.12624663647646012,0.13797819134791875,0.14582818218076357,0.1547728061628552
0.0,0.0,12.174255801605488,0.12118487605525928,0.5170098252830088,0.9734474818910366,0.9734474818910366,2.6293725487271673,1.1315476127852508,0.0,11.778013414833591,14.430869689661812,hard,0.12616023946814475,0.1379954591400499,0.14590812023191307,0.15528482503835725
0.0,0.0,14.737879806811577,0.1211603499108857,0.49722151652564184,0.9314504817756014,0.9314504817756014,2.6293725487271673,1.0660206376989143,0.0,14.198718252011341,14.430869689661812,hard,0.1261923759228868,0.1378224562897731,0.14588996410522284,0.15534785890459052
0.0,0.0,14.576356789065102,0.12114322516367793,0.4724225113866262,0.8874683092933515,0.8874683092933516,2.6293725487271673,1.0675204916066015,0.0,13.964368943851346,14.430869689661812,hard,0.12610543581949468,0.13771128414634157,0.145985523958882,0.15528892351167994
0.0,0.0,48.826759362810684,0.12144144442999849,0.4819213597027887,0.9024411338142782,0.9024411338142782,2.6529983038064686,1.0583005244258363,0.0,17.68502191121063,14.430869689661812,hard,0.1261232563946488,0.13817543718493572,0.1464339447248552,0.15565403490989116
