step,timestamp,reward,coverage,cov_trace,altitude,alt_idx,loop_closures,altitude_changes,frontier_count,new_cells,map_seed,difficulty,cov_alt0,cov_alt1,cov_alt2,cov_alt3
0.0,0.0,54.912159732478514,0.01065579570860002,0.041982854133554764,0.0,0.0,0.0,0.0,0.0,54.48788489196475,14.430869689661812,hard,0.029215747165429663,0.017765809073134006,0.0,0.0
0.0,0.0,41.65084818446191,0.014099139289206829,0.08211236210401754,0.0,0.0,0.0,0.0,0.0,41.88605495866136,14.430869689661812,hard,0.036935764126889994,0.023535672719992518,0.0,0.0
0.0,0.0,43.15920453105575,0.016887646768569506,0.11979131903816809,0.0,0.0,0.0,0.0,0.0,43.04295993539478,14.430869689661812,hard,0.04267890127310632,0.028963411748875702,0.0,0.0
0.0,0.0,48.92805358762437,0.01925596738698295,0.1530423494463909,0.0,0.0,0.0,0.0,0.0,48.70755177587968,14.430869689661812,hard,0.048740843771060395,0.032508295418284684,0.0,0.0
0.0,0.0,50.12657541333961,0.022391120175259797,0.18246709807158654,0.0,0.0,0.0,0.0,0.0,49.056379809358134,14.430869689661812,hard,0.05571044771035665,0.037932032432326665,0.0,0.0
0.0,0.0,47.07588270880138,0.024537780568752898,0.20796818175257398,0.0,0.0,0.0,0.0,0.0,46.81555724329254,14.430869689661812,hard,0.059599474429119434,0.04280952612504972,0.0,0.0
0.0,0.0,52.30626389009767,0.02581624427237484,0.23113711439516857,0.0,0.0,0.0,0.0,0.0,51.96075442100509,14.430869689661812,hard,0.062466486754100964,0.04544649653495472,0.0,0.0
0.0,0.0,47.55851881543608,0.02742119563426873,0.2498306786333067,0.0,0.0,0.0,0.0,0.0,46.590080489305876,14.430869689661812,hard,0.06565385630885032,0.04885848654112375,0.0,0.0
0.0,0.0,40.235935440794876,0.029157797655979405,0.2771298802703173,0.0,0.0,0.0,0.0,0.0,40.15657355900775,14.430869689661812,hard,0.06977341256346463,0.0518085268325524,0.0,0.0
0.0,0.0,35.395684052689084,0.030773652224579114,0.2989788831303865,0.0,0.0,0.0,0.0,0.0,35.10325341047465,14.430869689661812,hard,0.07248859892216038,0.055940193243568706,0.0,0.0
0.0,0.0,30.73358542568052,0.03240444726811562,0.3249785401837145,0.0,0.0,0.0,0.0,0.0,31.14847668827482,14.430869689661812,hard,0.07614231549884662,0.05921494662411468,0.0,0.0
0.0,0.0,37.92430615669823,0.03429257121265318,0.3522669595549268,0.0,0.0,0.0,0.0,0.0,37.84714520277586,14.430869689661812,hard,0.08107706922220985,0.062145666416866883,0.0,0.0
0.0,0.0,37.534335743751434,0.03643031773206536,0.37748967179068765,0.0,0.0,0.0,0.0,0.0,37.710078228505445,14.430869689661812,hard,0.08599563795827711,0.06598961190923472,0.0,0.0
0.0,0.0,28.940603224379164,0.03794679664170898,0.39660909368597924,0.0,0.0,0.0,0.0,0.0,29.21673493051542,14.430869689661812,hard,0.08948860276550667,0.0689201714092784,0.0,0.0
0.0,0.0,21.78016805440666,0.039105609124332356,0.4171342389126145,0.0,0.0,0.0,0.0,0.0,21.180453252940556,14.430869689661812,hard,0.09203849978662237,0.07101791508312655,0.0,0.0
0.0,0.0,33.232848242880195,0.0405034735185568,0.43545122895969696,0.0,0.0,0.0,0.0,0.0,27.65050451619283,14.430869689661812,hard,0.09543027980572903,0.07318452093830574,0.0,0.0
0.0,0.0,32.31384856115811,0.04149576484505206,0.44743309550603666,0.0,0.0,0.0,0.0,0.0,21.706183450804982,14.430869689661812,hard,0.09763481501193506,0.07491835891401098,0.0,0.0
0.0,0.0,23.002202291318234,0.0419115093336191,0.458403158445742,0.0,0.0,0.0,0.0,0.0,18.51101293824841,14.430869689661812,hard,0.09851572203767249,0.07562940686170044,0.0,0.0
0.0,0.0,18.610020421775456,0.042362815753230657,0.4680034772848333,0.0,0.0,0.0,0.0,0.0,17.97020867992356,14.430869689661812,hard,0.09960800078541383,0.07632744137696813,0.0,0.0
0.0,0.0,7.769996794107617,0.042590982891162116,0.4718781783139188,0.0,0.0,0.0,0.0,0.0,8.191727534531406,14.430869689661812,hard,0.10010015018053442,0.07671019173007983,0.0,0.0
0.0,0.0,110.41559356763673,0.03840394171386888,0.4287780006632042,0.48,0.48,0.0,0.48,0.0,100.66773266543754,14.430869689661812,hard,0.1012532496795841,0.0694009772889397,0.02868176381523443,0.0
0.0,0.0,76.47793713978058,0.03888846744995135,0.4252916794439342,0.458257569495584,0.458257569495584,0.0,0.458257569495584,0.0,74.09493639918992,14.430869689661812,hard,0.0983907439775943,0.07108328470024078,0.0357612046959324,0.0
0.0,0.0,70.18669540803981,0.04006511489167997,0.426642205857227,0.4386342439892262,0.4386342439892262,0.0,0.4386342439892262,0.0,68.41813794601546,14.430869689661812,hard,0.09622282781020285,0.07389608468167436,0.04202823707847903,0.0
0.0,0.0,64.41747010136406,0.04310481719737065,0.4421593058837303,0.4270831300812525,0.4270831300812525,0.0,0.4270831300812525,0.0,63.75115685224857,14.430869689661812,hard,0.09730687111709323,0.0787786082220522,0.04832396620989894,0.0
0.0,0.0,72.35369460123701,0.047180942222562514,0.4672286090736626,0.38418745424597095,0.3841874542459709,0.0,0.3841874542459709,0.0,66.39020710918139,14.430869689661812,hard,0.09877555619997813,0.08450187999831886,0.05178689608285481,0.0
0.0,0.0,49.28399678348287,0.05004147393675463,0.4888892061110638,0.38418745424597095,0.3841874542459709,0.0,0.3841874542459709,0.0,49.071070907409386,14.430869689661812,hard,0.09871570207296558,0.08869037147815688,0.05681810409964578,0.0
0.0,0.0,37.58604852868448,0.051599808523556785,0.5140011439527857,0.38418745424597095,0.3841874542459709,0.0,0.3841874542459709,0.0,37.68681997728118,14.430869689661812,hard,0.0990145682212469,0.0903059439477508,0.06033101975430677,0.0
0.0,0.0,40.47305801778629,0.053141855248493824,0.5432373108857892,0.38418745424597095,0.3841874542459709,0.0,0.3841874542459709,0.0,35.88883391808656,14.430869689661812,hard,0.10033189412675059,0.09166640754501301,0.06297689011201546,0.0
0.0,0.0,27.488292195153704,0.05337686159759808,0.5685189336187527,0.38418745424597095,0.3841874542459709,0.0,0.3841874542459709,0.0,27.586199448274854,14.430869689661812,hard,0.10027910054051882,0.09188977116800548,0.06416911915668123,0.0
0.0,0.0,46.421974461281074,0.05414280398231407,0.5933842409646409,0.38418745424597095,0.3841874542459709,0.0,0.3841874542459709,0.0,46.154280408213495,14.430869689661812,hard,0.09930164668915822,0.09368588639831925,0.0662202504445398,0.0
0.0,0.0,33.9487736166758,0.05467664113365728,0.6178205711893907,0.38418745424597095,0.3841874542459709,0.0,0.3841874542459709,0.0,29.9913920984005,14.430869689661812,hard,0.09936654499754116,0.09554001924358185,0.06761000421242373,0.0
0.0,0.0,36.61008330512896,0.055531354674687304,0.6386255377946807,0.38418745424597095,0.3841874542459709,0.0,0.3841874542459709,0.0,36.283572040249844,14.430869689661812,hard,0.09878949871699058,0.0968956237427385,0.06913770095635953,0.0
0.0,0.0,27.566647134548656,0.056133697167585046,0.65996292024716,0.38418745424597095,0.3841874542459709,0.0,0.3841874542459709,0.0,27.606491990109863,14.430869689661812,hard,0.09846562025362149,0.09878416870556916,0.07028059415954753,0.0
0.0,0.0,23.212262721266917,0.056914643482812166,0.6771860706696605,0.38418745424597095,0.3841874542459709,0.0,0.3841874542459709,0.0,22.987135532727862,14.430869689661812,hard,0.09877011366095165,0.09976673491571349,0.07128164333177882,0.0
0.0,0.0,37.08875659242945,0.05786415994725362,0.6864642548782041,0.38418745424597095,0.3841874542459709,0.0,0.3841874542459709,0.0,29.753413249575246,14.430869689661812,hard,0.09905487694105233,0.10148332664349576,0.07243682485672549,0.0
0.0,0.0,20.770132255190322,0.05882553147614458,0.6926079504248309,0.38418745424597095,0.3841874542459709,0.0,0.3841874542459709,0.0,20.253039278093553,14.430869689661812,hard,0.09965988403639378,0.10301692104914649,0.07326159671461353,0.0
0.0,0.0,25.602267434927263,0.05978595678708185,0.6967496059831404,0.38418745424597095,0.3841874542459709,0.0,0.3841874542459709,0.0,26.032479712851025,14.430869689661812,hard,0.10018281935091652,0.10468186700167924,0.07425546622136987,0.0
0.0,0.0,27.603766564598125,0.06091258746757363,0.7031859325890548,0.38418745424597095,0.3841874542459709,0.0,0.3841874542459709,0.0,27.320937026390585,14.430869689661812,hard,0.101066196872772,0.10626170256169162,0.0756501345377285,0.0
0.0,0.0,49.29436467077908,0.06254155342371549,0.7124415883446744,0.38418745424597095,0.3841874542459709,0.0,0.3841874542459709,0.0,49.147455681856,14.430869689661812,hard,0.10264869595642954,0.10850761849581299,0.07777072702985348,0.0
0.0,0.0,22.52703777523422,0.0635403529505042,0.7183834467548231,0.38418745424597095,0.3841874542459709,0.0,0.3841874542459709,0.0,21.587033144922902,14.430869689661812,hard,0.10337991901784672,0.11007078709477877,0.07905558855185922,0.0
0.0,0.0,24.479749487466925,0.06465529974728046,0.725063455991513,0.38418745424597095,0.3841874542459709,0.0,0.3841874542459709,0.0,24.803741653226435,14.430869689661812,hard,0.10439352941698539,0.11197115380602837,0.08014548620077891,0.0
0.0,0.0,108.7010629754012,0.061769205958800165,0.7033804486529378,0.7432361670424817,0.7432361670424819,0.0,0.7432361670424819,0.0,98.31973352282847,14.430869689661812,hard,0.10437616893055031,0.11208195957159198,0.08134898702611708,0.027975819272470982
0.0,0.0,75.93691787969293,0.06544551501643261,0.7269950318571089,0.7769169839822013,0.7769169839822013,0.0,0.7769169839822013,0.0,70.9920023664638,14.430869689661812,hard,0.10505157050125274,0.11318042401221697,0.08889280889208538,0.03403669080105819
0.0,0.0,64.85524413617894,0.06756227844803303,0.7505683543439905,0.7807688518377254,0.7807688518377254,0.0,0.7807688518377254,0.0,60.46083360325095,14.430869689661812,hard,0.10536173147912778,0.11353520381935212,0.09451930576729592,0.04028648578440374
0.0,0.0,51.74160391451143,0.06999494559270898,0.7810506853616815,0.7807688518377254,0.7807688518377254,0.0,0.7807688518377254,0.0,49.558030630766595,14.430869689661812,hard,0.10536173147912778,0.11341033730788219,0.10042193380487169,0.046131412898435316
0.0,0.0,73.19291001936828,0.07001174765733591,0.8030223992018944,0.5385164807134504,0.5385164807134504,0.0,0.5385164807134504,0.0,62.95891040988559,14.430869689661812,hard,0.10536173147912778,0.11304754310820767,0.0936221036207875,0.05134395375870964
0.0,0.0,44.486022049308325,0.07254848634207352,0.8338713656486522,0.5385164807134504,0.5385164807134504,0.0,0.5385164807134504,0.0,44.69429046310054,14.430869689661812,hard,0.10538163650682651,0.11393055068510488,0.097116179861213,0.05798940235011306
0.0,0.0,44.54971227826624,0.07453348315528516,0.8641116691868507,0.5385164807134504,0.5385164807134504,0.0,0.5385164807134504,0.0,37.3203912090964,14.430869689661812,hard,0.10538163650682651,0.11405869771237041,0.10009368589325679,0.0628152687403074
0.0,0.0,36.252271552772804,0.07605172022668677,0.8949667357114164,0.5385164807134504,0.5385164807134504,0.0,0.5385164807134504,0.0,32.766598846996615,14.430869689661812,hard,0.10538163650682651,0.11428548430208395,0.10276785283036408,0.0673577230669222
0.0,0.0,47.904894825647666,0.07824751740778886,0.930163350432199,0.530659966456864,0.530659966456864,0.0,0.530659966456864,0.0,45.121298740173685,14.430869689661812,hard,0.10538163650682651,0.11490732759766523,0.10685838631689265,0.07055339228009422
0.0,0.0,36.354196759127476,0.07900899051252977,0.9640170446071784,0.530659966456864,0.530659966456864,0.0,0.530659966456864,0.0,31.73049637178719,14.430869689661812,hard,0.10538163650682651,0.11559402081006001,0.10813393697750422,0.07309009282707543
0.0,0.0,27.019830519016214,0.07968056174410856,0.9987511513580306,0.530659966456864,0.530659966456864,0.0,0.530659966456864,0.0,26.86291867984564,14.430869689661812,hard,0.10538163650682651,0.11626055126110438,0.10932861580104451,0.07519421236793701
0.0,0.0,27.298399830083792,0.08004476019910421,1.0296874208468512,0.530659966456864,0.530659966456864,0.0,0.530659966456864,0.0,27.077104719670455,14.430869689661812,hard,0.10538163650682651,0.11670104525210538,0.11058633591603116,0.07643391767262006
0.0,0.0,25.262407588260416,0.08033374752190145,1.0548541079949287,0.530659966456864,0.530659966456864,0.0,0.530659966456864,0.0,24.354785977298178,14.430869689661812,hard,0.10538163650682651,0.11724615421702816,0.11020380018597493,0.07779499326099892
0.0,0.0,21.18299223551777,0.08076960837131493,1.0771510895232885,0.530659966456864,0.530659966456864,0.0,0.530659966456864,0.0,20.86071906718463,14.430869689661812,hard,0.10538163650682651,0.1175609344183538,0.11052492666280381,0.07950600578117525
0.0,0.0,17.564423271373503,0.0811170723162259,1.0895030391792573,0.530659966456864,0.530659966456864,0.0,0.530659966456864,0.0,17.74825061801867,14.430869689661812,hard,0.1056861742175967,0.11833796096330723,0.11036626228136891,0.08036941830710267
0.0,0.0,13.66968592683038,0.08120906575495677,1.0972712491737298,0.530659966456864,0.530659966456864,0.0,0.530659966456864,0.0,13.029827320421402,14.430869689661812,hard,0.10593781000210052,0.11884975662089022,0.11010349801446438,0.08036941830710267
0.0,0.0,13.385319268844972,0.08134075209907905,1.0991181354612158,0.530659966456864,0.530659966456864,0.0,0.530659966456864,0.0,13.856406460551018,14.430869689661812,hard,0.10637286959007389,0.11937865237705415,0.10992897527881083,0.08036941830710267
0.0,0.0,14.69913450096458,0.08149929752688026,1.101503280478457,0.530659966456864,0.530659966456864,0.0,0.530659966456864,0.0,14.510975156756354,14.430869689661812,hard,0.10706171036019137,0.11984442041649028,0.10974788456435099,0.08038160653115112
0.0,0.0,27.93572069291113,0.0816586650569742,1.105718624188002,0.530659966456864,0.530659966456864,0.0,0.530659966456864,0.0,27.802848774900745,14.430869689661812,hard,0.10786878585866576,0.12024778691599562,0.10976550579562065,0.08066622152574254
0.0,0.0,16.34145084401893,0.08185312348895313,1.1098834154994992,0.530659966456864,0.530659966456864,0.0,0.530659966456864,0.0,15.744319610577016,14.430869689661812,hard,0.1082783757166361,0.1205472571258601,0.10999954353592897,0.08107147115916359
0.0,0.0,21.252230439611694,0.08220229964916984,1.119106820751789,0.530659966456864,0.530659966456864,0.0,0.530659966456864,0.0,20.769795376941,14.430869689661812,hard,0.10910529182923134,0.12120910599149876,0.11021619453678992,0.08163641613964222
0.0,0.0,55.196843191019425,0.0805477612831115,1.0988948964726883,0.82365041127896,0.82365041127896,0.0,0.82365041127896,0.0,46.095275245951186,14.430869689661812,hard,0.10910529182923134,0.12120910599149876,0.11030892387884539,0.08267761728126598
0.0,0.0,42.47966895340065,0.07990783676789172,1.1074187944569833,0.8720091742636656,0.8720091742636656,0.0,0.8720091742636656,0.0,40.96685977714182,14.430869689661812,hard,0.10910529182923134,0.12120910599149876,0.11037205742004776,0.08684324039461626
0.0,0.0,53.01075169934369,0.07918967502332726,1.1200256515874198,0.9173875952943773,0.9173875952943773,0.0,0.9173875952943773,0.0,49.56282477825492,14.430869689661812,hard,0.10910529182923134,0.12120910599149876,0.10831394816186336,0.09302399327078753
0.0,0.0,37.560701159520136,0.07877737166508866,1.133168110832432,0.9297311439335567,0.9297311439335567,0.0,0.9297311439335567,0.0,37.163939511305855,14.430869689661812,hard,0.10910529182923134,0.12120910599149876,0.10680237575148724,0.09870400303839418
0.0,0.0,80.11215933919989,0.07659095573096251,1.1269880067589595,0.7255342858886822,0.7255342858886822,0.0,0.7255342858886822,0.0,72.27619525127204,14.430869689661812,hard,0.10910529182923134,0.12120910599149876,0.1016936935702455,0.08773565215357697
0.0,0.0,38.62610115535426,0.07629943192742672,1.14081697350635,0.7211102550927979,0.7211102550927979,0.0,0.7211102550927979,0.0,37.645483128789834,14.430869689661812,hard,0.10910529182923134,0.12123271090678907,0.10028688966711018,0.08988494981702276
0.0,0.0,30.606599222432322,0.07616516010175557,1.1551463339436525,0.7211102550927979,0.7211102550927979,0.0,0.7211102550927979,0.0,30.617406813771805,14.430869689661812,hard,0.10910529182923134,0.12123271090678907,0.09958786287296902,0.09138049723244539
0.0,0.0,32.15675045167587,0.07630248717879659,1.1667630606505215,0.7211102550927979,0.7211102550927979,0.0,0.7211102550927979,0.0,31.935115468712496,14.430869689661812,hard,0.10910529182923134,0.12105250501220832,0.09906411755322911,0.09325160410530142
0.0,0.0,50.63472986669594,0.07679130038809236,1.171091178032032,0.6814690014960328,0.6814690014960328,0.0,0.6814690014960328,0.0,47.71267756058132,14.430869689661812,hard,0.10910529182923134,0.12055507936861444,0.09760865638879646,0.09251666938975239
0.0,0.0,54.91585877318937,0.07647583678457738,1.169234205726946,0.6814690014960328,0.6814690014960328,0.0,0.6814690014960328,0.0,55.246009810664155,14.430869689661812,hard,0.10910529182923134,0.12009776951156477,0.09727805545986207,0.09271024568075766
0.0,0.0,50.49343623685632,0.07649114803645715,1.1676382221778763,0.6814690014960328,0.6814690014960328,0.0,0.6814690014960328,0.0,51.40026848178909,14.430869689661812,hard,0.10910529182923134,0.12035060494340998,0.09825494930551262,0.09483650300873488
0.0,0.0,53.271182399841386,0.07566155485403764,1.1610954887669025,0.6814690014960328,0.6814690014960328,0.0,0.6814690014960328,0.0,48.365127933253724,14.430869689661812,hard,0.10910529182923134,0.12050553056312868,0.09724587205372945,0.09721297604602924
0.0,0.0,35.755034099965386,0.0761086719749206,1.15363382916831,0.6814690014960328,0.6814690014960328,0.0,0.6814690014960328,0.0,35.20963504497029,14.430869689661812,hard,0.10910529182923134,0.12054432682872118,0.09869851305862612,0.09858505560996224
0.0,0.0,24.995190048099087,0.07631919921473562,1.145787769309101,0.6814690014960328,0.6814690014960328,0.0,0.6814690014960328,0.0,25.280031645549816,14.430869689661812,hard,0.10910529182923134,0.1205933563455984,0.0991063123858656,0.09975602099576163
0.0,0.0,36.02646908093793,0.07587930170963139,1.1348320650856116,0.6814690014960328,0.6814690014960328,0.0,0.6814690014960328,0.0,35.92840102203269,14.430869689661812,hard,0.10910529182923134,0.12068109778940705,0.09894526206225222,0.10100067768840083
0.0,0.0,36.300036932729654,0.07549025458161869,1.1231711426446798,0.6814690014960328,0.6814690014960328,0.0,0.6814690014960328,0.0,35.51112501738012,14.430869689661812,hard,0.10910529182923134,0.12075482647812014,0.09874727933180809,0.10354143210233648
0.0,0.0,32.86696861065302,0.075131964672548,1.1125533748561676,0.6814690014960328,0.6814690014960328,0.0,0.6814690014960328,0.0,26.012220205126667,14.430869689661812,hard,0.10910529182923134,0.12075478833683091,0.09843868281413631,0.1059772513586346
0.0,0.0,20.959539577259708,0.0752023686802512,1.1038369310044736,0.6814690014960328,0.6814690014960328,0.0,0.6814690014960328,0.0,19.763602910400728,14.430869689661812,hard,0.10910529182923134,0.1207642207521584,0.09904380984774426,0.10772103086876375
0.0,0.0,32.375511562653095,0.07571193963607753,1.0985541076538083,0.6814690014960328,0.6814690014960328,0.0,0.6814690014960328,0.0,24.98799711861677,14.430869689661812,hard,0.10910529182923134,0.1207642207521584,0.10060247998057859,0.11003967126737661
0.0,0.0,19.652916964282138,0.07608196706951192,1.094072302426555,0.6814690014960328,0.6814690014960328,0.0,0.6814690014960328,0.0,19.031594783412135,14.430869689661812,hard,0.10910529182923134,0.1207642207521584,0.10158380924307675,0.11223239615073723
0.0,0.0,20.49811488429867,0.07648954808793118,1.0878727877051415,0.6814690014960328,0.6814690014960328,0.0,0.6814690014960328,0.0,17.154369705704728,14.430869689661812,hard,0.10910529182923134,0.1207642207521584,0.10223458177194526,0.11444446416585245
0.0,0.0,12.882836901967435,0.07689948439258101,1.0853367958528182,0.6814690014960328,0.6814690014960328,0.0,0.6814690014960328,0.0,12.918575772893853,14.430869689661812,hard,0.10910529182923134,0.1207642207521584,0.10262260009600367,0.11629141591201338
0.0,0.0,19.455948007631818,0.0775774581227304,1.0832976165955535,0.6814690014960328,0.6814690014960328,0.0,0.6814690014960328,0.0,18.765031308260582,14.430869689661812,hard,0.10910529182923134,0.1207642207521584,0.1051247537770846,0.1177558672387328
0.0,0.0,7.669551864429639,0.07784733945114977,1.0841679411785372,0.6814690014960328,0.6814690014960328,0.0,0.6814690014960328,0.0,7.025667228100119,14.430869689661812,hard,0.10910529182923134,0.1207642207521584,0.10577287331202496,0.11857277526388699
0.0,0.0,8.759227699487836,0.07805462007152442,1.0855464111842865,0.6814690014960328,0.6814690014960328,0.0,0.6814690014960328,0.0,8.246599299105057,14.430869689661812,hard,0.10910529182923134,0.1207642207521584,0.10623708764766061,0.11939652118438449
0.0,0.0,31.630584060980727,0.07813835360560849,1.0751631559070827,0.6499230723708768,0.6499230723708768,0.0,0.6499230723708768,0.0,25.7764310950915,14.430869689661812,hard,0.10910529182923134,0.1207642207521584,0.10628974184692763,0.117677704473523
0.0,0.0,31.16461136688617,0.07803333391000644,1.0701425065293761,0.6499230723708768,0.6499230723708768,0.0,0.6499230723708768,0.0,27.135924528196934,14.430869689661812,hard,0.10910529182923134,0.1207642207521584,0.10599386464648912,0.11699019959970808
0.0,0.0,27.641108259754354,0.07836034401859357,1.0664653523129528,0.6499230723708768,0.6499230723708768,0.0,0.6499230723708768,0.0,27.157790779074798,14.430869689661812,hard,0.10910529182923134,0.1207642207521584,0.10647400637376213,0.11784079787379945
0.0,0.0,19.703100906098822,0.07849702572874093,1.063388917253758,0.6499230723708768,0.6499230723708768,0.0,0.6499230723708768,0.0,15.347038802322746,14.430869689661812,hard,0.10910529182923134,0.12076422374561913,0.10622580771885472,0.11844194344872046
0.0,0.0,21.72251943890041,0.07873341581629059,1.061650107493166,0.6324555320336758,0.6324555320336758,0.0,0.6324555320336758,0.0,18.675159972541067,14.430869689661812,hard,0.10910529182923134,0.12076422374561913,0.10603427200836181,0.11772356261123379
0.0,0.0,18.298032561894445,0.07891570724632957,1.0571850140939472,0.6324555320336758,0.6324555320336758,0.0,0.6324555320336758,0.0,17.778143885119164,14.430869689661812,hard,0.10910529182923134,0.12076422374561913,0.10599518631712826,0.11722204002049384
0.0,0.0,12.106963383966097,0.07893009293182855,1.0529519625767552,0.6324555320336758,0.6324555320336758,0.0,0.6324555320336758,0.0,12.323960402403117,14.430869689661812,hard,0.10910529182923134,0.12076422374561913,0.10589010093798311,0.1174240190488289
0.0,0.0,28.56184502072947,0.07894706958184458,1.047511506711151,0.6324555320336758,0.6324555320336758,0.0,0.6324555320336758,0.0,28.78528096093557,14.430869689661812,hard,0.10910529182923134,0.12076422374561913,0.10470444060381943,0.11779398650540739
0.0,0.0,14.782352655574384,0.07889609066901283,1.042561248875824,0.6324555320336758,0.6324555320336758,0.0,0.6324555320336758,0.0,14.411231730841054,14.430869689661812,hard,0.10910529182923134,0.12076422374561913,0.10429545799538617,0.11850433735331792
0.0,0.0,15.748180272449483,0.07889174931646215,1.0362938001606945,0.6324555320336758,0.6324555320336758,0.0,0.6324555320336758,0.0,15.450682832807098,14.430869689661812,hard,0.10910529182923134,0.12076422374561913,0.10399794295014074,0.11913902055216032
0.0,0.0,15.059827539041294,0.07904375693178183,1.0326549100484421,0.6324555320336758,0.6324555320336758,0.0,0.6324555320336758,0.0,14.930894146031576,14.430869689661812,hard,0.10910529182923134,0.12076422374561913,0.10390013970533081,0.11943007725412144
0.0,0.0,19.90182062067063,0.07915402176472519,1.0307366134157554,0.6324555320336758,0.6324555320336758,0.0,0.6324555320336758,0.0,13.47442021016118,14.430869689661812,hard,0.10910529182923134,0.12076422374561913,0.10398241072313671,0.12057297427175613
0.0,0.0,18.78672962723478,0.07932349303726861,1.0271966742724423,0.6324555320336758,0.6324555320336758,0.0,0.6324555320336758,0.0,18.547506570965272,14.430869689661812,hard,0.10910529182923134,0.12076422374561913,0.10439208032608452,0.12236222853169752
0.0,0.0,21.67586921431457,0.07948158499746613,1.0231576458621983,0.6324555320336758,0.6324555320336758,0.0,0.6324555320336758,0.0,16.813577846490617,14.430869689661812,hard,0.10910529182923134,0.12076422374561913,0.10489232981238213,0.12416788595352203
0.0,0.0,17.314782100826285,0.07961470375296682,1.019941590580802,0.6324555320336758,0.6324555320336758,0.0,0.6324555320336758,0.0,17.259443791733265,14.430869689661812,hard,0.10910529182923134,0.12076422374561913,0.10565953735366326,0.12555105935069208
0.0,0.0,23.11816399168464,0.079851746906173,1.0180491975321138,0.6324555320336758,0.6324555320336758,0.0,0.6324555320336758,0.0,13.70735568955588,14.430869689661812,hard,0.10910529182923134,0.12076422374561913,0.10606558225422665,0.127052802041854
0.0,0.0,5.512340683926471,0.07990692141456501,1.0153590343540362,0.6324555320336758,0.6324555320336758,0.0,0.6324555320336758,0.0,6.08394608786107,14.430869689661812,hard,0.10910529182923134,0.12076422374561913,0.10618179018801055,0.1278494126219994
0.0,0.0,13.61781025101067,0.08009296769863325,1.013973199751808,0.6324555320336758,0.6324555320336758,0.0,0.6324555320336758,0.0,12.873165888778098,14.430869689661812,hard,0.10910529182923134,0.12076422374561913,0.10706592221771417,0.1283757455863503
0.0,0.0,3.5942070429110187,0.08014106500079182,1.0129954850344618,0.6324555320336758,0.6324555320336758,0.0,0.6324555320336758,0.0,3.3466401061363023,14.430869689661812,hard,0.10910529182923134,0.12076422374561913,0.10708209464830869,0.12857586780436284
0.0,0.0,2.1525761608850473,0.08015139765042091,1.013114887089428,0.6324555320336758,0.6324555320336758,0.0,0.6324555320336758,0.0,0.7000000000000001,14.430869689661812,hard,0.10910529182923134,0.12076422374561913,0.10708342574305271,0.12859497434708508
0.0,0.0,28.48278932549779,0.08078977756679849,1.0122382410866084,0.6324555320336758,0.6324555320336758,0.0,0.6324555320336758,0.0,24.08318915758459,14.430869689661812,hard,0.10910529182923134,0.12076422374561913,0.10697385780242799,0.12880698436309912
0.0,0.0,13.328701918555923,0.08124062109731349,1.0113971393452574,0.6324555320336758,0.6324555320336758,0.0,0.6324555320336758,0.0,13.093570941496441,14.430869689661812,hard,0.10910529182923134,0.12076422374561913,0.10693560959439241,0.12950149617762308
0.0,0.0,11.618292889173498,0.08164525933413927,1.0136131292129462,0.6324555320336758,0.6324555320336758,0.0,0.6324555320336758,0.0,11.08772294026145,14.430869689661812,hard,0.10910529182923134,0.12076422374561913,0.1068956853892087,0.13003577755843904
0.0,0.0,10.781203332712352,0.08201820642824001,1.0160634713008974,0.6324555320336758,0.6324555320336758,0.0,0.6324555320336758,0.0,10.801277702198014,14.430869689661812,hard,0.10910529182923134,0.12076422374561913,0.1068561569417886,0.13042617738600423
0.0,0.0,6.987960369617934,0.08217776236525141,1.0173134115878526,0.6324555320336758,0.6324555320336758,0.0,0.6324555320336758,0.0,6.462228717710322,14.430869689661812,hard,0.10910529182923134,0.12076422374561913,0.1068673300234071,0.1305994052947657
0.0,0.0,19.387819817751552,0.0824343078210867,1.019030547845693,0.6118823416311343,0.6118823416311343,0.0,0.6118823416311343,0.0,13.593248324076185,14.430869689661812,hard,0.10910529182923134,0.12076422374561913,0.10701167436037286,0.13103258019876368
0.0,0.0,22.307226943112124,0.08296063884456197,1.0198687021982753,0.6118823416311343,0.6118823416311343,0.0,0.6118823416311343,0.0,17.78016872810829,14.430869689661812,hard,0.10910529182923134,0.12076422374561913,0.10773574832155622,0.13188432396863595
0.0,0.0,18.233634121148334,0.08327399947103299,1.0203641745046725,0.6118823416311343,0.6118823416311343,0.0,0.6118823416311343,0.0,10.908510439102123,14.430869689661812,hard,0.10910529182923134,0.12076422374561913,0.10830311750257887,0.1323816276122339
0.0,0.0,8.41747508374911,0.08346088007391604,1.0211677468995852,0.6118823416311343,0.6118823416311343,0.0,0.6118823416311343,0.0,7.196554731258562,14.430869689661812,hard,0.10910529182923134,0.12076422374561913,0.1086071124847424,0.13282442971994726
0.0,0.0,13.18129493693361,0.08362646679529823,1.0222079071739172,0.6118823416311343,0.6118823416311343,0.0,0.6118823416311343,0.0,11.370294631187003,14.430869689661812,hard,0.10910529182923134,0.12076422374561913,0.10917194974379368,0.13356269287964834
0.0,0.0,21.687266101570565,0.08375984237052544,1.02430456605071,0.6118823416311343,0.6118823416311343,0.0,0.6118823416311343,0.0,12.660947831817332,14.430869689661812,hard,0.10910529182923134,0.12076422374561913,0.10957382615466266,0.13456888670394535
0.0,0.0,10.691251468663785,0.08385111111277152,1.023367854921052,0.6118823416311343,0.6118823416311343,0.0,0.6118823416311343,0.0,10.183594650220519,14.430869689661812,hard,0.10910529182923134,0.12076422374561913,0.10991745144239569,0.13530972475552963
0.0,0.0,13.124874373873514,0.08390729436062772,0.9555120202497408,0.6118823416311343,0.6118823416311343,0.4898979485566356,0.6118823416311343,0.0,6.09619553492176,14.430869689661812,hard,0.10910529182923134,0.12076422374561913,0.11007840370640015,0.135715155388733
0.0,0.0,9.109758777338449,0.08391025090388293,0.9157661895817069,0.6118823416311343,0.6118823416311343,0.5,0.6118823416311343,0.0,3.903844259188627,14.430869689661812,hard,0.10910529182923134,0.12076422374561913,0.11006337579425077,0.13594136323571454
0.0,0.0,9.150400307121052,0.08390075493926986,0.9199057530671597,0.6118823416311343,0.6118823416311343,0.5,0.6118823416311343,0.0,8.817278491688917,14.430869689661812,hard,0.10910529182923134,0.12076422374561913,0.11006949723758384,0.13610622055988408
0.0,0.0,9.758776431380378,0.08405788296703694,0.9252913634560914,0.6118823416311343,0.6118823416311343,0.5,0.6118823416311343,0.0,9.402127418834526,14.430869689661812,hard,0.10910529182923134,0.12076422374561913,0.11010193783745843,0.13624609206287766
0.0,0.0,8.57624632608354,0.08411843045359965,0.928835193384045,0.6118823416311343,0.6118823416311343,0.5,0.6118823416311343,0.0,8.11181853840432,14.430869689661812,hard,0.10910529182923134,0.12076422374561913,0.11012251646578668,0.13652763176250948
0.0,0.0,19.722545311479887,0.08451277373694509,0.9308231063298581,0.6118823416311343,0.6118823416311343,0.5,0.6118823416311343,0.0,11.138419995672637,14.430869689661812,hard,0.10910529182923134,0.12076422374561913,0.11029819261889713,0.1369594373068659
0.0,0.0,14.224378142164065,0.08488552517407508,0.9322155419214161,0.6118823416311343,0.6118823416311343,0.5,0.6118823416311343,0.0,13.591997645673722,14.430869689661812,hard,0.10910529182923134,0.12076422374561913,0.11034415503454978,0.13734556913128418
0.0,0.0,9.920703236216966,0.08518604449766451,0.9327517873260261,0.6118823416311343,0.6118823416311343,0.5,0.6118823416311343,0.0,9.160262004986539,14.430869689661812,hard,0.10910529182923134,0.12076422374561913,0.11044351609646738,0.13765509703497542
0.0,0.0,5.804718978498068,0.08530825683640546,0.9328897945596113,0.6118823416311343,0.6118823416311343,0.5,0.6118823416311343,0.0,5.840000000000001,14.430869689661812,hard,0.10910529182923134,0.12076422374561913,0.11048542659711229,0.13787786532727492
0.0,0.0,4.429924028313782,0.0853572627373957,0.9353521988771206,0.6118823416311343,0.6118823416311343,0.5,0.6118823416311343,0.0,3.9118282170872476,14.430869689661812,hard,0.10910529182923134,0.12076422374561913,0.11051041929418845,0.1379831032884644
0.0,0.0,10.483602632782938,0.0853947943613262,0.934944982157637,0.6118823416311343,0.6118823416311343,0.5,0.6118823416311343,0.0,1.864296113818832,14.430869689661812,hard,0.10910529182923134,0.12076422374561913,0.11051041929418845,0.13807721571817314
0.0,0.0,2.7006048939497442,0.0854367208110143,0.9343935826138141,0.6118823416311343,0.6118823416311343,0.5,0.6118823416311343,0.0,1.4000000000000004,14.430869689661812,hard,0.10910529182923134,0.12076422374561913,0.11051041929418845,0.13808986482176738
0.0,0.0,1.6862731775414188,0.0854367208110143,0.9377738184849227,0.6118823416311343,0.6118823416311343,0.5,0.6118823416311343,0.0,0.0,14.430869689661812,hard,0.10910529182923134,0.12076422374561913,0.11051041929418845,0.13808986482176738
0.0,0.0,2.410770066437822,0.08544455850945411,0.9444420823695875,0.6118823416311343,0.6118823416311343,0.5,0.6118823416311343,0.0,0.27999999999999997,14.430869689661812,hard,0.10910529182923134,0.12076422374561913,0.11051041929418845,0.1381068165633861
0.0,0.0,2.4441537874252734,0.08544455850945411,0.9519906350358874,0.6118823416311343,0.6118823416311343,0.5,0.6118823416311343,0.0,0.0,14.430869689661812,hard,0.10910529182923134,0.12076422374561913,0.11051041929418845,0.1381068165633861
0.0,0.0,2.3265115060388393,0.08547212859245765,0.95877968292573,0.6118823416311343,0.6118823416311343,0.5,0.6118823416311343,0.0,1.1320777358467924,14.430869689661812,hard,0.10910529182923134,0.12076422374561913,0.11051959197891101,0.1382349139754714
0.0,0.0,2.4263511908322983,0.08548321594813724,0.9674954840133853,0.6118823416311343,0.6118823416311343,0.5,0.6118823416311343,0.0,0.412310562561766,14.430869689661812,hard,0.10910529182923134,0.12076422374561913,0.11053099617311331,0.138274105546306
0.0,0.0,6.548097927325163,0.08548942948677501,0.965492711394593,0.6118823416311343,0.6118823416311343,0.4963869458396343,0.6118823416311343,0.0,0.31048349392520047,14.430869689661812,hard,0.10910529182923134,0.12076422374561913,0.11053099617311331,0.13829764762371827
0.0,0.0,7.0886639428383935,0.08548942948677501,0.9742563171583638,0.6118823416311343,0.6118823416311343,0.4935585071701226,0.6118823416311343,0.0,0.13999999999999999,14.430869689661812,hard,0.10910529182923134,0.12076422374561913,0.11053099617311331,0.13829764762371827
0.0,0.0,4.88193371262412,0.08546181191800953,0.9833616440536734,0.6118823416311343,0.6118823416311343,0.4935585071701226,0.6118823416311343,0.0,2.390732105443854,14.430869689661812,hard,0.10910529182923134,0.12076422374561913,0.11049966477390509,0.13831467212266152
0.0,0.0,13.395389097576892,0.0854810101039295,0.9147033784866377,0.6118823416311343,0.6118823416311343,0.8447484832777151,0.6118823416311343,0.0,1.5399999999999998,14.430869689661812,hard,0.10910529182923134,0.12076422374561913,0.11052997886061194,0.13849622296373423
0.0,0.0,9.52347558286333,0.08554981332041219,0.8484323424199558,0.6118823416311343,0.6118823416311343,0.8811356308764277,0.6118823416311343,0.0,3.255764119219941,14.430869689661812,hard,0.10910529182923134,0.12076422374561913,0.11077903296389402,0.13855912769526393
0.0,0.0,7.088649966063678,0.08562218681244005,0.8626920522503259,0.6118823416311343,0.6118823416311343,0.8908422980528036,0.6118823416311343,0.0,3.0799999999999996,14.430869689661812,hard,0.10910529182923134,0.12076422374561913,0.11081789286807728,0.13858586221105854
0.0,0.0,9.015085925946813,0.08584942149238275,0.8625325793033192,0.6118823416311343,0.6118823416311343,0.9,0.6118823416311343,0.0,7.978370761001273,14.430869689661812,hard,0.10910529182923134,0.12076422374561913,0.1109368744198439,0.13871604037383492
0.0,0.0,13.574188156715591,0.08621750722255214,0.8672660653838271,0.6118823416311343,0.6118823416311343,0.9,0.6118823416311343,0.0,13.20581690013912,14.430869689661812,hard,0.10910529182923134,0.12076422374561913,0.11121412686741357,0.13907091788533482
0.0,0.0,11.002306974033763,0.08647634954014798,0.8372908725948217,0.6118823416311343,0.6118823416311343,0.9024411338142783,0.6118823416311343,0.0,9.112628599915615,14.430869689661812,hard,0.10910529182923134,0.12076422374561913,0.1116008670987171,0.1392825205417656
0.0,0.0,7.356328902555819,0.08668657669688218,0.8406249825862693,0.6118823416311343,0.6118823416311343,0.9024411338142783,0.6118823416311343,0.0,6.3,14.430869689661812,hard,0.10910529182923134,0.12076422374561913,0.11191842208110558,0.13943688282748298
0.0,0.0,9.286531259275419,0.08699746023191775,0.8438918649234192,0.6118823416311343,0.6118823416311343,0.9024411338142783,0.6118823416311343,0.0,9.1,14.430869689661812,hard,0.10910529182923134,0.12076422374561913,0.11242711309224956,0.13967444083907357
0.0,0.0,23.132284976836967,0.08753163247208669,0.8477066503285176,0.6118823416311343,0.6118823416311343,0.9024411338142783,0.6118823416311343,0.0,14.56,14.430869689661812,hard,0.10910529182923134,0.12076422374561913,0.11351886855661665,0.14003950355313263
0.0,0.0,5.381626231448026,0.08773598380943874,0.8509463973896787,0.6118823416311343,0.6118823416311343,0.9024411338142783,0.6118823416311343,0.0,5.460000000000001,14.430869689661812,hard,0.10910529182923134,0.12076422374561913,0.11386545008262368,0.14023214219351524
0.0,0.0,3.457531120140676,0.08773598380943874,0.8565308715086526,0.6118823416311343,0.6118823416311343,0.9024411338142783,0.6118823416311343,0.0,0.0,14.430869689661812,hard,0.10910529182923134,0.12076422374561913,0.11386545008262368,0.14023214219351524
0.0,0.0,1.9687586048193195,0.08773598380943874,0.864046454936092,0.6118823416311343,0.6118823416311343,0.9024411338142783,0.6118823416311343,0.0,0.0,14.430869689661812,hard,0.10910529182923134,0.12076422374561913,0.11386545008262368,0.14023214219351524
0.0,0.0,2.424731920082386,0.08773598380943874,0.868714393997213,0.6118823416311343,0.6118823416311343,0.9024411338142783,0.6118823416311343,0.0,0.0,14.430869689661812,hard,0.10910529182923134,0.12076422374561913,0.11386545008262368,0.14023214219351524
0.0,0.0,2.003861651413723,0.08773598380943874,0.8753307829254829,0.6118823416311343,0.6118823416311343,0.9024411338142783,0.6118823416311343,0.0,0.0,14.430869689661812,hard,0.10910529182923134,0.12076422374561913,0.11386545008262368,0.14023214219351524
0.0,0.0,2.2085420568641303,0.08773598380943874,0.8847866073946666,0.6118823416311343,0.6118823416311343,0.9024411338142783,0.6118823416311343,0.0,0.19595917942265428,14.430869689661812,hard,0.10910529182923134,0.12076422374561913,0.11386545008262368,0.14023214219351524
0.0,0.0,3.1180873009558843,0.08778051376041943,0.8965200447027791,0.6118823416311343,0.6118823416311343,0.9024411338142783,0.6118823416311343,0.0,2.467063031217484,14.430869689661812,hard,0.10910529182923134,0.12076422374561913,0.11386545008262368,0.14046859324107294
0.0,0.0,3.448978460734151,0.0878215278217627,0.9110710065206494,0.6118823416311343,0.6118823416311343,0.9024411338142783,0.6118823416311343,0.0,2.94,14.430869689661812,hard,0.10910529182923134,0.12076422374561913,0.11414846484830712,0.14049414157825046
0.0,0.0,5.556680948917819,0.08782461058427839,0.9214976377350858,0.6118823416311343,0.6118823416311343,0.894427190999916,0.6118823416311343,0.0,0.4399999999999999,14.430869689661812,hard,0.10910529182923134,0.12076422374561913,0.11414846484830712,0.14053763160851657
0.0,0.0,2.398415724481482,0.08782461058427839,0.9396279250962971,0.6118823416311343,0.6118823416311343,0.894427190999916,0.6118823416311343,0.0,0.0,14.430869689661812,hard,0.10910529182923134,0.12076422374561913,0.11414846484830712,0.14053763160851657
0.0,0.0,2.8798379537350547,0.08782461058427839,0.9605441424102347,0.6118823416311343,0.6118823416311343,0.894427190999916,0.6118823416311343,0.0,0.0,14.430869689661812,hard,0.10910529182923134,0.12076422374561913,0.11414846484830712,0.14053763160851657
0.0,0.0,13.309937704180067,0.08782461058427839,0.89459271540771,0.6118823416311343,0.6118823416311343,1.184736257569591,0.6118823416311343,0.0,0.0,14.430869689661812,hard,0.10910529182923134,0.12076422374561913,0.11414846484830712,0.14053763160851657
0.0,0.0,11.429129528538844,0.08782461058427839,0.7589714097634024,0.6118823416311343,0.6118823416311343,1.2224565431948902,0.6118823416311343,0.0,0.0,14.430869689661812,hard,0.10910529182923134,0.12076422374561913,0.11414846484830712,0.14053763160851657
0.0,0.0,1.94916002829295,0.08782461058427839,0.7681707209308166,0.6118823416311343,0.6118823416311343,1.2224565431948902,0.6118823416311343,0.0,0.0,14.430869689661812,hard,0.10910529182923134,0.12076422374561913,0.11414846484830712,0.14053763160851657
0.0,0.0,7.103076193616477,0.08782461058427839,0.7710889790031432,0.6118823416311343,0.6118823416311343,1.2224565431948902,0.6118823416311343,0.0,0.0,14.430869689661812,hard,0.10910529182923134,0.12076422374561913,0.11414846484830712,0.14053763160851657
0.0,0.0,5.869705562797907,0.08782461058427839,0.7891496843401911,0.6118823416311343,0.6118823416311343,1.2330450113438682,0.6118823416311343,0.0,0.0,14.430869689661812,hard,0.10910529182923134,0.12076422374561913,0.11414846484830712,0.14053763160851657
0.0,0.0,5.658147456918255,0.08782461058427839,0.7967087248031021,0.6118823416311343,0.6118823416311343,1.2330450113438682,0.6118823416311343,0.0,0.0,14.430869689661812,hard,0.10910529182923134,0.12076422374561913,0.11414846484830712,0.14053763160851657
0.0,0.0,4.172860989551623,0.08782461058427839,0.8049558665324115,0.6118823416311343,0.6118823416311343,1.2330450113438682,0.6118823416311343,0.0,0.0,14.430869689661812,hard,0.10910529182923134,0.12076422374561913,0.11414846484830712,0.14053763160851657
0.0,0.0,6.482541746315742,0.08782461058427839,0.7989060064908905,0.6118823416311343,0.6118823416311343,1.2432216214336043,0.6118823416311343,0.0,0.0,14.430869689661812,hard,0.10910529182923134,0.12076422374561913,0.11414846484830712,0.14053763160851657
0.0,0.0,3.7945060829278163,0.0878334262097029,0.807747718519854,0.6118823416311343,0.6118823416311343,1.2432216214336043,0.6118823416311343,0.0,0.5599999999999999,14.430869689661812,hard,0.10910529182923134,0.12076422374561913,0.11414846484830712,0.14064020795250784
0.0,0.0,3.071366515545972,0.08785796884279962,0.8139299501877747,0.6118823416311343,0.6118823416311343,1.2432216214336043,0.6118823416311343,0.0,2.38,14.430869689661812,hard,0.10910529182923134,0.12076422374561913,0.11419701722684578,0.1408467337501514
0.0,0.0,6.993129559658268,0.08795811900214796,0.8161181408496921,0.6118823416311343,0.6118823416311343,1.2432216214336043,0.6118823416311343,0.0,6.58,14.430869689661812,hard,0.10910529182923134,0.12076422374561913,0.11486385430076888,0.1409506811918761
0.0,0.0,4.162849525482573,0.08797262574500798,0.8204030604495745,0.6118823416311343,0.6118823416311343,1.2432216214336043,0.6118823416311343,0.0,1.1199999999999999,14.430869689661812,hard,0.10910529182923134,0.12076422374561913,0.11493596632265528,0.1410028256076261
0.0,0.0,2.052646931464937,0.08797505619220058,0.8274399594787358,0.6118823416311343,0.6118823416311343,1.2432216214336043,0.6118823416311343,0.0,0.13999999999999999,14.430869689661812,hard,0.10910529182923134,0.12076422374561913,0.11495410169444692,0.1410028256076261
0.0,0.0,2.510183910568724,0.08797505619220058,0.8364247917742655,0.6118823416311343,0.6118823416311343,1.2432216214336043,0.6118823416311343,0.0,0.0,14.430869689661812,hard,0.10910529182923134,0.12076422374561913,0.11495410169444692,0.1410028256076261
0.0,0.0,1.9611120000808775,0.08797505619220058,0.8444071591486987,0.6118823416311343,0.6118823416311343,1.2432216214336043,0.6118823416311343,0.0,0.0,14.430869689661812,hard,0.10910529182923134,0.12076422374561913,0.11495410169444692,0.1410028256076261
0.0,0.0,3.552650216947288,0.08797505619220058,0.8549670415965752,0.6118823416311343,0.6118823416311343,1.2432216214336043,0.6118823416311343,0.0,0.0,14.430869689661812,hard,0.10910529182923134,0.12076422374561913,0.11495410169444692,0.1410028256076261
0.0,0.0,2.30113816714419,0.08797505619220058,0.8709248956362654,0.6118823416311343,0.6118823416311343,1.2432216214336043,0.6118823416311343,0.0,0.0,14.430869689661812,hard,0.10910529182923134,0.12076422374561913,0.11495410169444692,0.1410028256076261
0.0,0.0,2.358839052833683,0.08797685307000841,0.883906302915719,0.6118823416311343,0.6118823416311343,1.2432216214336043,0.6118823416311343,0.0,0.7000000000000002,14.430869689661812,hard,0.10910529182923134,0.12076422374561913,0.11495410169444692,0.14103888929160782
0.0,0.0,3.7362115784537346,0.08797685307000841,0.8917103691781177,0.6118823416311343,0.6118823416311343,1.2529964086141667,0.6118823416311343,0.0,0.0,14.430869689661812,hard,0.10910529182923134,0.12076422374561913,0.11495410169444692,0.14103888929160782
0.0,0.0,2.470551735285858,0.08797685307000841,0.9131075264527971,0.6118823416311343,0.6118823416311343,1.2529964086141667,0.6118823416311343,0.0,0.13999999999999999,14.430869689661812,hard,0.10910529182923134,0.12076422374561913,0.11495410169444692,0.14103888929160782
0.0,0.0,12.465689208030184,0.08797823909383762,0.879788736894086,0.6118823416311343,0.6118823416311343,1.5014659503298768,0.6118823416311343,0.0,0.7000000000000002,14.430869689661812,hard,0.10910529182923134,0.12076422374561913,0.11495799108100639,0.14103888929160782
0.0,0.0,11.93863624899724,0.08798671430386161,0.7004036884643087,0.6118823416311343,0.6118823416311343,1.5774663229368797,0.6118823416311343,0.0,3.0799999999999996,14.430869689661812,hard,0.10910529182923134,0.12076422374561913,0.11497939789188044,0.14107549342537196
0.0,0.0,8.604657138351698,0.08801081931886026,0.7105270692136049,0.6118823416311343,0.6118823416311343,1.5778466338652817,0.6118823416311343,0.0,6.720000000000001,14.430869689661812,hard,0.10910529182923134,0.12076422374561913,0.1150474808726234,0.14119818421929267
0.0,0.0,8.531272861929786,0.08804660378445579,0.7156643699960988,0.6118823416311343,0.6118823416311343,1.5778466338652817,0.6118823416311343,0.0,7.7,14.430869689661812,hard,0.10910529182923134,0.12076422374561913,0.11517392643232939,0.1413366747537816
0.0,0.0,5.860436616027792,0.0880670503122735,0.7208045434032462,0.6118823416311343,0.6118823416311343,1.57797338380595,0.6118823416311343,0.0,4.0600000000000005,14.430869689661812,hard,0.10910529182923134,0.12076422374561913,0.11524708492645655,0.14141876717585306
0.0,0.0,7.684842534970345,0.08810398522036292,0.7214110542498988,0.6118823416311343,0.6118823416311343,1.5904716281656834,0.6118823416311343,0.0,6.580000000000001,14.430869689661812,hard,0.10910529182923134,0.12076422374561913,0.11535983461619316,0.1416003289462902
0.0,0.0,2.0371111313799375,0.08810398522036292,0.7264241323037359,0.6118823416311343,0.6118823416311343,1.5904716281656834,0.6118823416311343,0.0,0.0,14.430869689661812,hard,0.10910529182923134,0.12076422374561913,0.11535983461619316,0.1416003289462902
0.0,0.0,1.673247207929853,0.08810398522036292,0.7370985458151191,0.6118823416311343,0.6118823416311343,1.5904716281656834,0.6118823416311343,0.0,0.0,14.430869689661812,hard,0.10910529182923134,0.12076422374561913,0.11535983461619316,0.1416003289462902
0.0,0.0,8.188283987033712,0.08812587460935203,0.7578442597788608,0.6118823416311343,0.6118823416311343,1.6026228502052504,0.6118823416311343,0.0,1.543502510525979,14.430869689661812,hard,0.10910529182923134,0.12076422374561913,0.11546855577609381,0.14167830424821412
0.0,0.0,4.793254873024239,0.08812587460935203,0.7671959400637671,0.6118823416311343,0.6118823416311343,1.6026228502052504,0.6118823416311343,0.0,0.0,14.430869689661812,hard,0.10910529182923134,0.12076422374561913,0.11546855577609381,0.14167830424821412
0.0,0.0,5.554461833141769,0.08812587460935203,0.7781261387558457,0.6118823416311343,0.6118823416311343,1.6026228502052504,0.6118823416311343,0.0,0.0,14.430869689661812,hard,0.10910529182923134,0.12076422374561913,0.11546855577609381,0.14167830424821412
0.0,0.0,6.4502352498709525,0.08813232789073135,0.7722580381309346,0.6118823416311343,0.6118823416311343,1.614434885648845,0.6118823416311343,0.0,1.4000000000000004,14.430869689661812,hard,0.10910529182923134,0.12076422374561913,0.11549314207034282,0.1417002831433012
0.0,0.0,5.263706588294618,0.08813560362410781,0.7800724210732151,0.6118823416311343,0.6118823416311343,1.614434885648845,0.6118823416311343,0.0,0.42000000000000004,14.430869689661812,hard,0.10910529182923134,0.12076422374561913,0.11549939681005651,0.14172239541958573
0.0,0.0,4.970050961016853,0.08813560362410781,0.787387585342072,0.6118823416311343,0.6118823416311343,1.6011246047700347,0.6118823416311343,0.0,0.0,14.430869689661812,hard,0.10910529182923134,0.12076422374561913,0.11549939681005651,0.14172239541958573
0.0,0.0,2.513550541684385,0.08813560362410781,0.7977784049334401,0.6118823416311343,0.6118823416311343,1.6011246047700347,0.6118823416311343,0.0,0.0,14.430869689661812,hard,0.10910529182923134,0.12076422374561913,0.11549939681005651,0.14172239541958573
0.0,0.0,2.128668245066322,0.08813560362410781,0.8109616186901802,0.6118823416311343,0.6118823416311343,1.6011246047700347,0.6118823416311343,0.0,0.0,14.430869689661812,hard,0.10910529182923134,0.12076422374561913,0.11549939681005651,0.14172239541958573
0.0,0.0,5.840156090952411,0.08813560362410781,0.808396257656132,0.6118823416311343,0.6118823416311343,1.5874507866387544,0.6118823416311343,0.0,0.0,14.430869689661812,hard,0.10910529182923134,0.12076422374561913,0.11549939681005651,0.14172239541958573
0.0,0.0,4.124682338526945,0.08813560362410781,0.8202987105970546,0.6118823416311343,0.6118823416311343,1.5986244086714052,0.6118823416311343,0.0,0.0,14.430869689661812,hard,0.10910529182923134,0.12076422374561913,0.11549939681005651,0.14172239541958573
0.0,0.0,2.6188058342309177,0.08813560362410781,0.8396899225738996,0.6118823416311343,0.6118823416311343,1.5986244086714052,0.6118823416311343,0.0,0.0,14.430869689661812,hard,0.10910529182923134,0.12076422374561913,0.11549939681005651,0.14172239541958573
0.0,0.0,4.841038464822204,0.08813560362410781,0.865886813326724,0.6118823416311343,0.6118823416311343,1.6094719630984569,0.6118823416311343,0.0,0.0,14.430869689661812,hard,0.10910529182923134,0.12076422374561913,0.11549939681005651,0.14172239541958573
0.0,0.0,12.176860027008063,0.08813560362410781,0.9010123911450939,0.6118823416311343,0.6118823416311343,1.7889661819050688,0.6118823416311343,0.0,0.0,14.430869689661812,hard,0.10910529182923134,0.12076422374561913,0.11549939681005651,0.14172239541958573
0.0,0.0,12.691069160444536,0.08813805288087001,0.6731555360521392,0.6118823416311343,0.6118823416311343,1.9701776569639602,0.6118823416311343,0.0,0.13999999999999999,14.430869689661812,hard,0.10910529182923134,0.12076422374561913,0.11549939681005651,0.14174843295276746
0.0,0.0,2.7530926390276123,0.08813805288087001,0.6860847659524267,0.6118823416311343,0.6118823416311343,1.9701776569639602,0.6118823416311343,0.0,0.0,14.430869689661812,hard,0.10910529182923134,0.12076422374561913,0.11549939681005651,0.14174843295276746
0.0,0.0,5.935569617823653,0.08813805288087001,0.6936897123198238,0.6118823416311343,0.6118823416311343,1.9943921379708653,0.6118823416311343,0.0,0.0,14.430869689661812,hard,0.10910529182923134,0.12076422374561913,0.11549939681005651,0.14174843295276746
0.0,0.0,4.211155906862494,0.08813805288087001,0.6913541073862892,0.6118823416311343,0.6118823416311343,1.9860513588525346,0.6118823416311343,0.0,0.0,14.430869689661812,hard,0.10910529182923134,0.12076422374561913,0.11549939681005651,0.14174843295276746
0.0,0.0,2.1090648439233575,0.08814025467244598,0.6995101673272147,0.6118823416311343,0.6118823416311343,1.9860513588525346,0.6118823416311343,0.0,0.27999999999999997,14.430869689661812,hard,0.10910529182923134,0.12076422374561913,0.11549939681005651,0.14177067309007235
0.0,0.0,2.109347397195284,0.08814358462635755,0.7087686966767306,0.6118823416311343,0.6118823416311343,1.9860513588525346,0.6118823416311343,0.0,0.42000000000000004,14.430869689661812,hard,0.10910529182923134,0.12076422374561913,0.11549939681005651,0.14180428308871404
0.0,0.0,1.89653968172802,0.08814358462635755,0.717992867392169,0.6118823416311343,0.6118823416311343,1.9860513588525346,0.6118823416311343,0.0,0.0,14.430869689661812,hard,0.10910529182923134,0.12076422374561913,0.11549939681005651,0.14180428308871404
0.0,0.0,1.4642367142371933,0.08814358462635755,0.727644761312696,0.6118823416311343,0.6118823416311343,1.9860513588525346,0.6118823416311343,0.0,0.0,14.430869689661812,hard,0.10910529182923134,0.12076422374561913,0.11549939681005651,0.14180428308871404
0.0,0.0,1.3921465510031725,0.08814358462635755,0.7382203021166017,0.6118823416311343,0.6118823416311343,1.9860513588525346,0.6118823416311343,0.0,0.0,14.430869689661812,hard,0.10910529182923134,0.12076422374561913,0.11549939681005651,0.14180428308871404
0.0,0.0,1.3141187827736514,0.08814358462635755,0.7484567216983071,0.6118823416311343,0.6118823416311343,1.9860513588525346,0.6118823416311343,0.0,0.0,14.430869689661812,hard,0.10910529182923134,0.12076422374561913,0.11549939681005651,0.14180428308871404
0.0,0.0,1.5645820515263213,0.08814358462635755,0.7551833575259748,0.6118823416311343,0.6118823416311343,1.9860513588525346,0.6118823416311343,0.0,0.0,14.430869689661812,hard,0.10910529182923134,0.12076422374561913,0.11549939681005651,0.14180428308871404
0.0,0.0,2.0267288354842288,0.08814358462635755,0.7567825997990952,0.6118823416311343,0.6118823416311343,1.9860513588525346,0.6118823416311343,0.0,0.0,14.430869689661812,hard,0.10910529182923134,0.12076422374561913,0.11549939681005651,0.14180428308871404
0.0,0.0,8.2535806444926,0.08814358462635755,0.7644156462800843,0.6118823416311343,0.6118823416311343,1.9860513588525346,0.6118823416311343,0.0,0.0,14.430869689661812,hard,0.10910529182923134,0.12076422374561913,0.11549939681005651,0.14180428308871404
0.0,0.0,4.901472457403988,0.08814358462635755,0.7744914509442231,0.6118823416311343,0.6118823416311343,1.9860513588525346,0.6118823416311343,0.0,0.0,14.430869689661812,hard,0.10910529182923134,0.12076422374561913,0.11549939681005651,0.14180428308871404
0.0,0.0,5.383725086643807,0.08814358462635755,0.787358360258186,0.6118823416311343,0.6118823416311343,1.9860513588525346,0.6118823416311343,0.0,0.0,14.430869689661812,hard,0.10910529182923134,0.12076422374561913,0.11549939681005651,0.14180428308871404
0.0,0.0,4.00755663255942,0.08814358462635755,0.8024118418579842,0.6118823416311343,0.6118823416311343,1.9860513588525346,0.6118823416311343,0.0,0.0,14.430869689661812,hard,0.10910529182923134,0.12076422374561913,0.11549939681005651,0.14180428308871404
0.0,0.0,5.728976142445041,0.08814358462635755,0.8207983907007855,0.6118823416311343,0.6118823416311343,1.9860513588525346,0.6118823416311343,0.0,0.0,14.430869689661812,hard,0.10910529182923134,0.12076422374561913,0.11549939681005651,0.14180428308871404
0.0,0.0,4.214369347197471,0.08814358462635755,0.8380596320116553,0.6118823416311343,0.6118823416311343,1.9860513588525346,0.6118823416311343,0.0,0.0,14.430869689661812,hard,0.10910529182923134,0.12076422374561913,0.11549939681005651,0.14180428308871404
0.0,0.0,2.1556628164832285,0.08814358462635755,0.8557562463783263,0.6118823416311343,0.6118823416311343,1.9860513588525346,0.6118823416311343,0.0,0.0,14.430869689661812,hard,0.10910529182923134,0.12076422374561913,0.11549939681005651,0.14180428308871404
0.0,0.0,8.214168891867375,0.08814358462635755,0.9317043303953676,0.6118823416311343,0.6118823416311343,2.0711349545599385,0.6118823416311343,0.0,0.0,14.430869689661812,hard,0.10910529182923134,0.12076422374561913,0.11549939681005651,0.14180428308871404
0.0,0.0,14.664314869075742,0.08814358462635755,0.6661745326491252,0.6118823416311343,0.6118823416311343,2.3748684174075834,0.6118823416311343,0.0,0.0,14.430869689661812,hard,0.10910529182923134,0.12076422374561913,0.11549939681005651,0.14180428308871404
0.0,0.0,3.99632568118522,0.08814358462635755,0.6872925173142108,0.6118823416311343,0.6118823416311343,2.3873835050112917,0.6118823416311343,0.0,0.0,14.430869689661812,hard,0.10910529182923134,0.12076422374561913,0.11549939681005651,0.14180428308871404
0.0,0.0,2.7618844938913347,0.08814470188152518,0.6981817573625257,0.6118823416311343,0.6118823416311343,2.3873835050112917,0.6118823416311343,0.0,0.13999999999999999,14.430869689661812,hard,0.10910529182923134,0.12076422374561913,0.11549939681005651,0.141815553001427
0.0,0.0,2.672767547265588,0.08814582277172803,0.7103530563371864,0.6118823416311343,0.6118823416311343,2.3873835050112917,0.6118823416311343,0.0,0.13999999999999999,14.430869689661812,hard,0.10910529182923134,0.12076422374561913,0.11549939681005651,0.1418268561908492
0.0,0.0,4.955588269564944,0.08814694729682743,0.7313620852029371,0.6118823416311343,0.6118823416311343,2.3913176284216195,0.6118823416311343,0.0,0.42000000000000004,14.430869689661812,hard,0.10910529182923134,0.12076422374561913,0.11549939681005651,0.14183819264902517
0.0,0.0,1.929851294728064,0.08814694729682743,0.7408085119232811,0.6118823416311343,0.6118823416311343,2.3913176284216195,0.6118823416311343,0.0,0.0,14.430869689661812,hard,0.10910529182923134,0.12076422374561913,0.11549939681005651,0.14183819264902517
0.0,0.0,2.0316332901920418,0.08814939931586278,0.7537064444849395,0.6118823416311343,0.6118823416311343,2.3913176284216195,0.6118823416311343,0.0,0.42,14.430869689661812,hard,0.10910529182923134,0.12076422374561913,0.1155176570975055,0.14183819264902517
0.0,0.0,2.109130207665398,0.08814939931586278,0.7637029228402257,0.6118823416311343,0.6118823416311343,2.3913176284216195,0.6118823416311343,0.0,0.0,14.430869689661812,hard,0.10910529182923134,0.12076422374561913,0.1155176570975055,0.14183819264902517
0.0,0.0,3.7772095466879385,0.08814939931586278,0.7787315707287041,0.6118823416311343,0.6118823416311343,2.395078286820704,0.6118823416311343,0.0,0.0,14.430869689661812,hard,0.10910529182923134,0.12076422374561913,0.1155176570975055,0.14183819264902517
0.0,0.0,1.5433715198765576,0.08814939931586278,0.7822015452190417,0.6118823416311343,0.6118823416311343,2.395078286820704,0.6118823416311343,0.0,0.0,14.430869689661812,hard,0.10910529182923134,0.12076422374561913,0.1155176570975055,0.14183819264902517
0.0,0.0,4.536091819772447,0.08814939931586278,0.782647785228187,0.6118823416311343,0.6118823416311343,2.4069898213328615,0.6118823416311343,0.0,0.0,14.430869689661812,hard,0.10910529182923134,0.12076422374561913,0.1155176570975055,0.14183819264902517
0.0,0.0,1.6608904023635196,0.08814939931586278,0.7912531673742909,0.6118823416311343,0.6118823416311343,2.4069898213328615,0.6118823416311343,0.0,0.0,14.430869689661812,hard,0.10910529182923134,0.12076422374561913,0.1155176570975055,0.14183819264902517
0.0,0.0,1.8745625613855736,0.08814939931586278,0.7963262370388831,0.6118823416311343,0.6118823416311343,2.4069898213328615,0.6118823416311343,0.0,0.0,14.430869689661812,hard,0.10910529182923134,0.12076422374561913,0.1155176570975055,0.14183819264902517
0.0,0.0,1.998537013331381,0.08814939931586278,0.8051641393650407,0.6118823416311343,0.6118823416311343,2.4069898213328615,0.6118823416311343,0.0,0.0,14.430869689661812,hard,0.10910529182923134,0.12076422374561913,0.1155176570975055,0.14183819264902517
0.0,0.0,1.7879565153708905,0.08814939931586278,0.8135956610914622,0.6118823416311343,0.6118823416311343,2.4069898213328615,0.6118823416311343,0.0,0.0,14.430869689661812,hard,0.10910529182923134,0.12076422374561913,0.1155176570975055,0.14183819264902517
0.0,0.0,2.2831570164819617,0.08814939931586278,0.8248237756422697,0.6118823416311343,0.6118823416311343,2.4069898213328615,0.6118823416311343,0.0,0.0,14.430869689661812,hard,0.10910529182923134,0.12076422374561913,0.1155176570975055,0.14183819264902517
0.0,0.0,1.6159503896416618,0.08814939931586278,0.840412194922222,0.6118823416311343,0.6118823416311343,2.4069898213328615,0.6118823416311343,0.0,0.0,14.430869689661812,hard,0.10910529182923134,0.12076422374561913,0.1155176570975055,0.14183819264902517
0.0,0.0,9.234325188313601,0.08814939931586278,0.8638516911881268,0.6118823416311343,0.6118823416311343,2.393741840717165,0.6118823416311343,0.0,0.0,14.430869689661812,hard,0.10910529182923134,0.12076422374561913,0.1155176570975055,0.14183819264902517
0.0,0.0,5.252516095356901,0.08814939931586278,0.8828104739709054,0.6118823416311343,0.6118823416311343,2.393741840717165,0.6118823416311343,0.0,0.0,14.430869689661812,hard,0.10910529182923134,0.12076422374561913,0.1155176570975055,0.14183819264902517
0.0,0.0,10.533587045214759,0.08814939931586278,0.9001599540270248,0.6118823416311343,0.6118823416311343,2.4540578640284747,0.6118823416311343,0.0,0.0,14.430869689661812,hard,0.10910529182923134,0.12076422374561913,0.1155176570975055,0.14183819264902517
0.0,0.0,13.968345630133951,0.08814939931586278,0.7081264454275475,0.6118823416311343,0.6118823416311343,2.7586228448267445,0.6118823416311343,0.0,0.0,14.430869689661812,hard,0.10910529182923134,0.12076422374561913,0.1155176570975055,0.14183819264902517
0.0,0.0,5.204993530130478,0.08814939931586278,0.7172704852991655,0.6118823416311343,0.6118823416311343,2.7586228448267445,0.6118823416311343,0.0,0.0,14.430869689661812,hard,0.10910529182923134,0.12076422374561913,0.1155176570975055,0.14183819264902517
0.0,0.0,3.9296228884195323,0.08814939931586278,0.7312576480941667,0.6118823416311343,0.6118823416311343,2.7586228448267445,0.6118823416311343,0.0,0.0,14.430869689661812,hard,0.10910529182923134,0.12076422374561913,0.1155176570975055,0.14183819264902517
0.0,0.0,2.7127451684400765,0.08814939931586278,0.7446937034000075,0.6118823416311343,0.6118823416311343,2.7586228448267445,0.6118823416311343,0.0,0.0,14.430869689661812,hard,0.10910529182923134,0.12076422374561913,0.1155176570975055,0.14183819264902517
0.0,0.0,4.697980727616573,0.08814939931586278,0.7698417830393501,0.6118823416311343,0.6118823416311343,2.7715699522112014,0.6118823416311343,0.0,0.0,14.430869689661812,hard,0.10910529182923134,0.12076422374561913,0.1155176570975055,0.14183819264902517
0.0,0.0,5.109728919221941,0.08814939931586278,0.7881141958583449,0.6118823416311343,0.6118823416311343,2.7771208111999734,0.6118823416311343,0.0,0.0,14.430869689661812,hard,0.10910529182923134,0.12076422374561913,0.1155176570975055,0.14183819264902517
0.0,0.0,4.630183787812024,0.08814939931586278,0.7701333929915581,0.6118823416311343,0.6118823416311343,2.789695323866031,0.6118823416311343,0.0,0.0,14.430869689661812,hard,0.10910529182923134,0.12076422374561913,0.1155176570975055,0.14183819264902517
0.0,0.0,1.797468240577759,0.08814939931586278,0.7811064104642201,0.6118823416311343,0.6118823416311343,2.789695323866031,0.6118823416311343,0.0,0.0,14.430869689661812,hard,0.10910529182923134,0.12076422374561913,0.1155176570975055,0.14183819264902517
0.0,0.0,1.8719287794885653,0.08814939931586278,0.79295547365124,0.6118823416311343,0.6118823416311343,2.789695323866031,0.6118823416311343,0.0,0.0,14.430869689661812,hard,0.10910529182923134,0.12076422374561913,0.1155176570975055,0.14183819264902517
0.0,0.0,2.999145830829432,0.08814939931586278,0.8050984499220941,0.6118823416311343,0.6118823416311343,2.789695323866031,0.6118823416311343,0.0,0.0,14.430869689661812,hard,0.10910529182923134,0.12076422374561913,0.1155176570975055,0.14183819264902517
0.0,0.0,1.3132564289932147,0.08814939931586278,0.8140273090312818,0.6118823416311343,0.6118823416311343,2.789695323866031,0.6118823416311343,0.0,0.0,14.430869689661812,hard,0.10910529182923134,0.12076422374561913,0.1155176570975055,0.14183819264902517
0.0,0.0,1.5796285797028546,0.08814939931586278,0.8203003524451745,0.6118823416311343,0.6118823416311343,2.789695323866031,0.6118823416311343,0.0,0.0,14.430869689661812,hard,0.10910529182923134,0.12076422374561913,0.1155176570975055,0.14183819264902517
0.0,0.0,1.8914212675966093,0.08814939931586278,0.8289713620596156,0.6118823416311343,0.6118823416311343,2.789695323866031,0.6118823416311343,0.0,0.0,14.430869689661812,hard,0.10910529182923134,0.12076422374561913,0.1155176570975055,0.14183819264902517
0.0,0.0,4.923425724017953,0.08814939931586278,0.8276786635964234,0.6118823416311343,0.6118823416311343,2.7877589565814334,0.6118823416311343,0.0,0.0,14.430869689661812,hard,0.10910529182923134,0.12076422374561913,0.1155176570975055,0.14183819264902517
0.0,0.0,2.2818731066998286,0.08814939931586278,0.8355956629819264,0.6118823416311343,0.6118823416311343,2.7877589565814334,0.6118823416311343,0.0,0.0,14.430869689661812,hard,0.10910529182923134,0.12076422374561913,0.1155176570975055,0.14183819264902517
0.0,0.0,1.925579834667556,0.08814939931586278,0.8442224499417769,0.6118823416311343,0.6118823416311343,2.7877589565814334,0.6118823416311343,0.0,0.0,14.430869689661812,hard,0.10910529182923134,0.12076422374561913,0.1155176570975055,0.14183819264902517
0.0,0.0,4.681172943878685,0.08814939931586278,0.8505062601537865,0.6118823416311343,0.6118823416311343,2.8,0.6118823416311343,0.0,0.0,14.430869689661812,hard,0.10910529182923134,0.12076422374561913,0.1155176570975055,0.14183819264902517
0.0,0.0,1.8411714083345894,0.08814939931586278,0.8639334671013131,0.6118823416311343,0.6118823416311343,2.8,0.6118823416311343,0.0,0.0,14.430869689661812,hard,0.10910529182923134,0.12076422374561913,0.1155176570975055,0.14183819264902517
0.0,0.0,2.40675158806888,0.08814939931586278,0.8821570510273379,0.6118823416311343,0.6118823416311343,2.8,0.6118823416311343,0.0,0.0,14.430869689661812,hard,0.10910529182923134,0.12076422374561913,0.1155176570975055,0.14183819264902517
0.0,0.0,10.39028368700473,0.08814939931586278,0.8725276939347045,0.6118823416311343,0.6118823416311343,2.891366458960192,0.6118823416311343,0.0,0.0,14.430869689661812,hard,0.10910529182923134,0.12076422374561913,0.1155176570975055,0.14183819264902517
0.0,0.0,12.501289193806384,0.08814939931586278,0.6911346282849528,0.6118823416311343,0.6118823416311343,3.1622776601683795,0.6118823416311343,0.0,0.0,14.430869689661812,hard,0.10910529182923134,0.12076422374561913,0.1155176570975055,0.14183819264902517
0.0,0.0,6.109209864325741,0.08814939931586278,0.7211781632713462,0.6118823416311343,0.6118823416311343,3.1822004965118085,0.6118823416311343,0.0,0.0,14.430869689661812,hard,0.10910529182923134,0.12076422374561913,0.1155176570975055,0.14183819264902517
0.0,0.0,8.701122212534973,0.08814939931586278,0.7380119829134558,0.6118823416311343,0.6118823416311343,3.1889810284791595,0.6118823416311343,0.0,0.0,14.430869689661812,hard,0.10910529182923134,0.12076422374561913,0.1155176570975055,0.14183819264902517
0.0,0.0,5.21137166643219,0.08815185494195887,0.7572073876610218,0.6118823416311343,0.6118823416311343,3.1889810284791595,0.6118823416311343,0.0,0.13999999999999999,14.430869689661812,hard,0.10910529182923134,0.12076422374561913,0.11553596004222791,0.14183819264902517
0.0,0.0,7.147365564348696,0.08815185494195887,0.7615416702363023,0.6118823416311343,0.6118823416311343,3.2015621187164243,0.6118823416311343,0.0,0.0,14.430869689661812,hard,0.10910529182923134,0.12076422374561913,0.11553596004222791,0.14183819264902517
0.0,0.0,3.6751110359051804,0.08815924345959528,0.7794322123215138,0.6118823416311343,0.6118823416311343,3.2015621187164243,0.6118823416311343,0.0,0.7000000000000001,14.430869689661812,hard,0.10910529182923134,0.12076422374561913,0.11557269382237952,0.14186423648072247
0.0,0.0,5.334301867273931,0.08816666442990222,0.7931980183205319,0.6118823416311343,0.6118823416311343,3.2015621187164243,0.6118823416311343,0.0,0.7000000000000001,14.430869689661812,hard,0.10910529182923134,0.12076422374561913,0.11559112461716622,0.14191640887945078
0.0,0.0,4.657937658638045,0.08820425578355216,0.8040820233467425,0.6118823416311343,0.6118823416311343,3.2015621187164243,0.6118823416311343,0.0,2.52,14.430869689661812,hard,0.10910529182923134,0.12076422374561913,0.11575891523385778,0.14207360283659315
0.0,0.0,1.5755816824820994,0.08820425578355216,0.8131904592861107,0.6118823416311343,0.6118823416311343,3.2015621187164243,0.6118823416311343,0.0,0.13999999999999999,14.430869689661812,hard,0.10910529182923134,0.12076422374561913,0.11575891523385778,0.14207360283659315
0.0,0.0,1.6618523756303551,0.08820425578355216,0.8227751390860563,0.6118823416311343,0.6118823416311343,3.2015621187164243,0.6118823416311343,0.0,0.0,14.430869689661812,hard,0.10910529182923134,0.12076422374561913,0.11575891523385778,0.14207360283659315
0.0,0.0,3.1118306445595634,0.08820425578355216,0.8345833675850719,0.6118823416311343,0.6118823416311343,3.2015621187164243,0.6118823416311343,0.0,0.0,14.430869689661812,hard,0.10910529182923134,0.12076422374561913,0.11575891523385778,0.14207360283659315
0.0,0.0,1.2397583509672894,0.08820425578355216,0.8460669179054621,0.6118823416311343,0.6118823416311343,3.2015621187164243,0.6118823416311343,0.0,0.0,14.430869689661812,hard,0.10910529182923134,0.12076422374561913,0.11575891523385778,0.14207360283659315
0.0,0.0,1.5336889528760609,0.08820425578355216,0.8471877736248836,0.6118823416311343,0.6118823416311343,3.2015621187164243,0.6118823416311343,0.0,0.0,14.430869689661812,hard,0.10910529182923134,0.12076422374561913,0.11575891523385778,0.14207360283659315
0.0,0.0,4.058182546057123,0.08820425578355216,0.8513276922739595,0.6118823416311343,0.6118823416311343,3.2139695082561066,0.6118823416311343,0.0,0.0,14.430869689661812,hard,0.10910529182923134,0.12076422374561913,0.11575891523385778,0.14207360283659315
0.0,0.0,3.143661974910627,0.08820425578355216,0.8560018402976459,0.6118823416311343,0.6118823416311343,3.2139695082561066,0.6118823416311343,0.0,0.0,14.430869689661812,hard,0.10910529182923134,0.12076422374561913,0.11575891523385778,0.14207360283659315
0.0,0.0,2.033092992349274,0.08820425578355216,0.8645566984344962,0.6118823416311343,0.6118823416311343,3.2139695082561066,0.6118823416311343,0.0,0.0,14.430869689661812,hard,0.10910529182923134,0.12076422374561913,0.11575891523385778,0.14207360283659315
0.0,0.0,4.2301805242678885,0.08820425578355216,0.8859279685764836,0.6118823416311343,0.6118823416311343,3.201312230945304,0.6118823416311343,0.0,0.0,14.430869689661812,hard,0.10910529182923134,0.12076422374561913,0.11575891523385778,0.14207360283659315
0.0,0.0,2.4969612850823055,0.08820425578355216,0.8963993928445261,0.6118823416311343,0.6118823416311343,3.201312230945304,0.6118823416311343,0.0,0.0,14.430869689661812,hard,0.10910529182923134,0.12076422374561913,0.11575891523385778,0.14207360283659315
0.0,0.0,2.010108712272395,0.08820425578355216,0.9067169481878096,0.6118823416311343,0.6118823416311343,3.201312230945304,0.6118823416311343,0.0,0.0,14.430869689661812,hard,0.10910529182923134,0.12076422374561913,0.11575891523385778,0.14207360283659315
0.0,0.0,11.08714953714902,0.08820425578355216,0.8755079931425237,0.6118823416311343,0.6118823416311343,3.3166247903554007,0.6118823416311343,0.0,0.0,14.430869689661812,hard,0.10910529182923134,0.12076422374561913,0.11575891523385778,0.14207360283659315
0.0,0.0,11.781648823856372,0.08820425578355216,0.7149780720579683,0.6118823416311343,0.6118823416311343,3.5609549281056623,0.6118823416311343,0.0,0.0,14.430869689661812,hard,0.10910529182923134,0.12076422374561913,0.11575891523385778,0.14207360283659315
0.0,0.0,2.7020387343009236,0.08820425578355216,0.7260781337359788,0.6118823416311343,0.6118823416311343,3.5609549281056623,0.6118823416311343,0.0,0.0,14.430869689661812,hard,0.10910529182923134,0.12076422374561913,0.11575891523385778,0.14207360283659315
0.0,0.0,3.7567283445916364,0.08820425578355216,0.7260813357151271,0.6118823416311343,0.6118823416311343,3.574129264590188,0.6118823416311343,0.0,0.0,14.430869689661812,hard,0.10910529182923134,0.12076422374561913,0.11575891523385778,0.14207360283659315
0.0,0.0,2.4651549813096194,0.08820425578355216,0.7394878239769304,0.6118823416311343,0.6118823416311343,3.574129264590188,0.6118823416311343,0.0,0.0,14.430869689661812,hard,0.10910529182923134,0.12076422374561913,0.11575891523385778,0.14207360283659315
0.0,0.0,2.904069575928247,0.08820425578355216,0.7543536604551332,0.6118823416311343,0.6118823416311343,3.574129264590188,0.6118823416311343,0.0,0.0,14.430869689661812,hard,0.10910529182923134,0.12076422374561913,0.11575891523385778,0.14207360283659315
0.0,0.0,2.485018854902412,0.08820425578355216,0.7676699360594446,0.6118823416311343,0.6118823416311343,3.574129264590188,0.6118823416311343,0.0,0.0,14.430869689661812,hard,0.10910529182923134,0.12076422374561913,0.11575891523385778,0.14207360283659315
0.0,0.0,2.181452026796907,0.08820425578355216,0.7800774043702551,0.6118823416311343,0.6118823416311343,3.574129264590188,0.6118823416311343,0.0,0.0,14.430869689661812,hard,0.10910529182923134,0.12076422374561913,0.11575891523385778,0.14207360283659315
0.0,0.0,7.239678086332228,0.08820425578355216,0.793157942339869,0.6118823416311343,0.6118823416311343,3.574129264590188,0.6118823416311343,0.0,0.0,14.430869689661812,hard,0.10910529182923134,0.12076422374561913,0.11575891523385778,0.14207360283659315
0.0,0.0,6.617563657124015,0.08820425578355216,0.802403373226701,0.6118823416311343,0.6118823416311343,3.587143710530706,0.6118823416311343,0.0,0.0,14.430869689661812,hard,0.10910529182923134,0.12076422374561913,0.11575891523385778,0.14207360283659315
0.0,0.0,6.67845921727174,0.08820425578355216,0.8231942580626852,0.6118823416311343,0.6118823416311343,3.6000000000000005,0.6118823416311343,0.0,0.0,14.430869689661812,hard,0.10910529182923134,0.12076422374561913,0.11575891523385778,0.14207360283659315
0.0,0.0,5.5066561456831185,0.08820425578355216,0.8296907929106015,0.6118823416311343,0.6118823416311343,3.6016107507613864,0.6118823416311343,0.0,0.0,14.430869689661812,hard,0.10910529182923134,0.12076422374561913,0.11575891523385778,0.14207360283659315
0.0,0.0,4.9710582065742015,0.08820425578355216,0.8397070955699473,0.6118823416311343,0.6118823416311343,3.6016107507613864,0.6118823416311343,0.0,0.0,14.430869689661812,hard,0.10910529182923134,0.12076422374561913,0.11575891523385778,0.14207360283659315
0.0,0.0,3.269643738953959,0.08820425578355216,0.8516178569168539,0.6118823416311343,0.6118823416311343,3.6016107507613864,0.6118823416311343,0.0,0.0,14.430869689661812,hard,0.10910529182923134,0.12076422374561913,0.11575891523385778,0.14207360283659315
0.0,0.0,3.7674437269645553,0.08820425578355216,0.8595348603412444,0.6118823416311343,0.6118823416311343,3.614194239384486,0.6118823416311343,0.0,0.0,14.430869689661812,hard,0.10910529182923134,0.12076422374561913,0.11575891523385778,0.14207360283659315
0.0,0.0,1.6399798945364323,0.08820425578355216,0.8621856872732387,0.6118823416311343,0.6118823416311343,3.614194239384486,0.6118823416311343,0.0,0.0,14.430869689661812,hard,0.10910529182923134,0.12076422374561913,0.11575891523385778,0.14207360283659315
0.0,0.0,3.0544057679015033,0.08820425578355216,0.8628188329786227,0.6118823416311343,0.6118823416311343,3.614194239384486,0.6118823416311343,0.0,0.0,14.430869689661812,hard,0.10910529182923134,0.12076422374561913,0.11575891523385778,0.14207360283659315
0.0,0.0,2.2849894403636255,0.08820425578355216,0.8677054234933169,0.6118823416311343,0.6118823416311343,3.614194239384486,0.6118823416311343,0.0,0.0,14.430869689661812,hard,0.10910529182923134,0.12076422374561913,0.11575891523385778,0.14207360283659315
0.0,0.0,1.725249763432787,0.08820425578355216,0.8760950888074226,0.6118823416311343,0.6118823416311343,3.614194239384486,0.6118823416311343,0.0,0.0,14.430869689661812,hard,0.10910529182923134,0.12076422374561913,0.11575891523385778,0.14207360283659315
0.0,0.0,2.3392085900780724,0.08820425578355216,0.8911390643933782,0.6118823416311343,0.6118823416311343,3.614194239384486,0.6118823416311343,0.0,0.0,14.430869689661812,hard,0.10910529182923134,0.12076422374561913,0.11575891523385778,0.14207360283659315
0.0,0.0,12.011845735666501,0.08820425578355216,0.8279422142493484,0.6118823416311343,0.6118823416311343,3.76956230880987,0.6118823416311343,0.0,0.0,14.430869689661812,hard,0.10910529182923134,0.12076422374561913,0.11575891523385778,0.14207360283659315
0.0,0.0,12.294519519632379,0.08820425578355216,0.6533808865653039,0.6118823416311343,0.6118823416311343,3.99319421015307,0.6118823416311343,0.0,0.0,14.430869689661812,hard,0.10910529182923134,0.12076422374561913,0.11575891523385778,0.14207360283659315
0.0,0.0,4.973774356924088,0.08820425578355216,0.6567633508418962,0.6118823416311343,0.6118823416311343,3.996248240537617,0.6118823416311343,0.0,0.0,14.430869689661812,hard,0.10910529182923134,0.12076422374561913,0.11575891523385778,0.14207360283659315
0.0,0.0,5.974998854021376,0.08820425578355216,0.6865297695569497,0.6118823416311343,0.6118823416311343,4.012031904160285,0.6118823416311343,0.0,0.0,14.430869689661812,hard,0.10910529182923134,0.12076422374561913,0.11575891523385778,0.14207360283659315
0.0,0.0,2.484268438561867,0.08820425578355216,0.7007634592592173,0.6118823416311343,0.6118823416311343,4.012031904160285,0.6118823416311343,0.0,0.0,14.430869689661812,hard,0.10910529182923134,0.12076422374561913,0.11575891523385778,0.14207360283659315
0.0,0.0,3.8265587540329884,0.08820425578355216,0.7324699732038813,0.6118823416311343,0.6118823416311343,4.019751236084143,0.6118823416311343,0.0,0.0,14.430869689661812,hard,0.10910529182923134,0.12076422374561913,0.11575891523385778,0.14207360283659315
0.0,0.0,2.7826302328303996,0.08820425578355216,0.7492276080539605,0.6118823416311343,0.6118823416311343,4.019751236084143,0.6118823416311343,0.0,0.0,14.430869689661812,hard,0.10910529182923134,0.12076422374561913,0.11575891523385778,0.14207360283659315
0.0,0.0,3.956849590495355,0.08820425578355216,0.7744263024257223,0.6118823416311343,0.6118823416311343,4.0323194317910875,0.6118823416311343,0.0,0.0,14.430869689661812,hard,0.10910529182923134,0.12076422374561913,0.11575891523385778,0.14207360283659315
0.0,0.0,3.6039658887724806,0.08820425578355216,0.7973147126847603,0.6118823416311343,0.6118823416311343,4.044749683231337,0.6118823416311343,0.0,0.0,14.430869689661812,hard,0.10910529182923134,0.12076422374561913,0.11575891523385778,0.14207360283659315
0.0,0.0,1.9167771186957288,0.08820425578355216,0.807740364021028,0.6118823416311343,0.6118823416311343,4.044749683231337,0.6118823416311343,0.0,0.0,14.430869689661812,hard,0.10910529182923134,0.12076422374561913,0.11575891523385778,0.14207360283659315
0.0,0.0,2.0104184894807697,0.08820425578355216,0.8168810081518841,0.6118823416311343,0.6118823416311343,4.044749683231337,0.6118823416311343,0.0,0.0,14.430869689661812,hard,0.10910529182923134,0.12076422374561913,0.11575891523385778,0.14207360283659315
0.0,0.0,2.1501888916623795,0.08820425578355216,0.8267130878214157,0.6118823416311343,0.6118823416311343,4.044749683231337,0.6118823416311343,0.0,0.0,14.430869689661812,hard,0.10910529182923134,0.12076422374561913,0.11575891523385778,0.14207360283659315
0.0,0.0,3.3676170471145177,0.08820425578355216,0.84275790614861,0.6118823416311343,0.6118823416311343,4.057043258334819,0.6118823416311343,0.0,0.0,14.430869689661812,hard,0.10910529182923134,0.12076422374561913,0.11575891523385778,0.14207360283659315
0.0,0.0,9.25713320060653,0.08820425578355216,0.8610852530511335,0.6118823416311343,0.6118823416311343,4.0445518911246525,0.6118823416311343,0.0,0.0,14.430869689661812,hard,0.10910529182923134,0.12076422374561913,0.11575891523385778,0.14207360283659315
0.0,0.0,4.936369438302552,0.08820425578355216,0.865989910920409,0.6118823416311343,0.6118823416311343,4.0445518911246525,0.6118823416311343,0.0,0.0,14.430869689661812,hard,0.10910529182923134,0.12076422374561913,0.11575891523385778,0.14207360283659315
0.0,0.0,5.5782834375052275,0.08820425578355216,0.8732592180016104,0.6118823416311343,0.6118823416311343,4.0445518911246525,0.6118823416311343,0.0,0.0,14.430869689661812,hard,0.10910529182923134,0.12076422374561913,0.11575891523385778,0.14207360283659315
0.0,0.0,3.9292283027080592,0.08820425578355216,0.8830191148851355,0.6118823416311343,0.6118823416311343,4.0445518911246525,0.6118823416311343,0.0,0.0,14.430869689661812,hard,0.10910529182923134,0.12076422374561913,0.11575891523385778,0.14207360283659315
0.0,0.0,5.146134662930236,0.08820425578355216,0.8873698306661053,0.6118823416311343,0.6118823416311343,4.046776494940139,0.6118823416311343,0.0,0.0,14.430869689661812,hard,0.10910529182923134,0.12076422374561913,0.11575891523385778,0.14207360283659315
0.0,0.0,3.7881306401440837,0.08820425578355216,0.8962088908303236,0.6118823416311343,0.6118823416311343,4.046776494940139,0.6118823416311343,0.0,0.0,14.430869689661812,hard,0.10910529182923134,0.12076422374561913,0.11575891523385778,0.14207360283659315
0.0,0.0,2.2902353367706727,0.08820425578355216,0.9111875063585562,0.6118823416311343,0.6118823416311343,4.046776494940139,0.6118823416311343,0.0,0.0,14.430869689661812,hard,0.10910529182923134,0.12076422374561913,0.11575891523385778,0.14207360283659315
0.0,0.0,12.299397880589881,0.08820425578355216,0.8771744576765372,0.6118823416311343,0.6118823416311343,4.261877520530124,0.6118823416311343,0.0,0.0,14.430869689661812,hard,0.10910529182923134,0.12076422374561913,0.11575891523385778,0.14207360283659315
0.0,0.0,12.033769549275743,0.08820425578355216,0.6959594450210923,0.6118823416311343,0.6118823416311343,4.431884475028654,0.6118823416311343,0.0,0.0,14.430869689661812,hard,0.10910529182923134,0.12076422374561913,0.11575891523385778,0.14207360283659315
0.0,0.0,2.2608190736098437,0.08820425578355216,0.7035193204116093,0.6118823416311343,0.6118823416311343,4.431884475028654,0.6118823416311343,0.0,0.0,14.430869689661812,hard,0.10910529182923134,0.12076422374561913,0.11575891523385778,0.14207360283659315
0.0,0.0,2.439706369136627,0.08820425578355216,0.7183173101529244,0.6118823416311343,0.6118823416311343,4.431884475028654,0.6118823416311343,0.0,0.0,14.430869689661812,hard,0.10910529182923134,0.12076422374561913,0.11575891523385778,0.14207360283659315
0.0,0.0,2.383517346653199,0.08820425578355216,0.7295330813863175,0.6118823416311343,0.6118823416311343,4.431884475028654,0.6118823416311343,0.0,0.0,14.430869689661812,hard,0.10910529182923134,0.12076422374561913,0.11575891523385778,0.14207360283659315
0.0,0.0,4.955240308825195,0.08820425578355216,0.7561370686528441,0.6118823416311343,0.6118823416311343,4.444367221551342,0.6118823416311343,0.0,0.0,14.430869689661812,hard,0.10910529182923134,0.12076422374561913,0.11575891523385778,0.14207360283659315
0.0,0.0,2.3779335974749727,0.08820425578355216,0.7735315337854664,0.6118823416311343,0.6118823416311343,4.444367221551342,0.6118823416311343,0.0,0.0,14.430869689661812,hard,0.10910529182923134,0.12076422374561913,0.11575891523385778,0.14207360283659315
0.0,0.0,2.7866656558974605,0.08820425578355216,0.7930353840106502,0.6118823416311343,0.6118823416311343,4.444367221551342,0.6118823416311343,0.0,0.0,14.430869689661812,hard,0.10910529182923134,0.12076422374561913,0.11575891523385778,0.14207360283659315
0.0,0.0,2.4194482394779624,0.08820425578355216,0.8064788494091999,0.6118823416311343,0.6118823416311343,4.444367221551342,0.6118823416311343,0.0,0.0,14.430869689661812,hard,0.10910529182923134,0.12076422374561913,0.11575891523385778,0.14207360283659315
0.0,0.0,2.1168195290172482,0.08820425578355216,0.8181374140418431,0.6118823416311343,0.6118823416311343,4.444367221551342,0.6118823416311343,0.0,0.0,14.430869689661812,hard,0.10910529182923134,0.12076422374561913,0.11575891523385778,0.14207360283659315
0.0,0.0,3.29176135614394,0.08820425578355216,0.8327347274591201,0.6118823416311343,0.6118823416311343,4.4567252551621355,0.6118823416311343,0.0,0.0,14.430869689661812,hard,0.10910529182923134,0.12076422374561913,0.11575891523385778,0.14207360283659315
0.0,0.0,2.0517865827755264,0.08820425578355216,0.8362741342113138,0.6118823416311343,0.6118823416311343,4.4567252551621355,0.6118823416311343,0.0,0.0,14.430869689661812,hard,0.10910529182923134,0.12076422374561913,0.11575891523385778,0.14207360283659315
0.0,0.0,1.5482796861992485,0.08820425578355216,0.8452202718414628,0.6118823416311343,0.6118823416311343,4.4567252551621355,0.6118823416311343,0.0,0.0,14.430869689661812,hard,0.10910529182923134,0.12076422374561913,0.11575891523385778,0.14207360283659315
0.0,0.0,1.5700298997209317,0.08820425578355216,0.8562142229220107,0.6118823416311343,0.6118823416311343,4.4567252551621355,0.6118823416311343,0.0,0.0,14.430869689661812,hard,0.10910529182923134,0.12076422374561913,0.11575891523385778,0.14207360283659315
0.0,0.0,1.2580145979795931,0.08820425578355216,0.867807419605971,0.6118823416311343,0.6118823416311343,4.4567252551621355,0.6118823416311343,0.0,0.0,14.430869689661812,hard,0.10910529182923134,0.12076422374561913,0.11575891523385778,0.14207360283659315
0.0,0.0,1.2925786629069025,0.08820425578355216,0.8788894998571778,0.6118823416311343,0.6118823416311343,4.4567252551621355,0.6118823416311343,0.0,0.0,14.430869689661812,hard,0.10910529182923134,0.12076422374561913,0.11575891523385778,0.14207360283659315
0.0,0.0,1.5357476093690805,0.08820425578355216,0.888161223403667,0.6118823416311343,0.6118823416311343,4.4567252551621355,0.6118823416311343,0.0,0.0,14.430869689661812,hard,0.10910529182923134,0.12076422374561913,0.11575891523385778,0.14207360283659315
0.0,0.0,5.068343929160317,0.08820425578355216,0.8974529238699991,0.6118823416311343,0.6118823416311343,4.47213595499958,0.6118823416311343,0.0,0.0,14.430869689661812,hard,0.10910529182923134,0.12076422374561913,0.11575891523385778,0.14207360283659315
0.0,0.0,8.318666724623712,0.08820425578355216,0.8992202087525056,0.6118823416311343,0.6118823416311343,4.47213595499958,0.6118823416311343,0.0,0.0,14.430869689661812,hard,0.10910529182923134,0.12076422374561913,0.11575891523385778,0.14207360283659315
0.0,0.0,5.0511961763716355,0.08820425578355216,0.9078834346584606,0.6118823416311343,0.6118823416311343,4.47213595499958,0.6118823416311343,0.0,0.0,14.430869689661812,hard,0.10910529182923134,0.12076422374561913,0.11575891523385778,0.14207360283659315
0.0,0.0,12.122545909076985,0.08820425578355216,0.8845948954539765,0.6118823416311343,0.6118823416311343,4.5934300909015695,0.6118823416311343,0.0,0.0,14.430869689661812,hard,0.10910529182923134,0.12076422374561913,0.11575891523385778,0.14207360283659315
0.0,0.0,12.589796117591858,0.08820425578355216,0.677989926380013,0.6118823416311343,0.6118823416311343,4.841859147063243,0.6118823416311343,0.0,0.0,14.430869689661812,hard,0.10910529182923134,0.12076422374561913,0.11575891523385778,0.14207360283659315
0.0,0.0,6.371299327870869,0.08820425578355216,0.6978134988903556,0.6118823416311343,0.6118823416311343,4.850402045191718,0.6118823416311343,0.0,0.0,14.430869689661812,hard,0.10910529182923134,0.12076422374561913,0.11575891523385778,0.14207360283659315
0.0,0.0,3.87007621738997,0.08820425578355216,0.7097607390254983,0.6118823416311343,0.6118823416311343,4.850402045191718,0.6118823416311343,0.0,0.0,14.430869689661812,hard,0.10910529182923134,0.12076422374561913,0.11575891523385778,0.14207360283659315
0.0,0.0,3.8689803408794154,0.08820425578355216,0.7343894814950125,0.6118823416311343,0.6118823416311343,4.8629620603085115,0.6118823416311343,0.0,0.0,14.430869689661812,hard,0.10910529182923134,0.12076422374561913,0.11575891523385778,0.14207360283659315
0.0,0.0,2.2667770609023656,0.08820425578355216,0.7504219692787886,0.6118823416311343,0.6118823416311343,4.8629620603085115,0.6118823416311343,0.0,0.0,14.430869689661812,hard,0.10910529182923134,0.12076422374561913,0.11575891523385778,0.14207360283659315
0.0,0.0,4.1442974640054695,0.08820425578355216,0.7697236462174242,0.6118823416311343,0.6118823416311343,4.8629620603085115,0.6118823416311343,0.0,0.0,14.430869689661812,hard,0.10910529182923134,0.12076422374561913,0.11575891523385778,0.14207360283659315
0.0,0.0,4.8782671999613285,0.08820425578355216,0.7850356177642752,0.6118823416311343,0.6118823416311343,4.875407675261629,0.6118823416311343,0.0,0.0,14.430869689661812,hard,0.10910529182923134,0.12076422374561913,0.11575891523385778,0.14207360283659315
0.0,0.0,4.38396756922173,0.08820425578355216,0.8166072468816322,0.6118823416311343,0.6118823416311343,4.883646178829912,0.6118823416311343,0.0,0.0,14.430869689661812,hard,0.10910529182923134,0.12076422374561913,0.11575891523385778,0.14207360283659315
0.0,0.0,4.462727984545286,0.08820425578355216,0.8344142199537424,0.6118823416311343,0.6118823416311343,4.887698845059912,0.6118823416311343,0.0,0.0,14.430869689661812,hard,0.10910529182923134,0.12076422374561913,0.11575891523385778,0.14207360283659315
0.0,0.0,3.7121183794760078,0.08820425578355216,0.8445278325575388,0.6118823416311343,0.6118823416311343,4.887698845059912,0.6118823416311343,0.0,0.0,14.430869689661812,hard,0.10910529182923134,0.12076422374561913,0.11575891523385778,0.14207360283659315
0.0,0.0,1.8340961628031303,0.08820425578355216,0.8524079073211001,0.6118823416311343,0.6118823416311343,4.887698845059912,0.6118823416311343,0.0,0.0,14.430869689661812,hard,0.10910529182923134,0.12076422374561913,0.11575891523385778,0.14207360283659315
0.0,0.0,1.655044876191436,0.08820425578355216,0.8607613092144112,0.6118823416311343,0.6118823416311343,4.887698845059912,0.6118823416311343,0.0,0.0,14.430869689661812,hard,0.10910529182923134,0.12076422374561913,0.11575891523385778,0.14207360283659315
0.0,0.0,1.6100566680965007,0.08820425578355216,0.870626489974025,0.6118823416311343,0.6118823416311343,4.887698845059912,0.6118823416311343,0.0,0.0,14.430869689661812,hard,0.10910529182923134,0.12076422374561913,0.11575891523385778,0.14207360283659315
0.0,0.0,1.785220469318652,0.08820425578355216,0.877864947880961,0.6118823416311343,0.6118823416311343,4.887698845059912,0.6118823416311343,0.0,0.0,14.430869689661812,hard,0.10910529182923134,0.12076422374561913,0.11575891523385778,0.14207360283659315
0.0,0.0,1.389559054663809,0.08820425578355216,0.8864697243090338,0.6118823416311343,0.6118823416311343,4.887698845059912,0.6118823416311343,0.0,0.0,14.430869689661812,hard,0.10910529182923134,0.12076422374561913,0.11575891523385778,0.14207360283659315
0.0,0.0,4.519564730224736,0.08820425578355216,0.8835912770044841,0.6118823416311343,0.6118823416311343,4.899836731973832,0.6118823416311343,0.0,0.0,14.430869689661812,hard,0.10910529182923134,0.12076422374561913,0.11575891523385778,0.14207360283659315
0.0,0.0,1.6263637702111318,0.08820425578355216,0.8920845876577825,0.6118823416311343,0.6118823416311343,4.899836731973832,0.6118823416311343,0.0,0.0,14.430869689661812,hard,0.10910529182923134,0.12076422374561913,0.11575891523385778,0.14207360283659315
0.0,0.0,4.0943790013760335,0.08820425578355216,0.9075235681079419,0.6118823416311343,0.6118823416311343,4.887371481686245,0.6118823416311343,0.0,0.0,14.430869689661812,hard,0.10910529182923134,0.12076422374561913,0.11575891523385778,0.14207360283659315
0.0,0.0,2.1438263783889844,0.08820425578355216,0.9123482574375263,0.6118823416311343,0.6118823416311343,4.887371481686245,0.6118823416311343,0.0,0.0,14.430869689661812,hard,0.10910529182923134,0.12076422374561913,0.11575891523385778,0.14207360283659315
0.0,0.0,11.393234874210087,0.08820425578355216,0.8917152907248943,0.6118823416311343,0.6118823416311343,5.026688770950515,0.6118823416311343,0.0,0.0,14.430869689661812,hard,0.10910529182923134,0.12076422374561913,0.11575891523385778,0.14207360283659315
0.0,0.0,11.86303592783042,0.08820425578355216,0.6932875024344892,0.6118823416311343,0.6118823416311343,5.273670448558574,0.6118823416311343,0.0,0.0,14.430869689661812,hard,0.10910529182923134,0.12076422374561913,0.11575891523385778,0.14207360283659315
0.0,0.0,4.026031214512474,0.08820425578355216,0.7155141593992248,0.6118823416311343,0.6118823416311343,5.278484631028114,0.6118823416311343,0.0,0.0,14.430869689661812,hard,0.10910529182923134,0.12076422374561913,0.11575891523385778,0.14207360283659315
0.0,0.0,7.682391333416868,0.08820425578355216,0.7288564332051005,0.6118823416311343,0.6118823416311343,5.278484631028114,0.6118823416311343,0.0,0.0,14.430869689661812,hard,0.10910529182923134,0.12076422374561913,0.11575891523385778,0.14207360283659315
0.0,0.0,6.319156684261743,0.08820425578355216,0.7555418496759696,0.6118823416311343,0.6118823416311343,5.290784440893429,0.6118823416311343,0.0,0.0,14.430869689661812,hard,0.10910529182923134,0.12076422374561913,0.11575891523385778,0.14207360283659315
0.0,0.0,5.228902693360561,0.08820425578355216,0.765656897532205,0.6118823416311343,0.6118823416311343,5.290784440893429,0.6118823416311343,0.0,0.0,14.430869689661812,hard,0.10910529182923134,0.12076422374561913,0.11575891523385778,0.14207360283659315
0.0,0.0,3.7455799151010685,0.08820425578355216,0.780485458264794,0.6118823416311343,0.6118823416311343,5.290784440893429,0.6118823416311343,0.0,0.0,14.430869689661812,hard,0.10910529182923134,0.12076422374561913,0.11575891523385778,0.14207360283659315
0.0,0.0,5.442019343745709,0.08820425578355216,0.7991268956050374,0.6118823416311343,0.6118823416311343,5.290784440893429,0.6118823416311343,0.0,0.0,14.430869689661812,hard,0.10910529182923134,0.12076422374561913,0.11575891523385778,0.14207360283659315
0.0,0.0,3.931605990317884,0.08820425578355216,0.8209791205925036,0.6118823416311343,0.6118823416311343,5.290784440893429,0.6118823416311343,0.0,0.0,14.430869689661812,hard,0.10910529182923134,0.12076422374561913,0.11575891523385778,0.14207360283659315
0.0,0.0,3.1081549692463155,0.08820425578355216,0.8417012864781682,0.6118823416311343,0.6118823416311343,5.290784440893429,0.6118823416311343,0.0,0.0,14.430869689661812,hard,0.10910529182923134,0.12076422374561913,0.11575891523385778,0.14207360283659315
0.0,0.0,2.697998468180586,0.08820425578355216,0.858205059278903,0.6118823416311343,0.6118823416311343,5.290784440893429,0.6118823416311343,0.0,0.0,14.430869689661812,hard,0.10910529182923134,0.12076422374561913,0.11575891523385778,0.14207360283659315
0.0,0.0,3.9198793700986068,0.08820425578355216,0.870217226809222,0.6118823416311343,0.6118823416311343,5.290784440893429,0.6118823416311343,0.0,0.0,14.430869689661812,hard,0.10910529182923134,0.12076422374561913,0.11575891523385778,0.14207360283659315
0.0,0.0,2.1527901449375055,0.08820425578355216,0.8787821946334177,0.6118823416311343,0.6118823416311343,5.290784440893429,0.6118823416311343,0.0,0.0,14.430869689661812,hard,0.10910529182923134,0.12076422374561913,0.11575891523385778,0.14207360283659315
0.0,0.0,1.8546874636187334,0.08820425578355216,0.8865988801896721,0.6118823416311343,0.6118823416311343,5.290784440893429,0.6118823416311343,0.0,0.0,14.430869689661812,hard,0.10910529182923134,0.12076422374561913,0.11575891523385778,0.14207360283659315
0.0,0.0,3.5270815389975647,0.08820425578355216,0.8884159574085312,0.6118823416311343,0.6118823416311343,5.302980294136497,0.6118823416311343,0.0,0.0,14.430869689661812,hard,0.10910529182923134,0.12076422374561913,0.11575891523385778,0.14207360283659315
0.0,0.0,3.542611013863101,0.08820425578355216,0.8928962521224475,0.6118823416311343,0.6118823416311343,5.302980294136497,0.6118823416311343,0.0,0.0,14.430869689661812,hard,0.10910529182923134,0.12076422374561913,0.11575891523385778,0.14207360283659315
0.0,0.0,2.0241725734554,0.08820425578355216,0.9000369402438243,0.6118823416311343,0.6118823416311343,5.302980294136497,0.6118823416311343,0.0,0.0,14.430869689661812,hard,0.10910529182923134,0.12076422374561913,0.11575891523385778,0.14207360283659315
0.0,0.0,1.8183555021963658,0.08820425578355216,0.908088706834301,0.6118823416311343,0.6118823416311343,5.302980294136497,0.6118823416311343,0.0,0.0,14.430869689661812,hard,0.10910529182923134,0.12076422374561913,0.11575891523385778,0.14207360283659315
0.0,0.0,1.371626895148204,0.08820425578355216,0.9158228083853732,0.6118823416311343,0.6118823416311343,5.302980294136497,0.6118823416311343,0.0,0.0,14.430869689661812,hard,0.10910529182923134,0.12076422374561913,0.11575891523385778,0.14207360283659315
0.0,0.0,1.5655304352777801,0.08820425578355216,0.9245696724755245,0.6118823416311343,0.6118823416311343,5.302980294136497,0.6118823416311343,0.0,0.0,14.430869689661812,hard,0.10910529182923134,0.12076422374561913,0.11575891523385778,0.14207360283659315
0.0,0.0,11.315023242606685,0.08820425578355216,0.8705868576399585,0.6118823416311343,0.6118823416311343,5.456042521828436,0.6118823416311343,0.0,0.0,14.430869689661812,hard,0.10910529182923134,0.12076422374561913,0.11575891523385778,0.14207360283659315
0.0,0.0,11.338407352454205,0.08820425578355216,0.7207977554384037,0.6118823416311343,0.6118823416311343,5.678908345800274,0.6118823416311343,0.0,0.0,14.430869689661812,hard,0.10910529182923134,0.12076422374561913,0.11575891523385778,0.14207360283659315
0.0,0.0,1.8882588364901554,0.08820425578355216,0.7196204669525319,0.6118823416311343,0.6118823416311343,5.678908345800274,0.6118823416311343,0.0,0.0,14.430869689661812,hard,0.10910529182923134,0.12076422374561913,0.11575891523385778,0.14207360283659315
0.0,0.0,2.207264163248236,0.08820425578355216,0.7228171179579164,0.6118823416311343,0.6118823416311343,5.678908345800274,0.6118823416311343,0.0,0.0,14.430869689661812,hard,0.10910529182923134,0.12076422374561913,0.11575891523385778,0.14207360283659315
0.0,0.0,3.739383985919322,0.08820425578355216,0.7478677962084647,0.6118823416311343,0.6118823416311343,5.684505255516966,0.6118823416311343,0.0,0.0,14.430869689661812,hard,0.10910529182923134,0.12076422374561913,0.11575891523385778,0.14207360283659315
0.0,0.0,3.7651705349137456,0.08820425578355216,0.7727192770895811,0.6118823416311343,0.6118823416311343,5.693540199208222,0.6118823416311343,0.0,0.0,14.430869689661812,hard,0.10910529182923134,0.12076422374561913,0.11575891523385778,0.14207360283659315
0.0,0.0,2.4252269847288757,0.08820425578355216,0.7901079084016258,0.6118823416311343,0.6118823416311343,5.693540199208222,0.6118823416311343,0.0,0.0,14.430869689661812,hard,0.10910529182923134,0.12076422374561913,0.11575891523385778,0.14207360283659315
0.0,0.0,2.2765494284829653,0.08820425578355216,0.8093542125280098,0.6118823416311343,0.6118823416311343,5.693540199208222,0.6118823416311343,0.0,0.0,14.430869689661812,hard,0.10910529182923134,0.12076422374561913,0.11575891523385778,0.14207360283659315
0.0,0.0,7.396887763641213,0.08820425578355216,0.8266502777938911,0.6118823416311343,0.6118823416311343,5.693540199208222,0.6118823416311343,0.0,0.0,14.430869689661812,hard,0.10910529182923134,0.12076422374561913,0.11575891523385778,0.14207360283659315
0.0,0.0,4.658661512944279,0.08820425578355216,0.8454855571229519,0.6118823416311343,0.6118823416311343,5.693540199208222,0.6118823416311343,0.0,0.0,14.430869689661812,hard,0.10910529182923134,0.12076422374561913,0.11575891523385778,0.14207360283659315
0.0,0.0,5.618376393460708,0.08820425578355216,0.8654428949444725,0.6118823416311343,0.6118823416311343,5.693540199208222,0.6118823416311343,0.0,0.0,14.430869689661812,hard,0.10910529182923134,0.12076422374561913,0.11575891523385778,0.14207360283659315
0.0,0.0,4.36019112820991,0.08820425578355216,0.8828878949890124,0.6118823416311343,0.6118823416311343,5.693540199208222,0.6118823416311343,0.0,0.0,14.430869689661812,hard,0.10910529182923134,0.12076422374561913,0.11575891523385778,0.14207360283659315
0.0,0.0,5.342544496553715,0.08820425578355216,0.8937077867565004,0.6118823416311343,0.6118823416311343,5.705996845424996,0.6118823416311343,0.0,0.0,14.430869689661812,hard,0.10910529182923134,0.12076422374561913,0.11575891523385778,0.14207360283659315
0.0,0.0,4.057329900109136,0.08820425578355216,0.9006218771639378,0.6118823416311343,0.6118823416311343,5.705996845424996,0.6118823416311343,0.0,0.0,14.430869689661812,hard,0.10910529182923134,0.12076422374561913,0.11575891523385778,0.14207360283659315
0.0,0.0,2.0909821139543356,0.08820425578355216,0.9057546292197725,0.6118823416311343,0.6118823416311343,5.705996845424996,0.6118823416311343,0.0,0.0,14.430869689661812,hard,0.10910529182923134,0.12076422374561913,0.11575891523385778,0.14207360283659315
0.0,0.0,2.1443852691782697,0.08820425578355216,0.9112373967496874,0.6118823416311343,0.6118823416311343,5.705996845424996,0.6118823416311343,0.0,0.0,14.430869689661812,hard,0.10910529182923134,0.12076422374561913,0.11575891523385778,0.14207360283659315
0.0,0.0,3.368986020369251,0.08820425578355216,0.9203596007508172,0.6118823416311343,0.6118823416311343,5.705996845424996,0.6118823416311343,0.0,0.0,14.430869689661812,hard,0.10910529182923134,0.12076422374561913,0.11575891523385778,0.14207360283659315
0.0,0.0,6.590297801464292,0.08820425578355216,0.9460441430359608,0.6118823416311343,0.6118823416311343,5.711357106677887,0.6118823416311343,0.0,0.0,14.430869689661812,hard,0.10910529182923134,0.12076422374561913,0.11575891523385778,0.14207360283659315
0.0,0.0,1.8618715602742528,0.08820425578355216,0.9503882258278191,0.6118823416311343,0.6118823416311343,5.711357106677887,0.6118823416311343,0.0,0.0,14.430869689661812,hard,0.10910529182923134,0.12076422374561913,0.11575891523385778,0.14207360283659315
0.0,0.0,1.9215622714709804,0.08820425578355216,0.9514896854767669,0.6118823416311343,0.6118823416311343,5.711357106677887,0.6118823416311343,0.0,0.0,14.430869689661812,hard,0.10910529182923134,0.12076422374561913,0.11575891523385778,0.14207360283659315
0.0,0.0,31.676792976862195,0.08820425578355216,0.8249492154082864,0.6118823416311343,0.6118823416311343,5.92283715798434,0.6118823416311343,0.0,0.0,14.430869689661812,hard,0.10910529182923134,0.12076422374561913,0.11575891523385778,0.14207360283659315
