step,timestamp,reward,coverage,cov_trace,altitude,alt_idx,loop_closures,altitude_changes,frontier_count,new_cells,map_seed,difficulty,cov_alt0,cov_alt1,cov_alt2,cov_alt3
0.0,0.0,37.07264686625529,0.008293535165256606,0.02271213551483767,0.0,0.0,0.0,0.0,0.0,36.93020985588899,14.430869689661812,hard,0.030728635539589065,0.015427070991572233,0.0,0.0
0.0,0.0,31.409787357113856,0.009102625277419792,0.0291048745439206,0.0,0.0,0.0,0.0,0.0,31.21554100123847,14.430869689661812,hard,0.03207088277121053,0.018052061114701104,0.0,0.0
0.0,0.0,37.3307766907691,0.011268210021007334,0.05511950511871181,0.0,0.0,0.0,0.0,0.0,37.27592252379544,14.430869689661812,hard,0.03535257498409025,0.022069667861873584,0.0,0.0
0.0,0.0,48.30710723067118,0.012753606429202806,0.0818551422733769,0.0,0.0,0.0,0.0,0.0,47.54156076529251,14.430869689661812,hard,0.037425160521831036,0.02617052138020532,0.0,0.0
0.0,0.0,50.29609368419582,0.014908767104725556,0.1069715240275682,0.0,0.0,0.0,0.0,0.0,50.17035379584242,14.430869689661812,hard,0.041669423165757564,0.02943486345522695,0.0,0.0
0.0,0.0,41.015085849293946,0.01721633281462121,0.14215193363924386,0.0,0.0,0.0,0.0,0.0,40.56217449792356,14.430869689661812,hard,0.04721688824209473,0.03272437541562177,0.0,0.0
0.0,0.0,42.78980121309264,0.019245284438360672,0.17395147782118137,0.0,0.0,0.0,0.0,0.0,42.41924563214202,14.430869689661812,hard,0.053517130165519455,0.03418325820228841,0.0,0.0
0.0,0.0,44.40479239453463,0.02196003654849281,0.20977261634665073,0.0,0.0,0.0,0.0,0.0,43.969575845122726,14.430869689661812,hard,0.05920384861585404,0.03817075524170116,0.0,0.0
0.0,0.0,42.73008898356336,0.024500449958830276,0.24322839355448003,0.0,0.0,0.0,0.0,0.0,42.15929790686747,14.430869689661812,hard,0.06627536821328041,0.04075384429478285,0.0,0.0
0.0,0.0,38.07548525371102,0.02654415212045269,0.2750477376447751,0.0,0.0,0.0,0.0,0.0,37.60806296527382,14.430869689661812,hard,0.07142691777577828,0.0432539451591847,0.0,0.0
0.0,0.0,26.677542118066313,0.027952867396284345,0.3072529635070552,0.0,0.0,0.0,0.0,0.0,26.759790731618214,14.430869689661812,hard,0.07461689539147714,0.04546143472630317,0.0,0.0
0.0,0.0,30.69423521775769,0.029739740722659707,0.3403794477570836,0.0,0.0,0.0,0.0,0.0,30.308869988833298,14.430869689661812,hard,0.07793268504738861,0.048951814959333144,0.0,0.0
0.0,0.0,40.094296816982094,0.0324199655214416,0.3768274364990045,0.0,0.0,0.0,0.0,0.0,40.1700186706454,14.430869689661812,hard,0.08296219564710572,0.0541621928408478,0.0,0.0
0.0,0.0,36.283508945691175,0.034226367024059,0.411348517198651,0.0,0.0,0.0,0.0,0.0,29.026808298536718,14.430869689661812,hard,0.08642795193942504,0.05789727326112384,0.0,0.0
0.0,0.0,23.46868901927022,0.03551861536567595,0.44317448467462933,0.0,0.0,0.0,0.0,0.0,23.445289505570198,14.430869689661812,hard,0.08891707460416932,0.060651530916699656,0.0,0.0
0.0,0.0,43.243951141607546,0.03740115730657461,0.4778110987020568,0.0,0.0,0.0,0.0,0.0,33.97881693055248,14.430869689661812,hard,0.09318748015055586,0.06409270514930923,0.0,0.0
0.0,0.0,26.846235468069978,0.03919392358713271,0.513476118440071,0.0,0.0,0.0,0.0,0.0,26.591697952556547,14.430869689661812,hard,0.0975297496012012,0.06695832371381985,0.0,0.0
0.0,0.0,26.406762503556443,0.04053068217395315,0.5482180088939397,0.0,0.0,0.0,0.0,0.0,25.716578310498463,14.430869689661812,hard,0.10059327021442534,0.0692641578048982,0.0,0.0
0.0,0.0,20.32171589489146,0.04162428251934422,0.5814453760951186,0.0,0.0,0.0,0.0,0.0,20.130822139197395,14.430869689661812,hard,0.10264403060221194,0.07163487314017267,0.0,0.0
0.0,0.0,22.275387637745574,0.04245743791332826,0.6121328222443561,0.0,0.0,0.0,0.0,0.0,22.370167634597646,14.430869689661812,hard,0.10432358129824486,0.07333287482398075,0.0,0.0
0.0,0.0,84.89010119721566,0.04206047681102398,0.6252878786908139,0.3469870314579494,0.3469870314579494,0.0,0.3469870314579494,0.0,76.95916839467537,14.430869689661812,hard,0.10656707725237818,0.07319793417337395,0.022035087552100454,0.0
0.0,0.0,54.62551371791573,0.04334866964340311,0.6509175098221139,0.3469870314579494,0.3469870314579494,0.0,0.3469870314579494,0.0,51.14419224115286,14.430869689661812,hard,0.10902342903307696,0.07583466729687144,0.027573823601700662,0.0
0.0,0.0,38.07809451832094,0.04442265897635113,0.6764886956606192,0.3469870314579494,0.3469870314579494,0.0,0.3469870314579494,0.0,37.60402106158329,14.430869689661812,hard,0.11035944428906339,0.07813514773150136,0.03224856425032064,0.0
0.0,0.0,77.76404212092466,0.04522697817000006,0.6919719156520274,0.4,0.4,0.0,0.4,0.0,71.94581294279745,14.430869689661812,hard,0.11132731509776464,0.0812977734581863,0.0386751033014994,0.0
0.0,0.0,65.39409811208435,0.04626390205220247,0.7166348082768671,0.44899888641287294,0.44899888641287294,0.0,0.44899888641287294,0.0,61.12683207888333,14.430869689661812,hard,0.11223896558116021,0.08383330709596608,0.04279182073190143,0.0
0.0,0.0,43.03632960708584,0.04795660779794296,0.7390160246117017,0.44899888641287294,0.44899888641287294,0.0,0.44899888641287294,0.0,42.22096635559163,14.430869689661812,hard,0.11327787884215591,0.08755579950505447,0.04719990999804183,0.0
0.0,0.0,42.423515158117674,0.049768985802133583,0.760031264439538,0.44899888641287294,0.44899888641287294,0.0,0.44899888641287294,0.0,42.320344989142036,14.430869689661812,hard,0.11519380669792582,0.09144983508234844,0.05052735774729883,0.0
0.0,0.0,39.523165883082605,0.051513543161932206,0.7867871120932556,0.44899888641287294,0.44899888641287294,0.0,0.44899888641287294,0.0,39.41332262065709,14.430869689661812,hard,0.11730017855681307,0.0946379059250289,0.05413407907456539,0.0
0.0,0.0,40.33451066370753,0.05319024464209914,0.8127284242524775,0.44899888641287294,0.44899888641287294,0.0,0.44899888641287294,0.0,32.972042702871775,14.430869689661812,hard,0.11931744595101998,0.0975273334628441,0.057409847659103716,0.0
0.0,0.0,36.185376930723805,0.05496224630136352,0.8320789824542579,0.44899888641287294,0.44899888641287294,0.0,0.44899888641287294,0.0,35.5591001010993,14.430869689661812,hard,0.12062297704832584,0.10021381300666578,0.06073734817759274,0.0
0.0,0.0,36.49281133816519,0.05723049431467826,0.8544557144382323,0.44899888641287294,0.44899888641287294,0.0,0.44899888641287294,0.0,36.43537292247741,14.430869689661812,hard,0.12226091292927378,0.10423009140795367,0.0645325470097539,0.0
0.0,0.0,39.803403742228724,0.05921624525169419,0.8793558923648233,0.44899888641287294,0.44899888641287294,0.0,0.44899888641287294,0.0,35.199522724037045,14.430869689661812,hard,0.12495637206662714,0.10716389106770292,0.06842273642048008,0.0
0.0,0.0,36.27547316630738,0.06076633028117178,0.8996868143256509,0.44899888641287294,0.44899888641287294,0.0,0.44899888641287294,0.0,31.633684578309875,14.430869689661812,hard,0.12714400722835517,0.10976874896700134,0.07063014407760751,0.0
0.0,0.0,35.3008183235419,0.06251118989895477,0.9217259627061918,0.44899888641287294,0.44899888641287294,0.0,0.44899888641287294,0.0,34.63637394416454,14.430869689661812,hard,0.12997814237442465,0.11267193780985073,0.0725097908981272,0.0
0.0,0.0,36.21765190030032,0.0637545345392332,0.9401273715857363,0.44899888641287294,0.44899888641287294,0.0,0.44899888641287294,0.0,35.69762457083104,14.430869689661812,hard,0.13217682024022773,0.11446093996404315,0.07408631542513198,0.0
0.0,0.0,33.72998052646285,0.06506887357120968,0.953993796132146,0.44899888641287294,0.44899888641287294,0.0,0.44899888641287294,0.0,30.56631479259481,14.430869689661812,hard,0.13406055797261546,0.11612152800982144,0.0766565116590203,0.0
0.0,0.0,36.497512245525954,0.06631327908969284,0.9705626727436031,0.44899888641287294,0.44899888641287294,0.0,0.44899888641287294,0.0,24.372779898895406,14.430869689661812,hard,0.13658543627987432,0.11764490191905054,0.07811908859083366,0.0
0.0,0.0,29.685003707014463,0.06730027227830282,0.9946908349352601,0.44899888641287294,0.44899888641287294,0.0,0.44899888641287294,0.0,25.139363555985263,14.430869689661812,hard,0.1387161943078041,0.11928027707385086,0.07888643472103557,0.0
0.0,0.0,29.655037744159493,0.06845604941435637,1.0145217058081883,0.44899888641287294,0.44899888641287294,0.0,0.44899888641287294,0.0,29.339590999194247,14.430869689661812,hard,0.14001846506659252,0.12141406417386769,0.08070411314829325,0.0
0.0,0.0,21.39980111332242,0.06911014185157541,1.0384613161903467,0.44899888641287294,0.44899888641287294,0.0,0.44899888641287294,0.0,20.181020786868043,14.430869689661812,hard,0.14068038734302155,0.12269826923162566,0.08156890000781712,0.0
0.0,0.0,29.577470024404,0.06940617286147663,1.0575255528492316,0.44899888641287294,0.44899888641287294,0.0,0.44899888641287294,0.0,29.469475733375376,14.430869689661812,hard,0.14108403236629166,0.12295890520711963,0.08361200953271074,0.0
0.0,0.0,30.574696130603954,0.07008608078289146,1.0797705165175282,0.44899888641287294,0.44899888641287294,0.0,0.44899888641287294,0.0,26.85483941489876,14.430869689661812,hard,0.141418858996116,0.12416876946452973,0.08512506286167015,0.0
0.0,0.0,52.28046193114948,0.0710441508082433,1.1017723731045856,0.5,0.5,0.0,0.5,0.0,46.6146071526941,14.430869689661812,hard,0.14204252982618953,0.12522977682853892,0.08875472222946779,0.01065217391304348
0.0,0.0,41.472999227968295,0.07198577691591765,1.118902509097343,0.5455272678794342,0.5455272678794342,0.0,0.5455272678794342,0.0,38.98194966904555,14.430869689661812,hard,0.14240337709819068,0.12564129332680585,0.09287585297237061,0.015093945388514347
0.0,0.0,35.741522926451005,0.07270018752171989,1.140877583990383,0.5455272678794342,0.5455272678794342,0.0,0.5455272678794342,0.0,30.997135351512732,14.430869689661812,hard,0.1429276647638623,0.12613352014423634,0.09511719670966308,0.017708844081573208
0.0,0.0,44.02697060911657,0.07415191518457742,1.1655314655441351,0.5571355310873647,0.5571355310873648,0.0,0.5571355310873648,0.0,38.1210493035016,14.430869689661812,hard,0.14366386168165432,0.12737352997698298,0.09846866038578805,0.020774326397406284
0.0,0.0,43.279691074467024,0.07584582856870536,1.176717186965071,0.5571355310873647,0.5571355310873648,0.0,0.5571355310873648,0.0,38.81148799002687,14.430869689661812,hard,0.1444011282956269,0.12910818978088087,0.10264854166130909,0.024457779449143735
0.0,0.0,25.763702657210597,0.0771632022838014,1.1828604423150613,0.5571355310873647,0.5571355310873648,0.0,0.5571355310873648,0.0,25.51630067231533,14.430869689661812,hard,0.14530649137244311,0.13075818065065162,0.10551665144163844,0.026023872405335696
0.0,0.0,74.41835826724044,0.07947619496591589,1.1870967290149632,0.6352952069707437,0.6352952069707437,0.0,0.6352952069707437,0.0,64.72343934001036,14.430869689661812,hard,0.14600204664241112,0.13222163224970232,0.11061576174766491,0.031794648464223425
0.0,0.0,73.29613428994122,0.08107507858060539,1.1894202154157358,0.6696267617113282,0.6696267617113283,0.0,0.6696267617113283,0.0,67.08530688608349,14.430869689661812,hard,0.14658744267593263,0.13459227850392322,0.11606541916977164,0.035960600686790654
0.0,0.0,45.396652456422565,0.08251136914334795,1.1941198806999127,0.6696267617113282,0.6696267617113283,0.0,0.6696267617113283,0.0,37.302246581137716,14.430869689661812,hard,0.14636778553993057,0.1365048111193039,0.12020567960398686,0.03974341489397603
0.0,0.0,33.17111480013914,0.08392319183807828,1.1977650801929782,0.6696267617113282,0.6696267617113283,0.0,0.6696267617113283,0.0,32.934535065793774,14.430869689661812,hard,0.14658269712879715,0.13777769410363266,0.12372045080319737,0.04418375500710446
0.0,0.0,23.084783529920212,0.08475779336060102,1.2006841886660233,0.6696267617113282,0.6696267617113283,0.0,0.6696267617113283,0.0,22.523623154368398,14.430869689661812,hard,0.14684060678205507,0.13847773644857614,0.1253353855573321,0.045850794777500994
0.0,0.0,34.57170781298393,0.08555746978946359,1.2070259809391477,0.6696267617113282,0.6696267617113283,0.0,0.6696267617113283,0.0,24.324473272817233,14.430869689661812,hard,0.14761801387559978,0.13928342394033696,0.12672665722530732,0.04729313620529709
0.0,0.0,28.979168817404556,0.0857596517336524,1.21111880025641,0.6696267617113282,0.6696267617113283,0.0,0.6696267617113283,0.0,22.654703705853226,14.430869689661812,hard,0.14806435557992326,0.13931871190060988,0.1275210408958603,0.04814424801838635
0.0,0.0,35.19202599424733,0.08655634818541029,1.216388966829494,0.6696267617113282,0.6696267617113283,0.0,0.6696267617113283,0.0,34.218918743876166,14.430869689661812,hard,0.14901138486935403,0.13964593806753292,0.12973976856341474,0.049906086288953225
0.0,0.0,32.50738972232002,0.08690187404099593,1.2210753214699221,0.6696267617113282,0.6696267617113283,0.0,0.6696267617113283,0.0,32.60466837739651,14.430869689661812,hard,0.1499347814906576,0.13996669879185772,0.13068945656851286,0.05031253099612785
0.0,0.0,37.470876420886675,0.08708740751047124,1.2249045741057163,0.6696267617113282,0.6696267617113283,0.0,0.6696267617113283,0.0,37.38449411186408,14.430869689661812,hard,0.15018584818515404,0.13995244552524322,0.1318624684758141,0.050550884480788816
0.0,0.0,31.12224017245489,0.08826395104487056,1.2294299051998345,0.6696267617113282,0.6696267617113283,0.0,0.6696267617113283,0.0,30.940775685169886,14.430869689661812,hard,0.1514956285016577,0.1413574471673592,0.13432550027239984,0.05184286926441648
0.0,0.0,20.870847152873583,0.08852034366951103,1.2350533423263403,0.6696267617113282,0.6696267617113283,0.0,0.6696267617113283,0.0,20.840191937695774,14.430869689661812,hard,0.15206086198588975,0.14169592560521563,0.13491355831570812,0.05228238561687688
0.0,0.0,30.4278611195779,0.08890607233941425,1.2379287863649961,0.6696267617113282,0.6696267617113283,0.0,0.6696267617113283,0.0,24.861415888882913,14.430869689661812,hard,0.15253044845400723,0.14212836992490885,0.13530613349293275,0.05325945603871433
0.0,0.0,27.65769985715179,0.0890803993768258,1.2405680288307048,0.6696267617113282,0.6696267617113283,0.0,0.6696267617113283,0.0,20.785571919001892,14.430869689661812,hard,0.1526937827309234,0.14233064722230648,0.13537884796675334,0.05416833587310086
0.0,0.0,19.607476542629254,0.08951796614273856,1.2441218131453466,0.6696267617113282,0.6696267617113283,0.0,0.6696267617113283,0.0,19.652216160016152,14.430869689661812,hard,0.15332518748966167,0.1432619845438636,0.1353924318292682,0.05509519612510628
0.0,0.0,10.899768001672754,0.08975289843496764,1.244084189192581,0.6696267617113282,0.6696267617113283,0.0,0.6696267617113283,0.0,10.386606760631695,14.430869689661812,hard,0.15413963183317692,0.14356962547242644,0.13563254517224962,0.05509519612510628
0.0,0.0,11.865695642664432,0.09007432804495373,1.2455064779338445,0.6696267617113282,0.6696267617113283,0.0,0.6696267617113283,0.0,11.286381173786395,14.430869689661812,hard,0.1548238956840464,0.14394605976857108,0.13605685699466938,0.05509519612510628
0.0,0.0,20.655754196949314,0.09025355173116295,1.247809811841923,0.6696267617113282,0.6696267617113283,0.0,0.6696267617113283,0.0,12.60634760745554,14.430869689661812,hard,0.15543193486263035,0.14441855274955925,0.13607952330415543,0.05509519612510628
0.0,0.0,16.64496016272121,0.09046252482009473,1.2489217608016627,0.6696267617113282,0.6696267617113283,0.0,0.6696267617113283,0.0,15.924873625872198,14.430869689661812,hard,0.1567708706402156,0.14454479566533968,0.13626205099051789,0.05509519612510628
0.0,0.0,38.38768569162491,0.09088329372295038,1.2496416688359415,0.6997142273814361,0.6997142273814361,0.0,0.6997142273814361,0.0,35.381373630767925,14.430869689661812,hard,0.15756824812028938,0.14568167919201597,0.13691855913628392,0.05519533139039501
0.0,0.0,28.533343169121924,0.09126710902233295,1.2504356396421998,0.6997142273814361,0.6997142273814361,0.0,0.6997142273814361,0.0,28.02044967519258,14.430869689661812,hard,0.15784277138613403,0.1459171849287879,0.1383341654369948,0.05628752582055397
0.0,0.0,22.473681525794156,0.09130137131120139,1.2496236227167872,0.6997142273814361,0.6997142273814361,0.0,0.6997142273814361,0.0,22.858880112551443,14.430869689661812,hard,0.1579543396727675,0.14573967065814378,0.13920840168472656,0.056559982970442624
0.0,0.0,36.17271852938047,0.09168619155439028,1.2536357717070783,0.7280109889280518,0.7280109889280518,0.0,0.7280109889280518,0.0,33.500471638471005,14.430869689661812,hard,0.15810529123121242,0.14562192730815748,0.14043492294928714,0.05748234042172741
0.0,0.0,35.048114268036294,0.0922643802347727,1.2575762155852237,0.72773621594641,0.72773621594641,0.0,0.72773621594641,0.0,33.305140744335546,14.430869689661812,hard,0.1582189535046841,0.14598580307785688,0.141133828436267,0.058713703720463986
0.0,0.0,62.952975113471595,0.09218334098895715,1.253883045373923,0.7507329751649384,0.7507329751649384,0.0,0.7507329751649384,0.0,57.90994387840485,14.430869689661812,hard,0.15829858750967252,0.14589223405067747,0.14086960596944356,0.05970024962032254
0.0,0.0,50.462433909674324,0.09340192462391712,1.2576845610572849,0.7483314773547883,0.7483314773547883,0.0,0.7483314773547883,0.0,47.48035804414284,14.430869689661812,hard,0.15835720848701065,0.1480839497548988,0.14112181850202768,0.06083976617093076
0.0,0.0,54.68085270978862,0.09414858304671234,1.2599760461144252,0.7683749084919419,0.7683749084919419,0.0,0.7683749084919419,0.0,48.82453891231335,14.430869689661812,hard,0.15922304115674157,0.15024309554192364,0.14127647200620688,0.061632207427170516
0.0,0.0,29.086574695213816,0.09491007266963149,1.2643727237848812,0.7683749084919419,0.7683749084919419,0.0,0.7683749084919419,0.0,29.08745434031655,14.430869689661812,hard,0.15949036034338618,0.15124157549693132,0.14270527753248533,0.06249619920976522
0.0,0.0,34.85101256266045,0.09597290972069213,1.2679699126049602,0.7683749084919419,0.7683749084919419,0.0,0.7683749084919419,0.0,25.437932305908827,14.430869689661812,hard,0.15983773683170163,0.1527936503816756,0.14392332338476016,0.06358924526622114
0.0,0.0,28.369266072765377,0.09749100614342804,1.2707428411040802,0.7683749084919419,0.7683749084919419,0.0,0.7683749084919419,0.0,24.711422460068945,14.430869689661812,hard,0.16147168658303193,0.15470831228123239,0.1453668301815344,0.06483568739959972
0.0,0.0,28.97769647014863,0.09915725865967207,1.2733442910759996,0.7683749084919419,0.7683749084919419,0.0,0.7683749084919419,0.0,28.68979609547618,14.430869689661812,hard,0.1628407209550226,0.15685073766193958,0.14738148365621798,0.06622879819285415
0.0,0.0,31.304594752379902,0.10049302273649287,1.2755332719054937,0.7683749084919419,0.7683749084919419,0.0,0.7683749084919419,0.0,29.161591177437487,14.430869689661812,hard,0.16403868940819458,0.15863117779313005,0.14947254539880445,0.06639000397342272
0.0,0.0,45.72251871724118,0.10209646943452284,1.2764622410637567,0.7683749084919419,0.7683749084919419,0.0,0.7683749084919419,0.0,40.774482216209684,14.430869689661812,hard,0.16539291704746795,0.16160226514530177,0.15121850583039553,0.06701568810410165
0.0,0.0,17.56475349686863,0.10270157100529172,1.277257022158021,0.7683749084919419,0.7683749084919419,0.0,0.7683749084919419,0.0,14.27597982626762,14.430869689661812,hard,0.1658009600620413,0.16294878776926022,0.1516644134313995,0.06769623174629955
0.0,0.0,26.278795442757833,0.10314937287877757,1.2757010547773695,0.7683749084919419,0.7683749084919419,0.0,0.7683749084919419,0.0,25.618743138569464,14.430869689661812,hard,0.16578594176555253,0.16389185685403676,0.15273476069123737,0.0680119679418532
0.0,0.0,26.309667519988274,0.10422398880568756,1.270860222436817,0.7683749084919419,0.7683749084919419,0.0,0.7683749084919419,0.0,26.18775286274101,14.430869689661812,hard,0.16556030174676556,0.1651780391189233,0.1554851865974256,0.0692490076117655
0.0,0.0,30.432693662114865,0.10559664745977479,1.2709979354429892,0.7683749084919419,0.7683749084919419,0.0,0.7683749084919419,0.0,27.20311746840792,14.430869689661812,hard,0.16608784127750126,0.16676563880980397,0.15770313291200763,0.07134871124271362
0.0,0.0,23.383152201680158,0.10641437634116988,1.2699790875182513,0.7683749084919419,0.7683749084919419,0.0,0.7683749084919419,0.0,22.648408332595913,14.430869689661812,hard,0.16578270929387678,0.16754292856435699,0.1593862648330888,0.07311274372041733
0.0,0.0,23.357530581151725,0.10706335080786569,1.2701885140159705,0.7683749084919419,0.7683749084919419,0.0,0.7683749084919419,0.0,22.94267639138904,14.430869689661812,hard,0.16533244615797069,0.16834199954674053,0.16116591896308072,0.07386995681356573
0.0,0.0,33.44406414730392,0.10821422214231259,1.272199403042235,0.7683749084919419,0.7683749084919419,0.0,0.7683749084919419,0.0,26.06933063966162,14.430869689661812,hard,0.16585058462698957,0.16959420349084287,0.16330473445324062,0.07501591531190617
0.0,0.0,20.534200257179737,0.10878268920775276,1.270250549992608,0.7683749084919419,0.7683749084919419,0.0,0.7683749084919419,0.0,20.42376067231498,14.430869689661812,hard,0.16532007401481033,0.1702359739935748,0.16493472482392782,0.07589206827443329
0.0,0.0,23.84531923904987,0.10924928840962105,1.2695405525511365,0.7683749084919419,0.7683749084919419,0.0,0.7683749084919419,0.0,23.272550354441176,14.430869689661812,hard,0.16467031782751473,0.17077094351255573,0.1659532717580566,0.07752259265010153
0.0,0.0,16.64641726491641,0.10948730411044486,1.2670951772107966,0.7683749084919419,0.7683749084919419,0.0,0.7683749084919419,0.0,16.699748501100245,14.430869689661812,hard,0.16419659449548055,0.17094623231738737,0.16669915530297383,0.07893347614702638
0.0,0.0,17.219139991992925,0.10969363318786013,1.2662568823588078,0.7683749084919419,0.7683749084919419,0.0,0.7683749084919419,0.0,16.691363036013566,14.430869689661812,hard,0.16407916644934648,0.1708852295087676,0.16691309318740705,0.08027427004897054
0.0,0.0,13.959394109081689,0.11003544213118246,1.2413705654630143,0.8151073548925932,0.8151073548925932,0.13999999999999999,0.8151073548925932,0.0,12.074253600119553,14.430869689661812,hard,0.1641182334388114,0.17133616128321968,0.16764855438524698,0.08046592178567817
0.0,0.0,19.620876827470596,0.11072641260660514,1.2445123845108612,0.8151073548925932,0.8151073548925932,0.13999999999999999,0.8151073548925932,0.0,12.271413936462253,14.430869689661812,hard,0.16428573834143534,0.1720710469719332,0.16840217639760133,0.08229043247524714
0.0,0.0,22.191769079641787,0.11177524143450543,1.2497908693357171,0.8999999999999999,0.8999999999999999,0.13999999999999999,0.8999999999999999,0.0,18.66021436104098,14.430869689661812,hard,0.16453464459971462,0.17287882259812792,0.1695855884980603,0.08549204853346935
0.0,0.0,64.25980101146267,0.1126616307420509,1.2543299966997727,0.9008884503644166,0.9008884503644166,0.13999999999999999,0.9008884503644166,0.0,53.593466019655786,14.430869689661812,hard,0.16479084154667492,0.17401761259390167,0.16941884311444605,0.0871830350583576
0.0,0.0,33.20875415916096,0.11314406907914273,1.252178822426424,0.8944271909999161,0.8944271909999161,0.13999999999999999,0.8944271909999161,0.0,31.32554867835518,14.430869689661812,hard,0.16510114485590474,0.17431207827611617,0.16957920051184264,0.08950475506354362
0.0,0.0,34.48267211369369,0.11464553780230831,1.25352479994951,0.9097252332435326,0.9097252332435327,0.13999999999999999,0.9097252332435327,0.0,31.849175813512034,14.430869689661812,hard,0.1653223233332059,0.17517974282205845,0.17034121958647977,0.09120175080599681
0.0,0.0,55.21364258999308,0.11607657969414341,1.2563984232027572,0.8946507698538017,0.8946507698538017,0.13999999999999999,0.8946507698538017,0.0,48.78624396282214,14.430869689661812,hard,0.16562059224415743,0.1776754827957181,0.17010311188396443,0.09415675875362516
0.0,0.0,58.86593578148717,0.11668996044012823,1.2528251446126473,0.8774964387392122,0.8774964387392122,0.13999999999999999,0.8774964387392122,0.0,52.614689963925464,14.430869689661812,hard,0.16589577713388345,0.17887373281409732,0.1697306009580005,0.09565945638314687
0.0,0.0,55.82391657768315,0.1177281204491371,1.2499413463071085,0.8774964387392122,0.8774964387392122,0.13999999999999999,0.8774964387392122,0.0,56.01338768544534,14.430869689661812,hard,0.16578829324324645,0.17938075004926912,0.17146411635728082,0.10002124792199718
0.0,0.0,40.12064210744046,0.11826061462177459,1.2483365585103425,0.8774964387392122,0.8774964387392122,0.13999999999999999,0.8774964387392122,0.0,35.5637399608084,14.430869689661812,hard,0.1655366604556423,0.17987807098957617,0.1722256730539147,0.10264558652964893
0.0,0.0,34.912244228363384,0.11887980306995463,1.2469266716370255,0.8774964387392122,0.8774964387392122,0.13999999999999999,0.8774964387392122,0.0,32.54351548311891,14.430869689661812,hard,0.16558176954936304,0.18054491080373003,0.17382878294029572,0.10406726508784343
0.0,0.0,41.28570444405707,0.11985784472397949,1.2456303498389731,0.8774964387392122,0.8774964387392122,0.13999999999999999,0.8774964387392122,0.0,40.10258844513656,14.430869689661812,hard,0.166467137103224,0.1815605048311506,0.17561847289893903,0.10562105328344704
0.0,0.0,29.629137425872184,0.12026680861538348,1.2450455050736078,0.8774964387392122,0.8774964387392122,0.13999999999999999,0.8774964387392122,0.0,29.417960500347398,14.430869689661812,hard,0.16623458677642136,0.18196947062640653,0.17668806829975786,0.10637102250001265
0.0,0.0,32.390551800726165,0.12043437426539401,1.244782103696196,0.8774964387392122,0.8774964387392122,0.13999999999999999,0.8774964387392122,0.0,30.09630542109779,14.430869689661812,hard,0.1656618639365783,0.1821221254742748,0.177523624413797,0.10744813811782157
0.0,0.0,23.644185902884622,0.12061991714374873,1.241733532632517,0.8774964387392122,0.8774964387392122,0.13999999999999999,0.8774964387392122,0.0,23.264530943047184,14.430869689661812,hard,0.16582270922152284,0.18212344138018313,0.17830478094835162,0.10777407983596941
0.0,0.0,33.527793151779335,0.12088880854533958,1.238182863312296,0.8774964387392122,0.8774964387392122,0.13999999999999999,0.8774964387392122,0.0,33.80044970115042,14.430869689661812,hard,0.1651561046691607,0.18207607657485855,0.17920787938669447,0.1082870098144859
0.0,0.0,33.16820896785443,0.12113345598049435,1.2344794851033283,0.8774964387392122,0.8774964387392122,0.13999999999999999,0.8774964387392122,0.0,32.1446729645831,14.430869689661812,hard,0.1651638341625257,0.18191163238647826,0.1800050849914393,0.10865493902178527
0.0,0.0,40.54318063549482,0.1216001399932232,1.2308595801535327,0.8774964387392122,0.8774964387392122,0.13999999999999999,0.8774964387392122,0.0,30.166372005927396,14.430869689661812,hard,0.16527755934273794,0.1824413709634929,0.18123757499557394,0.10914038905239826
0.0,0.0,33.40512037790801,0.12251845234015694,1.231412822697594,0.8774964387392122,0.8774964387392122,0.13999999999999999,0.8774964387392122,0.0,27.35584763811935,14.430869689661812,hard,0.16565438437223515,0.18306014060461082,0.18233204630126304,0.11014839868616608
0.0,0.0,35.76221695738831,0.12312057109890297,1.230435255448924,0.8774964387392122,0.8774964387392122,0.13999999999999999,0.8774964387392122,0.0,32.65690738572775,14.430869689661812,hard,0.16598626379401,0.18396489806808963,0.18309914781060083,0.11046749578260749
0.0,0.0,43.8496193244625,0.1242493061147791,1.2319033281548566,0.8774964387392122,0.8774964387392122,0.13999999999999999,0.8774964387392122,0.0,43.706036196388254,14.430869689661812,hard,0.16701754195456733,0.18583058640446987,0.18439762291594203,0.11077816087356904
0.0,0.0,20.45695521879667,0.12499794935618723,1.2345302139121768,0.8774964387392122,0.8774964387392122,0.13999999999999999,0.8774964387392122,0.0,20.455962455968677,14.430869689661812,hard,0.16734696981313166,0.18645965101532258,0.1851125094115113,0.11123933702499077
0.0,0.0,22.346247347794655,0.12582022833337,1.2370366887856474,0.8774964387392122,0.8774964387392122,0.13999999999999999,0.8774964387392122,0.0,22.030206535572923,14.430869689661812,hard,0.16823784639138356,0.18706237316657898,0.18593922405421956,0.11159085296535137
0.0,0.0,33.42793826312888,0.12661205577520498,1.2402656251025148,0.8774964387392122,0.8774964387392122,0.13999999999999999,0.8774964387392122,0.0,33.150209652429055,14.430869689661812,hard,0.16930539815239273,0.18880836881822388,0.1868173858252062,0.11159085296535137
0.0,0.0,16.537527924153775,0.12716651895907427,1.2446407641282984,0.9130169768410662,0.9130169768410662,0.13999999999999999,0.9130169768410662,1.2599999999999998,16.28329205044238,14.430869689661812,hard,0.16967827032281269,0.18961276529833326,0.18714306402043954,0.11199894921043975
0.0,0.0,37.43194129895639,0.12825615569818608,1.246319547856666,0.9254188241007419,0.9254188241007419,0.13999999999999999,0.9254188241007419,1.2599999999999998,33.85380333138361,14.430869689661812,hard,0.16978134577935147,0.19029222991381167,0.18798743828618994,0.11250355751793106
0.0,0.0,37.91135812178575,0.1295279140127924,1.2486207423584528,0.9254188241007419,0.9254188241007419,0.13999999999999999,0.9254188241007419,1.2599999999999998,28.392252464360766,14.430869689661812,hard,0.17050565321920003,0.19128048128428193,0.18945822617316135,0.11339232461640991
0.0,0.0,25.754556478247846,0.13054577610340684,1.2491236334530298,0.9254188241007419,0.9254188241007419,0.13999999999999999,0.9254188241007419,1.2599999999999998,25.004167652613432,14.430869689661812,hard,0.17087950794390147,0.19193022049446293,0.19096294246227666,0.11426783350797563
0.0,0.0,54.56614599735492,0.13077721717705165,1.2421285203682506,0.9797958971132712,0.9797958971132712,0.13999999999999999,0.9797958971132712,1.2599999999999998,49.673590568832445,14.430869689661812,hard,0.17142195845700658,0.19291909661198925,0.1917045570927215,0.11531706861826939
0.0,0.0,43.26797307486872,0.13147111694818928,1.2444664037410607,0.9583318840568752,0.9583318840568752,0.13999999999999999,0.9583318840568752,1.2599999999999998,36.55871441941032,14.430869689661812,hard,0.17191079879197518,0.19346291008290603,0.19196740092298295,0.11676759881027095
0.0,0.0,21.100084842657466,0.1321144660528949,1.2478928437357477,0.9583318840568752,0.9583318840568752,0.13999999999999999,0.9583318840568752,1.2599999999999998,17.764785391329667,14.430869689661812,hard,0.17237089313203008,0.1937647382408759,0.19262531466284205,0.11888019868471791
0.0,0.0,59.423635271030925,0.131758236601635,1.2430996890117556,0.9086253353280438,0.9086253353280438,0.13999999999999999,0.9086253353280438,1.2599999999999998,51.54175394764908,14.430869689661812,hard,0.1727567100631942,0.19220650644400697,0.191516457041976,0.12189843616528416
0.0,0.0,36.06459845581371,0.13214337656807557,1.2438740869821563,0.9086253353280438,0.9086253353280438,0.13999999999999999,0.9086253353280438,1.2599999999999998,33.06854094150511,14.430869689661812,hard,0.1726467768968101,0.19157725364259987,0.19316057773171336,0.1239738259812726
0.0,0.0,54.58475266704108,0.13286298994173149,1.2457551338292134,0.9086253353280438,0.9086253353280438,0.13999999999999999,0.9086253353280438,1.2599999999999998,54.901001812353115,14.430869689661812,hard,0.17333716291535223,0.1925398187420096,0.1939434920636007,0.1261112169688939
0.0,0.0,28.83231775325227,0.1331572204298379,1.2438175515459988,0.9086253353280438,0.9086253353280438,0.13999999999999999,0.9086253353280438,1.2599999999999998,28.37790689955833,14.430869689661812,hard,0.1729954319582607,0.19204974363501304,0.19515882929061695,0.1286129468363487
0.0,0.0,36.12976334198735,0.13375154561359048,1.2458473824766185,0.9086253353280438,0.9086253353280438,0.13999999999999999,0.9086253353280438,1.2599999999999998,36.06239592705953,14.430869689661812,hard,0.172657136366574,0.1919863973631506,0.19622371356613166,0.13177679604248443
0.0,0.0,32.1937776143686,0.13403239108473858,1.2453239398968963,0.9086253353280438,0.9086253353280438,0.13999999999999999,0.9086253353280438,1.2599999999999998,27.597021578424002,14.430869689661812,hard,0.172235578657723,0.19129366499670888,0.19705702515770854,0.13370604647350123
0.0,0.0,26.357630823873002,0.1345242460153007,1.247392230217177,0.9086253353280438,0.9086253353280438,0.13999999999999999,0.9086253353280438,1.2599999999999998,25.624987804875147,14.430869689661812,hard,0.1719765104561943,0.19155762961945377,0.19772492605358244,0.13505980698502917
0.0,0.0,19.512936838825272,0.13520623764195988,1.2458121709381547,0.9086253353280438,0.9086253353280438,0.13999999999999999,0.9086253353280438,1.2599999999999998,18.622180323474478,14.430869689661812,hard,0.1721037418533013,0.1921087797640704,0.19891923534823247,0.13582805548171467
0.0,0.0,19.56193692608516,0.1355483650422552,1.2451474403818892,0.9086253353280438,0.9086253353280438,0.13999999999999999,0.9086253353280438,1.2599999999999998,19.366207682455535,14.430869689661812,hard,0.17213473906010782,0.19257433241094052,0.19971938498044484,0.13592663215190137
0.0,0.0,37.30375312170615,0.13539573921820744,1.2427810899158047,0.9086253353280438,0.9086253353280438,0.13999999999999999,0.9086253353280438,1.2599999999999998,31.015228517616954,14.430869689661812,hard,0.17195500213686177,0.19287876286322625,0.1995299341181917,0.13592663215190137
0.0,0.0,32.71206832163349,0.1351110472856345,1.23973329054501,0.9086253353280438,0.9086253353280438,0.13999999999999999,0.9086253353280438,1.2599999999999998,32.79161478183104,14.430869689661812,hard,0.17160527245041063,0.19275367921443143,0.19964840374864093,0.13592663215190137
0.0,0.0,19.36591855552411,0.13506970932795886,1.2376777753450943,0.9086253353280438,0.9086253353280438,0.13999999999999999,0.9086253353280438,1.2599999999999998,19.08390945273007,14.430869689661812,hard,0.17151502861655335,0.19268459205875624,0.19984607899545537,0.13592698886434315
0.0,0.0,19.090570692888043,0.13525165260755045,1.2381856095301673,0.9086253353280438,0.9086253353280438,0.13999999999999999,0.9086253353280438,1.2599999999999998,18.79787222001469,14.430869689661812,hard,0.17179061193098932,0.1930738276794529,0.20029703411564445,0.13595408876817078
0.0,0.0,51.490985352921996,0.1359687125202632,1.2377828572893625,0.9086253353280438,0.9086253353280438,0.13999999999999999,0.9086253353280438,1.2599999999999998,34.7086675053941,14.430869689661812,hard,0.17238434686607387,0.19399584726716895,0.2015545156388609,0.13633657049344947
0.0,0.0,28.406562015826697,0.13644990373640462,1.2358998539505563,0.9086253353280438,0.9086253353280438,0.13999999999999999,0.9086253353280438,1.2599999999999998,23.40940836501427,14.430869689661812,hard,0.1730769014757998,0.19478211278156604,0.20239932949350578,0.13633657049344947
0.0,0.0,22.524631736663896,0.13686017811106954,1.2342361839587783,0.9086253353280438,0.9086253353280438,0.13999999999999999,0.9086253353280438,1.2599999999999998,21.763722108132146,14.430869689661812,hard,0.17363184354703332,0.19554807165136162,0.20302835615092077,0.13633657049344947
0.0,0.0,59.65846154897385,0.13730660136762046,1.231461631003477,0.9086253353280438,0.9086253353280438,0.13999999999999999,0.9086253353280438,1.2599999999999998,56.72766168281573,14.430869689661812,hard,0.1742940597308053,0.19675227515859084,0.20420667004188672,0.13633657049344947
0.0,0.0,29.244602788556353,0.13799477318740266,1.2318327976453403,0.9086253353280438,0.9086253353280438,0.13999999999999999,0.9086253353280438,1.2599999999999998,28.701644552185506,14.430869689661812,hard,0.1753282617479381,0.19827606160899688,0.20482373752974287,0.13633657049344947
0.0,0.0,21.66944189994786,0.1386012237703175,1.2326487954275642,0.9086253353280438,0.9086253353280438,0.13999999999999999,0.9086253353280438,1.2599999999999998,21.332641655453738,14.430869689661812,hard,0.17608699798958866,0.19929154722370665,0.20557868018293343,0.13633657049344947
0.0,0.0,47.50130231844658,0.13955850650736734,1.2368113498985014,0.9167333309092672,0.9167333309092671,0.13999999999999999,0.9167333309092671,1.2599999999999998,41.60856161897453,14.430869689661812,hard,0.17702386839600873,0.20012021169957883,0.2058712782182421,0.13600848705061364
0.0,0.0,34.37061712018706,0.14009462565673853,1.2351764192117087,0.9734474818910366,0.9734474818910366,0.13999999999999999,0.9734474818910366,1.2599999999999998,30.938810578301165,14.430869689661812,hard,0.1774913502638696,0.20070565653280942,0.20595037331305885,0.13764225731299318
0.0,0.0,34.673137766913996,0.14188644303626233,1.2363437864410078,0.9666436778875657,0.9666436778875658,0.13999999999999999,1.0,1.2599999999999998,34.6933365359978,14.430869689661812,hard,0.17763650538903117,0.20198153350969286,0.20736864741746308,0.1402664026786431
0.0,0.0,47.26921373967083,0.14386377433805134,1.23230783866245,0.9457272334029511,0.9457272334029511,0.13999999999999999,1.049952379872535,1.2599999999999998,43.14661516272162,14.430869689661812,hard,0.1782462497871667,0.20278333001529533,0.20955661584554483,0.14279171248001646
0.0,0.0,51.89500642914274,0.14547316246872635,1.2322553080460794,0.9526804291051642,0.9526804291051643,0.13999999999999999,1.0547037498748169,1.2599999999999998,49.40364359032642,14.430869689661812,hard,0.17874462832972599,0.20377128834450384,0.21267892090960236,0.14435582079470338
0.0,0.0,43.3548247127413,0.14717406703726285,1.234089356584743,0.9526804291051642,0.9526804291051643,0.13999999999999999,1.0547037498748169,1.2599999999999998,36.402335089936194,14.430869689661812,hard,0.1797099239218024,0.20574394452693048,0.2155413037745853,0.14555013296561478
0.0,0.0,50.42535416531125,0.1483785905726755,1.2345869083901952,0.938083151964686,0.938083151964686,0.13999999999999999,1.04,1.2599999999999998,47.3270704776875,14.430869689661812,hard,0.1804410172126615,0.2075784517255928,0.21651709776715272,0.14659861736345242
0.0,0.0,80.5122679181163,0.14826269794888725,1.2220763860249326,0.9219544457292888,0.9219544457292888,0.13999999999999999,1.0176443386566842,1.2599999999999998,70.69921923189817,14.430869689661812,hard,0.18101121158321215,0.20691884994644913,0.21639845942636152,0.1473674757970964
0.0,0.0,44.07101337053122,0.1489119111417253,1.21930824751457,0.9219544457292888,0.9219544457292888,0.13999999999999999,1.0176443386566842,1.2599999999999998,40.12873783213223,14.430869689661812,hard,0.18052504877743886,0.207884347542923,0.21818688748874107,0.14783646468526382
0.0,0.0,37.985895336182935,0.14977879342579592,1.218284262462904,0.9219544457292888,0.9219544457292888,0.13999999999999999,1.0176443386566842,1.2599999999999998,37.9959208336895,14.430869689661812,hard,0.18100578607714804,0.20914941835532194,0.2196093559890793,0.14824640124428606
0.0,0.0,25.899729386986277,0.15056912100524592,1.2183129423129335,0.9219544457292888,0.9219544457292888,0.13999999999999999,1.0176443386566842,1.2599999999999998,25.190704634844973,14.430869689661812,hard,0.1821870880448386,0.21078867199698917,0.22052644651493739,0.14830422641726088
0.0,0.0,29.901730912531818,0.15113521114862516,1.2177303320341764,0.9219544457292888,0.9219544457292888,0.13999999999999999,1.0176443386566842,1.2599999999999998,30.07207342369329,14.430869689661812,hard,0.18291356622922197,0.21164954494161398,0.22116301600331417,0.14848581686844253
0.0,0.0,25.135966116324,0.152417018136281,1.2193309850471319,0.9219544457292888,0.9219544457292888,0.13999999999999999,1.0176443386566842,1.2599999999999998,25.032426969832553,14.430869689661812,hard,0.18444248878588482,0.21313420826364576,0.2231433708406437,0.14871019671288013
0.0,0.0,43.20860240802666,0.1535063160273115,1.222339767133355,0.9219544457292888,0.9219544457292888,0.13999999999999999,1.0176443386566842,1.2599999999999998,32.52276126038501,14.430869689661812,hard,0.18533015381059678,0.21430080620115588,0.22538630123903902,0.1490349745879833
0.0,0.0,45.92158264546692,0.1551440508929654,1.2200487140501841,0.9219544457292888,0.9219544457292888,0.13999999999999999,1.0176443386566842,1.2599999999999998,39.29523635251479,14.430869689661812,hard,0.1855163054246708,0.21644593926146555,0.22812615386506263,0.14921239733057
0.0,0.0,33.82853526803061,0.15596222759178904,1.2186181463180144,0.9219544457292888,0.9219544457292888,0.13999999999999999,1.0176443386566842,1.2599999999999998,34.17325855109519,14.430869689661812,hard,0.18600614585118538,0.21710015785412556,0.22980065119325363,0.15002838152317471
0.0,0.0,26.645085051839164,0.15665625202560882,1.2158903997630202,0.9219544457292888,0.9219544457292888,0.13999999999999999,1.0176443386566842,1.2599999999999998,26.79390975576353,14.430869689661812,hard,0.18643830537060624,0.21834332381843444,0.23116149159069066,0.15026745295756783
0.0,0.0,17.068988050526837,0.15674319575387688,1.2137416826000473,0.9219544457292888,0.9219544457292888,0.13999999999999999,1.0176443386566842,1.2599999999999998,16.47544840057472,14.430869689661812,hard,0.1869811176180998,0.21801408627416327,0.23138993322242724,0.15026745295756783
0.0,0.0,51.90833811361695,0.1564073162971054,1.210431109051248,0.9219544457292888,0.9219544457292888,0.13999999999999999,1.0176443386566842,1.2599999999999998,51.08512112151639,14.430869689661812,hard,0.18742441127271486,0.2174034208781644,0.23088545981240113,0.1504426417867889
0.0,0.0,23.87035004871659,0.15630706875306924,1.2092661717582582,0.9219544457292888,0.9219544457292888,0.13999999999999999,1.0176443386566842,1.2599999999999998,23.265562533495725,14.430869689661812,hard,0.18764820610005875,0.2169079101876345,0.2309757208334838,0.15092961741447788
0.0,0.0,51.98695380472242,0.15624575533887927,1.2070216425078526,0.9219544457292888,0.9219544457292888,0.13999999999999999,1.0176443386566842,1.2599999999999998,37.65434901840689,14.430869689661812,hard,0.1870002882595817,0.2163354618956485,0.23185966110024125,0.15248962404998465
0.0,0.0,34.06081872434256,0.15650264543064626,1.2059841065942574,0.9173875952943771,0.9173875952943771,0.13999999999999999,1.0392304845413265,1.2599999999999998,34.468327490610854,14.430869689661812,hard,0.18592379165146947,0.21647814087763642,0.23236630351201715,0.1533543814108144
0.0,0.0,19.428299789318896,0.1566121000100448,1.2055429319416984,0.8901685233707155,0.8901685233707155,0.13999999999999999,1.078702924812944,1.2599999999999998,16.848738825205878,14.430869689661812,hard,0.18603262432528164,0.21611865075519074,0.23314077294324112,0.15373075186359939
0.0,0.0,30.143652083892675,0.1563473284841487,1.20518247670601,0.8901685233707155,0.8901685233707155,0.13999999999999999,1.078702924812944,1.2599999999999998,24.117553773133793,14.430869689661812,hard,0.18587450037768538,0.2155823873268928,0.23339381296745354,0.1539952326512253
0.0,0.0,23.42408780459845,0.1561554322403473,1.206021468018705,0.8901685233707155,0.8901685233707155,0.13999999999999999,1.078702924812944,1.2599999999999998,23.441365147960138,14.430869689661812,hard,0.18565998143548965,0.21504085365226255,0.2339992603465943,0.15407312527729014
0.0,0.0,22.6899215057624,0.15615804547385137,1.2061919645659573,0.9173875952943772,0.9173875952943772,0.13999999999999999,1.0983624174196784,1.2599999999999998,19.288504348445482,14.430869689661812,hard,0.1856311241906801,0.21482960800299972,0.23400780023426088,0.15416278690967272
0.0,0.0,30.209196971163774,0.15612891725750275,1.2098548794297876,0.8901685233707153,0.8901685233707155,0.13999999999999999,1.135077089893017,1.2599999999999998,25.98615015734343,14.430869689661812,hard,0.1855724830485365,0.2146547075106518,0.23395150725690772,0.1545806208145175
0.0,0.0,41.14012300850278,0.15596263107338654,1.2121541161399794,0.8953211714239756,0.8953211714239756,0.13999999999999999,1.1356055653262713,1.2599999999999998,38.401041652538545,14.430869689661812,hard,0.1854690609333468,0.21424631681293993,0.23422425506668543,0.1546433709715844
0.0,0.0,41.498260386914865,0.1557612719993385,1.2035425499941779,0.9509994742374992,0.9509994742374993,0.13999999999999999,1.1697863052711808,1.2599999999999998,36.37729511659711,14.430869689661812,hard,0.18547493021568504,0.2138998754729547,0.2343101671421439,0.15461782433872717
0.0,0.0,50.427323346814156,0.15487339105825526,1.1919854735431141,0.956869897112455,0.956869897112455,0.13999999999999999,1.1677328461596,1.2599999999999998,45.86632751812597,14.430869689661812,hard,0.18547146286776392,0.2140794313503294,0.2332353853488181,0.15456675448668344
0.0,0.0,39.927923481603585,0.1552578187194714,1.1903355178297441,0.9816312953446422,0.9816312953446422,0.13999999999999999,1.1813551540497886,1.2599999999999998,38.36002606881283,14.430869689661812,hard,0.1858212631561027,0.21440814004928055,0.2330868511521022,0.15513088511317627
0.0,0.0,54.6796323290581,0.15529285472634466,1.1861866563647798,0.9431860898041277,0.9431860898041277,0.13999999999999999,1.1391224692718513,1.2599999999999998,45.67651913182527,14.430869689661812,hard,0.18663080639863389,0.21465979525460116,0.23231860684360897,0.15530134142847668
0.0,0.0,64.91419782917855,0.1547752932927479,1.1757471304702396,0.8979977728257459,0.8979977728257459,0.13999999999999999,1.087382177525455,1.2599999999999998,58.60091808154545,14.430869689661812,hard,0.1876210910592201,0.2157312460564559,0.22865625882143129,0.15480327585794665
0.0,0.0,41.43383423942372,0.15487172288137943,1.1677056946435433,0.8979977728257459,0.8979977728257459,0.13999999999999999,1.087382177525455,1.2599999999999998,37.31631814635522,14.430869689661812,hard,0.18844886852432438,0.2165387224499053,0.22804783082010663,0.1556005528157456
0.0,0.0,41.02785207185697,0.15519751677611218,1.1612996624484944,0.8979977728257459,0.8979977728257459,0.13999999999999999,1.087382177525455,1.2599999999999998,35.55879075559235,14.430869689661812,hard,0.18951018119008056,0.2171085745580351,0.2280593588901496,0.15610002627198163
0.0,0.0,56.96531839159327,0.15520122112742546,1.1563595721329265,0.8979977728257459,0.8979977728257459,0.13999999999999999,1.087382177525455,1.2599999999999998,56.61708576039569,14.430869689661812,hard,0.19088218732866716,0.21756793989388026,0.227794391353973,0.15590156343060094
0.0,0.0,53.47265469245248,0.15450897136328734,1.149249117831265,0.8979977728257459,0.8979977728257459,0.13999999999999999,1.087382177525455,1.2599999999999998,53.03876318316633,14.430869689661812,hard,0.190519702085001,0.2172473629045929,0.22788924382859235,0.1562009459333061
0.0,0.0,46.173628929923574,0.15487492332400946,1.1435975825775828,0.8979977728257459,0.8979977728257459,0.13999999999999999,1.087382177525455,1.2599999999999998,40.79550955681274,14.430869689661812,hard,0.19108433507806427,0.21809219330743662,0.22878902731326334,0.15679389937424765
0.0,0.0,36.32006245683821,0.1546896094734523,1.1411914730966364,0.8979977728257459,0.8979977728257459,0.13999999999999999,1.087382177525455,1.2599999999999998,31.89638851030003,14.430869689661812,hard,0.19114002576924985,0.21784774837203436,0.22910528916233547,0.15745002114444223
0.0,0.0,37.533782086992936,0.15478493014959696,1.1389477031338582,0.8979977728257459,0.8979977728257459,0.13999999999999999,1.087382177525455,1.2599999999999998,36.38,14.430869689661812,hard,0.19162115972206625,0.21849358653842185,0.2295182997030363,0.15821281147265517
0.0,0.0,47.941457133101885,0.15458895293674094,1.1341724771316906,0.8979977728257459,0.8979977728257459,0.13999999999999999,1.087382177525455,1.2599999999999998,43.65321981251784,14.430869689661812,hard,0.19178775905597195,0.21833314371809326,0.23028147634052168,0.15801100924865974
0.0,0.0,30.63012840350376,0.15457180687132502,1.1321381384027926,0.8979977728257459,0.8979977728257459,0.13999999999999999,1.087382177525455,1.2599999999999998,29.992592418795677,14.430869689661812,hard,0.19230914109936834,0.21870670528231118,0.2305961577153845,0.1582143409497829
0.0,0.0,33.552432181437666,0.15477348130791613,1.1311825078729607,0.8979977728257459,0.8979977728257459,0.13999999999999999,1.087382177525455,1.2599999999999998,25.695415933586286,14.430869689661812,hard,0.19273913366721468,0.21939264469247072,0.23098122473072627,0.1583564542572017
0.0,0.0,28.52304855755794,0.15485150631252892,1.131966815011311,0.8979977728257459,0.8979977728257459,0.13999999999999999,1.087382177525455,1.2599999999999998,27.78797581688886,14.430869689661812,hard,0.19323185090969877,0.2200773275995782,0.23106689151681056,0.15844672713099106
0.0,0.0,24.49309346374584,0.15491482897414713,1.1335350040637848,0.8979977728257459,0.8979977728257459,0.13999999999999999,1.087382177525455,1.2599999999999998,20.521101334967383,14.430869689661812,hard,0.19355275286283294,0.2205383676668357,0.2309780700482999,0.15834658144341465
0.0,0.0,20.946184893052685,0.15505457443217832,1.1357778178073656,0.8979977728257459,0.8979977728257459,0.13999999999999999,1.087382177525455,1.2599999999999998,21.06751053162191,14.430869689661812,hard,0.19404196868547244,0.2209825240556411,0.2310042701560823,0.1583243346027757
0.0,0.0,20.856017248962797,0.15523950726364408,1.1389699442129526,0.8979977728257459,0.8979977728257459,0.13999999999999999,1.087382177525455,1.2599999999999998,19.855921031269233,14.430869689661812,hard,0.1945616378466551,0.22158580993298502,0.23106498654541666,0.15844849938934288
0.0,0.0,19.950625252277696,0.15546671998106015,1.1417943142327702,0.8979977728257459,0.8979977728257459,0.13999999999999999,1.087382177525455,1.2599999999999998,19.86181260610421,14.430869689661812,hard,0.19496822489137183,0.22236514051281117,0.23112309930302047,0.1584368285433725
0.0,0.0,34.774455376094146,0.15589890089261027,1.1435677789510483,0.8765842800324449,0.8765842800324449,0.13999999999999999,1.1187493016757595,1.2599999999999998,31.391234445303358,14.430869689661812,hard,0.19559266105277984,0.22326856940044146,0.2310735391874915,0.1585084370037329
0.0,0.0,35.308113532695266,0.1562130967288515,1.144711809166237,0.8765842800324449,0.8765842800324449,0.13999999999999999,1.1187493016757595,1.2599999999999998,34.338456575682024,14.430869689661812,hard,0.19652928207172654,0.22407058652558484,0.23107530086694406,0.1586178271477574
0.0,0.0,26.930725478273843,0.15669007513282332,1.1416099225789282,0.8774964387392122,0.8774964387392122,0.13999999999999999,1.1779643458101776,1.2599999999999998,26.492783923174247,14.430869689661812,hard,0.1973504986214984,0.2247554821115696,0.2315445464101391,0.15878408817362025
0.0,0.0,39.901966942789045,0.15743506104519103,1.1430271520749227,0.8772684879784522,0.8772684879784522,0.13999999999999999,1.1723480711802279,1.2599999999999998,35.169623256441064,14.430869689661812,hard,0.19824215824737204,0.2256172633351494,0.2320986566592439,0.15829445722902194
0.0,0.0,61.74539890467003,0.1584627901549047,1.1391193725635742,0.8919641248391105,0.8919641248391105,0.13999999999999999,1.1560276813294739,1.2599999999999998,54.35448095603527,14.430869689661812,hard,0.19864860784996657,0.22597490157723835,0.23323479282639853,0.1564834810681536
0.0,0.0,54.45491717509857,0.15970945361193575,1.1383218608202044,0.8890444308357148,0.8890444308357148,0.13999999999999999,1.1482160075525858,1.2599999999999998,47.06226088916681,14.430869689661812,hard,0.19961402330922295,0.22688639870835026,0.23515895168485487,0.15632013734834416
0.0,0.0,44.191040890671104,0.16129310292035626,1.137802460526261,0.8890444308357148,0.8890444308357148,0.13999999999999999,1.1482160075525858,1.2599999999999998,44.40675624271604,14.430869689661812,hard,0.20023147176165337,0.22836507744536658,0.23703515149462837,0.15662212271921727
0.0,0.0,45.89304044303164,0.16233829715475206,1.1386089205105865,0.9079647570252932,0.9079647570252933,0.13999999999999999,1.157410903698423,1.2599999999999998,40.11394271322629,14.430869689661812,hard,0.20106180145131836,0.2300718604348389,0.23815920328079346,0.15701389610034153
0.0,0.0,48.49490328362384,0.16317813165143977,1.139177821763695,0.9042123644365851,0.9042123644365854,0.13999999999999999,1.1489125293076057,1.2599999999999998,44.488182700577916,14.430869689661812,hard,0.20205242443875238,0.23122259829704006,0.2382828165584464,0.1574076869720784
0.0,0.0,55.93715814156138,0.16209524777040818,1.1208193303806717,0.9068627239003707,0.9068627239003706,0.13999999999999999,1.1285388783732708,1.2599999999999998,49.94162992934853,14.430869689661812,hard,0.2027299193692722,0.23143337092217178,0.23637022723696743,0.1559407949772593
0.0,0.0,63.2979102340321,0.16135044596006837,1.1110162015453544,0.9068627239003707,0.9068627239003706,0.13999999999999999,1.1285388783732708,1.2599999999999998,57.37025013018507,14.430869689661812,hard,0.20335211828966365,0.2305853723228833,0.23480609323500057,0.15629747104489689
0.0,0.0,37.09691982662876,0.16114101036197703,1.1008520933175148,0.9068627239003707,0.9068627239003706,0.13999999999999999,1.1285388783732708,1.2599999999999998,36.966817553043434,14.430869689661812,hard,0.2036073514241898,0.2301303715997455,0.2345293607830051,0.15641384251599558
0.0,0.0,27.133610767895455,0.16109262086011852,1.09688517213747,0.9068627239003707,0.9068627239003706,0.13999999999999999,1.1285388783732708,1.2599999999999998,23.77009886390883,14.430869689661812,hard,0.20359618207222985,0.22995776647697966,0.23461758839124525,0.15652838853555373
0.0,0.0,21.303208836543355,0.1614075352654957,1.095009080086312,0.9068627239003707,0.9068627239003706,0.13999999999999999,1.1285388783732708,1.2599999999999998,21.178252996883383,14.430869689661812,hard,0.20391909478870526,0.2303213406639667,0.23521175140714476,0.1566077309979054
0.0,0.0,30.806899799339117,0.16120564005905996,1.0862704225085758,0.9068627239003707,0.9068627239003706,0.13999999999999999,1.1285388783732708,1.2599999999999998,30.357891889918836,14.430869689661812,hard,0.2036284937288894,0.22973864047505618,0.23536189466639992,0.15666187090753056
0.0,0.0,27.02675073063423,0.16167126068460616,1.082830992729767,0.9068627239003707,0.9068627239003706,0.13999999999999999,1.1285388783732708,1.2599999999999998,26.065333299230996,14.430869689661812,hard,0.2045274642305283,0.2299069802116796,0.23640132030360783,0.15680174132342117
0.0,0.0,45.946499203258895,0.16239086605005565,1.0787510490166472,0.9068627239003707,0.9068627239003706,0.13999999999999999,1.1285388783732708,1.2599999999999998,34.74032239343786,14.430869689661812,hard,0.2051430672384249,0.23072089280783056,0.2378121836235127,0.15761122089985855
0.0,0.0,25.1721783825658,0.16266082642517501,1.0765351362298876,0.9068627239003707,0.9068627239003706,0.13999999999999999,1.1285388783732708,1.2599999999999998,25.945327132260257,14.430869689661812,hard,0.20515718515054115,0.23090670573538236,0.2386280218886863,0.15759971896037084
0.0,0.0,36.603661293973694,0.16261326613737623,1.0729318601497588,0.9068627239003707,0.9068627239003706,0.13999999999999999,1.1285388783732708,1.2599999999999998,36.11398067231028,14.430869689661812,hard,0.2049267619161188,0.23040932899194871,0.23909043077146475,0.1580637586573165
0.0,0.0,40.78284576534855,0.1629031198766972,1.0709288216491621,0.9068627239003707,0.9068627239003706,0.13999999999999999,1.1285388783732708,1.2599999999999998,34.07042118906076,14.430869689661812,hard,0.20462239095709633,0.23025667162296792,0.24009373084183389,0.15851496816609573
0.0,0.0,22.039199862675964,0.16321950674364794,1.0711726752017174,0.9068627239003707,0.9068627239003706,0.13999999999999999,1.1285388783732708,1.2599999999999998,21.421568570018398,14.430869689661812,hard,0.20462239095709633,0.23029676844773145,0.2408179639347929,0.15905313513878247
0.0,0.0,28.044315783730614,0.1636993958941904,1.0724275685026146,0.9068627239003707,0.9068627239003706,0.13999999999999999,1.1285388783732708,1.2599999999999998,27.667518862377236,14.430869689661812,hard,0.20462239095709633,0.23028458757609038,0.24186697100899426,0.15972438793259447
0.0,0.0,15.087953902274199,0.1640836245455895,1.0731133097583017,0.9068627239003707,0.9068627239003706,0.13999999999999999,1.1285388783732708,1.2599999999999998,14.122832577071781,14.430869689661812,hard,0.20467051293176702,0.23043279163221037,0.24261523550965958,0.15993166751764487
0.0,0.0,47.054595262598944,0.1643864679551627,1.074578551260718,0.9068627239003707,0.9068627239003706,0.13999999999999999,1.1285388783732708,1.2599999999999998,41.27098738823679,14.430869689661812,hard,0.20467051293176702,0.23003370221275038,0.24376046628804865,0.1606161248251919
0.0,0.0,22.713358911843997,0.16463640762971624,1.0768214513523353,0.9068627239003707,0.9068627239003706,0.13999999999999999,1.1285388783732708,1.2599999999999998,22.42084744161112,14.430869689661812,hard,0.20467051293176702,0.22993293749057417,0.24444936278788904,0.16108599192657752
0.0,0.0,25.25686508464159,0.1651268835123381,1.079314241930814,0.8901685233707155,0.8901685233707155,0.13999999999999999,1.1532562594670797,1.2599999999999998,23.79509193090037,14.430869689661812,hard,0.20477733492770148,0.23047560196711114,0.2452045900636155,0.16131051277883895
0.0,0.0,32.69835455711382,0.16526980475558847,1.0808535508950237,0.8901685233707155,0.8901685233707155,0.13999999999999999,1.1532562594670797,1.2599999999999998,26.334281839457855,14.430869689661812,hard,0.20478944018975545,0.23076085943262503,0.24578994835943702,0.16183379754482716
0.0,0.0,46.21341507513967,0.16508571964573196,1.0820341450472626,0.9068627239003707,0.9068627239003706,0.13999999999999999,1.1600000000000001,1.2599999999999998,37.80647563579552,14.430869689661812,hard,0.20557801017378827,0.23020455321249775,0.24617989907612745,0.1625490615828528
0.0,0.0,41.021115603064814,0.16536742035870888,1.0817168067943912,0.9068627239003707,0.9068627239003706,0.13999999999999999,1.1600000000000001,1.2599999999999998,40.48950481297592,14.430869689661812,hard,0.20557801017378827,0.23001479753912324,0.24610676442116777,0.16356773807509953
0.0,0.0,33.3172791141616,0.16548791245472522,1.0800029679763086,0.9228217596047461,0.9228217596047461,0.13999999999999999,1.1663618649458665,1.2599999999999998,30.765441651307395,14.430869689661812,hard,0.20557801017378827,0.22994204863798512,0.2462855728495539,0.1640217245234939
0.0,0.0,25.30842009950346,0.16581441227325833,1.0801881948837289,0.9228217596047461,0.9228217596047461,0.13999999999999999,1.1663618649458665,1.2599999999999998,23.80084872436275,14.430869689661812,hard,0.20557801017378827,0.22992617020155434,0.24701902216489968,0.1647393538766062
0.0,0.0,21.111383858375024,0.16582197543558597,1.072296513466851,0.9380831519646858,0.938083151964686,0.13999999999999999,1.1723480711802277,1.2599999999999998,19.746392075515974,14.430869689661812,hard,0.20557801017378827,0.22984391140331337,0.24720000993686186,0.16508537787575595
0.0,0.0,29.462488384806854,0.16634957980386925,1.0702431297116535,0.9380831519646858,0.938083151964686,0.13999999999999999,1.1723480711802277,1.2599999999999998,29.032368143160493,14.430869689661812,hard,0.20532358958422642,0.22979124627836817,0.24817438535161007,0.16664827777265975
0.0,0.0,22.200147611365814,0.16679150920049274,1.0669871153996322,0.9380831519646858,0.938083151964686,0.13999999999999999,1.1723480711802277,1.2599999999999998,20.56307370020348,14.430869689661812,hard,0.20515108581611036,0.22977947761524245,0.2487161982444201,0.1678954136785411
0.0,0.0,41.78137899975706,0.16656824736000836,1.0613442540368576,0.9097252332435327,0.9097252332435327,0.13999999999999999,1.1435033887138244,1.2599999999999998,29.34160868118856,14.430869689661812,hard,0.20500678368105152,0.22918538693556467,0.24767572310683283,0.16842943190409038
0.0,0.0,19.814718286901883,0.16651884981128576,1.0581732017714338,0.9097252332435327,0.9097252332435327,0.13999999999999999,1.1435033887138244,1.2599999999999998,18.94223851607829,14.430869689661812,hard,0.20500678368105152,0.22851931954251997,0.24763321114427744,0.16886822080283426
0.0,0.0,16.137708923978796,0.16665244219738365,1.0556670384380094,0.9097252332435327,0.9097252332435327,0.13999999999999999,1.1435033887138244,1.2599999999999998,16.27450767304498,14.430869689661812,hard,0.20500189833839383,0.22838079699487257,0.24776989263632385,0.16924880690767943
0.0,0.0,25.41410647224533,0.16629595065641975,1.0530273062941378,0.9097252332435327,0.9097252332435327,0.13999999999999999,1.1435033887138244,1.2599999999999998,18.575209285496626,14.430869689661812,hard,0.20496875609630247,0.22817341102281327,0.2470924366643515,0.16947077974724295
0.0,0.0,31.710848531831022,0.16624817905234665,1.0518095051496124,0.9097252332435327,0.9097252332435327,0.13999999999999999,1.1435033887138244,1.2599999999999998,28.09604242593608,14.430869689661812,hard,0.20508303878625003,0.22799914746425137,0.24729611413272706,0.17005146064612964
0.0,0.0,21.622299423604886,0.16640271925442218,1.048374517842998,0.9097252332435327,0.9097252332435327,0.13999999999999999,1.1435033887138244,1.2599999999999998,21.37719345470775,14.430869689661812,hard,0.20499563507852706,0.22800430930850335,0.24746584942797856,0.17118354676379635
0.0,0.0,23.036833285395453,0.16670714083203955,1.046912553860803,0.9097252332435327,0.9097252332435327,0.13999999999999999,1.1435033887138244,1.2599999999999998,14.054237795056693,14.430869689661812,hard,0.20499090273197967,0.2280879154014387,0.24791786456370454,0.1721071176888302
0.0,0.0,36.78461916281435,0.16634837828708393,1.0451623183425707,0.9097252332435327,0.9097252332435327,0.13999999999999999,1.1435033887138244,1.2599999999999998,36.322053906683195,14.430869689661812,hard,0.20497219378297019,0.2279170209576237,0.2474714703429171,0.17262704733306217
0.0,0.0,18.684108864017436,0.16624285090357174,1.0440149133803223,0.9097252332435327,0.9097252332435327,0.13999999999999999,1.1435033887138244,1.2599999999999998,18.100828710310473,14.430869689661812,hard,0.20501038603003802,0.22781610845462325,0.24722920513397525,0.1731434679873657
0.0,0.0,15.336294414899227,0.16625138061530764,1.042321127730377,0.9097252332435327,0.9097252332435327,0.13999999999999999,1.1435033887138244,1.2599999999999998,14.990410267901275,14.430869689661812,hard,0.2051160163331385,0.22788106149748322,0.2470258215891174,0.1737252450285764
0.0,0.0,16.553602652672733,0.16611669252793995,1.041586012337264,0.9097252332435327,0.9097252332435327,0.13999999999999999,1.1435033887138244,1.2599999999999998,16.187451930430555,14.430869689661812,hard,0.2052390037786739,0.22787423285046177,0.2466581377427923,0.1736944639858614
0.0,0.0,15.286329055835617,0.1660414265591378,1.0407557569889672,0.9097252332435327,0.9097252332435327,0.13999999999999999,1.1435033887138244,1.2599999999999998,15.298222118926107,14.430869689661812,hard,0.2053644351993856,0.22787631847303436,0.24644214077104148,0.17369369881955227
0.0,0.0,10.175944106507215,0.16603963803403118,1.0405041276147795,0.9097252332435327,0.9097252332435327,0.13999999999999999,1.1435033887138244,1.2599999999999998,9.876861849798246,14.430869689661812,hard,0.2054898760488066,0.22788010346614146,0.2464018845866381,0.1738139181192958
0.0,0.0,8.416504562662762,0.16622477896325946,1.0404172085260515,0.9097252332435327,0.9097252332435327,0.13999999999999999,1.1435033887138244,1.2599999999999998,7.621574640453243,14.430869689661812,hard,0.20550028914476381,0.22797879061801873,0.24666681056922396,0.17422375915804136
0.0,0.0,29.449410905367696,0.16651483340151732,1.0408216077929344,0.9097252332435327,0.9097252332435327,0.13999999999999999,1.1435033887138244,1.2599999999999998,29.130801568099702,14.430869689661812,hard,0.20557623281706763,0.22815502370266313,0.2468426764047265,0.17553686950538097
0.0,0.0,16.043524718103033,0.16674100030975678,1.0415879102944094,0.9097252332435327,0.9097252332435327,0.13999999999999999,1.1435033887138244,1.2599999999999998,15.79018682600051,14.430869689661812,hard,0.2057001526979951,0.2282060707476867,0.24682031707656255,0.17610198014370204
0.0,0.0,33.798673183075536,0.16731216778267355,1.0423622394752043,0.9380831519646858,0.938083151964686,0.13999999999999999,1.2257242756835651,1.2599999999999998,32.028043961503485,14.430869689661812,hard,0.20494591338701307,0.22825742277978306,0.24666556527469038,0.17692874026615693
0.0,0.0,26.755915562482542,0.1674596093448476,1.0435888771727282,0.9380831519646858,0.938083151964686,0.13999999999999999,1.2257242756835651,1.2599999999999998,25.088076849372094,14.430869689661812,hard,0.20514599243558776,0.228353035901563,0.24666718093226941,0.1778079515129499
0.0,0.0,38.330400901635514,0.1678137231833707,1.0432179349512916,0.9380831519646858,0.938083151964686,0.13999999999999999,1.2257242756835651,1.2599999999999998,28.580944700971664,14.430869689661812,hard,0.20536812101917992,0.22861179471360638,0.246739961738127,0.1795827234328163
0.0,0.0,16.91515612308168,0.1678295250367276,1.0413510204224927,0.9380831519646858,0.938083151964686,0.13999999999999999,1.2257242756835651,1.2599999999999998,16.348700254148646,14.430869689661812,hard,0.20538480037109688,0.22853317733403516,0.24670638419906282,0.18025574217783538
0.0,0.0,41.170873636423146,0.1681466539332641,1.034406311064039,0.9314504817756014,0.9314504817756015,0.13999999999999999,1.2369316876852983,1.2599999999999998,37.38395912687686,14.430869689661812,hard,0.20538480037109688,0.2282781590285996,0.24713659710624744,0.17887648451559426
0.0,0.0,38.448712150229376,0.1684220447827229,1.0285665965920687,0.8799999999999999,0.8799999999999999,0.13999999999999999,1.2126005112979295,1.2599999999999998,34.134727185082355,14.430869689661812,hard,0.20538480037109688,0.22812685894423823,0.24660272938219396,0.17812580631151315
0.0,0.0,20.373141401562897,0.16809505221603036,1.0243063256737437,0.8799999999999999,0.8799999999999999,0.13999999999999999,1.2126005112979295,1.2599999999999998,19.645905425813286,14.430869689661812,hard,0.2054183677412396,0.22782351634230752,0.2459052341491296,0.17863178541569252
0.0,0.0,29.788928993152968,0.16777987499686278,1.020337501520074,0.8799999999999999,0.8799999999999999,0.13999999999999999,1.2126005112979295,1.2599999999999998,24.05912716621283,14.430869689661812,hard,0.20547816699469396,0.22761966073995998,0.24545809516268727,0.17951527813649176
0.0,0.0,32.063413136625364,0.1676300440244397,1.0155027529162204,0.8799999999999999,0.8799999999999999,0.13999999999999999,1.2126005112979295,1.2599999999999998,26.452440341110307,14.430869689661812,hard,0.20548681944180883,0.22737457870109226,0.24505634332769646,0.1810873411826209
0.0,0.0,45.922817093433295,0.1661378009310117,0.9977890001998665,0.8158431221748456,0.8158431221748456,0.13999999999999999,1.1489125293076057,1.2599999999999998,41.23996120269756,14.430869689661812,hard,0.20591169436510984,0.22564112242166195,0.24126349144972267,0.18250746314606153
0.0,0.0,28.52143266776659,0.16573416411042952,0.9893329367019625,0.8158431221748456,0.8158431221748456,0.13999999999999999,1.1489125293076057,1.2599999999999998,27.86912987518627,14.430869689661812,hard,0.2063314612516425,0.22489044104525407,0.24021288201328744,0.18451942517366263
0.0,0.0,35.665428312325474,0.1649389862406332,0.9818351976219745,0.8158431221748456,0.8158431221748456,0.13999999999999999,1.1489125293076057,1.2599999999999998,35.3778235622261,14.430869689661812,hard,0.20654800486959848,0.22333241377565216,0.23937247077449328,0.1870140054567234
0.0,0.0,36.65305707805426,0.16429490855373172,0.9736192012719165,0.8158431221748456,0.8158431221748456,0.13999999999999999,1.1489125293076057,1.2599999999999998,32.16473223889793,14.430869689661812,hard,0.20650411483558856,0.22159690972269275,0.2390611016681764,0.18923604960888432
0.0,0.0,46.21038332884336,0.1634120193105776,0.9674576453163678,0.8158431221748456,0.8158431221748456,0.13999999999999999,1.1489125293076057,1.2599999999999998,42.108412461169806,14.430869689661812,hard,0.20653566813331736,0.21998106446449306,0.23815149860876722,0.19109925104329653
0.0,0.0,54.42237189136209,0.16337625221188554,0.9640039913158909,0.8158431221748456,0.8158431221748456,0.13999999999999999,1.1489125293076057,1.2599999999999998,38.58196988231679,14.430869689661812,hard,0.20662631745290927,0.21926757927872825,0.23876174402752243,0.19209449288054584
0.0,0.0,29.29064857747902,0.16379482128433906,0.9653717153017635,0.8158431221748456,0.8158431221748456,0.13999999999999999,1.1489125293076057,1.2599999999999998,25.453832717294265,14.430869689661812,hard,0.20662631745290927,0.2192430366269912,0.2396956943793813,0.19284515441938652
0.0,0.0,15.29539671282337,0.16418496231668459,0.9666347381840128,0.8158431221748456,0.8158431221748456,0.13999999999999999,1.1489125293076057,1.2599999999999998,14.92355185604285,14.430869689661812,hard,0.20662631745290927,0.2193429264213402,0.24025651563836617,0.1934270677164701
0.0,0.0,16.991168231193196,0.16456634824338182,0.9666347381840128,0.8158431221748456,0.8158431221748456,0.13999999999999999,1.1489125293076057,1.2599999999999998,16.083332987910186,14.430869689661812,hard,0.20662631745290927,0.21935397727531747,0.24096109204715926,0.19402531899803271
0.0,0.0,13.576534752411952,0.16483991261292907,0.9652556125363847,0.8158431221748456,0.8158431221748456,0.13999999999999999,1.1489125293076057,1.2599999999999998,13.238368479537044,14.430869689661812,hard,0.20662631745290927,0.21911111214736098,0.241739994298916,0.1943039051484523
0.0,0.0,18.670409485414076,0.16546024015257507,0.965205199897343,0.8158431221748456,0.8158431221748456,0.13999999999999999,1.1489125293076057,1.2599999999999998,18.270369454392544,14.430869689661812,hard,0.20662631745290927,0.21940422373738994,0.24296706170860335,0.19523001172236082
0.0,0.0,23.815946850142474,0.16567893552764748,0.9615831919481871,0.8158431221748456,0.8158431221748456,0.13999999999999999,1.1489125293076057,1.2599999999999998,23.790325764898636,14.430869689661812,hard,0.20665082984627628,0.21880226795583982,0.24357929248541557,0.19576190288854994
0.0,0.0,18.252727187716523,0.16601282963456665,0.9579306276622059,0.8158431221748456,0.8158431221748456,0.13999999999999999,1.1489125293076057,1.2599999999999998,18.59140661703681,14.430869689661812,hard,0.20665082984627628,0.2184517749510276,0.2440791440550899,0.19614210788883862
0.0,0.0,26.268298033325074,0.16621307481431552,0.9501239380102456,0.8158431221748456,0.8158431221748456,0.13999999999999999,1.1489125293076057,1.2599999999999998,25.179483711942943,14.430869689661812,hard,0.20620998493275963,0.21815279112268698,0.24473418079500353,0.19690423081451802
0.0,0.0,22.071223768369048,0.16639753009015637,0.9471010443682928,0.8158431221748456,0.8158431221748456,0.13999999999999999,1.1489125293076057,1.2599999999999998,22.04326654559165,14.430869689661812,hard,0.2059775326993603,0.21817651563912951,0.24505086631250728,0.19812904379330842
0.0,0.0,24.81863025081929,0.1665949983135855,0.9441360715089299,0.8158431221748456,0.8158431221748456,0.13999999999999999,1.1489125293076057,1.2599999999999998,19.08579576543771,14.430869689661812,hard,0.20572039017063182,0.21830170532728413,0.24535327907968418,0.19929489411262444
0.0,0.0,28.115432108811632,0.1667928939727845,0.9409715692124385,0.8158431221748456,0.8158431221748456,0.13999999999999999,1.1489125293076057,1.2599999999999998,26.770311914507086,14.430869689661812,hard,0.20536947280108314,0.2183839434434707,0.24562955160458427,0.2014981532065186
0.0,0.0,32.85355938049067,0.16698777025334563,0.9379997758938036,0.8158431221748456,0.8158431221748456,0.13999999999999999,1.1489125293076057,1.2599999999999998,32.34643102414855,14.430869689661812,hard,0.20508498448331303,0.21827779959392354,0.24623863482830688,0.20356716336910405
0.0,0.0,33.145080505959626,0.16666810166717516,0.9351415231536054,0.8158431221748456,0.8158431221748456,0.13999999999999999,1.1489125293076057,1.2599999999999998,32.529150004265404,14.430869689661812,hard,0.20557472177369132,0.21830838862169583,0.24542258101698694,0.20503356080296242
0.0,0.0,27.459488359858963,0.16678527357849124,0.9348571962960424,0.8248636250920511,0.8248636250920511,0.13999999999999999,1.1504781614615724,1.2599999999999998,27.745911410512363,14.430869689661812,hard,0.20514575727801007,0.21848767688100904,0.24533570666388724,0.20619213614456153
0.0,0.0,21.525466040988466,0.1668723261518216,0.9339459659788859,0.8248636250920511,0.8248636250920511,0.13999999999999999,1.1504781614615724,1.2599999999999998,20.306649157357302,14.430869689661812,hard,0.20527277743629044,0.21855724357393796,0.24536666450450073,0.20738028759810406
0.0,0.0,43.04011185447447,0.16642204517410128,0.9339901591053335,0.8158431221748456,0.8158431221748456,0.13999999999999999,1.134195750300626,1.2599999999999998,39.86501724570052,14.430869689661812,hard,0.20540095618544266,0.21856590257711148,0.24443884387582956,0.20627361110160344
0.0,0.0,38.956625835764356,0.16648747745168807,0.9356665754783897,0.8306623862918074,0.8306623862918074,0.13999999999999999,1.135077089893017,1.2599999999999998,29.694686393360005,14.430869689661812,hard,0.20552014988105402,0.21858764414357398,0.2440454995073433,0.2075491616879246
0.0,0.0,41.04747997290036,0.16638719246666223,0.933588802546136,0.8158431221748456,0.8158431221748456,0.13999999999999999,1.153082824431966,1.2599999999999998,40.76561786604,14.430869689661812,hard,0.2056588169447036,0.21863103636328363,0.24368300549604635,0.2091863567710893
0.0,0.0,41.690388181110784,0.16642519134859782,0.9319510650283177,0.806225774829855,0.806225774829855,0.13999999999999999,1.1357816691600546,1.2599999999999998,28.62690343016513,14.430869689661812,hard,0.20574661178499803,0.21877812406727193,0.24333044176634683,0.20966412467884613
0.0,0.0,37.34765196427787,0.16564843684573488,0.9236587542721195,0.795989949685296,0.795989949685296,0.13999999999999999,1.1178550889985694,1.2599999999999998,33.84846229889919,14.430869689661812,hard,0.20521620179690686,0.21852577836912498,0.2429616408005593,0.20940440568264904
0.0,0.0,17.028392457150776,0.16574943325291652,0.9212499190930822,0.795989949685296,0.795989949685296,0.13999999999999999,1.1178550889985694,1.2599999999999998,17.085245096281177,14.430869689661812,hard,0.20510380634284606,0.21839230275584914,0.24312265103343494,0.21027985273461341
0.0,0.0,12.396071131383316,0.16576806206283282,0.9187737702294291,0.795989949685296,0.795989949685296,0.13999999999999999,1.1178550889985694,1.2599999999999998,12.285096662216379,14.430869689661812,hard,0.2049700670066357,0.218253584624225,0.24330236185007456,0.21078385506313346
0.0,0.0,19.480755415690933,0.1659789718835313,0.9171051734129537,0.795989949685296,0.795989949685296,0.13999999999999999,1.1178550889985694,1.2599999999999998,18.968015183460814,14.430869689661812,hard,0.20503416614048922,0.21834714538461225,0.2436478082635311,0.21184225627319925
0.0,0.0,29.164878987178763,0.16622295102530132,0.9150960040984696,0.795989949685296,0.795989949685296,0.13999999999999999,1.1178550889985694,1.2599999999999998,25.726282280967066,14.430869689661812,hard,0.20503416614048922,0.21852514458168062,0.24378164804685057,0.2122808419661349
0.0,0.0,10.225924366714022,0.16615760215273026,0.9125713909368476,0.795989949685296,0.795989949685296,0.13999999999999999,1.1178550889985694,1.2599999999999998,10.354226190305097,14.430869689661812,hard,0.2048936678578579,0.21827645280795707,0.24381756235742877,0.21269334327466366
0.0,0.0,49.5113776765407,0.16493391817967892,0.9065925927284724,0.795989949685296,0.795989949685296,0.13999999999999999,1.1178550889985694,1.2599999999999998,49.3415889488776,14.430869689661812,hard,0.20393298671454643,0.21638697421956657,0.24288088604852326,0.21318422229813191
0.0,0.0,23.644285609267428,0.16440185358032863,0.900843703771113,0.795989949685296,0.795989949685296,0.13999999999999999,1.1178550889985694,1.2599999999999998,23.461662345196256,14.430869689661812,hard,0.2035006645180307,0.21565539386885593,0.24258074950958294,0.21374423075587592
0.0,0.0,19.060699229929842,0.16451861689164135,0.8986429488029326,0.795989949685296,0.795989949685296,0.13999999999999999,1.1178550889985694,1.2599999999999998,18.957594784149173,14.430869689661812,hard,0.20336609764700259,0.21550501544514805,0.24274649060905987,0.21532190168765217
0.0,0.0,16.47665637973238,0.1647549255397223,0.8973288150326019,0.795989949685296,0.795989949685296,0.13999999999999999,1.1178550889985694,1.2599999999999998,16.151049501502992,14.430869689661812,hard,0.2032506937997177,0.21559336304114954,0.24303849329618074,0.21635627874746494
0.0,0.0,15.561732793908321,0.1651908503850238,0.8961807202877983,0.795989949685296,0.795989949685296,0.13999999999999999,1.1178550889985694,1.2599999999999998,14.82430436816514,14.430869689661812,hard,0.20318460967926044,0.21609144409332945,0.24344576122632638,0.2173910351361789
0.0,0.0,31.457336281263068,0.16581798882556223,0.8951219339540057,0.8062257748298549,0.8062257748298549,0.13999999999999999,1.1525623627379127,1.2599999999999998,27.008620845944726,14.430869689661812,hard,0.20202696878630433,0.21671909922190963,0.24373453100646408,0.21879674208428673
0.0,0.0,21.7911572862253,0.1662737074306112,0.894279807355003,0.8062257748298549,0.8062257748298549,0.13999999999999999,1.1525623627379127,1.2599999999999998,16.563381297307625,14.430869689661812,hard,0.20195290081498854,0.21719871745969208,0.24407385060579584,0.2199196539597629
0.0,0.0,18.535184534172693,0.16656429770474002,0.8929499756446875,0.8062257748298549,0.8062257748298549,0.13999999999999999,1.1525623627379127,1.2599999999999998,17.79605574277626,14.430869689661812,hard,0.20191546297389099,0.21732389692537532,0.24453241976293605,0.22070453777260157
0.0,0.0,23.497309395272282,0.16662316451933723,0.8920932953091901,0.8062257748298549,0.8062257748298549,0.13999999999999999,1.1525623627379127,1.2599999999999998,18.732816125719058,14.430869689661812,hard,0.2019074915882733,0.2173646300379207,0.24472421770023883,0.22125007421349874
0.0,0.0,12.933406711680927,0.1667323432834911,0.8917450883408351,0.7959899496852959,0.7959899496852959,0.13999999999999999,1.2026637102698325,1.2599999999999998,12.674778104566565,14.430869689661812,hard,0.2019074915882733,0.21738961579612986,0.24513333958715086,0.2216021837049406
0.0,0.0,9.38913105649695,0.16676846371922813,0.8912218095246365,0.7959899496852959,0.7959899496852959,0.13999999999999999,1.2026637102698325,1.2599999999999998,9.52252067469533,14.430869689661812,hard,0.20190009544206808,0.2174209712578787,0.24533262994856878,0.22174612509668915
0.0,0.0,35.168216117130044,0.1669057885784552,0.8918922945200675,0.7959899496852959,0.7959899496852959,0.13999999999999999,1.2026637102698325,1.2599999999999998,34.77625051669602,14.430869689661812,hard,0.2017471578291841,0.21769024512206464,0.24492733888491441,0.2217897352870874
0.0,0.0,35.36393024099611,0.1667547777947668,0.8879186946835136,0.82365041127896,0.82365041127896,0.13999999999999999,1.2,1.2599999999999998,31.364470344643156,14.430869689661812,hard,0.2015525358202134,0.21812436417912065,0.24504626043331248,0.22125250231329063
0.0,0.0,40.02335432561719,0.16695885093438048,0.8874244464253801,0.8345058418010027,0.8345058418010027,0.13999999999999999,1.2310970717209915,1.2599999999999998,34.02916984000638,14.430869689661812,hard,0.2010721792437851,0.2185167596920462,0.24503790409529497,0.22120801418822378
0.0,0.0,40.035511210011485,0.16728885134188642,0.8852136517914942,0.8581375181169975,0.8581375181169975,0.19595917942265426,1.258729518204765,1.2599999999999998,37.42910097771519,14.430869689661812,hard,0.19958824412499876,0.21888335750347931,0.2450408578299809,0.22023953082694953
0.0,0.0,43.4178398979605,0.16752490304503903,0.8783495618345443,0.893532316147547,0.893532316147547,0.19595917942265426,1.2812493902437574,1.2599999999999998,36.13831208011797,14.430869689661812,hard,0.19884461329850897,0.21952757202194909,0.24529895847104408,0.21860187251411992
0.0,0.0,32.06759410470978,0.16780030172089405,0.8749978628314945,0.8811356308764275,0.8811356308764275,0.19595917942265426,1.293213052826177,1.2599999999999998,26.20369439601981,14.430869689661812,hard,0.1985545906904708,0.21987152110211064,0.24606899824715037,0.21821463723671589
0.0,0.0,19.316873488026967,0.16762025425333607,0.8731078003004221,0.8811356308764275,0.8811356308764275,0.19595917942265426,1.293213052826177,1.2599999999999998,17.916964028540104,14.430869689661812,hard,0.19854953620616766,0.2200116517871107,0.24585707695205458,0.2180510474723977
0.0,0.0,49.15510951702441,0.16598295928762336,0.8594531665491406,0.86,0.86,0.19595917942265426,1.2536347155371854,1.2599999999999998,44.28854931017723,14.430869689661812,hard,0.19853951264199546,0.22004152064512403,0.24309332992875396,0.2151977451155036
0.0,0.0,27.197810040630234,0.16548393338965545,0.8544708817835482,0.86,0.86,0.19595917942265426,1.2536347155371854,1.2599999999999998,25.837871429357335,14.430869689661812,hard,0.19865941516395993,0.22020189883124622,0.24147022892395179,0.21480401089261292
0.0,0.0,30.40870826135704,0.16493043799440138,0.8496657748729016,0.86,0.86,0.19595917942265426,1.2536347155371854,1.2599999999999998,30.61766810193095,14.430869689661812,hard,0.1989105957566931,0.22019261362702755,0.2398596979993307,0.2144852047412753
0.0,0.0,29.892950287359557,0.16457785680056716,0.8451089137188306,0.86,0.86,0.19595917942265426,1.2536347155371854,1.2599999999999998,29.122252660122296,14.430869689661812,hard,0.19911053327533493,0.22016784987770352,0.23865088454002814,0.21372138198121762
0.0,0.0,32.06684843566288,0.1641897715674078,0.8400348432044928,0.86,0.86,0.19595917942265426,1.2536347155371854,1.2599999999999998,28.32112992096184,14.430869689661812,hard,0.1993750613797184,0.2200320777157003,0.23800022201693535,0.2135975267828428
0.0,0.0,33.25210069785537,0.16419266607231195,0.8362791480398066,0.86,0.86,0.19595917942265426,1.2536347155371854,1.2599999999999998,28.39707027142061,14.430869689661812,hard,0.19960276561881374,0.2200482065316512,0.2375450908295722,0.21395181654171352
0.0,0.0,27.724167014410515,0.16407634278744468,0.8330398141591439,0.86,0.86,0.19595917942265426,1.2536347155371854,1.2599999999999998,21.52606791775962,14.430869689661812,hard,0.19970044177599786,0.22000932492434105,0.23717515734010744,0.21425534657240744
0.0,0.0,27.54455879684254,0.1639371375351635,0.8300426011978317,0.86,0.86,0.19595917942265426,1.2536347155371854,1.2599999999999998,27.47674653229527,14.430869689661812,hard,0.19966446185040174,0.21992665288669974,0.23636577849065843,0.2145908191323332
0.0,0.0,27.299802029404024,0.1638972485938044,0.8269787698335758,0.86,0.86,0.19595917942265426,1.2536347155371854,1.2599999999999998,27.077821182657956,14.430869689661812,hard,0.19961670117126507,0.2201187038397022,0.2359150705551965,0.21494807608532362
0.0,0.0,31.694991735096888,0.16392581590755712,0.8243250660199671,0.86,0.86,0.19595917942265426,1.2536347155371854,1.2599999999999998,22.77515312791552,14.430869689661812,hard,0.1995849394611368,0.22031981094698883,0.23563513445396922,0.21528798780538722
0.0,0.0,23.925737069948102,0.16405103580076605,0.8223941680368276,0.86,0.86,0.19595917942265426,1.2536347155371854,1.2599999999999998,17.095508181975756,14.430869689661812,hard,0.19956642446255965,0.22056917120833303,0.23552790627582398,0.21561251574211507
0.0,0.0,20.302711065110305,0.16382731010224477,0.8192628721712972,0.86,0.86,0.19595917942265426,1.2536347155371854,1.2599999999999998,19.78075832722295,14.430869689661812,hard,0.19955655923355942,0.22075321642878604,0.2353717072295254,0.21567932167890072
0.0,0.0,20.912551639166516,0.16370022727485142,0.8168239575100401,0.86,0.86,0.19595917942265426,1.2536347155371854,1.2599999999999998,20.917370771681608,14.430869689661812,hard,0.19952212269072864,0.2209222577860747,0.23533170848365062,0.21591084097156224
0.0,0.0,26.12815519528256,0.16358978961658624,0.8151569641541213,0.86,0.86,0.19595917942265426,1.2536347155371854,1.2599999999999998,25.76093166017099,14.430869689661812,hard,0.1995210221353225,0.22122587962196932,0.23519975513397468,0.21611771101281058
0.0,0.0,33.05533465717479,0.16362442447002196,0.814772610419682,0.86,0.86,0.19595917942265426,1.2536347155371854,1.2599999999999998,27.26410827443289,14.430869689661812,hard,0.19948917814004832,0.2214248546639678,0.23516128306659653,0.21643324823548019
0.0,0.0,33.55961574126851,0.16408304456259756,0.8135913707348096,0.86,0.86,0.19595917942265426,1.2913558765886342,1.2599999999999998,32.388423857915654,14.430869689661812,hard,0.19987731374540418,0.22158173546712606,0.23529681661787774,0.21651159098015182
0.0,0.0,23.11189676096107,0.16404395523835416,0.8135931539933632,0.86,0.86,0.19595917942265426,1.2913558765886342,1.2599999999999998,21.979080963497996,14.430869689661812,hard,0.1999100533341552,0.22165839878031313,0.23552565680207854,0.2171968745852415
0.0,0.0,34.59575779693715,0.16427007420575973,0.8142233227382069,0.86,0.86,0.19595917942265426,1.2913558765886342,1.2599999999999998,34.7017060099356,14.430869689661812,hard,0.19991188379317398,0.221916173522153,0.2365156037887151,0.21816198947277182
0.0,0.0,40.957090535356045,0.16414709963224383,0.8137603625607064,0.86,0.86,0.19595917942265426,1.2913558765886342,1.2599999999999998,37.48696306717843,14.430869689661812,hard,0.19991188379317398,0.22205721102477524,0.2369638578296724,0.2190259101013437
0.0,0.0,31.231958797706735,0.1640922817283683,0.8137959755163221,0.86,0.86,0.19595917942265426,1.2913558765886342,1.2599999999999998,25.555868210647827,14.430869689661812,hard,0.19991188379317398,0.22218470528879275,0.2372859904031076,0.2199769599785475
0.0,0.0,25.834272994304456,0.16427809734091475,0.8131263243703668,0.848528137423857,0.848528137423857,0.19595917942265426,1.3016912076218383,1.2599999999999998,25.113343066983337,14.430869689661812,hard,0.19996141740708392,0.22237135628533244,0.23776362132140805,0.22185262374187148
0.0,0.0,34.91785128348568,0.1645316292493164,0.8093538634502907,0.848528137423857,0.848528137423857,0.19595917942265426,1.3059862173851606,1.2599999999999998,33.16099515997673,14.430869689661812,hard,0.19996141740708392,0.2218895863318989,0.2383970418368382,0.22372824361563937
0.0,0.0,31.22247694971886,0.1649474027891187,0.8104175657700847,0.848528137423857,0.848528137423857,0.19595917942265426,1.3059862173851606,1.2599999999999998,24.513963367844045,14.430869689661812,hard,0.19996141740708392,0.22197006138188394,0.23874707470931722,0.22520308688519142
0.0,0.0,27.261669868962688,0.16537205572777858,0.8118726419895801,0.8364209466530593,0.8364209466530593,0.19595917942265426,1.3152946437965907,1.2599999999999998,26.446633056024353,14.430869689661812,hard,0.20003188492360258,0.22216728006398237,0.23955418183706323,0.2270628745671301
0.0,0.0,37.271708867524495,0.16549566960594822,0.8132701582951776,0.8364209466530593,0.8364209466530593,0.19595917942265426,1.3152946437965907,1.2599999999999998,30.600549014682727,14.430869689661812,hard,0.20003188492360258,0.22217136413668984,0.2402656604825951,0.22887303116846486
0.0,0.0,39.44937173493513,0.16541373790603692,0.8060847619543514,0.86,0.86,0.19595917942265426,1.302459212413195,1.2599999999999998,34.474228055171885,14.430869689661812,hard,0.20003188492360258,0.22202556052385594,0.24118799476291924,0.22883612250248567
0.0,0.0,31.788919630349067,0.16525583492587942,0.8030976659184684,0.86,0.86,0.19595917942265426,1.302459212413195,1.2599999999999998,28.280622341101335,14.430869689661812,hard,0.20003188492360258,0.22220503561688168,0.24153836865708264,0.2296143553529213
0.0,0.0,13.61909199708463,0.16534328804889803,0.8006324059940022,0.86,0.86,0.19595917942265426,1.302459212413195,1.2599999999999998,13.731773374185872,14.430869689661812,hard,0.20003188492360258,0.2223369475008645,0.24203639038492378,0.230009012196909
0.0,0.0,18.036768835365795,0.16556461297755412,0.7986067434789091,0.86,0.86,0.19595917942265426,1.302459212413195,1.2599999999999998,17.60032954236937,14.430869689661812,hard,0.20009960564754192,0.22260642815102763,0.2421186081360917,0.23059605521981813
0.0,0.0,30.187574776385254,0.16594410135815846,0.7960478195051329,0.86,0.86,0.19595917942265426,1.302459212413195,1.2599999999999998,23.618983890082998,14.430869689661812,hard,0.200092807044927,0.22261550648133813,0.24268301196067377,0.23166471036185315
0.0,0.0,18.122860103885337,0.16627131851757465,0.7932914825612026,0.86,0.86,0.19595917942265426,1.302459212413195,1.2599999999999998,17.748870386590806,14.430869689661812,hard,0.200092807044927,0.22249656912237667,0.24340284412031682,0.23184308003884888
0.0,0.0,19.44780330487641,0.16663509453640707,0.7899906101010343,0.86,0.86,0.19595917942265426,1.302459212413195,1.2599999999999998,19.430532674118844,14.430869689661812,hard,0.2000730640714671,0.22263660411520314,0.24424126888173406,0.23210481676066458
0.0,0.0,33.88758570967073,0.16718352741213338,0.7874626177086131,0.86,0.86,0.19595917942265426,1.302459212413195,1.2599999999999998,32.94080144744508,14.430869689661812,hard,0.19996751407416122,0.22333304471652443,0.24508643496433297,0.23263245324295811
0.0,0.0,23.656514251343843,0.1671344659441898,0.7837819219497205,0.86,0.86,0.19595917942265426,1.302459212413195,1.2599999999999998,23.091340368198637,14.430869689661812,hard,0.19996525230732565,0.22331289682499056,0.24472899107128862,0.2332657530416695
0.0,0.0,27.59603100901056,0.16775764289740752,0.7815100601555613,0.86,0.86,0.19595917942265426,1.302459212413195,1.2599999999999998,27.131118664736256,14.430869689661812,hard,0.19994239250774823,0.2241702466268042,0.24580180370046872,0.2339263442404418
0.0,0.0,26.619737976609088,0.1685263171231925,0.7802612621604113,0.86,0.86,0.19595917942265426,1.302459212413195,1.2599999999999998,26.42725865465429,14.430869689661812,hard,0.19994740872097114,0.22449244818524242,0.24708912690867765,0.23510396571640949
0.0,0.0,31.90814029455038,0.16888494474763627,0.7752899034057619,0.86,0.86,0.19595917942265426,1.302459212413195,1.2599999999999998,32.00552452311944,14.430869689661812,hard,0.1999738097939391,0.2240689578590847,0.2477744858054635,0.2361125352298794
0.0,0.0,28.072188683622876,0.1691170174741696,0.7711665639951671,0.86,0.86,0.19595917942265426,1.302459212413195,1.2599999999999998,25.73576499737282,14.430869689661812,hard,0.20008537520919129,0.22412932716234585,0.24787188578739014,0.23703801248914436
0.0,0.0,18.273162155690155,0.16934009030907085,0.7676448125379415,0.86,0.86,0.19595917942265426,1.302459212413195,1.2599999999999998,18.268486527350866,14.430869689661812,hard,0.20008537520919129,0.22424555652734496,0.24805777984254568,0.23818878410965033
0.0,0.0,14.596409137140393,0.16939409745064832,0.7641081832378823,0.86,0.86,0.19595917942265426,1.302459212413195,1.2599999999999998,14.250614021858844,14.430869689661812,hard,0.20009537072301914,0.22428547616844136,0.24840559359078443,0.2386400794549591
0.0,0.0,37.74430314503555,0.16941829682112083,0.7606070745564509,0.86,0.86,0.19595917942265426,1.302459212413195,1.2599999999999998,29.72221391484827,14.430869689661812,hard,0.20020343764334744,0.22397488127685555,0.24804920729527744,0.2400613039197093
0.0,0.0,26.677481393938134,0.16957880386394275,0.7581027013091096,0.86,0.86,0.19595917942265426,1.302459212413195,1.2599999999999998,26.73470403801022,14.430869689661812,hard,0.2005523095317213,0.22425826936317714,0.2481567185742802,0.24059758080308033
0.0,0.0,19.500458862029777,0.16977511142496185,0.7561115776457665,0.86,0.86,0.19595917942265426,1.302459212413195,1.2599999999999998,19.35046252677181,14.430869689661812,hard,0.20064649037248147,0.2244242373279903,0.24840591896631195,0.2411215640864305
0.0,0.0,29.7665070679251,0.1700539572803755,0.7540062544754805,0.848528137423857,0.848528137423857,0.19595917942265426,1.3114877048604001,1.2599999999999998,28.941465063123534,14.430869689661812,hard,0.20065897876660507,0.2248800515351262,0.24829761768300454,0.24134237583019258
0.0,0.0,33.58152117789646,0.17001576093657658,0.7525270017218519,0.848528137423857,0.848528137423857,0.19595917942265426,1.3114877048604001,1.2599999999999998,25.744910176576653,14.430869689661812,hard,0.20066319804123575,0.22480397239271208,0.24821983357902133,0.24126016418908822
0.0,0.0,18.70247701617738,0.1699671778229711,0.7513201768857929,0.848528137423857,0.848528137423857,0.19595917942265426,1.3114877048604001,1.2599999999999998,17.580773589350382,14.430869689661812,hard,0.20066744555120242,0.22495100956450562,0.24797491707585273,0.24122580876013655
0.0,0.0,36.06436865428463,0.17018726161296036,0.7511724006507038,0.8599999999999999,0.8599999999999999,0.19595917942265426,1.3340164916521835,1.2599999999999998,33.06115545470243,14.430869689661812,hard,0.19972186612075288,0.22475560796471275,0.24784153106307188,0.2404669775865471
0.0,0.0,19.66003597263789,0.17043002834387364,0.7507436678061175,0.8599999999999999,0.8599999999999999,0.19595917942265426,1.3340164916521835,1.2599999999999998,18.8194048790072,14.430869689661812,hard,0.19979563709426346,0.2249377608092113,0.24768865405890092,0.2404050355085697
0.0,0.0,11.056629842128407,0.17047061671626682,0.7506868823928879,0.8708616422830897,0.8708616422830897,0.19595917942265426,1.3558761005342634,1.2599999999999998,10.833208204405564,14.430869689661812,hard,0.1998661363457969,0.22492254399241862,0.24754796363332268,0.24058820307438356
0.0,0.0,36.43336640083394,0.1702156412914249,0.7510084583780071,0.8717797887081347,0.8717797887081347,0.19595917942265426,1.3242356285797479,1.2599999999999998,26.9294188574503,14.430869689661812,hard,0.2000044634924647,0.22490926099654313,0.2473509791251079,0.2398121667250279
0.0,0.0,42.50570579524271,0.16975849503858417,0.7426786104355767,0.8811356308764277,0.8811356308764277,0.19595917942265426,1.280781011726829,1.2599999999999998,35.225081972935136,14.430869689661812,hard,0.20012776255002304,0.22471562202251774,0.2470277864834866,0.23792519109788623
0.0,0.0,26.992195286261293,0.1695059126239639,0.7426423246514731,0.8811356308764277,0.8811356308764277,0.19595917942265426,1.280781011726829,1.2599999999999998,26.09573911580203,14.430869689661812,hard,0.20029060501571608,0.2247382363962909,0.2468893020621362,0.23705337913736169
0.0,0.0,31.78006198539083,0.16928737598132376,0.7430817461034371,0.8811356308764277,0.8811356308764277,0.19595917942265426,1.280781011726829,1.2599999999999998,30.041577854699977,14.430869689661812,hard,0.20058975461148257,0.22460777840472249,0.24669224681590857,0.23699907691649386
0.0,0.0,18.696884982328914,0.16933365701013134,0.7427079697812019,0.8811356308764277,0.8811356308764277,0.19595917942265426,1.280781011726829,1.2599999999999998,18.862672133078068,14.430869689661812,hard,0.2008039278576504,0.22471899919265567,0.24685891954494046,0.23709180337610541
0.0,0.0,18.549780175070605,0.1695113641040544,0.7427079697812019,0.8811356308764277,0.8811356308764277,0.19595917942265426,1.280781011726829,1.2599999999999998,15.090937677957589,14.430869689661812,hard,0.2008039278576504,0.22491349952647413,0.2471850361233099,0.2375185578013732
0.0,0.0,20.67680645585989,0.16961704818998008,0.7427079697812019,0.8811356308764277,0.8811356308764277,0.19595917942265426,1.280781011726829,1.2599999999999998,20.154959687382163,14.430869689661812,hard,0.2008039278576504,0.2250501355568404,0.24742703029833452,0.23816467798370933
0.0,0.0,15.398116488541365,0.16983091369070383,0.7421375041028498,0.8811356308764277,0.8811356308764277,0.19595917942265426,1.280781011726829,1.2599999999999998,15.547295584763287,14.430869689661812,hard,0.20086702461022785,0.22523016091360776,0.24769426220119983,0.23869842017628592
0.0,0.0,21.308791625946117,0.17038140434233046,0.7421375041028498,0.8811356308764277,0.8811356308764277,0.19595917942265426,1.280781011726829,1.2599999999999998,20.737367238875816,14.430869689661812,hard,0.20086702461022785,0.22596020101112088,0.24833461535502624,0.2395044251267839
0.0,0.0,18.40703628698745,0.17086353279902913,0.7421375041028498,0.8811356308764277,0.8811356308764277,0.19595917942265426,1.280781011726829,1.2599999999999998,17.610235659979114,14.430869689661812,hard,0.20086702461022785,0.22638141817306065,0.249066046105358,0.2402427345844537
0.0,0.0,22.909286131915533,0.1715442344567078,0.7419152405661434,0.8811356308764277,0.8811356308764277,0.19595917942265426,1.280781011726829,1.2599999999999998,22.30501288948294,14.430869689661812,hard,0.20086702461022785,0.22692705129656449,0.2501106575422777,0.24147762607650666
0.0,0.0,15.424226421375524,0.1720112988725101,0.7419152405661434,0.8811356308764277,0.8811356308764277,0.19595917942265426,1.280781011726829,1.2599999999999998,14.965573827955945,14.430869689661812,hard,0.20086702461022785,0.22740180658994827,0.25076332711660254,0.2418102884630497
0.0,0.0,11.300435820078913,0.17229794594684367,0.7420015037414053,0.8811356308764277,0.8811356308764277,0.19595917942265426,1.280781011726829,1.2599999999999998,11.016805344563366,14.430869689661812,hard,0.2008974708547054,0.22746525329217057,0.25089869475635074,0.24223694643429383
0.0,0.0,18.01409322008868,0.17250700541976016,0.7424288299016744,0.8811356308764277,0.8811356308764277,0.19595917942265426,1.280781011726829,1.2649110640673518,15.48811156984608,14.430869689661812,hard,0.20094361007629816,0.22790071020415412,0.2507355061238446,0.24281045634556853
0.0,0.0,13.00759433932751,0.17248018058384057,0.7433329022963711,0.8811356308764277,0.8811356308764277,0.19595917942265426,1.280781011726829,1.5,12.277214667830808,14.430869689661812,hard,0.20104022807328428,0.22807310741426973,0.2505157936057333,0.24315468316604988
0.0,0.0,22.93367162809836,0.1729117253901259,0.7433329022963711,0.8811356308764277,0.8811356308764277,0.19595917942265426,1.280781011726829,1.5,22.283051855614392,14.430869689661812,hard,0.20104022807328428,0.228308200245462,0.2515623935913526,0.244174614656676
0.0,0.0,17.009928856772607,0.17326229922214326,0.7433329022963711,0.8811356308764277,0.8811356308764277,0.19595917942265426,1.280781011726829,1.5,16.286730795343797,14.430869689661812,hard,0.20104022807328428,0.22836253601163264,0.2522544805422228,0.24524676717678634
0.0,0.0,14.41967449653823,0.17373793545043464,0.7433329022963711,0.8908422980528036,0.8908422980528036,0.19595917942265426,1.3016912076218385,1.5,13.98097278446675,14.430869689661812,hard,0.20104022807328428,0.22848435025583452,0.25284953321355585,0.24590135553452364
0.0,0.0,28.207447810097893,0.17399837001883575,0.7441856968388408,0.8774964387392122,0.8774964387392122,0.19595917942265426,1.3370115930686615,1.5,22.92883773766128,14.430869689661812,hard,0.20117524765505654,0.22838846472283872,0.2530254169548564,0.24673151446225544
0.0,0.0,27.91637806823369,0.17416898074546133,0.744933858200847,0.8634813257969162,0.8634813257969162,0.19595917942265426,1.3711309200802089,1.5,27.057161713675736,14.430869689661812,hard,0.20118558054476718,0.22822022086361204,0.2535926593168862,0.24717435969312562
0.0,0.0,16.495241611036583,0.17434941499596263,0.7445847400301607,0.8634813257969162,0.8634813257969162,0.19595917942265426,1.3711309200802089,1.5,15.878601953572613,14.430869689661812,hard,0.20118558054476718,0.22817590257065748,0.25390961596099354,0.24796803565393014
0.0,0.0,32.561128543137094,0.17446431955651398,0.7445847400301607,0.8544003745317532,0.8544003745317532,0.19595917942265426,1.3753544997563356,1.5,32.48999846106491,14.430869689661812,hard,0.20118558054476718,0.2271480364411063,0.2543602233831798,0.24892759673166304
0.0,0.0,16.04552618648439,0.17457969145041918,0.7445847400301607,0.8544003745317532,0.8544003745317532,0.19595917942265426,1.3753544997563356,1.5,14.51862252419285,14.430869689661812,hard,0.20118558054476718,0.2270946720509356,0.25459880725590567,0.24932296555478314
0.0,0.0,45.53159424871576,0.1750130201188048,0.7437768106638157,0.8447484832777151,0.8447484832777151,0.19595917942265426,1.3422369388450013,1.2599999999999998,44.22759319700768,14.430869689661812,hard,0.19987022063680046,0.2275084918230893,0.25423438227031125,0.2475096787543141
0.0,0.0,33.46756608885462,0.17583863193353846,0.7437768106638157,0.8581375181169975,0.8581375181169975,0.19595917942265426,1.3601470508735443,1.2599999999999998,30.044873106738194,14.430869689661812,hard,0.19876465508740276,0.2277979779471938,0.2539124718509782,0.24778585990617216
0.0,0.0,27.93530915514203,0.17616100966900142,0.7397923844449801,0.8681013765684283,0.8681013765684283,0.19595917942265426,1.3481839637082174,1.2599999999999998,25.732664067290038,14.430869689661812,hard,0.19835137823930377,0.22802680115559998,0.2536444497294504,0.24745437702772366
0.0,0.0,32.94249858187889,0.17614360506851892,0.7344126143587332,0.8544003745317531,0.8544003745317531,0.19595917942265426,1.3207573584879246,1.2599999999999998,30.00333981409403,14.430869689661812,hard,0.19801905324426777,0.2282502977258936,0.253451287261824,0.24574041188690807
0.0,0.0,27.100880719609357,0.17598908886397926,0.730554964414134,0.8544003745317531,0.8544003745317531,0.19595917942265426,1.3207573584879246,1.2599999999999998,26.889284110961377,14.430869689661812,hard,0.19771049963828835,0.2284165823585421,0.25309713094832675,0.2446967910255083
0.0,0.0,28.049466289090045,0.1763820668060736,0.7273753900226784,0.8544003745317531,0.8544003745317531,0.19595917942265426,1.3207573584879246,1.2599999999999998,27.98425271469653,14.430869689661812,hard,0.197502826398792,0.2291504690480037,0.25269236987600985,0.24468627870307574
0.0,0.0,30.971747048965003,0.17713749473489898,0.7273753900226784,0.8544003745317531,0.8544003745317531,0.19595917942265426,1.3207573584879246,1.2599999999999998,28.267217761923437,14.430869689661812,hard,0.19748687929201192,0.2295063887486616,0.2530965887769338,0.24497244968169282
0.0,0.0,29.399128371936992,0.1776509522678298,0.7241513448798769,0.8544003745317531,0.8544003745317531,0.19595917942265426,1.3207573584879246,1.2599999999999998,28.89152817003628,14.430869689661812,hard,0.19726740320715055,0.22959585208673478,0.2531453400455017,0.24553624078390215
0.0,0.0,26.674107403356402,0.1783477241374015,0.7241513448798769,0.8544003745317531,0.8544003745317531,0.19595917942265426,1.3207573584879246,1.2599999999999998,26.78339784269352,14.430869689661812,hard,0.19732589474391185,0.23018848458231422,0.2534609609582851,0.24653644637266048
0.0,0.0,22.12373820957807,0.17886067658729715,0.724949270836674,0.8544003745317531,0.8544003745317531,0.19595917942265426,1.3207573584879246,1.2599999999999998,21.65848563496534,14.430869689661812,hard,0.19707476145748154,0.23035679766741118,0.2537516068581713,0.24658734766357576
0.0,0.0,23.79249599642011,0.17931106333249813,0.7250179351387842,0.8544003745317531,0.8544003745317531,0.19595917942265426,1.3207573584879246,1.2599999999999998,23.07323991120449,14.430869689661812,hard,0.1968919108334531,0.23048864410037342,0.25420087533551156,0.2466078274137707
0.0,0.0,15.376478177969878,0.17969993087917197,0.7250179351387842,0.8544003745317531,0.8544003745317531,0.19595917942265426,1.3207573584879246,1.2599999999999998,15.449647245163884,14.430869689661812,hard,0.1970804701820191,0.2307056995875503,0.2545735691791301,0.2466057956930602
0.0,0.0,12.904434074323337,0.1797398517056974,0.7250179351387842,0.8544003745317531,0.8544003745317531,0.19595917942265426,1.3207573584879246,1.2599999999999998,12.013675540815974,14.430869689661812,hard,0.19683327627063604,0.23062904786635421,0.25455776989998724,0.24642569372528358
0.0,0.0,14.558911082342354,0.17985095207352725,0.7250179351387842,0.8544003745317531,0.8544003745317531,0.19595917942265426,1.3207573584879246,1.2599999999999998,15.036967779442769,14.430869689661812,hard,0.19662160336141074,0.23053139434907663,0.2552115554227902,0.24664589936528694
0.0,0.0,15.167878407175913,0.18005038515369062,0.7250179351387842,0.8681013765684283,0.8681013765684283,0.19595917942265426,1.3380582946942186,1.2599999999999998,15.256592017878697,14.430869689661812,hard,0.19600283518508058,0.23050105546558558,0.2555407734412537,0.24693970948970428
0.0,0.0,12.251957940174695,0.18033745339352933,0.7250179351387842,0.8681013765684283,0.8681013765684283,0.19595917942265426,1.3380582946942186,1.2599999999999998,10.759944237773725,14.430869689661812,hard,0.19593319957935282,0.23049872575955074,0.2558845566499109,0.24706329416999329
0.0,0.0,16.41704462749043,0.18076444580738407,0.7239415841965062,0.8681013765684283,0.8681013765684283,0.19595917942265426,1.3380582946942186,1.2599999999999998,16.002362325606807,14.430869689661812,hard,0.19593319957935282,0.23050069692515684,0.25642375960122965,0.24729007223296817
0.0,0.0,17.914641654499487,0.18106831562997114,0.7239415841965062,0.8681013765684283,0.8681013765684283,0.19595917942265426,1.3380582946942186,1.2599999999999998,17.647674067706486,14.430869689661812,hard,0.19593319957935282,0.23069633483402233,0.25721487583329183,0.24758536185727553
0.0,0.0,19.277127626875487,0.18130319743678475,0.7239415841965062,0.8774964387392122,0.8774964387392122,0.19595917942265426,1.3840520221436765,1.2599999999999998,18.46947752374171,14.430869689661812,hard,0.19597530520049644,0.2310246843796117,0.2577968461194978,0.2478348915045568
0.0,0.0,18.23939809512877,0.18156959778692758,0.7239415841965062,0.8774964387392122,0.8774964387392122,0.19595917942265426,1.3840520221436765,1.2599999999999998,17.758659859347496,14.430869689661812,hard,0.19615929210122335,0.23150621624556497,0.25833631166693144,0.24807951918173246
0.0,0.0,14.133009126786954,0.18186606616664705,0.7239415841965062,0.8908422980528037,0.8908422980528037,0.19595917942265426,1.4,1.2599999999999998,13.946598151520678,14.430869689661812,hard,0.1962193292140107,0.23172925457781138,0.25897183344004365,0.2483013326386131
0.0,0.0,13.984864962750287,0.18222598311397098,0.7239415841965062,0.9156418513807677,0.9156418513807677,0.19595917942265426,1.4022838514366485,1.2599999999999998,12.623787070447602,14.430869689661812,hard,0.19596297977002758,0.23205128248001658,0.25940911278419765,0.24857807316351463
0.0,0.0,27.282194273880677,0.18269877274885712,0.7239415841965062,0.9156418513807677,0.9156418513807677,0.19595917942265426,1.4022838514366485,1.2599999999999998,26.419000738105137,14.430869689661812,hard,0.19622595314149816,0.23253519615459511,0.26039280896224754,0.2491546045242793
0.0,0.0,23.62458244343261,0.18303224696131612,0.724918082174303,0.9797958971132712,0.9797958971132712,0.19595917942265426,1.4593149077563758,1.2599999999999998,23.380128314446864,14.430869689661812,hard,0.1959565049256121,0.23298179919862164,0.26119800561122614,0.2495746783386389
0.0,0.0,31.55031717489808,0.18376526856671038,0.724918082174303,0.9897474425326898,0.9897474425326898,0.19595917942265426,1.445683229480096,1.2599999999999998,21.6261045960663,14.430869689661812,hard,0.19598127282455732,0.23336912395591905,0.26187370408272265,0.2499517151657322
0.0,0.0,29.48508603712814,0.1841708862030847,0.724918082174303,1.0097524449091468,1.0097524449091468,0.19595917942265426,1.4451297519600101,1.2599999999999998,26.292021603520713,14.430869689661812,hard,0.19579637462067054,0.23389118294570013,0.2625373856711639,0.24969693889749464
0.0,0.0,17.409905200828636,0.18460862640086093,0.7304237224858817,1.0392304845413265,1.0392304845413265,0.23748684174075835,1.4718695594379279,1.2599999999999998,16.63605722519612,14.430869689661812,hard,0.1957362558096119,0.2344193399385057,0.2630277881674983,0.25011285280607726
0.0,0.0,28.931356592156042,0.1855266344880566,0.7287696313648877,1.0486181383134663,1.0486181383134663,0.23748684174075835,1.4572576985557495,1.2599999999999998,27.292460497360803,14.430869689661812,hard,0.19565084046790063,0.2349268716802816,0.263289103980967,0.2518969103236767
0.0,0.0,36.176338726501825,0.1856974181546502,0.7287696313648877,1.0384603988597734,1.0384603988597734,0.23748684174075835,1.42828568570857,1.2599999999999998,32.78460614373764,14.430869689661812,hard,0.19579120868005717,0.2352171048026586,0.2629294953589042,0.25148419294602986
0.0,0.0,62.11744756805282,0.18574030701204386,0.7287696313648877,1.0384603988597734,1.0384603988597734,0.23748684174075835,1.42828568570857,1.2599999999999998,26.160275227909967,14.430869689661812,hard,0.1959547676763198,0.23527082748582298,0.2628185523972766,0.25115793443299606
