step,timestamp,reward,coverage,cov_trace,altitude,alt_idx,loop_closures,altitude_changes,frontier_count,new_cells,map_seed,difficulty,cov_alt0,cov_alt1,cov_alt2,cov_alt3
0.0,0.0,38.45962118416914,0.00904499168455902,0.031241145454750166,0.0,0.0,0.0,0.0,0.0,38.169521872824134,14.430869689661812,hard,0.02676904500814965,0.0149702227649134,0.0,0.0
0.0,0.0,33.577348338976265,0.00903263975687834,0.04788701863950626,0.0,0.0,0.0,0.0,0.0,33.62287316693801,14.430869689661812,hard,0.029521592845854667,0.013551465974239134,0.0,0.0
0.0,0.0,29.122482398583305,0.009752884529674904,0.06197406940506177,0.0,0.0,0.0,0.0,0.0,28.865488043682888,14.430869689661812,hard,0.030626851744635062,0.016268348282677886,0.0,0.0
0.0,0.0,21.72826577468198,0.010627570277370407,0.08091114533722123,0.0,0.0,0.0,0.0,0.0,21.91657820007494,14.430869689661812,hard,0.032525031011743116,0.017799989637674467,0.0,0.0
0.0,0.0,28.135378304910798,0.010858074521059838,0.08388735839475955,0.0,0.0,0.0,0.0,0.0,27.6933204942997,14.430869689661812,hard,0.03387432642754067,0.018043915771385317,0.0,0.0
0.0,0.0,30.426500167107044,0.012042595230472599,0.09897476655184399,0.0,0.0,0.0,0.0,0.0,30.34719756419034,14.430869689661812,hard,0.03595576110925945,0.020779062898762943,0.0,0.0
0.0,0.0,26.18594857279519,0.012804835997231938,0.10810945560418815,0.0,0.0,0.0,0.0,0.0,26.12587988948889,14.430869689661812,hard,0.037666333768619824,0.02207683660552591,0.0,0.0
0.0,0.0,25.763861038279597,0.012895042681970472,0.11176820061093665,0.0,0.0,0.0,0.0,0.0,25.934255339222677,14.430869689661812,hard,0.03794039404328084,0.02322988369882451,0.0,0.0
0.0,0.0,19.99170302496717,0.013443162888678008,0.11922529061913602,0.0,0.0,0.0,0.0,0.0,19.714968932260582,14.430869689661812,hard,0.03877087594106134,0.02446707100072441,0.0,0.0
0.0,0.0,25.436167617524422,0.01382005540646275,0.1255098537543469,0.0,0.0,0.0,0.0,0.0,24.67767412054872,14.430869689661812,hard,0.03967010919525323,0.024877815898390287,0.0,0.0
0.0,0.0,19.6043657073598,0.014637202657180931,0.13886036212375422,0.0,0.0,0.0,0.0,0.0,18.44152922075607,14.430869689661812,hard,0.04122315400331504,0.026370434955963803,0.0,0.0
0.0,0.0,18.146060652881843,0.014782679973850923,0.13872345561236787,0.0,0.0,0.0,0.0,0.0,17.930856086645726,14.430869689661812,hard,0.04146949979339179,0.026451783114877902,0.0,0.0
0.0,0.0,16.266531114900058,0.014928212656925448,0.14397305371915411,0.0,0.0,0.0,0.0,0.0,15.84258817239153,14.430869689661812,hard,0.04193925357730886,0.026589391342455842,0.0,0.0
0.0,0.0,20.312768961741583,0.01522941431450627,0.1574997397075663,0.0,0.0,0.0,0.0,0.0,19.063221133900747,14.430869689661812,hard,0.04221763207978737,0.027218118270947014,0.0,0.0
0.0,0.0,24.72248519467253,0.015377884198222678,0.16660851317466505,0.0,0.0,0.0,0.0,0.0,24.108056744582296,14.430869689661812,hard,0.041867101254617324,0.028029333333958333,0.0,0.0
0.0,0.0,18.76115282553558,0.015194362930984502,0.16759119891185523,0.0,0.0,0.0,0.0,0.0,17.945484111608693,14.430869689661812,hard,0.04143447217482389,0.028029810590333597,0.0,0.0
0.0,0.0,16.80093417888388,0.015105851773568492,0.17411348713551827,0.0,0.0,0.0,0.0,0.0,17.312146025262148,14.430869689661812,hard,0.04122466824230231,0.028024528224432643,0.0,0.0
0.0,0.0,20.644451853304584,0.015239023382873251,0.1867431385201833,0.0,0.0,0.0,0.0,0.0,19.834273367078513,14.430869689661812,hard,0.041421256014668596,0.028064599069141306,0.0,0.0
0.0,0.0,33.54156440548705,0.015133092134345131,0.19193646483870752,0.0,0.0,0.0,0.0,0.0,32.941183949578985,14.430869689661812,hard,0.04106803463096517,0.02770250342571346,0.0,0.0
0.0,0.0,26.35909206798298,0.015522086938161136,0.19576879726319943,0.0,0.0,0.0,0.0,0.0,26.21324855869642,14.430869689661812,hard,0.042141499199914126,0.028041844343593105,0.0,0.0
0.0,0.0,96.40426530117051,0.018757418664295186,0.21648380930455083,0.4270831300812525,0.4270831300812525,0.0,0.4270831300812525,0.0,87.40870437204752,14.430869689661812,hard,0.04136577066255184,0.031024268907495905,0.026633419655582836,0.0
0.0,0.0,65.62179046257039,0.021520614716559108,0.21997219071741153,0.4898979485566356,0.4898979485566356,0.0,0.4898979485566356,0.0,59.28232114214153,14.430869689661812,hard,0.04188722295715827,0.036444906244561905,0.03395549759524605,0.0
0.0,0.0,52.12529219777835,0.02288230651866353,0.23478282372982895,0.4963869458396342,0.4963869458396342,0.0,0.4963869458396342,0.0,46.477159982081524,14.430869689661812,hard,0.042576769436137765,0.03984207725356084,0.036833451928485805,0.0
0.0,0.0,69.52991041570878,0.023855562430070316,0.23687445789449488,0.458257569495584,0.458257569495584,0.0,0.458257569495584,0.0,62.376998965965015,14.430869689661812,hard,0.042580844070284625,0.04152556228477154,0.03632500070177112,0.0
0.0,0.0,66.15611649461772,0.023477376244090898,0.23235080470285513,0.4,0.4,0.0,0.4,0.0,60.481851823501565,14.430869689661812,hard,0.042705190624849156,0.04263306380840327,0.03543368451082086,0.0
0.0,0.0,24.88192120403421,0.023873401564630536,0.23783648797368276,0.4,0.4,0.0,0.4,0.0,24.493395028047868,14.430869689661812,hard,0.043291998813258244,0.04450998270660345,0.03786089211597464,0.0
0.0,0.0,28.696030202994923,0.02422120836100157,0.2322939355528067,0.4,0.4,0.0,0.4,0.0,28.622955822206762,14.430869689661812,hard,0.04265636550147548,0.04583226808474883,0.04013036421309991,0.0
0.0,0.0,24.0993639564631,0.024436672938308698,0.23462323120962833,0.4,0.4,0.0,0.4,0.0,24.58913581238674,14.430869689661812,hard,0.04305333399439918,0.0467496208988641,0.041885199209188304,0.0
0.0,0.0,36.298643551911866,0.02508812539154667,0.2401420579031267,0.4,0.4,0.0,0.4,0.0,35.95353112004439,14.430869689661812,hard,0.04354024919316047,0.048283684871547036,0.043724902286609524,0.0
0.0,0.0,31.414971018933223,0.0254016594707111,0.23836549469215154,0.4,0.4,0.0,0.4,0.0,30.99899353204875,14.430869689661812,hard,0.04204800952008984,0.04923622257955432,0.04536210573342595,0.0
0.0,0.0,32.28692208688807,0.026868031579140878,0.24811627401845865,0.4,0.4,0.0,0.4,0.0,32.855465298790094,14.430869689661812,hard,0.04230749091679908,0.05220064003699744,0.04743338902997931,0.0
0.0,0.0,19.715999831244726,0.027597626177226522,0.2532971974022017,0.4,0.4,0.0,0.4,0.0,19.749430371532238,14.430869689661812,hard,0.042372222651716536,0.05370231429924304,0.04885612996375103,0.0
0.0,0.0,27.047579589324467,0.028888978635243177,0.2524597236065005,0.4,0.4,0.0,0.4,0.0,26.70131082924582,14.430869689661812,hard,0.042626716093172506,0.05695421780428803,0.0505487113288468,0.0
0.0,0.0,26.398513758289823,0.030236093691938155,0.2528323706796778,0.4,0.4,0.0,0.4,0.0,26.58210676376122,14.430869689661812,hard,0.0431397360100696,0.05918026188057188,0.053043600108788454,0.0
0.0,0.0,22.416563279969687,0.030614624331935777,0.26046058654039084,0.4,0.4,0.0,0.4,0.0,22.10679533537143,14.430869689661812,hard,0.04328515192280772,0.06022773720406103,0.05414187970924234,0.0
0.0,0.0,26.37575285139204,0.03145478801305133,0.2693229295923401,0.4,0.4,0.0,0.4,0.0,25.60987309613228,14.430869689661812,hard,0.04386254644716113,0.06169835842886182,0.05544035004858487,0.0
0.0,0.0,25.482769186676524,0.0325783647745481,0.2643278345014892,0.4,0.4,0.0,0.4,0.0,25.404731842709936,14.430869689661812,hard,0.04500718112326331,0.0637857601006474,0.0570603153827068,0.0
0.0,0.0,27.086369621225714,0.03336836395301731,0.2630664608001679,0.4,0.4,0.0,0.4,0.0,22.017820055582252,14.430869689661812,hard,0.045510390214760596,0.06542682047970814,0.058424393505050624,0.0
0.0,0.0,21.656237279564934,0.03415058993967277,0.2679862208438968,0.4,0.4,0.0,0.4,0.0,20.93293099401037,14.430869689661812,hard,0.046090752664747,0.0663952051421445,0.05960639207533756,0.0
0.0,0.0,25.2771939897328,0.03472854662492182,0.26854906980947785,0.4,0.4,0.0,0.4,0.0,25.521943499663188,14.430869689661812,hard,0.046792125242147424,0.06696948576552982,0.06104292780857506,0.0
0.0,0.0,31.752622224764973,0.03574247526696096,0.27423242278787435,0.4,0.4,0.0,0.4,0.0,31.701488924023746,14.430869689661812,hard,0.04806237510997053,0.06772525079822375,0.06296278269805035,0.0
0.0,0.0,83.4502547277241,0.039902408946035306,0.2881259816739216,0.6477653896280658,0.6477653896280658,0.0,0.6477653896280658,0.0,74.88417723391237,14.430869689661812,hard,0.0486159870308289,0.0683112800705619,0.06909987806562291,0.023264567539315113
0.0,0.0,56.89210331884725,0.041646924416774735,0.28771822262520336,0.7483314773547883,0.7483314773547883,0.0,0.7310266752998826,0.0,52.123119630352136,14.430869689661812,hard,0.04970744947887054,0.0679277286167161,0.07357098682014035,0.02990414681740653
0.0,0.0,68.34625853793278,0.044026940434008066,0.3040017857605148,0.848528137423857,0.848528137423857,0.0,0.78587530817554,0.0,63.46975657744403,14.430869689661812,hard,0.050850147199159534,0.0680728758615109,0.07941343000902482,0.03681827522391779
0.0,0.0,51.89906184290338,0.04558648299440922,0.3061638805422404,0.893532316147547,0.893532316147547,0.0,0.8,0.0,46.49242518948652,14.430869689661812,hard,0.051878727419492676,0.06827024371626536,0.08323588326621663,0.04063921790909285
0.0,0.0,61.56888520378383,0.04564330669767495,0.2922314441532923,0.9382963284591921,0.9382963284591921,0.0,0.7507329751649384,0.0,54.890614862652065,14.430869689661812,hard,0.052869456449108704,0.06832859998941825,0.08367844477661265,0.042640062577302275
0.0,0.0,42.20356620687014,0.046459755815460045,0.29403241914807243,0.9457272334029511,0.9457272334029511,0.0,0.7483314773547883,0.0,39.89185881856096,14.430869689661812,hard,0.05457438802263484,0.06897381503270349,0.08640615486530287,0.045125025486157024
0.0,0.0,46.2667467450627,0.046508641322455885,0.2902565345590267,0.9314504817756014,0.9314504817756014,0.0,0.681469001496033,0.0,42.567762450004345,14.430869689661812,hard,0.055576519522177154,0.06885660034086172,0.08482673641963033,0.048048330914149666
0.0,0.0,51.64676667649372,0.048744083072392544,0.28080219412150215,0.9228217596047461,0.9228217596047461,0.0,0.6403124237432849,0.0,47.82652402171832,14.430869689661812,hard,0.055773813059955255,0.06953799768928699,0.08727064429304612,0.049769533315244495
0.0,0.0,55.52041517211673,0.04792355038970184,0.2632620125035076,0.8352245207128439,0.8352245207128441,0.0,0.4,0.0,50.01555358086123,14.430869689661812,hard,0.05601829639397971,0.06887819647208353,0.08275816793498592,0.05246407789418407
0.0,0.0,26.246351012084975,0.0478896888045584,0.26078493608821557,0.8352245207128439,0.8352245207128441,0.0,0.4,0.0,25.5,14.430869689661812,hard,0.05618441020669811,0.06834924628172842,0.08256409068854553,0.05377144551828645
0.0,0.0,25.09948690084933,0.048779857637198595,0.25939685347681196,0.8352245207128439,0.8352245207128441,0.0,0.4,0.0,24.04097335799863,14.430869689661812,hard,0.05642433628235786,0.06829755440053857,0.08466090324969744,0.05566873549951449
0.0,0.0,23.32546168545303,0.049658130118601686,0.2580864066545115,0.8352245207128439,0.8352245207128441,0.0,0.4,0.0,17.681911661356075,14.430869689661812,hard,0.056782399041926855,0.06880545474081762,0.0859644491170056,0.05706357335162159
0.0,0.0,31.65626071237216,0.05061075063908813,0.2601424992359934,0.8352245207128439,0.8352245207128441,0.0,0.4,0.0,31.160898574976944,14.430869689661812,hard,0.058379334985416836,0.07009434980618727,0.08655997483039601,0.05949466270200233
0.0,0.0,21.658060980811996,0.051288196492275485,0.2513329749693313,0.8352245207128439,0.8352245207128441,0.0,0.4,0.0,16.21876690750564,14.430869689661812,hard,0.05849059763742953,0.07036530457952385,0.08823548568616496,0.06103719402138708
0.0,0.0,20.661213133454787,0.05171915269351977,0.24026709005284694,0.8352245207128439,0.8352245207128441,0.0,0.4,0.0,16.582207331956745,14.430869689661812,hard,0.05921587627167528,0.0705558009033297,0.08914624224409798,0.06210580139377467
0.0,0.0,22.334474429957208,0.05274033202063688,0.22469745436762328,0.8352245207128439,0.8352245207128441,0.0,0.4,0.0,22.602557377429658,14.430869689661812,hard,0.06024152478645492,0.07211331823685618,0.09062000877682687,0.06368338587636536
0.0,0.0,17.545778454626937,0.053207561628325045,0.2030474390963864,0.8352245207128439,0.8352245207128441,0.0,0.4,0.0,17.342076000294774,14.430869689661812,hard,0.06065532032216237,0.07229803410738543,0.09162954797862721,0.06515252791510527
0.0,0.0,18.885908505556586,0.053525467391252364,0.18404665129826994,0.8352245207128439,0.8352245207128441,0.0,0.4,0.0,18.35347378563524,14.430869689661812,hard,0.061309311043202884,0.07288511719766293,0.09222378572269978,0.06624459753889503
0.0,0.0,21.996873746001345,0.05398347943399476,0.17188531749879965,0.8352245207128439,0.8352245207128441,0.0,0.4,0.0,21.378344182840728,14.430869689661812,hard,0.06133499332181724,0.07316312727640682,0.09304452031431089,0.06747304018343336
0.0,0.0,20.724631196019416,0.05376326249169245,0.262669193948464,0.8352245207128439,0.8352245207128441,0.19595917942265428,0.4,0.0,20.257591169731903,14.430869689661812,hard,0.06148330004086703,0.07279769159454699,0.09290939969797407,0.06850770368322398
0.0,0.0,13.85784960371917,0.05389759566027125,0.24510711037320884,0.8352245207128439,0.8352245207128441,0.19595917942265428,0.4,0.0,13.286925904813348,14.430869689661812,hard,0.06199726720334477,0.07300730183956358,0.09310080501345218,0.069123001607047
0.0,0.0,34.83524240584014,0.05476758566142973,0.2254652254223491,0.9541488353501251,0.9541488353501251,0.19595917942265428,0.5986651818838306,0.0,28.79292274153494,14.430869689661812,hard,0.0628841580870532,0.07403737750944064,0.09340514513473087,0.07237496494727515
0.0,0.0,51.135671579686644,0.05618110759026764,0.21576784787294284,0.9816312953446422,0.9816312953446422,0.19595917942265428,0.7000000000000001,0.0,45.4875851194587,14.430869689661812,hard,0.06338137163455282,0.07618704253410476,0.09317498761183785,0.07635301538868039
0.0,0.0,37.19462556886387,0.057720487451141216,0.1919543983121413,0.9431860898041277,0.9431860898041277,0.19595917942265428,0.7483314773547883,0.0,36.4414269753532,14.430869689661812,hard,0.06393216578479033,0.07895168291912062,0.09311888985533047,0.08056177069266508
0.0,0.0,56.70716277631478,0.059471604458658074,0.16331394117226386,0.9184770002564028,0.9184770002564028,0.19595917942265428,0.79724525711979,0.0,45.52219678354725,14.430869689661812,hard,0.06443541606217718,0.08218232401054579,0.0929234586939826,0.08553085326263778
0.0,0.0,38.54037913195332,0.060898917607755704,0.14239007872595902,1.0316976301223144,1.0316976301223144,0.19595917942265428,0.7539230729988305,0.0,35.37741652523542,14.430869689661812,hard,0.06546450116199118,0.08532591806185674,0.09325557018293183,0.09093920382820544
0.0,0.0,35.284860578408306,0.061868919916813495,0.12525710665032694,1.034601372510205,1.034601372510205,0.19595917942265428,0.7525955088890712,0.0,35.39195388785423,14.430869689661812,hard,0.06601979378456947,0.08729086309211383,0.09341741268831605,0.09398363253119647
0.0,0.0,40.41343194890013,0.06202693944586625,0.11418370681995202,1.0476640682967036,1.0476640682967036,0.19595917942265428,0.6858571279792899,0.0,37.23065403669401,14.430869689661812,hard,0.06630280674173526,0.08820806134005882,0.09279643459548795,0.097618154307845
0.0,0.0,44.02263655767839,0.06293002481441906,0.09707696496740659,1.0355674772799695,1.0355674772799695,0.19595917942265428,0.6403124237432849,0.0,40.72166990681988,14.430869689661812,hard,0.06668595574713906,0.08942125476378585,0.09181953239222891,0.09898262906501895
0.0,0.0,47.47153348354244,0.06228749181365022,0.08585441467739774,1.0961751684835777,1.0961751684835777,0.19595917942265428,0.39999999999999997,0.0,38.84654939631061,14.430869689661812,hard,0.06795963112690573,0.09042285006761705,0.0901310939348695,0.09900902164436785
0.0,0.0,24.886655252199652,0.0621907016672438,0.08233771145802456,1.0961751684835777,1.0961751684835777,0.19595917942265428,0.39999999999999997,0.0,23.023153563315343,14.430869689661812,hard,0.06868538684254152,0.09075860000721794,0.08957311321546234,0.09983623982168614
0.0,0.0,22.61739600184705,0.0621032304505035,0.06261070555972724,1.0961751684835777,1.0961751684835777,0.19595917942265428,0.39999999999999997,0.0,22.874474857360116,14.430869689661812,hard,0.06872754932571426,0.09073403935525744,0.0890397359879012,0.1012872579896987
0.0,0.0,19.081288060313184,0.06250842394446075,0.16255217791632504,1.0961751684835777,1.0961751684835777,0.23748684174075835,0.39999999999999997,0.0,18.381773581458347,14.430869689661812,hard,0.06949837469170096,0.09100219464923612,0.08928734799463633,0.10330494151600887
0.0,0.0,25.68746861997283,0.06294439389464696,0.1503242332459806,1.0961751684835777,1.0961751684835777,0.23748684174075835,0.39999999999999997,0.0,21.512749708021985,14.430869689661812,hard,0.06966545727756647,0.09127259798249,0.08938839807161213,0.1053321320451536
0.0,0.0,12.361725018358449,0.06314650317262112,0.14102010243708335,1.0961751684835777,1.0961751684835777,0.23748684174075835,0.39999999999999997,0.0,11.902621559975769,14.430869689661812,hard,0.07005715398279069,0.09149393591491442,0.08934135353653103,0.10635188935410515
0.0,0.0,13.874495628370134,0.06330028112411479,0.13268723752900446,1.0961751684835777,1.0961751684835777,0.23748684174075835,0.39999999999999997,0.0,13.222042202322605,14.430869689661812,hard,0.07060203179825382,0.09164930005886929,0.08909872603372875,0.10722073784497643
0.0,0.0,19.207739856661306,0.06362995520855629,0.12397994942665104,1.0961751684835777,1.0961751684835777,0.23748684174075835,0.39999999999999997,0.0,18.422334271204612,14.430869689661812,hard,0.07066280269073719,0.09187601292620975,0.08919382923982722,0.10900875004880113
0.0,0.0,13.600689867287144,0.06394259531134856,0.1179977939844132,1.0961751684835777,1.0961751684835777,0.23748684174075835,0.39999999999999997,0.0,13.42618337428772,14.430869689661812,hard,0.07086830118399198,0.0930561769871017,0.08935714154943579,0.10968913492313169
0.0,0.0,16.764918913188453,0.06421285470737896,0.25114214334185014,1.0961751684835777,1.0961751684835777,0.3,0.39999999999999997,0.0,15.902653866572084,14.430869689661812,hard,0.07095095239836527,0.09311907154267395,0.08905929898074362,0.11207383583714037
0.0,0.0,14.017664241313167,0.06447741245823609,0.23071447456033642,1.0961751684835777,1.0961751684835777,0.3,0.39999999999999997,0.0,12.92680935111213,14.430869689661812,hard,0.07085530623314452,0.09344321629028789,0.08872406512939497,0.11399340735606882
0.0,0.0,15.898453790371631,0.06470939168020277,0.2605731154440127,1.0961751684835777,1.0961751684835777,0.38157568056677826,0.39999999999999997,0.0,14.55219571061357,14.430869689661812,hard,0.07096528609061561,0.09353214752628546,0.08902059313520017,0.11602073374274476
0.0,0.0,14.284033093939795,0.06524259954356731,0.3233562256412392,1.0961751684835777,1.0961751684835777,0.417612260356422,0.39999999999999997,0.0,13.633796243159864,14.430869689661812,hard,0.07129416356013646,0.09397997181881224,0.08981027469693101,0.11769302161017908
0.0,0.0,18.953559649574526,0.06595972418374385,0.3940438351037317,1.050904372433572,1.050904372433572,0.4898979485566356,0.5800000000000001,0.0,19.17837323653912,14.430869689661812,hard,0.07157168678137134,0.0942007595234023,0.09034509742909731,0.11924564946181027
0.0,0.0,46.49570015378816,0.06705522804537431,0.40293337268287627,1.0087616170334794,1.0087616170334794,0.5015974481593781,0.6621178142898739,0.0,41.704177248808065,14.430869689661812,hard,0.0716326499358393,0.09410810600983614,0.09341622858930337,0.12018659896624355
0.0,0.0,36.742468369920516,0.0668910484940395,0.45971062824819936,1.0697663296253064,1.0697663296253066,0.5936328831862332,0.7213875518748574,0.0,28.888225975300042,14.430869689661812,hard,0.07142148626808864,0.09393432377831404,0.09503469857273121,0.1191648013465283
0.0,0.0,26.97288006893929,0.06743329708533456,0.45158455529212366,1.06,1.06,0.6013318551349163,0.7696752561957543,0.0,27.661409942372785,14.430869689661812,hard,0.07111050384681787,0.09388241770558078,0.09656232116652244,0.11944678741497375
0.0,0.0,24.500989220507027,0.06766651014390403,0.44120106670293135,1.02469507659596,1.02469507659596,0.6082762530298219,0.7717512552629895,0.0,19.142842004258405,14.430869689661812,hard,0.07125297320585895,0.09359741667089931,0.09750485601514368,0.11984880897399405
0.0,0.0,28.836324457395595,0.06811529778994128,0.44788494780846744,1.02469507659596,1.02469507659596,0.6144916598294886,0.7799999999999999,0.0,26.23984756053282,14.430869689661812,hard,0.07161701961059032,0.0938295836404546,0.09799101493166305,0.11910004134440866
0.0,0.0,16.609459816235304,0.06833799944526252,0.4285041377670352,1.0047885349664376,1.0047885349664376,0.6144916598294886,0.7807688518377254,0.0,16.61425893622704,14.430869689661812,hard,0.07176426899019998,0.09381978315129046,0.09912358016619204,0.11932330491015661
0.0,0.0,22.98358838498217,0.06853019716174706,0.4105969675057508,0.9635351576356723,0.9635351576356723,0.6144916598294886,0.7507329751649384,0.0,19.609222320122743,14.430869689661812,hard,0.07178828658027853,0.0942300052267593,0.10012711949514642,0.11872667621203847
0.0,0.0,20.143259920351856,0.06883516820748162,0.40978658670592766,0.9848857801796105,0.9848857801796105,0.62,0.62,0.0,15.412410583682231,14.430869689661812,hard,0.07222860021110027,0.09517308720994133,0.10083769144674504,0.11843322100777126
0.0,0.0,12.436968822150577,0.0690073381222833,0.38858394775962923,0.9848857801796105,0.9848857801796105,0.62,0.5744562646538028,0.0,12.546170730545635,14.430869689661812,hard,0.07249916850577641,0.09570742082584208,0.10099458617267618,0.11891675014693287
0.0,0.0,27.582054563227434,0.06908788530185118,0.3717585737475853,0.964157663455516,0.964157663455516,0.62,0.530659966456864,0.0,26.367411704602333,14.430869689661812,hard,0.07288712929121809,0.09596145651625869,0.10128058144515936,0.11841547291467829
0.0,0.0,13.562590867217489,0.06895002479933736,0.3653724632706667,0.9425497334358541,0.9425497334358541,0.6248199740725324,0.482078831727758,0.0,12.273956167430287,14.430869689661812,hard,0.07301396252020714,0.0959712127493793,0.10115156020321989,0.11852913517748247
0.0,0.0,9.521548853914403,0.06894076545074175,0.3429748804227001,0.9425497334358541,0.9425497334358541,0.6248199740725324,0.482078831727758,0.0,8.94731244564534,14.430869689661812,hard,0.07301945796590002,0.09597078285740784,0.10111657511592555,0.11848506256581674
0.0,0.0,15.146732721295052,0.06875735591691812,0.3217059412845065,0.9425497334358541,0.9425497334358541,0.6248199740725324,0.482078831727758,0.0,14.652999692895648,14.430869689661812,hard,0.07313155325605028,0.09579897222080276,0.10101389474529576,0.11881358108359336
0.0,0.0,17.37727604366224,0.06864320594960369,0.3006804954626729,0.9425497334358541,0.9425497334358541,0.6248199740725324,0.482078831727758,0.0,14.232090499993316,14.430869689661812,hard,0.07327568162582611,0.09560618000121056,0.10118272922222858,0.11938829030643723
0.0,0.0,14.647347220413241,0.06840939750192286,0.28355627518479387,0.9425497334358541,0.9425497334358541,0.6248199740725324,0.482078831727758,0.0,13.78921317552238,14.430869689661812,hard,0.07332310696031903,0.09554244137084907,0.1014531605492256,0.11979439643863601
0.0,0.0,19.52286437652529,0.06847677153786759,0.35783436776199623,0.9425497334358541,0.9425497334358541,0.6352952069707437,0.482078831727758,0.0,16.71915069613286,14.430869689661812,hard,0.07354903387901644,0.09500491119715593,0.10171991855761356,0.12040723642461809
0.0,0.0,15.786594248845148,0.0683925803701554,0.4204534383861872,0.9425497334358541,0.9425497334358541,0.698856208386246,0.482078831727758,0.0,14.913363135121468,14.430869689661812,hard,0.07382775720496423,0.09486730667829116,0.10213279424587768,0.12121109738527441
0.0,0.0,18.26597673400436,0.06883792722440199,0.4045768477372178,0.9425497334358541,0.9425497334358541,0.698856208386246,0.482078831727758,0.0,17.88770527485289,14.430869689661812,hard,0.07418269925775907,0.09493838044330033,0.10292960981351798,0.12196713161886587
0.0,0.0,29.30600619786725,0.06888359514575666,0.3841755773725919,0.9425497334358541,0.9425497334358541,0.698856208386246,0.482078831727758,0.0,28.165404310962764,14.430869689661812,hard,0.07456608439295609,0.09511735445640931,0.10276656214459781,0.12196703629424623
0.0,0.0,17.88878088911724,0.06901851696418433,0.3679646068770434,0.9425497334358541,0.9425497334358541,0.698856208386246,0.482078831727758,0.0,17.10860602153197,14.430869689661812,hard,0.0749370364064382,0.09518250538276658,0.10293835357090939,0.12209442294713875
0.0,0.0,8.97841951066244,0.06896928147078783,0.409226079145307,0.9840731680114033,0.9840731680114033,0.7549834435270749,0.5895761189193469,0.0,7.416980517703954,14.430869689661812,hard,0.07506600812036851,0.09500319190385552,0.10284828153743528,0.12235037524443963
0.0,0.0,18.500663120581688,0.06916839391272143,0.4347441047037096,1.0583005244258363,1.0583005244258363,0.7539230729988305,0.6881860213634101,0.0,12.995706983461885,14.430869689661812,hard,0.07532090140263588,0.09516852224508797,0.1033191480379027,0.12290190604263805
0.0,0.0,25.048617877203082,0.06944567036573705,0.44969920461056234,1.0583005244258363,1.0583005244258363,0.8039900496896712,0.7483314773547883,0.0,20.97297308442463,14.430869689661812,hard,0.07536516396207463,0.09555347543148573,0.10451149487721628,0.12321763860894548
0.0,0.0,35.10373538645631,0.06973318043047352,0.4216949961075115,1.0600000000000003,1.0600000000000003,0.8039900496896712,0.806225774829855,0.0,29.76981021101747,14.430869689661812,hard,0.0751437828128195,0.09556106250341599,0.10434975553224522,0.12370704011412104
0.0,0.0,29.021875415393726,0.06941346526382207,0.400143161487922,1.0392304845413265,1.0392304845413265,0.8022468448052631,0.8380930735902786,0.0,26.931765630942213,14.430869689661812,hard,0.07454557256122266,0.09537975084082505,0.10397994021911787,0.12278192933209976
0.0,0.0,36.637821745581185,0.06953759684182959,0.42601284428209707,0.9474175425861608,0.947417542586161,0.848528137423857,0.8428523002282191,0.0,36.492349883228954,14.430869689661812,hard,0.07473595956805426,0.09641913367790529,0.10244309497204565,0.1232510599145491
0.0,0.0,18.71379943826404,0.06960177119205002,0.4428499376208323,0.9643650760992954,0.9643650760992956,0.8692525524840291,0.845931439302264,0.0,16.920390066425774,14.430869689661812,hard,0.07468373794760509,0.09691132096115658,0.10216765202534461,0.12349514872871935
0.0,0.0,28.421315082339305,0.06982505391256451,0.43295368078947183,0.9961927524329818,0.9961927524329818,0.8662563131083085,0.8544003745317531,0.0,20.337639981079416,14.430869689661812,hard,0.07495919444985175,0.09765039293804531,0.10200097454077642,0.12388568707015607
0.0,0.0,35.063140867684304,0.06989456780035681,0.4038397014088279,0.988736567544662,0.988736567544662,0.8662563131083085,0.7483314773547883,0.0,32.86046256521658,14.430869689661812,hard,0.07515740263811316,0.09800312808549635,0.10048351531562762,0.122320160980434
0.0,0.0,39.05485677004794,0.07029179193283965,0.3921829080890798,0.96,0.9599999999999999,0.8662563131083085,0.71442284397967,0.0,35.613935474754825,14.430869689661812,hard,0.07515185368712217,0.09868790983261237,0.09965278089696775,0.12100213597219299
0.0,0.0,28.04761336511325,0.0708261545782541,0.36637347217580507,0.9173875952943772,0.9173875952943771,0.8662563131083085,0.6144916598294886,0.0,28.57282625152787,14.430869689661812,hard,0.07503192042109837,0.09956201580087545,0.09901673444016555,0.12123499895738528
0.0,0.0,31.961375666790182,0.07043634652563013,0.34022367193666614,0.8953211714239756,0.8953211714239756,0.8662563131083085,0.530659966456864,0.9799999999999999,29.210847300275287,14.430869689661812,hard,0.07514608322552947,0.09914797939859396,0.09866616682718142,0.12044030696452263
0.0,0.0,28.071242058724714,0.0703617429130246,0.3477013213563259,0.8901685233707155,0.8901685233707155,0.8856635930193812,0.482078831727758,0.8400000000000001,25.24282868459872,14.430869689661812,hard,0.07524784669890441,0.0992504106514905,0.09835478631975646,0.1192551198731208
0.0,0.0,16.035689537733838,0.07039091425627575,0.3288444559614861,0.8901685233707155,0.8901685233707155,0.8856635930193812,0.482078831727758,0.13999999999999999,15.77435894101564,14.430869689661812,hard,0.07541203643219464,0.09917938308894202,0.09821221633049498,0.11916211090575249
0.0,0.0,19.532701120969605,0.07057614904364737,0.3122114486265616,0.8901685233707155,0.8901685233707155,0.8856635930193812,0.482078831727758,0.0,19.845896301250797,14.430869689661812,hard,0.07536291821510435,0.09961482456191877,0.09820640550341704,0.11955712890605866
0.0,0.0,18.754176204779487,0.0710752365410734,0.381766303433495,0.8901685233707155,0.8901685233707155,0.8953211714239756,0.482078831727758,0.0,14.988315449042297,14.430869689661812,hard,0.07559500949748256,0.10062444950283897,0.09847371484131218,0.11951329880610732
0.0,0.0,17.77687551067013,0.07132342656926925,0.35951169417180107,0.8901685233707155,0.8901685233707155,0.8953211714239756,0.482078831727758,0.0,16.667381318011536,14.430869689661812,hard,0.07599281392393188,0.10090472314255111,0.09863585213883198,0.11974540171468334
0.0,0.0,31.14528656452709,0.07124468708294611,0.36666430479834294,0.8901685233707155,0.8901685233707155,0.8901685233707155,0.482078831727758,0.0,23.044383263606772,14.430869689661812,hard,0.07615188006067795,0.10057335664858934,0.09908111193045435,0.12004091048312288
0.0,0.0,18.634406390423027,0.07135796767721837,0.3473033776802814,0.8901685233707155,0.8901685233707155,0.8901685233707155,0.482078831727758,0.0,17.965800844938695,14.430869689661812,hard,0.07609989782491462,0.10049503728827558,0.09932814395076248,0.12025249540046906
0.0,0.0,13.072383648605046,0.0714148361291475,0.32775073353987416,0.8901685233707155,0.8901685233707155,0.8901685233707155,0.482078831727758,0.0,12.684242192578948,14.430869689661812,hard,0.075948998972877,0.10072898277249083,0.09956743986549117,0.12030943585666987
0.0,0.0,20.725640175670158,0.07108591156683126,0.30941111447422953,0.8901685233707155,0.8901685233707155,0.8901685233707155,0.482078831727758,0.0,18.448512135128947,14.430869689661812,hard,0.07592123249695612,0.10122612881442702,0.0992867704885799,0.12040519194432554
0.0,0.0,28.277239371349854,0.07107133367775713,0.33115864177023596,0.8845337754998391,0.8845337754998391,0.9068627239003707,0.5122499389946279,0.0,26.654500558067113,14.430869689661812,hard,0.07603459519760303,0.1011815210404409,0.09948181924269038,0.12068022126507179
0.0,0.0,16.41327837812421,0.07122990267361007,0.34391135477564605,0.8616263691415206,0.8616263691415206,0.9442457307290301,0.565685424949238,0.0,15.884948851035055,14.430869689661812,hard,0.07630906319024128,0.10103162930064259,0.09993488985132497,0.12124103032854226
0.0,0.0,19.02544482759401,0.07114011201957589,0.3662376156906805,0.82,0.8200000000000001,0.9526804291051644,0.6327716807822551,0.0,15.759746190849649,14.430869689661812,hard,0.07692957677705627,0.10087381163318522,0.09964567590188415,0.12140778221894681
0.0,0.0,32.188016465372726,0.07148689094434556,0.336785476294092,0.7745966692414834,0.7745966692414834,0.9526804291051644,0.72,0.0,32.39027631867317,14.430869689661812,hard,0.07729475286653566,0.10074762487031516,0.09951409508218273,0.12193885791097879
0.0,0.0,51.57001699012918,0.07132695193722549,0.30759809956727713,0.766550715869472,0.766550715869472,0.9526804291051644,0.8248636250920511,0.0,47.95454514433433,14.430869689661812,hard,0.07738258024931766,0.10057392839899065,0.0998735626103306,0.11864840424343837
0.0,0.0,30.515629298995044,0.07055319450889341,0.313330816840466,0.8316249154516716,0.8316249154516716,0.9457272334029511,0.82,0.0,27.204271723389326,14.430869689661812,hard,0.07736224451815117,0.09986525670403094,0.09949547995962667,0.11533911128899356
0.0,0.0,13.5387507646765,0.07036627594647663,0.3548831259705647,0.8440379138403676,0.8440379138403676,0.9516301802696256,0.8306623862918074,0.0,12.699307067710427,14.430869689661812,hard,0.07774788594204338,0.0998142408339598,0.09908863254698032,0.11478244962799197
0.0,0.0,25.479001602160164,0.07013265236480287,0.38857410819568355,0.7901898506055364,0.7901898506055365,0.9848857801796106,0.8506468127254696,0.0,24.25300806085711,14.430869689661812,hard,0.07784318345924934,0.09864834349114932,0.09877435801743785,0.11461515603329564
0.0,0.0,53.52774712191262,0.07014472617505481,0.3729548467677258,0.8392854103342914,0.8392854103342915,0.9848857801796106,0.806225774829855,0.0,39.0953501071419,14.430869689661812,hard,0.07814215696189536,0.098238705475911,0.09858603563717477,0.11444223789804775
0.0,0.0,27.861089139601248,0.0705079243299963,0.3621494673971467,0.8219489035213807,0.8219489035213807,0.9848857801796106,0.7799999999999999,0.0,27.94667064249336,14.430869689661812,hard,0.07782426573228844,0.09831926108245259,0.09865516114663345,0.11431636775057816
0.0,0.0,29.93816435557703,0.07057138611434619,0.3973706030151366,0.8692525524840291,0.8692525524840291,0.9881295461628501,0.66,0.0,27.139226223310054,14.430869689661812,hard,0.07818372434513578,0.09837185789080474,0.0987766242402189,0.11214896591120468
0.0,0.0,29.838928858141756,0.07133018386816176,0.42067560205927373,0.8717797887081347,0.8717797887081347,0.9991996797437437,0.6248199740725323,0.0,26.094911381340232,14.430869689661812,hard,0.07834227776702718,0.09845169856484716,0.09928917404228153,0.11384813356649788
0.0,0.0,23.31461345950683,0.07131762012955012,0.4018660362619251,0.8964373932405989,0.8964373932405989,0.9991996797437437,0.5,0.0,18.429639171725526,14.430869689661812,hard,0.0786465863478958,0.09871494098200606,0.09930912083939568,0.11370297323784674
0.0,0.0,26.539623739100577,0.07128901794960234,0.40979459089478953,0.8964373932405989,0.8964373932405989,0.9897474425326898,0.5,0.0,20.11591409804685,14.430869689661812,hard,0.07876421510083613,0.09910177049959283,0.09885948138201721,0.11350869697233716
0.0,0.0,17.085898672963967,0.07131579311274405,0.5252125575263832,0.8964373932405989,0.8964373932405989,1.0740577265678042,0.5,0.0,16.095664012397872,14.430869689661812,hard,0.07926258109571095,0.0991884960344409,0.09909963859762914,0.1128798488768019
0.0,0.0,20.285845064060666,0.07152997577911047,0.5192056926426294,0.8964373932405989,0.8964373932405989,1.1,0.5,0.0,17.72789891667933,14.430869689661812,hard,0.07944289622205386,0.09902662734492759,0.09923495274170671,0.11321523278567751
0.0,0.0,14.690196075957749,0.07166850253368894,0.5036893943837575,0.8964373932405989,0.8964373932405989,1.088852607105296,0.5,0.0,14.226679162756147,14.430869689661812,hard,0.07928677623253728,0.09875767538709358,0.09923970455782012,0.11334758267434984
0.0,0.0,13.055917646191416,0.07192105510633308,0.4798867515677021,0.8964373932405989,0.8964373932405989,1.088852607105296,0.5,0.0,12.454717981552212,14.430869689661812,hard,0.07923658853081358,0.09878372846712541,0.09963204347027188,0.11355270949046602
0.0,0.0,14.129810995111972,0.07182423072463995,0.4911009916906598,0.8964373932405989,0.8964373932405989,1.1019981851164729,0.5,0.0,11.336666176614711,14.430869689661812,hard,0.07925480051524429,0.09873724480146708,0.0997304733060046,0.11336716568790894
0.0,0.0,11.63784334743856,0.07198122317143567,0.5074781310195592,0.8964373932405989,0.8964373932405989,1.1258774356030057,0.5,0.0,9.00675302203852,14.430869689661812,hard,0.07923009869687711,0.09888210439974214,0.10022667528406401,0.11326002582901794
0.0,0.0,27.132124515004307,0.07258771265163397,0.49480877373318793,0.8964373932405989,0.8964373932405989,1.1135528725660044,0.5,0.0,25.365527788713564,14.430869689661812,hard,0.0792389989009865,0.09932999145306932,0.101798304037784,0.11360025443133161
0.0,0.0,11.929237735637946,0.07258807534470683,0.48484081986936944,0.8979977728257459,0.8979977728257459,1.1187493016757597,0.530659966456864,0.0,11.018965468681712,14.430869689661812,hard,0.07944976421071259,0.0995683727566127,0.10178998631456357,0.11329535180086744
0.0,0.0,26.597567090165082,0.07287067573308273,0.46339480818215106,0.8991106717195608,0.8991106717195608,1.1187493016757597,0.5589275444992848,0.0,23.17847277108654,14.430869689661812,hard,0.07960786207756879,0.1002624168957544,0.10244561295344615,0.1133909982672042
0.0,0.0,31.263465935226865,0.07311873728352788,0.4662717007908044,0.9,0.9,1.1412274094149684,0.6095900261651269,0.0,21.074306631535947,14.430869689661812,hard,0.07943020640308153,0.10039552888715615,0.10318734884485614,0.1134757566537331
0.0,0.0,16.912948581329744,0.0735045882708407,0.460308786086433,0.9425497334358541,0.9425497334358541,1.128007092176286,0.6539113089708726,0.0,16.73823168677026,14.430869689661812,hard,0.07943063550285819,0.10031841153842523,0.10326598566534509,0.11461708309591635
0.0,0.0,21.553292983572533,0.0738814644426618,0.461350081935178,1.0017983829094554,1.0017983829094554,1.1357816691600546,0.7871467461661771,0.0,18.245448747564417,14.430869689661812,hard,0.07938131622973238,0.10043316422919324,0.10320449399943186,0.11451152682281472
0.0,0.0,25.03999949597114,0.073708547481197,0.4351130833455559,1.0697663296253066,1.0697663296253066,1.1357816691600546,0.8248636250920511,0.0,21.269330031761697,14.430869689661812,hard,0.07952941743718213,0.1004566063379952,0.10255197317007421,0.11380385826790926
0.0,0.0,23.36043061929905,0.0736242225246046,0.4281724266945607,1.04,1.04,1.1565465835840767,0.848528137423857,0.0,20.26742213504224,14.430869689661812,hard,0.07943696854887905,0.10055730365140711,0.10213205841214436,0.11300684849704087
0.0,0.0,20.13928722856325,0.07388709999416936,0.3966118730228816,1.0688311372709909,1.0688311372709909,1.1565465835840767,0.8494704232638122,0.0,19.464644872177864,14.430869689661812,hard,0.07931137374888876,0.10038488532130348,0.10234625251252007,0.11298318455683658
0.0,0.0,23.79716781649245,0.07453822727939109,0.4357457450087869,1.0637668917577758,1.063766891757776,1.1791522378386938,0.845931439302264,0.0,21.56630705521926,14.430869689661812,hard,0.07949316006105213,0.10035878945965115,0.10277718047957546,0.11343751831634122
0.0,0.0,31.735348985902966,0.07547219546456921,0.40916619001057597,1.0198039027185568,1.019803902718557,1.1791522378386938,0.8522910301065008,0.0,31.62515454507693,14.430869689661812,hard,0.07952577822608835,0.10061491369383678,0.10307890267569979,0.11395339033324452
0.0,0.0,33.50302243408111,0.07622802241441348,0.40026144346849646,1.0824047302187845,1.0824047302187847,1.1813551540497886,0.7549834435270749,0.0,24.281589733788024,14.430869689661812,hard,0.08018036008878512,0.10070779027696401,0.10313145804264391,0.11483747102431074
0.0,0.0,31.515924277522288,0.07635103354437603,0.3721805189477376,1.0897706180660223,1.0897706180660223,1.1813551540497886,0.7269112738154498,0.0,27.335756803132412,14.430869689661812,hard,0.08000388450243777,0.10014935380870407,0.10283279264755453,0.11595831061263077
0.0,0.0,26.147575563541345,0.07699888618116692,0.3458601472956479,1.058300524425836,1.0583005244258363,1.1813551540497886,0.5919459434779497,0.0,18.705517902480004,14.430869689661812,hard,0.08077622317989012,0.10086871273169959,0.10298722256426734,0.11706267048109494
0.0,0.0,22.290193032059598,0.0771499467479159,0.4980982854769342,1.058300524425836,1.0583005244258363,1.2367699866992246,0.5919459434779497,0.0,19.77360867418995,14.430869689661812,hard,0.08098831584039928,0.1004857491213843,0.10310834226029361,0.11861155960659191
0.0,0.0,19.54474983750155,0.07732565982700954,0.541065916897244,1.0824047302187845,1.0824047302187847,1.2820296408429877,0.5517245689653488,0.0,19.540276354238184,14.430869689661812,hard,0.08111557731657233,0.10095761916947293,0.10307841552212788,0.1196517632574508
0.0,0.0,32.110543123812164,0.07767722542769294,0.5224290421866453,1.0824047302187845,1.0824047302187847,1.2820296408429877,0.5517245689653488,0.0,18.30804194882675,14.430869689661812,hard,0.08127815042936908,0.10130544838158734,0.10341730196052502,0.1206946891371924
0.0,0.0,39.020340873769065,0.07881648412061255,0.5456377410840525,1.0824047302187845,1.0824047302187847,1.2611106216347558,0.5517245689653488,0.0,32.5952389161362,14.430869689661812,hard,0.0820736076231693,0.10230226523220234,0.1046652466617037,0.12259474911580776
0.0,0.0,23.75057740037952,0.0798251072999215,0.5320112523116838,1.0824047302187845,1.0824047302187847,1.2745195173083856,0.5517245689653488,0.0,23.582569834519735,14.430869689661812,hard,0.08267782819346131,0.10366061101615869,0.10588674295640876,0.12410681534074541
0.0,0.0,36.08164873605892,0.08063680536900267,0.53695030705167,1.0824047302187845,1.0824047302187847,1.233531515608742,0.5517245689653488,0.0,20.768244990850814,14.430869689661812,hard,0.08324398220160442,0.10396367269778128,0.10714783267469175,0.12625637225886396
0.0,0.0,26.554576917879384,0.08086207278642044,0.5180973240648532,1.0824047302187845,1.0824047302187847,1.2297967311714568,0.5517245689653488,0.0,18.947305877089754,14.430869689661812,hard,0.08355614264448577,0.10431455435054221,0.10736945267931683,0.127699846290275
0.0,0.0,34.446861823782925,0.08174426141793988,0.49743136185972403,1.0824047302187845,1.0824047302187847,1.2297967311714568,0.5517245689653488,0.0,34.9499585121356,14.430869689661812,hard,0.0838242612770637,0.10506939586152508,0.10831354855885632,0.12911162825092617
0.0,0.0,39.735117133252515,0.08240852367363675,0.5130681294886656,1.0770329614269007,1.0770329614269007,1.269488085804668,0.5810335618533581,0.0,23.58580081320115,14.430869689661812,hard,0.08408413091199694,0.1058630290586076,0.10956519342095972,0.12924428557810275
0.0,0.0,16.608707340208692,0.08268040752620587,0.4997294117318466,1.1007270324653609,1.100727032465361,1.296148139681572,0.6082762530298219,0.0,16.169712427869584,14.430869689661812,hard,0.0840836375845895,0.10594823866558017,0.10998177563407856,0.12993644692610667
0.0,0.0,17.893051002555346,0.08276780997239434,0.4752631737890312,1.123565752415051,1.123565752415051,1.296148139681572,0.6337191807101944,0.0,17.785387260332566,14.430869689661812,hard,0.08425703383357219,0.1062733860712819,0.11019872594990081,0.13037680252335196
0.0,0.0,26.309273364831483,0.08285900698595705,0.49628356542411195,1.1320777358467924,1.1320777358467924,1.3219682295728592,0.68,0.0,18.948393071709273,14.430869689661812,hard,0.08505196955900479,0.1063827679140953,0.11033360184591585,0.13094497141694075
0.0,0.0,34.232756543562786,0.08240245649935828,0.47164105831413977,1.1142710621747294,1.1142710621747294,1.3219682295728592,0.7909487973314075,0.0,23.53619340505172,14.430869689661812,hard,0.08543287217043079,0.10675501254913974,0.1097910591915357,0.13102047117145357
0.0,0.0,40.00448991554547,0.08158971958926424,0.4877877364869785,1.0665833300778707,1.0665833300778707,1.3469966592386189,0.848528137423857,0.0,39.38060944170367,14.430869689661812,hard,0.08554657537222461,0.10710016341887497,0.10850213296714342,0.13023138104157095
0.0,0.0,33.95421251862069,0.08198993721104492,0.4939019480519213,1.0316976301223144,1.0316976301223144,1.3566134305689295,0.8774964387392121,0.0,33.677553355313684,14.430869689661812,hard,0.08642859782728066,0.10794477108247211,0.10940252703437864,0.1298138310252455
0.0,0.0,34.88302522495685,0.08243769084054355,0.4792852330401512,1.0283968105745953,1.0283968105745953,1.3566134305689295,0.8863407922464136,0.0,32.27496862895455,14.430869689661812,hard,0.08660341265716927,0.10819667860911854,0.11077520580016537,0.12706159447510998
0.0,0.0,23.64521190867096,0.0823672168167965,0.4668474294968473,1.0476640682967036,1.0476640682967036,1.3566134305689295,0.8845337754998392,0.0,21.44738678720557,14.430869689661812,hard,0.0868287759974567,0.10823688176892386,0.11085262434403674,0.12691734404109228
0.0,0.0,18.39270427735525,0.08208536921562305,0.44823569676583186,1.050904372433572,1.050904372433572,1.3566134305689295,0.8856635930193812,0.0,18.641984872861578,14.430869689661812,hard,0.08736734034319406,0.10880566489161159,0.1106601479566015,0.12683425342495727
0.0,0.0,34.74917224277185,0.08202539086966362,0.44089784931354287,0.9951884243699782,0.9951884243699783,1.3566134305689295,0.8246211251235321,0.0,24.061795444230675,14.430869689661812,hard,0.08765323273260445,0.10935441929283465,0.1104154823279145,0.12614579273698118
0.0,0.0,24.610196613934086,0.08204793581405098,0.43178685014271884,0.9951884243699782,0.9951884243699783,1.3566134305689295,0.8246211251235321,0.0,23.639162421710292,14.430869689661812,hard,0.08824493930511229,0.11002499838023379,0.11021681508873638,0.12566425323498245
0.0,0.0,44.138483436625755,0.08153023635653898,0.47563257031077383,0.96,0.96,1.4119490075778234,0.7547184905645282,0.0,41.52803390482145,14.430869689661812,hard,0.0884428638298828,0.10955795748525962,0.10932018319788951,0.12219426939411442
0.0,0.0,36.40263220026065,0.08151589332145324,0.46509650954250714,0.9848857801796106,0.9848857801796105,1.4119490075778234,0.6696267617113283,0.0,24.920674148184673,14.430869689661812,hard,0.08954378773239673,0.10943964318960786,0.10918928371609474,0.12251516625228191
0.0,0.0,14.674967490567948,0.0816585438756798,0.4539199018335241,0.9600000000000001,0.96,1.4058449416631977,0.6374950980203691,0.0,14.96395669600791,14.430869689661812,hard,0.08982029426785122,0.10934398699186693,0.10977599015010878,0.1224161191973934
0.0,0.0,20.712479679346433,0.08150104670589353,0.4382558457804702,0.9433981132056605,0.9433981132056604,1.4058449416631977,0.6352952069707437,0.0,20.05517389602992,14.430869689661812,hard,0.08999438033304397,0.10987809353539166,0.10982856934673123,0.12226713449741716
0.0,0.0,30.959407101824546,0.08151973383048844,0.4363612776121162,0.9433981132056605,0.9433981132056604,1.385063175454463,0.6352952069707437,0.0,20.990940903161057,14.430869689661812,hard,0.09015266522045663,0.11063620772607247,0.11025210387737748,0.12220373250746279
0.0,0.0,17.463338963310907,0.08167159962777357,0.4997836428014315,0.9433981132056605,0.9433981132056604,1.3915459029439166,0.6352952069707437,0.0,16.70387978883948,14.430869689661812,hard,0.09048421674059406,0.11092789680352691,0.11056543093333178,0.12231899184437907
0.0,0.0,17.537954229131955,0.08160206108598447,0.5182292160224239,0.9433981132056605,0.9433981132056604,1.4177446878757824,0.6352952069707437,0.0,13.584638383114951,14.430869689661812,hard,0.09062623681864673,0.11136394364696936,0.11051824884204832,0.1219787831368615
0.0,0.0,22.18932270269854,0.08162007037185652,0.4949743591355511,0.9433981132056605,0.9433981132056604,1.4177446878757824,0.6352952069707437,0.0,20.51447293985395,14.430869689661812,hard,0.09079906805799452,0.11121451187768545,0.11095951491183759,0.12216655073179995
0.0,0.0,19.217489085773153,0.08168209832833524,0.48318244101946056,0.9433981132056605,0.9433981132056604,1.409113196304683,0.6352952069707437,0.0,15.87734234687909,14.430869689661812,hard,0.09112386695752413,0.11111724050377136,0.11160226199059912,0.12278113444128086
0.0,0.0,25.34726743526892,0.08172837284204201,0.4640023261117055,0.9600000000000001,0.96,1.409113196304683,0.6633249580710799,0.0,24.18387065794059,14.430869689661812,hard,0.09157828667763065,0.11106070548745327,0.11246496176951341,0.12182841168500884
0.0,0.0,26.759455762986867,0.08188110524107879,0.4390194117239167,0.9340235543068494,0.9340235543068494,1.409113196304683,0.6896375859826668,0.0,20.50463362267173,14.430869689661812,hard,0.09156073476587545,0.11103626841716761,0.11345305453377602,0.12086668965615188
0.0,0.0,14.477554978461411,0.08222098808519965,0.4291527433977174,0.9340235543068494,0.9340235543068494,1.4001428498549708,0.6896375859826668,0.0,14.381223870032757,14.430869689661812,hard,0.09169229403053675,0.11128580706901545,0.11413360251196837,0.12083774375685005
0.0,0.0,20.00509550084208,0.08220510578746713,0.44408437458514727,0.9389355675444403,0.9389355675444402,1.4192955999368138,0.7144228439796702,0.0,13.489017755196263,14.430869689661812,hard,0.09117043183236394,0.11119548919752996,0.11438083927394435,0.12140616329464386
0.0,0.0,20.498312985292113,0.08226405156341869,0.42439487197807946,1.0057832768544126,1.0057832768544126,1.437915157441495,0.82,0.0,18.75189590414793,14.430869689661812,hard,0.09094096590828467,0.1109974671995109,0.11465422282342222,0.1222726813516506
0.0,0.0,24.00693272190097,0.08251203665149237,0.38711704333586505,0.9856977224281286,0.9856977224281286,1.437915157441495,0.9219544457292888,0.0,23.691044721582035,14.430869689661812,hard,0.0905952246840343,0.11116077381017218,0.11507452028817895,0.12269659855414869
0.0,0.0,26.391956180408275,0.08373709530509567,0.45482640405038655,1.0111379727811631,1.0111379727811631,1.425622670975739,0.9583318840568752,0.0,25.88300600780365,14.430869689661812,hard,0.09025058522576421,0.11242458025578202,0.11622501882710119,0.12257261329056104
0.0,0.0,21.26196656460383,0.08416442457936561,0.48914888219857144,1.049952379872535,1.049952379872535,1.4344336861632887,0.9591663046625439,0.0,15.649971245979975,14.430869689661812,hard,0.09004868845285154,0.11284259991420885,0.1163171817998138,0.12154472565368254
0.0,0.0,20.54898832300308,0.08436164924923645,0.504688817272945,1.0392304845413263,1.0392304845413265,1.4368020044529448,0.9765244492586963,0.0,16.032766448744894,14.430869689661812,hard,0.0900840407886001,0.11321574923960193,0.11660274583995084,0.1204997197304124
0.0,0.0,15.631292492822654,0.08456934417670278,0.489947851086151,1.0897706180660223,1.0897706180660223,1.4368020044529448,0.98,0.0,14.274788965165124,14.430869689661812,hard,0.09002646680246155,0.11368124961497064,0.11671451619243607,0.11986409247572274
0.0,0.0,23.911725270682503,0.08493620028060234,0.46981159860368576,1.1364858116140297,1.1364858116140297,1.4368020044529448,0.9442457307290301,0.0,19.19649968093142,14.430869689661812,hard,0.08954631418286609,0.11403174808052693,0.11705313398749605,0.12030491620680257
0.0,0.0,26.197461459609944,0.08477467850259598,0.4973785543828062,1.0770329614269007,1.0770329614269007,1.4422205101855958,0.9389355675444402,0.0,21.903068278211617,14.430869689661812,hard,0.0895264801936516,0.11395377601894177,0.11654417525391975,0.12105546162684362
0.0,0.0,34.582705804316916,0.08437534141696637,0.5167939494000857,1.0355674772799695,1.0355674772799695,1.4572576985557495,0.8392854103342915,0.0,31.776821741640553,14.430869689661812,hard,0.08948148204372698,0.11342522490632588,0.11496715788137715,0.12210913881991167
0.0,0.0,23.072161273937475,0.08466765473358577,0.5278555252436636,1.0665833300778707,1.0665833300778707,1.4718695594379279,0.7525955088890712,0.0,23.438950488449773,14.430869689661812,hard,0.09083602770455278,0.11374180690400126,0.11441709295545441,0.12226128949237322
0.0,0.0,22.855626345333885,0.08490265297238755,0.4999229182128068,1.0934349546269317,1.0934349546269317,1.4718695594379279,0.6708203932499369,0.0,16.104968177553165,14.430869689661812,hard,0.0914797958266969,0.11341004006531062,0.1140991711872813,0.12283229441364481
0.0,0.0,10.007622450609205,0.08514290608002258,0.512139320692796,1.0954451150103324,1.0954451150103324,1.5127458477880547,0.6705221845696083,0.0,9.301612763386787,14.430869689661812,hard,0.0919562044410531,0.11365104699031234,0.11402632672455458,0.12298251804739979
0.0,0.0,18.56795618627932,0.08552929537971969,0.5361173673137051,1.0954451150103324,1.0954451150103324,1.5394804318340654,0.6705221845696083,0.0,10.995926518488563,14.430869689661812,hard,0.0920201306198936,0.1140878880516793,0.1141400151292208,0.12355233849309447
0.0,0.0,13.287801420085314,0.08558319374138354,0.5240775320251759,1.0954451150103324,1.0954451150103324,1.5651198037211083,0.6705221845696083,0.0,7.495838845652967,14.430869689661812,hard,0.09236925453414176,0.11440258824786989,0.1140113148030364,0.12347420894024963
0.0,0.0,21.134444967418087,0.08581905640936634,0.5012094760053882,1.0954451150103324,1.0954451150103324,1.5651198037211083,0.6705221845696083,0.0,17.956881689202053,14.430869689661812,hard,0.09283646845252308,0.11463232425124219,0.11409167064569783,0.12427250655103343
0.0,0.0,11.103368194514557,0.08586374628460153,0.4841971327608725,1.0954451150103324,1.0954451150103324,1.538960688256851,0.6705221845696083,0.0,9.741888933877249,14.430869689661812,hard,0.09256910173012545,0.11485768216686432,0.11403035112938195,0.12436870899253753
0.0,0.0,15.148220583136377,0.0859795107827528,0.46327113146459414,1.0954451150103324,1.0954451150103324,1.538960688256851,0.6705221845696083,0.0,8.371475377733605,14.430869689661812,hard,0.0925017935202696,0.11526004364977195,0.11411111688215682,0.12469325411139856
0.0,0.0,14.458003195204064,0.0861437281011324,0.43888866533198795,1.0954451150103324,1.0954451150103324,1.538960688256851,0.6705221845696083,0.0,13.669308687713508,14.430869689661812,hard,0.09251331203804729,0.11570853919856972,0.11427100758242918,0.12510519022180352
0.0,0.0,21.375403867348453,0.08657157587156226,0.4300066179988772,1.1151681487560519,1.1151681487560519,1.512084653714864,0.6988562083862458,0.0,16.447796204963144,14.430869689661812,hard,0.09370105544727299,0.11585102325378371,0.11434370330446285,0.1257510184679369
0.0,0.0,17.578353607758526,0.08700693925740831,0.4393804777821843,1.1151681487560519,1.1151681487560519,1.50996688705415,0.6988562083862458,0.0,17.41672759159998,14.430869689661812,hard,0.0939635158261199,0.11610993196536173,0.1145798693602972,0.12700810733611012
0.0,0.0,9.419812304462509,0.0871465722008826,0.4153970342941134,1.1151681487560519,1.1151681487560519,1.50996688705415,0.6988562083862458,0.0,8.80672470331621,14.430869689661812,hard,0.09390216819540907,0.11617547287275648,0.1146705732559245,0.1277333377457334
0.0,0.0,15.860200287536957,0.08724247198096716,0.39342140412181603,1.0809255293497326,1.0809255293497326,1.50996688705415,0.7507329751649384,0.0,16.03775545392808,14.430869689661812,hard,0.09383154102344436,0.11630935230061858,0.11505071143601386,0.12746739130970236
0.0,0.0,25.97282539117781,0.08779780808987321,0.35777309340694013,1.0983624174196784,1.0983624174196784,1.50996688705415,0.9068627239003708,0.0,25.38094560886178,14.430869689661812,hard,0.09392754131646183,0.11663115023913487,0.11607934473230618,0.12696843140586575
0.0,0.0,16.674839375662632,0.0879012864908508,0.35345664674408894,1.0992724866929036,1.0992724866929036,1.5085091978506462,0.9526804291051644,0.0,13.415349417737877,14.430869689661812,hard,0.0939691429004093,0.11673744223769218,0.11648814449931881,0.12684266382891946
0.0,0.0,21.522142128576107,0.08795196143079423,0.34860432397230384,1.0799999999999998,1.0799999999999998,1.5460918472070149,0.9457272334029511,0.0,14.165606234821015,14.430869689661812,hard,0.0945308426858997,0.11663842665541775,0.11702066985414518,0.12646406032685314
0.0,0.0,12.98123615503629,0.08818839884588978,0.3130234412866282,1.06,1.06,1.5460918472070149,0.9433981132056604,0.0,12.501215940859513,14.430869689661812,hard,0.09542802925000302,0.11681314355786866,0.11718523563888178,0.12669743379308215
0.0,0.0,23.839318261641868,0.08865866253676616,0.2872354072254806,1.0392304845413265,1.0392304845413265,1.5460918472070149,0.9346657156438338,0.0,22.090866891093253,14.430869689661812,hard,0.09617375698917824,0.11708263056288247,0.1179534843378897,0.1265293330056007
0.0,0.0,18.45964226752272,0.0892677287398366,0.39071918596436056,1.0239140588936162,1.0239140588936162,1.5467385040788246,0.9693296652842107,0.0,17.73661749037848,14.430869689661812,hard,0.09693955230916586,0.1179329858787427,0.119189364744288,0.12649407762515422
0.0,0.0,38.71340760081934,0.08995885595591864,0.5030787595350859,0.9840731680114033,0.9840731680114033,1.5835403373454053,0.9593747964169165,0.0,27.79157426271495,14.430869689661812,hard,0.09604638937442844,0.11802278728718808,0.12019647051360052,0.1274675137411914
0.0,0.0,14.995962650136706,0.09056590140424615,0.49162369929516764,1.0392304845413265,1.0392304845413265,1.5793669617919708,0.8717797887081347,0.0,14.673186429675049,14.430869689661812,hard,0.09684859560859635,0.11848299510223112,0.12146670244861484,0.1278077849619965
0.0,0.0,16.8142959175028,0.09080938635950014,0.5174163092939299,1.0770329614269007,1.0770329614269007,1.5905973720586866,0.8009993757800314,0.0,12.322743201089601,14.430869689661812,hard,0.09715014722402691,0.11855458027132171,0.12225294836116571,0.12792478339135363
0.0,0.0,18.27055654923263,0.09105825140449438,0.5197740677040694,1.034601372510205,1.034601372510205,1.6051168181786646,0.76,0.0,18.10299422747519,14.430869689661812,hard,0.09721058232615089,0.11874122267442763,0.12302453626118694,0.12829270996432698
0.0,0.0,11.201615913779927,0.09110581544474099,0.49817630589042705,1.0725670142233537,1.0725670142233539,1.6051168181786646,0.7418894796396563,0.0,9.916471146531915,14.430869689661812,hard,0.09733857113056545,0.11876037309803782,0.12300390677470235,0.12882570422691994
0.0,0.0,8.952038650315826,0.0912447122000478,0.4781055255082889,1.0283968105745953,1.0283968105745953,1.5869467539901898,0.6928203230275509,0.0,8.243203260868919,14.430869689661812,hard,0.09752309282767324,0.11913735166136145,0.12329456163442268,0.1292215855802989
0.0,0.0,14.630700689069597,0.09089844076608287,0.4540290831517803,1.0283968105745953,1.0283968105745953,1.5869467539901898,0.6928203230275509,0.0,14.232371552204501,14.430869689661812,hard,0.0976777143058974,0.11866637616449498,0.12290664900314169,0.12942401106499343
0.0,0.0,14.27745821845249,0.0909916337689141,0.4458024092791457,1.0049875621120892,1.004987562112089,1.606113321033108,0.6660330322138687,0.0,13.032513188176715,14.430869689661812,hard,0.09789849016641028,0.11859704669419739,0.12309371009960544,0.12951231898745977
0.0,0.0,16.315944926068244,0.09121215077418175,0.43917645987251996,1.0049875621120892,1.004987562112089,1.6,0.6660330322138687,0.0,15.823134961188948,14.430869689661812,hard,0.09792220497048526,0.11864975525917319,0.12383312754282937,0.12989150247550585
0.0,0.0,7.198430229769021,0.09135359261186463,0.41509072405981334,1.0049875621120892,1.004987562112089,1.6,0.6660330322138687,0.0,6.563657516964152,14.430869689661812,hard,0.09797386895987899,0.1187437655454625,0.12409191390877838,0.12995500057829218
0.0,0.0,7.05306906626407,0.09149787723812784,0.4049796163838342,1.0049875621120892,1.004987562112089,1.5683111936092275,0.6660330322138687,0.0,6.252199612936235,14.430869689661812,hard,0.09796369117712327,0.11883673686183983,0.12450389446338733,0.1303106350507539
0.0,0.0,8.555036006357765,0.0914167394783116,0.40360292122679237,1.0049875621120892,1.004987562112089,1.5357083056361973,0.6660330322138687,0.0,7.88913176464939,14.430869689661812,hard,0.09793154927809479,0.11872175956502762,0.12452745392441081,0.13093001017658443
0.0,0.0,16.15193264229452,0.09140691341382873,0.40397405606567766,1.0049875621120892,1.004987562112089,1.5415576538034508,0.6660330322138687,0.0,10.436110386537697,14.430869689661812,hard,0.09798440964801483,0.11851895010889694,0.1243616433293751,0.1319686519364889
0.0,0.0,15.946424634361971,0.09154274121551248,0.37862611149598496,1.0049875621120892,1.004987562112089,1.5415576538034508,0.6660330322138687,0.0,15.512330579252108,14.430869689661812,hard,0.09795111964367013,0.11861614199783158,0.125138520632734,0.13220765365249387
0.0,0.0,15.455430452830695,0.09165403894904947,0.37502211567846644,1.0049875621120892,1.0049875621120892,1.5341447128612085,0.6988562083862458,0.0,8.26048424730657,14.430869689661812,hard,0.09805469038998332,0.11852299624910745,0.12544429540673402,0.1322581552324366
0.0,0.0,19.76649398809551,0.09221045125087912,0.41387920369114184,0.9856977224281286,0.9856977224281286,1.5621779668142806,0.8919641248391103,0.0,18.177359544224238,14.430869689661812,hard,0.09801504822078673,0.11909292045587716,0.12558242495648425,0.13347223514002152
0.0,0.0,19.59455779320431,0.09254445864988603,0.4299573565806581,1.0268398122394748,1.0268398122394748,1.591979899370592,0.947417542586161,0.0,12.765641386158393,14.430869689661812,hard,0.09814261878087349,0.119247177734161,0.12558511386616947,0.13455423603032432
0.0,0.0,12.450547590674585,0.09285045196703462,0.39330085321461095,1.019803902718557,1.019803902718557,1.591979899370592,0.9707728879609279,0.0,11.08303207610625,14.430869689661812,hard,0.09813462901072431,0.11931251251558567,0.12574882402826731,0.13573407449066355
0.0,0.0,17.641886140937537,0.09266296370191086,0.40770475750758034,1.0392304845413265,1.0392304845413265,1.5874507866387546,0.9591663046625439,0.0,17.495187909822516,14.430869689661812,hard,0.09844923324983464,0.11937703288612372,0.12529563044148695,0.1357283444240689
0.0,0.0,22.026542422438446,0.09260324269895324,0.45586206251000505,1.019803902718557,1.019803902718557,1.5850552040859651,0.9457272334029511,0.0,20.632983303439183,14.430869689661812,hard,0.09876062951102134,0.11953269443352879,0.1247323829245615,0.13577929414034262
0.0,0.0,13.599833211515852,0.0927524092596463,0.45489861264121545,1.0332473082471592,1.0332473082471592,1.6155494421403511,0.9593747964169165,0.0,9.717695199994697,14.430869689661812,hard,0.09882930700358417,0.1194665968518992,0.12431715345265891,0.13664633918138633
0.0,0.0,31.079256341758942,0.09353475263891632,0.4691076058950182,1.065082156455548,1.065082156455548,1.6076069171286866,0.9991996797437438,0.0,26.62405679080481,14.430869689661812,hard,0.09784817655517855,0.11951075785272812,0.12395012385246093,0.1379216810578586
0.0,0.0,35.5284125248108,0.09372013324201658,0.48426287398030754,1.019803902718557,1.019803902718557,1.611086589851706,0.9086253353280438,0.0,31.657700485032073,14.430869689661812,hard,0.09773639585069402,0.11871596385109466,0.12435513484978296,0.13825085804128526
0.0,0.0,30.256180380057472,0.09423537320623683,0.487861961839373,0.9911609354691093,0.9911609354691093,1.5874507866387544,0.8799999999999998,0.0,25.208260550859112,14.430869689661812,hard,0.09765929160229836,0.11984044084771595,0.12499010713385134,0.13847159712572166
0.0,0.0,13.500969236911303,0.0945255582183187,0.4770815012858304,1.0087616170334794,1.0087616170334794,1.5885842753848471,0.8138795979750321,0.0,12.81250951219159,14.430869689661812,hard,0.09788907387852648,0.12004199438297064,0.12525720483933137,0.13866717072881313
0.0,0.0,18.85423655793251,0.09464199990338677,0.4868983457031051,0.9887365675446621,0.988736567544662,1.6154256405046936,0.7756287771866126,0.0,18.149203839287274,14.430869689661812,hard,0.09813956279072202,0.11990732003538981,0.1253296390885702,0.13896223132264518
0.0,0.0,20.09787497393195,0.09440711217949616,0.49616140173991075,0.9718024490605074,0.9718024490605074,1.6031219541881396,0.7378346698278687,0.0,18.882256221119338,14.430869689661812,hard,0.09825750557353649,0.11963663688537277,0.12458878463261489,0.13947687683606785
0.0,0.0,17.65302731984802,0.09431611858338844,0.4718834166242456,0.9951884243699782,0.9951884243699782,1.6031219541881396,0.71442284397967,0.0,16.929985233307207,14.430869689661812,hard,0.09866165260968777,0.11936636160647812,0.12401454028008782,0.13960700445008353
0.0,0.0,15.11599723672937,0.09450689024103891,0.4425930042186578,1.0176443386566842,1.0176443386566842,1.6031219541881396,0.6896375859826667,0.0,14.92569596367285,14.430869689661812,hard,0.09870226554959076,0.11946203523098105,0.12423740979439457,0.13966662004260177
0.0,0.0,9.590315344511087,0.09466898005648765,0.43233197499136783,1.0176443386566842,1.0176443386566842,1.5904716281656834,0.6896375859826667,0.0,8.799909090439515,14.430869689661812,hard,0.09937471557905299,0.1195274440868009,0.12421519901265714,0.13981224060115993
0.0,0.0,11.01981980158546,0.09501457703554297,0.42071090708042613,1.0176443386566842,1.0176443386566842,1.5900943368240765,0.6896375859826667,0.0,10.080158728908987,14.430869689661812,hard,0.09957066928617228,0.11970362725279457,0.12439555460497963,0.14010551286098016
0.0,0.0,21.409954981561558,0.09544612063053477,0.39996682058752403,1.0176443386566842,1.0176443386566842,1.5900943368240765,0.6896375859826667,0.0,15.362603945946141,14.430869689661812,hard,0.09980024443375436,0.11992651578145905,0.12488083721276245,0.1406312954161316
0.0,0.0,14.356473682357564,0.09603989262740485,0.37618105174264155,1.0176443386566842,1.0176443386566842,1.5900943368240765,0.6896375859826667,0.0,13.84169064818312,14.430869689661812,hard,0.10061909146146011,0.12060601806152849,0.12529700501769941,0.14087540371663573
0.0,0.0,29.38576915337371,0.09633496305529254,0.357621249564025,1.0176443386566842,1.0176443386566842,1.5900943368240765,0.6896375859826667,0.0,17.888868046916773,14.430869689661812,hard,0.10091104834273007,0.12048447920975736,0.12531901327550538,0.14162729443551758
0.0,0.0,7.872887971392503,0.09643474075587827,0.4009982770347371,1.0176443386566842,1.0176443386566842,1.5894653189044423,0.6896375859826667,0.0,7.03420215802759,14.430869689661812,hard,0.1009250072055567,0.12026403910859768,0.12550872779285407,0.14216456179182016
0.0,0.0,21.52159654753764,0.09710325715189784,0.37352497002151025,1.019803902718557,1.019803902718557,1.5894653189044423,0.6928203230275509,0.0,17.13407132003366,14.430869689661812,hard,0.1014319391739625,0.120452216363856,0.12601176786103965,0.1426437824513387
0.0,0.0,20.27466655617839,0.0969931942517203,0.35040018554682856,1.0150862032359615,1.0150862032359615,1.5894653189044423,0.7525955088890712,0.0,20.17864217433869,14.430869689661812,hard,0.10148948696032171,0.11990805118145725,0.1259386316113751,0.1428633301360413
0.0,0.0,18.213396979225084,0.09733742431752565,0.35206429548031043,1.0017983829094554,1.0017983829094554,1.5759441614473528,0.8306623862918074,0.0,17.931157240959102,14.430869689661812,hard,0.10186906677359324,0.1202038728921903,0.12660769434049815,0.14288957152596407
0.0,0.0,19.42594288359307,0.09725070010200741,0.3793600867497257,0.9830564581955606,0.9830564581955606,1.5999999999999999,0.8944271909999159,0.0,14.416115981775395,14.430869689661812,hard,0.10159994051091907,0.11980993821756619,0.12677245094021997,0.1430219873575655
0.0,0.0,23.955992963835396,0.09718017040124757,0.38619772130998437,0.9431860898041277,0.9431860898041277,1.5986244086714052,0.9600000000000001,0.0,12.955246041662042,14.430869689661812,hard,0.10166012016306337,0.1196176840051702,0.12678211357077038,0.14290236012389235
0.0,0.0,16.394311824241846,0.097019001366002,0.4346600021510446,0.9433981132056604,0.9433981132056604,1.5676734353812338,0.9551963149007643,0.0,11.474859476263752,14.430869689661812,hard,0.10147939274336502,0.11906085637249728,0.12714956575345196,0.1428636633813839
0.0,0.0,15.902005701476675,0.09678819328245299,0.4347324337588593,0.9433981132056604,0.9433981132056604,1.5652475842498528,0.9651942809610924,0.0,15.514071032453089,14.430869689661812,hard,0.1009511384013726,0.11840598834092565,0.1271418354622768,0.14287517701821761
0.0,0.0,28.059716574321996,0.09730812653435111,0.40991287774481516,0.9840731680114034,0.9840731680114034,1.5652475842498528,1.044030650891055,0.0,24.34242387273708,14.430869689661812,hard,0.1018094748524141,0.11827842641639495,0.1275368892056328,0.1428356540544123
0.0,0.0,17.622131735601315,0.09743483814095302,0.44166460939636915,0.9797958971132713,0.9797958971132713,1.5976232346833217,0.938083151964686,0.0,17.648795992928243,14.430869689661812,hard,0.10208529574616555,0.11825539382477669,0.12786663419396166,0.14277017914008433
0.0,0.0,18.903861939616014,0.09772433780956064,0.43998697750812155,1.0215674231297707,1.0215674231297707,1.6069847541280533,0.9035485598461215,0.0,18.99605222144854,14.430869689661812,hard,0.10145522030677373,0.1183465792189443,0.12807898786239894,0.1429996020289655
0.0,0.0,10.135035520602163,0.09766963351654745,0.43232260226348024,1.0239140588936164,1.0239140588936164,1.62837342154679,0.8774964387392122,0.0,9.729152069939085,14.430869689661812,hard,0.10185361997231712,0.1182973160922333,0.12787566454165372,0.1430513116594949
0.0,0.0,17.513163621646335,0.09750636668127073,0.4289306428338915,1.0047885349664378,1.0047885349664378,1.6933989488599548,0.8569714114251419,0.0,11.011648377967761,14.430869689661812,hard,0.10185433600909836,0.11827598058618254,0.12709646338962258,0.14305593507018746
0.0,0.0,31.765701721279154,0.0981625625616608,0.41380139966877416,0.9846826900072937,0.9846826900072937,1.6894969665554302,0.8138795979750322,0.0,32.01937538428881,14.430869689661812,hard,0.1027714822945367,0.11937122374692657,0.12671438884136074,0.143084378535863
0.0,0.0,14.63297245993472,0.09810333808602024,0.38514082603190175,0.9431860898041277,0.9431860898041277,1.6894969665554302,0.7756287771866126,0.0,8.59767410408187,14.430869689661812,hard,0.10254344953463408,0.11978346835842024,0.12629685063203114,0.1429990221772721
0.0,0.0,10.33962875510901,0.09794873076641886,0.3646629644759841,0.9210863151735563,0.9210863151735563,1.6894969665554302,0.7549834435270749,0.0,9.992176939986603,14.430869689661812,hard,0.10245855449891447,0.1198928954142741,0.12620627756355685,0.14309847885797117
0.0,0.0,17.245960248241765,0.09766834551593688,0.3469280134572161,0.9210863151735563,0.9210863151735563,1.6894969665554302,0.7549834435270749,0.0,9.793957320715666,14.430869689661812,hard,0.10245855449891447,0.11985406793194214,0.12546583066573588,0.14298827082768686
0.0,0.0,10.001625337061839,0.09774986273824854,0.3262365106825913,0.9210863151735563,0.9210863151735563,1.6894969665554302,0.7549834435270749,0.0,9.482109469943913,14.430869689661812,hard,0.10242572511494796,0.12012401777560498,0.12536159337534267,0.1430131165703975
0.0,0.0,26.564023807556456,0.09781790904294016,0.3344573618622295,0.8997777503361595,0.8997777503361595,1.6493635136015348,0.705407683541936,0.0,26.479607247842626,14.430869689661812,hard,0.10272072124567252,0.11922359094667628,0.12523240202977587,0.14298937585241706
0.0,0.0,25.614464082341495,0.09779151208725066,0.3636969608469507,0.8997777503361595,0.8997777503361595,1.6881943016134133,0.705407683541936,0.0,15.714961024450554,14.430869689661812,hard,0.10282542877716745,0.11941320253176765,0.12512559508474766,0.1431467622843223
0.0,0.0,15.451367538700307,0.09818806249235854,0.3770220538600216,0.8997777503361595,0.8997777503361595,1.7069270634681495,0.705407683541936,0.0,15.366196666709687,14.430869689661812,hard,0.10308497925376871,0.1199853020274706,0.12590325464392682,0.14324966988588747
0.0,0.0,18.210203826206428,0.09859178743667252,0.38023780920440686,0.8997777503361595,0.8997777503361595,1.7018813119603846,0.705407683541936,0.0,17.71698619968983,14.430869689661812,hard,0.10329073538116305,0.12051898692950107,0.12679475504654458,0.14330191079011798
0.0,0.0,15.811762111019023,0.09867265535796618,0.39731999323696776,0.8997777503361595,0.8997777503361595,1.6672132437093943,0.705407683541936,0.0,14.947387731640603,14.430869689661812,hard,0.10352610025337494,0.12067616681599751,0.1270755249854283,0.1435124491537211
0.0,0.0,15.661904885143754,0.09901439047873746,0.36684600833766134,0.9,0.9,1.6672132437093943,0.7717512552629895,0.0,14.623282805170664,14.430869689661812,hard,0.1037643782791923,0.12129867833287354,0.12745121955671426,0.14388056881681383
0.0,0.0,8.90853538770812,0.09916944231542434,0.34357170676882504,0.9217374897442331,0.9217374897442331,1.6672132437093943,0.7999999999999999,0.0,8.396570728577233,14.430869689661812,hard,0.10374270712249936,0.1215000911037155,0.1278690196155049,0.14419143419453637
0.0,0.0,23.149759840746725,0.09978751139632301,0.3655691919625791,1.0239140588936164,1.0239140588936164,1.6910351859142376,0.8774964387392122,0.0,23.312623190023036,14.430869689661812,hard,0.10427746501415368,0.12227943492199927,0.12808407619164588,0.14451791943008288
0.0,0.0,17.463716398038713,0.09997974964890001,0.4221215209618014,1.0047885349664376,1.0047885349664376,1.7417232845661792,0.916515138991168,0.0,17.470157411998326,14.430869689661812,hard,0.10420567290242166,0.12249880550480802,0.1282575951295057,0.14503545716380292
0.0,0.0,17.060560188367976,0.10090555511193387,0.43710927886573975,1.02469507659596,1.02469507659596,1.727888885316414,0.9297311439335567,0.0,16.188193228399516,14.430869689661812,hard,0.10506197806661728,0.12355331359852074,0.1286974338113363,0.1457833109645926
0.0,0.0,22.102802715720507,0.10100826039706386,0.45809384355653265,1.004987562112089,1.004987562112089,1.7205812971202494,0.9643650760992956,0.0,21.994772106116493,14.430869689661812,hard,0.10466213152216845,0.12386956629432291,0.128538431959279,0.1459683000547178
0.0,0.0,18.1800196699815,0.10130328753256922,0.4287256004784298,1.02469507659596,1.02469507659596,1.7205812971202494,0.9961927524329817,0.0,17.377560243026064,14.430869689661812,hard,0.10532089063237987,0.12441905791605103,0.12872618571025693,0.14591752290221288
0.0,0.0,20.293693927876394,0.10162249811344164,0.394949271672011,1.0770329614269007,1.0770329614269007,1.7205812971202494,0.9516301802696255,0.0,20.166318454294032,14.430869689661812,hard,0.10505938725572236,0.1250960892553908,0.12928033545911705,0.14644637655471596
0.0,0.0,16.101943433774956,0.10183252716613844,0.44432751650059543,1.0239140588936164,1.0239140588936164,1.6933989488599548,0.925418824100742,0.0,10.27120246125058,14.430869689661812,hard,0.10528494386622868,0.1251086609608006,0.12940815646776843,0.14718950565592676
0.0,0.0,15.910681317340485,0.10204946245281202,0.4544440428183029,1.0041912168506553,1.0041912168506553,1.6527552752903256,0.905317623820502,0.0,9.617671235803394,14.430869689661812,hard,0.10549449002058019,0.12513764200803143,0.1294444559897836,0.14772507057524784
0.0,0.0,21.31612626426074,0.10228373163935287,0.4197875046152089,1.0047885349664376,1.0047885349664376,1.6527552752903256,0.8908422980528036,0.0,18.877764698183945,14.430869689661812,hard,0.10591598995534429,0.12466042949907692,0.12992488073815706,0.14786153913861266
0.0,0.0,21.731214157216243,0.10284362597846433,0.4457082835154477,0.9846826900072937,0.9846826900072937,1.6975276139138356,0.8634813257969162,0.0,15.78111529645481,14.430869689661812,hard,0.10593454248366385,0.12476523610769136,0.1305859350879518,0.14910453750149533
0.0,0.0,20.057582270711137,0.10283046387422515,0.4757389760247779,1.0041912168506553,1.0041912168506553,1.6686521506892924,0.8411896337925238,0.0,17.576222574831032,14.430869689661812,hard,0.10609221256241369,0.12431728552009114,0.1305452912371845,0.14948579077584764
0.0,0.0,17.431477370807514,0.10317742859388947,0.48066531033186877,1.0031948963187562,1.0031948963187562,1.6839239887833417,0.8246211251235321,0.0,14.04136745477448,14.430869689661812,hard,0.10597433280870101,0.12426349002506004,0.13134838113515337,0.14988114704091124
0.0,0.0,15.757426171942342,0.10336072557374933,0.49127621653935233,1.0438390680559912,1.0438390680559912,1.6624078921853083,0.7889233169326407,0.0,15.08415062242485,14.430869689661812,hard,0.10593685276273394,0.1241675351660569,0.13180883891001316,0.1505273401650358
0.0,0.0,14.153024965741682,0.10346728169246737,0.4676470059623444,1.0438390680559912,1.0438390680559912,1.6624078921853083,0.7889233169326407,0.0,9.242964892284293,14.430869689661812,hard,0.10593010996541241,0.1238727650231266,0.13191734216352702,0.1510628797683632
0.0,0.0,18.367738344145543,0.10396593835862214,0.4483838587600857,1.0423051376636308,1.0423051376636308,1.6624078921853083,0.6939740629158989,0.0,16.509161093162792,14.430869689661812,hard,0.10592031237449395,0.12368237987636678,0.1327742749899135,0.1518498878177934
0.0,0.0,14.889522126771835,0.10435422427369698,0.45470600932774285,1.0423051376636308,1.0423051376636308,1.6632498309033432,0.6939740629158989,0.0,14.641256776656846,14.430869689661812,hard,0.10596058853946574,0.12390783289292291,0.13361797529725686,0.1519028694433329
0.0,0.0,14.583269186701283,0.10479021391199618,0.4343410178545088,1.0423051376636308,1.0423051376636308,1.6632498309033432,0.6939740629158989,0.0,13.625329353817468,14.430869689661812,hard,0.10592596723721527,0.12447831024144798,0.13422548112138544,0.15233536115198062
0.0,0.0,15.876367795968466,0.10490521599375772,0.4383375486244407,1.0423051376636308,1.0423051376636308,1.69952934661335,0.6939740629158989,0.0,5.561474624593733,14.430869689661812,hard,0.105975491675327,0.12446777640829049,0.1345042090353073,0.15243958955789824
0.0,0.0,8.682845875913848,0.10507642528107239,0.43620153814401363,1.0423051376636308,1.0423051376636308,1.699882348870062,0.6939740629158989,0.0,6.985957343127712,14.430869689661812,hard,0.10600328928663713,0.12466468967824285,0.1348518568614167,0.15264814771683632
0.0,0.0,15.362519977857373,0.10563551145056013,0.42356203738805714,1.0628264204469138,1.0628264204469138,1.7233687939614086,0.7332121111929345,0.0,15.295437228140946,14.430869689661812,hard,0.10630956306848044,0.12529211258465614,0.13542358540562785,0.15366111641804853
0.0,0.0,14.079592035045083,0.10598971640867302,0.4884075670402176,1.0628264204469138,1.0628264204469138,1.70985379491932,0.7332121111929345,0.0,13.072490198887127,14.430869689661812,hard,0.1067564583638706,0.12559440300983357,0.13560515455530656,0.15451956290741486
0.0,0.0,14.717993834576909,0.10619137113277348,0.46416981938185753,1.0229369482035537,1.0229369482035537,1.70985379491932,0.8485281374238569,0.0,9.426367274830744,14.430869689661812,hard,0.10683155665404433,0.12593154762976316,0.13563758309003662,0.15505907012177722
0.0,0.0,25.903095917238968,0.10640886520197251,0.4792686417190235,0.9797958971132712,0.9797958971132712,1.7537388631150306,0.8997777503361595,0.0,26.404764721542207,14.430869689661812,hard,0.10570494118631146,0.12615230601962196,0.13584677298807962,0.1555562376515146
0.0,0.0,13.98952516996471,0.10664487310449801,0.4492765167947211,0.9431860898041277,0.9431860898041277,1.7537388631150306,0.938083151964686,0.0,14.418931999284828,14.430869689661812,hard,0.1056347592722093,0.1264487281578542,0.13663932836864645,0.15601088331679322
0.0,0.0,19.326324303233967,0.10730995946398802,0.4265450427667393,0.9433981132056604,0.9433981132056604,1.7537388631150306,0.9568698971124548,0.0,19.122091935768953,14.430869689661812,hard,0.10550990043697947,0.12723372959607135,0.13763486529148988,0.1570589055427865
0.0,0.0,17.0136251072704,0.10729556460326282,0.4847156843281376,0.9217374897442331,0.9217374897442331,1.7844887222955488,0.9748846085563152,0.0,10.19570497807778,14.430869689661812,hard,0.10555232304592349,0.12709762160880503,0.1379530239374545,0.1574249833024926
0.0,0.0,16.83396131632619,0.10772126511681855,0.48271177182005387,0.8991106717195608,0.8991106717195608,1.8269099594670777,0.9856977224281286,0.0,17.583810736015103,14.430869689661812,hard,0.10611431604347028,0.12801336583986656,0.13876507544183087,0.15711279891602048
0.0,0.0,13.642374769783952,0.10791003938892901,0.5255827913109639,0.92,0.92,1.8443427013437608,0.9666436778875658,0.0,12.423027006329818,14.430869689661812,hard,0.10587557623257636,0.1287705758869636,0.13904164586094261,0.1570504577312138
0.0,0.0,20.361013713138675,0.10807423963462387,0.5124032519981915,0.92,0.92,1.8418468991748473,0.9666436778875658,0.0,19.772597199154188,14.430869689661812,hard,0.10582925913804946,0.12942198681984493,0.13971890064457682,0.15707909136612913
0.0,0.0,23.470238225124277,0.10810763450464388,0.47280505401893713,0.9141115905621151,0.9141115905621151,1.8418468991748473,0.94678403028357,0.0,18.557758485334375,14.430869689661812,hard,0.10626122956880414,0.1298063658761197,0.140068900860906,0.15710803547690455
0.0,0.0,28.025645043831563,0.10862288991219339,0.5078680709638083,0.9568698971124551,0.9568698971124551,1.8142767153882562,0.9035485598461215,0.0,24.613175333548497,14.430869689661812,hard,0.10729577758223134,0.13071878222862998,0.14013761778239484,0.1577556639507066
0.0,0.0,13.392301083000403,0.10889196126958975,0.5268262558753671,0.9816312953446422,0.9816312953446422,1.82208671582886,0.8544003745317531,0.0,12.712843898986568,14.430869689661812,hard,0.10761036319595788,0.13189615433754262,0.14018042779069317,0.15786451358364
0.0,0.0,18.001823017514525,0.10925379402015775,0.5249961513893521,0.9797958971132713,0.9797958971132713,1.8405433980213561,0.8333066662399862,0.0,17.284166164440794,14.430869689661812,hard,0.10847438680219192,0.13266632898952405,0.14049727379676322,0.15803321884835023
0.0,0.0,10.367340840770375,0.1095198207274278,0.5356431961593764,0.9797958971132713,0.9797958971132713,1.8762729012593022,0.8333066662399862,0.0,9.513380051275151,14.430869689661812,hard,0.10902692100947364,0.13346571647176447,0.14065577356697914,0.15819565074168604
0.0,0.0,11.339014572088146,0.10966637304458492,0.5630420578125559,0.9797958971132713,0.9797958971132713,1.91049731745428,0.8333066662399862,0.0,10.10783854243824,14.430869689661812,hard,0.10910932222652003,0.1338363917324601,0.1408103336122679,0.15861210659140018
0.0,0.0,17.657021599355584,0.10967103550191792,0.5735581305168704,0.938083151964686,0.938083151964686,1.9374209661299735,0.7745966692414834,0.0,16.797249774888744,14.430869689661812,hard,0.10968600201140773,0.13346358010126258,0.14083369228460302,0.1585300392020178
0.0,0.0,18.786601661420782,0.10966348969816961,0.5513739881502329,0.938083151964686,0.938083151964686,1.9374209661299735,0.7745966692414834,0.0,18.143869488066763,14.430869689661812,hard,0.11056515155368501,0.1328671409626966,0.14089163538388413,0.15831682773271358
0.0,0.0,13.364849401948293,0.10963936605189914,0.5358176074284245,0.9400000000000001,0.9400000000000001,1.9374209661299735,0.7291090453423275,0.0,13.503421788568998,14.430869689661812,hard,0.11153983682514815,0.13269134885776068,0.14091945088669172,0.15827075601249224
0.0,0.0,18.20847525366481,0.10959228867778782,0.5312603490414846,0.9400000000000001,0.9400000000000001,1.9535608513685976,0.7291090453423275,0.0,17.257821415230836,14.430869689661812,hard,0.11216855492218555,0.13311752903980267,0.1407945838951289,0.15791732853925622
0.0,0.0,15.523759889757054,0.10945614064358263,0.5633511571643208,0.9400000000000001,0.9400000000000001,1.9848425630260955,0.7291090453423275,0.0,14.431091434815315,14.430869689661812,hard,0.11263298961471978,0.13313346473764096,0.14111544571220844,0.15720886273125134
0.0,0.0,15.14162158152212,0.10940146142058346,0.6063181589163655,0.9591663046625439,0.9591663046625439,2.0024984394500787,0.7364781055808788,0.0,14.00805482570653,14.430869689661812,hard,0.11317578577551632,0.1330203662856595,0.1405644706454048,0.15705533311416106
0.0,0.0,31.450092187363683,0.10896877263868379,0.5769486142476348,0.9591663046625439,0.9591663046625439,2.0024984394500787,0.7364781055808788,0.0,24.473732857902984,14.430869689661812,hard,0.11390359867435465,0.13303266252968218,0.1396683090070614,0.15652920378664992
0.0,0.0,21.255808679724648,0.10929409697710317,0.5502303664736055,0.938083151964686,0.938083151964686,2.0024984394500787,0.8009993757800314,0.0,21.57729362084133,14.430869689661812,hard,0.1137494416564228,0.13374883581742522,0.1391722459286842,0.15639309445483676
0.0,0.0,33.3845814752997,0.10835579638892465,0.5250812927668332,0.977547952787995,0.977547952787995,2.0024984394500787,0.8919641248391104,0.0,33.85985233281445,14.430869689661812,hard,0.11389299109179393,0.13267905232346655,0.13842149379930838,0.15346059458216574
0.0,0.0,34.95250825682231,0.10842240983226162,0.5242715218795416,0.9610411021387171,0.9610411021387171,2.036074654819906,0.9643650760992956,0.0,29.39483628122463,14.430869689661812,hard,0.11444080610029503,0.1328903286860133,0.13857586820553033,0.15254489914980165
0.0,0.0,29.404206943703127,0.10909134606785637,0.5328847702139702,0.9816312953446422,0.9816312953446422,2.0494877408757537,1.0041912168506553,0.0,24.428057638707177,14.430869689661812,hard,0.11461277182042279,0.13371728800202684,0.13941758309924485,0.15182526394935456
0.0,0.0,12.697287418958327,0.10942750035006574,0.5036798009018864,0.9816312953446421,0.9816312953446421,2.0494877408757537,1.0215674231297707,0.0,11.096377787368272,14.430869689661812,hard,0.11430628485111945,0.13413954772279607,0.13958633189958022,0.1520246800801584
0.0,0.0,17.399934957839445,0.10985209577711616,0.5231112450403813,1.0392304845413265,1.0392304845413265,2.0819221887476966,1.0087616170334794,0.0,13.82503526216118,14.430869689661812,hard,0.11453581708149263,0.13413111419759474,0.13973203629088385,0.1521846373813283
0.0,0.0,13.682661775366928,0.11016148580922595,0.4946084426697977,1.0725670142233539,1.0725670142233537,2.0819221887476966,1.0007996802557444,0.0,13.536617007214174,14.430869689661812,hard,0.11436989024038399,0.134999109304318,0.1397102916604015,0.15198392028839575
0.0,0.0,23.545538244437516,0.11032041595779757,0.4693014953739764,1.0725670142233539,1.0725670142233537,2.0819221887476966,1.0007996802557444,0.0,15.178418889989828,14.430869689661812,hard,0.11409592579779504,0.13580280709871362,0.13974164409294898,0.15211405869702074
0.0,0.0,16.409942162134048,0.11016221961849701,0.4483661802433818,1.0725670142233539,1.0725670142233539,2.0819221887476966,0.9797958971132712,0.0,16.261808017560654,14.430869689661812,hard,0.11457007111534913,0.13543275373634772,0.13949975926092242,0.1519654010686719
0.0,0.0,30.413311744672114,0.11074430234967925,0.4189892759380333,1.0770329614269007,1.0770329614269007,2.0819221887476966,0.9724196624914574,0.0,29.960801057381627,14.430869689661812,hard,0.1164424420103117,0.13634695870859947,0.13965090690782378,0.15214880355694885
0.0,0.0,31.892692685386013,0.11090670987597379,0.4005268476760284,1.037111372997134,1.037111372997134,2.0819221887476966,0.9467840302835699,0.0,25.23569693905837,14.430869689661812,hard,0.11693150283645806,0.13624215688050847,0.13938792070449924,0.15238587985228547
0.0,0.0,22.496601110909058,0.11138990796806594,0.3950236794982259,0.9748846085563152,0.9748846085563154,2.0561128373705566,0.893532316147547,0.0,21.319324567162063,14.430869689661812,hard,0.11672357086960587,0.13613040577314542,0.13966546586981324,0.1517139934342356
0.0,0.0,13.671945236421907,0.11153676617211158,0.3740236833740925,0.932952303175248,0.9329523031752481,2.0561128373705566,0.8908422980528036,0.0,13.245391651438624,14.430869689661812,hard,0.1165415234712193,0.1359298489660365,0.14023610365474637,0.15135085019578987
0.0,0.0,19.88347967752185,0.11171479740657388,0.411530373394664,0.932952303175248,0.9329523031752481,2.06881608655772,0.8908422980528036,0.0,18.98324524416202,14.430869689661812,hard,0.11702504813351729,0.13506192317216273,0.14039505743110495,0.1512766526912403
0.0,0.0,21.67358163327754,0.11191885800975955,0.4068454241103855,0.9219544457292888,0.9219544457292888,2.0716177253537875,0.8248636250920511,0.0,19.42790776177404,14.430869689661812,hard,0.11630625346935974,0.13513797582150966,0.14072386104640644,0.1511430115078334
0.0,0.0,28.141075027325602,0.11203777099729972,0.39199641780167704,0.9219544457292888,0.9219544457292888,2.0716177253537875,0.8248636250920511,0.0,27.470828163708497,14.430869689661812,hard,0.11541716207928214,0.13460097004840468,0.14085586971181163,0.15104120941353788
0.0,0.0,40.00830955776907,0.11208144302923057,0.3771057019874115,0.947417542586161,0.947417542586161,2.0716177253537875,0.783836717690617,0.0,28.206779326963222,14.430869689661812,hard,0.11508275409909707,0.13398197604699677,0.14094949522652014,0.15055608914188615
0.0,0.0,13.711726756935386,0.11209487491392219,0.38772303732608515,0.9297311439335567,0.9297311439335567,2.1029503084951866,0.7400000000000001,0.0,13.58712625980932,14.430869689661812,hard,0.11523154445494566,0.13382827389965693,0.1410484349701794,0.1503543857774094
0.0,0.0,19.332553059153984,0.1120658208860839,0.3962567005362706,0.9297311439335567,0.9297311439335567,2.1053265779921175,0.7400000000000001,0.0,12.128379941278226,14.430869689661812,hard,0.11506110982059085,0.13361535048562448,0.14120873835601247,0.15027802454887737
0.0,0.0,18.32971485503784,0.11205651887086653,0.3760200251298855,0.9297311439335567,0.9297311439335567,2.1053265779921175,0.7400000000000001,0.0,11.734462066920665,14.430869689661812,hard,0.1148835632000689,0.13340775128036814,0.14131463923485524,0.1497740508491255
0.0,0.0,12.34948643110861,0.11208264841075312,0.37826937735470795,0.9112628599915613,0.9112628599915615,2.0979990467109366,0.7483314773547883,0.0,11.966770658786773,14.430869689661812,hard,0.11469947101524419,0.13350280284267207,0.14138772307535075,0.14974786895936476
0.0,0.0,16.856735284973386,0.11239397641957481,0.3556433915885216,0.932952303175248,0.9329523031752481,2.0979990467109366,0.8138795979750322,0.0,17.436788695169763,14.430869689661812,hard,0.11488281233973589,0.13297255007944014,0.1415123473370343,0.14963766375040158
0.0,0.0,16.47241066859054,0.11230396383553985,0.3319425328077212,0.9141115905621151,0.9141115905621151,2.0979990467109366,0.8544003745317532,0.0,12.01540677630183,14.430869689661812,hard,0.115161141494071,0.1324282242841788,0.14120905638671957,0.14948402732518512
0.0,0.0,19.192238660309442,0.11247509230669799,0.42222358592162584,0.9210863151735562,0.9210863151735562,2.0747047982785407,0.9568698971124548,0.0,18.822592807581,14.430869689661812,hard,0.11563110996145776,0.13248361991900726,0.14118133096302732,0.14973153753608523
0.0,0.0,19.99145521158402,0.1126240978027268,0.40065063436377624,0.9433981132056604,0.9433981132056604,2.0747047982785407,1.0041912168506553,0.0,19.784842683225964,14.430869689661812,hard,0.1158668924928248,0.13215603705496473,0.14113857384777823,0.15018842439216323
0.0,0.0,16.760866300205926,0.11295334197901827,0.3978850981767432,0.964157663455516,0.964157663455516,2.076150283577757,1.0244998779892558,0.0,16.71556161186336,14.430869689661812,hard,0.11583949573114515,0.1320957714828326,0.1414277855764437,0.15069060949089744
0.0,0.0,12.4315911375751,0.1131207930615335,0.38064027210380547,0.9431860898041278,0.9431860898041278,2.076150283577757,1.077032961426901,0.0,12.320973987473556,14.430869689661812,hard,0.11588660549485283,0.13179976730923654,0.1415999470022897,0.15095430098850304
0.0,0.0,18.70180641659698,0.11367230686300366,0.4245346613438216,0.897997772825746,0.897997772825746,2.06,1.034601372510205,0.0,17.740631330367023,14.430869689661812,hard,0.11747518615064588,0.13189445045672532,0.14189588553748658,0.15151139524061813
0.0,0.0,19.52014678928707,0.11387480111607333,0.40567428454792637,0.873842090998139,0.873842090998139,2.06,1.0316976301223144,0.0,16.928744785128046,14.430869689661812,hard,0.11743977980489032,0.1318445259287172,0.1427007602281609,0.15182345317168602
0.0,0.0,28.379500777256325,0.11409444900982406,0.46818557696619084,0.848528137423857,0.848528137423857,2.080480713681336,1.0007996802557444,0.0,23.56428653704584,14.430869689661812,hard,0.11748191862564983,0.13196614704258064,0.1429667387855854,0.1523472185569794
0.0,0.0,26.51516965551091,0.11426793182415128,0.4355322405583086,0.8392854103342915,0.8392854103342915,2.080480713681336,1.0057832768544126,0.0,23.300858353288188,14.430869689661812,hard,0.11745369366436934,0.1322792988885094,0.14345583356007205,0.15252579966042987
0.0,0.0,22.702172121465313,0.11439202632953223,0.4294460994031917,0.8692525524840291,0.8692525524840291,2.071134954559939,0.9848857801796105,0.0,23.23126341807522,14.430869689661812,hard,0.1174367734102745,0.13247241306198146,0.14334416578961032,0.15242422118293383
0.0,0.0,43.862724350303665,0.11465107184082654,0.4585047859002169,0.932952303175248,0.9329523031752481,2.1282856951076847,0.938083151964686,0.0,44.34331516700121,14.430869689661812,hard,0.11808199695263406,0.1332635468070743,0.14363623881702614,0.15153755065781627
0.0,0.0,28.76909961638736,0.1150166772445906,0.45195313804207043,0.9297311439335567,0.9297311439335567,2.146718425877041,0.94847245611035,0.0,22.094533260514915,14.430869689661812,hard,0.1181525293601265,0.1335943359507266,0.14446836250378373,0.15172994379529492
0.0,0.0,21.290838273520226,0.11548945711362764,0.4667733196493201,0.947417542586161,0.947417542586161,2.136258411335108,0.9372299611087985,0.0,20.666339782361074,14.430869689661812,hard,0.11823641692966834,0.13414642095521498,0.14562110561880665,0.15212239668455296
0.0,0.0,29.423937497793826,0.11650336407083857,0.4479185115708222,0.9509994742374992,0.9509994742374992,2.136258411335108,0.8774964387392122,0.0,28.095551249263647,14.430869689661812,hard,0.11932900313696278,0.1351397295456926,0.14702607120200173,0.15281544352482138
0.0,0.0,26.834753095919528,0.11726593694994704,0.47803380409145657,0.9509994742374992,0.9509994742374992,2.1343851573696813,0.8774964387392122,0.0,26.277564575127577,14.430869689661812,hard,0.11969757920985691,0.13574322891653878,0.1483371482379097,0.15380186646062666
0.0,0.0,20.588140650859927,0.11791459533011649,0.4725784900434972,0.932952303175248,0.9329523031752481,2.142521878534733,0.84,0.0,17.869180171457224,14.430869689661812,hard,0.1199028228423677,0.13624563032180323,0.14944433211571098,0.1541702332023292
0.0,0.0,17.2668209560413,0.11830365703049911,0.49265356229232204,0.9297311439335567,0.9297311439335567,2.202271554554524,0.8002499609497022,0.0,17.22701367039569,14.430869689661812,hard,0.12010445832266463,0.13644054776077424,0.1500378395001567,0.15492662182481023
0.0,0.0,24.205510281438116,0.11852146325291171,0.4996835876638161,0.9042123644365853,0.9042123644365853,2.2499777776680374,0.783836717690617,0.0,16.558550661214284,14.430869689661812,hard,0.12030167754792379,0.1369441202287742,0.1500783964602437,0.15501571753343882
0.0,0.0,5.618354670760544,0.11865714835303451,0.4659709674908861,0.9042123644365853,0.9042123644365853,2.2499777776680374,0.783836717690617,0.0,4.815641182646399,14.430869689661812,hard,0.1204592432063155,0.13698394171382208,0.15025355764402495,0.15500781830491997
0.0,0.0,12.544534101550145,0.11882628738835087,0.47471109444326515,0.9000000000000001,0.9000000000000001,2.256457400439902,0.7922120928135344,0.0,10.035158195065986,14.430869689661812,hard,0.1208301074859317,0.13733951193463573,0.15039321184272156,0.1550493939186302
0.0,0.0,17.11634917717294,0.11920198249112676,0.5056627347752122,0.8726969691708572,0.8726969691708572,2.2511330480449177,0.8246211251235321,0.0,15.991360167290335,14.430869689661812,hard,0.12093928797840224,0.1377616735675922,0.15105313031627454,0.15547407614651484
0.0,0.0,28.62430473026745,0.11874129409364548,0.5140151849385856,0.8845337754998392,0.8845337754998392,2.289191997190275,0.8953211714239756,0.0,21.892976042557578,14.430869689661812,hard,0.12111490589106685,0.1372684950225141,0.1508713042889789,0.1540481680197161
0.0,0.0,11.7718844482407,0.11878271573508198,0.5240233775470724,0.938083151964686,0.938083151964686,2.3206895526976457,0.9951884243699782,0.0,10.655045753069295,14.430869689661812,hard,0.1214268091998737,0.13730823078986865,0.15117057615321408,0.15373598631507351
0.0,0.0,18.150154609635393,0.11890863350218786,0.5181694626659873,0.9666436778875658,0.9666436778875658,2.2964320151051716,1.0392304845413263,0.0,16.41839212590563,14.430869689661812,hard,0.12214104524929097,0.13790030880576498,0.15182934246496538,0.15305699509695658
0.0,0.0,18.989485894883828,0.11942009313828614,0.5468333148398324,0.9526804291051644,0.9526804291051644,2.3234457170332172,1.06226173799116,0.0,18.570826583649957,14.430869689661812,hard,0.12244699358997498,0.13804690578788398,0.15213833197779275,0.15491481928428594
0.0,0.0,12.378742191742873,0.1195806955175352,0.5995070465853851,0.9591663046625438,0.9591663046625439,2.32379000772445,1.0998181667894016,0.0,11.026223288143589,14.430869689661812,hard,0.12259177312879856,0.13809919990341887,0.15222959438176825,0.1554814636190985
0.0,0.0,10.343759492232865,0.11959790920322076,0.6288421917460013,0.9759098319004681,0.9759098319004681,2.3405982141324473,1.115168148756052,0.0,9.35967948169167,14.430869689661812,hard,0.12271988135060427,0.1383530537731088,0.1520759640021058,0.15544517976315492
0.0,0.0,32.76348385655671,0.11999720962025198,0.6627315130626529,0.9499473669630334,0.9499473669630334,2.2771912523984454,1.0725670142233537,0.0,26.310940690138768,14.430869689661812,hard,0.12282561336198503,0.13825455203428516,0.15243573746394565,0.1558761330556268
0.0,0.0,26.50546507659474,0.12006311737007169,0.6345790642231024,0.9442457307290301,0.9442457307290301,2.2771912523984454,1.0697663296253066,0.0,26.6583120245825,14.430869689661812,hard,0.12300753643055623,0.1381156442603971,0.15221313942382492,0.1561409623243895
0.0,0.0,18.45946702482735,0.11977938357725242,0.6431735015337915,1.0111379727811631,1.0111379727811631,2.297912095794789,1.0777754868245986,0.0,18.351501300983525,14.430869689661812,hard,0.12341859787937182,0.13825679465620652,0.1521663173427665,0.15471192243520548
0.0,0.0,10.949680988846744,0.12000579692050331,0.6129712195566016,1.0355674772799695,1.0355674772799695,2.297912095794789,1.0524257693538297,0.0,11.397964730599934,14.430869689661812,hard,0.12363618687579632,0.13837980144362044,0.15259263357262987,0.15525477403477825
0.0,0.0,26.639688352763084,0.1201328277624753,0.6038772752508067,0.9734474818910366,0.9734474818910367,2.338289973463514,1.0246950765959597,0.0,26.86484691934797,14.430869689661812,hard,0.12368706781940096,0.13858407878506684,0.15229492177586318,0.15539108480829503
0.0,0.0,14.581755515540362,0.12033721317844796,0.5774911698255065,0.9734474818910366,0.9734474818910367,2.338289973463514,1.0278132126023678,0.0,13.66930868771351,14.430869689661812,hard,0.12380007694704145,0.13873119980711568,0.15258208712040264,0.15580710702692074
0.0,0.0,17.44503589944148,0.12066556544384603,0.5849723888445746,0.9526804291051644,0.9526804291051644,2.3748684174075834,1.009752444909147,0.0,11.5,14.430869689661812,hard,0.12391370691237878,0.13865860131614213,0.15296637629762633,0.15586433578696546
0.0,0.0,12.944457244398025,0.12093971316375109,0.5582867487926543,0.9734474818910366,0.9734474818910367,2.3748684174075834,0.9897474425326898,0.0,12.963703174633396,14.430869689661812,hard,0.12462513827538926,0.13856689951973963,0.15304010483358071,0.15646163063585686
0.0,0.0,10.085416202193946,0.12116375148576297,0.5457405490847277,0.9734474818910366,0.9734474818910367,2.377309403506409,0.9897474425326898,0.0,8.94328798597026,14.430869689661812,hard,0.12491607718313844,0.13850631365835187,0.15313035789028126,0.1568463250328362
0.0,0.0,12.968410853062323,0.12111011203221533,0.6404304484005271,0.9734474818910366,0.9734474818910367,2.4063249988312054,0.9897474425326898,0.0,10.40146143577911,14.430869689661812,hard,0.1250373610305817,0.13858325132471633,0.15329538687312397,0.1567743895380797
0.0,0.0,23.156500364263678,0.12137793932879244,0.6103104713338048,0.9797958971132712,0.9797958971132712,2.4063249988312054,0.8681013765684281,0.0,22.06082500723851,14.430869689661812,hard,0.12503305075675747,0.13892086794403422,0.1535156513993127,0.1563618519358059
0.0,0.0,14.633090310372292,0.12136760829292483,0.598003687638966,0.9937806599043876,0.9937806599043876,2.4083189157584592,0.8306623862918074,0.0,14.356615199969664,14.430869689661812,hard,0.12507862078638046,0.13927696347900703,0.15329560090148342,0.15573845975875064
0.0,0.0,15.278814975627148,0.12127577803881669,0.5703893316232257,0.9871170143402452,0.9871170143402452,2.4083189157584592,0.8158431221748456,0.0,14.729901561110312,14.430869689661812,hard,0.1255545798049508,0.13942290680241867,0.15287702870050882,0.1551401547625774
0.0,0.0,18.010506024215054,0.12127565130034043,0.575603993141994,0.9871170143402452,0.9871170143402452,2.39240464804765,0.8158431221748456,0.0,17.316454602487195,14.430869689661812,hard,0.12569721718168933,0.13957426865709058,0.15265703002230188,0.15496459983903768
0.0,0.0,9.431523668140871,0.12132174513500776,0.5474397125063394,1.013706071797935,1.013706071797935,2.39240464804765,0.8487638069569178,0.0,8.358971228566347,14.430869689661812,hard,0.12573406082374952,0.13980986354889732,0.15248775218592106,0.1547321606024189
0.0,0.0,20.633224207502888,0.12121183448002439,0.5221777277577142,1.0332473082471592,1.0332473082471592,2.39240464804765,0.8646386528486916,0.0,20.157589141561548,14.430869689661812,hard,0.12582704158540106,0.14008729288265284,0.15220524515982561,0.15408766688225725
0.0,0.0,22.739496383476833,0.12123312491117069,0.5293865164903642,1.0307278981380101,1.0307278981380101,2.3929897617833635,0.9499473669630334,0.0,22.84297703890629,14.430869689661812,hard,0.12574863461246905,0.13996848765602896,0.15199916308551006,0.15356133478581394
0.0,0.0,14.636054906174795,0.12136127561985546,0.5139206182460954,1.0111379727811631,1.0111379727811631,2.4017493624439665,1.0007996802557444,0.0,14.03539810621701,14.430869689661812,hard,0.12597237932913677,0.14006211143623562,0.1521092948565232,0.15372102961399967
0.0,0.0,9.881853197535833,0.12167530050265049,0.5189512951822963,1.0254754994635416,1.0254754994635416,2.4350770008359075,1.0049875621120892,0.0,10.051149188028203,14.430869689661812,hard,0.1260051941222722,0.1402995395587834,0.15258504374586826,0.15410837025662616
0.0,0.0,13.539850979932504,0.12182510442834993,0.5096562801573505,1.019803902718557,1.019803902718557,2.4758836806279896,1.0537551897855593,0.0,11.835539700410793,14.430869689661812,hard,0.1260621957988088,0.14076215630317965,0.15257106710946824,0.15377606950654693
0.0,0.0,27.28278867389193,0.12184299619715361,0.5380583076426684,1.0111379727811631,1.0111379727811631,2.4507957891264627,1.0770329614269007,0.0,26.612147602175966,14.430869689661812,hard,0.12634232365249032,0.14140409554562536,0.15246743314566136,0.15213410824130305
0.0,0.0,19.595733911542744,0.12230968611423282,0.5267870687297412,1.0087616170334794,1.0087616170334794,2.4156986567036873,1.0814804667676619,0.0,18.98762755059199,14.430869689661812,hard,0.12646260657695796,0.14217323153997005,0.15294003970710715,0.15206535026228174
0.0,0.0,13.042458992464173,0.12241573125307931,0.5083313810922218,0.9848857801796104,0.9848857801796105,2.4156986567036873,1.0809255293497328,0.0,9.449423262824034,14.430869689661812,hard,0.12678055769661503,0.14234310559087693,0.15315273471681987,0.1519937551660387
0.0,0.0,21.299047484241093,0.12282213080475307,0.4902205053580233,1.004987562112089,1.004987562112089,2.4228908353452496,1.0787029248129438,0.0,19.955961515296625,14.430869689661812,hard,0.1270125708190938,0.14270735472698623,0.15431791449725538,0.15173299026320233
0.0,0.0,15.04993971628873,0.12305062039222958,0.48272140692092547,0.9759098319004681,0.9759098319004682,2.396747796494241,1.0934349546269315,0.0,14.564944215478478,14.430869689661812,hard,0.12703358408948076,0.14307738994486027,0.1555576843286727,0.15123678793530912
0.0,0.0,17.3032089202695,0.1235933803137703,0.4616230564283632,1.0316976301223144,1.0316976301223144,2.396747796494241,1.0816653826391969,0.0,17.29421868717983,14.430869689661812,hard,0.12740245814388224,0.14377040937051527,0.15666692561992845,0.15067637406134365
0.0,0.0,17.724938687113205,0.12388446936180952,0.4327666848272069,1.0150862032359615,1.0150862032359615,2.396747796494241,1.068831137270991,0.0,13.662737646606555,14.430869689661812,hard,0.127909862362061,0.14401020121849797,0.15725026494633243,0.15077312389162179
0.0,0.0,24.671235093552696,0.12407965715828406,0.4073779187841575,1.0316976301223144,1.0316976301223144,2.396747796494241,1.0332473082471592,0.0,16.583425460380614,14.430869689661812,hard,0.12807948089962426,0.14400961659937342,0.15744441042999605,0.15091590297811072
0.0,0.0,26.423723093843233,0.12410559072223352,0.3843475256775508,1.0283968105745953,1.0283968105745953,2.396747796494241,1.012719112093773,0.0,26.739603587188796,14.430869689661812,hard,0.12836659555835528,0.14353574773334016,0.15775245571998217,0.15145213852213765
0.0,0.0,53.2293973079056,0.12360713469029211,0.4279947384969245,1.0121264743103997,1.0121264743103997,2.3648255749631937,0.9848857801796105,0.0,25.722488215567328,14.430869689661812,hard,0.12792681990821345,0.14293365514406148,0.15721234058076716,0.15173031001922377
