step,timestamp,reward,coverage,cov_trace,altitude,alt_idx,loop_closures,altitude_changes,frontier_count,new_cells,map_seed,difficulty,cov_alt0,cov_alt1,cov_alt2,cov_alt3
0.0,0.0,52.29044019709935,0.009850410093030117,0.039477077380190115,0.0,0.0,0.0,0.0,0.0,51.908862441783484,14.430869689661812,hard,0.031913875775806115,0.015815550717248644,0.0,0.0
0.0,0.0,36.88432102095216,0.011838189989848391,0.07596341077112553,0.0,0.0,0.0,0.0,0.0,36.25079861189268,14.430869689661812,hard,0.037291804136690684,0.01800423929091392,0.0,0.0
0.0,0.0,37.591451334726074,0.014043737238147969,0.1153124488912397,0.0,0.0,0.0,0.0,0.0,37.19761282663177,14.430869689661812,hard,0.041804553617014656,0.02140657985309995,0.0,0.0
0.0,0.0,50.16526294120312,0.016112663528427665,0.14624377388011678,0.0,0.0,0.0,0.0,0.0,49.71259800090919,14.430869689661812,hard,0.046663684453543464,0.024347814572523947,0.0,0.0
0.0,0.0,39.60639294646823,0.01863704534859087,0.1800809857854042,0.0,0.0,0.0,0.0,0.0,39.084528908508034,14.430869689661812,hard,0.052098193574449086,0.029107729129195882,0.0,0.0
0.0,0.0,32.96000512645268,0.020756379085480434,0.21209469981876203,0.0,0.0,0.0,0.0,0.0,33.02862394953807,14.430869689661812,hard,0.05604357611941616,0.033797831672522025,0.0,0.0
0.0,0.0,29.54376300353418,0.022088616792302666,0.2391765909000353,0.0,0.0,0.0,0.0,0.0,29.13433712992283,14.430869689661812,hard,0.05863218043557336,0.03669483914975877,0.0,0.0
0.0,0.0,36.946827088570465,0.023335873336137465,0.25525117435170913,0.0,0.0,0.0,0.0,0.0,36.48837623134249,14.430869689661812,hard,0.061577571325651205,0.039026021354529476,0.0,0.0
0.0,0.0,54.92816344692256,0.02442749324768871,0.2660166205698419,0.0,0.0,0.0,0.0,0.0,54.730481452294946,14.430869689661812,hard,0.06512282284789003,0.03953633108885605,0.0,0.0
0.0,0.0,45.69349520116514,0.026358053336400233,0.2786281444826051,0.0,0.0,0.0,0.0,0.0,45.29293543147761,14.430869689661812,hard,0.07074745674558898,0.041494219232339875,0.0,0.0
0.0,0.0,47.50755452089188,0.02864280709194771,0.2942600940246799,0.0,0.0,0.0,0.0,0.0,47.71406920395703,14.430869689661812,hard,0.07687943568223471,0.044499475395689075,0.0,0.0
0.0,0.0,55.04386784568828,0.03158476691617869,0.31551387231046196,0.0,0.0,0.0,0.0,0.0,55.12691175823293,14.430869689661812,hard,0.08442751771356663,0.04862562839181409,0.0,0.0
0.0,0.0,42.66321507353376,0.03430839551685338,0.3420994646300478,0.0,0.0,0.0,0.0,0.0,42.48994704633086,14.430869689661812,hard,0.09098586204435874,0.05315402402578756,0.0,0.0
0.0,0.0,35.39286896086318,0.03665862088418889,0.3721649674259894,0.0,0.0,0.0,0.0,0.0,34.76780119593415,14.430869689661812,hard,0.09631686901946472,0.05746777817629159,0.0,0.0
0.0,0.0,50.59197546089038,0.039009927611511556,0.40369790862290933,0.0,0.0,0.0,0.0,0.0,46.79924785720386,14.430869689661812,hard,0.10161092252597582,0.06180502620740075,0.0,0.0
0.0,0.0,49.29641988316439,0.04223786055896367,0.43546981888406167,0.0,0.0,0.0,0.0,0.0,45.773708610948276,14.430869689661812,hard,0.10897109154216493,0.06744781300380365,0.0,0.0
0.0,0.0,24.37245829376486,0.043236388847143196,0.4544741605468836,0.0,0.0,0.0,0.0,0.0,24.62133221415933,14.430869689661812,hard,0.11080436062050039,0.0697570907454386,0.0,0.0
0.0,0.0,26.6021215953416,0.04374946212601113,0.46812460317553156,0.0,0.0,0.0,0.0,0.0,26.615341440605267,14.430869689661812,hard,0.11167068882592393,0.07094990471876461,0.0,0.0
0.0,0.0,34.29683081597277,0.04493177174089471,0.4834097697233547,0.0,0.0,0.0,0.0,0.0,24.499706120686426,14.430869689661812,hard,0.11413290073199615,0.0732663914014441,0.0,0.0
0.0,0.0,13.860512766467227,0.04531276664835693,0.48990432080783475,0.0,0.0,0.0,0.0,0.0,13.23554305648242,14.430869689661812,hard,0.11496429049626875,0.07397782510562094,0.0,0.0
0.0,0.0,119.68942983773802,0.04059683321186827,0.4490774568228219,0.4935585071701226,0.4935585071701226,0.0,0.4935585071701226,0.0,109.5583935625199,14.430869689661812,hard,0.11570753495862007,0.06532384536414433,0.02971622206065188,0.0
0.0,0.0,81.07117616996435,0.04041955964646621,0.44152662576564994,0.4853864439804638,0.4853864439804639,0.0,0.4853864439804639,0.0,80.33467246463385,14.430869689661812,hard,0.11266009482147289,0.06761415483325722,0.03923921494095014,0.0
0.0,0.0,61.84089573730725,0.04151054912415326,0.4400095010758429,0.48,0.48,0.0,0.48,0.0,60.795802486684885,14.430869689661812,hard,0.11218688753213354,0.07131647208695216,0.04606261418654694,0.0
0.0,0.0,77.04978829025166,0.0437989046652976,0.45311918842456816,0.46647615158762407,0.46647615158762407,0.0,0.46647615158762407,0.0,70.08836993396267,14.430869689661812,hard,0.11438027179638338,0.07689017848899109,0.05183163347538855,0.0
0.0,0.0,66.7095602238241,0.047113866662215405,0.47170990867531376,0.4270831300812524,0.4270831300812524,0.0,0.4270831300812524,0.0,62.49582706069262,14.430869689661812,hard,0.11356875401748569,0.08267347719189462,0.054196425837082327,0.0
0.0,0.0,39.645106686908974,0.049243378445363584,0.4903141826330957,0.4270831300812524,0.4270831300812524,0.0,0.4270831300812524,0.0,39.691490271845424,14.430869689661812,hard,0.11334213298234758,0.08569692182862235,0.057885441881512706,0.0
0.0,0.0,37.876912448571694,0.05085524016271791,0.5084078661728093,0.4270831300812524,0.4270831300812524,0.0,0.4270831300812524,0.0,38.01328188936072,14.430869689661812,hard,0.11481146244228706,0.08782775847204556,0.061325168789919275,0.0
0.0,0.0,50.49002929813719,0.051607884072438805,0.5225500536313761,0.4270831300812524,0.4270831300812524,0.0,0.4270831300812524,0.0,47.57159236351039,14.430869689661812,hard,0.11435687365332348,0.08879390065068143,0.06413386711911455,0.0
0.0,0.0,60.89356951817915,0.053610601028299835,0.540651606951488,0.4270831300812524,0.4270831300812524,0.0,0.4270831300812524,0.0,61.10852313712057,14.430869689661812,hard,0.11502233893629242,0.09144030201301939,0.06655019051341865,0.0
0.0,0.0,32.136662769148955,0.05480302422835703,0.5622064046943825,0.4270831300812524,0.4270831300812524,0.0,0.4270831300812524,0.0,32.39367839563763,14.430869689661812,hard,0.1154306018918132,0.09353797903776134,0.06865871007625804,0.0
0.0,0.0,33.44942842831354,0.05598878831849716,0.5781737121481144,0.4270831300812524,0.4270831300812524,0.0,0.4270831300812524,0.0,33.81538111569941,14.430869689661812,hard,0.11519567033958089,0.09520341680214812,0.07118469754143103,0.0
0.0,0.0,57.37707172950017,0.05747111468870842,0.5964884252396521,0.4270831300812524,0.4270831300812524,0.0,0.4270831300812524,0.0,47.199783897810384,14.430869689661812,hard,0.11569509372432621,0.09866743598396967,0.07316800865202087,0.0
0.0,0.0,41.67727998450461,0.058926499257374115,0.614001434837093,0.4270831300812524,0.4270831300812524,0.0,0.4270831300812524,0.0,38.138951217882216,14.430869689661812,hard,0.11668454958593003,0.10156426863453734,0.07520841567521369,0.0
0.0,0.0,29.403765123938214,0.06001344400891361,0.6307435635905831,0.4270831300812524,0.4270831300812524,0.0,0.4270831300812524,0.0,28.8756575682702,14.430869689661812,hard,0.11726201383872659,0.10366446599246927,0.07697630339945773,0.0
0.0,0.0,40.00357294570145,0.061664855726320925,0.6473229829650107,0.4270831300812524,0.4270831300812524,0.0,0.4270831300812524,0.0,39.7963264636323,14.430869689661812,hard,0.11859458901050542,0.10582779134099704,0.07844737384640946,0.0
0.0,0.0,29.27946053574513,0.0630540060202854,0.6672960406437389,0.4270831300812524,0.4270831300812524,0.0,0.4270831300812524,0.0,29.07687053312306,14.430869689661812,hard,0.11960565889042904,0.10813460400498418,0.0802581335164677,0.0
0.0,0.0,38.986430842460706,0.06485537012920968,0.6780753991952784,0.4270831300812524,0.4270831300812524,0.0,0.4270831300812524,0.0,35.128045775419956,14.430869689661812,hard,0.12100787996173766,0.110553365030765,0.08180341127949065,0.0
0.0,0.0,20.673091819257035,0.06549482394911862,0.6869738043961154,0.4270831300812524,0.4270831300812524,0.0,0.4270831300812524,0.0,20.68264006358956,14.430869689661812,hard,0.12185960076752081,0.11140114202245807,0.08246002026642904,0.0
0.0,0.0,31.565884461745107,0.06581004400944314,0.6936947219710315,0.4270831300812524,0.4270831300812524,0.0,0.4270831300812524,0.0,32.164576788759405,14.430869689661812,hard,0.12229692516156088,0.11155717552235887,0.08323939834928504,0.0
0.0,0.0,20.74511781551969,0.0662229864362176,0.7002377927956205,0.4270831300812524,0.4270831300812524,0.0,0.4270831300812524,0.0,20.90072726007399,14.430869689661812,hard,0.12270963983527602,0.11207084069411163,0.08397859166373871,0.0
0.0,0.0,25.045137009505066,0.06724652278893814,0.7084374112222922,0.4270831300812524,0.4270831300812524,0.0,0.4270831300812524,0.0,24.57263518632058,14.430869689661812,hard,0.12359391771177536,0.11378395395883985,0.08461662169782821,0.0
0.0,0.0,115.77308742454039,0.06481773863290932,0.6876418873493648,0.7748548251124207,0.7748548251124207,0.0,0.7748548251124207,0.0,105.24690209217562,14.430869689661812,hard,0.12359391771177536,0.11378395395883985,0.08683601328028732,0.029961711848632507
0.0,0.0,77.04773070494952,0.06565057034584336,0.6958771469244864,0.8138795979750323,0.8138795979750323,0.0,0.8138795979750323,0.0,72.83927511995161,14.430869689661812,hard,0.12362131490914106,0.11306548384338458,0.09318900681822187,0.03701648889276582
0.0,0.0,67.07956439319014,0.0674446725953632,0.7124809897793988,0.8306623862918073,0.8306623862918073,0.0,0.8306623862918073,0.0,63.84293539617362,14.430869689661812,hard,0.12392274150884854,0.11411526002405481,0.0990966894701507,0.04324949758255777
0.0,0.0,67.75889509213368,0.06964832267290363,0.7287569949842962,0.8428523002282192,0.8428523002282191,0.0,0.8428523002282191,0.0,60.370469602281545,14.430869689661812,hard,0.12409559405620135,0.11603690678683411,0.10684702228550587,0.04856555601305322
0.0,0.0,69.95597239103037,0.07075982496807583,0.7422841479306427,0.5617828762075255,0.5617828762075255,0.0,0.5617828762075255,0.0,62.3998749998748,14.430869689661812,hard,0.12409559405620135,0.11611999940528023,0.0996152214303695,0.053665539428937835
0.0,0.0,51.39356780786106,0.07312679127618064,0.7595869637511984,0.5571355310873648,0.5571355310873647,0.0,0.5571355310873647,0.0,49.76866484043952,14.430869689661812,hard,0.12411271877055144,0.11681985218511458,0.10377828225863518,0.05935932327683042
0.0,0.0,55.75751037977473,0.07488858427082384,0.7809642463851573,0.5455272678794342,0.5455272678794343,0.0,0.5455272678794343,0.0,52.258683488966696,14.430869689661812,hard,0.12411271877055144,0.1170232502365733,0.10728661292732368,0.06194221513035702
0.0,0.0,46.34542666366286,0.07669900908944043,0.8029526728876208,0.5455272678794342,0.5455272678794343,0.0,0.5455272678794343,0.0,42.08772267538362,14.430869689661812,hard,0.12411271877055144,0.1172444755138116,0.11081593682240828,0.06602187404067258
0.0,0.0,53.76502814980693,0.07845026287718522,0.8340053918782612,0.5385164807134504,0.5385164807134504,0.0,0.5385164807134504,0.0,52.20268192344144,14.430869689661812,hard,0.12412449599309244,0.11692869903718135,0.11320690665173597,0.06979610125436012
0.0,0.0,39.629947089887104,0.07971052287297127,0.8616177529982597,0.5385164807134504,0.5385164807134504,0.0,0.5385164807134504,0.0,39.91891782100311,14.430869689661812,hard,0.12413919922017334,0.1171947381643975,0.11515299542954087,0.07394401640662346
0.0,0.0,40.390676805652355,0.08077174850605115,0.8886567132621289,0.5385164807134504,0.5385164807134504,0.0,0.5385164807134504,0.0,36.58439011381767,14.430869689661812,hard,0.12413919922017334,0.11759992910598399,0.11688405332158981,0.07651877108084253
0.0,0.0,35.4441542842394,0.08168116100400123,0.9154633557275677,0.5385164807134504,0.5385164807134504,0.0,0.5385164807134504,0.0,34.928549926958034,14.430869689661812,hard,0.12427231249884092,0.11802962554917636,0.11834907714570428,0.07989636885786097
0.0,0.0,30.04237083320504,0.08258378176582785,0.9377808038323877,0.5385164807134504,0.5385164807134504,0.0,0.5385164807134504,0.0,27.904952965378747,14.430869689661812,hard,0.12428046118526455,0.1184524749850886,0.1181032134936828,0.08132554865158198
0.0,0.0,18.86218123813694,0.08312840249708359,0.9633558205194191,0.5385164807134504,0.5385164807134504,0.0,0.5385164807134504,0.0,18.72804314390588,14.430869689661812,hard,0.12428046118526455,0.11863552936528318,0.11870424441179578,0.0829246276602519
0.0,0.0,28.822528206219836,0.08358794499023979,0.980919994707844,0.5385164807134504,0.5385164807134504,0.0,0.5385164807134504,0.0,23.22719096231828,14.430869689661812,hard,0.12428046118526455,0.11912560274665832,0.11978226286187739,0.08424595145207202
0.0,0.0,39.853602525728704,0.0842901810835725,0.9996979466391015,0.5385164807134504,0.5385164807134504,0.0,0.5385164807134504,0.0,39.91274984262548,14.430869689661812,hard,0.12428046118526455,0.12008536768108644,0.12175855566834588,0.08546823120144278
0.0,0.0,28.335155256856602,0.0848324691853645,1.0042186136824989,0.5385164807134504,0.5385164807134504,0.0,0.5385164807134504,0.0,22.468644818947137,14.430869689661812,hard,0.12428046118526455,0.12070157776123562,0.12289183788967244,0.08663829678895935
0.0,0.0,2.3047623036080025,0.08484609524099654,1.0065598568118568,0.5385164807134504,0.5385164807134504,0.0,0.5385164807134504,0.0,1.8521339044464367,14.430869689661812,hard,0.12428046118526455,0.12069841282921316,0.12293540615650553,0.08663829678895935
0.0,0.0,4.031467396287944,0.08488866339625768,1.0093483771303928,0.5385164807134504,0.5385164807134504,0.0,0.5385164807134504,0.0,3.9324801334526795,14.430869689661812,hard,0.12428046118526455,0.1207063870298929,0.1230047158039787,0.08670058088931756
0.0,0.0,2.0798902390106346,0.08489351760079653,1.0123612725602924,0.5385164807134504,0.5385164807134504,0.0,0.5385164807134504,0.0,1.3422369388450015,14.430869689661812,hard,0.12428046118526455,0.1207063870298929,0.12303788729967938,0.0867046324641709
0.0,0.0,0.8757840643636343,0.08489654883541878,1.013539948005284,0.5385164807134504,0.5385164807134504,0.0,0.5385164807134504,0.0,0.5599999999999999,14.430869689661812,hard,0.12428046118526455,0.1207063870298929,0.12305831247474792,0.0867046324641709
0.0,0.0,56.9398777425849,0.08353130432138255,1.0029999134665313,0.8475848040166837,0.8475848040166837,0.0,0.8475848040166837,0.0,47.61092311644461,14.430869689661812,hard,0.12428046118526455,0.1207063870298929,0.12309860960569996,0.09030109000136312
0.0,0.0,47.085319048445854,0.08238391076153832,1.0083420773415193,0.8774964387392122,0.8774964387392122,0.0,0.8774964387392122,0.0,45.59377589101389,14.430869689661812,hard,0.12428046118526455,0.1207063870298929,0.12158451228217583,0.09487680723350048
0.0,0.0,44.62651095614797,0.08099584339025867,1.0119830187636307,0.8863407922464136,0.8863407922464136,0.0,0.8863407922464136,0.0,43.42409008833692,14.430869689661812,hard,0.12428046118526455,0.1207063870298929,0.11973460156132126,0.09971024037362791
0.0,0.0,44.726663855411616,0.08100657549074498,1.0233173678812357,0.9165151389911679,0.9165151389911679,0.0,0.9165151389911679,0.0,43.52075826545305,14.430869689661812,hard,0.12428046118526455,0.1212336989364421,0.12047782480653368,0.10540132812687783
0.0,0.0,81.82547158903955,0.0794949838531713,1.0133792188546424,0.6997142273814361,0.6997142273814361,0.0,0.6997142273814361,0.0,71.82774115897004,14.430869689661812,hard,0.12428046118526455,0.1212336989364421,0.11544714254928062,0.09370335150325991
0.0,0.0,51.0458140439585,0.0788320547183528,1.016828482894146,0.6997142273814361,0.6997142273814361,0.0,0.6997142273814361,0.0,49.2605481090091,14.430869689661812,hard,0.12428046118526455,0.1212336989364421,0.11139035334557344,0.09447873209740827
0.0,0.0,34.35399353061987,0.07866099423598588,1.0291126485216446,0.6974238309665078,0.6974238309665078,0.0,0.6974238309665078,0.0,33.6281370283874,14.430869689661812,hard,0.12428046118526455,0.1212336989364421,0.10991113336737589,0.09507067824373357
0.0,0.0,42.21376029669116,0.07870876811120822,1.039107331416081,0.6954135460285484,0.6954135460285484,0.0,0.6954135460285484,0.0,36.86722663830302,14.430869689661812,hard,0.12428046118526455,0.12108699189229631,0.10854473663324725,0.09501248183344917
0.0,0.0,41.7016557333715,0.07877952830083904,1.0474597878806389,0.6928203230275509,0.6928203230275509,0.0,0.6928203230275509,0.0,40.02161416035091,14.430869689661812,hard,0.12428046118526455,0.12091421201853601,0.10744077722813948,0.09528342289710193
0.0,0.0,53.70682813143954,0.07852932288495688,1.055588105107821,0.6928203230275509,0.6928203230275509,0.0,0.6928203230275509,0.0,53.77510204546338,14.430869689661812,hard,0.12428046118526455,0.12043804343702287,0.10653713692411987,0.09391801691796804
0.0,0.0,44.34662504043245,0.07864718237812822,1.0611698528227826,0.6896375859826667,0.6896375859826667,0.0,0.6896375859826667,0.0,44.54750273584368,14.430869689661812,hard,0.12428046118526455,0.11996300400974992,0.10699013677183646,0.09366982365412792
0.0,0.0,44.37088632578914,0.0785364024777125,1.0647464587968059,0.6896375859826667,0.6896375859826667,0.0,0.6896375859826667,0.0,43.68826387028901,14.430869689661812,hard,0.12428046118526455,0.11990723126257866,0.10680950275461971,0.09418343333703103
0.0,0.0,54.0249630904094,0.07832932502901478,1.0657170645833651,0.6896375859826667,0.6896375859826667,0.0,0.6896375859826667,0.0,49.565245888626436,14.430869689661812,hard,0.12428046118526455,0.11984252361502641,0.10687575627100697,0.09626101537455545
0.0,0.0,34.6417757384494,0.07844053367747955,1.0624997210827405,0.6896375859826667,0.6896375859826667,0.0,0.6896375859826667,0.0,34.74204945019795,14.430869689661812,hard,0.12428046118526455,0.1195064913068185,0.10701948728891147,0.09798336517228153
0.0,0.0,46.795345508087756,0.07851486691523955,1.0494597027356443,0.6896375859826667,0.6896375859826667,0.0,0.6896375859826667,0.0,42.97357792876921,14.430869689661812,hard,0.12428046118526455,0.11932988401429506,0.10702988585272359,0.10253264584409418
0.0,0.0,33.589921367413424,0.07887010438548331,1.0393983211352522,0.6896375859826667,0.6896375859826667,0.0,0.6896375859826667,0.0,34.25980735497501,14.430869689661812,hard,0.12428046118526455,0.11931023926571858,0.10710256888186867,0.10592342883230542
0.0,0.0,32.434239286549406,0.07902291813880176,1.0267197629156994,0.6896375859826667,0.6896375859826667,0.0,0.6896375859826667,0.0,28.35114812489963,14.430869689661812,hard,0.12428046118526455,0.11931023926571858,0.10654878962726685,0.10871551349386918
0.0,0.0,25.52857975164502,0.07911585772302998,1.01508511579983,0.6896375859826667,0.6896375859826667,0.0,0.6896375859826667,0.0,22.98646558303386,14.430869689661812,hard,0.12428046118526455,0.11931023926571858,0.10640750735928618,0.11106711393174576
0.0,0.0,31.019842418189263,0.07924402332728887,1.0045655915297702,0.6896375859826667,0.6896375859826667,0.0,0.6896375859826667,0.0,25.78207904727623,14.430869689661812,hard,0.12428046118526455,0.11931023926571858,0.1064492989386706,0.1135299505018962
0.0,0.0,18.289693947677634,0.07940152712671299,0.9991151429527904,0.6896375859826667,0.6896375859826667,0.0,0.6896375859826667,0.0,18.320960673501816,14.430869689661812,hard,0.12428046118526455,0.11931023926571858,0.10664287112204263,0.11496135629775854
0.0,0.0,21.013518085553798,0.07966039656725264,0.9965413126766479,0.6896375859826667,0.6896375859826667,0.0,0.6896375859826667,0.0,18.206592212712405,14.430869689661812,hard,0.12428046118526455,0.11931023926571858,0.10706779989973937,0.1164651597332134
0.0,0.0,14.479821491989709,0.07990135583161614,0.9927251678116746,0.6896375859826667,0.6896375859826667,0.0,0.6896375859826667,0.0,14.226229296619678,14.430869689661812,hard,0.12428046118526455,0.11931023926571858,0.10744702205992712,0.11764123158299257
0.0,0.0,11.75416042865011,0.0801808293382169,0.9898147162296893,0.6896375859826667,0.6896375859826667,0.0,0.6896375859826667,0.0,11.256304899921645,14.430869689661812,hard,0.12428046118526455,0.11931023926571858,0.10751850875227086,0.1184951164795461
0.0,0.0,19.13637020602664,0.08065298070111626,0.9899710953715125,0.6896375859826667,0.6896375859826667,0.0,0.6896375859826667,0.0,18.387343473161096,14.430869689661812,hard,0.12428046118526455,0.11931023926571858,0.10757050466856038,0.11948705135976231
0.0,0.0,26.808666170537485,0.08131376867901705,0.9874149936810196,0.6896375859826667,0.6896375859826667,0.0,0.6896375859826667,0.0,20.031265561616422,14.430869689661812,hard,0.12428046118526455,0.11931023926571858,0.10790868062710945,0.12072528084776239
0.0,0.0,35.68085054468379,0.08094109411519092,0.9750293558412936,0.664529909033446,0.664529909033446,0.0,0.664529909033446,0.0,29.350850072868415,14.430869689661812,hard,0.12428046118526455,0.11931023926571858,0.10782537749930318,0.11691165567664798
0.0,0.0,34.76591938009703,0.08088529193744293,0.9672952851075636,0.6499230723708769,0.6499230723708769,0.0,0.6499230723708769,0.0,34.82944156887962,14.430869689661812,hard,0.12428046118526455,0.11931023926571858,0.10736891994528677,0.11692385940675905
0.0,0.0,29.72216860094954,0.08095894009130104,0.9623897172704722,0.6499230723708769,0.6499230723708769,0.0,0.6499230723708769,0.0,23.50319978215732,14.430869689661812,hard,0.12428046118526455,0.11931023926571858,0.1066573252634138,0.11674002090176326
0.0,0.0,22.794502848245106,0.08092382379242946,0.9580707501003222,0.6415605972938176,0.6415605972938176,0.0,0.6415605972938176,0.0,19.347309890524834,14.430869689661812,hard,0.12428046118526455,0.11931023926571858,0.10601397738917619,0.11671253258295444
0.0,0.0,17.736654646422128,0.08088194475254445,0.9578646260954748,0.6415605972938176,0.6415605972938176,0.0,0.6415605972938176,0.0,17.464295004379647,14.430869689661812,hard,0.12428046118526455,0.11931023926571858,0.10500503055230734,0.11640321651273873
0.0,0.0,17.01622289677249,0.080996313055421,0.9607826819673023,0.6415605972938176,0.6415605972938176,0.0,0.6415605972938176,0.0,16.505708103562235,14.430869689661812,hard,0.12428046118526455,0.11931023926571858,0.10456931930988908,0.11614201375443106
0.0,0.0,18.392462117854304,0.08122280441545987,0.9633122898021798,0.6415605972938176,0.6415605972938176,0.0,0.6415605972938176,0.0,18.147275277572664,14.430869689661812,hard,0.12428046118526455,0.11931023926571858,0.1040966283759725,0.1159018009416896
0.0,0.0,21.681688030799137,0.08158402294612568,0.9643605370761649,0.6415605972938176,0.6415605972938176,0.0,0.6415605972938176,0.0,17.090640713560155,14.430869689661812,hard,0.12428046118526455,0.11931023926571858,0.10391171310191176,0.1162008221085942
0.0,0.0,12.84000500376949,0.08173627179721982,0.9642065370433696,0.6415605972938176,0.6415605972938176,0.0,0.6415605972938176,0.0,12.777417579464169,14.430869689661812,hard,0.12428046118526455,0.11931023926571858,0.10382005153899042,0.11657873949801421
0.0,0.0,14.660174851458548,0.08189170046386107,0.9636166281564766,0.6415605972938176,0.6415605972938176,0.0,0.6415605972938176,0.0,14.539821181844017,14.430869689661812,hard,0.12428046118526455,0.11931023926571858,0.10362535916703557,0.11708200816957498
0.0,0.0,10.202647560389185,0.08209291053412236,0.9640385085872131,0.6415605972938176,0.6415605972938176,0.0,0.6415605972938176,0.0,9.82789906338074,14.430869689661812,hard,0.12428046118526455,0.11931023926571858,0.10351144604312545,0.11753364197638155
0.0,0.0,18.11693341254199,0.08226235678785287,0.9653030439374438,0.6415605972938176,0.6415605972938176,0.0,0.6415605972938176,0.0,9.355404854948823,14.430869689661812,hard,0.12428046118526455,0.11931023926571858,0.10344596915742162,0.11788445996809514
0.0,0.0,18.691857581620763,0.08207293339778479,0.9611063662245867,0.6415605972938176,0.6415605972938176,0.0,0.6415605972938176,0.0,17.58276428779047,14.430869689661812,hard,0.12428046118526455,0.11931023926571858,0.10337274061628543,0.1183792196182461
0.0,0.0,16.954573515019323,0.08202766071550058,0.9563181309089659,0.6415605972938176,0.6415605972938176,0.0,0.6415605972938176,0.0,17.314456387654793,14.430869689661812,hard,0.12428046118526455,0.11931023926571858,0.10380440471643113,0.11978335695023562
0.0,0.0,25.977844775363348,0.08206755084282512,0.9503166659403062,0.6415605972938176,0.6415605972938176,0.0,0.6415605972938176,0.0,19.88442606664824,14.430869689661812,hard,0.12428046118526455,0.11931023926571858,0.10448533015880963,0.12128007600752237
0.0,0.0,32.2497705857294,0.08225602296547302,0.9473240016571755,0.6415605972938176,0.6415605972938176,0.0,0.6415605972938176,0.0,28.449963093121934,14.430869689661812,hard,0.12428046118526455,0.11931023926571858,0.10481694605686169,0.12271185382937938
0.0,0.0,26.54015061475728,0.0826819473870495,0.9441722113500692,0.6415605972938176,0.6415605972938176,0.0,0.6415605972938176,0.0,26.55710827631653,14.430869689661812,hard,0.12428046118526455,0.11931023926571858,0.10579498501550058,0.12474820128963583
0.0,0.0,27.08054644042351,0.08301443862899922,0.9414283026057647,0.6415605972938176,0.6415605972938176,0.0,0.6415605972938176,0.0,21.494641192632173,14.430869689661812,hard,0.12428046118526455,0.11931023926571858,0.10640164061201576,0.1264751920161944
0.0,0.0,30.126999697489993,0.08342592218254496,0.9373905102023435,0.6415605972938176,0.6415605972938176,0.0,0.6415605972938176,0.0,24.25613324501661,14.430869689661812,hard,0.12428046118526455,0.11931023926571858,0.10720536443464555,0.12815242904367172
0.0,0.0,24.622973042655094,0.08395233418105279,0.9339970925010423,0.6415605972938176,0.6415605972938176,0.0,0.6415605972938176,0.0,18.33841868864379,14.430869689661812,hard,0.12428046118526455,0.11931023926571858,0.10859941778137923,0.12921405469428557
0.0,0.0,4.052620912464197,0.08401349783634751,0.9310300803013094,0.6415605972938176,0.6415605972938176,0.0,0.6415605972938176,0.0,2.7690431560378395,14.430869689661812,hard,0.12428046118526455,0.11931023926571858,0.1086405609632353,0.12951003284098275
0.0,0.0,7.379193169398829,0.08409298273560242,0.9271318401467765,0.6415605972938176,0.6415605972938176,0.0,0.6415605972938176,0.0,6.5612498809297,14.430869689661812,hard,0.12428046118526455,0.11931023926571858,0.1087769270943026,0.13010195902874663
0.0,0.0,11.763047688490717,0.08415277953640105,0.9236151882282412,0.6415605972938176,0.6415605972938176,0.0,0.6415605972938176,0.0,3.600055555126893,14.430869689661812,hard,0.12428046118526455,0.11931023926571858,0.10898716348343279,0.130237873433008
0.0,0.0,4.452874705704404,0.08424673552250946,0.9202912665117418,0.6415605972938176,0.6415605972938176,0.0,0.6415605972938176,0.0,3.814131618075077,14.430869689661812,hard,0.12428046118526455,0.11931023926571858,0.10909633950903586,0.13031528933370712
0.0,0.0,6.087399414882831,0.08437536135981792,0.9177499745763592,0.6415605972938176,0.6415605972938176,0.0,0.6415605972938176,0.0,4.798708159494593,14.430869689661812,hard,0.12428046118526455,0.11931023926571858,0.10927166810056647,0.13033918441035075
0.0,0.0,20.594567570992453,0.0843754005961326,0.9113739386835823,0.6003332407921455,0.6003332407921455,0.0,0.6003332407921455,0.0,12.854960132182441,14.430869689661812,hard,0.12428046118526455,0.11931023926571858,0.1093154801360423,0.13003831203017868
0.0,0.0,15.97298840551974,0.08458997381371383,0.9080260222585469,0.6003332407921455,0.6003332407921455,0.0,0.6003332407921455,0.0,9.360363240814964,14.430869689661812,hard,0.12428046118526455,0.11931023926571858,0.10950491445378094,0.13022817463576347
0.0,0.0,10.44464354794905,0.08452755926779348,0.904835221917791,0.6003332407921455,0.6003332407921455,0.0,0.6003332407921455,0.0,9.328258143940916,14.430869689661812,hard,0.12428046118526455,0.11931023926571858,0.10907719697214188,0.1302054733371006
0.0,0.0,7.107697531072535,0.08449720926854173,0.9024416969902388,0.6003332407921455,0.6003332407921455,0.0,0.6003332407921455,0.0,3.559157203608742,14.430869689661812,hard,0.12428046118526455,0.11931023926571858,0.10885466726107917,0.1302339224849354
0.0,0.0,12.680371990011015,0.08443186725665269,0.9002927603438505,0.6003332407921455,0.6003332407921455,0.0,0.6003332407921455,0.0,10.556685085764375,14.430869689661812,hard,0.12428046118526455,0.11931023926571858,0.10890941791564449,0.13051635748406654
0.0,0.0,21.85435787909875,0.08440125874804175,0.898278358722202,0.6003332407921455,0.6003332407921455,0.0,0.6003332407921455,0.0,13.21104083711802,14.430869689661812,hard,0.12428046118526455,0.11931023926571858,0.10910967377655892,0.13100086947319028
0.0,0.0,10.970468217908303,0.0843752050276411,0.8968193846176539,0.6003332407921455,0.6003332407921455,0.0,0.6003332407921455,0.0,10.41537325303323,14.430869689661812,hard,0.12428046118526455,0.11931023926571858,0.10930483541626125,0.13142218514503973
0.0,0.0,12.83386983981459,0.08436924115388672,0.9086139384909324,0.6003332407921455,0.6003332407921455,0.4737087712930804,0.6003332407921455,0.0,5.755866572463264,14.430869689661812,hard,0.12428046118526455,0.11931023926571858,0.10942587026197,0.13163573456147534
0.0,0.0,6.425473920929438,0.0843663450509793,0.901792661972754,0.6003332407921455,0.6003332407921455,0.4853864439804639,0.6003332407921455,0.0,4.037276309592892,14.430869689661812,hard,0.12428046118526455,0.11931023926571858,0.10945851527605685,0.13161662472362004
0.0,0.0,4.438390943959046,0.08437319414463745,0.8975164205749111,0.6003332407921455,0.6003332407921455,0.48989794855663565,0.6003332407921455,0.0,0.42,14.430869689661812,hard,0.12428046118526455,0.11931023926571858,0.10945851527605685,0.13169287806823124
0.0,0.0,11.453061330012845,0.08449076182876103,0.8856370224793405,0.6003332407921455,0.6003332407921455,0.4963869458396343,0.6003332407921455,0.0,10.216163663528498,14.430869689661812,hard,0.12428046118526455,0.11931023926571858,0.10947292175769317,0.1319325262420245
0.0,0.0,8.695110413457643,0.0846027263683986,0.8868541828731488,0.6003332407921455,0.6003332407921455,0.4963869458396343,0.6003332407921455,0.0,7.87210264160726,14.430869689661812,hard,0.12428046118526455,0.11931023926571858,0.10952389542644926,0.13228885301140741
0.0,0.0,6.385732359458914,0.08461787704162786,0.8739337241408177,0.6003332407921455,0.6003332407921455,0.49959983987187184,0.6003332407921455,0.0,1.1142710621747294,14.430869689661812,hard,0.12428046118526455,0.11931023926571858,0.10952643838484978,0.1323915318779083
0.0,0.0,2.091058046666956,0.08462246512476758,0.8754838854165564,0.6003332407921455,0.6003332407921455,0.49959983987187184,0.6003332407921455,0.0,0.39191835884530857,14.430869689661812,hard,0.12428046118526455,0.11931023926571858,0.10956070538628801,0.13239281473553277
0.0,0.0,2.9678717596341024,0.08465253434998063,0.871775634779655,0.6003332407921455,0.6003332407921455,0.49959983987187184,0.6003332407921455,0.0,2.3812601705819545,14.430869689661812,hard,0.12428046118526455,0.11931023926571858,0.10964712964506704,0.13259794474030898
0.0,0.0,2.3319153324943374,0.08465253434998063,0.8668066897795262,0.6003332407921455,0.6003332407921455,0.49959983987187184,0.6003332407921455,0.0,0.13999999999999999,14.430869689661812,hard,0.12428046118526455,0.11931023926571858,0.10964712964506704,0.13259794474030898
0.0,0.0,2.0920003048351012,0.08465253434998063,0.8616455408544198,0.6003332407921455,0.6003332407921455,0.49959983987187184,0.6003332407921455,0.0,0.0,14.430869689661812,hard,0.12428046118526455,0.11931023926571858,0.10964712964506704,0.13259794474030898
0.0,0.0,3.4084994596817553,0.08464230558992142,0.856254657805864,0.6003332407921455,0.6003332407921455,0.49959983987187184,0.6003332407921455,0.0,2.2399999999999998,14.430869689661812,hard,0.12428046118526455,0.11931023926571858,0.10964712964506704,0.13255568956613997
0.0,0.0,5.133824633620825,0.08462774340443513,0.8536663276319959,0.6003332407921455,0.6003332407921455,0.49959983987187184,0.6003332407921455,0.0,3.92,14.430869689661812,hard,0.12428046118526455,0.11931023926571858,0.10964712964506704,0.13250406867962058
0.0,0.0,18.2285328452831,0.08442783928720064,0.8537485567775234,0.6003332407921455,0.6003332407921455,0.49959983987187184,0.6003332407921455,0.0,18.346672722867215,14.430869689661812,hard,0.12428046118526455,0.11931023926571858,0.1093007865335277,0.13238583919436603
0.0,0.0,10.215346043115398,0.08430855494699109,0.8530322608782802,0.6003332407921455,0.6003332407921455,0.49959983987187184,0.6003332407921455,0.0,10.233279044372825,14.430869689661812,hard,0.12428046118526455,0.11931023926571858,0.10928254589609904,0.1326835333752989
0.0,0.0,14.705752251861197,0.08414677620261919,0.8518038976250053,0.6003332407921455,0.6003332407921455,0.5,0.6003332407921455,0.0,14.63449349994731,14.430869689661812,hard,0.12428046118526455,0.11931023926571858,0.1094151865811183,0.1332980614172013
0.0,0.0,9.178384460273506,0.08409550688677087,0.8542322646786717,0.6003332407921455,0.6003332407921455,0.5,0.6003332407921455,0.0,8.174203325095357,14.430869689661812,hard,0.12428046118526455,0.11931023926571858,0.10960810429867066,0.13367139987658902
0.0,0.0,6.065765471771358,0.0840787279194437,0.8605684138105439,0.6003332407921455,0.6003332407921455,0.5,0.6003332407921455,0.0,5.338014612194312,14.430869689661812,hard,0.12428046118526455,0.11931023926571858,0.10961909199523946,0.13367541173363842
0.0,0.0,5.155213253899917,0.08407421217913769,0.8670345700925183,0.6003332407921455,0.6003332407921455,0.5,0.6003332407921455,0.0,4.364630568559039,14.430869689661812,hard,0.12428046118526455,0.11931023926571858,0.10965246378174734,0.13371781037319544
0.0,0.0,12.77851830730403,0.08406160050487459,0.8767846185566351,0.6003332407921455,0.6003332407921455,0.4995998398718719,0.6003332407921455,0.0,9.52,14.430869689661812,hard,0.12428046118526455,0.11931023926571858,0.10987224206081322,0.133751602882019
0.0,0.0,6.534472152423898,0.08406405107673766,0.8786216090176306,0.6003332407921455,0.6003332407921455,0.4995998398718719,0.6003332407921455,0.0,5.042063069815768,14.430869689661812,hard,0.12428046118526455,0.11931023926571858,0.10989236374016739,0.1338542085896793
0.0,0.0,13.02056446294965,0.08406542010362565,0.8528898776677561,0.6003332407921455,0.6003332407921455,0.8581375181169975,0.6003332407921455,0.0,2.52,14.430869689661812,hard,0.12428046118526455,0.11931023926571858,0.10989236374016739,0.13391018963374934
0.0,0.0,8.485858009889354,0.08407677972538156,0.7893165724853289,0.6003332407921455,0.6003332407921455,0.8411896337925238,0.6003332407921455,0.0,0.84,14.430869689661812,hard,0.12428046118526455,0.11931023926571858,0.10989236374016739,0.13394395625774505
0.0,0.0,4.577951482890699,0.08408138248585599,0.7982135092059939,0.6003332407921455,0.6003332407921455,0.848528137423857,0.6003332407921455,0.0,0.27999999999999997,14.430869689661812,hard,0.12428046118526455,0.11931023926571858,0.10989236374016739,0.13399404667785628
0.0,0.0,2.0218135671026047,0.08409170120787991,0.7986126052004691,0.6003332407921455,0.6003332407921455,0.848528137423857,0.6003332407921455,0.0,0.8089499366462674,14.430869689661812,hard,0.12428046118526455,0.11931023926571858,0.10989801733349519,0.13404426045039833
0.0,0.0,5.678435064364366,0.08417795818377766,0.8002956778750456,0.6003332407921455,0.6003332407921455,0.848528137423857,0.6003332407921455,0.0,4.312771730569565,14.430869689661812,hard,0.12428046118526455,0.11931023926571858,0.11027019879062927,0.13424634629143517
0.0,0.0,5.452846690972574,0.08424052652932047,0.8034298855951614,0.6003332407921455,0.6003332407921455,0.848528137423857,0.6003332407921455,0.0,3.692641331079963,14.430869689661812,hard,0.12428046118526455,0.11931023926571858,0.11035253832786264,0.13430567136629398
0.0,0.0,11.876341428908578,0.08444800269278907,0.8051719830553217,0.6003332407921455,0.6003332407921455,0.848528137423857,0.6003332407921455,0.0,7.961432031990225,14.430869689661812,hard,0.12428046118526455,0.11931023926571858,0.11054992166467023,0.13474692517757894
0.0,0.0,11.259050455033192,0.08479054178366964,0.8094454042298997,0.6003332407921455,0.6003332407921455,0.8553361912137238,0.6003332407921455,0.0,10.637744121758148,14.430869689661812,hard,0.12428046118526455,0.11931023926571858,0.11078007092279468,0.13515926882085305
0.0,0.0,21.09337346503741,0.08549321253622594,0.8127162404895667,0.6003332407921455,0.6003332407921455,0.8553361912137238,0.6003332407921455,0.0,18.333848477611024,14.430869689661812,hard,0.12428046118526455,0.11931023926571858,0.11168641901800991,0.1361480156348552
0.0,0.0,18.510039632501147,0.08602539579047554,0.8078318523943305,0.6003332407921455,0.6003332407921455,0.8616263691415206,0.6003332407921455,0.0,17.747067363370206,14.430869689661812,hard,0.12428046118526455,0.11931023926571858,0.11215553286257066,0.13753516056582635
0.0,0.0,22.936786114561215,0.08674662903155837,0.8083021215790235,0.6003332407921455,0.6003332407921455,0.8616263691415206,0.6003332407921455,0.0,21.722025688227145,14.430869689661812,hard,0.12428046118526455,0.11931023926571858,0.11429118698794526,0.13877039387895956
0.0,0.0,24.992366038864166,0.08752549964476698,0.808527042876135,0.6003332407921455,0.6003332407921455,0.8616263691415206,0.6003332407921455,0.0,21.0601899326668,14.430869689661812,hard,0.12428046118526455,0.11931023926571858,0.11616711585627261,0.13978179186896372
0.0,0.0,12.092337586633565,0.08782769786115584,0.8118138450863194,0.6003332407921455,0.6003332407921455,0.8616263691415206,0.6003332407921455,0.0,11.756002722013974,14.430869689661812,hard,0.12428046118526455,0.11931023926571858,0.11670808208761811,0.14062275594460832
0.0,0.0,5.612231554236601,0.08798196644629036,0.8169581497906534,0.6003332407921455,0.6003332407921455,0.8616263691415206,0.6003332407921455,0.0,4.97208205885623,14.430869689661812,hard,0.12428046118526455,0.11931023926571858,0.11697736655142818,0.140942384778215
0.0,0.0,10.025077671078495,0.08805805206986018,0.8248728134915922,0.6003332407921455,0.6003332407921455,0.8616263691415206,0.6003332407921455,0.0,1.5825296205758679,14.430869689661812,hard,0.12428046118526455,0.11931023926571858,0.11713492444829422,0.1410213014899615
0.0,0.0,2.4937110374385485,0.08806319710252694,0.8322658092746875,0.6003332407921455,0.6003332407921455,0.8616263691415206,0.6003332407921455,0.0,0.13999999999999999,14.430869689661812,hard,0.12428046118526455,0.11931023926571858,0.11715547870010677,0.1410213014899615
0.0,0.0,2.416982636008365,0.08806319710252694,0.8405848979665898,0.6003332407921455,0.6003332407921455,0.8616263691415206,0.6003332407921455,0.0,0.0,14.430869689661812,hard,0.12428046118526455,0.11931023926571858,0.11715547870010677,0.1410213014899615
0.0,0.0,3.2153959122123172,0.08807465417877516,0.8492561711582843,0.6003332407921455,0.6003332407921455,0.8616263691415206,0.6003332407921455,0.0,1.4000000000000004,14.430869689661812,hard,0.12428046118526455,0.11931023926571858,0.11715547870010677,0.14112471525138234
0.0,0.0,4.902570301948764,0.0880769891053438,0.8539504218456516,0.6003332407921455,0.6003332407921455,0.8674099376880576,0.6003332407921455,0.0,0.42000000000000004,14.430869689661812,hard,0.12428046118526455,0.11931023926571858,0.11715547870010677,0.14114578620368226
0.0,0.0,2.5626879348172373,0.0880769891053438,0.8636466952813616,0.6003332407921455,0.6003332407921455,0.8674099376880576,0.6003332407921455,0.0,0.13999999999999999,14.430869689661812,hard,0.12428046118526455,0.11931023926571858,0.11715547870010677,0.14114578620368226
0.0,0.0,11.580427630344591,0.08808288986153022,0.8815283067443369,0.6003332407921455,0.6003332407921455,1.1489125293076057,0.6003332407921455,0.0,0.9799999999999998,14.430869689661812,hard,0.12428046118526455,0.11931023926571858,0.11716585247789653,0.14114578620368226
0.0,0.0,11.610489745098814,0.08810238111341863,0.8064773289257793,0.6003332407921455,0.6003332407921455,1.1661903789690602,0.6003332407921455,0.0,2.8000000000000007,14.430869689661812,hard,0.12428046118526455,0.11931023926571858,0.11720351155091895,0.14115637015807664
0.0,0.0,7.628054937436292,0.08816239893814193,0.8056090275581002,0.6003332407921455,0.6003332407921455,1.1661903789690602,0.6003332407921455,0.0,7.279670322205534,14.430869689661812,hard,0.12428046118526455,0.11931023926571858,0.117333086410603,0.1413079346362146
0.0,0.0,10.461631363190728,0.08821510260448621,0.8264261623620879,0.6003332407921455,0.6003332407921455,1.1892854997854805,0.6003332407921455,0.0,5.739999999999998,14.430869689661812,hard,0.12428046118526455,0.11931023926571858,0.11749043784720889,0.14134123467338272
0.0,0.0,6.4724274740356895,0.08824002815807078,0.8319819843253606,0.6003332407921455,0.6003332407921455,1.2001666550941998,0.6003332407921455,0.0,2.94,14.430869689661812,hard,0.12428046118526455,0.11931023926571858,0.11757754605155891,0.14135239906097818
0.0,0.0,7.574896002216829,0.08826423417665043,0.8126587167263694,0.6003332407921455,0.6003332407921455,1.1973303637676613,0.6003332407921455,0.0,3.3600000000000003,14.430869689661812,hard,0.12428046118526455,0.11931023926571858,0.11766760921316267,0.14136359562348472
0.0,0.0,6.596658038295654,0.0882825004692108,0.8077284001838899,0.6003332407921455,0.6003332407921455,1.1901260437449472,0.6003332407921455,0.0,1.82,14.430869689661812,hard,0.12428046118526455,0.11931023926571858,0.11768800724234124,0.14145432549889594
0.0,0.0,4.742497882951704,0.0882984310521916,0.8136358331138562,0.6003332407921455,0.6003332407921455,1.1901260437449472,0.6003332407921455,0.0,0.6209669878504008,14.430869689661812,hard,0.12428046118526455,0.11931023926571858,0.11770210054697036,0.1414910257010072
0.0,0.0,1.713557340104377,0.0883018123342989,0.8197782823365776,0.6003332407921455,0.6003332407921455,1.1901260437449472,0.6003332407921455,0.0,0.27999999999999997,14.430869689661812,hard,0.12428046118526455,0.11931023926571858,0.11770902770883761,0.14150253949576075
0.0,0.0,6.136251334036158,0.08835077776554374,0.8147327985707484,0.6003332407921455,0.6003332407921455,1.1993331480451959,0.6003332407921455,0.0,1.453409783921933,14.430869689661812,hard,0.12428046118526455,0.11931023926571858,0.11770902770883761,0.14171997048671042
0.0,0.0,4.210459214124087,0.08836271967298387,0.8092579795831941,0.6003332407921455,0.6003332407921455,1.2081390648431165,0.6003332407921455,0.0,0.31048349392520047,14.430869689661812,hard,0.12428046118526455,0.11931023926571858,0.11770902770883761,0.1417432153156814
0.0,0.0,4.70278753549308,0.08838562823076843,0.8000122759831509,0.6003332407921455,0.6003332407921455,1.2,0.6003332407921455,0.0,1.1199999999999999,14.430869689661812,hard,0.12428046118526455,0.11931023926571858,0.1178125346364765,0.14176281029785487
0.0,0.0,3.2061938390720917,0.08843219857674346,0.8011838029300616,0.6003332407921455,0.6003332407921455,1.2,0.6003332407921455,0.0,1.859462287867113,14.430869689661812,hard,0.12428046118526455,0.11931023926571858,0.11791664158804291,0.1418671176216907
0.0,0.0,5.483423781879048,0.08854577599296731,0.8021777940930227,0.6003332407921455,0.6003332407921455,1.2,0.6003332407921455,0.0,3.920459156782532,14.430869689661812,hard,0.12428046118526455,0.11931023926571858,0.11839366753603829,0.1419663139880982
0.0,0.0,3.055042687573858,0.08856117639551854,0.8023881804153216,0.6003332407921455,0.6003332407921455,1.2,0.6003332407921455,0.0,0.84,14.430869689661812,hard,0.12428046118526455,0.11931023926571858,0.11843455263909304,0.14197221171463206
0.0,0.0,4.848014655378456,0.0886127270250223,0.8051015160799639,0.6003332407921455,0.6003332407921455,1.2,0.6003332407921455,0.0,2.1,14.430869689661812,hard,0.12428046118526455,0.11931023926571858,0.11864128248628054,0.14197221171463206
0.0,0.0,5.35390294934901,0.08874305391763111,0.8089256214788991,0.6003332407921455,0.6003332407921455,1.2,0.6003332407921455,0.0,3.92,14.430869689661812,hard,0.12428046118526455,0.11931023926571858,0.11917480052941953,0.14197221171463206
0.0,0.0,5.169827895730979,0.08881826814670371,0.8062397235331411,0.6003332407921455,0.6003332407921455,1.1914696806885183,0.6003332407921455,0.0,2.6600000000000006,14.430869689661812,hard,0.12428046118526455,0.11931023926571858,0.11960240728664065,0.14197221171463206
0.0,0.0,3.5986050202382,0.0888704793190363,0.8153642174329353,0.6003332407921455,0.6003332407921455,1.1914696806885183,0.6003332407921455,0.0,1.82,14.430869689661812,hard,0.12428046118526455,0.11931023926571858,0.11984704520444948,0.14201210180914867
0.0,0.0,3.2892277544667636,0.08889148531553873,0.8281301809997074,0.6003332407921455,0.6003332407921455,1.1914696806885183,0.6003332407921455,0.0,0.5599999999999999,14.430869689661812,hard,0.12428046118526455,0.11931023926571858,0.11993402933738458,0.14201210180914867
0.0,0.0,13.46411027800475,0.0888967450595824,0.8137492544245858,0.6003332407921455,0.6003332407921455,1.3840520221436767,0.6003332407921455,0.0,0.13999999999999999,14.430869689661812,hard,0.12428046118526455,0.11931023926571858,0.11993402933738458,0.14201803068325836
0.0,0.0,11.734603148241456,0.0888967450595824,0.7138449706085762,0.6003332407921455,0.6003332407921455,1.4406942770761604,0.6003332407921455,0.0,0.0,14.430869689661812,hard,0.12428046118526455,0.11931023926571858,0.11993402933738458,0.14201803068325836
0.0,0.0,5.320942001380762,0.0888967450595824,0.7354219040285116,0.6003332407921455,0.6003332407921455,1.4643770006388384,0.6003332407921455,0.0,0.0,14.430869689661812,hard,0.12428046118526455,0.11931023926571858,0.11993402933738458,0.14201803068325836
0.0,0.0,4.124141928993077,0.08890691822789996,0.7346107231735284,0.6003332407921455,0.6003332407921455,1.4483093592185339,0.6003332407921455,0.0,0.8400000000000001,14.430869689661812,hard,0.12428046118526455,0.11931023926571858,0.11993402933738458,0.1420880119160105
0.0,0.0,4.681592866999395,0.08890691822789996,0.7434082564180456,0.6003332407921455,0.6003332407921455,1.445683229480096,0.6003332407921455,0.0,0.0,14.430869689661812,hard,0.12428046118526455,0.11931023926571858,0.11993402933738458,0.1420880119160105
0.0,0.0,3.4095142291474043,0.08891174431673711,0.7430883058435953,0.6003332407921455,0.6003332407921455,1.4427751037497147,0.6003332407921455,0.0,0.19595917942265428,14.430869689661812,hard,0.12428046118526455,0.11931023926571858,0.11993402933738458,0.142108195394499
0.0,0.0,1.3930837126112465,0.08891799093605969,0.7485911147427502,0.6003332407921455,0.6003332407921455,1.4427751037497147,0.6003332407921455,0.0,0.42,14.430869689661812,hard,0.12428046118526455,0.11931023926571858,0.11993402933738458,0.14212511077987117
0.0,0.0,1.5638534146805267,0.08892738715685736,0.7562476158771602,0.6003332407921455,0.6003332407921455,1.4427751037497147,0.6003332407921455,0.0,0.5599999999999999,14.430869689661812,hard,0.12428046118526455,0.11931023926571858,0.11993402933738458,0.1421507312750616
0.0,0.0,7.680012580563222,0.08892738715685736,0.7650458693526258,0.6003332407921455,0.6003332407921455,1.4427751037497147,0.6003332407921455,0.0,0.0,14.430869689661812,hard,0.12428046118526455,0.11931023926571858,0.11993402933738458,0.1421507312750616
0.0,0.0,4.867461294990734,0.08892738715685736,0.7734348984104993,0.6003332407921455,0.6003332407921455,1.4427751037497147,0.6003332407921455,0.0,0.0,14.430869689661812,hard,0.12428046118526455,0.11931023926571858,0.11993402933738458,0.1421507312750616
0.0,0.0,2.83016911078588,0.08892738715685736,0.7777793853788764,0.6003332407921455,0.6003332407921455,1.4427751037497147,0.6003332407921455,0.0,0.0,14.430869689661812,hard,0.12428046118526455,0.11931023926571858,0.11993402933738458,0.1421507312750616
0.0,0.0,4.784467195203247,0.08892738715685736,0.7776574736663281,0.6003332407921455,0.6003332407921455,1.4427751037497147,0.6003332407921455,0.0,0.0,14.430869689661812,hard,0.12428046118526455,0.11931023926571858,0.11993402933738458,0.1421507312750616
0.0,0.0,5.103245351097962,0.08892738715685736,0.7800813046713173,0.6003332407921455,0.6003332407921455,1.4427751037497147,0.6003332407921455,0.0,0.0,14.430869689661812,hard,0.12428046118526455,0.11931023926571858,0.11993402933738458,0.1421507312750616
0.0,0.0,2.3364538685713723,0.08892738715685736,0.7836022621030214,0.6003332407921455,0.6003332407921455,1.4427751037497147,0.6003332407921455,0.0,0.0,14.430869689661812,hard,0.12428046118526455,0.11931023926571858,0.11993402933738458,0.1421507312750616
0.0,0.0,4.183997183784427,0.08892738715685736,0.7877385682025794,0.6003332407921455,0.6003332407921455,1.4427751037497147,0.6003332407921455,0.0,0.0,14.430869689661812,hard,0.12428046118526455,0.11931023926571858,0.11993402933738458,0.1421507312750616
0.0,0.0,3.068817246411385,0.08892738715685736,0.7917315791715239,0.6003332407921455,0.6003332407921455,1.4427751037497147,0.6003332407921455,0.0,0.0,14.430869689661812,hard,0.12428046118526455,0.11931023926571858,0.11993402933738458,0.1421507312750616
0.0,0.0,4.494541146548783,0.08892738715685736,0.7948701439166168,0.6003332407921455,0.6003332407921455,1.463693957082559,0.6003332407921455,0.0,0.0,14.430869689661812,hard,0.12428046118526455,0.11931023926571858,0.11993402933738458,0.1421507312750616
0.0,0.0,3.7066521922735656,0.08892738715685736,0.8013384446476759,0.6003332407921455,0.6003332407921455,1.4736349615830915,0.6003332407921455,0.0,0.0,14.430869689661812,hard,0.12428046118526455,0.11931023926571858,0.11993402933738458,0.1421507312750616
0.0,0.0,3.5018838799187,0.08892957854412466,0.8111925834298974,0.6003332407921455,0.6003332407921455,1.4736349615830915,0.6003332407921455,0.0,0.13999999999999999,14.430869689661812,hard,0.12428046118526455,0.11931023926571858,0.11993402933738458,0.14217416795554363
0.0,0.0,3.029978737643877,0.08892957854412466,0.8289356257931448,0.6003332407921455,0.6003332407921455,1.4736349615830915,0.6003332407921455,0.0,0.0,14.430869689661812,hard,0.12428046118526455,0.11931023926571858,0.11993402933738458,0.14217416795554363
0.0,0.0,13.752226267501982,0.08892957854412466,0.8659129835826667,0.6003332407921455,0.6003332407921455,1.7012936254509392,0.6003332407921455,0.0,0.0,14.430869689661812,hard,0.12428046118526455,0.11931023926571858,0.11993402933738458,0.14217416795554363
0.0,0.0,11.84892669409028,0.08893128923765749,0.7480667696413474,0.6003332407921455,0.6003332407921455,1.78,0.6003332407921455,0.0,0.13999999999999999,14.430869689661812,hard,0.12428046118526455,0.11931023926571858,0.11993402933738458,0.14218596423378352
0.0,0.0,2.656106032536608,0.08893472134320092,0.7520589480653809,0.6003332407921455,0.6003332407921455,1.78,0.6003332407921455,0.0,0.42000000000000004,14.430869689661812,hard,0.12428046118526455,0.11931023926571858,0.11993402933738458,0.14220965243468858
0.0,0.0,2.502845645798871,0.08893989629460512,0.7545652347547723,0.6003332407921455,0.6003332407921455,1.78,0.6003332407921455,0.0,0.7000000000000002,14.430869689661812,hard,0.12428046118526455,0.11931023926571858,0.11993402933738458,0.14224542372749097
0.0,0.0,2.5033539186673543,0.08893989629460512,0.7587128741166118,0.6003332407921455,0.6003332407921455,1.78,0.6003332407921455,0.0,0.0,14.430869689661812,hard,0.12428046118526455,0.11931023926571858,0.11993402933738458,0.14224542372749097
0.0,0.0,4.278295924745645,0.08893989629460512,0.7593775871635168,0.6003332407921455,0.6003332407921455,1.7577258034175864,0.6003332407921455,0.0,0.0,14.430869689661812,hard,0.12428046118526455,0.11931023926571858,0.11993402933738458,0.14224542372749097
0.0,0.0,1.8208500282392774,0.08893989629460512,0.7631318999787546,0.6003332407921455,0.6003332407921455,1.7577258034175864,0.6003332407921455,0.0,0.0,14.430869689661812,hard,0.12428046118526455,0.11931023926571858,0.11993402933738458,0.14224542372749097
0.0,0.0,3.412902750499144,0.08893989629460512,0.7654335635343753,0.6003332407921455,0.6003332407921455,1.7691806012954132,0.6003332407921455,0.0,0.0,14.430869689661812,hard,0.12428046118526455,0.11931023926571858,0.11993402933738458,0.14224542372749097
0.0,0.0,3.391094208469117,0.08893989629460512,0.7855752568064925,0.6003332407921455,0.6003332407921455,1.780337046741431,0.6003332407921455,0.0,0.0,14.430869689661812,hard,0.12428046118526455,0.11931023926571858,0.11993402933738458,0.14224542372749097
0.0,0.0,3.2598338408347587,0.08893989629460512,0.7923568037289939,0.6003332407921455,0.6003332407921455,1.7912007146045918,0.6003332407921455,0.0,0.0,14.430869689661812,hard,0.12428046118526455,0.11931023926571858,0.11993402933738458,0.14224542372749097
0.0,0.0,1.9204118129178969,0.08893989629460512,0.7995815249683601,0.6003332407921455,0.6003332407921455,1.7912007146045918,0.6003332407921455,0.0,0.0,14.430869689661812,hard,0.12428046118526455,0.11931023926571858,0.11993402933738458,0.14224542372749097
0.0,0.0,4.4352583892871245,0.08893989629460512,0.7848222725063934,0.6003332407921455,0.6003332407921455,1.7906423428479514,0.6003332407921455,0.0,0.0,14.430869689661812,hard,0.12428046118526455,0.11931023926571858,0.11993402933738458,0.14224542372749097
0.0,0.0,4.396832872123841,0.08893989629460512,0.7807878997865787,0.6003332407921455,0.6003332407921455,1.7898603297464302,0.6003332407921455,0.0,0.0,14.430869689661812,hard,0.12428046118526455,0.11931023926571858,0.11993402933738458,0.14224542372749097
0.0,0.0,8.609995988812358,0.08893989629460512,0.7844629999314261,0.6003332407921455,0.6003332407921455,1.7898603297464302,0.6003332407921455,0.0,0.0,14.430869689661812,hard,0.12428046118526455,0.11931023926571858,0.11993402933738458,0.14224542372749097
0.0,0.0,6.118118637742194,0.08893989629460512,0.7786785401754382,0.6003332407921455,0.6003332407921455,1.8,0.6003332407921455,0.0,0.0,14.430869689661812,hard,0.12428046118526455,0.11931023926571858,0.11993402933738458,0.14224542372749097
0.0,0.0,3.5514539006367465,0.08893989629460512,0.783269230414785,0.6003332407921455,0.6003332407921455,1.8,0.6003332407921455,0.0,0.0,14.430869689661812,hard,0.12428046118526455,0.11931023926571858,0.11993402933738458,0.14224542372749097
0.0,0.0,5.842906954583997,0.08893989629460512,0.7915835250964696,0.6003332407921455,0.6003332407921455,1.8,0.6003332407921455,0.0,0.0,14.430869689661812,hard,0.12428046118526455,0.11931023926571858,0.11993402933738458,0.14224542372749097
0.0,0.0,5.169109154334511,0.08893989629460512,0.8023029023341101,0.6003332407921455,0.6003332407921455,1.8,0.6003332407921455,0.0,0.0,14.430869689661812,hard,0.12428046118526455,0.11931023926571858,0.11993402933738458,0.14224542372749097
0.0,0.0,2.286511801155887,0.08893989629460512,0.8130383214728073,0.6003332407921455,0.6003332407921455,1.8,0.6003332407921455,0.0,0.0,14.430869689661812,hard,0.12428046118526455,0.11931023926571858,0.11993402933738458,0.14224542372749097
0.0,0.0,3.9323644633459116,0.08893989629460512,0.8240506939712458,0.6003332407921455,0.6003332407921455,1.8,0.6003332407921455,0.0,0.0,14.430869689661812,hard,0.12428046118526455,0.11931023926571858,0.11993402933738458,0.14224542372749097
0.0,0.0,10.488653578843351,0.08893989629460512,0.8551572590623007,0.6003332407921455,0.6003332407921455,1.8835073665903195,0.6003332407921455,0.0,0.0,14.430869689661812,hard,0.12428046118526455,0.11931023926571858,0.11993402933738458,0.14224542372749097
0.0,0.0,13.825562730891738,0.0889442883531104,0.6980167077089399,0.6003332407921455,0.6003332407921455,2.1029503084951866,0.6003332407921455,0.0,0.27999999999999997,14.430869689661812,hard,0.12428046118526455,0.11931023926571858,0.11993402933738458,0.1422923542934993
0.0,0.0,4.404398533010759,0.0889442883531104,0.7035323203678415,0.6003332407921455,0.6003332407921455,2.086240638085645,0.6003332407921455,0.0,0.0,14.430869689661812,hard,0.12428046118526455,0.11931023926571858,0.11993402933738458,0.1422923542934993
0.0,0.0,2.855900457447837,0.0889442883531104,0.7035588753843213,0.6003332407921455,0.6003332407921455,2.086240638085645,0.6003332407921455,0.0,0.0,14.430869689661812,hard,0.12428046118526455,0.11931023926571858,0.11993402933738458,0.1422923542934993
0.0,0.0,3.763645678528839,0.0889442883531104,0.7141893010468402,0.6003332407921455,0.6003332407921455,2.0979990467109366,0.6003332407921455,0.0,0.0,14.430869689661812,hard,0.12428046118526455,0.11931023926571858,0.11993402933738458,0.1422923542934993
0.0,0.0,3.7571566970483583,0.0889442883531104,0.7129850389779374,0.6003332407921455,0.6003332407921455,2.0979990467109366,0.6003332407921455,0.0,0.0,14.430869689661812,hard,0.12428046118526455,0.11931023926571858,0.11993402933738458,0.1422923542934993
0.0,0.0,3.043606259653824,0.0890449704333813,0.7145348267459364,0.6003332407921455,0.6003332407921455,2.0979990467109366,0.6003332407921455,0.0,2.94,14.430869689661812,hard,0.12428046118526455,0.11931023926571858,0.12009861359791502,0.1425945971041656
0.0,0.0,3.933840951912255,0.08905683341264842,0.7199971534130307,0.6003332407921455,0.6003332407921455,2.1,0.6003332407921455,0.0,0.3104834939252004,14.430869689661812,hard,0.12428046118526455,0.11931023926571858,0.12009861359791502,0.14265885507771014
0.0,0.0,1.7105184747214246,0.08905903390996336,0.7274049993933702,0.6003332407921455,0.6003332407921455,2.1,0.6003332407921455,0.0,0.13999999999999999,14.430869689661812,hard,0.12428046118526455,0.11931023926571858,0.12009861359791502,0.14268232615710708
0.0,0.0,1.6419976328767707,0.08905903390996336,0.7380898622094109,0.6003332407921455,0.6003332407921455,2.1,0.6003332407921455,0.0,0.0,14.430869689661812,hard,0.12428046118526455,0.11931023926571858,0.12009861359791502,0.14268232615710708
0.0,0.0,1.846957498565609,0.08905903390996336,0.7495244627943979,0.6003332407921455,0.6003332407921455,2.1,0.6003332407921455,0.0,0.0,14.430869689661812,hard,0.12428046118526455,0.11931023926571858,0.12009861359791502,0.14268232615710708
0.0,0.0,4.068207603455148,0.08905903390996336,0.7681132701151836,0.6003332407921455,0.6003332407921455,2.1113029152634635,0.6003332407921455,0.0,0.0,14.430869689661812,hard,0.12428046118526455,0.11931023926571858,0.12009861359791502,0.14268232615710708
0.0,0.0,4.957197777827882,0.08905903390996336,0.7776308044134217,0.6003332407921455,0.6003332407921455,2.123770232393326,0.6003332407921455,0.0,0.0,14.430869689661812,hard,0.12428046118526455,0.11931023926571858,0.12009861359791502,0.14268232615710708
0.0,0.0,2.699967855318131,0.08905903390996336,0.7825256529415794,0.6003332407921455,0.6003332407921455,2.123770232393326,0.6003332407921455,0.0,0.0,14.430869689661812,hard,0.12428046118526455,0.11931023926571858,0.12009861359791502,0.14268232615710708
0.0,0.0,2.4847076949375957,0.08905903390996336,0.7911048486608353,0.6003332407921455,0.6003332407921455,2.123770232393326,0.6003332407921455,0.0,0.0,14.430869689661812,hard,0.12428046118526455,0.11931023926571858,0.12009861359791502,0.14268232615710708
0.0,0.0,4.441569041657936,0.08905903390996336,0.7961803297047614,0.6003332407921455,0.6003332407921455,2.1249941176389173,0.6003332407921455,0.0,0.0,14.430869689661812,hard,0.12428046118526455,0.11931023926571858,0.12009861359791502,0.14268232615710708
0.0,0.0,2.818367782754104,0.08905903390996336,0.8009236863762413,0.6003332407921455,0.6003332407921455,2.1249941176389173,0.6003332407921455,0.0,0.0,14.430869689661812,hard,0.12428046118526455,0.11931023926571858,0.12009861359791502,0.14268232615710708
0.0,0.0,4.179288638851576,0.08906387157412353,0.8089255433870531,0.6003332407921455,0.6003332407921455,2.12602916254693,0.6003332407921455,0.0,0.13999999999999999,14.430869689661812,hard,0.12428046118526455,0.11931023926571858,0.1201261707351576,0.14268232615710708
0.0,0.0,9.698039939051455,0.08906387157412353,0.8284287119249124,0.6003332407921455,0.6003332407921455,2.1362584113351084,0.6003332407921455,0.0,0.0,14.430869689661812,hard,0.12428046118526455,0.11931023926571858,0.1201261707351576,0.14268232615710708
0.0,0.0,5.981580100765588,0.08906387157412353,0.8342079461282976,0.6003332407921455,0.6003332407921455,2.1362584113351084,0.6003332407921455,0.0,0.0,14.430869689661812,hard,0.12428046118526455,0.11931023926571858,0.1201261707351576,0.14268232615710708
0.0,0.0,10.61637181793583,0.08906387157412353,0.8615052639920383,0.6003332407921455,0.6003332407921455,2.2517548712060114,0.6003332407921455,0.0,0.0,14.430869689661812,hard,0.12428046118526455,0.11931023926571858,0.1201261707351576,0.14268232615710708
0.0,0.0,13.239164321066541,0.08906387157412353,0.6945471730716499,0.6003332407921455,0.6003332407921455,2.4245411937106787,0.6003332407921455,0.0,0.0,14.430869689661812,hard,0.12428046118526455,0.11931023926571858,0.1201261707351576,0.14268232615710708
0.0,0.0,8.113497285002113,0.08906387157412353,0.6805362920931183,0.6003332407921455,0.6003332407921455,2.44,0.6003332407921455,0.0,0.0,14.430869689661812,hard,0.12428046118526455,0.11931023926571858,0.1201261707351576,0.14268232615710708
0.0,0.0,3.840743973202291,0.08906387157412353,0.6830391977177579,0.6003332407921455,0.6003332407921455,2.4433583445741234,0.6003332407921455,0.0,0.0,14.430869689661812,hard,0.12428046118526455,0.11931023926571858,0.1201261707351576,0.14268232615710708
0.0,0.0,3.7504548392620314,0.08906387157412353,0.6860104904504256,0.6003332407921455,0.6003332407921455,2.4433583445741234,0.6003332407921455,0.0,0.0,14.430869689661812,hard,0.12428046118526455,0.11931023926571858,0.1201261707351576,0.14268232615710708
0.0,0.0,3.0699330363520994,0.08906387157412353,0.6925419524852848,0.6003332407921455,0.6003332407921455,2.4433583445741234,0.6003332407921455,0.0,0.0,14.430869689661812,hard,0.12428046118526455,0.11931023926571858,0.1201261707351576,0.14268232615710708
0.0,0.0,3.1009309019070375,0.08906387157412353,0.700978253070077,0.6003332407921455,0.6003332407921455,2.4433583445741234,0.6003332407921455,0.0,0.0,14.430869689661812,hard,0.12428046118526455,0.11931023926571858,0.1201261707351576,0.14268232615710708
0.0,0.0,1.7110113432909442,0.08906387157412353,0.7103783236902572,0.6003332407921455,0.6003332407921455,2.4433583445741234,0.6003332407921455,0.0,0.0,14.430869689661812,hard,0.12428046118526455,0.11931023926571858,0.1201261707351576,0.14268232615710708
0.0,0.0,3.95336217957077,0.08906387157412353,0.7283021997010127,0.6003332407921455,0.6003332407921455,2.4547097588106013,0.6003332407921455,0.0,0.0,14.430869689661812,hard,0.12428046118526455,0.11931023926571858,0.1201261707351576,0.14268232615710708
0.0,0.0,1.6270415997747825,0.08906387157412353,0.7337592033564289,0.6003332407921455,0.6003332407921455,2.4547097588106013,0.6003332407921455,0.0,0.0,14.430869689661812,hard,0.12428046118526455,0.11931023926571858,0.1201261707351576,0.14268232615710708
0.0,0.0,6.073481796102785,0.08906387157412353,0.7651545630501452,0.6003332407921455,0.6003332407921455,2.4551171051499763,0.6003332407921455,0.0,0.0,14.430869689661812,hard,0.12428046118526455,0.11931023926571858,0.1201261707351576,0.14268232615710708
0.0,0.0,1.8087280255798628,0.08906387157412353,0.7744520322555495,0.6003332407921455,0.6003332407921455,2.4551171051499763,0.6003332407921455,0.0,0.0,14.430869689661812,hard,0.12428046118526455,0.11931023926571858,0.1201261707351576,0.14268232615710708
0.0,0.0,1.5851355306255945,0.08906387157412353,0.7853783421690763,0.6003332407921455,0.6003332407921455,2.4551171051499763,0.6003332407921455,0.0,0.0,14.430869689661812,hard,0.12428046118526455,0.11931023926571858,0.1201261707351576,0.14268232615710708
0.0,0.0,2.098204396358749,0.08906387157412353,0.7949192738085215,0.6003332407921455,0.6003332407921455,2.4551171051499763,0.6003332407921455,0.0,0.0,14.430869689661812,hard,0.12428046118526455,0.11931023926571858,0.1201261707351576,0.14268232615710708
0.0,0.0,2.3669607480015498,0.08907049380587469,0.8018822065787069,0.6003332407921455,0.6003332407921455,2.4551171051499763,0.6003332407921455,0.0,0.42,14.430869689661812,hard,0.12428046118526455,0.11931023926571858,0.12017448681804806,0.14268232615710708
0.0,0.0,2.511907662971998,0.08907049380587469,0.8093695811793054,0.6003332407921455,0.6003332407921455,2.4551171051499763,0.6003332407921455,0.0,0.0,14.430869689661812,hard,0.12428046118526455,0.11931023926571858,0.12017448681804806,0.14268232615710708
0.0,0.0,4.6298578915539474,0.08907049380587469,0.8005128573285296,0.6003332407921455,0.6003332407921455,2.449489742783178,0.6003332407921455,0.0,0.0,14.430869689661812,hard,0.12428046118526455,0.11931023926571858,0.12017448681804806,0.14268232615710708
0.0,0.0,5.6844398114357375,0.08907049380587469,0.8143207904602615,0.6003332407921455,0.6003332407921455,2.462194143441983,0.6003332407921455,0.0,0.0,14.430869689661812,hard,0.12428046118526455,0.11931023926571858,0.12017448681804806,0.14268232615710708
0.0,0.0,2.8231721380181,0.08907049380587469,0.8233900758924528,0.6003332407921455,0.6003332407921455,2.462194143441983,0.6003332407921455,0.0,0.0,14.430869689661812,hard,0.12428046118526455,0.11931023926571858,0.12017448681804806,0.14268232615710708
0.0,0.0,2.5599746175965863,0.08907049380587469,0.8300252588877184,0.6003332407921455,0.6003332407921455,2.462194143441983,0.6003332407921455,0.0,0.0,14.430869689661812,hard,0.12428046118526455,0.11931023926571858,0.12017448681804806,0.14268232615710708
0.0,0.0,12.55425526606628,0.08907049380587469,0.8724595153587459,0.6003332407921455,0.6003332407921455,2.6464315596667145,0.6003332407921455,0.0,0.0,14.430869689661812,hard,0.12428046118526455,0.11931023926571858,0.12017448681804806,0.14268232615710708
0.0,0.0,12.359057446610136,0.08907049380587469,0.6834136091523006,0.6003332407921455,0.6003332407921455,2.7886197302608324,0.6003332407921455,0.0,0.0,14.430869689661812,hard,0.12428046118526455,0.11931023926571858,0.12017448681804806,0.14268232615710708
0.0,0.0,2.971675478400102,0.08907049380587469,0.6924099279943603,0.6003332407921455,0.6003332407921455,2.7886197302608324,0.6003332407921455,0.0,0.0,14.430869689661812,hard,0.12428046118526455,0.11931023926571858,0.12017448681804806,0.14268232615710708
0.0,0.0,7.7201399119356555,0.08907049380587469,0.7008161947415593,0.6003332407921455,0.6003332407921455,2.7886197302608324,0.6003332407921455,0.0,0.0,14.430869689661812,hard,0.12428046118526455,0.11931023926571858,0.12017448681804806,0.14268232615710708
0.0,0.0,4.948842872788623,0.08907049380587469,0.7112330573179289,0.6003332407921455,0.6003332407921455,2.7886197302608324,0.6003332407921455,0.0,0.0,14.430869689661812,hard,0.12428046118526455,0.11931023926571858,0.12017448681804806,0.14268232615710708
0.0,0.0,5.226251526958216,0.08907049380587469,0.7298361042775632,0.6003332407921455,0.6003332407921455,2.810622706803601,0.6003332407921455,0.0,0.0,14.430869689661812,hard,0.12428046118526455,0.11931023926571858,0.12017448681804806,0.14268232615710708
0.0,0.0,4.5499660913052775,0.08907049380587469,0.7340443395379547,0.6003332407921455,0.6003332407921455,2.810622706803601,0.6003332407921455,0.0,0.0,14.430869689661812,hard,0.12428046118526455,0.11931023926571858,0.12017448681804806,0.14268232615710708
0.0,0.0,6.307702091645475,0.08907049380587469,0.7499274151657106,0.6003332407921455,0.6003332407921455,2.8,0.6003332407921455,0.0,0.0,14.430869689661812,hard,0.12428046118526455,0.11931023926571858,0.12017448681804806,0.14268232615710708
0.0,0.0,2.479791986110653,0.08907049380587469,0.7536136382742342,0.6003332407921455,0.6003332407921455,2.8,0.6003332407921455,0.0,0.0,14.430869689661812,hard,0.12428046118526455,0.11931023926571858,0.12017448681804806,0.14268232615710708
0.0,0.0,3.558890537476032,0.08907049380587469,0.7620723503109448,0.6003332407921455,0.6003332407921455,2.8,0.6003332407921455,0.0,0.0,14.430869689661812,hard,0.12428046118526455,0.11931023926571858,0.12017448681804806,0.14268232615710708
0.0,0.0,4.329927365997824,0.08907049380587469,0.7764766273446967,0.6003332407921455,0.6003332407921455,2.8034978152301098,0.6003332407921455,0.0,0.0,14.430869689661812,hard,0.12428046118526455,0.11931023926571858,0.12017448681804806,0.14268232615710708
0.0,0.0,3.2739823409267026,0.08907049380587469,0.7902454083126831,0.6003332407921455,0.6003332407921455,2.8034978152301098,0.6003332407921455,0.0,0.0,14.430869689661812,hard,0.12428046118526455,0.11931023926571858,0.12017448681804806,0.14268232615710708
0.0,0.0,4.943004834145238,0.08907049380587469,0.8087038480307939,0.6003332407921455,0.6003332407921455,2.817161692200148,0.6003332407921455,0.0,0.0,14.430869689661812,hard,0.12428046118526455,0.11931023926571858,0.12017448681804806,0.14268232615710708
0.0,0.0,2.8362534644936535,0.08907049380587469,0.8145006926759194,0.6003332407921455,0.6003332407921455,2.817161692200148,0.6003332407921455,0.0,0.0,14.430869689661812,hard,0.12428046118526455,0.11931023926571858,0.12017448681804806,0.14268232615710708
0.0,0.0,4.634657012721272,0.08907049380587469,0.8146114100576749,0.6003332407921455,0.6003332407921455,2.813112155602759,0.6003332407921455,0.0,0.0,14.430869689661812,hard,0.12428046118526455,0.11931023926571858,0.12017448681804806,0.14268232615710708
0.0,0.0,3.36938553866905,0.08907049380587469,0.8212341160796888,0.6003332407921455,0.6003332407921455,2.813112155602759,0.6003332407921455,0.0,0.0,14.430869689661812,hard,0.12428046118526455,0.11931023926571858,0.12017448681804806,0.14268232615710708
0.0,0.0,2.649660714123963,0.08907049380587469,0.8290266934120268,0.6003332407921455,0.6003332407921455,2.813112155602759,0.6003332407921455,0.0,0.0,14.430869689661812,hard,0.12428046118526455,0.11931023926571858,0.12017448681804806,0.14268232615710708
0.0,0.0,2.5010755854142825,0.08907049380587469,0.8375139050829341,0.6003332407921455,0.6003332407921455,2.813112155602759,0.6003332407921455,0.0,0.0,14.430869689661812,hard,0.12428046118526455,0.11931023926571858,0.12017448681804806,0.14268232615710708
0.0,0.0,2.6752649615699307,0.08907049380587469,0.8495482409438001,0.6003332407921455,0.6003332407921455,2.813112155602759,0.6003332407921455,0.0,0.0,14.430869689661812,hard,0.12428046118526455,0.11931023926571858,0.12017448681804806,0.14268232615710708
0.0,0.0,2.4959480016240945,0.08907049380587469,0.8606544306991828,0.6003332407921455,0.6003332407921455,2.813112155602759,0.6003332407921455,0.0,0.0,14.430869689661812,hard,0.12428046118526455,0.11931023926571858,0.12017448681804806,0.14268232615710708
0.0,0.0,12.788053213787384,0.08907049380587469,0.880296052774405,0.6003332407921455,0.6003332407921455,2.9746260269149802,0.6003332407921455,0.0,0.0,14.430869689661812,hard,0.12428046118526455,0.11931023926571858,0.12017448681804806,0.14268232615710708
0.0,0.0,11.508146852985456,0.08907049380587469,0.7200894991684734,0.6003332407921455,0.6003332407921455,3.125955853814957,0.6003332407921455,0.0,0.0,14.430869689661812,hard,0.12428046118526455,0.11931023926571858,0.12017448681804806,0.14268232615710708
0.0,0.0,3.901302480756962,0.08907049380587469,0.7368925226815427,0.6003332407921455,0.6003332407921455,3.1368774282716245,0.6003332407921455,0.0,0.0,14.430869689661812,hard,0.12428046118526455,0.11931023926571858,0.12017448681804806,0.14268232615710708
0.0,0.0,4.547921445237731,0.08907049380587469,0.7093901976421428,0.6003332407921455,0.6003332407921455,3.1349003173944783,0.6003332407921455,0.0,0.0,14.430869689661812,hard,0.12428046118526455,0.11931023926571858,0.12017448681804806,0.14268232615710708
0.0,0.0,4.5440743450090535,0.08907937318399115,0.723532565733621,0.6003332407921455,0.6003332407921455,3.1455365202139998,0.6003332407921455,0.0,0.5599999999999999,14.430869689661812,hard,0.12428046118526455,0.11931023926571858,0.12020689618288034,0.14272935680593155
0.0,0.0,2.5965081587468677,0.08908383418360592,0.7295587350786797,0.6003332407921455,0.6003332407921455,3.1455365202139998,0.6003332407921455,0.0,0.27999999999999997,14.430869689661812,hard,0.12428046118526455,0.11931023926571858,0.12020689618288034,0.14277650534427105
0.0,0.0,2.6392198906655397,0.08910635220169055,0.7341785941284434,0.6003332407921455,0.6003332407921455,3.1455365202139998,0.6003332407921455,0.0,1.5399999999999998,14.430869689661812,hard,0.12428046118526455,0.11931023926571858,0.12023946431221048,0.14296627605569268
0.0,0.0,2.236544572170757,0.08911317681236791,0.7420997880062318,0.6003332407921455,0.6003332407921455,3.1455365202139998,0.6003332407921455,0.0,0.42,14.430869689661812,hard,0.12428046118526455,0.11931023926571858,0.12025580787327696,0.1430140122876067
0.0,0.0,8.081811465461515,0.08911545877804049,0.7498127463272447,0.6003332407921455,0.6003332407921455,3.1455365202139998,0.6003332407921455,0.0,0.13999999999999999,14.430869689661812,hard,0.12428046118526455,0.11931023926571858,0.12027219107706451,0.1430140122876067
0.0,0.0,4.482394253052557,0.08911545877804049,0.7589422690822972,0.6003332407921455,0.6003332407921455,3.1455365202139998,0.6003332407921455,0.0,0.0,14.430869689661812,hard,0.12428046118526455,0.11931023926571858,0.12027219107706451,0.1430140122876067
0.0,0.0,3.0992853525527972,0.08911545877804049,0.7644608875897151,0.6003332407921455,0.6003332407921455,3.1455365202139998,0.6003332407921455,0.0,0.0,14.430869689661812,hard,0.12428046118526455,0.11931023926571858,0.12027219107706451,0.1430140122876067
0.0,0.0,4.858735303330068,0.08911545877804049,0.7714619810221841,0.6003332407921455,0.6003332407921455,3.1455365202139998,0.6003332407921455,0.0,0.0,14.430869689661812,hard,0.12428046118526455,0.11931023926571858,0.12027219107706451,0.1430140122876067
0.0,0.0,4.255785425320602,0.08911545877804049,0.7802783607780233,0.6003332407921455,0.6003332407921455,3.14331035693264,0.6003332407921455,0.0,0.0,14.430869689661812,hard,0.12428046118526455,0.11931023926571858,0.12027219107706451,0.1430140122876067
0.0,0.0,1.9475295360921294,0.08911545877804049,0.7901457202735394,0.6003332407921455,0.6003332407921455,3.14331035693264,0.6003332407921455,0.0,0.0,14.430869689661812,hard,0.12428046118526455,0.11931023926571858,0.12027219107706451,0.1430140122876067
0.0,0.0,3.4719325644293213,0.08911545877804049,0.800019637553765,0.6003332407921455,0.6003332407921455,3.14331035693264,0.6003332407921455,0.0,0.0,14.430869689661812,hard,0.12428046118526455,0.11931023926571858,0.12027219107706451,0.1430140122876067
0.0,0.0,3.2062346392073438,0.08911545877804049,0.8090882592653219,0.6003332407921455,0.6003332407921455,3.14331035693264,0.6003332407921455,0.0,0.0,14.430869689661812,hard,0.12428046118526455,0.11931023926571858,0.12027219107706451,0.1430140122876067
0.0,0.0,2.4067480468305558,0.08911545877804049,0.8161967064787788,0.6003332407921455,0.6003332407921455,3.14331035693264,0.6003332407921455,0.0,0.0,14.430869689661812,hard,0.12428046118526455,0.11931023926571858,0.12027219107706451,0.1430140122876067
0.0,0.0,6.596115004085392,0.08911545877804049,0.8470034623813107,0.6003332407921455,0.6003332407921455,3.161265569356678,0.6003332407921455,0.0,0.0,14.430869689661812,hard,0.12428046118526455,0.11931023926571858,0.12027219107706451,0.1430140122876067
0.0,0.0,3.1511422413784906,0.08911545877804049,0.8531287654964356,0.6003332407921455,0.6003332407921455,3.161265569356678,0.6003332407921455,0.0,0.0,14.430869689661812,hard,0.12428046118526455,0.11931023926571858,0.12027219107706451,0.1430140122876067
0.0,0.0,2.684738783372527,0.08911545877804049,0.8564703145943742,0.6003332407921455,0.6003332407921455,3.161265569356678,0.6003332407921455,0.0,0.0,14.430869689661812,hard,0.12428046118526455,0.11931023926571858,0.12027219107706451,0.1430140122876067
0.0,0.0,13.06792047677905,0.08911545877804049,0.8255299416162828,0.6003332407921455,0.6003332407921455,3.298727027203069,0.6003332407921455,0.0,0.0,14.430869689661812,hard,0.12428046118526455,0.11931023926571858,0.12027219107706451,0.1430140122876067
0.0,0.0,11.538044094409933,0.08911545877804049,0.6812576753901833,0.6003332407921455,0.6003332407921455,3.458323293158117,0.6003332407921455,0.0,0.0,14.430869689661812,hard,0.12428046118526455,0.11931023926571858,0.12027219107706451,0.1430140122876067
0.0,0.0,4.658194417844536,0.08911545877804049,0.6864835864642981,0.6003332407921455,0.6003332407921455,3.469236227183153,0.6003332407921455,0.0,0.0,14.430869689661812,hard,0.12428046118526455,0.11931023926571858,0.12027219107706451,0.1430140122876067
0.0,0.0,4.904209164997339,0.08911545877804049,0.6859574009603948,0.6003332407921455,0.6003332407921455,3.474248120097354,0.6003332407921455,0.0,0.0,14.430869689661812,hard,0.12428046118526455,0.11931023926571858,0.12027219107706451,0.1430140122876067
0.0,0.0,2.94252480541949,0.08911545877804049,0.6923563388102811,0.6003332407921455,0.6003332407921455,3.474248120097354,0.6003332407921455,0.0,0.0,14.430869689661812,hard,0.12428046118526455,0.11931023926571858,0.12027219107706451,0.1430140122876067
0.0,0.0,3.0267216181301078,0.08911545877804049,0.7036584397237475,0.6003332407921455,0.6003332407921455,3.474248120097354,0.6003332407921455,0.0,0.0,14.430869689661812,hard,0.12428046118526455,0.11931023926571858,0.12027219107706451,0.1430140122876067
0.0,0.0,2.5010103338534315,0.08911545877804049,0.7181303949026467,0.6003332407921455,0.6003332407921455,3.474248120097354,0.6003332407921455,0.0,0.0,14.430869689661812,hard,0.12428046118526455,0.11931023926571858,0.12027219107706451,0.1430140122876067
0.0,0.0,4.0030081809441365,0.08911545877804049,0.7230165185763757,0.6003332407921455,0.6003332407921455,3.479137824231745,0.6003332407921455,0.0,0.0,14.430869689661812,hard,0.12428046118526455,0.11931023926571858,0.12027219107706451,0.1430140122876067
0.0,0.0,2.6942194655261003,0.08911545877804049,0.7285676811417133,0.6003332407921455,0.6003332407921455,3.479137824231745,0.6003332407921455,0.0,0.0,14.430869689661812,hard,0.12428046118526455,0.11931023926571858,0.12027219107706451,0.1430140122876067
0.0,0.0,2.45216799325615,0.08911545877804049,0.7347262732906183,0.6003332407921455,0.6003332407921455,3.479137824231745,0.6003332407921455,0.0,0.0,14.430869689661812,hard,0.12428046118526455,0.11931023926571858,0.12027219107706451,0.1430140122876067
0.0,0.0,5.181415807017171,0.08911545877804049,0.7544200778365421,0.6003332407921455,0.6003332407921455,3.488552708502482,0.6003332407921455,0.0,0.0,14.430869689661812,hard,0.12428046118526455,0.11931023926571858,0.12027219107706451,0.1430140122876067
0.0,0.0,1.583222183058472,0.08911545877804049,0.7592351722454345,0.6003332407921455,0.6003332407921455,3.488552708502482,0.6003332407921455,0.0,0.0,14.430869689661812,hard,0.12428046118526455,0.11931023926571858,0.12027219107706451,0.1430140122876067
0.0,0.0,1.5408149836693685,0.08911545877804049,0.7717461945623243,0.6003332407921455,0.6003332407921455,3.488552708502482,0.6003332407921455,0.0,0.0,14.430869689661812,hard,0.12428046118526455,0.11931023926571858,0.12027219107706451,0.1430140122876067
0.0,0.0,7.923989219692619,0.08911545877804049,0.7844001850597478,0.6003332407921455,0.6003332407921455,3.488552708502482,0.6003332407921455,0.0,0.0,14.430869689661812,hard,0.12428046118526455,0.11931023926571858,0.12027219107706451,0.1430140122876067
0.0,0.0,4.912508494558701,0.08911545877804049,0.7972880502232744,0.6003332407921455,0.6003332407921455,3.488552708502482,0.6003332407921455,0.0,0.0,14.430869689661812,hard,0.12428046118526455,0.11931023926571858,0.12027219107706451,0.1430140122876067
0.0,0.0,2.8286394853405072,0.08911545877804049,0.8079101629732222,0.6003332407921455,0.6003332407921455,3.488552708502482,0.6003332407921455,0.0,0.0,14.430869689661812,hard,0.12428046118526455,0.11931023926571858,0.12027219107706451,0.1430140122876067
0.0,0.0,6.101275610064074,0.08911545877804049,0.8274633430369137,0.6003332407921455,0.6003332407921455,3.4987997942151536,0.6003332407921455,0.0,0.0,14.430869689661812,hard,0.12428046118526455,0.11931023926571858,0.12027219107706451,0.1430140122876067
0.0,0.0,7.227855957379425,0.08911545877804049,0.8456671936464191,0.6003332407921455,0.6003332407921455,3.517328531712669,0.6003332407921455,0.0,0.0,14.430869689661812,hard,0.12428046118526455,0.11931023926571858,0.12027219107706451,0.1430140122876067
0.0,0.0,2.9225338787316084,0.08911545877804049,0.8490235910108842,0.6003332407921455,0.6003332407921455,3.517328531712669,0.6003332407921455,0.0,0.0,14.430869689661812,hard,0.12428046118526455,0.11931023926571858,0.12027219107706451,0.1430140122876067
0.0,0.0,3.4927209519391327,0.08911545877804049,0.856654640021296,0.6003332407921455,0.6003332407921455,3.517328531712669,0.6003332407921455,0.0,0.0,14.430869689661812,hard,0.12428046118526455,0.11931023926571858,0.12027219107706451,0.1430140122876067
0.0,0.0,12.76721585529101,0.08911545877804049,0.8031763333753102,0.6003332407921455,0.6003332407921455,3.7339523296367885,0.6003332407921455,0.0,0.0,14.430869689661812,hard,0.12428046118526455,0.11931023926571858,0.12027219107706451,0.1430140122876067
0.0,0.0,11.389239671162478,0.08911545877804049,0.6632869599187398,0.6003332407921455,0.6003332407921455,3.8327013971871065,0.6003332407921455,0.0,0.0,14.430869689661812,hard,0.12428046118526455,0.11931023926571858,0.12027219107706451,0.1430140122876067
0.0,0.0,2.359768555811085,0.08911545877804049,0.6673623868258349,0.6003332407921455,0.6003332407921455,3.8327013971871065,0.6003332407921455,0.0,0.0,14.430869689661812,hard,0.12428046118526455,0.11931023926571858,0.12027219107706451,0.1430140122876067
0.0,0.0,3.117820062046159,0.08911545877804049,0.6758331544985979,0.6003332407921455,0.6003332407921455,3.8327013971871065,0.6003332407921455,0.0,0.0,14.430869689661812,hard,0.12428046118526455,0.11931023926571858,0.12027219107706451,0.1430140122876067
0.0,0.0,5.916616258595126,0.08911545877804049,0.6959403024800401,0.6003332407921455,0.6003332407921455,3.8379161012195144,0.6003332407921455,0.0,0.0,14.430869689661812,hard,0.12428046118526455,0.11931023926571858,0.12027219107706451,0.1430140122876067
0.0,0.0,5.382078218170397,0.08911545877804049,0.708320636385868,0.6003332407921455,0.6003332407921455,3.8429676032982636,0.6003332407921455,0.0,0.0,14.430869689661812,hard,0.12428046118526455,0.11931023926571858,0.12027219107706451,0.1430140122876067
0.0,0.0,3.4389639427114593,0.08911545877804049,0.72154299281409,0.6003332407921455,0.6003332407921455,3.8429676032982636,0.6003332407921455,0.0,0.0,14.430869689661812,hard,0.12428046118526455,0.11931023926571858,0.12027219107706451,0.1430140122876067
0.0,0.0,3.7569230198819943,0.08911545877804049,0.7453625291860465,0.6003332407921455,0.6003332407921455,3.8531026459205573,0.6003332407921455,0.0,0.0,14.430869689661812,hard,0.12428046118526455,0.11931023926571858,0.12027219107706451,0.1430140122876067
0.0,0.0,4.238440827101545,0.08911545877804049,0.7526345557568105,0.6003332407921455,0.6003332407921455,3.8579269044397404,0.6003332407921455,0.0,0.0,14.430869689661812,hard,0.12428046118526455,0.11931023926571858,0.12027219107706451,0.1430140122876067
0.0,0.0,4.806009172452791,0.08911545877804049,0.7688063062750772,0.6003332407921455,0.6003332407921455,3.8678159211627436,0.6003332407921455,0.0,0.0,14.430869689661812,hard,0.12428046118526455,0.11931023926571858,0.12027219107706451,0.1430140122876067
0.0,0.0,3.6961734720197903,0.08911545877804049,0.779174602733732,0.6003332407921455,0.6003332407921455,3.872415266987775,0.6003332407921455,0.0,0.0,14.430869689661812,hard,0.12428046118526455,0.11931023926571858,0.12027219107706451,0.1430140122876067
0.0,0.0,2.049851284966638,0.08911545877804049,0.7852222683970048,0.6003332407921455,0.6003332407921455,3.872415266987775,0.6003332407921455,0.0,0.0,14.430869689661812,hard,0.12428046118526455,0.11931023926571858,0.12027219107706451,0.1430140122876067
0.0,0.0,1.6769650593638028,0.08911545877804049,0.7930632077468598,0.6003332407921455,0.6003332407921455,3.872415266987775,0.6003332407921455,0.0,0.0,14.430869689661812,hard,0.12428046118526455,0.11931023926571858,0.12027219107706451,0.1430140122876067
0.0,0.0,4.155438576702385,0.08911545877804049,0.8092267181266164,0.6003332407921455,0.6003332407921455,3.8820613081196953,0.6003332407921455,0.0,0.0,14.430869689661812,hard,0.12428046118526455,0.11931023926571858,0.12027219107706451,0.1430140122876067
0.0,0.0,1.993291241493472,0.08911545877804049,0.8191520245075852,0.6003332407921455,0.6003332407921455,3.8820613081196953,0.6003332407921455,0.0,0.0,14.430869689661812,hard,0.12428046118526455,0.11931023926571858,0.12027219107706451,0.1430140122876067
0.0,0.0,1.774095078211066,0.08911545877804049,0.8292976099378987,0.6003332407921455,0.6003332407921455,3.8820613081196953,0.6003332407921455,0.0,0.0,14.430869689661812,hard,0.12428046118526455,0.11931023926571858,0.12027219107706451,0.1430140122876067
0.0,0.0,1.5706928943964504,0.08911545877804049,0.8373376122949523,0.6003332407921455,0.6003332407921455,3.8820613081196953,0.6003332407921455,0.0,0.0,14.430869689661812,hard,0.12428046118526455,0.11931023926571858,0.12027219107706451,0.1430140122876067
0.0,0.0,2.197615452633104,0.08911545877804049,0.8471453810712005,0.6003332407921455,0.6003332407921455,3.8820613081196953,0.6003332407921455,0.0,0.0,14.430869689661812,hard,0.12428046118526455,0.11931023926571858,0.12027219107706451,0.1430140122876067
0.0,0.0,8.517929843439829,0.08911545877804049,0.8558170374398902,0.6003332407921455,0.6003332407921455,3.8820613081196953,0.6003332407921455,0.0,0.0,14.430869689661812,hard,0.12428046118526455,0.11931023926571858,0.12027219107706451,0.1430140122876067
0.0,0.0,5.046174411866188,0.08911545877804049,0.8655736663770577,0.6003332407921455,0.6003332407921455,3.8820613081196953,0.6003332407921455,0.0,0.0,14.430869689661812,hard,0.12428046118526455,0.11931023926571858,0.12027219107706451,0.1430140122876067
0.0,0.0,13.243165756207036,0.08911545877804049,0.8363107255060346,0.6003332407921455,0.6003332407921455,4.002449250146715,0.6003332407921455,0.0,0.0,14.430869689661812,hard,0.12428046118526455,0.11931023926571858,0.12027219107706451,0.1430140122876067
0.0,0.0,13.075214739025746,0.08911545877804049,0.6778044991473741,0.6003332407921455,0.6003332407921455,4.1838260002060315,0.6003332407921455,0.0,0.0,14.430869689661812,hard,0.12428046118526455,0.11931023926571858,0.12027219107706451,0.1430140122876067
0.0,0.0,5.808969442727591,0.08911545877804049,0.6802900944800658,0.6003332407921455,0.6003332407921455,4.1838260002060315,0.6003332407921455,0.0,0.0,14.430869689661812,hard,0.12428046118526455,0.11931023926571858,0.12027219107706451,0.1430140122876067
0.0,0.0,4.368743787885581,0.08911545877804049,0.6910899680415878,0.6003332407921455,0.6003332407921455,4.18931975385026,0.6003332407921455,0.0,0.0,14.430869689661812,hard,0.12428046118526455,0.11931023926571858,0.12027219107706451,0.1430140122876067
0.0,0.0,5.201062137599199,0.08911545877804049,0.7004670505849394,0.6003332407921455,0.6003332407921455,4.199476157808257,0.6003332407921455,0.0,0.0,14.430869689661812,hard,0.12428046118526455,0.11931023926571858,0.12027219107706451,0.1430140122876067
0.0,0.0,4.823296914952521,0.08911545877804049,0.7142282987327672,0.6003332407921455,0.6003332407921455,4.209513035969837,0.6003332407921455,0.0,0.0,14.430869689661812,hard,0.12428046118526455,0.11931023926571858,0.12027219107706451,0.1430140122876067
0.0,0.0,5.902161031373705,0.08911545877804049,0.7330243464946905,0.6003332407921455,0.6003332407921455,4.214688600596728,0.6003332407921455,0.0,0.0,14.430869689661812,hard,0.12428046118526455,0.11931023926571858,0.12027219107706451,0.1430140122876067
0.0,0.0,3.369196855970624,0.08911545877804049,0.7469845990513289,0.6003332407921455,0.6003332407921455,4.214688600596728,0.6003332407921455,0.0,0.0,14.430869689661812,hard,0.12428046118526455,0.11931023926571858,0.12027219107706451,0.1430140122876067
0.0,0.0,3.4409711838618673,0.08911545877804049,0.7619236785395989,0.6003332407921455,0.6003332407921455,4.214688600596728,0.6003332407921455,0.0,0.0,14.430869689661812,hard,0.12428046118526455,0.11931023926571858,0.12027219107706451,0.1430140122876067
0.0,0.0,2.2717220474483897,0.08911545877804049,0.7706566559367892,0.6003332407921455,0.6003332407921455,4.214688600596728,0.6003332407921455,0.0,0.0,14.430869689661812,hard,0.12428046118526455,0.11931023926571858,0.12027219107706451,0.1430140122876067
0.0,0.0,3.7356923214801037,0.08911545877804049,0.7761859701382384,0.6003332407921455,0.6003332407921455,4.214688600596728,0.6003332407921455,0.0,0.0,14.430869689661812,hard,0.12428046118526455,0.11931023926571858,0.12027219107706451,0.1430140122876067
0.0,0.0,2.534652582964582,0.08911545877804049,0.7828201959881828,0.6003332407921455,0.6003332407921455,4.214688600596728,0.6003332407921455,0.0,0.0,14.430869689661812,hard,0.12428046118526455,0.11931023926571858,0.12027219107706451,0.1430140122876067
0.0,0.0,2.510649725057113,0.08911545877804049,0.7886664640766538,0.6003332407921455,0.6003332407921455,4.214688600596728,0.6003332407921455,0.0,0.0,14.430869689661812,hard,0.12428046118526455,0.11931023926571858,0.12027219107706451,0.1430140122876067
0.0,0.0,2.1211080217255502,0.08911545877804049,0.793601378215473,0.6003332407921455,0.6003332407921455,4.214688600596728,0.6003332407921455,0.0,0.0,14.430869689661812,hard,0.12428046118526455,0.11931023926571858,0.12027219107706451,0.1430140122876067
0.0,0.0,1.80376181255233,0.08911545877804049,0.8042817762710123,0.6003332407921455,0.6003332407921455,4.214688600596728,0.6003332407921455,0.0,0.0,14.430869689661812,hard,0.12428046118526455,0.11931023926571858,0.12027219107706451,0.1430140122876067
0.0,0.0,1.8147754371867617,0.08911545877804049,0.8163071573596877,0.6003332407921455,0.6003332407921455,4.214688600596728,0.6003332407921455,0.0,0.0,14.430869689661812,hard,0.12428046118526455,0.11931023926571858,0.12027219107706451,0.1430140122876067
0.0,0.0,1.9097185017668918,0.08911545877804049,0.82503613991589,0.6003332407921455,0.6003332407921455,4.214688600596728,0.6003332407921455,0.0,0.0,14.430869689661812,hard,0.12428046118526455,0.11931023926571858,0.12027219107706451,0.1430140122876067
0.0,0.0,4.308388403263433,0.08911545877804049,0.8351023015869878,0.6003332407921455,0.6003332407921455,4.2197630265217505,0.6003332407921455,0.0,0.0,14.430869689661812,hard,0.12428046118526455,0.11931023926571858,0.12027219107706451,0.1430140122876067
0.0,0.0,2.4877698853347705,0.08911545877804049,0.8356328363288181,0.6003332407921455,0.6003332407921455,4.2197630265217505,0.6003332407921455,0.0,0.0,14.430869689661812,hard,0.12428046118526455,0.11931023926571858,0.12027219107706451,0.1430140122876067
0.0,0.0,3.809274245537084,0.08911545877804049,0.8391725776936616,0.6003332407921455,0.6003332407921455,4.229468051658507,0.6003332407921455,0.0,0.0,14.430869689661812,hard,0.12428046118526455,0.11931023926571858,0.12027219107706451,0.1430140122876067
0.0,0.0,12.184500745871253,0.08911545877804049,0.8213472742965385,0.6003332407921455,0.6003332407921455,4.355640021856719,0.6003332407921455,0.0,0.0,14.430869689661812,hard,0.12428046118526455,0.11931023926571858,0.12027219107706451,0.1430140122876067
0.0,0.0,11.855318630224708,0.08911545877804049,0.6561759327948508,0.6003332407921455,0.6003332407921455,4.534357727396461,0.6003332407921455,0.0,0.0,14.430869689661812,hard,0.12428046118526455,0.11931023926571858,0.12027219107706451,0.1430140122876067
0.0,0.0,5.404882338611541,0.08911545877804049,0.669340689072662,0.6003332407921455,0.6003332407921455,4.5549533477303585,0.6003332407921455,0.0,0.0,14.430869689661812,hard,0.12428046118526455,0.11931023926571858,0.12027219107706451,0.1430140122876067
0.0,0.0,7.680929476752876,0.08911545877804049,0.6711087917231274,0.6003332407921455,0.6003332407921455,4.5549533477303585,0.6003332407921455,0.0,0.0,14.430869689661812,hard,0.12428046118526455,0.11931023926571858,0.12027219107706451,0.1430140122876067
0.0,0.0,6.497241578820628,0.08911545877804049,0.686832496886725,0.6003332407921455,0.6003332407921455,4.560701700396552,0.6003332407921455,0.0,0.0,14.430869689661812,hard,0.12428046118526455,0.11931023926571858,0.12027219107706451,0.1430140122876067
0.0,0.0,3.1592884783475945,0.08911545877804049,0.6959069835357397,0.6003332407921455,0.6003332407921455,4.560701700396552,0.6003332407921455,0.0,0.0,14.430869689661812,hard,0.12428046118526455,0.11931023926571858,0.12027219107706451,0.1430140122876067
0.0,0.0,4.808419414585017,0.08911545877804049,0.7121855878909072,0.6003332407921455,0.6003332407921455,4.560701700396552,0.6003332407921455,0.0,0.0,14.430869689661812,hard,0.12428046118526455,0.11931023926571858,0.12027219107706451,0.1430140122876067
0.0,0.0,5.851078124048953,0.08911545877804049,0.7260596112363983,0.6003332407921455,0.6003332407921455,4.560701700396552,0.6003332407921455,0.0,0.0,14.430869689661812,hard,0.12428046118526455,0.11931023926571858,0.12027219107706451,0.1430140122876067
0.0,0.0,3.0947675219014474,0.08911545877804049,0.7410410224152285,0.6003332407921455,0.6003332407921455,4.560701700396552,0.6003332407921455,0.0,0.0,14.430869689661812,hard,0.12428046118526455,0.11931023926571858,0.12027219107706451,0.1430140122876067
0.0,0.0,5.038126726298495,0.08911545877804049,0.7720357856619752,0.6003332407921455,0.6003332407921455,4.557587080901472,0.6003332407921455,0.0,0.0,14.430869689661812,hard,0.12428046118526455,0.11931023926571858,0.12027219107706451,0.1430140122876067
0.0,0.0,3.1089447535033004,0.08911545877804049,0.7817690216185261,0.6003332407921455,0.6003332407921455,4.557587080901472,0.6003332407921455,0.0,0.0,14.430869689661812,hard,0.12428046118526455,0.11931023926571858,0.12027219107706451,0.1430140122876067
0.0,0.0,2.6441024470265897,0.08911545877804049,0.7939624796241861,0.6003332407921455,0.6003332407921455,4.557587080901472,0.6003332407921455,0.0,0.0,14.430869689661812,hard,0.12428046118526455,0.11931023926571858,0.12027219107706451,0.1430140122876067
0.0,0.0,3.6338750388416585,0.08911545877804049,0.8103572591683728,0.6003332407921455,0.6003332407921455,4.567537629839517,0.6003332407921455,0.0,0.0,14.430869689661812,hard,0.12428046118526455,0.11931023926571858,0.12027219107706451,0.1430140122876067
0.0,0.0,2.841050674982122,0.08911545877804049,0.8178975099866438,0.6003332407921455,0.6003332407921455,4.567537629839517,0.6003332407921455,0.0,0.0,14.430869689661812,hard,0.12428046118526455,0.11931023926571858,0.12027219107706451,0.1430140122876067
0.0,0.0,1.5200687462262912,0.08911545877804049,0.8241568319325738,0.6003332407921455,0.6003332407921455,4.567537629839517,0.6003332407921455,0.0,0.0,14.430869689661812,hard,0.12428046118526455,0.11931023926571858,0.12027219107706451,0.1430140122876067
0.0,0.0,3.122377500714767,0.08911545877804049,0.8248633081042062,0.6003332407921455,0.6003332407921455,4.567537629839517,0.6003332407921455,0.0,0.0,14.430869689661812,hard,0.12428046118526455,0.11931023926571858,0.12027219107706451,0.1430140122876067
0.0,0.0,2.437504146716833,0.08911545877804049,0.8279205699606522,0.6003332407921455,0.6003332407921455,4.567537629839517,0.6003332407921455,0.0,0.0,14.430869689661812,hard,0.12428046118526455,0.11931023926571858,0.12027219107706451,0.1430140122876067
0.0,0.0,6.808509116056715,0.08911545877804049,0.8459498009091216,0.6003332407921455,0.6003332407921455,4.588027898781785,0.6003332407921455,0.0,0.0,14.430869689661812,hard,0.12428046118526455,0.11931023926571858,0.12027219107706451,0.1430140122876067
0.0,0.0,2.203340178066961,0.08911545877804049,0.8473979291573651,0.6003332407921455,0.6003332407921455,4.588027898781785,0.6003332407921455,0.0,0.0,14.430869689661812,hard,0.12428046118526455,0.11931023926571858,0.12027219107706451,0.1430140122876067
0.0,0.0,3.756579956773343,0.08911545877804049,0.8668372090811108,0.6003332407921455,0.6003332407921455,4.5975645726841075,0.6003332407921455,0.0,0.0,14.430869689661812,hard,0.12428046118526455,0.11931023926571858,0.12027219107706451,0.1430140122876067
0.0,0.0,12.402132285561974,0.08911545877804049,0.8550693944224591,0.6003332407921455,0.6003332407921455,4.76,0.6003332407921455,0.0,0.0,14.430869689661812,hard,0.12428046118526455,0.11931023926571858,0.12027219107706451,0.1430140122876067
0.0,0.0,11.112397472301131,0.08911545877804049,0.6747645528865824,0.6003332407921455,0.6003332407921455,4.919186924685826,0.6003332407921455,0.0,0.0,14.430869689661812,hard,0.12428046118526455,0.11931023926571858,0.12027219107706451,0.1430140122876067
0.0,0.0,4.943992288499604,0.08911545877804049,0.672137765002432,0.6003332407921455,0.6003332407921455,4.9291378556498096,0.6003332407921455,0.0,0.0,14.430869689661812,hard,0.12428046118526455,0.11931023926571858,0.12027219107706451,0.1430140122876067
0.0,0.0,2.8017824826256845,0.08911545877804049,0.6799458567428995,0.6003332407921455,0.6003332407921455,4.9291378556498096,0.6003332407921455,0.0,0.0,14.430869689661812,hard,0.12428046118526455,0.11931023926571858,0.12027219107706451,0.1430140122876067
0.0,0.0,4.312873130099654,0.08911545877804049,0.7005462125575544,0.6003332407921455,0.6003332407921455,4.938987750541603,0.6003332407921455,0.0,0.0,14.430869689661812,hard,0.12428046118526455,0.11931023926571858,0.12027219107706451,0.1430140122876067
0.0,0.0,2.5114362964568384,0.08911545877804049,0.710416413562155,0.6003332407921455,0.6003332407921455,4.938987750541603,0.6003332407921455,0.0,0.0,14.430869689661812,hard,0.12428046118526455,0.11931023926571858,0.12027219107706451,0.1430140122876067
0.0,0.0,5.092853035817488,0.08911545877804049,0.7364181529557335,0.6003332407921455,0.6003332407921455,4.942226219023164,0.6003332407921455,0.0,0.0,14.430869689661812,hard,0.12428046118526455,0.11931023926571858,0.12027219107706451,0.1430140122876067
0.0,0.0,2.404911255048626,0.08911545877804049,0.7487593424921671,0.6003332407921455,0.6003332407921455,4.942226219023164,0.6003332407921455,0.0,0.0,14.430869689661812,hard,0.12428046118526455,0.11931023926571858,0.12027219107706451,0.1430140122876067
0.0,0.0,7.805499834389343,0.08911545877804049,0.7704072433529943,0.6003332407921455,0.6003332407921455,4.9477671731802415,0.6003332407921455,0.0,0.0,14.430869689661812,hard,0.12428046118526455,0.11931023926571858,0.12027219107706451,0.1430140122876067
0.0,0.0,5.027430216993926,0.08911545877804049,0.7878252370344134,0.6003332407921455,0.6003332407921455,4.9477671731802415,0.6003332407921455,0.0,0.0,14.430869689661812,hard,0.12428046118526455,0.11931023926571858,0.12027219107706451,0.1430140122876067
0.0,0.0,3.62758719804689,0.08911545877804049,0.8061135108072424,0.6003332407921455,0.6003332407921455,4.9477671731802415,0.6003332407921455,0.0,0.0,14.430869689661812,hard,0.12428046118526455,0.11931023926571858,0.12027219107706451,0.1430140122876067
0.0,0.0,5.7681218437671475,0.08911545877804049,0.8264518867002711,0.6003332407921455,0.6003332407921455,4.957257306212782,0.6003332407921455,0.0,0.0,14.430869689661812,hard,0.12428046118526455,0.11931023926571858,0.12027219107706451,0.1430140122876067
0.0,0.0,5.668754250658893,0.08911545877804049,0.8317489920979347,0.6003332407921455,0.6003332407921455,4.957257306212782,0.6003332407921455,0.0,0.0,14.430869689661812,hard,0.12428046118526455,0.11931023926571858,0.12027219107706451,0.1430140122876067
0.0,0.0,2.425210278606847,0.08911545877804049,0.8350091159742815,0.6003332407921455,0.6003332407921455,4.957257306212782,0.6003332407921455,0.0,0.0,14.430869689661812,hard,0.12428046118526455,0.11931023926571858,0.12027219107706451,0.1430140122876067
0.0,0.0,3.5143801653742153,0.08911545877804049,0.8394151540318429,0.6003332407921455,0.6003332407921455,4.957257306212782,0.6003332407921455,0.0,0.0,14.430869689661812,hard,0.12428046118526455,0.11931023926571858,0.12027219107706451,0.1430140122876067
0.0,0.0,2.6983532931848284,0.08911545877804049,0.8415020328780959,0.6003332407921455,0.6003332407921455,4.957257306212782,0.6003332407921455,0.0,0.0,14.430869689661812,hard,0.12428046118526455,0.11931023926571858,0.12027219107706451,0.1430140122876067
0.0,0.0,2.566820699774801,0.08911545877804049,0.8479940383121188,0.6003332407921455,0.6003332407921455,4.957257306212782,0.6003332407921455,0.0,0.0,14.430869689661812,hard,0.12428046118526455,0.11931023926571858,0.12027219107706451,0.1430140122876067
0.0,0.0,1.3319509360171318,0.08911545877804049,0.8591328138149242,0.6003332407921455,0.6003332407921455,4.957257306212782,0.6003332407921455,0.0,0.0,14.430869689661812,hard,0.12428046118526455,0.11931023926571858,0.12027219107706451,0.1430140122876067
0.0,0.0,2.2618570174580426,0.08911545877804049,0.868296530467803,0.6003332407921455,0.6003332407921455,4.957257306212782,0.6003332407921455,0.0,0.0,14.430869689661812,hard,0.12428046118526455,0.11931023926571858,0.12027219107706451,0.1430140122876067
0.0,0.0,1.8042889665704354,0.08911545877804049,0.8738203166709616,0.6003332407921455,0.6003332407921455,4.957257306212782,0.6003332407921455,0.0,0.0,14.430869689661812,hard,0.12428046118526455,0.11931023926571858,0.12027219107706451,0.1430140122876067
0.0,0.0,41.69120695197083,0.08911545877804049,0.8539891909293278,0.6003332407921455,0.6003332407921455,5.115505840090499,0.6003332407921455,0.0,0.0,14.430869689661812,hard,0.12428046118526455,0.11931023926571858,0.12027219107706451,0.1430140122876067
